Keyword,Volume,CPC,Word count,PPC Competition,Trending
"=""bệnh viện bạch mai""","=""301000""","=""0.21""","=""4""","=""Low""","=""false"""
"=""bệnh viện việt đức""","=""201000""","=""0.3""","=""4""","=""Low""","=""false"""
"=""bệnh viện""","=""135000""","=""0.95""","=""2""","=""Low""","=""true"""
"=""bệnh viên""","=""135000""","=""0.95""","=""2""","=""Low""","=""true"""
"=""bệnh viện đại học y dược tp hcm""","=""135000""","=""0.26""","=""8""","=""Low""","=""false"""
"=""bệnh viện đại học y hà nội""","=""110000""","=""0.26""","=""7""","=""Low""","=""true"""
"=""bệnh viện mắt trung ương""","=""90500""","=""1.24""","=""5""","=""Low""","=""true"""
"=""bệnh viện thống nhất""","=""74000""","=""0.28""","=""4""","=""Low""","=""false"""
"=""benh vien tam anh""","=""60500""","=""0.12""","=""4""","=""Low""","=""false"""
"=""bệnh viện e""","=""60500""","=""0.39""","=""3""","=""Low""","=""false"""
"=""benh vien tâm anh""","=""60500""","=""0.12""","=""4""","=""Low""","=""false"""
"=""bệnh viện thanh nhàn""","=""60500""","=""0.36""","=""4""","=""Low""","=""true"""
"=""bệnh viện đại học y dược""","=""49500""","=""0.26""","=""6""","=""Low""","=""false"""
"=""bệnh viện hùng vương""","=""49500""","=""0.38""","=""4""","=""Low""","=""false"""
"=""bệnh viện hoà hảo""","=""49500""","=""0.19""","=""4""","=""Low""","=""false"""
"=""benh vien nhan dan gia dinh""","=""49500""","=""0.3""","=""6""","=""Low""","=""false"""
"=""bệnh viện nhân dân gia định""","=""49500""","=""0.3""","=""6""","=""Low""","=""false"""
"=""bệnh viện 108""","=""49500""","=""0.05""","=""3""","=""Low""","=""false"""
"=""bệnh viện gần đây""","=""33100""","=""0.38""","=""4""","=""Low""","=""false"""
"=""bệnh viện 19 8 bộ công an""","=""33100""","=""0""","=""7""","=""Low""","=""false"""
"=""bệnh viện giao thông vận tải""","=""33100""","=""0""","=""6""","=""Low""","=""false"""
"=""bệnh viện k""","=""33100""","=""0.4""","=""3""","=""Low""","=""true"""
"=""bệnh viện nguyễn tri phương""","=""33100""","=""0.33""","=""5""","=""Low""","=""false"""
"=""bệnh viện nhiệt đới""","=""27100""","=""0.14""","=""4""","=""Low""","=""true"""
"=""bệnh viện trung ương huế""","=""27100""","=""0""","=""5""","=""Low""","=""false"""
"=""bệnh viện mắt""","=""27100""","=""0.95""","=""3""","=""Low""","=""false"""
"=""benh vien an binh""","=""22200""","=""0.85""","=""4""","=""Low""","=""false"""
"=""bệnh viện quân y 4""","=""22200""","=""0""","=""5""","=""Low""","=""false"""
"=""bệnh viện an bình""","=""22200""","=""0.85""","=""4""","=""Low""","=""false"""
"=""bệnh viện trưng vương""","=""22200""","=""0.25""","=""4""","=""Low""","=""false"""
"=""bệnh viện bà rịa""","=""22200""","=""0.35""","=""4""","=""Low""","=""false"""
"=""bệnh viện y học cổ truyền""","=""18100""","=""0.19""","=""6""","=""Low""","=""false"""
"=""bệnh viện gia định""","=""18100""","=""0.15""","=""4""","=""Low""","=""false"""
"=""bệnh viện y học cổ truyền trung ương""","=""18100""","=""0.12""","=""8""","=""Low""","=""false"""
"=""benh vien 1a""","=""18100""","=""0.64""","=""3""","=""Low""","=""false"""
"=""benh vien gia dinh""","=""18100""","=""0.15""","=""4""","=""Low""","=""false"""
"=""bệnh viện triều an""","=""18100""","=""0.39""","=""4""","=""Low""","=""false"""
"=""bệnh viện bình thạnh""","=""18100""","=""0.35""","=""4""","=""Low""","=""false"""
"=""bệnh viện sản nhi nghệ an""","=""18100""","=""0""","=""6""","=""Low""","=""false"""
"=""bệnh viện a""","=""14800""","=""0""","=""3""","=""Low""","=""false"""
"=""bệnh viện hoàn mỹ cửu long""","=""14800""","=""0.41""","=""6""","=""Low""","=""false"""
"=""bệnh viện gò vấp""","=""14800""","=""0.33""","=""4""","=""Low""","=""false"""
"=""bệnh viện trung ương thái nguyên""","=""14800""","=""0""","=""6""","=""Low""","=""false"""
"=""bệnh viện trung uong thái nguyên""","=""14800""","=""0""","=""6""","=""Low""","=""false"""
"=""bệnh viện lão khoa trung ương""","=""14800""","=""0.05""","=""6""","=""Low""","=""false"""
"=""bệnh viện 512 giường""","=""14800""","=""0.11""","=""4""","=""Low""","=""true"""
"=""bệnh viện phương nam""","=""12100""","=""0.28""","=""4""","=""Low""","=""false"""
"=""bệnh viện quân y 7a""","=""12100""","=""0""","=""5""","=""Low""","=""false"""
"=""bệnh viện tâm thần trung ương 1""","=""12100""","=""0.55""","=""7""","=""Low""","=""false"""
"=""bệnh viện xuyên á""","=""12100""","=""0.26""","=""4""","=""Low""","=""true"""
"=""bệnh viện hoàn mỹ đà nẵng""","=""12100""","=""0.14""","=""6""","=""Low""","=""false"""
"=""bệnh viện hoàn mỹ bình dương""","=""12100""","=""0.22""","=""6""","=""Low""","=""false"""
"=""bệnh viện ung bướu nghệ an""","=""12100""","=""0""","=""6""","=""Low""","=""false"""
"=""bệnh viện bãi cháy""","=""12100""","=""0""","=""4""","=""Low""","=""false"""
"=""bệnh viện mắt điện biên phủ""","=""9900""","=""0.66""","=""6""","=""Low""","=""false"""
"=""benh vien thu cuc""","=""9900""","=""0.82""","=""4""","=""Medium""","=""false"""
"=""bệnh viện gần nhất""","=""9900""","=""0.29""","=""4""","=""Low""","=""false"""
"=""bệnh viện đại học y""","=""9900""","=""0.37""","=""5""","=""Low""","=""false"""
"=""bệnh viện bắc thăng long""","=""9900""","=""0""","=""5""","=""Low""","=""false"""
"=""bệnh viện y học cổ truyền bộ công an""","=""9900""","=""0""","=""9""","=""Low""","=""false"""
"=""bệnh viện nguyễn đình chiểu bến tre""","=""9900""","=""0.33""","=""7""","=""Low""","=""false"""
"=""bệnh viện thú y""","=""9900""","=""0.7""","=""4""","=""Low""","=""false"""
"=""bệnh viện sản nhi quảng ninh""","=""9900""","=""0""","=""6""","=""Low""","=""false"""
"=""bệnh viện đặng văn ngữ""","=""8100""","=""0.24""","=""5""","=""Low""","=""true"""
"=""bệnh viện 199 bộ công an""","=""8100""","=""0""","=""6""","=""Low""","=""false"""
"=""bệnh viện quân dân y miền đông""","=""8100""","=""0""","=""7""","=""Low""","=""false"""
"=""bệnh viện quân y 120""","=""8100""","=""0""","=""5""","=""Low""","=""false"""
"=""bệnh viện quân y 121""","=""8100""","=""0""","=""5""","=""Low""","=""true"""
"=""bệnh viện quân y 7b""","=""8100""","=""0""","=""5""","=""Low""","=""false"""
"=""bệnh viện quốc tế phương châu""","=""8100""","=""0.16""","=""6""","=""Low""","=""false"""
"=""bệnh viện đa khoa hồng hưng""","=""8100""","=""0""","=""6""","=""Low""","=""false"""
"=""bệnh viện sis cần thơ""","=""8100""","=""0""","=""5""","=""Low""","=""false"""
"=""bệnh viện mắt ánh sáng""","=""8100""","=""0.61""","=""5""","=""Low""","=""false"""
"=""bệnh viện hữu nghị việt đức""","=""8100""","=""0.26""","=""6""","=""Low""","=""false"""
"=""bệnh viện 600 giường đà nẵng""","=""8100""","=""0""","=""6""","=""Low""","=""false"""
"=""bệnh viện phụ sản""","=""6600""","=""0.83""","=""4""","=""Low""","=""false"""
"=""bệnh viện thẩm mỹ kangnam hàn quốc""","=""6600""","=""1.18""","=""7""","=""Low""","=""false"""
"=""bệnh viện c""","=""6600""","=""0""","=""3""","=""Low""","=""false"""
"=""bệnh viện đa khoa số 10""","=""6600""","=""0""","=""6""","=""Low""","=""false"""
"=""bệnh viện c đà nẵng""","=""6600""","=""0""","=""5""","=""Low""","=""true"""
"=""bệnh viện chấn thương chỉnh hình cơ sở 2""","=""6600""","=""0.41""","=""9""","=""Low""","=""true"""
"=""bệnh viện hạnh phúc""","=""6600""","=""0.27""","=""4""","=""Low""","=""false"""
"=""bệnh viện kiến an""","=""6600""","=""0""","=""4""","=""Low""","=""false"""
"=""bệnh viện vũng tàu""","=""6600""","=""0""","=""4""","=""Low""","=""false"""
"=""bệnh viện lãnh binh thăng""","=""6600""","=""0.4""","=""5""","=""Low""","=""false"""
"=""benh vien da lieu""","=""5400""","=""0.2""","=""4""","=""Low""","=""false"""
"=""bệnh viện sản nhi""","=""5400""","=""0.55""","=""4""","=""Low""","=""false"""
"=""benh vien becamex""","=""5400""","=""0.39""","=""3""","=""Low""","=""true"""
"=""bệnh viện 22 12""","=""5400""","=""0.96""","=""4""","=""Low""","=""false"""
"=""bệnh viện quân y 87""","=""5400""","=""0""","=""5""","=""Low""","=""false"""
"=""bệnh viện quốc tế minh anh""","=""5400""","=""0.65""","=""6""","=""Low""","=""false"""
"=""bệnh viện tuệ tĩnh""","=""5400""","=""0""","=""4""","=""Low""","=""true"""
"=""bệnh viện tâm trí""","=""5400""","=""0.16""","=""4""","=""Low""","=""false"""
"=""bệnh viện becamex""","=""5400""","=""0.39""","=""3""","=""Low""","=""true"""
"=""bệnh viện củ chi""","=""5400""","=""0.17""","=""4""","=""Low""","=""false"""
"=""bệnh viện hà thành""","=""5400""","=""0.09""","=""4""","=""Low""","=""true"""
"=""bệnh viện hoàn mỹ sài gòn""","=""5400""","=""0.24""","=""6""","=""Low""","=""false"""
"=""bệnh viện hoàn hảo""","=""5400""","=""0.28""","=""4""","=""Low""","=""true"""
"=""bệnh viện mỹ đức phú nhuận""","=""5400""","=""0""","=""6""","=""Low""","=""false"""
"=""bệnh viện nông nghiệp""","=""5400""","=""0""","=""4""","=""Low""","=""true"""
"=""bệnh viện quốc oai""","=""5400""","=""0""","=""4""","=""Low""","=""true"""
"=""bệnh viện tnh việt yên""","=""5400""","=""0.25""","=""5""","=""Low""","=""false"""
"=""bệnh viện 108 hà nội""","=""5400""","=""0.05""","=""5""","=""Low""","=""false"""
"=""benh vien""","=""4400""","=""1.11""","=""2""","=""Low""","=""false"""
"=""bệnh viện phổi""","=""4400""","=""0""","=""3""","=""Low""","=""false"""
"=""bệnh viện mekong""","=""4400""","=""0.34""","=""3""","=""Low""","=""false"""
"=""bệnh viện mê kông""","=""4400""","=""0.34""","=""4""","=""Low""","=""false"""
"=""bệnh viện hữu nghị""","=""4400""","=""0""","=""4""","=""Low""","=""false"""
"=""bệnh viện 512""","=""4400""","=""0.19""","=""3""","=""Low""","=""false"""
"=""benh vien shingmark""","=""4400""","=""0.42""","=""3""","=""Low""","=""false"""
"=""bệnh viện quân y""","=""4400""","=""0""","=""4""","=""Low""","=""false"""
"=""bệnh viện quân y 7""","=""4400""","=""0""","=""5""","=""Low""","=""false"""
"=""bệnh viện long khánh""","=""4400""","=""0.07""","=""4""","=""Low""","=""true"""
"=""bệnh viện near me""","=""4400""","=""0""","=""4""","=""Medium""","=""false"""
"=""bệnh viện quận 1""","=""4400""","=""0.26""","=""4""","=""Low""","=""false"""
"=""bệnh viện shing mark""","=""4400""","=""0.42""","=""4""","=""Low""","=""false"""
"=""bệnh viện thẩm mỹ nam an""","=""4400""","=""0.43""","=""6""","=""Low""","=""false"""
"=""bệnh viện 512 giường bình dương""","=""4400""","=""0.19""","=""6""","=""Low""","=""false"""
"=""bệnh viện thuận mỹ tdm""","=""4400""","=""0.29""","=""5""","=""Low""","=""false"""
"=""bệnh viện lê văn việt""","=""3600""","=""0.36""","=""5""","=""Low""","=""true"""
"=""benh vien quoc te""","=""3600""","=""0.5""","=""4""","=""Low""","=""false"""
"=""benh vien tim""","=""3600""","=""0.45""","=""3""","=""Low""","=""true"""
"=""bệnh viện quân đoàn 4""","=""3600""","=""0""","=""5""","=""Low""","=""true"""
"=""bệnh viện thánh tâm""","=""3600""","=""0.14""","=""4""","=""Low""","=""false"""
"=""bệnh viện tỉnh""","=""3600""","=""0.78""","=""3""","=""Low""","=""true"""
"=""bệnh viện đa khoa hòa bình""","=""3600""","=""0""","=""6""","=""Low""","=""false"""
"=""bệnh viện hoàn mỹ cần thơ""","=""3600""","=""0.44""","=""6""","=""Low""","=""false"""
"=""bệnh viện sis""","=""3600""","=""0""","=""3""","=""Low""","=""false"""
"=""bệnh viện xuyên á củ chi""","=""3600""","=""0.22""","=""6""","=""Low""","=""false"""
"=""bệnh viện 700 giường ninh bình""","=""3600""","=""0""","=""6""","=""Low""","=""true"""
"=""benh vien 199""","=""2900""","=""0""","=""3""","=""Low""","=""false"""
"=""bệnh viện ba lan""","=""2900""","=""0""","=""4""","=""Low""","=""false"""
"=""bệnh viện than khoáng sản""","=""2900""","=""0""","=""5""","=""Low""","=""false"""
"=""bệnh viện đa khoa chữ thập xanh""","=""2900""","=""0""","=""7""","=""Low""","=""false"""
"=""bệnh viện đại học y tân tạo""","=""2900""","=""0""","=""7""","=""Low""","=""true"""
"=""bệnh viện gang thép""","=""2900""","=""0""","=""4""","=""Low""","=""false"""
"=""bệnh viện jw hàn quốc""","=""2900""","=""0.33""","=""5""","=""Low""","=""true"""
"=""bệnh viện ký sinh trùng quy nhơn""","=""2900""","=""0.2""","=""7""","=""Low""","=""false"""
"=""bệnh viện quốc ánh""","=""2900""","=""0.18""","=""4""","=""Low""","=""true"""
"=""bệnh viện 512 bình dương""","=""2900""","=""0""","=""5""","=""Low""","=""false"""
"=""bệnh viện việt mỹ phú yên""","=""2900""","=""0.2""","=""6""","=""Low""","=""false"""
"=""bệnh viên tâm anh""","=""2400""","=""0.12""","=""4""","=""Low""","=""false"""
"=""bệnh viện 121""","=""2400""","=""0""","=""3""","=""Low""","=""false"""
"=""bệnh viện 71 trung ương""","=""2400""","=""0""","=""5""","=""Low""","=""false"""
"=""bệnh viện hồng hưng""","=""2400""","=""0""","=""4""","=""Low""","=""false"""
"=""bệnh viện ban ngày""","=""2400""","=""0""","=""4""","=""Low""","=""false"""
"=""bệnh viện medic bình dương""","=""2400""","=""0.35""","=""5""","=""Low""","=""true"""
"=""bệnh viện mỹ phước""","=""2400""","=""0.17""","=""4""","=""Low""","=""false"""
"=""bệnh viện nam an""","=""2400""","=""0.62""","=""4""","=""Low""","=""false"""
"=""bệnh viện tuyển dụng""","=""2400""","=""0.07""","=""4""","=""Low""","=""true"""
"=""bệnh viện việt mỹ""","=""2400""","=""0.28""","=""4""","=""Low""","=""false"""
"=""bệnh viện xanh pôn hà nội""","=""2400""","=""0.41""","=""6""","=""Low""","=""true"""
"=""bệnh viện sài gòn""","=""2400""","=""0.33""","=""4""","=""Low""","=""true"""
"=""bệnh viện thẩm mỹ kangnam""","=""1900""","=""1.14""","=""5""","=""Medium""","=""false"""
"=""bệnh viện da liễu gần đây""","=""1900""","=""0.26""","=""6""","=""Medium""","=""true"""
"=""bệnh viện điện biên phủ""","=""1900""","=""0.75""","=""5""","=""Low""","=""false"""
"=""bệnh viện 7b""","=""1900""","=""0.15""","=""3""","=""Low""","=""false"""
"=""bệnh viện đa khoa tỉnh""","=""1900""","=""0""","=""5""","=""Low""","=""false"""
"=""bệnh viện hoàng anh gia lai""","=""1900""","=""0""","=""6""","=""Low""","=""false"""
"=""bệnh viện k3""","=""1900""","=""0.41""","=""3""","=""Low""","=""false"""
"=""bệnh viện thành phố""","=""1900""","=""0""","=""4""","=""Low""","=""true"""
"=""bệnh viện vạn an""","=""1900""","=""0""","=""4""","=""Low""","=""false"""
"=""bệnh viện đa khoa minh đức""","=""1900""","=""0""","=""6""","=""Low""","=""false"""
"=""bệnh viện đại học y dược shing mark""","=""1900""","=""0.27""","=""8""","=""Low""","=""false"""
"=""bệnh viện long thành""","=""1900""","=""0.09""","=""4""","=""Low""","=""false"""
"=""bệnh viện medic cà mau""","=""1900""","=""0""","=""5""","=""Low""","=""false"""
"=""bệnh viện tràng an""","=""1900""","=""0.15""","=""4""","=""Low""","=""false"""
"=""bệnh viện vinmec hà nội""","=""1900""","=""0.31""","=""5""","=""Low""","=""false"""
"=""bệnh viện a thái nguyên""","=""1900""","=""0""","=""5""","=""Low""","=""false"""
"=""bệnh viện e hà nội""","=""1900""","=""1.01""","=""5""","=""Low""","=""true"""
"=""bệnh viện lão khoa""","=""1900""","=""0.05""","=""4""","=""Low""","=""false"""
"=""bệnh viện cửa đông""","=""1900""","=""0""","=""4""","=""Low""","=""false"""
"=""bệnh viện lao phổi""","=""1600""","=""0.3""","=""4""","=""Low""","=""false"""
"=""bệnh viện ký sinh trùng""","=""1600""","=""0.25""","=""5""","=""Low""","=""false"""
"=""bệnh viện 09""","=""1600""","=""0""","=""3""","=""Low""","=""false"""
"=""bệnh viện k1""","=""1600""","=""0.66""","=""3""","=""Low""","=""false"""
"=""bệnh viện k2""","=""1600""","=""0""","=""3""","=""Low""","=""false"""
"=""bệnh viện quân đội""","=""1600""","=""0""","=""4""","=""Low""","=""false"""
"=""bệnh viện trung ương""","=""1600""","=""0.94""","=""4""","=""Low""","=""false"""
"=""bệnh viện gonjiam""","=""1600""","=""0""","=""3""","=""Low""","=""false"""
"=""bệnh viện an phước""","=""1600""","=""0""","=""4""","=""Low""","=""false"""
"=""bệnh viện becamex bình dương""","=""1600""","=""0.39""","=""5""","=""Low""","=""true"""
"=""bệnh viện giao thông vận tải tp hcm""","=""1600""","=""0""","=""8""","=""Low""","=""true"""
"=""bệnh viện ký sinh trùng trung ương""","=""1600""","=""0.24""","=""7""","=""Low""","=""false"""
"=""bệnh viện ký sinh trùng hà nội""","=""1600""","=""0.25""","=""7""","=""Low""","=""false"""
"=""bệnh viện thanh oai""","=""1600""","=""0""","=""4""","=""Low""","=""false"""
"=""bệnh viện trung uong""","=""1600""","=""0.94""","=""4""","=""Low""","=""false"""
"=""bệnh viện xuyên á vĩnh long""","=""1600""","=""0.35""","=""6""","=""Low""","=""false"""
"=""bệnh viện k hà nội""","=""1600""","=""0.34""","=""5""","=""Low""","=""false"""
"=""bệnh viện 115 chuyên khoa gì""","=""1600""","=""0.01""","=""6""","=""Low""","=""true"""
"=""bệnh viện lao phổi trung ương""","=""1300""","=""0""","=""6""","=""Low""","=""false"""
"=""benh vien bach mai""","=""1300""","=""0.7""","=""4""","=""Low""","=""false"""
"=""bệnh viện hồng hà""","=""1300""","=""0""","=""4""","=""Low""","=""false"""
"=""bệnh viện hồng ngọc yên ninh""","=""1300""","=""0.3""","=""6""","=""Low""","=""false"""
"=""bệnh viện medic""","=""1300""","=""0.32""","=""3""","=""Low""","=""true"""
"=""bệnh viện minh anh""","=""1300""","=""0.28""","=""4""","=""Low""","=""false"""
"=""bệnh viện phúc thịnh""","=""1300""","=""0""","=""4""","=""Low""","=""false"""
"=""bệnh viện phương chi""","=""1300""","=""0""","=""4""","=""Low""","=""true"""
"=""bệnh viện tâm thần trung ương""","=""1300""","=""0.55""","=""6""","=""Low""","=""false"""
"=""bệnh viện y học cổ truyền quân đội""","=""1300""","=""0""","=""8""","=""Low""","=""true"""
"=""bệnh viện cai lậy""","=""1300""","=""0""","=""4""","=""Low""","=""true"""
"=""bệnh viện chấn thương chỉnh hình tphcm""","=""1300""","=""0.24""","=""7""","=""Low""","=""true"""
"=""bệnh viện gaya việt hàn""","=""1300""","=""0""","=""5""","=""Low""","=""true"""
"=""bệnh viện long an""","=""1300""","=""0""","=""4""","=""Low""","=""false"""
"=""bệnh viện việt nam cu ba""","=""1300""","=""0""","=""6""","=""Low""","=""false"""
"=""bệnh viện k quán sứ""","=""1300""","=""0""","=""5""","=""Low""","=""false"""
"=""bệnh viện y dược tp hcm""","=""1300""","=""0.25""","=""6""","=""Low""","=""true"""
"=""bệnh viện 500 giường lào cai""","=""1300""","=""0""","=""6""","=""Low""","=""true"""
"=""bệnh viện 700 giường nam định""","=""1300""","=""0""","=""6""","=""Low""","=""false"""
"=""bệnh viện tnh phổ yên""","=""1300""","=""0.25""","=""5""","=""Low""","=""false"""
"=""bệnh viện kangnam""","=""1000""","=""1.14""","=""3""","=""Medium""","=""false"""
"=""bệnh viện y học dân tộc""","=""1000""","=""0.18""","=""6""","=""Low""","=""false"""
"=""benh vien nhi dong 1""","=""1000""","=""0.29""","=""5""","=""Low""","=""false"""
"=""benh vien nhi dong 2""","=""1000""","=""0""","=""5""","=""Low""","=""false"""
"=""bệnh viện 198 bộ công an""","=""1000""","=""0""","=""6""","=""Low""","=""true"""
"=""bệnh viện hoà bình""","=""1000""","=""0.29""","=""4""","=""Low""","=""false"""
"=""bệnh viện hồng đức 3""","=""1000""","=""0""","=""5""","=""Low""","=""false"""
"=""bệnh viện lao""","=""1000""","=""0""","=""3""","=""Low""","=""false"""
"=""bệnh viện số 10""","=""1000""","=""0""","=""4""","=""Low""","=""false"""
"=""bệnh viện vinmec central park""","=""1000""","=""0.29""","=""5""","=""Low""","=""true"""
"=""bệnh viện biên hòa""","=""1000""","=""0.23""","=""4""","=""Low""","=""false"""
"=""bệnh viện củ chi mới""","=""1000""","=""0""","=""5""","=""Low""","=""true"""
"=""bệnh viện ito phú nhuận""","=""1000""","=""0.25""","=""5""","=""Low""","=""false"""
"=""bệnh viện giao thông vận tải hà nội""","=""1000""","=""0""","=""8""","=""Low""","=""false"""
"=""bệnh viện huyện củ chi""","=""1000""","=""0""","=""5""","=""Low""","=""false"""
"=""bệnh viện kusumi đh y khoa tokyo""","=""1000""","=""0""","=""7""","=""Low""","=""false"""
"=""bệnh viện laptop""","=""1000""","=""0.63""","=""3""","=""Low""","=""false"""
"=""bệnh viện ma""","=""1000""","=""0""","=""3""","=""Low""","=""false"""
"=""bệnh viện sampon""","=""1000""","=""0.45""","=""3""","=""Low""","=""false"""
"=""bệnh viện vinmec times city""","=""1000""","=""0.36""","=""5""","=""Low""","=""true"""
"=""bệnh viện lão khoa hà nội""","=""1000""","=""0.04""","=""6""","=""Low""","=""false"""
"=""bệnh viện sản nhi phú thọ""","=""1000""","=""0""","=""6""","=""Low""","=""true"""
"=""bệnh viện 500 giường yên bái""","=""1000""","=""0""","=""6""","=""Low""","=""true"""
"=""bệnh viện 700 giường""","=""1000""","=""0""","=""4""","=""Low""","=""false"""
"=""bệnh viện da liễu giờ làm việc""","=""880""","=""0.22""","=""7""","=""Low""","=""false"""
"=""bệnh viện mắt thành phố""","=""880""","=""0.69""","=""5""","=""Low""","=""false"""
"=""benh vien hoa hao""","=""880""","=""0.14""","=""4""","=""Low""","=""false"""
"=""bệnh viện 120""","=""880""","=""0""","=""3""","=""Low""","=""false"""
"=""bệnh viện 87""","=""880""","=""0""","=""3""","=""Low""","=""false"""
"=""bệnh viện lê ngọc tùng""","=""880""","=""0""","=""5""","=""Low""","=""false"""
"=""bệnh viện nhân dân""","=""880""","=""0.41""","=""4""","=""Low""","=""false"""
"=""bệnh viện quân y 17""","=""880""","=""0""","=""5""","=""Low""","=""false"""
"=""bệnh viện thiện nhân""","=""880""","=""0.34""","=""4""","=""Low""","=""true"""
"=""bệnh viện tth""","=""880""","=""0""","=""3""","=""Low""","=""false"""
"=""bệnh viện tâm trí cao lãnh""","=""880""","=""0""","=""6""","=""Low""","=""false"""
"=""bệnh viện an thịnh""","=""880""","=""1.2""","=""4""","=""Low""","=""true"""
"=""bệnh viện carmel""","=""880""","=""0""","=""3""","=""Low""","=""false"""
"=""bệnh viện ito sài gòn""","=""880""","=""0.2""","=""5""","=""Low""","=""true"""
"=""bệnh viện thẩm mỹ jk nhật hàn""","=""880""","=""7.19""","=""7""","=""Low""","=""false"""
"=""bệnh viện lao phổi hà nội""","=""880""","=""0""","=""6""","=""Low""","=""false"""
"=""bệnh viện tth hà tĩnh""","=""880""","=""0""","=""5""","=""Low""","=""false"""
"=""bệnh viện xuyên á gò dầu""","=""880""","=""0""","=""6""","=""Low""","=""true"""
"=""bệnh viện 500 giường""","=""880""","=""0""","=""4""","=""Low""","=""false"""
"=""benh vien pham ngoc thach""","=""720""","=""0.01""","=""5""","=""Low""","=""false"""
"=""bệnh viên hoàn mỹ""","=""720""","=""0.16""","=""4""","=""Low""","=""false"""
"=""bệnh viện 16a""","=""720""","=""0.71""","=""3""","=""Low""","=""false"""
"=""bệnh viện 108 địa chỉ""","=""720""","=""0""","=""5""","=""Low""","=""false"""
"=""bệnh viện 175 địa chỉ""","=""720""","=""0""","=""5""","=""Low""","=""false"""
"=""bệnh viện k120""","=""720""","=""0""","=""3""","=""Low""","=""false"""
"=""bệnh viện phương bắc""","=""720""","=""0""","=""4""","=""Low""","=""true"""
"=""bệnh viện quân y 110""","=""720""","=""0""","=""5""","=""Low""","=""true"""
"=""bệnh viện quân y miền đông""","=""720""","=""0""","=""6""","=""Low""","=""false"""
"=""bệnh viện quốc tế ngoại thần kinh""","=""720""","=""0.55""","=""7""","=""Low""","=""false"""
"=""bệnh viện thái bình dương""","=""720""","=""0""","=""5""","=""Low""","=""false"""
"=""bệnh viện y học""","=""720""","=""0.3""","=""4""","=""Low""","=""true"""
"=""bệnh viện thẩm mỹ ava""","=""720""","=""0.3""","=""5""","=""Low""","=""false"""
"=""bệnh viện bth 2""","=""720""","=""0""","=""4""","=""Low""","=""true"""
"=""bệnh viện fv quận 7""","=""720""","=""0.32""","=""5""","=""Low""","=""false"""
"=""bệnh viện green""","=""720""","=""0""","=""3""","=""Low""","=""false"""
"=""bệnh viện ký sinh trùng nghệ an""","=""720""","=""0.14""","=""7""","=""Low""","=""false"""
"=""bệnh viện lê văn thịnh quận 2""","=""720""","=""0.2""","=""7""","=""Low""","=""false"""
"=""bệnh viện lê lợi""","=""720""","=""0""","=""4""","=""Low""","=""false"""
"=""bệnh viện liên chiểu""","=""720""","=""0""","=""4""","=""Low""","=""false"""
"=""bệnh viện long xuyên""","=""720""","=""0""","=""4""","=""Low""","=""false"""
"=""bệnh viện mở rộng quy nhơn""","=""720""","=""0.38""","=""6""","=""Low""","=""true"""
"=""bệnh viện việt nhật pkđk yên phong""","=""720""","=""0""","=""7""","=""Low""","=""true"""
"=""bệnh viện tiếng anh là gì""","=""720""","=""0""","=""6""","=""Low""","=""true"""
"=""bệnh viện đa khoa tx hòa thành""","=""720""","=""0""","=""7""","=""Low""","=""false"""
"=""bệnh viện xanh pôn tphcm""","=""720""","=""0.2""","=""5""","=""Low""","=""false"""
"=""bệnh viện xuyên á long an""","=""720""","=""0""","=""6""","=""Low""","=""false"""
"=""bệnh viện xuyên á hậu nghĩa""","=""720""","=""0""","=""6""","=""Low""","=""true"""
"=""bệnh viện gần tôi""","=""720""","=""0.47""","=""4""","=""Medium""","=""true"""
"=""bệnh viện động vật roblox""","=""720""","=""0""","=""5""","=""Low""","=""true"""
"=""bệnh viện phenikaa địa chỉ""","=""720""","=""0.15""","=""5""","=""Low""","=""true"""
"=""bệnh viện tnh lạng sơn""","=""720""","=""0""","=""5""","=""Low""","=""true"""
"=""bệnh viện đại học y dược 1""","=""590""","=""0.26""","=""7""","=""Low""","=""false"""
"=""bệnh viện hồng phát""","=""590""","=""0.26""","=""4""","=""Low""","=""false"""
"=""bệnh viện 175 giờ làm việc""","=""590""","=""0""","=""6""","=""Low""","=""false"""
"=""bệnh viện chợ quán""","=""590""","=""0""","=""4""","=""Low""","=""true"""
"=""bệnh viện công an""","=""590""","=""0""","=""4""","=""Low""","=""false"""
"=""bệnh viện hy vọng mới""","=""590""","=""0""","=""5""","=""Low""","=""false"""
"=""bệnh viện thanh hà""","=""590""","=""0""","=""4""","=""Low""","=""true"""
"=""bệnh viện trâm anh""","=""590""","=""0.2""","=""4""","=""Low""","=""false"""
"=""bệnh viện đa khoa tâm trí""","=""590""","=""0.17""","=""6""","=""Low""","=""true"""
"=""bệnh viện đại học quốc gia""","=""590""","=""0""","=""6""","=""Low""","=""false"""
"=""bệnh viện đại học y dược 2""","=""590""","=""0.22""","=""7""","=""Low""","=""false"""
"=""bệnh viện cao thắng""","=""590""","=""1.16""","=""4""","=""Low""","=""true"""
"=""bệnh viện đh y dược""","=""590""","=""0.24""","=""5""","=""Low""","=""false"""
"=""bệnh viện thú y dr eopi""","=""590""","=""0""","=""6""","=""Low""","=""false"""
"=""bệnh viện thú y pet friends nha trang khánh hoà""","=""590""","=""0""","=""10""","=""Low""","=""false"""
"=""bệnh viện kinh bắc""","=""590""","=""0""","=""4""","=""Low""","=""false"""
"=""bệnh viện medika""","=""590""","=""3.37""","=""3""","=""Low""","=""false"""
"=""bệnh viện minh thiện""","=""590""","=""0""","=""4""","=""Low""","=""false"""
"=""bệnh viện ma ám""","=""590""","=""0""","=""4""","=""Low""","=""false"""
"=""bệnh viện sao hàn""","=""590""","=""1.88""","=""4""","=""Low""","=""true"""
"=""bệnh viện sa đéc""","=""590""","=""0""","=""4""","=""Low""","=""false"""
"=""bệnh viện tth quảng bình""","=""590""","=""0""","=""5""","=""Low""","=""false"""
"=""bệnh viện e chuyên về gì""","=""590""","=""0""","=""6""","=""Low""","=""false"""
"=""bệnh viện 315""","=""590""","=""0.11""","=""3""","=""Low""","=""true"""
"=""bệnh viện động vật""","=""590""","=""0.69""","=""4""","=""Low""","=""true"""
"=""bệnh viện chấn thương chỉnh hình cơ sở 1""","=""590""","=""0.27""","=""9""","=""Low""","=""false"""
"=""bệnh viện bình dân điện biên phủ""","=""480""","=""0""","=""7""","=""Low""","=""false"""
"=""benh vien chan thuong chinh hinh""","=""480""","=""0.47""","=""6""","=""Low""","=""false"""
"=""benh vien da khoa tam anh""","=""480""","=""0.14""","=""6""","=""Low""","=""false"""
"=""benh vien y hoc co truyen""","=""480""","=""0.2""","=""6""","=""Low""","=""false"""
"=""bệnh viện 109""","=""480""","=""0""","=""3""","=""Low""","=""false"""
"=""bệnh viện bộ công an""","=""480""","=""0""","=""5""","=""Low""","=""false"""
"=""bệnh viện chợ rẫy quận mấy""","=""480""","=""0""","=""6""","=""Low""","=""false"""
"=""bệnh viện chữ thập xanh""","=""480""","=""0""","=""5""","=""Low""","=""true"""
"=""bệnh viện cuba""","=""480""","=""0""","=""3""","=""Low""","=""true"""
"=""bệnh viện minh an""","=""480""","=""0""","=""4""","=""Low""","=""false"""
"=""bệnh viện mắt thiên thanh""","=""480""","=""0.98""","=""5""","=""Low""","=""false"""
"=""bệnh viện ngọc hồng""","=""480""","=""0.34""","=""4""","=""Low""","=""false"""
"=""bệnh viện nhiệt đới trung ương 2""","=""480""","=""0.03""","=""7""","=""Low""","=""false"""
"=""bệnh viện trung ương 2""","=""480""","=""0""","=""5""","=""Low""","=""false"""
"=""bệnh viện carmel tuyển dụng""","=""480""","=""0""","=""5""","=""Low""","=""false"""
"=""bệnh viện jw""","=""480""","=""0.45""","=""3""","=""Low""","=""false"""
"=""bệnh viện phenikaa tuyển dụng""","=""480""","=""0.05""","=""5""","=""Low""","=""false"""
"=""bệnh viện huyết học chuyên trị bệnh gì""","=""480""","=""0""","=""8""","=""Low""","=""false"""
"=""bệnh viện kiến đức""","=""480""","=""0""","=""4""","=""Low""","=""true"""
"=""bệnh viện lao phổi cần thơ""","=""480""","=""0""","=""6""","=""Low""","=""false"""
"=""bệnh viện medlatec hà nội""","=""480""","=""0.36""","=""5""","=""Medium""","=""true"""
"=""bệnh viện minh đức bến tre""","=""480""","=""0.38""","=""6""","=""Low""","=""false"""
"=""bệnh viện ma ám gonjiam""","=""480""","=""0""","=""5""","=""Low""","=""false"""
"=""bệnh viện mỹ tho""","=""480""","=""0.38""","=""4""","=""Low""","=""false"""
"=""bệnh viện sun group""","=""480""","=""0""","=""4""","=""Low""","=""false"""
"=""bệnh viện tth vinh""","=""480""","=""0""","=""4""","=""Low""","=""false"""
"=""bệnh viện 211""","=""480""","=""0""","=""3""","=""Low""","=""true"""
"=""bệnh viện 500 giường sơn la""","=""480""","=""0""","=""6""","=""Low""","=""false"""
"=""bệnh viện 74 trung ương""","=""480""","=""0""","=""5""","=""Low""","=""false"""
"=""bệnh viện quốc tế pf chi nhánh 4""","=""480""","=""0""","=""8""","=""Low""","=""true"""
"=""bệnh viện từ dũ địa chỉ cũ""","=""480""","=""0""","=""7""","=""Low""","=""true"""
"=""bệnh viện từ dũ giờ làm việc""","=""390""","=""0""","=""7""","=""Low""","=""false"""
"=""bệnh viện khám sức khỏe đi làm""","=""390""","=""0.27""","=""7""","=""Low""","=""true"""
"=""benh vien nhi trung uong""","=""390""","=""0.42""","=""5""","=""Low""","=""false"""
"=""benh vien trieu an""","=""390""","=""0""","=""4""","=""Low""","=""false"""
"=""bệnh viện hùng vương giờ làm việc""","=""390""","=""0""","=""7""","=""Low""","=""false"""
"=""bệnh viện nội tiết thái thịnh""","=""390""","=""0""","=""6""","=""Low""","=""false"""
"=""bệnh viện quốc tế tâm anh""","=""390""","=""0.14""","=""6""","=""Low""","=""false"""
"=""bệnh viện bỏ hoang""","=""390""","=""0""","=""4""","=""Low""","=""true"""
"=""bệnh viện cao lãnh""","=""390""","=""0""","=""4""","=""Low""","=""false"""
"=""bệnh viện đại học y dược hcm""","=""390""","=""0.27""","=""7""","=""Low""","=""false"""
"=""bệnh viện dinh dưỡng hà nội""","=""390""","=""0.22""","=""6""","=""Low""","=""true"""
"=""bệnh viện gang thép thái nguyên""","=""390""","=""0""","=""6""","=""Low""","=""false"""
"=""bệnh viện green hải phòng""","=""390""","=""0.39""","=""5""","=""Low""","=""true"""
"=""bệnh viện kim long huế""","=""390""","=""0""","=""5""","=""Low""","=""false"""
"=""bệnh viện ký sinh trùng trung ương hà nội""","=""390""","=""0.24""","=""9""","=""Low""","=""true"""
"=""bệnh viện ninh thuận""","=""390""","=""0""","=""4""","=""Low""","=""false"""
"=""bệnh viện pasteur nha trang""","=""390""","=""0""","=""5""","=""Low""","=""false"""
"=""bệnh viện tuyển dụng dược sĩ""","=""390""","=""0.04""","=""6""","=""Low""","=""false"""
"=""bệnh viện tw huế""","=""390""","=""0""","=""4""","=""Low""","=""false"""
"=""bệnh viện e là bệnh viện gì""","=""390""","=""0""","=""7""","=""Low""","=""true"""
"=""bệnh viện 41 nguyễn huệ""","=""390""","=""0""","=""5""","=""Low""","=""false"""
"=""bệnh viện 74""","=""390""","=""0""","=""3""","=""Low""","=""true"""
"=""bệnh viện là gì""","=""390""","=""0""","=""4""","=""Low""","=""true"""
"=""bệnh viện thú y eravet văn cao""","=""390""","=""0""","=""7""","=""Low""","=""false"""
"=""bệnh viện vinmec ocean park 2""","=""390""","=""0.39""","=""6""","=""Low""","=""false"""
"=""bệnh viện tnh""","=""390""","=""0.26""","=""3""","=""Low""","=""true"""
"=""bệnh viện tuyển dụng 2026""","=""390""","=""0.08""","=""5""","=""Low""","=""false"""
"=""bệnh viện 108 khoa thẩm mỹ""","=""320""","=""0.64""","=""6""","=""Low""","=""false"""
"=""bệnh viện dna""","=""320""","=""0""","=""3""","=""Low""","=""false"""
"=""bệnh viện hòa hảo địa chỉ""","=""320""","=""0.05""","=""6""","=""Low""","=""false"""
"=""benh vien aih""","=""320""","=""0.16""","=""3""","=""Low""","=""false"""
"=""benh vien le van thinh""","=""320""","=""0""","=""5""","=""Low""","=""false"""
"=""benh vien xuyen a""","=""320""","=""0""","=""4""","=""Low""","=""false"""
"=""bệnh viện 110""","=""320""","=""0""","=""3""","=""Low""","=""false"""
"=""bệnh viện 7c""","=""320""","=""0""","=""3""","=""Low""","=""false"""
"=""bệnh viện công an thành phố""","=""320""","=""0""","=""6""","=""Low""","=""false"""
"=""bệnh viện minh tâm""","=""320""","=""0""","=""4""","=""Low""","=""true"""
"=""bệnh viện quân dân miền đông""","=""320""","=""0""","=""6""","=""Low""","=""false"""
"=""bệnh viện vạn phước""","=""320""","=""0""","=""4""","=""Low""","=""false"""
"=""bệnh viện gonjiam vietsub""","=""320""","=""0""","=""4""","=""Low""","=""false"""
"=""bệnh viện an phước bình thuận""","=""320""","=""0""","=""6""","=""Low""","=""false"""
"=""bệnh viện binh đoàn 15""","=""320""","=""0""","=""5""","=""Low""","=""false"""
"=""bệnh viện camel""","=""320""","=""0""","=""3""","=""Low""","=""false"""
"=""bệnh viện cam ranh""","=""320""","=""0""","=""4""","=""Low""","=""false"""
"=""bệnh viện đh y hà nội""","=""320""","=""0""","=""6""","=""Low""","=""false"""
"=""bệnh viện fv tuyển dụng""","=""320""","=""0.14""","=""5""","=""Low""","=""false"""
"=""bệnh viện ito biên hòa""","=""320""","=""0.16""","=""5""","=""Low""","=""false"""
"=""bệnh viện emcas""","=""320""","=""0.55""","=""3""","=""Low""","=""false"""
"=""bệnh viện gtvt""","=""320""","=""0""","=""3""","=""Low""","=""false"""
"=""bệnh viện kiên giang""","=""320""","=""0""","=""4""","=""Low""","=""false"""
"=""bệnh viện kusumi""","=""320""","=""0""","=""3""","=""Low""","=""false"""
"=""bệnh viện lê lợi vũng tàu""","=""320""","=""0""","=""6""","=""Low""","=""false"""
"=""bệnh viện nguyễn tri phương tuyển dụng""","=""320""","=""0""","=""7""","=""Low""","=""false"""
"=""bệnh viện ninh bình""","=""320""","=""0""","=""4""","=""Low""","=""true"""
"=""bệnh viện pasteur đà lạt""","=""320""","=""0.59""","=""5""","=""Low""","=""false"""
"=""bệnh viện sih""","=""320""","=""0.13""","=""3""","=""Low""","=""false"""
"=""bệnh viện sys""","=""320""","=""0""","=""3""","=""Low""","=""false"""
"=""bệnh viện 87 nha trang""","=""320""","=""0""","=""5""","=""Low""","=""true"""
"=""bệnh viện 91""","=""320""","=""0""","=""3""","=""Low""","=""true"""
"=""bệnh viện thẩm mỹ jeolla""","=""320""","=""0.56""","=""5""","=""Low""","=""false"""
"=""bệnh viện mẹ và bé""","=""260""","=""0.5""","=""5""","=""Low""","=""false"""
"=""bệnh viện medlatec nghĩa dũng""","=""260""","=""0.34""","=""5""","=""Medium""","=""false"""
"=""benh vien da lieu trung uong""","=""260""","=""0.27""","=""6""","=""Low""","=""true"""
"=""bệnh viện mắt phương đông""","=""260""","=""1.13""","=""5""","=""Low""","=""true"""
"=""bệnh viện hoàn mỹ giờ làm việc""","=""260""","=""0.11""","=""7""","=""Low""","=""false"""
"=""benh vien nhi""","=""260""","=""0.48""","=""3""","=""Low""","=""false"""
"=""benh vien y duoc""","=""260""","=""0.25""","=""4""","=""Low""","=""true"""
"=""bệnh viện anh đức""","=""260""","=""0.5""","=""4""","=""Low""","=""true"""
"=""bệnh viện hoàng viết thắng""","=""260""","=""0""","=""5""","=""Low""","=""false"""
"=""bệnh viện phúc lâm""","=""260""","=""0""","=""4""","=""Low""","=""false"""
"=""bệnh viện triều an loan trâm""","=""260""","=""0""","=""6""","=""Low""","=""false"""
"=""bệnh viện tâm anh có tốt không""","=""260""","=""0.19""","=""7""","=""Low""","=""false"""
"=""bệnh viện buôn ma thuột""","=""260""","=""0""","=""5""","=""Low""","=""false"""
"=""bệnh viện cao lỗ""","=""260""","=""0""","=""4""","=""Low""","=""true"""
"=""bệnh viện dinh dưỡng quốc gia""","=""260""","=""0.23""","=""6""","=""Low""","=""false"""
"=""bệnh viện duy xuyên""","=""260""","=""0""","=""4""","=""Low""","=""false"""
"=""bệnh viện ito có tốt không""","=""260""","=""0""","=""6""","=""Low""","=""false"""
"=""bệnh viện family đà nẵng""","=""260""","=""0""","=""5""","=""Low""","=""false"""
"=""bệnh viện hiệp lợi""","=""260""","=""2.44""","=""4""","=""Low""","=""false"""
"=""bệnh viện hà nam""","=""260""","=""0""","=""4""","=""Low""","=""true"""
"=""bệnh viện hp""","=""260""","=""0""","=""3""","=""Low""","=""true"""
"=""bệnh viện huyết học tp hcm cơ sở 2""","=""260""","=""0""","=""9""","=""Low""","=""true"""
"=""bệnh viện kangnam hà nội""","=""260""","=""1.26""","=""5""","=""Medium""","=""true"""
"=""bệnh viện khám sức khỏe lái xe""","=""260""","=""0.24""","=""7""","=""Low""","=""false"""
"=""bệnh viện kito""","=""260""","=""0.26""","=""3""","=""Low""","=""true"""
"=""bệnh viện kim cương""","=""260""","=""0""","=""4""","=""Low""","=""false"""
"=""bệnh viện kon tum""","=""260""","=""0""","=""4""","=""Low""","=""false"""
"=""bệnh viện lao phổi nghệ an""","=""260""","=""0""","=""6""","=""Low""","=""false"""
"=""bệnh viện tuyến cuối là gì""","=""260""","=""0""","=""6""","=""Low""","=""true"""
"=""bệnh viện tuyên quang""","=""260""","=""0""","=""4""","=""Low""","=""true"""
"=""bệnh viện e trung ương""","=""260""","=""0""","=""5""","=""Low""","=""false"""
"=""bệnh viện 211 gia lai""","=""260""","=""0""","=""5""","=""Low""","=""true"""
"=""bệnh viện 354 bán thuốc dạ dày""","=""260""","=""0.17""","=""7""","=""High""","=""false"""
"=""bệnh viện 4""","=""260""","=""0""","=""3""","=""Low""","=""false"""
"=""bệnh viện lào cai""","=""260""","=""0""","=""4""","=""Low""","=""false"""
"=""bệnh viện ivf sài gòn""","=""260""","=""0.15""","=""5""","=""Low""","=""false"""
"=""bệnh viện khánh hội""","=""260""","=""0""","=""4""","=""Low""","=""false"""
"=""bệnh viện trĩ""","=""210""","=""2.9""","=""3""","=""Medium""","=""false"""
"=""benh vien phu san trung uong""","=""210""","=""0.23""","=""6""","=""Low""","=""false"""
"=""benh vien phu san""","=""210""","=""0.83""","=""4""","=""Low""","=""false"""
"=""benh vien mat trung uong""","=""210""","=""0.84""","=""5""","=""Low""","=""false"""
"=""benh vien hong duc""","=""210""","=""0""","=""4""","=""Low""","=""false"""
"=""benh vien tam tri""","=""210""","=""0.33""","=""4""","=""Low""","=""false"""
"=""bệnh viện 1a có tốt không""","=""210""","=""0""","=""6""","=""Low""","=""false"""
"=""bệnh viện diamond""","=""210""","=""0""","=""3""","=""Low""","=""false"""
"=""bệnh viện hoàng long""","=""210""","=""0.72""","=""4""","=""Medium""","=""false"""
"=""bệnh viện medic hòa hảo""","=""210""","=""0.17""","=""5""","=""Low""","=""false"""
"=""bệnh viện đại học y dược giờ làm việc""","=""210""","=""0.23""","=""9""","=""Low""","=""false"""
"=""bệnh viện gonjiam phim""","=""210""","=""0""","=""4""","=""Low""","=""false"""
"=""bệnh viện ba tri""","=""210""","=""0""","=""4""","=""Low""","=""false"""
"=""bệnh viện bth""","=""210""","=""0""","=""3""","=""Low""","=""false"""
"=""bệnh viện cao nguyên""","=""210""","=""0""","=""4""","=""Low""","=""false"""
"=""bệnh viện diên khánh""","=""210""","=""0""","=""4""","=""Low""","=""false"""
"=""bệnh viện diên phước""","=""210""","=""0""","=""4""","=""Low""","=""false"""
"=""bệnh viện thú y eravet""","=""210""","=""0""","=""5""","=""Low""","=""false"""
"=""bệnh viện gangwhoo""","=""210""","=""0.34""","=""3""","=""Low""","=""true"""
"=""bệnh viện gold star""","=""210""","=""0""","=""4""","=""Low""","=""false"""
"=""bệnh viện kinh bắc bắc ninh""","=""210""","=""0""","=""6""","=""Low""","=""false"""
"=""bệnh viện long mỹ""","=""210""","=""0""","=""4""","=""Low""","=""true"""
"=""bệnh viện thú y mb vet hue""","=""210""","=""0""","=""7""","=""Low""","=""false"""
"=""bệnh viện mỹ phước bình dương""","=""210""","=""0""","=""6""","=""Low""","=""false"""
"=""bệnh viện ninh hòa""","=""210""","=""0""","=""4""","=""Low""","=""false"""
"=""bệnh viện saigon ito""","=""210""","=""0""","=""4""","=""Low""","=""false"""
"=""bệnh viện shing mark biên hòa""","=""210""","=""0""","=""6""","=""Low""","=""false"""
"=""bệnh viện thẩm mỹ jw hàn quốc""","=""210""","=""0.53""","=""7""","=""Medium""","=""true"""
"=""bệnh viện tomec""","=""210""","=""0.6""","=""3""","=""Low""","=""true"""
"=""bệnh viện vũ anh""","=""210""","=""0""","=""4""","=""Low""","=""false"""
"=""bệnh viện yhct bộ công an""","=""210""","=""0""","=""6""","=""Low""","=""true"""
"=""bệnh viện e thuộc tuyến nào""","=""210""","=""0""","=""6""","=""Low""","=""false"""
"=""bệnh viện 245""","=""210""","=""0""","=""3""","=""Low""","=""false"""
"=""bệnh viện 7 hải dương""","=""210""","=""0""","=""5""","=""Low""","=""true"""
"=""bệnh viện nào""","=""210""","=""1.13""","=""3""","=""Low""","=""false"""
"=""bệnh viện trong tiếng anh là gì""","=""210""","=""0""","=""7""","=""Low""","=""false"""
"=""bệnh viện có làm việc thứ 7 không""","=""210""","=""0""","=""8""","=""Low""","=""false"""
"=""bệnh viện quốc tế aegis""","=""210""","=""0""","=""5""","=""Low""","=""false"""
"=""bệnh viện ký sinh trùng đặng văn ngữ""","=""210""","=""0.25""","=""8""","=""Low""","=""true"""
"=""bệnh viện nura""","=""210""","=""0.44""","=""3""","=""Low""","=""false"""
"=""bệnh viện sun group phú quốc""","=""210""","=""0""","=""6""","=""Low""","=""false"""
"=""bệnh viện 600 giường đà nẵng cơ sở 1""","=""210""","=""0""","=""9""","=""Low""","=""false"""
"=""bệnh viện phenikaa có tốt không""","=""210""","=""0.16""","=""6""","=""Low""","=""false"""
"=""bệnh viện chợ rẫy khoa thẩm mỹ""","=""170""","=""0.35""","=""7""","=""Low""","=""false"""
"=""benh vien gia an""","=""170""","=""0.25""","=""4""","=""Low""","=""false"""
"=""bệnh viện mỹ thiện""","=""170""","=""0""","=""4""","=""Low""","=""false"""
"=""bệnh viện nhân dân 115 có tốt không""","=""170""","=""0""","=""8""","=""Low""","=""false"""
"=""bệnh viện ông bú""","=""170""","=""0.3""","=""4""","=""Low""","=""true"""
"=""bệnh viện becamex lái thiêu""","=""170""","=""0""","=""5""","=""Low""","=""false"""
"=""bệnh viện buh""","=""170""","=""0""","=""3""","=""Low""","=""false"""
"=""bệnh viện dhyd""","=""170""","=""0.22""","=""3""","=""Low""","=""false"""
"=""bệnh viện dinh dưỡng""","=""170""","=""0.28""","=""4""","=""Low""","=""true"""
"=""bệnh viện dinh dưỡng quốc gia hà nội""","=""170""","=""0.23""","=""8""","=""Low""","=""true"""
"=""bệnh viện ito nguyễn trọng tuyển""","=""170""","=""0""","=""6""","=""Low""","=""true"""
"=""bệnh viện đa khoa đăk glong""","=""170""","=""0""","=""6""","=""Low""","=""true"""
"=""bệnh viện sis cần thơ tuyển dụng""","=""170""","=""0""","=""7""","=""Low""","=""false"""
"=""bệnh viện lê văn thịnh giờ làm việc""","=""170""","=""0""","=""8""","=""Low""","=""false"""
"=""bệnh viện minh thiện tam kỳ""","=""170""","=""0""","=""6""","=""Low""","=""true"""
"=""bệnh viện mở rộng""","=""170""","=""0""","=""4""","=""Low""","=""false"""
"=""bệnh viện nguyễn tri phương tphcm""","=""170""","=""0.24""","=""6""","=""Low""","=""true"""
"=""bệnh viện sinh bôn""","=""170""","=""0""","=""4""","=""Low""","=""true"""
"=""bệnh viện shingmark có tốt không""","=""170""","=""0""","=""6""","=""Low""","=""false"""
"=""bệnh viện tuy phước""","=""170""","=""0""","=""4""","=""Low""","=""true"""
"=""bệnh viện twqđ 108""","=""170""","=""0.05""","=""4""","=""Low""","=""false"""
"=""bệnh viện võ trường toản""","=""170""","=""0""","=""5""","=""Low""","=""true"""
"=""bệnh viện xe máy""","=""170""","=""0""","=""4""","=""Low""","=""false"""
"=""bệnh viện yhct""","=""170""","=""0""","=""3""","=""Low""","=""false"""
"=""bệnh viện 268 huế""","=""170""","=""0""","=""4""","=""Low""","=""false"""
"=""bệnh viện 268""","=""170""","=""0""","=""3""","=""Low""","=""true"""
"=""bệnh viện 354 hà nội""","=""170""","=""0""","=""5""","=""Low""","=""false"""
"=""bệnh viện làm việc từ mấy giờ đến mấy giờ""","=""170""","=""0""","=""10""","=""Low""","=""false"""
"=""bệnh viện mắt vineye""","=""170""","=""1.8""","=""4""","=""Low""","=""false"""
"=""bệnh viện phenikaamec""","=""170""","=""0.31""","=""3""","=""Medium""","=""false"""
"=""bệnh viện gần nhất hiện đang mở""","=""170""","=""0.51""","=""7""","=""Medium""","=""false"""
"=""bệnh viện đông phương""","=""140""","=""0.18""","=""4""","=""Low""","=""false"""
"=""bệnh viện 30 4 có tốt không""","=""140""","=""0""","=""7""","=""Low""","=""false"""
"=""bệnh viện hàm tử""","=""140""","=""0""","=""4""","=""Low""","=""false"""
"=""bệnh viện ava""","=""140""","=""0.53""","=""3""","=""Low""","=""false"""
"=""bệnh viện bernard""","=""140""","=""0.29""","=""3""","=""Low""","=""false"""
"=""bệnh viện becamex tuyển dụng""","=""140""","=""0""","=""5""","=""Low""","=""false"""
"=""bệnh viện diag""","=""140""","=""0.45""","=""3""","=""Low""","=""true"""
"=""bệnh viện dym""","=""140""","=""0.26""","=""3""","=""Low""","=""false"""
"=""bệnh viện hạnh phúc estella""","=""140""","=""0.29""","=""5""","=""Low""","=""false"""
"=""bệnh viện gtvt tphcm""","=""140""","=""0""","=""4""","=""Low""","=""true"""
"=""bệnh viện lao phổi đà nẵng""","=""140""","=""0""","=""6""","=""Low""","=""true"""
"=""bệnh viện lê văn việt giờ làm việc""","=""140""","=""0""","=""8""","=""Low""","=""false"""
"=""bệnh viện lê văn thịnh tuyển dụng""","=""140""","=""0""","=""7""","=""Low""","=""false"""
"=""bệnh viện linh đàm""","=""140""","=""0.94""","=""4""","=""Low""","=""false"""
"=""bệnh viện long biên""","=""140""","=""1.19""","=""4""","=""Low""","=""true"""
"=""bệnh viện ma ám phim""","=""140""","=""0""","=""5""","=""Low""","=""false"""
"=""bệnh viện olympic nha trang""","=""140""","=""0.47""","=""5""","=""Low""","=""true"""
"=""bệnh viện suối tre""","=""140""","=""0""","=""4""","=""Low""","=""false"""
"=""bệnh viện tp vinh""","=""140""","=""0""","=""4""","=""Low""","=""true"""
"=""bệnh viện twg long an""","=""140""","=""0""","=""5""","=""Low""","=""false"""
"=""bệnh viện công ty cao su lộc ninh""","=""140""","=""0""","=""8""","=""Low""","=""false"""
"=""bệnh viện vũ cao""","=""140""","=""0""","=""4""","=""Low""","=""true"""
"=""bệnh viện xuyên á tuyển dụng""","=""140""","=""0""","=""6""","=""Low""","=""false"""
"=""bệnh viện 245 đông hà""","=""140""","=""0""","=""5""","=""Low""","=""true"""
"=""bệnh viện nào chữa mất ngủ tốt nhất""","=""140""","=""0.27""","=""8""","=""Medium""","=""true"""
"=""bệnh viện ciputra""","=""140""","=""0""","=""3""","=""Low""","=""false"""
"=""bệnh viện thú y dl vet""","=""140""","=""0""","=""6""","=""Low""","=""false"""
"=""bệnh viện thú y hq pet""","=""140""","=""0""","=""6""","=""Low""","=""false"""
"=""bệnh viện sis cần thơ mst""","=""140""","=""0""","=""6""","=""Low""","=""true"""
"=""bệnh viện ma ám gonjiam vietsub""","=""140""","=""0""","=""6""","=""Low""","=""false"""
"=""bệnh viện đa khoa tx đông hòa""","=""140""","=""0""","=""7""","=""Low""","=""false"""
"=""bệnh viện medlatec trích sài""","=""110""","=""0.36""","=""5""","=""Medium""","=""false"""
"=""bệnh viện binh đoàn 16""","=""110""","=""0""","=""5""","=""Low""","=""true"""
"=""bệnh viện bmt""","=""110""","=""0""","=""3""","=""Low""","=""false"""
"=""bệnh viện cuba hà nội""","=""110""","=""0""","=""5""","=""Low""","=""true"""
"=""bệnh viện đh y""","=""110""","=""0""","=""4""","=""Low""","=""true"""
"=""bệnh viện dinh dưỡng trung ương""","=""110""","=""0""","=""6""","=""Low""","=""false"""
"=""bệnh viện ghẽ""","=""110""","=""0""","=""3""","=""Low""","=""false"""
"=""bệnh viện hai bà trưng""","=""110""","=""0""","=""5""","=""Low""","=""false"""
"=""bệnh viện hcm""","=""110""","=""0.73""","=""3""","=""Low""","=""false"""
"=""bệnh viện krông năng""","=""110""","=""0""","=""4""","=""Low""","=""false"""
"=""bệnh viện long xuyên an giang""","=""110""","=""0""","=""6""","=""Low""","=""false"""
"=""bệnh viện mở cửa mấy giờ""","=""110""","=""0""","=""6""","=""Low""","=""false"""
"=""bệnh viện ma ám vietsub""","=""110""","=""0""","=""5""","=""Low""","=""false"""
"=""bệnh viện sun group tuyển dụng""","=""110""","=""0""","=""6""","=""Low""","=""false"""
"=""bệnh viện sto""","=""110""","=""0""","=""3""","=""Low""","=""false"""
"=""bệnh viện tuyến đầu là gì""","=""110""","=""0""","=""6""","=""Low""","=""false"""
"=""bệnh viện tw thái nguyên""","=""110""","=""0""","=""5""","=""Low""","=""true"""
"=""bệnh viện 41""","=""110""","=""0""","=""3""","=""Low""","=""true"""
"=""bệnh viện công là gì""","=""110""","=""0""","=""5""","=""Low""","=""false"""
"=""bệnh viện tư là gì""","=""110""","=""0""","=""5""","=""Low""","=""false"""
"=""bệnh viện nào của thành phố hcm chấp nhận bảo hiểm y tế tỉnh khác""","=""110""","=""0.01""","=""15""","=""Low""","=""true"""
"=""bệnh viện trong tiếng trung""","=""110""","=""0""","=""5""","=""Low""","=""false"""
"=""bệnh viện có làm chủ nhật không""","=""110""","=""0""","=""7""","=""Low""","=""false"""
"=""bệnh viện aegis""","=""110""","=""0""","=""3""","=""Low""","=""false"""
"=""bệnh viện aih gói sinh""","=""110""","=""0""","=""5""","=""Low""","=""false"""
"=""bệnh viện asia quận 10""","=""110""","=""0""","=""5""","=""Low""","=""false"""
"=""bệnh viện bewell""","=""110""","=""0.72""","=""3""","=""Low""","=""false"""
"=""bệnh viện sante của ai""","=""110""","=""0""","=""5""","=""Low""","=""false"""
"=""bệnh viện sante có tốt không""","=""110""","=""0""","=""6""","=""Low""","=""true"""
"=""bệnh viện tth huế""","=""110""","=""0""","=""4""","=""Low""","=""false"""
"=""bệnh viện tuyển dụng dược sĩ 2026""","=""110""","=""0.03""","=""7""","=""Low""","=""true"""
"=""bệnh viện 600 giường đà nẵng địa chỉ mới""","=""110""","=""0""","=""9""","=""Low""","=""false"""
"=""bệnh viện 175 có tốt không""","=""90""","=""0""","=""6""","=""Low""","=""false"""
"=""bệnh viện hòa hảo có khám bảo hiểm không""","=""90""","=""0""","=""9""","=""Low""","=""false"""
"=""bệnh viện gtvt hà nội""","=""90""","=""0""","=""5""","=""Low""","=""true"""
"=""bệnh viện hagl""","=""90""","=""0""","=""3""","=""Low""","=""false"""
"=""bệnh viện tp hcm""","=""90""","=""0.32""","=""4""","=""Low""","=""false"""
"=""bệnh viện icon""","=""90""","=""0""","=""3""","=""Low""","=""false"""
"=""bệnh viện iphone bà rịa""","=""90""","=""0""","=""5""","=""Low""","=""false"""
"=""bệnh viện jk nhật hàn""","=""90""","=""8.38""","=""5""","=""Low""","=""false"""
"=""bệnh viện kangnam sài gòn""","=""90""","=""0.86""","=""5""","=""Medium""","=""false"""
"=""bệnh viện lao phổi trung ương hà nội""","=""90""","=""0""","=""8""","=""Low""","=""true"""
"=""bệnh viện lao phổi quy nhơn""","=""90""","=""0""","=""6""","=""Low""","=""false"""
"=""bệnh viện mở rộng bình định""","=""90""","=""0""","=""6""","=""Low""","=""false"""
"=""bệnh viện mỹ đức tuyển dụng""","=""90""","=""0""","=""6""","=""Low""","=""false"""
"=""bệnh viện non hà nam""","=""90""","=""0""","=""5""","=""Low""","=""false"""
"=""bệnh viện ninh giang""","=""90""","=""0""","=""4""","=""Low""","=""true"""
"=""bệnh viện sos phú quốc""","=""90""","=""0""","=""5""","=""Low""","=""false"""
"=""bệnh viện tphcm tuyển dụng""","=""90""","=""0.31""","=""5""","=""Low""","=""false"""
"=""bệnh viện umc""","=""90""","=""0""","=""3""","=""Low""","=""false"""
"=""bệnh viện xanh pôn chuyên về gì""","=""90""","=""0""","=""7""","=""Low""","=""true"""
"=""bệnh viện xanh pôn có tốt không""","=""90""","=""0""","=""7""","=""Low""","=""false"""
"=""bệnh viện xanh""","=""90""","=""0""","=""3""","=""Low""","=""true"""
"=""bệnh viện 41 huế""","=""90""","=""0""","=""4""","=""Low""","=""true"""
"=""bệnh viện 600 giường cơ sở 1""","=""90""","=""0""","=""7""","=""Low""","=""false"""
"=""bệnh viện 87 nha trang có khám bảo hiểm không""","=""90""","=""0""","=""10""","=""Low""","=""false"""
"=""bệnh viện k là gì""","=""90""","=""0""","=""5""","=""Low""","=""false"""
"=""bệnh viện làm việc tới mấy giờ""","=""90""","=""0""","=""7""","=""Low""","=""false"""
"=""bệnh viện flycam""","=""90""","=""0""","=""3""","=""Low""","=""false"""
"=""bệnh viện sis tphcm""","=""90""","=""0""","=""4""","=""Low""","=""true"""
"=""bệnh viện ma ám full hd""","=""90""","=""0""","=""6""","=""Low""","=""false"""
"=""bệnh viện ma ám gonjiam 2020 vietsub""","=""90""","=""0""","=""7""","=""Low""","=""false"""
"=""bệnh viện pitt""","=""90""","=""0""","=""3""","=""Low""","=""false"""
"=""bệnh viện sun phú quốc""","=""90""","=""0""","=""5""","=""Low""","=""true"""
"=""bệnh viện thú cảnh ultrapet""","=""90""","=""0""","=""5""","=""Low""","=""true"""
"=""bệnh viện gần tôi nhất""","=""90""","=""0.56""","=""5""","=""Medium""","=""true"""
"=""bệnh viện acc""","=""70""","=""0.36""","=""3""","=""Medium""","=""false"""
"=""bệnh viện aca""","=""70""","=""0""","=""3""","=""Low""","=""false"""
"=""bệnh viện aih tuyển dụng""","=""70""","=""0""","=""5""","=""Low""","=""false"""
"=""bệnh viện asian""","=""70""","=""0""","=""3""","=""Low""","=""false"""
"=""bệnh viện becamex có khám thứ 7 không""","=""70""","=""0""","=""8""","=""Low""","=""false"""
"=""bệnh viện binh đoàn 15 gia lai""","=""70""","=""0""","=""7""","=""Low""","=""false"""
"=""bệnh viện bộ công an 30 4""","=""70""","=""0""","=""7""","=""Low""","=""false"""
"=""bệnh viện bộ công an 198""","=""70""","=""0""","=""6""","=""Low""","=""false"""
"=""bệnh viện buôn đôn""","=""70""","=""0""","=""4""","=""Low""","=""false"""
"=""bệnh viện ctch""","=""70""","=""0""","=""3""","=""Low""","=""false"""
"=""bệnh viện dhyd cơ sở 1""","=""70""","=""0.23""","=""6""","=""Low""","=""false"""
"=""bệnh viện kusumi ecopark""","=""70""","=""0""","=""4""","=""Low""","=""false"""
"=""bệnh viện emcas chết người""","=""70""","=""0""","=""5""","=""Low""","=""false"""
"=""bệnh viện gonjiam hàn quốc""","=""70""","=""0""","=""5""","=""Low""","=""false"""
"=""bệnh viện golden""","=""70""","=""0""","=""3""","=""Low""","=""true"""
"=""bệnh viện grall""","=""70""","=""0""","=""3""","=""Low""","=""false"""
"=""bệnh viện hy vọng mới lừa đảo""","=""70""","=""0""","=""7""","=""Low""","=""false"""
"=""bệnh viện sis cần thơ địa chỉ""","=""70""","=""0""","=""7""","=""Low""","=""false"""
"=""bệnh viện ivf""","=""70""","=""3.87""","=""3""","=""Medium""","=""false"""
"=""bệnh viện minh an nghệ an""","=""70""","=""0""","=""6""","=""Low""","=""true"""
"=""bệnh viện ma hàn quốc""","=""70""","=""0""","=""5""","=""Low""","=""false"""
"=""bệnh viện pasteur đức trọng""","=""70""","=""0""","=""5""","=""Low""","=""false"""
"=""bệnh viện pleiku""","=""70""","=""0""","=""3""","=""Low""","=""false"""
"=""bệnh viện raffles""","=""70""","=""0""","=""3""","=""Low""","=""false"""
"=""bệnh viện raffles medical""","=""70""","=""0""","=""4""","=""Low""","=""false"""
"=""bệnh viện rhm""","=""70""","=""0""","=""3""","=""Low""","=""false"""
"=""bệnh viện siam thái lan""","=""70""","=""0.65""","=""5""","=""Low""","=""false"""
"=""bệnh viện shing mark tuyển dụng""","=""70""","=""0""","=""6""","=""Low""","=""false"""
"=""bệnh viện shing mark của nước nào""","=""70""","=""0""","=""7""","=""Low""","=""true"""
"=""bệnh viện sun""","=""70""","=""0""","=""3""","=""Low""","=""true"""
"=""bệnh viện tp hà tĩnh""","=""70""","=""0""","=""5""","=""Low""","=""true"""
"=""bệnh viện tth nghệ an""","=""70""","=""0""","=""5""","=""Low""","=""true"""
"=""bệnh viện ưu bướu cần thơ""","=""70""","=""0""","=""6""","=""Low""","=""false"""
"=""bệnh viện ưu bướu 2""","=""70""","=""0""","=""5""","=""Low""","=""true"""
"=""bệnh viện uy tín hà nội""","=""70""","=""0.71""","=""6""","=""Medium""","=""false"""
"=""bệnh viện vnvc""","=""70""","=""0""","=""3""","=""Low""","=""false"""
"=""bệnh viện vũ thư""","=""70""","=""0""","=""4""","=""Low""","=""true"""
"=""bệnh viện yanhee""","=""70""","=""0""","=""3""","=""Low""","=""true"""
"=""bệnh viện zombie""","=""70""","=""0""","=""3""","=""Low""","=""false"""
"=""bệnh viện e có tốt không""","=""70""","=""0""","=""6""","=""Low""","=""false"""
"=""bệnh viện 91 phổ yên""","=""70""","=""0""","=""5""","=""Low""","=""false"""
"=""bệnh viện 91 tam kỳ""","=""70""","=""0""","=""5""","=""Low""","=""false"""
"=""bệnh viện nào lớn nhất việt nam""","=""70""","=""0""","=""7""","=""Low""","=""false"""
"=""bệnh viện của vingroup""","=""70""","=""0""","=""4""","=""Low""","=""false"""
"=""bệnh viện cửa đông vinh""","=""70""","=""0""","=""5""","=""Low""","=""true"""
"=""bệnh viện có nghỉ trưa không""","=""70""","=""0""","=""6""","=""Low""","=""false"""
"=""bệnh viện vinmec có tốt không""","=""70""","=""0""","=""6""","=""Low""","=""false"""
"=""bệnh viện adidas cần thơ""","=""70""","=""0""","=""5""","=""Low""","=""false"""
"=""bệnh viện hà nội quảng ninh""","=""70""","=""0""","=""6""","=""Low""","=""true"""
"=""bệnh viện nura sài gòn""","=""70""","=""0.4""","=""5""","=""Low""","=""true"""
"=""bệnh viện vinmec ocean park 1""","=""70""","=""0.34""","=""6""","=""Low""","=""false"""
"=""bệnh viện tnh thái nguyên""","=""70""","=""0.26""","=""5""","=""Low""","=""false"""
"=""bệnh viện ưu bướu cơ sở 2""","=""70""","=""0""","=""7""","=""Low""","=""false"""
"=""bệnh viện yhct nguyên phúc""","=""70""","=""0""","=""5""","=""Low""","=""false"""
"=""bệnh viện mỹ đức có tốt không""","=""50""","=""0""","=""7""","=""Low""","=""false"""
"=""bệnh viện twg""","=""50""","=""0""","=""3""","=""Low""","=""false"""
"=""bệnh viện asean""","=""50""","=""0""","=""3""","=""Low""","=""false"""
"=""bệnh viện ba vì hà nội""","=""50""","=""0""","=""6""","=""Low""","=""true"""
"=""bệnh viện bộ công an hà đông""","=""50""","=""0""","=""7""","=""Low""","=""true"""
"=""bệnh viện buổi tối""","=""50""","=""0""","=""4""","=""Low""","=""false"""
"=""bệnh viện columbia bình dương tuyển dụng""","=""50""","=""0""","=""7""","=""Low""","=""false"""
"=""bệnh viện eakar""","=""50""","=""0""","=""3""","=""Low""","=""false"""
"=""bệnh viện iom""","=""50""","=""0""","=""3""","=""Low""","=""true"""
"=""bệnh viện sis tuyển dụng""","=""50""","=""0""","=""5""","=""Low""","=""false"""
"=""bệnh viện johns hopkins""","=""50""","=""0""","=""4""","=""Low""","=""true"""
"=""bệnh viện yulje""","=""50""","=""0""","=""3""","=""Low""","=""false"""
"=""bệnh viện yulje hàn quốc""","=""50""","=""0""","=""5""","=""Low""","=""false"""
"=""bệnh viện jw hàn quốc đánh giá""","=""50""","=""0.39""","=""7""","=""Low""","=""false"""
"=""bệnh viện kế sách""","=""50""","=""0""","=""4""","=""Low""","=""false"""
"=""bệnh viện kusumi tuyển dụng""","=""50""","=""0""","=""5""","=""Low""","=""true"""
"=""bệnh viện ninh diêm""","=""50""","=""0""","=""4""","=""Low""","=""false"""
"=""bệnh viện ninh phước""","=""50""","=""0""","=""4""","=""Low""","=""true"""
"=""bệnh viện olympia""","=""50""","=""0.38""","=""3""","=""Low""","=""true"""
"=""bệnh viện olympic""","=""50""","=""0.38""","=""3""","=""Low""","=""true"""
"=""bệnh viện bà ria""","=""50""","=""0""","=""4""","=""Low""","=""false"""
"=""bệnh viện suối khoáng tuyên quang""","=""50""","=""0""","=""6""","=""Low""","=""false"""
"=""bệnh viện sto phương đông có tốt không""","=""50""","=""0""","=""8""","=""Low""","=""false"""
"=""bệnh viện sts""","=""50""","=""0""","=""3""","=""Low""","=""true"""
"=""bệnh viện tw huế cơ sở 2""","=""50""","=""0""","=""7""","=""Low""","=""false"""
"=""bệnh viện vector""","=""50""","=""0""","=""3""","=""Low""","=""true"""
"=""bệnh viện vệ tinh là gì""","=""50""","=""0""","=""6""","=""Low""","=""false"""
"=""bệnh viện vệ tinh""","=""50""","=""0""","=""4""","=""Low""","=""false"""
"=""bệnh viện vn cuba""","=""50""","=""0""","=""4""","=""Low""","=""false"""
"=""bệnh viện võ trường toản cần thơ""","=""50""","=""0""","=""7""","=""Low""","=""false"""
"=""bệnh viện vũ anh gò vấp""","=""50""","=""0""","=""6""","=""Low""","=""false"""
"=""bệnh viện vụ bản""","=""50""","=""0""","=""4""","=""Low""","=""true"""
"=""bệnh viện xanh pôn có khám thứ 7 không""","=""50""","=""0""","=""9""","=""Low""","=""true"""
"=""bệnh viện yersin nha trang tuyển dụng""","=""50""","=""0""","=""7""","=""Low""","=""false"""
"=""bệnh viện 91 thái nguyên""","=""50""","=""0""","=""5""","=""Low""","=""true"""
"=""bệnh viện e là gì""","=""50""","=""0""","=""5""","=""Low""","=""false"""
"=""bệnh viện làm việc mấy giờ""","=""50""","=""0""","=""6""","=""Low""","=""false"""
"=""bệnh viện adidas""","=""50""","=""0""","=""3""","=""Low""","=""false"""
"=""bệnh viện ctump""","=""50""","=""0""","=""3""","=""Low""","=""false"""
"=""bệnh viện doanh nghiệp cvg""","=""50""","=""0""","=""5""","=""Low""","=""false"""
"=""bệnh viện gaya việt hàn địa chỉ mới""","=""50""","=""0""","=""8""","=""Low""","=""true"""
"=""bệnh viện intermec""","=""50""","=""0""","=""3""","=""Low""","=""false"""
"=""bệnh viện xuyên á cư jut""","=""50""","=""0""","=""6""","=""Low""","=""false"""
"=""bệnh viện lvfh""","=""50""","=""0.16""","=""3""","=""Low""","=""true"""
"=""bệnh viện ma ám gonjiam 2020""","=""50""","=""0""","=""6""","=""Low""","=""false"""
"=""bệnh viện nura hà nội""","=""50""","=""0.67""","=""5""","=""Low""","=""true"""
"=""bệnh viện 211 pleiku""","=""50""","=""0""","=""4""","=""Low""","=""false"""
"=""bệnh viện sds cần thơ""","=""50""","=""0""","=""5""","=""Low""","=""true"""
"=""bệnh viện shing mark có khám bảo hiểm không""","=""50""","=""0""","=""9""","=""Low""","=""false"""
"=""bệnh viện sun group phú quốc tuyển dụng""","=""50""","=""0""","=""8""","=""Low""","=""false"""
"=""bệnh viện tnh lạng sơn tuyển dụng""","=""50""","=""0""","=""7""","=""Low""","=""false"""
"=""bệnh viện toàn mỹ quảng ngãi""","=""50""","=""0""","=""6""","=""Low""","=""true"""
"=""bệnh viện ưu bướu tp hcm""","=""50""","=""0""","=""6""","=""Low""","=""false"""
"=""bệnh viện của vin""","=""50""","=""0""","=""4""","=""Low""","=""false"""
"=""bệnh viện thẩm mỹ chợ rẫy""","=""40""","=""0.43""","=""6""","=""Low""","=""false"""
"=""bệnh viện quốc tế fv""","=""40""","=""0.26""","=""5""","=""Low""","=""false"""
"=""bệnh viện aca bỉm sơn""","=""40""","=""0""","=""5""","=""Low""","=""true"""
"=""bệnh viện asean bỉm sơn""","=""40""","=""0""","=""5""","=""Low""","=""false"""
"=""bệnh viện ayunpa""","=""40""","=""0""","=""3""","=""Low""","=""false"""
"=""bệnh viện becamex bình dương có khám bảo hiểm không""","=""40""","=""0""","=""10""","=""Low""","=""true"""
"=""bệnh viện becamex bình dương có tốt không""","=""40""","=""0""","=""8""","=""Low""","=""true"""
"=""bệnh viện biển hải phòng""","=""40""","=""0""","=""5""","=""Low""","=""false"""
"=""bệnh viện cih tuyển dụng""","=""40""","=""0""","=""5""","=""Low""","=""false"""
"=""bệnh viện cuba quảng bình""","=""40""","=""0""","=""5""","=""Low""","=""false"""
"=""bệnh viện đktw cần thơ""","=""40""","=""0""","=""5""","=""Low""","=""false"""
"=""bệnh viện đkkv long khánh""","=""40""","=""0""","=""5""","=""Low""","=""false"""
"=""bệnh viện duy xuyên quảng nam""","=""40""","=""0""","=""6""","=""Low""","=""false"""
"=""bệnh viện fv hospital""","=""40""","=""0.28""","=""4""","=""Low""","=""true"""
"=""bệnh viện fv sài gòn""","=""40""","=""0.23""","=""5""","=""Low""","=""true"""
"=""bệnh viện eahleo""","=""40""","=""0""","=""3""","=""Low""","=""true"""
"=""bệnh viện mekong hcm""","=""40""","=""0""","=""4""","=""Low""","=""false"""
"=""bệnh viện hiện đại nhất việt nam""","=""40""","=""0""","=""7""","=""Low""","=""false"""
"=""bệnh viện hy vọng mới có tốt không""","=""40""","=""0""","=""8""","=""Low""","=""false"""
"=""bệnh viện icu""","=""40""","=""0""","=""3""","=""Low""","=""false"""
"=""bệnh viện jw tuyển dụng""","=""40""","=""0""","=""5""","=""Low""","=""false"""
"=""bệnh viện kangnam phốt""","=""40""","=""0""","=""4""","=""Low""","=""true"""
"=""bệnh viện keangnam""","=""40""","=""1.14""","=""3""","=""Low""","=""false"""
"=""bệnh viện lũy bán bích""","=""40""","=""0""","=""5""","=""Low""","=""false"""
"=""bệnh viện lý thái tổ""","=""40""","=""0""","=""5""","=""Low""","=""false"""
"=""bệnh viện vinmec ocean park""","=""40""","=""0.44""","=""5""","=""Low""","=""false"""
"=""bệnh viện png""","=""40""","=""0""","=""3""","=""Low""","=""false"""
"=""bệnh viện seoul""","=""40""","=""0""","=""3""","=""Low""","=""false"""
"=""bệnh viện segaero""","=""40""","=""0""","=""3""","=""Low""","=""true"""
"=""bệnh viện song an""","=""40""","=""0""","=""4""","=""Low""","=""false"""
"=""bệnh viện symbol""","=""40""","=""0.77""","=""3""","=""Low""","=""false"""
"=""bệnh viện teresa""","=""40""","=""0""","=""3""","=""Low""","=""false"""
"=""bệnh viện tmhh""","=""40""","=""0""","=""3""","=""Low""","=""false"""
"=""bệnh viện tokyo""","=""40""","=""0""","=""3""","=""Low""","=""false"""
"=""bệnh viện công ty cao su dầu tiếng""","=""40""","=""0""","=""8""","=""Low""","=""false"""
"=""bệnh viện uy tín tphcm""","=""40""","=""0.32""","=""5""","=""Low""","=""false"""
"=""bệnh viện về xương khớp tại tphcm""","=""40""","=""0.28""","=""7""","=""Medium""","=""false"""
"=""bệnh viện vệ tinh của chợ rẫy""","=""40""","=""0""","=""7""","=""Low""","=""true"""
"=""bệnh viện võ văn kiệt""","=""40""","=""0""","=""5""","=""Low""","=""false"""
"=""bệnh viện waverly hills""","=""40""","=""0""","=""4""","=""Low""","=""false"""
"=""bệnh viện ximax""","=""40""","=""0""","=""3""","=""Low""","=""true"""
"=""bệnh viện xin mát""","=""40""","=""0""","=""4""","=""Low""","=""false"""
"=""bệnh viện yanhee thái lan""","=""40""","=""0""","=""5""","=""Low""","=""false"""
"=""bệnh viện yecxanh""","=""40""","=""0""","=""3""","=""Low""","=""false"""
"=""bệnh viện 09 là bệnh viện gì""","=""40""","=""0""","=""7""","=""Low""","=""false"""
"=""bệnh viện 600 giường đà nẵng cơ sở 2""","=""40""","=""0""","=""9""","=""Low""","=""true"""
"=""bệnh viện 911""","=""40""","=""0""","=""3""","=""Low""","=""true"""
"=""bệnh viện 911 đà nẵng""","=""40""","=""0""","=""5""","=""Low""","=""true"""
"=""bệnh viện của bộ công an""","=""40""","=""0""","=""6""","=""Low""","=""true"""
"=""bệnh viện trong tiếng nhật""","=""40""","=""0""","=""5""","=""Low""","=""false"""
"=""bệnh viện cùng tuyến là gì""","=""40""","=""0""","=""6""","=""Low""","=""false"""
"=""bệnh viện agape""","=""40""","=""0""","=""3""","=""Low""","=""false"""
"=""bệnh viện thẩm mỹ ava phốt""","=""40""","=""0""","=""6""","=""Low""","=""true"""
"=""bệnh viện ba lan 2""","=""40""","=""0""","=""5""","=""Low""","=""false"""
"=""bệnh viện bih""","=""40""","=""0""","=""3""","=""Low""","=""false"""
"=""bệnh viện ck pttm quốc tế thảo điền""","=""40""","=""0""","=""8""","=""Medium""","=""false"""
"=""bệnh viện dnc""","=""40""","=""0""","=""3""","=""Low""","=""false"""
"=""bệnh viện dr hải lê""","=""40""","=""2.27""","=""5""","=""Low""","=""false"""
"=""bệnh viện dym hà nội""","=""40""","=""0""","=""5""","=""Low""","=""false"""
"=""bệnh viện 333 eakar""","=""40""","=""0""","=""4""","=""Low""","=""true"""
"=""bệnh viện fennica hà nội""","=""40""","=""0""","=""5""","=""Low""","=""false"""
"=""bệnh viện funika""","=""40""","=""0.44""","=""3""","=""Low""","=""true"""
"=""bệnh viện gaya""","=""40""","=""0""","=""3""","=""Low""","=""true"""
"=""bệnh viện gonjiam diễn viên""","=""40""","=""0""","=""5""","=""Low""","=""false"""
"=""bệnh viện gonjiam netflix""","=""40""","=""0""","=""4""","=""Low""","=""false"""
"=""bệnh viện hiệp lợi quận 8""","=""40""","=""0.86""","=""6""","=""Low""","=""false"""
"=""bệnh viện kei mei kai""","=""40""","=""0""","=""5""","=""Low""","=""true"""
"=""bệnh viện quảng oai""","=""40""","=""0""","=""4""","=""Low""","=""false"""
"=""bệnh viện ocean park 2""","=""40""","=""0""","=""5""","=""Low""","=""true"""
"=""bệnh viện pitt phần 1""","=""40""","=""0""","=""5""","=""Low""","=""false"""
"=""bệnh viện rhm sài gòn""","=""40""","=""0""","=""5""","=""Low""","=""false"""
"=""bệnh viện sds""","=""40""","=""0""","=""3""","=""Low""","=""false"""
"=""bệnh viện sms""","=""40""","=""0""","=""3""","=""Low""","=""false"""
"=""bệnh viện song anh""","=""40""","=""0""","=""4""","=""Low""","=""false"""
"=""bệnh viện song linh""","=""40""","=""0""","=""4""","=""Low""","=""false"""
"=""bệnh viện sts cần thơ""","=""40""","=""0""","=""5""","=""Low""","=""true"""
"=""bệnh viện thú y roblox""","=""40""","=""0""","=""5""","=""Low""","=""true"""
"=""bệnh viện tnh phổ yên thái nguyên""","=""40""","=""0.23""","=""7""","=""Low""","=""true"""
"=""bệnh viện top 1 việt nam""","=""40""","=""0""","=""6""","=""Low""","=""false"""
"=""bệnh viện vũ cao dĩ an""","=""40""","=""0""","=""6""","=""Low""","=""true"""
"=""bệnh viện yhct nghệ an""","=""40""","=""0""","=""5""","=""Low""","=""false"""
"=""bệnh viện bay orbis""","=""30""","=""0""","=""4""","=""Low""","=""true"""
"=""bệnh viện bumrungrad thái lan""","=""30""","=""0""","=""5""","=""Low""","=""false"""
"=""bệnh viện columbia asia bình dương tuyển dụng""","=""30""","=""0.39""","=""8""","=""Low""","=""false"""
"=""bệnh viện đẻ tốt nhất tphcm""","=""30""","=""0""","=""6""","=""Low""","=""false"""
"=""bệnh viện đẻ""","=""30""","=""0""","=""3""","=""Low""","=""false"""
"=""bệnh viện dha""","=""30""","=""0""","=""3""","=""Low""","=""false"""
"=""bệnh viện fv tuyển dụng dược sĩ""","=""30""","=""0""","=""7""","=""Low""","=""false"""
"=""bệnh viện doldam""","=""30""","=""0""","=""3""","=""Low""","=""true"""
"=""bệnh viện dolife tuyển dụng""","=""30""","=""0""","=""5""","=""Low""","=""false"""
"=""bệnh viện doctor check""","=""30""","=""0.31""","=""4""","=""Low""","=""false"""
"=""bệnh viện ecopark""","=""30""","=""0""","=""3""","=""Low""","=""false"""
"=""bệnh viện tokyo ecopark""","=""30""","=""0""","=""4""","=""Low""","=""false"""
"=""bệnh viện đại học nữ ewha seoul""","=""30""","=""0""","=""7""","=""Low""","=""false"""
"=""bệnh viện ghẽ hải dương""","=""30""","=""0""","=""5""","=""Low""","=""false"""
"=""bệnh viện gut tp hcm""","=""30""","=""0""","=""5""","=""Low""","=""false"""
"=""bệnh viện healthy care""","=""30""","=""0""","=""4""","=""Low""","=""false"""
"=""bệnh viện jio health""","=""30""","=""0.38""","=""4""","=""Low""","=""false"""
"=""bệnh viện yulje có thật không""","=""30""","=""0""","=""6""","=""Low""","=""false"""
"=""bệnh viện kangnam tuyển dụng""","=""30""","=""0""","=""5""","=""Low""","=""false"""
"=""bệnh viện mắt ktc phương nam""","=""30""","=""0""","=""6""","=""Low""","=""true"""
"=""bệnh viện non""","=""30""","=""0""","=""3""","=""Low""","=""true"""
"=""bệnh viện pnt""","=""30""","=""0""","=""3""","=""Low""","=""false"""
"=""bệnh viện pshn""","=""30""","=""1.64""","=""3""","=""Low""","=""true"""
"=""bệnh viện raffles singapore""","=""30""","=""0""","=""4""","=""Low""","=""false"""
"=""bệnh viện ro7 vinh""","=""30""","=""0""","=""4""","=""Low""","=""false"""
"=""bệnh viện sbb""","=""30""","=""0""","=""3""","=""Low""","=""true"""
"=""bệnh viện st paul""","=""30""","=""0""","=""4""","=""Low""","=""false"""
"=""bệnh viện tci""","=""30""","=""0.65""","=""3""","=""Low""","=""true"""
"=""bệnh viện 354 tchc""","=""30""","=""0""","=""4""","=""Low""","=""false"""
"=""bệnh viện top đầu việt nam""","=""30""","=""0""","=""6""","=""Low""","=""false"""
"=""bệnh viện tomec tuyển dụng""","=""30""","=""0.55""","=""5""","=""Low""","=""true"""
"=""bệnh viện to nhất việt nam""","=""30""","=""0""","=""6""","=""Low""","=""false"""
"=""bệnh viện tp quy nhơn""","=""30""","=""0""","=""5""","=""Low""","=""false"""
"=""bệnh viện tth là gì""","=""30""","=""0""","=""5""","=""Low""","=""false"""
"=""bệnh viện tw 108""","=""30""","=""0""","=""4""","=""Low""","=""false"""
"=""bệnh viện usac""","=""30""","=""0.45""","=""3""","=""Medium""","=""true"""
"=""bệnh viện uy tín""","=""30""","=""0""","=""4""","=""Low""","=""false"""
"=""bệnh viện vuông tròn""","=""30""","=""0.37""","=""4""","=""Low""","=""false"""
"=""bệnh viện 09 hà nội""","=""30""","=""0""","=""5""","=""Low""","=""false"""
"=""bệnh viện 600 giường đà nẵng có khám thứ 7 không""","=""30""","=""0""","=""11""","=""Low""","=""true"""
"=""bệnh viện 600 giường đà nẵng địa chỉ""","=""30""","=""0""","=""8""","=""Low""","=""false"""
"=""bệnh viện có bao nhiêu khoa""","=""30""","=""0""","=""6""","=""Low""","=""false"""
"=""bệnh viện của phạm nhật vượng""","=""30""","=""0""","=""6""","=""Low""","=""false"""
"=""bệnh viện của shark việt""","=""30""","=""0""","=""5""","=""Low""","=""false"""
"=""bệnh viện của sun group""","=""30""","=""0""","=""5""","=""Low""","=""false"""
"=""bệnh viện thuộc bộ công an""","=""30""","=""0""","=""6""","=""Low""","=""false"""
"=""bệnh viện thuộc bộ y tế""","=""30""","=""0""","=""6""","=""Low""","=""false"""
"=""bệnh viện trong tiếng anh đọc là gì""","=""30""","=""0""","=""8""","=""Low""","=""false"""
"=""bệnh viện trên đường lý thường kiệt""","=""30""","=""0""","=""7""","=""Low""","=""false"""
"=""bệnh viện làm giấy khám sức khỏe""","=""30""","=""0.26""","=""7""","=""Medium""","=""false"""
"=""bệnh viện nhi bmt""","=""30""","=""0""","=""4""","=""Low""","=""false"""
"=""bệnh viện buh bmt""","=""30""","=""0""","=""4""","=""Low""","=""true"""
"=""bệnh viện cmec đại từ""","=""30""","=""0""","=""5""","=""Low""","=""true"""
"=""bệnh viện doanh nghiệp""","=""30""","=""0""","=""4""","=""Low""","=""false"""
"=""bệnh viện dym quận 1""","=""30""","=""0""","=""5""","=""Low""","=""true"""
"=""bệnh viện felica""","=""30""","=""0.33""","=""3""","=""Low""","=""false"""
"=""bệnh viện phenikaa của nước não""","=""30""","=""0""","=""6""","=""Low""","=""true"""
"=""bệnh viện fpt""","=""30""","=""0""","=""3""","=""Low""","=""false"""
"=""bệnh viện jk nhật hàn chết người""","=""30""","=""0""","=""7""","=""Low""","=""false"""
"=""bệnh viện jw bị kiện""","=""30""","=""0""","=""5""","=""Low""","=""true"""
"=""bệnh viện liên chiểu có khám thứ 7 không""","=""30""","=""0""","=""9""","=""Low""","=""false"""
"=""bệnh viện lu""","=""30""","=""0""","=""3""","=""Low""","=""false"""
"=""bệnh viện pleiku gia lai""","=""30""","=""0""","=""5""","=""Low""","=""true"""
"=""bệnh viện sbs""","=""30""","=""0""","=""3""","=""Low""","=""true"""
"=""bệnh viện sos ở cần thơ""","=""30""","=""0""","=""6""","=""Low""","=""true"""
"=""bệnh viện thuận mỹ tdm ảnh""","=""30""","=""0.41""","=""6""","=""Low""","=""false"""
"=""bệnh viện tmmc""","=""30""","=""0""","=""3""","=""Low""","=""false"""
"=""bệnh viện tth vinh có khám bảo hiểm không""","=""30""","=""0""","=""9""","=""Low""","=""false"""
"=""bệnh viện công ty cao su bình long""","=""30""","=""0""","=""8""","=""Low""","=""false"""
"=""bệnh viện ưu bướu thủ đức""","=""30""","=""0""","=""6""","=""Low""","=""false"""
"=""bệnh viện vpi vĩnh phúc""","=""30""","=""0""","=""5""","=""Low""","=""false"""
"=""bệnh viện vpi""","=""30""","=""0""","=""3""","=""Low""","=""false"""
"=""bệnh viện ba xe ô môn""","=""30""","=""0""","=""6""","=""Low""","=""true"""
"=""bệnh viện xin max""","=""30""","=""0""","=""4""","=""Low""","=""true"""
"=""bệnh viện saigon young""","=""30""","=""0""","=""4""","=""Low""","=""false"""
"=""bệnh viện 91 phổ yên thái nguyên""","=""30""","=""0""","=""7""","=""Low""","=""false"""
"=""bệnh viện trong tiếng hàn""","=""30""","=""0""","=""5""","=""Low""","=""true"""
"=""bệnh viện làm việc từ mấy h""","=""30""","=""0""","=""7""","=""Low""","=""true"""
"=""bệnh viện 354 địa chỉ""","=""20""","=""0""","=""5""","=""Low""","=""false"""
"=""bệnh viện acc sài gòn""","=""20""","=""0.24""","=""5""","=""Medium""","=""false"""
"=""bệnh viện af hà nội""","=""20""","=""1.16""","=""5""","=""Low""","=""false"""
"=""bệnh viện asia phú mỹ""","=""20""","=""0""","=""5""","=""Low""","=""false"""
"=""bệnh viện ava văn lang""","=""20""","=""0""","=""5""","=""Low""","=""false"""
"=""bệnh viện medic bd""","=""20""","=""0""","=""4""","=""Low""","=""false"""
"=""bệnh viện biên hòa 2""","=""20""","=""0""","=""5""","=""Low""","=""true"""
"=""bệnh viện central park""","=""20""","=""0.24""","=""4""","=""Low""","=""false"""
"=""bệnh viện cdc""","=""20""","=""0""","=""3""","=""Low""","=""true"""
"=""bệnh viện mayo clinic""","=""20""","=""0""","=""4""","=""Low""","=""true"""
"=""bệnh viện columbia tuyển dụng""","=""20""","=""0""","=""5""","=""Low""","=""false"""
"=""bệnh viện cr""","=""20""","=""0""","=""3""","=""Low""","=""false"""
"=""bệnh viện ctch tphcm""","=""20""","=""0.49""","=""4""","=""Low""","=""false"""
"=""bệnh viện dhyd hcm""","=""20""","=""0""","=""4""","=""Low""","=""false"""
"=""bệnh viện đk phương đông""","=""20""","=""0""","=""5""","=""Low""","=""false"""
"=""bệnh viện dung quất""","=""20""","=""0""","=""4""","=""Low""","=""true"""
"=""bệnh viện duy tiên hà nam""","=""20""","=""0""","=""6""","=""Low""","=""false"""
"=""bệnh viện emcas quận 10""","=""20""","=""0.51""","=""5""","=""Low""","=""true"""
"=""bệnh viện family medical""","=""20""","=""0""","=""4""","=""Low""","=""false"""
"=""bệnh viện fmp""","=""20""","=""0""","=""3""","=""Low""","=""false"""
"=""bệnh viện fujikyu""","=""20""","=""0""","=""3""","=""Low""","=""false"""
"=""bệnh viện ma full hd""","=""20""","=""0""","=""5""","=""Low""","=""false"""
"=""bệnh viện hà nội viêng chăn""","=""20""","=""0""","=""6""","=""Low""","=""true"""
"=""bệnh viện hv""","=""20""","=""0""","=""3""","=""Low""","=""false"""
"=""bệnh viện is""","=""20""","=""0""","=""3""","=""Low""","=""true"""
"=""bệnh viện jw hàn quốc tuyển dụng""","=""20""","=""0""","=""7""","=""Low""","=""true"""
"=""bệnh viện liên kết pvi""","=""20""","=""0""","=""5""","=""Low""","=""false"""
"=""bệnh viện liên kết bảo việt""","=""20""","=""0""","=""6""","=""Low""","=""false"""
"=""bệnh viện liên kết manulife""","=""20""","=""0""","=""5""","=""Low""","=""false"""
"=""bệnh viện oto""","=""20""","=""0""","=""3""","=""Low""","=""true"""
"=""bệnh viện petpro""","=""20""","=""0""","=""3""","=""Low""","=""false"""
"=""bệnh viện pvi""","=""20""","=""0""","=""3""","=""Low""","=""false"""
"=""bệnh viện seoul hàn quốc""","=""20""","=""0""","=""5""","=""Low""","=""false"""
"=""bệnh viện sps cần thơ""","=""20""","=""0""","=""5""","=""Low""","=""true"""
"=""bệnh viện tdtt hà nội""","=""20""","=""0""","=""5""","=""Low""","=""false"""
"=""bệnh viện tmh sài gòn""","=""20""","=""0""","=""5""","=""Low""","=""false"""
"=""bệnh viện to nhất hà nội""","=""20""","=""0.76""","=""6""","=""Medium""","=""false"""
"=""bệnh viện tp bmt""","=""20""","=""0""","=""4""","=""Low""","=""true"""
"=""bệnh viện vũ thư thái bình""","=""20""","=""0""","=""6""","=""Low""","=""false"""
"=""bệnh viện z111 thanh hoá""","=""20""","=""0""","=""5""","=""Low""","=""false"""
"=""bệnh viện 07 nghệ an""","=""20""","=""0""","=""5""","=""Low""","=""false"""
"=""bệnh viện 09 cầu bươu""","=""20""","=""0""","=""5""","=""Low""","=""true"""
"=""bệnh viện 87 nha trang khánh hòa""","=""20""","=""0""","=""7""","=""Low""","=""true"""
"=""bệnh viện trên đường điện biên phủ""","=""20""","=""0""","=""7""","=""Low""","=""false"""
"=""bệnh viện có thanh toán bằng thẻ tín dụng không""","=""20""","=""0""","=""10""","=""Low""","=""true"""
"=""bệnh viện không được khám ngoại tỉnh là gì""","=""20""","=""0""","=""9""","=""Low""","=""false"""
"=""bệnh viện có ma không""","=""20""","=""0""","=""5""","=""Low""","=""false"""
"=""bệnh viện ai""","=""20""","=""0""","=""3""","=""Low""","=""false"""
"=""bệnh viện alina""","=""20""","=""0""","=""3""","=""Low""","=""false"""
"=""bệnh viện az nose""","=""20""","=""0.62""","=""4""","=""Medium""","=""false"""
"=""bệnh viện doanh nghiệp cvg shark group""","=""20""","=""0""","=""7""","=""Low""","=""false"""
"=""bệnh viện fv địa chỉ mới""","=""20""","=""0.17""","=""6""","=""Low""","=""false"""
"=""bệnh viện gần ecopark""","=""20""","=""0""","=""4""","=""Low""","=""false"""
"=""bệnh viện vineye""","=""20""","=""1.78""","=""3""","=""Low""","=""true"""
"=""bệnh viện fps cần thơ""","=""20""","=""0""","=""5""","=""Low""","=""false"""
"=""bệnh viện ghẽ cẩm giàng hải dương""","=""20""","=""0""","=""7""","=""Low""","=""true"""
"=""bệnh viện hplus""","=""20""","=""0""","=""3""","=""Low""","=""false"""
"=""bệnh viện ibaby thái lan""","=""20""","=""0""","=""5""","=""Low""","=""false"""
"=""bệnh viện aih thủ đức""","=""20""","=""0""","=""5""","=""Low""","=""false"""
"=""bệnh viện ios cần thơ""","=""20""","=""0""","=""5""","=""Low""","=""false"""
"=""bệnh viện liên chiểu mấy giờ làm việc""","=""20""","=""0""","=""8""","=""Low""","=""false"""
"=""bệnh viện lý sơn""","=""20""","=""0""","=""4""","=""Low""","=""false"""
"=""bệnh viện lvfh hà nội""","=""20""","=""0.23""","=""5""","=""Low""","=""true"""
"=""bệnh viện msg""","=""20""","=""2.34""","=""3""","=""Low""","=""false"""
"=""bệnh viện k mst""","=""20""","=""0""","=""4""","=""Low""","=""true"""
"=""bệnh viện e mst""","=""20""","=""0""","=""4""","=""Low""","=""false"""
"=""bệnh viện thú y npet""","=""20""","=""0""","=""5""","=""Low""","=""false"""
"=""bệnh viện vinmec ocean park 2 tuyển dụng""","=""20""","=""0""","=""8""","=""Low""","=""false"""
"=""bệnh viện ohio""","=""20""","=""1.99""","=""3""","=""Low""","=""false"""
"=""bệnh viện h plus""","=""20""","=""0""","=""4""","=""Low""","=""true"""
"=""bệnh viện đa khoa sbb""","=""20""","=""0""","=""5""","=""Low""","=""false"""
"=""bệnh viện shing mark khoa sản""","=""20""","=""0""","=""6""","=""Low""","=""false"""
"=""bệnh viện tnh lạng sơn là gì""","=""20""","=""0""","=""7""","=""Low""","=""true"""
"=""bệnh viện ub cơ sở 2""","=""20""","=""0""","=""6""","=""Low""","=""false"""
"=""bệnh viện trung uong cần thơ""","=""20""","=""0""","=""6""","=""Low""","=""false"""
"=""bệnh viện vajira""","=""20""","=""0""","=""3""","=""Low""","=""false"""
"=""bệnh viện venica""","=""20""","=""0""","=""3""","=""Low""","=""false"""
"=""bệnh viện vejthani""","=""20""","=""0""","=""3""","=""Low""","=""false"""
"=""bệnh viện vnpt""","=""20""","=""0""","=""3""","=""Low""","=""false"""
"=""bệnh viện vnmed""","=""20""","=""0""","=""3""","=""Low""","=""false"""
"=""bệnh viện ba xe""","=""20""","=""0""","=""4""","=""Low""","=""false"""
"=""bệnh viện thú y pet""","=""20""","=""0""","=""5""","=""Low""","=""false"""
"=""bệnh viện yersin nha trang thuộc tuyến nào""","=""20""","=""0""","=""8""","=""Low""","=""false"""
"=""bệnh viện ykao""","=""20""","=""0""","=""3""","=""Low""","=""false"""
"=""bệnh viện 87 chuyên khoa gì""","=""20""","=""0""","=""6""","=""Low""","=""false"""
"=""bệnh viện 9 vĩnh yên""","=""20""","=""0""","=""5""","=""Low""","=""true"""
"=""bệnh viện của công an""","=""20""","=""0""","=""5""","=""Low""","=""true"""
"=""bệnh viện trong sài gòn""","=""20""","=""0""","=""5""","=""Low""","=""false"""
"=""bệnh viện có khám cuối tuần không""","=""20""","=""1.43""","=""7""","=""Low""","=""true"""
"=""bệnh viện thẩm mỹ ab""","=""10""","=""0""","=""5""","=""Low""","=""false"""
"=""bệnh viện aca bỉm sơn thanh hóa""","=""10""","=""0""","=""7""","=""Low""","=""false"""
"=""bệnh viện acc có tốt không""","=""10""","=""0""","=""6""","=""Low""","=""false"""
"=""bệnh viện aca thanh hóa""","=""10""","=""0""","=""5""","=""Low""","=""false"""
"=""bệnh viện adn""","=""10""","=""0""","=""3""","=""Low""","=""false"""
"=""bệnh viện adona""","=""10""","=""0""","=""3""","=""Low""","=""false"""
"=""bệnh viện american""","=""10""","=""0.11""","=""3""","=""Low""","=""false"""
"=""bệnh viện albert einstein""","=""10""","=""0""","=""4""","=""Low""","=""true"""
"=""bệnh viện superior art""","=""10""","=""0""","=""4""","=""Low""","=""false"""
"=""bệnh viện athena""","=""10""","=""0""","=""3""","=""Low""","=""false"""
"=""bệnh viện apollo""","=""10""","=""0""","=""3""","=""Low""","=""false"""
"=""bệnh viện thẩm mỹ az nose""","=""10""","=""0.57""","=""6""","=""Medium""","=""false"""
"=""bệnh viện bnh thái lan""","=""10""","=""0""","=""5""","=""Low""","=""false"""
"=""bệnh viện boston""","=""10""","=""0""","=""3""","=""Low""","=""false"""
"=""bệnh viện e là bv gì""","=""10""","=""0""","=""6""","=""Low""","=""false"""
"=""bệnh viện cdc cần thơ""","=""10""","=""0""","=""5""","=""Low""","=""false"""
"=""bệnh viện cih có tốt không""","=""10""","=""0""","=""6""","=""Low""","=""true"""
"=""bệnh viện city tuyển dụng""","=""10""","=""0""","=""5""","=""Low""","=""false"""
"=""bệnh viện ctch saigon ito""","=""10""","=""0""","=""5""","=""Low""","=""false"""
"=""bệnh viện dna tuyển dụng""","=""10""","=""0""","=""5""","=""Low""","=""false"""
"=""bệnh viện elizabeth""","=""10""","=""0""","=""3""","=""Low""","=""false"""
"=""bệnh viện exson sư vạn hạnh""","=""10""","=""0""","=""6""","=""Low""","=""false"""
"=""bệnh viện em bé""","=""10""","=""0""","=""4""","=""Low""","=""true"""
"=""bệnh viện emcas có tốt không""","=""10""","=""0""","=""6""","=""Low""","=""false"""
"=""bệnh viện emcas tuyển dụng""","=""10""","=""0""","=""5""","=""Low""","=""false"""
"=""bệnh viện emcas địa chỉ""","=""10""","=""0""","=""5""","=""Low""","=""false"""
"=""bệnh viện em cát""","=""10""","=""0""","=""4""","=""Low""","=""false"""
"=""bệnh viện family đà nẵng tuyển dụng""","=""10""","=""0""","=""7""","=""Low""","=""false"""
"=""bệnh viện đại học ewha""","=""10""","=""0""","=""5""","=""Low""","=""false"""
"=""bệnh viện đại học nữ ewha""","=""10""","=""0""","=""6""","=""Low""","=""false"""
"=""bệnh viện tiêm filler uy tín""","=""10""","=""1.31""","=""6""","=""Medium""","=""false"""
"=""bệnh viện flc thái bình""","=""10""","=""0""","=""5""","=""Low""","=""false"""
"=""bệnh viện flc""","=""10""","=""0""","=""3""","=""Low""","=""false"""
"=""bệnh viện đa khoa fortis hoàn mỹ sài gòn""","=""10""","=""0""","=""9""","=""Low""","=""false"""
"=""bệnh viện franco việt nam""","=""10""","=""0""","=""5""","=""High""","=""false"""
"=""bệnh viện fuda""","=""10""","=""0""","=""3""","=""Low""","=""false"""
"=""bệnh viện liên kết fwd""","=""10""","=""0""","=""5""","=""Low""","=""false"""
"=""bệnh viện fv cần thơ""","=""10""","=""0""","=""5""","=""Low""","=""false"""
"=""bệnh viện gan mật hà nội""","=""10""","=""0""","=""6""","=""Low""","=""false"""
"=""bệnh viện gentis""","=""10""","=""0""","=""3""","=""Medium""","=""false"""
"=""bệnh viện gleneagles""","=""10""","=""0""","=""3""","=""Low""","=""false"""
"=""bệnh viện gleneagles singapore""","=""10""","=""0""","=""4""","=""Low""","=""false"""
"=""bệnh viện green hải phòng tuyển dụng""","=""10""","=""0""","=""7""","=""Low""","=""false"""
"=""bệnh viện green hp""","=""10""","=""0""","=""4""","=""Low""","=""true"""
"=""bệnh viện green tuyển dụng""","=""10""","=""0""","=""5""","=""Low""","=""false"""
"=""bệnh viện green hải phòng có tốt không""","=""10""","=""0""","=""8""","=""Low""","=""false"""
"=""bệnh viện gtvt huế""","=""10""","=""0""","=""4""","=""Low""","=""false"""
"=""bệnh viện chang gung""","=""10""","=""0""","=""4""","=""Low""","=""false"""
"=""bệnh viện hay nhất sài gòn""","=""10""","=""0""","=""6""","=""Low""","=""false"""
"=""bệnh viện hbc""","=""10""","=""0""","=""3""","=""Low""","=""false"""
"=""bệnh viện hen suyễn""","=""10""","=""0""","=""4""","=""Low""","=""false"""
"=""bệnh viện hepa phước an""","=""10""","=""0""","=""5""","=""Low""","=""false"""
"=""bệnh viện hfh""","=""10""","=""0""","=""3""","=""Low""","=""false"""
"=""bệnh viện hy vọng mới vtv2""","=""10""","=""0""","=""6""","=""Low""","=""false"""
"=""bệnh viện id""","=""10""","=""0""","=""3""","=""Low""","=""false"""
"=""bệnh viện thẩm mỹ id hàn quốc""","=""10""","=""0""","=""7""","=""Low""","=""false"""
"=""bệnh viện thẩm mỹ id""","=""10""","=""0""","=""5""","=""Low""","=""false"""
"=""bệnh viện iphone tại hà nội""","=""10""","=""0""","=""6""","=""High""","=""false"""
"=""bệnh viện jk""","=""10""","=""6.54""","=""3""","=""Medium""","=""false"""
"=""bệnh viện thẩm mỹ jk""","=""10""","=""3.6""","=""5""","=""Medium""","=""true"""
"=""bệnh viện jt angel tuyển dụng""","=""10""","=""0""","=""6""","=""Low""","=""false"""
"=""bệnh viện mắt jumbo""","=""10""","=""0""","=""4""","=""Medium""","=""false"""
"=""bệnh viện kcb ban đầu""","=""10""","=""0""","=""5""","=""Low""","=""false"""
"=""bệnh viện kk singapore""","=""10""","=""0""","=""4""","=""Low""","=""false"""
"=""bệnh viện kon tum tuyển dụng""","=""10""","=""0""","=""6""","=""Low""","=""false"""
"=""bệnh viện korea""","=""10""","=""0""","=""3""","=""Low""","=""false"""
"=""bệnh viện kst quy nhơn""","=""10""","=""0""","=""5""","=""Low""","=""false"""
"=""bệnh viện krong buk""","=""10""","=""0""","=""4""","=""Low""","=""false"""
"=""bệnh viện tuyển dụng ktv xét nghiệm""","=""10""","=""0""","=""7""","=""Low""","=""false"""
"=""bệnh viện jetanin thái lan""","=""10""","=""0""","=""5""","=""Low""","=""false"""
"=""bệnh viện đa khoa kwang myung việt nam""","=""10""","=""0""","=""8""","=""Low""","=""false"""
"=""bệnh viện kyoto""","=""10""","=""0""","=""3""","=""Low""","=""false"""
"=""bệnh viện lgbt""","=""10""","=""0""","=""3""","=""Low""","=""false"""
"=""bệnh viện liên kết với prudential""","=""10""","=""0""","=""6""","=""Low""","=""false"""
"=""bệnh viện liên kết aia""","=""10""","=""0""","=""5""","=""Low""","=""false"""
"=""bệnh viện newlife""","=""10""","=""0""","=""3""","=""Low""","=""false"""
"=""bệnh viện new amsterdam""","=""10""","=""0""","=""4""","=""Low""","=""false"""
"=""bệnh viện novaland""","=""10""","=""0""","=""3""","=""Low""","=""false"""
"=""bệnh viện nova""","=""10""","=""0""","=""3""","=""Low""","=""false"""
"=""bệnh viện nuh singapore""","=""10""","=""0""","=""4""","=""Low""","=""false"""
"=""bệnh viện old changi""","=""10""","=""0""","=""4""","=""Low""","=""false"""
"=""bệnh viện olympus""","=""10""","=""0""","=""3""","=""Low""","=""false"""
"=""bệnh viện olea""","=""10""","=""0""","=""3""","=""Low""","=""false"""
"=""bệnh viện osaka""","=""10""","=""0""","=""3""","=""Low""","=""false"""
"=""bệnh viện ở osaka""","=""10""","=""0""","=""4""","=""Low""","=""false"""
"=""bệnh viện ma ost""","=""10""","=""0""","=""4""","=""Low""","=""false"""
"=""bệnh viện lớn ở osaka""","=""10""","=""0""","=""5""","=""Low""","=""false"""
"=""bệnh viện việt đức org""","=""10""","=""0""","=""5""","=""Low""","=""false"""
"=""bệnh viện tinh gọn pdf""","=""10""","=""0""","=""5""","=""Medium""","=""true"""
"=""bệnh viện 13 pc""","=""10""","=""0""","=""4""","=""Low""","=""false"""
"=""bệnh viện perfect""","=""10""","=""0""","=""3""","=""Low""","=""false"""
"=""bệnh viện pvi bảo lãnh""","=""10""","=""0""","=""5""","=""Low""","=""false"""
"=""bệnh viện pttm ngô mộng hùng""","=""10""","=""0.43""","=""6""","=""Medium""","=""false"""
"=""bệnh viện pttm hiệp lợi""","=""10""","=""0""","=""5""","=""Low""","=""false"""
"=""bệnh viện psqt sài gòn""","=""10""","=""0""","=""5""","=""Low""","=""false"""
"=""bệnh viện remix""","=""10""","=""0""","=""3""","=""Low""","=""false"""
"=""bệnh viện bà ria vũng tàu""","=""10""","=""0""","=""6""","=""Low""","=""false"""
"=""bệnh viện royal""","=""10""","=""0""","=""3""","=""Low""","=""false"""
"=""bệnh viện ro7""","=""10""","=""0""","=""3""","=""Low""","=""false"""
"=""bệnh viện seoul center""","=""10""","=""0.65""","=""4""","=""Medium""","=""false"""
"=""bệnh viện sg pr""","=""10""","=""0""","=""4""","=""Low""","=""false"""
"=""bệnh viện sgh singapore""","=""10""","=""0""","=""4""","=""Low""","=""false"""
"=""bệnh viện stanford mỹ""","=""10""","=""0""","=""4""","=""Low""","=""false"""
"=""bệnh viện sto phương đông tuyển dụng""","=""10""","=""0""","=""7""","=""Low""","=""false"""
"=""bệnh viện tq""","=""10""","=""0""","=""3""","=""Low""","=""false"""
"=""bệnh viện công ty""","=""10""","=""0""","=""4""","=""Low""","=""false"""
"=""bệnh viện uy tín nhất hà nội""","=""10""","=""0.47""","=""7""","=""Medium""","=""false"""
"=""bệnh viện bảo lãnh vbi""","=""10""","=""0""","=""5""","=""Low""","=""false"""
"=""bệnh viện vk nha trang""","=""10""","=""0""","=""5""","=""Low""","=""false"""
"=""bệnh viện võ trường toản tuyển dụng""","=""10""","=""0""","=""7""","=""Low""","=""true"""
"=""bệnh viện vp""","=""10""","=""0""","=""3""","=""Low""","=""true"""
"=""bệnh viện vuông tròn an giang""","=""10""","=""0""","=""6""","=""Low""","=""false"""
"=""bệnh viện wiki""","=""10""","=""0""","=""3""","=""Low""","=""false"""
"=""bệnh viện worldwide tuyển dụng""","=""10""","=""0""","=""5""","=""Low""","=""false"""
"=""bệnh viện wonjin""","=""10""","=""0""","=""3""","=""Low""","=""false"""
"=""bệnh viện xe""","=""10""","=""0""","=""3""","=""Low""","=""true"""
"=""bệnh viện yanhee ở bangkok""","=""10""","=""0""","=""5""","=""Low""","=""false"""
"=""bệnh viện da liễu yc""","=""10""","=""0""","=""5""","=""Low""","=""false"""
"=""bệnh viện ydct tỉnh vĩnh long""","=""10""","=""0""","=""6""","=""Low""","=""false"""
"=""bệnh viện nào chữa zona tốt nhất""","=""10""","=""0""","=""7""","=""Low""","=""false"""
"=""bệnh viện 09 điều trị gì""","=""10""","=""0""","=""6""","=""Low""","=""true"""
"=""bệnh viện 09 hà đông""","=""10""","=""0""","=""5""","=""Low""","=""false"""
"=""bệnh viện 87 nha trang tuyển dụng""","=""10""","=""0""","=""7""","=""Low""","=""true"""
"=""bệnh viện như thế nào""","=""10""","=""0""","=""5""","=""Low""","=""false"""
"=""bệnh viện thể thao có tốt không""","=""10""","=""0""","=""7""","=""Low""","=""false"""
"=""bệnh viện có thể cứu người xấu nhưng không thể cứu người nghèo""","=""10""","=""0""","=""13""","=""Low""","=""false"""
"=""bệnh viện thể thao có khoa sản không""","=""10""","=""0""","=""8""","=""Low""","=""false"""
"=""bệnh viện thể thao hà nội có tốt không""","=""10""","=""0""","=""9""","=""Low""","=""false"""
"=""bệnh viện thuộc tuyến trung ương""","=""10""","=""0""","=""6""","=""Low""","=""false"""
"=""bệnh viện thuộc sở y tế tp hcm""","=""10""","=""0""","=""8""","=""Low""","=""false"""
"=""bệnh viện trên đường trần huy liệu""","=""10""","=""0""","=""7""","=""Low""","=""false"""
"=""bệnh viện trên đường trần hưng đạo""","=""10""","=""0""","=""7""","=""Low""","=""false"""
"=""bệnh viện không cho chuyển tuyến""","=""10""","=""0""","=""6""","=""Low""","=""false"""
"=""bệnh viện liên kết với bảo hiểm bảo việt""","=""10""","=""0""","=""9""","=""Medium""","=""false"""
"=""bệnh viện liên kết với bảo việt""","=""10""","=""0""","=""7""","=""Low""","=""false"""
"=""bệnh viện liên kết với manulife""","=""10""","=""0""","=""6""","=""Low""","=""false"""
"=""bệnh viện cùng tuyến""","=""10""","=""0""","=""4""","=""Low""","=""false"""
"=""bệnh viện đại học ajou""","=""10""","=""0""","=""5""","=""Low""","=""false"""
"=""bệnh viện aih địa chỉ mới""","=""10""","=""0""","=""6""","=""Low""","=""true"""
"=""bệnh viện amh""","=""10""","=""0""","=""3""","=""Low""","=""false"""
"=""bệnh viện al shifa""","=""10""","=""0""","=""4""","=""Low""","=""false"""
"=""bệnh viện audio""","=""10""","=""0""","=""3""","=""Low""","=""false"""
"=""bệnh viện atk tuyên quang""","=""10""","=""0""","=""5""","=""Low""","=""false"""
"=""bệnh viện apollo ấn độ""","=""10""","=""0""","=""5""","=""Low""","=""true"""
"=""bệnh viện agis""","=""10""","=""0""","=""3""","=""Low""","=""true"""
"=""bệnh viện bkmech""","=""10""","=""0""","=""3""","=""Low""","=""false"""
"=""bệnh viện bk dong yang""","=""10""","=""0""","=""5""","=""Low""","=""false"""
"=""bệnh viện brvt""","=""10""","=""0""","=""3""","=""Low""","=""false"""
"=""bệnh viện buổi chiều mấy giờ làm việc""","=""10""","=""0""","=""8""","=""Low""","=""false"""
"=""bệnh viện cdc quảng ninh""","=""10""","=""0""","=""5""","=""Low""","=""false"""
"=""bệnh viện doanh nghiệp cgv""","=""10""","=""0""","=""5""","=""Low""","=""false"""
"=""bệnh viện ck""","=""10""","=""0""","=""3""","=""Low""","=""false"""
"=""bệnh viện dhyd cs2""","=""10""","=""0""","=""4""","=""Low""","=""false"""
"=""bệnh viện de lanessan""","=""10""","=""0""","=""4""","=""Low""","=""false"""
"=""bệnh viện dng phú quốc""","=""10""","=""0""","=""5""","=""Low""","=""true"""
"=""bệnh viện doctor hải lê""","=""10""","=""1.16""","=""5""","=""Low""","=""true"""
"=""bệnh viện thẩm mỹ edena""","=""10""","=""0""","=""5""","=""Low""","=""false"""
"=""bệnh viện hạnh phúc estella quận 2""","=""10""","=""0.36""","=""7""","=""Low""","=""true"""
"=""bệnh viện european wellness""","=""10""","=""0""","=""4""","=""Low""","=""false"""
"=""bệnh viện thẩm mỹ eva""","=""10""","=""0.52""","=""5""","=""Medium""","=""false"""
"=""bệnh viện tiêm filler""","=""10""","=""2.22""","=""4""","=""Medium""","=""false"""
"=""bệnh viện thú y pet friends""","=""10""","=""0""","=""6""","=""Low""","=""false"""
"=""bệnh viện gaya việt hàn tuyển dụng""","=""10""","=""0""","=""7""","=""Low""","=""false"""
"=""bệnh viện gene solutions""","=""10""","=""0""","=""4""","=""Low""","=""false"""
"=""bệnh viện green hải dương""","=""10""","=""0""","=""5""","=""Low""","=""false"""
"=""bệnh viện gtvt trung ương""","=""10""","=""0""","=""5""","=""Low""","=""false"""
"=""bệnh viện gtvt vĩnh phúc""","=""10""","=""0""","=""5""","=""Low""","=""false"""
"=""bệnh viện chang gung đài loan""","=""10""","=""0""","=""6""","=""Low""","=""false"""
"=""bệnh viện hay nhất cần thơ""","=""10""","=""0""","=""6""","=""Low""","=""false"""
"=""bệnh viện hih huế""","=""10""","=""0""","=""4""","=""Low""","=""false"""
"=""bệnh viện hhtmtw""","=""10""","=""0""","=""3""","=""Low""","=""false"""
"=""bệnh viện tiệp hp""","=""10""","=""0""","=""4""","=""Low""","=""false"""
"=""bệnh viện htb""","=""10""","=""0""","=""3""","=""Low""","=""false"""
"=""bệnh viện htt""","=""10""","=""0""","=""3""","=""Low""","=""false"""
"=""bệnh viện ibaby""","=""10""","=""0""","=""3""","=""Low""","=""false"""
"=""bệnh viện ik premium beauty center""","=""10""","=""0""","=""6""","=""Low""","=""false"""
"=""bệnh viện iom hà nội""","=""10""","=""0""","=""5""","=""Low""","=""false"""
"=""bệnh viện iom sài gòn""","=""10""","=""0""","=""5""","=""Low""","=""false"""
"=""bệnh viện ip bà rịa""","=""10""","=""0""","=""5""","=""Low""","=""false"""
"=""bệnh viện iphone bà rịa vũng tàu""","=""10""","=""0""","=""7""","=""Low""","=""false"""
"=""bệnh viện ivy health""","=""10""","=""0.15""","=""4""","=""Low""","=""true"""
"=""bệnh viện jio""","=""10""","=""0""","=""3""","=""Low""","=""false"""
"=""bệnh viện jt angel bảng giá""","=""10""","=""0""","=""6""","=""Low""","=""false"""
"=""bệnh viện jt angel bị phạt""","=""10""","=""0""","=""6""","=""Low""","=""false"""
"=""bệnh viện jt angel của ai""","=""10""","=""0""","=""6""","=""Low""","=""false"""
"=""bệnh viện jt angel đổi tên""","=""10""","=""0""","=""6""","=""Low""","=""false"""
"=""bệnh viện jt angel mst""","=""10""","=""0""","=""5""","=""Low""","=""false"""
"=""bệnh viện jta""","=""10""","=""0""","=""3""","=""Low""","=""false"""
"=""bệnh viện jw hàn quốc phốt""","=""10""","=""0""","=""6""","=""Low""","=""true"""
"=""bệnh viện kcb""","=""10""","=""0""","=""3""","=""Low""","=""false"""
"=""bệnh viện kon tum ở phường nào""","=""10""","=""0""","=""7""","=""Low""","=""false"""
"=""bệnh viện krongpak""","=""10""","=""0""","=""3""","=""Low""","=""true"""
"=""bệnh viện krong ana""","=""10""","=""0""","=""4""","=""Low""","=""false"""
"=""bệnh viện lucas""","=""10""","=""0""","=""3""","=""Low""","=""true"""
"=""bệnh viện mbj bình dương""","=""10""","=""0""","=""5""","=""Low""","=""false"""
"=""bệnh viện chụp mri tphcm""","=""10""","=""0""","=""5""","=""Low""","=""false"""
"=""bệnh viện thú y npet ngoại giao đoàn""","=""10""","=""0""","=""8""","=""Low""","=""false"""
"=""bệnh viện ninh bình 700 giường""","=""10""","=""0""","=""6""","=""Low""","=""true"""
"=""bệnh viện ninh thuận sau sáp nhập""","=""10""","=""0""","=""7""","=""Low""","=""true"""
"=""bệnh viện thú y okada huế""","=""10""","=""0""","=""6""","=""Low""","=""false"""
"=""bệnh viện omon""","=""10""","=""0""","=""3""","=""Low""","=""false"""
"=""bệnh viện tuyên quang org vn""","=""10""","=""0""","=""6""","=""Low""","=""true"""
"=""bệnh viện pgh""","=""10""","=""0""","=""3""","=""Low""","=""false"""
"=""bệnh viện pitt vietsub rophim""","=""10""","=""0""","=""5""","=""Low""","=""false"""
"=""bệnh viện pitt phần 2 tập 15""","=""10""","=""0""","=""7""","=""Low""","=""false"""
"=""bệnh viện pkkq""","=""10""","=""0""","=""3""","=""Low""","=""true"""
"=""bệnh viện y học pkkq""","=""10""","=""0""","=""5""","=""Low""","=""false"""
"=""bệnh viện quận 8 pk xóm củi""","=""10""","=""0""","=""7""","=""Low""","=""false"""
"=""bệnh viện procare""","=""10""","=""0""","=""3""","=""Low""","=""true"""
"=""bệnh viện prima sài gòn""","=""10""","=""0.7""","=""5""","=""Low""","=""false"""
"=""bệnh viện prima""","=""10""","=""0""","=""3""","=""Low""","=""false"""
"=""bệnh viện preah ket mealea""","=""10""","=""0""","=""5""","=""Low""","=""false"""
"=""bệnh viện pnk""","=""10""","=""0""","=""3""","=""Low""","=""false"""
"=""bệnh viện qy175""","=""10""","=""0""","=""3""","=""Low""","=""false"""
"=""bệnh viện động vật rbl""","=""10""","=""0""","=""5""","=""Low""","=""true"""
"=""bệnh viện regen3tics""","=""10""","=""0""","=""3""","=""Low""","=""false"""
"=""bệnh viện roblox""","=""10""","=""0""","=""3""","=""Low""","=""true"""
"=""bệnh viện severance""","=""10""","=""0""","=""3""","=""Low""","=""false"""
"=""bệnh viện shing mark ngã ba vũng tàu""","=""10""","=""0""","=""8""","=""Low""","=""true"""
"=""bệnh viện tg sài gòn""","=""10""","=""0""","=""5""","=""Low""","=""false"""
"=""bệnh viện tk""","=""10""","=""0""","=""3""","=""Low""","=""false"""
"=""bệnh viện ngoại tk quốc tế""","=""10""","=""0""","=""6""","=""Low""","=""false"""
"=""bệnh viện tnh việt yên là gì""","=""10""","=""0""","=""7""","=""Low""","=""true"""
"=""bệnh viện tphcm tuyển dụng 2026""","=""10""","=""0""","=""6""","=""Low""","=""false"""
"=""bệnh viện tp""","=""10""","=""0""","=""3""","=""Low""","=""false"""
"=""bệnh viện công ty cao su chư prông gia lai""","=""10""","=""0""","=""10""","=""Low""","=""false"""
"=""bệnh viện gần ueh""","=""10""","=""0""","=""4""","=""Low""","=""false"""
"=""bệnh viện umc tuyển dụng""","=""10""","=""0""","=""5""","=""Low""","=""false"""
"=""bệnh viện vajira bangkok""","=""10""","=""0""","=""4""","=""Low""","=""false"""
"=""bệnh viện vh""","=""10""","=""0""","=""3""","=""Low""","=""false"""
"=""bệnh viện võ nhai thái nguyên""","=""10""","=""0""","=""6""","=""Low""","=""true"""
"=""bệnh viện vttu""","=""10""","=""0""","=""3""","=""Low""","=""false"""
"=""bệnh viện thú y vtd""","=""10""","=""0""","=""5""","=""Low""","=""true"""
"=""bệnh viện wonjin hàn quốc""","=""10""","=""0""","=""5""","=""Low""","=""false"""
"=""bệnh viện worldwide review""","=""10""","=""0""","=""4""","=""Low""","=""false"""
"=""bệnh viện xe sang""","=""10""","=""0""","=""4""","=""Low""","=""false"""
"=""bệnh viện xoá xăm""","=""10""","=""0.7""","=""4""","=""Medium""","=""false"""
"=""bệnh viện yanhee có uy tín không""","=""10""","=""0""","=""7""","=""Low""","=""false"""
"=""bệnh viện yersin nha trang giờ làm việc""","=""10""","=""0""","=""8""","=""Low""","=""false"""
"=""bệnh viện huyện có giải thể không""","=""10""","=""0""","=""7""","=""Low""","=""false"""
"=""bệnh viện thuộc bộ quốc phòng""","=""10""","=""0""","=""6""","=""Low""","=""false"""
"=""bệnh viện thuộc bộ y tế tp hcm""","=""10""","=""0""","=""8""","=""Low""","=""false"""
"=""bệnh viện trong roblox""","=""10""","=""0""","=""4""","=""Low""","=""true"""
"=""bệnh viện trong tiếng anh gọi là gì""","=""10""","=""0""","=""8""","=""Low""","=""false"""
"=""bệnh viện trên sài gòn""","=""10""","=""0""","=""5""","=""Low""","=""true"""
"=""bệnh viện không giấy tờ""","=""10""","=""0""","=""5""","=""Low""","=""false"""
"=""bệnh viện làm việc từ mấy giờ chiều""","=""10""","=""0""","=""8""","=""Low""","=""true"""
"=""bệnh viện làm việc thứ 7 không""","=""10""","=""0""","=""7""","=""Low""","=""true"""
"=""bệnh viện nào tốt để đăng ký bhyt""","=""10""","=""0""","=""8""","=""Low""","=""true"""
"=""bệnh viện chợ rẫy""","=""0""","=""0""","=""4""","=""Low""","=""false"""
"=""bệnh viện từ dũ""","=""0""","=""0""","=""4""","=""Low""","=""false"""
"=""bệnh viện da liễu""","=""0""","=""0""","=""4""","=""Low""","=""false"""
"=""bệnh viện 175""","=""0""","=""0""","=""3""","=""Low""","=""false"""
"=""bệnh viện aaa quy nhơn""","=""0""","=""0""","=""5""","=""Low""","=""false"""
"=""bệnh viện aaci""","=""0""","=""0""","=""3""","=""Low""","=""false"""
"=""bệnh viện đạt chuẩn aaci""","=""0""","=""0""","=""5""","=""Low""","=""false"""
"=""bệnh viện chuẩn quốc tế aaci""","=""0""","=""0""","=""6""","=""Low""","=""false"""
"=""bệnh viện ab""","=""0""","=""0""","=""3""","=""Low""","=""false"""
"=""bệnh viện abc""","=""0""","=""0""","=""3""","=""Low""","=""false"""
"=""bệnh viện abcde""","=""0""","=""0""","=""3""","=""Low""","=""false"""
"=""bệnh viện abs""","=""0""","=""0""","=""3""","=""Low""","=""false"""
"=""bệnh viện gia an""","=""0""","=""0""","=""4""","=""Low""","=""false"""
"=""bệnh viện thẩm mỹ ab hàn quốc""","=""0""","=""0""","=""7""","=""Low""","=""false"""
"=""bệnh viện liên kết abic""","=""0""","=""0""","=""5""","=""Low""","=""false"""
"=""bệnh viện thú y abc""","=""0""","=""0""","=""5""","=""Low""","=""false"""
"=""bệnh viện acc nguyễn du""","=""0""","=""0""","=""5""","=""Low""","=""false"""
"=""bệnh viện acc hà nội""","=""0""","=""0""","=""5""","=""Low""","=""false"""
"=""bệnh viện gia an 115""","=""0""","=""0""","=""5""","=""Low""","=""false"""
"=""bệnh viện gia đình đà nẵng""","=""0""","=""0""","=""6""","=""Low""","=""false"""
"=""bệnh viện aegis international hospital""","=""0""","=""0""","=""5""","=""Low""","=""false"""
"=""bệnh viện aegis tuyển dụng""","=""0""","=""0""","=""5""","=""Low""","=""false"""
"=""bệnh viện aegis hà nội""","=""0""","=""0""","=""5""","=""Low""","=""false"""
"=""bệnh viện aegis khởi công""","=""0""","=""0""","=""5""","=""Low""","=""false"""
"=""bệnh viện aih""","=""0""","=""0""","=""3""","=""Low""","=""false"""
"=""bệnh viện aeon""","=""0""","=""0""","=""3""","=""Low""","=""false"""
"=""bệnh viện ad""","=""0""","=""0""","=""3""","=""Low""","=""false"""
"=""bệnh viện ads cần thơ""","=""0""","=""0""","=""5""","=""Low""","=""false"""
"=""bệnh viện adn sài gòn""","=""0""","=""0""","=""5""","=""Low""","=""false"""
"=""bệnh viện ads""","=""0""","=""0""","=""3""","=""Low""","=""false"""
"=""bệnh viện adi""","=""0""","=""0""","=""3""","=""Low""","=""false"""
"=""bệnh viện khám adhd""","=""0""","=""0""","=""4""","=""Low""","=""false"""
"=""bệnh viện ajou""","=""0""","=""0""","=""3""","=""Low""","=""false"""
"=""bệnh viện đại học ajou hàn quốc""","=""0""","=""0""","=""7""","=""Low""","=""false"""
"=""bệnh viện af""","=""0""","=""0""","=""3""","=""Low""","=""false"""
"=""bệnh viện afhn""","=""0""","=""0""","=""3""","=""Low""","=""false"""
"=""bệnh viện nam học af""","=""0""","=""0""","=""5""","=""Low""","=""false"""
"=""bệnh viện aih quận 2""","=""0""","=""0""","=""5""","=""Low""","=""false"""
"=""bệnh viện aih hà nội""","=""0""","=""0""","=""5""","=""Low""","=""false"""
"=""bệnh viện aih địa chỉ cũ""","=""0""","=""0""","=""6""","=""Low""","=""false"""
"=""bệnh viện aih thành lập năm nào""","=""0""","=""0""","=""7""","=""Low""","=""false"""
"=""bệnh viện ah""","=""0""","=""0""","=""3""","=""Low""","=""false"""
"=""bệnh viện ahc""","=""0""","=""0""","=""3""","=""Low""","=""false"""
"=""bệnh viện aha""","=""0""","=""0""","=""3""","=""Low""","=""false"""
"=""bệnh viện ahs""","=""0""","=""0""","=""3""","=""Low""","=""false"""
"=""bệnh viện quốc tế ah""","=""0""","=""0""","=""5""","=""Low""","=""false"""
"=""bệnh viện ak""","=""0""","=""0""","=""3""","=""Low""","=""false"""
"=""bệnh viện xuyên ak""","=""0""","=""0""","=""4""","=""Low""","=""false"""
"=""bệnh viện an sinh""","=""0""","=""0""","=""4""","=""Low""","=""false"""
"=""bệnh viện an việt""","=""0""","=""0""","=""4""","=""Low""","=""false"""
"=""bệnh viện an phú""","=""0""","=""0""","=""4""","=""Low""","=""false"""
"=""bệnh viện an việt hà nội""","=""0""","=""0""","=""6""","=""Low""","=""false"""
"=""bệnh viện an bình quận 5""","=""0""","=""0""","=""6""","=""Low""","=""false"""
"=""bệnh viện an đức thái bình""","=""0""","=""0""","=""6""","=""Low""","=""false"""
"=""bệnh viện american international hospital""","=""0""","=""0""","=""5""","=""Low""","=""false"""
"=""bệnh viện amis""","=""0""","=""0""","=""3""","=""Low""","=""false"""
"=""bệnh viện american quận 2""","=""0""","=""0""","=""5""","=""Low""","=""false"""
"=""bệnh viện amsterdam""","=""0""","=""0""","=""3""","=""Low""","=""false"""
"=""bệnh viện amata""","=""0""","=""0""","=""3""","=""Low""","=""false"""
"=""bệnh viện american hospital""","=""0""","=""0""","=""4""","=""Low""","=""false"""
"=""bệnh viện amway""","=""0""","=""0""","=""3""","=""Low""","=""false"""
"=""bệnh viện alpha""","=""0""","=""0""","=""3""","=""Low""","=""false"""
"=""bệnh viện alaska""","=""0""","=""0""","=""3""","=""Low""","=""false"""
"=""bệnh viện alzheimer""","=""0""","=""0""","=""3""","=""Low""","=""false"""
"=""bệnh viện al""","=""0""","=""0""","=""3""","=""Low""","=""false"""
"=""bệnh viện alexandra""","=""0""","=""0""","=""3""","=""Low""","=""false"""
"=""bệnh viện mắt alina""","=""0""","=""0""","=""4""","=""Low""","=""false"""
"=""bệnh viện aqua""","=""0""","=""0""","=""3""","=""Low""","=""false"""
"=""bệnh viện ao sen tiền giang""","=""0""","=""0""","=""6""","=""Low""","=""false"""
"=""bệnh viện ảo tưởng""","=""0""","=""0""","=""4""","=""Low""","=""false"""
"=""bệnh viện ảo""","=""0""","=""0""","=""3""","=""Low""","=""false"""
"=""bệnh viện asia""","=""0""","=""0""","=""3""","=""Low""","=""false"""
"=""bệnh viện asia sài gòn""","=""0""","=""0""","=""5""","=""Low""","=""false"""
"=""bệnh viện asan hàn quốc""","=""0""","=""0""","=""5""","=""Low""","=""false"""
"=""bệnh viện asina""","=""0""","=""0""","=""3""","=""Low""","=""false"""
"=""bệnh viện ariake""","=""0""","=""0""","=""3""","=""Low""","=""false"""
"=""bệnh viện art""","=""0""","=""0""","=""3""","=""Low""","=""false"""
"=""bệnh viện ariake nhật bản""","=""0""","=""0""","=""5""","=""Low""","=""false"""
"=""bệnh viện arsenal""","=""0""","=""0""","=""3""","=""Low""","=""false"""
"=""bệnh viện mắt aravind ấn độ""","=""0""","=""0""","=""6""","=""Low""","=""false"""
"=""bệnh viện ung bướu ariake""","=""0""","=""0""","=""5""","=""Low""","=""false"""
"=""bệnh viện thẩm mỹ arc""","=""0""","=""0""","=""5""","=""Low""","=""false"""
"=""bệnh viện ung thư ariake""","=""0""","=""0""","=""5""","=""Low""","=""false"""
"=""bệnh viện auto""","=""0""","=""0""","=""3""","=""Low""","=""false"""
"=""bệnh viện australia""","=""0""","=""0""","=""3""","=""Low""","=""false"""
"=""bệnh viện ava quận 3""","=""0""","=""0""","=""5""","=""Low""","=""false"""
"=""bệnh viện ava võ văn tần""","=""0""","=""0""","=""6""","=""Low""","=""false"""
"=""bệnh viện avatar""","=""0""","=""0""","=""3""","=""Low""","=""false"""
"=""bệnh viện ava tuyển dụng""","=""0""","=""0""","=""5""","=""Low""","=""false"""
"=""bệnh viện av""","=""0""","=""0""","=""3""","=""Low""","=""false"""
"=""bệnh viện avf""","=""0""","=""0""","=""3""","=""Low""","=""false"""
"=""bệnh viện atech""","=""0""","=""0""","=""3""","=""Low""","=""false"""
"=""bệnh viện atk""","=""0""","=""0""","=""3""","=""Low""","=""false"""
"=""bệnh viện ato""","=""0""","=""0""","=""3""","=""Low""","=""false"""
"=""bệnh viện atk trung sơn""","=""0""","=""0""","=""5""","=""Low""","=""false"""
"=""bệnh viện ats""","=""0""","=""0""","=""3""","=""Low""","=""false"""
"=""bệnh viện apollo kolkata""","=""0""","=""0""","=""4""","=""Low""","=""false"""
"=""bệnh viện aph""","=""0""","=""0""","=""3""","=""Low""","=""false"""
"=""bệnh viện apple""","=""0""","=""0""","=""3""","=""Low""","=""false"""
"=""bệnh viện apec""","=""0""","=""0""","=""3""","=""Low""","=""false"""
"=""bệnh viện aptech""","=""0""","=""0""","=""3""","=""Low""","=""false"""
"=""bệnh viện az""","=""0""","=""0""","=""3""","=""Low""","=""false"""
"=""bệnh viện đại h e1 bb 8dc y hà nội""","=""0""","=""0""","=""10""","=""Low""","=""false"""
"=""bệnh viện ba vì""","=""0""","=""0""","=""4""","=""Low""","=""false"""
"=""bệnh viện ba lan giai đoạn 2""","=""0""","=""0""","=""7""","=""Low""","=""false"""
"=""bệnh viện bạch mai cơ sở 2""","=""0""","=""0""","=""7""","=""Low""","=""false"""
"=""bệnh viện becamex đặt lịch khám""","=""0""","=""0""","=""6""","=""Low""","=""false"""
"=""bệnh viện bd""","=""0""","=""0""","=""3""","=""Low""","=""false"""
"=""bệnh viện becamex bd""","=""0""","=""0""","=""4""","=""Low""","=""false"""
"=""bệnh viện 512 bd""","=""0""","=""0""","=""4""","=""Low""","=""false"""
"=""bệnh viện hoàn mỹ bd""","=""0""","=""0""","=""5""","=""Low""","=""false"""
"=""bệnh viện đa khoa bd""","=""0""","=""0""","=""5""","=""Low""","=""false"""
"=""bệnh viện thuận mỹ bd""","=""0""","=""0""","=""5""","=""Low""","=""false"""
"=""bệnh viện phụ sản nhi bd""","=""0""","=""0""","=""6""","=""Low""","=""false"""
"=""bệnh viện bg""","=""0""","=""0""","=""3""","=""Low""","=""false"""
"=""bệnh viện đa khoa bg""","=""0""","=""0""","=""5""","=""Low""","=""false"""
"=""bệnh viện sản nhi bg""","=""0""","=""0""","=""5""","=""Low""","=""false"""
"=""bệnh viện bk""","=""0""","=""0""","=""3""","=""Low""","=""false"""
"=""bệnh viện bkm""","=""0""","=""0""","=""3""","=""Low""","=""false"""
"=""bệnh viện đa khoa bk""","=""0""","=""0""","=""5""","=""Low""","=""false"""
"=""bệnh viện blah""","=""0""","=""0""","=""3""","=""Low""","=""false"""
"=""bệnh viện blh""","=""0""","=""0""","=""3""","=""Low""","=""false"""
"=""bệnh viện bl""","=""0""","=""0""","=""3""","=""Low""","=""false"""
"=""bệnh viện nhi trung ương""","=""0""","=""0""","=""5""","=""Low""","=""false"""
"=""bệnh viện nhi hà nội""","=""0""","=""0""","=""5""","=""Low""","=""false"""
"=""bệnh viện bm""","=""0""","=""0""","=""3""","=""Low""","=""false"""
"=""bệnh viện bmtu""","=""0""","=""0""","=""3""","=""Low""","=""false"""
"=""bệnh viện bmt tuyển dụng""","=""0""","=""0""","=""5""","=""Low""","=""false"""
"=""bệnh viện bmtss""","=""0""","=""0""","=""3""","=""Low""","=""false"""
"=""bệnh viện bmtss hà nội""","=""0""","=""0""","=""5""","=""Low""","=""false"""
"=""bệnh viện bmu""","=""0""","=""0""","=""3""","=""Low""","=""false"""
"=""bệnh viện bmai""","=""0""","=""0""","=""3""","=""Low""","=""false"""
"=""bệnh viện mắt bmt""","=""0""","=""0""","=""4""","=""Low""","=""false"""
"=""bệnh viện hoàn mỹ bp""","=""0""","=""0""","=""5""","=""Low""","=""false"""
"=""bệnh viện bnđ""","=""0""","=""0""","=""3""","=""Low""","=""false"""
"=""bệnh viện bnh""","=""0""","=""0""","=""3""","=""Low""","=""false"""
"=""bệnh viện vn""","=""0""","=""0""","=""3""","=""Low""","=""false"""
"=""bệnh viện đa khoa bn số 2""","=""0""","=""0""","=""7""","=""Low""","=""false"""
"=""bệnh viện sản nhi vn""","=""0""","=""0""","=""5""","=""Low""","=""false"""
"=""bệnh viện đa khoa bn""","=""0""","=""0""","=""5""","=""Low""","=""false"""
"=""bệnh viện đa khoa tỉnh bn""","=""0""","=""0""","=""6""","=""Low""","=""false"""
"=""bệnh viện braincare""","=""0""","=""0""","=""3""","=""Low""","=""false"""
"=""bệnh viện br""","=""0""","=""0""","=""3""","=""Low""","=""false"""
"=""bệnh viện brvt tuyển dụng""","=""0""","=""0""","=""5""","=""Low""","=""false"""
"=""bệnh viện broadmoor""","=""0""","=""0""","=""3""","=""Low""","=""false"""
"=""bệnh viện brookhaven""","=""0""","=""0""","=""3""","=""Low""","=""false"""
"=""bệnh viện mắt brvt""","=""0""","=""0""","=""4""","=""Low""","=""false"""
"=""bệnh viện pa brisbane""","=""0""","=""0""","=""4""","=""Low""","=""false"""
"=""bệnh viện mắt br""","=""0""","=""0""","=""4""","=""Low""","=""false"""
"=""bệnh viện cắt bqd""","=""0""","=""0""","=""4""","=""Low""","=""false"""
"=""bệnh viện bỏng quốc gia""","=""0""","=""0""","=""5""","=""Low""","=""false"""
"=""bệnh viện bot số 10""","=""0""","=""0""","=""5""","=""Low""","=""false"""
"=""bệnh viện bonaventure""","=""0""","=""0""","=""3""","=""Low""","=""false"""
"=""bệnh viện bon""","=""0""","=""0""","=""3""","=""Low""","=""false"""
"=""bệnh viện becamex có khám chủ nhật không""","=""0""","=""0""","=""8""","=""Low""","=""false"""
"=""bệnh viện becamex quốc tế""","=""0""","=""0""","=""5""","=""Low""","=""false"""
"=""bệnh viện bs tùng""","=""0""","=""0""","=""4""","=""Low""","=""false"""
"=""bệnh viện bs cao hữu thịnh""","=""0""","=""0""","=""6""","=""Low""","=""false"""
"=""bệnh viện bs ngô mộng hùng""","=""0""","=""0""","=""6""","=""Low""","=""false"""
"=""bệnh viện bs""","=""0""","=""0""","=""3""","=""Low""","=""false"""
"=""bệnh viện bs cần thơ""","=""0""","=""0""","=""5""","=""Low""","=""false"""
"=""bệnh viện mắt bs xiêm""","=""0""","=""0""","=""5""","=""Low""","=""false"""
"=""bệnh viện mắt bs hùng""","=""0""","=""0""","=""5""","=""Low""","=""false"""
"=""bệnh viện mắt bs thái thành nam""","=""0""","=""0""","=""7""","=""Low""","=""false"""
"=""bệnh viện tuyển dụng bs răng hàm mặt""","=""0""","=""0""","=""8""","=""Low""","=""false"""
"=""bệnh viện bưu điện""","=""0""","=""0""","=""4""","=""Low""","=""false"""
"=""bệnh viện bưu điện hà nội""","=""0""","=""0""","=""6""","=""Low""","=""false"""
"=""bệnh viện bth bình chánh""","=""0""","=""0""","=""5""","=""Low""","=""false"""
"=""bệnh viện bth là gì""","=""0""","=""0""","=""5""","=""Low""","=""false"""
"=""bệnh viện bth tuyển dụng""","=""0""","=""0""","=""5""","=""Low""","=""false"""
"=""bệnh viện btl""","=""0""","=""0""","=""3""","=""Low""","=""false"""
"=""bệnh viện bt""","=""0""","=""0""","=""3""","=""Low""","=""false"""
"=""bệnh viện bth cơ sở 2""","=""0""","=""0""","=""6""","=""Low""","=""false"""
"=""bệnh viện bth tphcm""","=""0""","=""0""","=""4""","=""Low""","=""false"""
"=""bệnh viện bts""","=""0""","=""0""","=""3""","=""Low""","=""false"""
"=""bệnh viện bv""","=""0""","=""0""","=""3""","=""Low""","=""false"""
"=""bệnh viện bvx""","=""0""","=""0""","=""3""","=""Low""","=""false"""
"=""bệnh viện bvxa""","=""0""","=""0""","=""3""","=""Low""","=""false"""
"=""bệnh viện bvbmtss""","=""0""","=""0""","=""3""","=""Low""","=""false"""
"=""bệnh viện kusumi bv đh y khoa tokyo việt nam""","=""0""","=""0""","=""10""","=""Low""","=""false"""
"=""bệnh viện vinmec bvđk quốc tế vinmec central park địa chỉ""","=""0""","=""0""","=""11""","=""Low""","=""false"""
"=""bệnh viện cao bằng hà nội""","=""0""","=""0""","=""6""","=""Low""","=""false"""
"=""bệnh viện chấn thương chỉnh hình""","=""0""","=""0""","=""6""","=""Low""","=""false"""
"=""bệnh viện columbia bình dương""","=""0""","=""0""","=""5""","=""Low""","=""false"""
"=""bệnh viện center""","=""0""","=""0""","=""3""","=""Low""","=""false"""
"=""bệnh viện center đinh bộ lĩnh""","=""0""","=""0""","=""6""","=""Low""","=""false"""
"=""bệnh viện center bình thạnh""","=""0""","=""0""","=""5""","=""Low""","=""false"""
"=""bệnh viện cedar sinai""","=""0""","=""0""","=""4""","=""Low""","=""false"""
"=""bệnh viện cenica""","=""0""","=""0""","=""3""","=""Low""","=""false"""
"=""bệnh viện cellphone""","=""0""","=""0""","=""3""","=""Low""","=""false"""
"=""bệnh viện centa""","=""0""","=""0""","=""3""","=""Low""","=""false"""
"=""bệnh viện cf""","=""0""","=""0""","=""3""","=""Low""","=""false"""
"=""bệnh viện cdc thái bình""","=""0""","=""0""","=""5""","=""Low""","=""false"""
"=""bệnh viện cdc đà nẵng""","=""0""","=""0""","=""5""","=""Low""","=""false"""
"=""bệnh viện cdc hà nội""","=""0""","=""0""","=""5""","=""Low""","=""false"""
"=""bệnh viện cd""","=""0""","=""0""","=""3""","=""Low""","=""false"""
"=""bệnh viện chỉnh hình""","=""0""","=""0""","=""4""","=""Low""","=""false"""
"=""bệnh viện chuyên khoa ngoại thần kinh quốc tế""","=""0""","=""0""","=""9""","=""Low""","=""false"""
"=""bệnh viện chấn thương chỉnh hình đà nẵng""","=""0""","=""0""","=""8""","=""Low""","=""false"""
"=""bệnh viện cg""","=""0""","=""0""","=""3""","=""Low""","=""false"""
"=""bệnh viện cih""","=""0""","=""0""","=""3""","=""Low""","=""false"""
"=""bệnh viện city""","=""0""","=""0""","=""3""","=""Low""","=""false"""
"=""bệnh viện cih giờ làm việc""","=""0""","=""0""","=""6""","=""Low""","=""false"""
"=""bệnh viện clinic""","=""0""","=""0""","=""3""","=""Low""","=""false"""
"=""bệnh viện cleveland clinic""","=""0""","=""0""","=""4""","=""Low""","=""false"""
"=""bệnh viện clc thái bình""","=""0""","=""0""","=""5""","=""Low""","=""false"""
"=""bệnh viện cleveland""","=""0""","=""0""","=""3""","=""Low""","=""false"""
"=""bệnh viện clc""","=""0""","=""0""","=""3""","=""Low""","=""false"""
"=""bệnh viện mayo clinic mỹ""","=""0""","=""0""","=""5""","=""Low""","=""false"""
"=""bệnh viện lotus clinic""","=""0""","=""0""","=""4""","=""Low""","=""false"""
"=""bệnh viện hyppo clinic""","=""0""","=""0""","=""4""","=""Low""","=""false"""
"=""bệnh viện hospital clinic""","=""0""","=""0""","=""4""","=""Low""","=""false"""
"=""bệnh viện ck nam học và hiếm muộn việt bỉ""","=""0""","=""0""","=""10""","=""Low""","=""false"""
"=""bệnh viện ck mắt quốc tế dnd""","=""0""","=""0""","=""7""","=""Low""","=""false"""
"=""bệnh viện ck nam học và hiếm muộn hà nội""","=""0""","=""0""","=""10""","=""Low""","=""false"""
"=""bệnh viện ck sản nhi sóc trăng""","=""0""","=""0""","=""7""","=""Low""","=""false"""
"=""bệnh viện ck mắt""","=""0""","=""0""","=""4""","=""Low""","=""false"""
"=""bệnh viện có nhận ck không""","=""0""","=""0""","=""6""","=""Low""","=""false"""
"=""bệnh viện cmi""","=""0""","=""0""","=""3""","=""Low""","=""false"""
"=""bệnh viện cmec""","=""0""","=""0""","=""3""","=""Low""","=""false"""
"=""bệnh viện cmax""","=""0""","=""0""","=""3""","=""Low""","=""false"""
"=""bệnh viện cm""","=""0""","=""0""","=""3""","=""Low""","=""false"""
"=""bệnh viện cmc""","=""0""","=""0""","=""3""","=""Low""","=""false"""
"=""bệnh viện đường cmt8""","=""0""","=""0""","=""4""","=""Low""","=""false"""
"=""bệnh viện kangnam cmt8""","=""0""","=""0""","=""4""","=""Low""","=""false"""
"=""bệnh viện mắt cmtt""","=""0""","=""0""","=""4""","=""Low""","=""false"""
"=""bệnh viện ở cmt8""","=""0""","=""0""","=""4""","=""Low""","=""false"""
"=""bệnh viện cnc""","=""0""","=""0""","=""3""","=""Low""","=""false"""
"=""bệnh viện cnc cần thơ""","=""0""","=""0""","=""5""","=""Low""","=""false"""
"=""bệnh viện cn""","=""0""","=""0""","=""3""","=""Low""","=""false"""
"=""bệnh viện khám cn""","=""0""","=""0""","=""4""","=""Low""","=""false"""
"=""bệnh viện mắt cnc""","=""0""","=""0""","=""4""","=""Low""","=""false"""
"=""bệnh viện mở cn""","=""0""","=""0""","=""4""","=""Low""","=""false"""
"=""bệnh viện an phú cn3""","=""0""","=""0""","=""5""","=""Low""","=""false"""
"=""bệnh viện khám t7 cn""","=""0""","=""0""","=""5""","=""Low""","=""false"""
"=""bệnh viện phúc an cn3""","=""0""","=""0""","=""5""","=""Low""","=""false"""
"=""bệnh viện có làm cn không""","=""0""","=""0""","=""6""","=""Low""","=""false"""
"=""bệnh viện vinmec cp""","=""0""","=""0""","=""4""","=""Low""","=""false"""
"=""bệnh viện columbia asia bình dương""","=""0""","=""0""","=""6""","=""Low""","=""false"""
"=""bệnh viện columbia""","=""0""","=""0""","=""3""","=""Low""","=""false"""
"=""bệnh viện columbia asia""","=""0""","=""0""","=""4""","=""Low""","=""false"""
"=""bệnh viện columbia tphcm""","=""0""","=""0""","=""4""","=""Low""","=""false"""
"=""bệnh viện columbia gia định""","=""0""","=""0""","=""5""","=""Low""","=""false"""
"=""bệnh viện cr là gì""","=""0""","=""0""","=""5""","=""Low""","=""false"""
"=""bệnh viện cray""","=""0""","=""0""","=""3""","=""Low""","=""false"""
"=""bệnh viện liên kết pacific cross""","=""0""","=""0""","=""6""","=""Low""","=""false"""
"=""bệnh viện cs cần thơ""","=""0""","=""0""","=""5""","=""Low""","=""false"""
"=""bệnh viện cs""","=""0""","=""0""","=""3""","=""Low""","=""false"""
"=""bệnh viện cs2""","=""0""","=""0""","=""3""","=""Low""","=""false"""
"=""bệnh viện nhi cs2""","=""0""","=""0""","=""4""","=""Low""","=""false"""
"=""bệnh viện dhyd cs1""","=""0""","=""0""","=""4""","=""Low""","=""false"""
"=""bệnh viện đhyd cs3""","=""0""","=""0""","=""4""","=""Low""","=""false"""
"=""bệnh viện tim cs2""","=""0""","=""0""","=""4""","=""Low""","=""false"""
"=""bệnh viện yhct cs2""","=""0""","=""0""","=""4""","=""Low""","=""false"""
"=""bệnh viện 600g cs2""","=""0""","=""0""","=""4""","=""Low""","=""false"""
"=""bệnh viện cuộc sống sơn la""","=""0""","=""0""","=""6""","=""Low""","=""false"""
"=""bệnh viện cuộc sống điện biên""","=""0""","=""0""","=""6""","=""Low""","=""false"""
"=""bệnh viện cuộc sống""","=""0""","=""0""","=""4""","=""Low""","=""false"""
"=""bệnh viện ctch nghệ an""","=""0""","=""0""","=""5""","=""Low""","=""false"""
"=""bệnh viện ctch cơ sở 2""","=""0""","=""0""","=""6""","=""Low""","=""false"""
"=""bệnh viện city quốc tế""","=""0""","=""0""","=""5""","=""Low""","=""false"""
"=""bệnh viện thú y cwell pet""","=""0""","=""0""","=""6""","=""Low""","=""false"""
"=""bệnh viện thẩm mỹ cw""","=""0""","=""0""","=""5""","=""Low""","=""false"""
"=""bệnh viện cv""","=""0""","=""0""","=""3""","=""Low""","=""false"""
"=""bệnh viện doanh nghiệp cvg tuyển dụng""","=""0""","=""0""","=""7""","=""Low""","=""false"""
"=""bệnh viện doanh nghiệp cvg shark group tuyển dụng""","=""0""","=""0""","=""9""","=""Low""","=""false"""
"=""bệnh viện da liễu tp hcm""","=""0""","=""0""","=""6""","=""Low""","=""false"""
"=""bệnh viện da liễu trung ương""","=""0""","=""0""","=""6""","=""Low""","=""false"""
"=""bệnh viện da liễu cần thơ""","=""0""","=""0""","=""6""","=""Low""","=""false"""
"=""bệnh viện da liễu đà nẵng""","=""0""","=""0""","=""6""","=""Low""","=""false"""
"=""bệnh viện da liễu quy nhơn""","=""0""","=""0""","=""6""","=""Low""","=""false"""
"=""bệnh viện da liễu hà nội""","=""0""","=""0""","=""6""","=""Low""","=""false"""
"=""bệnh viện da liễu trung ương hà nội""","=""0""","=""0""","=""8""","=""Low""","=""false"""
"=""bệnh viện da liễu hải phòng""","=""0""","=""0""","=""6""","=""Low""","=""false"""
"=""bệnh viện da liễu quận 3""","=""0""","=""0""","=""6""","=""Low""","=""false"""
"=""bệnh viện mắt dbp""","=""0""","=""0""","=""4""","=""Low""","=""false"""
"=""bệnh viện dc""","=""0""","=""0""","=""3""","=""Low""","=""false"""
"=""bệnh viện thú y dc vet""","=""0""","=""0""","=""6""","=""Low""","=""false"""
"=""bệnh viện ở washington dc""","=""0""","=""0""","=""5""","=""Low""","=""false"""
"=""bệnh viện dd""","=""0""","=""0""","=""3""","=""Low""","=""false"""
"=""bệnh viện đa""","=""0""","=""0""","=""3""","=""Low""","=""false"""
"=""bệnh viện ddoongf nai""","=""0""","=""0""","=""4""","=""Low""","=""false"""
"=""bệnh viện ddoongf nai 2""","=""0""","=""0""","=""5""","=""Low""","=""false"""
"=""bệnh viện nhi ddoongf 2""","=""0""","=""0""","=""5""","=""Low""","=""false"""
"=""bệnh viện nhi ddoongf 1""","=""0""","=""0""","=""5""","=""Low""","=""false"""
"=""bệnh viện đa khoa ddoongf nai""","=""0""","=""0""","=""6""","=""Low""","=""false"""
"=""bệnh viện delta hải dương""","=""0""","=""0""","=""5""","=""Low""","=""false"""
"=""bệnh viện delta""","=""0""","=""0""","=""3""","=""Low""","=""false"""
"=""bệnh viện đẻ tốt nhất hà nội""","=""0""","=""0""","=""7""","=""Low""","=""false"""
"=""bệnh viện đẻ ở hà nội""","=""0""","=""0""","=""6""","=""Low""","=""false"""
"=""bệnh viện đệ tứ nam định""","=""0""","=""0""","=""6""","=""Low""","=""false"""
"=""bệnh viện đẻ tốt nhất hải phòng""","=""0""","=""0""","=""7""","=""Low""","=""false"""
"=""bệnh viện đẻ thái bình""","=""0""","=""0""","=""5""","=""Low""","=""false"""
"=""bệnh viện dg gonstead""","=""0""","=""0""","=""4""","=""Low""","=""false"""
"=""bệnh viện dg""","=""0""","=""0""","=""3""","=""Low""","=""false"""
"=""bệnh viện đa khoa thủ đức""","=""0""","=""0""","=""6""","=""Low""","=""false"""
"=""bệnh viện đa khoa khu vực thủ đức""","=""0""","=""0""","=""8""","=""Low""","=""false"""
"=""bệnh viện đà nẵng""","=""0""","=""0""","=""4""","=""Low""","=""false"""
"=""bệnh viện dhyd cơ sở 2""","=""0""","=""0""","=""6""","=""Low""","=""false"""
"=""bệnh viện dhyd cơ sở 3""","=""0""","=""0""","=""6""","=""Low""","=""false"""
"=""bệnh viện đkkv thủ đức""","=""0""","=""0""","=""5""","=""Low""","=""false"""
"=""bệnh viện dkqt hải phòng""","=""0""","=""0""","=""5""","=""Low""","=""false"""
"=""bệnh viện dkkv củ chi""","=""0""","=""0""","=""5""","=""Low""","=""false"""
"=""bệnh viện dktw""","=""0""","=""0""","=""3""","=""Low""","=""false"""
"=""bệnh viện dkqt thu cúc""","=""0""","=""0""","=""5""","=""Low""","=""false"""
"=""bệnh viện dkqt bắc hà""","=""0""","=""0""","=""5""","=""Low""","=""false"""
"=""bệnh viện dkkv định quán""","=""0""","=""0""","=""5""","=""Low""","=""false"""
"=""bệnh viện dmy""","=""0""","=""0""","=""3""","=""Low""","=""false"""
"=""bệnh viện dmc""","=""0""","=""0""","=""3""","=""Low""","=""false"""
"=""bệnh viện dm""","=""0""","=""0""","=""3""","=""Low""","=""false"""
"=""bệnh viện dl""","=""0""","=""0""","=""3""","=""Low""","=""false"""
"=""bệnh viện dltw""","=""0""","=""0""","=""3""","=""Low""","=""false"""
"=""bệnh viện dnd""","=""0""","=""0""","=""3""","=""Low""","=""false"""
"=""bệnh viện thú y dl pet""","=""0""","=""0""","=""6""","=""Low""","=""false"""
"=""bệnh viện thú y dl vet thái bình""","=""0""","=""0""","=""8""","=""Low""","=""false"""
"=""bệnh viện dnd sài gòn""","=""0""","=""0""","=""5""","=""Low""","=""false"""
"=""bệnh viện dnd bắc giang""","=""0""","=""0""","=""5""","=""Low""","=""false"""
"=""bệnh viện dnd tuyển dụng""","=""0""","=""0""","=""5""","=""Low""","=""false"""
"=""bệnh viện dnd hải dương""","=""0""","=""0""","=""5""","=""Low""","=""false"""
"=""bệnh viện dnd hà nội""","=""0""","=""0""","=""5""","=""Low""","=""false"""
"=""bệnh viện dr kang""","=""0""","=""0""","=""4""","=""Low""","=""false"""
"=""bệnh viện dr bình""","=""0""","=""0""","=""4""","=""Low""","=""false"""
"=""bệnh viện dr marie""","=""0""","=""0""","=""4""","=""Low""","=""false"""
"=""bệnh viện dr han""","=""0""","=""0""","=""4""","=""Low""","=""false"""
"=""bệnh viện drip hydration""","=""0""","=""0""","=""4""","=""Low""","=""false"""
"=""bệnh viện dr jang sung su""","=""0""","=""0""","=""6""","=""Low""","=""false"""
"=""bệnh viện dr check""","=""0""","=""0""","=""4""","=""Low""","=""false"""
"=""bệnh viện dr lee chang yoon""","=""0""","=""0""","=""6""","=""Low""","=""false"""
"=""bệnh viện dr hoàng tuấn""","=""0""","=""0""","=""5""","=""Low""","=""false"""
"=""bệnh viện dsa""","=""0""","=""0""","=""3""","=""Low""","=""false"""
"=""bệnh viện ds""","=""0""","=""0""","=""3""","=""Low""","=""false"""
"=""bệnh viện gần dsaay""","=""0""","=""0""","=""4""","=""Low""","=""false"""
"=""bệnh viện đa khoa dsaf nẵng""","=""0""","=""0""","=""6""","=""Low""","=""false"""
"=""bệnh viện duyên hải nam trung bộ""","=""0""","=""0""","=""7""","=""Low""","=""false"""
"=""bệnh viện duke""","=""0""","=""0""","=""3""","=""Low""","=""false"""
"=""bệnh viện fv""","=""0""","=""0""","=""3""","=""Low""","=""false"""
"=""bệnh viện fv là bệnh viện gì""","=""0""","=""0""","=""7""","=""Low""","=""false"""
"=""bệnh viện dolife""","=""0""","=""0""","=""3""","=""Low""","=""false"""
"=""bệnh viện dolife của ai""","=""0""","=""0""","=""5""","=""Low""","=""false"""
"=""bệnh viện dolphin""","=""0""","=""0""","=""3""","=""Low""","=""false"""
"=""bệnh viện dym quận 7""","=""0""","=""0""","=""5""","=""Low""","=""false"""
"=""bệnh viện dym medical center""","=""0""","=""0""","=""5""","=""Low""","=""false"""
"=""bệnh viện dym hcm""","=""0""","=""0""","=""4""","=""Low""","=""false"""
"=""bệnh viện quốc tế dym""","=""0""","=""0""","=""5""","=""Low""","=""false"""
"=""bệnh viện đa khoa dym""","=""0""","=""0""","=""5""","=""Low""","=""false"""
"=""bệnh viện easup""","=""0""","=""0""","=""3""","=""Low""","=""false"""
"=""bệnh viện eakar đắk lắk""","=""0""","=""0""","=""5""","=""Low""","=""false"""
"=""bệnh viện 33 eakar""","=""0""","=""0""","=""4""","=""Low""","=""false"""
"=""bệnh viện xã eakar""","=""0""","=""0""","=""4""","=""Low""","=""false"""
"=""bệnh viện đa khoa ea h leo""","=""0""","=""0""","=""7""","=""Low""","=""false"""
"=""bệnh viện ecopark hưng yên""","=""0""","=""0""","=""5""","=""Low""","=""false"""
"=""bệnh viện eco""","=""0""","=""0""","=""3""","=""Low""","=""false"""
"=""bệnh viện ecas""","=""0""","=""0""","=""3""","=""Low""","=""false"""
"=""bệnh viện ecohealth""","=""0""","=""0""","=""3""","=""Low""","=""false"""
"=""bệnh viện mắt ecopark""","=""0""","=""0""","=""4""","=""Low""","=""false"""
"=""bệnh viện nhật ecopark""","=""0""","=""0""","=""4""","=""Low""","=""false"""
"=""bệnh viện edit""","=""0""","=""0""","=""3""","=""Low""","=""false"""
"=""bệnh viện eda""","=""0""","=""0""","=""3""","=""Low""","=""false"""
"=""bệnh viện edena""","=""0""","=""0""","=""3""","=""Low""","=""false"""
"=""bệnh viện bạch mai edu""","=""0""","=""0""","=""5""","=""Low""","=""false"""
"=""bệnh viện dt""","=""0""","=""0""","=""3""","=""Low""","=""false"""
"=""bệnh viện da 24h""","=""0""","=""0""","=""4""","=""Low""","=""false"""
"=""bệnh viện dtu""","=""0""","=""0""","=""3""","=""Low""","=""false"""
"=""bệnh viện phcn dtbnn""","=""0""","=""0""","=""4""","=""Low""","=""false"""
"=""bệnh viện egis""","=""0""","=""0""","=""3""","=""Low""","=""false"""
"=""bệnh viện eih""","=""0""","=""0""","=""3""","=""Low""","=""false"""
"=""bệnh viện elizabeth singapore""","=""0""","=""0""","=""4""","=""Low""","=""false"""
"=""bệnh viện elite""","=""0""","=""0""","=""3""","=""Low""","=""false"""
"=""bệnh viện elizabeth hong kong""","=""0""","=""0""","=""5""","=""Low""","=""false"""
"=""bệnh viện mount elizabeth""","=""0""","=""0""","=""4""","=""Low""","=""false"""
"=""bệnh viện mount elizabeth singapore""","=""0""","=""0""","=""5""","=""Low""","=""false"""
"=""bệnh viện mount elizabeth novena""","=""0""","=""0""","=""5""","=""Low""","=""false"""
"=""bệnh viện queen elizabeth""","=""0""","=""0""","=""4""","=""Low""","=""false"""
"=""bệnh viện mount elizabeth orchard""","=""0""","=""0""","=""5""","=""Low""","=""false"""
"=""bệnh viện epson""","=""0""","=""0""","=""3""","=""Low""","=""false"""
"=""bệnh viện thú y eopi""","=""0""","=""0""","=""5""","=""Low""","=""false"""
"=""bệnh viện thú y dr eopi quang trung""","=""0""","=""0""","=""8""","=""Low""","=""false"""
"=""bệnh viện thú y eravet hải phòng""","=""0""","=""0""","=""7""","=""Low""","=""false"""
"=""bệnh viện estella""","=""0""","=""0""","=""3""","=""Low""","=""false"""
"=""bệnh viện esto""","=""0""","=""0""","=""3""","=""Low""","=""false"""
"=""bệnh viện este phương đông""","=""0""","=""0""","=""5""","=""Low""","=""false"""
"=""bệnh viện es cần thơ""","=""0""","=""0""","=""5""","=""Low""","=""false"""
"=""bệnh viện hạnh phúc estella place""","=""0""","=""0""","=""6""","=""Low""","=""false"""
"=""bệnh viện hạnh phúc estella mấy h làm việc""","=""0""","=""0""","=""9""","=""Low""","=""false"""
"=""bệnh viện mắt european""","=""0""","=""0""","=""4""","=""Low""","=""false"""
"=""bệnh viện đại học sogang""","=""0""","=""0""","=""5""","=""Low""","=""false"""
"=""bệnh viện ito""","=""0""","=""0""","=""3""","=""Low""","=""false"""
"=""bệnh viện ito lê văn sỹ""","=""0""","=""0""","=""6""","=""Low""","=""false"""
"=""bệnh viện exson""","=""0""","=""0""","=""3""","=""Low""","=""false"""
"=""bệnh viện express cần thơ""","=""0""","=""0""","=""5""","=""Low""","=""false"""
"=""bệnh viện quốc tế exson""","=""0""","=""0""","=""5""","=""Low""","=""false"""
"=""bệnh viện thú y exotic""","=""0""","=""0""","=""5""","=""Low""","=""false"""
"=""bệnh viện mắt eye hospital""","=""0""","=""0""","=""5""","=""Low""","=""false"""
"=""bệnh viện mắt eye""","=""0""","=""0""","=""4""","=""Low""","=""false"""
"=""bệnh viện american eye center""","=""0""","=""0""","=""5""","=""Low""","=""false"""
"=""bệnh viện mắt tphcm city eye hospital""","=""0""","=""0""","=""7""","=""Low""","=""false"""
"=""bệnh viện mắt sài gòn eyesignature""","=""0""","=""0""","=""6""","=""Low""","=""false"""
"=""bệnh viện emcas phốt""","=""0""","=""0""","=""4""","=""Low""","=""false"""
"=""bệnh viện emc""","=""0""","=""0""","=""3""","=""Low""","=""false"""
"=""bệnh viện eva""","=""0""","=""0""","=""3""","=""Low""","=""false"""
"=""bệnh viện family""","=""0""","=""0""","=""3""","=""Low""","=""false"""
"=""bệnh viện family medical practice""","=""0""","=""0""","=""5""","=""Low""","=""false"""
"=""bệnh viện fap viet""","=""0""","=""0""","=""4""","=""Low""","=""false"""
"=""bệnh viện fanny ca""","=""0""","=""0""","=""4""","=""Low""","=""false"""
"=""bệnh viện family medical practice quận 2""","=""0""","=""0""","=""7""","=""Low""","=""false"""
"=""bệnh viện family hà nội""","=""0""","=""0""","=""5""","=""Low""","=""false"""
"=""bệnh viện ff""","=""0""","=""0""","=""3""","=""Low""","=""false"""
"=""bệnh viện phenikaa""","=""0""","=""0""","=""3""","=""Low""","=""false"""
"=""bệnh viện fen knia""","=""0""","=""0""","=""4""","=""Low""","=""false"""
"=""bệnh viện fengyuan""","=""0""","=""0""","=""3""","=""Low""","=""false"""
"=""bệnh viện ferica""","=""0""","=""0""","=""3""","=""Low""","=""false"""
"=""bệnh viện phenikaa có khám bảo hiểm không""","=""0""","=""0""","=""8""","=""Low""","=""false"""
"=""bệnh viện fif cần thơ""","=""0""","=""0""","=""5""","=""Low""","=""false"""
"=""bệnh viện fih""","=""0""","=""0""","=""3""","=""Low""","=""false"""
"=""bệnh viện ibone fisio""","=""0""","=""0""","=""4""","=""Low""","=""false"""
"=""bệnh viện gonjiam film""","=""0""","=""0""","=""4""","=""Low""","=""false"""
"=""bệnh viện 108 tiêm filler""","=""0""","=""0""","=""5""","=""Low""","=""false"""
"=""bệnh viện có tiêm filler không""","=""0""","=""0""","=""6""","=""Low""","=""false"""
"=""bệnh viện nào tiêm filler""","=""0""","=""0""","=""5""","=""Low""","=""false"""
"=""bệnh viện ở florida""","=""0""","=""0""","=""4""","=""Low""","=""false"""
"=""bệnh viện quốc tế carmel fmp""","=""0""","=""0""","=""6""","=""Low""","=""false"""
"=""bệnh viện fda""","=""0""","=""0""","=""3""","=""Low""","=""false"""
"=""bệnh viện fd""","=""0""","=""0""","=""3""","=""Low""","=""false"""
"=""bệnh viện fountain valley""","=""0""","=""0""","=""4""","=""Low""","=""false"""
"=""bệnh viện footscray""","=""0""","=""0""","=""3""","=""Low""","=""false"""
"=""bệnh viện fob""","=""0""","=""0""","=""3""","=""Low""","=""false"""
"=""bệnh viện fob cần thơ""","=""0""","=""0""","=""5""","=""Low""","=""false"""
"=""bệnh viện formosa""","=""0""","=""0""","=""3""","=""Low""","=""false"""
"=""bệnh viện foshan""","=""0""","=""0""","=""3""","=""Low""","=""false"""
"=""bệnh viện henry ford""","=""0""","=""0""","=""4""","=""Low""","=""false"""
"=""bệnh viện thú y forest""","=""0""","=""0""","=""5""","=""Low""","=""false"""
"=""bệnh viện fps""","=""0""","=""0""","=""3""","=""Low""","=""false"""
"=""bệnh viện fpt cần thơ""","=""0""","=""0""","=""5""","=""Low""","=""false"""
"=""bệnh viện fpt hà nội""","=""0""","=""0""","=""5""","=""Low""","=""false"""
"=""bệnh viện fpt đà nẵng""","=""0""","=""0""","=""5""","=""Low""","=""false"""
"=""bệnh viện gần fpt""","=""0""","=""0""","=""4""","=""Low""","=""false"""
"=""bệnh viện đại học fpt""","=""0""","=""0""","=""5""","=""Low""","=""false"""
"=""bệnh viện friedrichshain""","=""0""","=""0""","=""3""","=""Low""","=""false"""
"=""bệnh viện san francisco""","=""0""","=""0""","=""4""","=""Low""","=""false"""
"=""bệnh viện hà nội french""","=""0""","=""0""","=""5""","=""Low""","=""false"""
"=""bệnh viện đại học frankfurt""","=""0""","=""0""","=""5""","=""Low""","=""false"""
"=""bệnh viện fto""","=""0""","=""0""","=""3""","=""Low""","=""false"""
"=""bệnh viện fujita""","=""0""","=""0""","=""3""","=""Low""","=""false"""
"=""bệnh viện funpet""","=""0""","=""0""","=""3""","=""Low""","=""false"""
"=""bệnh viện fuda trung quốc""","=""0""","=""0""","=""5""","=""Low""","=""false"""
"=""bệnh viện fuwai""","=""0""","=""0""","=""3""","=""Low""","=""false"""
"=""bệnh viện fukuoka""","=""0""","=""0""","=""3""","=""Low""","=""false"""
"=""bệnh viện fuji""","=""0""","=""0""","=""3""","=""Low""","=""false"""
"=""bệnh viện gan""","=""0""","=""0""","=""3""","=""Low""","=""false"""
"=""bệnh viện gđ đà nẵng""","=""0""","=""0""","=""5""","=""Low""","=""false"""
"=""bệnh viện gđ""","=""0""","=""0""","=""3""","=""Low""","=""false"""
"=""bệnh viện gen di truyền""","=""0""","=""0""","=""5""","=""Low""","=""false"""
"=""bệnh viện generali""","=""0""","=""0""","=""3""","=""Low""","=""false"""
"=""bệnh viện gemelli""","=""0""","=""0""","=""3""","=""Low""","=""false"""
"=""bệnh viện geosan""","=""0""","=""0""","=""3""","=""Low""","=""false"""
"=""bệnh viện gentical""","=""0""","=""0""","=""3""","=""Low""","=""false"""
"=""bệnh viện gen""","=""0""","=""0""","=""3""","=""Low""","=""false"""
"=""bệnh viện general hospital""","=""0""","=""0""","=""4""","=""Low""","=""false"""
"=""bệnh viện gemadept""","=""0""","=""0""","=""3""","=""Low""","=""false"""
"=""bệnh viện gc phenikaa""","=""0""","=""0""","=""4""","=""Low""","=""false"""
"=""bệnh viện gc""","=""0""","=""0""","=""3""","=""Low""","=""false"""
"=""bệnh viện ghép thận""","=""0""","=""0""","=""4""","=""Low""","=""false"""
"=""bệnh viện ghép thận tốt nhất việt nam""","=""0""","=""0""","=""8""","=""Low""","=""false"""
"=""bệnh viện ghép gan""","=""0""","=""0""","=""4""","=""Low""","=""false"""
"=""bệnh viện ghép da""","=""0""","=""0""","=""4""","=""Low""","=""false"""
"=""bệnh viện ghi bằng tiếng anh""","=""0""","=""0""","=""6""","=""Low""","=""false"""
"=""bệnh viện ghép tạng đà nẵng""","=""0""","=""0""","=""6""","=""Low""","=""false"""
"=""bệnh viện ghép tạng""","=""0""","=""0""","=""4""","=""Low""","=""false"""
"=""bệnh viện global city""","=""0""","=""0""","=""4""","=""Low""","=""false"""
"=""bệnh viện gleneagles kuala lumpur""","=""0""","=""0""","=""5""","=""Low""","=""false"""
"=""bệnh viện global""","=""0""","=""0""","=""3""","=""Low""","=""false"""
"=""bệnh viện gần global city""","=""0""","=""0""","=""5""","=""Low""","=""false"""
"=""bệnh viện quốc tế global city""","=""0""","=""0""","=""6""","=""Low""","=""false"""
"=""bệnh viện hùng vương gl""","=""0""","=""0""","=""5""","=""Low""","=""false"""
"=""bệnh viện gia định tphcm""","=""0""","=""0""","=""5""","=""Low""","=""false"""
"=""bệnh viện gia liễu trung ương""","=""0""","=""0""","=""6""","=""Low""","=""false"""
"=""bệnh viện gia liễu""","=""0""","=""0""","=""4""","=""Low""","=""false"""
"=""bệnh viện gg dịch""","=""0""","=""0""","=""4""","=""Low""","=""false"""
"=""bệnh viện 108 gg map""","=""0""","=""0""","=""5""","=""Low""","=""false"""
"=""bệnh viện 175 gg map""","=""0""","=""0""","=""5""","=""Low""","=""false"""
"=""bệnh viện 115 gg map""","=""0""","=""0""","=""5""","=""Low""","=""false"""
"=""bệnh viện e gg map""","=""0""","=""0""","=""5""","=""Low""","=""false"""
"=""bệnh viện bạch mai gg map""","=""0""","=""0""","=""6""","=""Low""","=""false"""
"=""bệnh viện việt đức gg map""","=""0""","=""0""","=""6""","=""Low""","=""false"""
"=""bệnh viện từ dũ gg map""","=""0""","=""0""","=""6""","=""Low""","=""false"""
"=""bệnh viện chợ rẫy gg map""","=""0""","=""0""","=""6""","=""Low""","=""false"""
"=""bệnh viện gold star hải phòng""","=""0""","=""0""","=""6""","=""Low""","=""false"""
"=""bệnh viện gonjiam xem phim""","=""0""","=""0""","=""5""","=""Low""","=""false"""
"=""bệnh viện khám gplx""","=""0""","=""0""","=""4""","=""Low""","=""false"""
"=""bệnh viện green hải phòng khoa sản""","=""0""","=""0""","=""7""","=""Low""","=""false"""
"=""bệnh viện green hải phòng địa chỉ""","=""0""","=""0""","=""7""","=""Low""","=""false"""
"=""bệnh viện gsv""","=""0""","=""0""","=""3""","=""Low""","=""false"""
"=""bệnh viện da liễu gsv""","=""0""","=""0""","=""5""","=""Low""","=""false"""
"=""bệnh viện gtvt vinh""","=""0""","=""0""","=""4""","=""Low""","=""false"""
"=""bệnh viện gtvt yên bái""","=""0""","=""0""","=""5""","=""Low""","=""false"""
"=""bệnh viện gtvt có làm việc thứ 7 không""","=""0""","=""0""","=""9""","=""Low""","=""false"""
"=""bệnh viện gtvt đà nẵng""","=""0""","=""0""","=""5""","=""Low""","=""false"""
"=""bệnh viện gút""","=""0""","=""0""","=""3""","=""Low""","=""false"""
"=""bệnh viện gundam""","=""0""","=""0""","=""3""","=""Low""","=""false"""
"=""bệnh viện chang gung linkou""","=""0""","=""0""","=""5""","=""Low""","=""false"""
"=""bệnh viện chang gung memorial""","=""0""","=""0""","=""5""","=""Low""","=""false"""
"=""bệnh viện tưởng niệm chang gung""","=""0""","=""0""","=""6""","=""Low""","=""false"""
"=""bệnh viện thẩm mỹ kang gu""","=""0""","=""0""","=""6""","=""Low""","=""false"""
"=""bệnh viện gv""","=""0""","=""0""","=""3""","=""Low""","=""false"""
"=""bệnh viện gvi""","=""0""","=""0""","=""3""","=""Low""","=""false"""
"=""bệnh viện gwangju""","=""0""","=""0""","=""3""","=""Low""","=""false"""
"=""bệnh viện hai bà trưng hà nội""","=""0""","=""0""","=""7""","=""Low""","=""false"""
"=""bệnh viện hano""","=""0""","=""0""","=""3""","=""Low""","=""false"""
"=""bệnh viện hay nhất việt nam""","=""0""","=""0""","=""6""","=""Low""","=""false"""
"=""bệnh viện haesung""","=""0""","=""0""","=""3""","=""Low""","=""false"""
"=""bệnh viện gym""","=""0""","=""0""","=""3""","=""Low""","=""false"""
"=""bệnh viện gyeongseong""","=""0""","=""0""","=""3""","=""Low""","=""false"""
"=""bệnh viện hbt""","=""0""","=""0""","=""3""","=""Low""","=""false"""
"=""bệnh viện hb""","=""0""","=""0""","=""3""","=""Low""","=""false"""
"=""bệnh viện đa khoa hb""","=""0""","=""0""","=""5""","=""Low""","=""false"""
"=""bệnh viện hcm tuyển dụng""","=""0""","=""0""","=""5""","=""Low""","=""false"""
"=""bệnh viện hcdc""","=""0""","=""0""","=""3""","=""Low""","=""false"""
"=""bệnh viện 115 hcm""","=""0""","=""0""","=""4""","=""Low""","=""false"""
"=""bệnh viện mắt hcm""","=""0""","=""0""","=""4""","=""Low""","=""false"""
"=""bệnh viện vinmec hcm""","=""0""","=""0""","=""4""","=""Low""","=""false"""
"=""bệnh viện 175 hcm""","=""0""","=""0""","=""4""","=""Low""","=""false"""
"=""bệnh viện tim hcm""","=""0""","=""0""","=""4""","=""Low""","=""false"""
"=""bệnh viện hd""","=""0""","=""0""","=""3""","=""Low""","=""false"""
"=""bệnh viện nhi hd""","=""0""","=""0""","=""4""","=""Low""","=""false"""
"=""bệnh viện gonjiam hd""","=""0""","=""0""","=""4""","=""Low""","=""false"""
"=""bệnh viện đa khoa hd""","=""0""","=""0""","=""5""","=""Low""","=""false"""
"=""bệnh viện phụ sản hd""","=""0""","=""0""","=""5""","=""Low""","=""false"""
"=""bệnh viện gonjiam full hd vietsub""","=""0""","=""0""","=""6""","=""Low""","=""false"""
"=""bệnh viện da liễu hd""","=""0""","=""0""","=""5""","=""Low""","=""false"""
"=""bệnh viện đa khoa tỉnh hd""","=""0""","=""0""","=""6""","=""Low""","=""false"""
"=""bệnh viện healthcare""","=""0""","=""0""","=""3""","=""Low""","=""false"""
"=""bệnh viện hello doctor""","=""0""","=""0""","=""4""","=""Low""","=""false"""
"=""bệnh viện heci""","=""0""","=""0""","=""3""","=""Low""","=""false"""
"=""bệnh viện hepius""","=""0""","=""0""","=""3""","=""Low""","=""false"""
"=""bệnh viện hepa""","=""0""","=""0""","=""3""","=""Low""","=""false"""
"=""bệnh viện hiếm muộn hà nội""","=""0""","=""0""","=""6""","=""Low""","=""false"""
"=""bệnh viện hiếm muộn nam học""","=""0""","=""0""","=""6""","=""Low""","=""false"""
"=""bệnh viện hiếm muộn""","=""0""","=""0""","=""4""","=""Low""","=""false"""
"=""bệnh viện hiếm muộn sài gòn""","=""0""","=""0""","=""6""","=""Low""","=""false"""
"=""bệnh viện hiếm muộn nam học sài gòn""","=""0""","=""0""","=""8""","=""Low""","=""false"""
"=""bệnh viện hiu""","=""0""","=""0""","=""3""","=""Low""","=""false"""
"=""bệnh viện hf""","=""0""","=""0""","=""3""","=""Low""","=""false"""
"=""bệnh viện việt pháp hfh""","=""0""","=""0""","=""5""","=""Low""","=""false"""
"=""bệnh viện hh""","=""0""","=""0""","=""3""","=""Low""","=""false"""
"=""bệnh viện hhtm""","=""0""","=""0""","=""3""","=""Low""","=""false"""
"=""bệnh viện hht""","=""0""","=""0""","=""3""","=""Low""","=""false"""
"=""bệnh viện đa khoa hh""","=""0""","=""0""","=""5""","=""Low""","=""false"""
"=""bệnh viện truyền máu hh""","=""0""","=""0""","=""5""","=""Low""","=""false"""
"=""bệnh viện hk""","=""0""","=""0""","=""3""","=""Low""","=""false"""
"=""bệnh viện hoàn mỹ""","=""0""","=""0""","=""4""","=""Low""","=""false"""
"=""bệnh viện hoàn mỹ thủ đức""","=""0""","=""0""","=""6""","=""Low""","=""false"""
"=""bệnh viện hoà hảo hcm""","=""0""","=""0""","=""5""","=""Low""","=""false"""
"=""bệnh viện hm""","=""0""","=""0""","=""3""","=""Low""","=""false"""
"=""bệnh viện hmsg""","=""0""","=""0""","=""3""","=""Low""","=""false"""
"=""bệnh viện hmu""","=""0""","=""0""","=""3""","=""Low""","=""false"""
"=""bệnh viện hmcl""","=""0""","=""0""","=""3""","=""Low""","=""false"""
"=""bệnh viện hmtd""","=""0""","=""0""","=""3""","=""Low""","=""false"""
"=""bệnh viện hmtu""","=""0""","=""0""","=""3""","=""Low""","=""false"""
"=""bệnh viện hmbp""","=""0""","=""0""","=""3""","=""Low""","=""false"""
"=""bệnh viện hmv""","=""0""","=""0""","=""3""","=""Low""","=""false"""
"=""bệnh viện hn việt đức""","=""0""","=""0""","=""5""","=""Low""","=""false"""
"=""bệnh viện hà nội""","=""0""","=""0""","=""4""","=""Low""","=""false"""
"=""bệnh viện hà nội cao bằng""","=""0""","=""0""","=""6""","=""Low""","=""false"""
"=""bệnh viện hà nội hàn thuyên""","=""0""","=""0""","=""6""","=""Low""","=""false"""
"=""bệnh viện hà nội lào cai""","=""0""","=""0""","=""6""","=""Low""","=""false"""
"=""bệnh viện hp bình dương""","=""0""","=""0""","=""5""","=""Low""","=""false"""
"=""bệnh viện hpv""","=""0""","=""0""","=""3""","=""Low""","=""false"""
"=""bệnh viện hph""","=""0""","=""0""","=""3""","=""Low""","=""false"""
"=""bệnh viện tiêm hpv""","=""0""","=""0""","=""4""","=""Low""","=""false"""
"=""bệnh viện mắt hp""","=""0""","=""0""","=""4""","=""Low""","=""false"""
"=""bệnh viện nhi hp""","=""0""","=""0""","=""4""","=""Low""","=""false"""
"=""bệnh viện hla""","=""0""","=""0""","=""3""","=""Low""","=""false"""
"=""bệnh viện hl""","=""0""","=""0""","=""3""","=""Low""","=""false"""
"=""bệnh viện ea hleo""","=""0""","=""0""","=""4""","=""Low""","=""false"""
"=""bệnh viện hs""","=""0""","=""0""","=""3""","=""Low""","=""false"""
"=""bệnh viện hscc""","=""0""","=""0""","=""3""","=""Low""","=""false"""
"=""bệnh viện ht""","=""0""","=""0""","=""3""","=""Low""","=""false"""
"=""bệnh viện htb là gì""","=""0""","=""0""","=""5""","=""Low""","=""false"""
"=""bệnh viện hto""","=""0""","=""0""","=""3""","=""Low""","=""false"""
"=""bệnh viện htc""","=""0""","=""0""","=""3""","=""Low""","=""false"""
"=""bệnh viện htss và nam học đức phúc""","=""0""","=""0""","=""8""","=""Low""","=""false"""
"=""bệnh viện htss""","=""0""","=""0""","=""3""","=""Low""","=""false"""
"=""bệnh viện ht hà tĩnh""","=""0""","=""0""","=""5""","=""Low""","=""false"""
"=""bệnh viện huyết học tphcm""","=""0""","=""0""","=""5""","=""Low""","=""false"""
"=""bệnh viện huyết học""","=""0""","=""0""","=""4""","=""Low""","=""false"""
"=""bệnh viện huyết học trung ương""","=""0""","=""0""","=""6""","=""Low""","=""false"""
"=""bệnh viện huyết học truyền máu trung ương""","=""0""","=""0""","=""8""","=""Low""","=""false"""
"=""bệnh viện huyết học bình chánh""","=""0""","=""0""","=""6""","=""Low""","=""false"""
"=""bệnh viện huyết học cần thơ""","=""0""","=""0""","=""6""","=""Low""","=""false"""
"=""bệnh viện huyết học trung ương hà nội""","=""0""","=""0""","=""8""","=""Low""","=""false"""
"=""bệnh viện hy vọng""","=""0""","=""0""","=""4""","=""Low""","=""false"""
"=""bệnh viện hy vọng mới ở hà nội""","=""0""","=""0""","=""8""","=""Low""","=""false"""
"=""bệnh viện hy vọng mới ảnh""","=""0""","=""0""","=""6""","=""Low""","=""false"""
"=""bệnh viện hvn""","=""0""","=""0""","=""3""","=""Low""","=""false"""
"=""bệnh viện hvgl""","=""0""","=""0""","=""3""","=""Low""","=""false"""
"=""bệnh viện hv gia lai""","=""0""","=""0""","=""5""","=""Low""","=""false"""
"=""bệnh viện vn bình an""","=""0""","=""0""","=""5""","=""Low""","=""false"""
"=""bệnh viện phụ sản hv""","=""0""","=""0""","=""5""","=""Low""","=""false"""
"=""bệnh viện ibone""","=""0""","=""0""","=""3""","=""Low""","=""false"""
"=""bệnh viện id hàn quốc""","=""0""","=""0""","=""5""","=""Low""","=""false"""
"=""bệnh viện id việt nam""","=""0""","=""0""","=""5""","=""Low""","=""false"""
"=""bệnh viện id hospital""","=""0""","=""0""","=""4""","=""Low""","=""false"""
"=""bệnh viện ids""","=""0""","=""0""","=""3""","=""Low""","=""false"""
"=""bệnh viện thẩm mỹ id việt nam""","=""0""","=""0""","=""7""","=""Low""","=""false"""
"=""bệnh viện ii bảo lộc""","=""0""","=""0""","=""5""","=""Low""","=""false"""
"=""bệnh viện ik premium""","=""0""","=""0""","=""4""","=""Low""","=""false"""
"=""bệnh viện quốc tế ik premium""","=""0""","=""0""","=""6""","=""Low""","=""false"""
"=""bệnh viện imedicare""","=""0""","=""0""","=""3""","=""Low""","=""false"""
"=""bệnh viện imex""","=""0""","=""0""","=""3""","=""Low""","=""false"""
"=""bệnh viện imh""","=""0""","=""0""","=""3""","=""Low""","=""false"""
"=""bệnh viện imc""","=""0""","=""0""","=""3""","=""Low""","=""false"""
"=""bệnh viện imo""","=""0""","=""0""","=""3""","=""Low""","=""false"""
"=""bệnh viện gonjiam imdb""","=""0""","=""0""","=""4""","=""Low""","=""false"""
"=""bệnh viện có cấy implant không""","=""0""","=""0""","=""6""","=""Low""","=""false"""
"=""bệnh viện io""","=""0""","=""0""","=""3""","=""Low""","=""false"""
"=""bệnh viện ios""","=""0""","=""0""","=""3""","=""Low""","=""false"""
"=""bệnh viện iom phạm ngọc thạch""","=""0""","=""0""","=""6""","=""Low""","=""false"""
"=""bệnh viện quốc tế iom""","=""0""","=""0""","=""5""","=""Low""","=""false"""
"=""bệnh viện test iq""","=""0""","=""0""","=""4""","=""Low""","=""false"""
"=""bệnh viện irc""","=""0""","=""0""","=""3""","=""Low""","=""false"""
"=""bệnh viện iran""","=""0""","=""0""","=""3""","=""Low""","=""false"""
"=""bệnh viện iris""","=""0""","=""0""","=""3""","=""Low""","=""false"""
"=""bệnh viện ip""","=""0""","=""0""","=""3""","=""Low""","=""false"""
"=""bệnh viện iphone tphcm""","=""0""","=""0""","=""4""","=""Low""","=""false"""
"=""bệnh viện iphone ảnh""","=""0""","=""0""","=""4""","=""Low""","=""false"""
"=""bệnh viện iphone có uy tín không""","=""0""","=""0""","=""7""","=""Low""","=""false"""
"=""bệnh viện iphone nghệ an""","=""0""","=""0""","=""5""","=""Low""","=""false"""
"=""bệnh viện intermec hà nội""","=""0""","=""0""","=""5""","=""Low""","=""false"""
"=""bệnh viện isi cần thơ""","=""0""","=""0""","=""5""","=""Low""","=""false"""
"=""bệnh viện sis đột quỵ cần thơ""","=""0""","=""0""","=""7""","=""Low""","=""false"""
"=""bệnh viện ivf hà nội""","=""0""","=""0""","=""5""","=""Low""","=""false"""
"=""bệnh viện ivf mỹ đức""","=""0""","=""0""","=""5""","=""Low""","=""false"""
"=""bệnh viện ivf quốc ánh""","=""0""","=""0""","=""5""","=""Low""","=""false"""
"=""bệnh viện ivf phương đông""","=""0""","=""0""","=""5""","=""Low""","=""false"""
"=""bệnh viện ivf đông đô""","=""0""","=""0""","=""5""","=""Low""","=""false"""
"=""bệnh viện iuh""","=""0""","=""0""","=""3""","=""Low""","=""false"""
"=""bệnh viện iuhw narita""","=""0""","=""0""","=""4""","=""Low""","=""false"""
"=""bệnh viện làm iui""","=""0""","=""0""","=""4""","=""Low""","=""false"""
"=""bệnh viện gần iuh""","=""0""","=""0""","=""4""","=""Low""","=""false"""
"=""bệnh viện quốc tế iuh""","=""0""","=""0""","=""5""","=""Low""","=""false"""
"=""bệnh viện bưu điện iui""","=""0""","=""0""","=""5""","=""Low""","=""false"""
"=""bệnh viện jci""","=""0""","=""0""","=""3""","=""Low""","=""false"""
"=""bệnh viện đạt jci tại việt nam""","=""0""","=""0""","=""7""","=""Low""","=""false"""
"=""bệnh viện đạt jci""","=""0""","=""0""","=""4""","=""Low""","=""false"""
"=""bệnh viện mắt cao thắng jci""","=""0""","=""0""","=""6""","=""Low""","=""false"""
"=""bệnh viện jimin""","=""0""","=""0""","=""3""","=""Low""","=""false"""
"=""bệnh viện jimmy thành""","=""0""","=""0""","=""4""","=""Low""","=""false"""
"=""bệnh viện kang jin""","=""0""","=""0""","=""4""","=""Low""","=""false"""
"=""bệnh viện thẩm mỹ wang jing""","=""0""","=""0""","=""6""","=""Low""","=""false"""
"=""bệnh viện thẩm mỹ kang jin""","=""0""","=""0""","=""6""","=""Low""","=""false"""
"=""bệnh viện jk nhật hàn tuyển dụng""","=""0""","=""0""","=""7""","=""Low""","=""false"""
"=""bệnh viện jk hàn quốc""","=""0""","=""0""","=""5""","=""Low""","=""false"""
"=""bệnh viện jk plastic surgery center""","=""0""","=""0""","=""6""","=""Low""","=""false"""
"=""bệnh viện thẩm mỹ jk nhật hàn bài đánh giá""","=""0""","=""0""","=""10""","=""Low""","=""false"""
"=""bệnh viện jm""","=""0""","=""0""","=""3""","=""Low""","=""false"""
"=""bệnh viện jmc hàn quốc""","=""0""","=""0""","=""5""","=""Low""","=""false"""
"=""bệnh viện jongno yulje""","=""0""","=""0""","=""4""","=""Low""","=""false"""
"=""bệnh viện jo""","=""0""","=""0""","=""3""","=""Low""","=""false"""
"=""bệnh viện johns hopkins theo chủ sở hữu""","=""0""","=""0""","=""8""","=""Low""","=""false"""
"=""bệnh viện san jose st bonaventure""","=""0""","=""0""","=""6""","=""Low""","=""false"""
"=""bệnh viện san jose""","=""0""","=""0""","=""4""","=""Low""","=""false"""
"=""bệnh viện malaysia johor""","=""0""","=""0""","=""4""","=""Low""","=""false"""
"=""bệnh viện st joseph""","=""0""","=""0""","=""4""","=""Low""","=""false"""
"=""bệnh viện pet joy""","=""0""","=""0""","=""4""","=""Low""","=""false"""
"=""bệnh viện jt angel""","=""0""","=""0""","=""4""","=""Low""","=""false"""
"=""bệnh viện jt""","=""0""","=""0""","=""3""","=""Low""","=""false"""
"=""bệnh viện jt angel phốt""","=""0""","=""0""","=""5""","=""Low""","=""false"""
"=""bệnh viện julie hàn quốc""","=""0""","=""0""","=""5""","=""Low""","=""false"""
"=""bệnh viện juntendo""","=""0""","=""0""","=""3""","=""Low""","=""false"""
"=""bệnh viện cư jut""","=""0""","=""0""","=""4""","=""Low""","=""false"""
"=""bệnh viện st jude""","=""0""","=""0""","=""4""","=""Low""","=""false"""
"=""bệnh viện đại học juntendo""","=""0""","=""0""","=""5""","=""Low""","=""false"""
"=""bệnh viện jw hàn quốc mst""","=""0""","=""0""","=""6""","=""Low""","=""false"""
"=""bệnh viện kangnam đà nẵng""","=""0""","=""0""","=""5""","=""Low""","=""false"""
"=""bệnh viện kangnam nguyễn trãi""","=""0""","=""0""","=""5""","=""Low""","=""false"""
"=""bệnh viện kangnam cần thơ""","=""0""","=""0""","=""5""","=""Low""","=""false"""
"=""bệnh viện kangnam thanh hóa""","=""0""","=""0""","=""5""","=""Low""","=""false"""
"=""bệnh viện kbang""","=""0""","=""0""","=""3""","=""Low""","=""false"""
"=""bệnh viện kbang gia lai""","=""0""","=""0""","=""5""","=""Low""","=""false"""
"=""bệnh viện kbc là gì""","=""0""","=""0""","=""5""","=""Low""","=""false"""
"=""bệnh viện đa khoa kbang""","=""0""","=""0""","=""5""","=""Low""","=""false"""
"=""bệnh viện đa khoa huyện kbang gia lai""","=""0""","=""0""","=""8""","=""Low""","=""false"""
"=""bệnh viện kcb là gì""","=""0""","=""0""","=""5""","=""Low""","=""false"""
"=""bệnh viện kcb ban đầu là gì""","=""0""","=""0""","=""7""","=""Low""","=""false"""
"=""bệnh viện kcs cần thơ""","=""0""","=""0""","=""5""","=""Low""","=""false"""
"=""bệnh viện kc""","=""0""","=""0""","=""3""","=""Low""","=""false"""
"=""bệnh viện kcn yên phong""","=""0""","=""0""","=""5""","=""Low""","=""false"""
"=""bệnh viện kenya""","=""0""","=""0""","=""3""","=""Low""","=""false"""
"=""bệnh viện keangnam korea""","=""0""","=""0""","=""4""","=""Low""","=""false"""
"=""bệnh viện keto""","=""0""","=""0""","=""3""","=""Low""","=""false"""
"=""bệnh viện keio""","=""0""","=""0""","=""3""","=""Low""","=""false"""
"=""bệnh viện keangnam hà nội""","=""0""","=""0""","=""5""","=""Low""","=""false"""
"=""bệnh viện kế hoạch hoá gia đình""","=""0""","=""0""","=""7""","=""Low""","=""false"""
"=""bệnh viện khám mắt""","=""0""","=""0""","=""4""","=""Low""","=""false"""
"=""bệnh viện khu vực thủ đức""","=""0""","=""0""","=""6""","=""Low""","=""false"""
"=""bệnh viện khám phụ khoa""","=""0""","=""0""","=""5""","=""Low""","=""false"""
"=""bệnh viện khám tổng quát ở sài gòn""","=""0""","=""0""","=""8""","=""Low""","=""false"""
"=""bệnh viện khám tổng quát""","=""0""","=""0""","=""5""","=""Low""","=""false"""
"=""bệnh viện khoa ngoại thần kinh quốc tế""","=""0""","=""0""","=""8""","=""Low""","=""false"""
"=""bệnh viện kiến an hải phòng""","=""0""","=""0""","=""6""","=""Low""","=""false"""
"=""bệnh viện kinh bắc 2""","=""0""","=""0""","=""5""","=""Low""","=""false"""
"=""bệnh viện đa kg""","=""0""","=""0""","=""4""","=""Low""","=""false"""
"=""bệnh viện đa khoa tỉnh kg""","=""0""","=""0""","=""6""","=""Low""","=""false"""
"=""bệnh viện kl""","=""0""","=""0""","=""3""","=""Low""","=""false"""
"=""bệnh viện km""","=""0""","=""0""","=""3""","=""Low""","=""false"""
"=""bệnh viện bao nhiêu km""","=""0""","=""0""","=""5""","=""Low""","=""false"""
"=""bệnh viện 108 bao nhiêu km""","=""0""","=""0""","=""6""","=""Low""","=""false"""
"=""bệnh viện 175 bao nhiêu km""","=""0""","=""0""","=""6""","=""Low""","=""false"""
"=""bệnh viện 115 bao nhiêu km""","=""0""","=""0""","=""6""","=""Low""","=""false"""
"=""bệnh viện 103 bao nhiêu km""","=""0""","=""0""","=""6""","=""Low""","=""false"""
"=""bệnh viện e bao nhiêu km""","=""0""","=""0""","=""6""","=""Low""","=""false"""
"=""bệnh viện nhi bao nhiêu km""","=""0""","=""0""","=""6""","=""Low""","=""false"""
"=""bệnh viện kk""","=""0""","=""0""","=""3""","=""Low""","=""false"""
"=""bệnh viện kkh""","=""0""","=""0""","=""3""","=""Low""","=""false"""
"=""bệnh viện mắt khu kk1""","=""0""","=""0""","=""5""","=""Low""","=""false"""
"=""bệnh viện kn""","=""0""","=""0""","=""3""","=""Low""","=""false"""
"=""bệnh viện penn knia""","=""0""","=""0""","=""4""","=""Low""","=""false"""
"=""bệnh viện đại học fen knia""","=""0""","=""0""","=""6""","=""Low""","=""false"""
"=""bệnh viện korean star sao hàn""","=""0""","=""0""","=""6""","=""Low""","=""false"""
"=""bệnh viện kotex""","=""0""","=""0""","=""3""","=""Low""","=""false"""
"=""bệnh viện kon tum sau sáp nhập""","=""0""","=""0""","=""7""","=""Low""","=""false"""
"=""bệnh viện kosei""","=""0""","=""0""","=""3""","=""Low""","=""false"""
"=""bệnh viện kobe""","=""0""","=""0""","=""3""","=""Low""","=""false"""
"=""bệnh viện koko premium""","=""0""","=""0""","=""4""","=""Low""","=""false"""
"=""bệnh viện pk kq""","=""0""","=""0""","=""4""","=""Low""","=""false"""
"=""bệnh viện kplus""","=""0""","=""0""","=""3""","=""Low""","=""false"""
"=""bệnh viện kpj""","=""0""","=""0""","=""3""","=""Low""","=""false"""
"=""bệnh viện ks cần thơ""","=""0""","=""0""","=""5""","=""Low""","=""false"""
"=""bệnh viện kst""","=""0""","=""0""","=""3""","=""Low""","=""false"""
"=""bệnh viện ks""","=""0""","=""0""","=""3""","=""Low""","=""false"""
"=""bệnh viện krong bong""","=""0""","=""0""","=""4""","=""Low""","=""false"""
"=""bệnh viện krông nô""","=""0""","=""0""","=""4""","=""Low""","=""false"""
"=""bệnh viện krc""","=""0""","=""0""","=""3""","=""Low""","=""false"""
"=""bệnh viện krong pa""","=""0""","=""0""","=""4""","=""Low""","=""false"""
"=""bệnh viện krông pắc""","=""0""","=""0""","=""4""","=""Low""","=""false"""
"=""bệnh viện kt""","=""0""","=""0""","=""3""","=""Low""","=""false"""
"=""bệnh viện mắt ktc thanh hải""","=""0""","=""0""","=""6""","=""Low""","=""false"""
"=""bệnh viện gần ktx khu b""","=""0""","=""0""","=""6""","=""Low""","=""false"""
"=""bệnh viện mắt ktc quảng ngãi""","=""0""","=""0""","=""6""","=""Low""","=""false"""
"=""bệnh viện 354 tchc kt""","=""0""","=""0""","=""5""","=""Low""","=""false"""
"=""bệnh viện trường đại học ktyt hải dương""","=""0""","=""0""","=""8""","=""Low""","=""false"""
"=""bệnh viện jeolla""","=""0""","=""0""","=""3""","=""Low""","=""false"""
"=""bệnh viện jetanin""","=""0""","=""0""","=""3""","=""Low""","=""false"""
"=""bệnh viện thẩm mỹ jeolla ảnh""","=""0""","=""0""","=""6""","=""Low""","=""false"""
"=""bệnh viện kusumi nhật bản""","=""0""","=""0""","=""5""","=""Low""","=""false"""
"=""bệnh viện kusumi hưng yên""","=""0""","=""0""","=""5""","=""Low""","=""false"""
"=""bệnh viện kuala lumpur""","=""0""","=""0""","=""4""","=""Low""","=""false"""
"=""bệnh viện ku bướu""","=""0""","=""0""","=""4""","=""Low""","=""false"""
"=""bệnh viện kv thủ đức""","=""0""","=""0""","=""5""","=""Low""","=""false"""
"=""bệnh viện đkkv phúc yên""","=""0""","=""0""","=""5""","=""Low""","=""false"""
"=""bệnh viện đa khoa kv long khánh""","=""0""","=""0""","=""7""","=""Low""","=""false"""
"=""bệnh viện đa khoa kvmn phía bắc quảng nam""","=""0""","=""0""","=""9""","=""Low""","=""false"""
"=""bệnh viện đa khoa kv củ chi""","=""0""","=""0""","=""7""","=""Low""","=""false"""
"=""bệnh viện đa khoa kv cam ranh""","=""0""","=""0""","=""7""","=""Low""","=""false"""
"=""bệnh viện đa khoa kv hóc môn""","=""0""","=""0""","=""7""","=""Low""","=""false"""
"=""bệnh viện đa khoa kv long thành""","=""0""","=""0""","=""7""","=""Low""","=""false"""
"=""bệnh viện lc""","=""0""","=""0""","=""3""","=""Low""","=""false"""
"=""bệnh viện lbt""","=""0""","=""0""","=""3""","=""Low""","=""false"""
"=""bệnh viện lê văn thịnh""","=""0""","=""0""","=""5""","=""Low""","=""false"""
"=""bệnh viện le văn việt""","=""0""","=""0""","=""5""","=""Low""","=""false"""
"=""bệnh viện lg""","=""0""","=""0""","=""3""","=""Low""","=""false"""
"=""bệnh viện đa lh""","=""0""","=""0""","=""4""","=""Low""","=""false"""
"=""bệnh viện ung bướu có khs cho nam không""","=""0""","=""0""","=""9""","=""Low""","=""false"""
"=""bệnh viện mắt điện biên ohur""","=""0""","=""0""","=""6""","=""Low""","=""false"""
"=""bệnh viện liên chiểu đà nẵng""","=""0""","=""0""","=""6""","=""Low""","=""false"""
"=""bệnh viện lk""","=""0""","=""0""","=""3""","=""Low""","=""false"""
"=""bệnh viện lt zin""","=""0""","=""0""","=""4""","=""Low""","=""false"""
"=""bệnh viện hong ky co ltd""","=""0""","=""0""","=""6""","=""Low""","=""false"""
"=""bệnh viện lura""","=""0""","=""0""","=""3""","=""Low""","=""false"""
"=""bệnh viện luca""","=""0""","=""0""","=""3""","=""Low""","=""false"""
"=""bệnh viện luna""","=""0""","=""0""","=""3""","=""Low""","=""false"""
"=""bệnh viện luxdefa""","=""0""","=""0""","=""3""","=""Low""","=""false"""
"=""bệnh viện lu lào cai""","=""0""","=""0""","=""5""","=""Low""","=""false"""
"=""bệnh viện lu daopei""","=""0""","=""0""","=""4""","=""Low""","=""false"""
"=""bệnh viện luôn""","=""0""","=""0""","=""3""","=""Low""","=""false"""
"=""bệnh viện mắt lx""","=""0""","=""0""","=""4""","=""Low""","=""false"""
"=""bệnh viện lý thường kiệt""","=""0""","=""0""","=""5""","=""Low""","=""false"""
"=""bệnh viện lý chiêu hoàng""","=""0""","=""0""","=""5""","=""Low""","=""false"""
"=""bệnh viện lý tự trọng""","=""0""","=""0""","=""5""","=""Low""","=""false"""
"=""bệnh viện lý chính thắng""","=""0""","=""0""","=""5""","=""Low""","=""false"""
"=""bệnh viện lý thái tổ quận 3""","=""0""","=""0""","=""7""","=""Low""","=""false"""
"=""bệnh viện 1a ly thuong kiet""","=""0""","=""0""","=""6""","=""Low""","=""false"""
"=""bệnh viện mbj""","=""0""","=""0""","=""3""","=""Low""","=""false"""
"=""bệnh viện mb""","=""0""","=""0""","=""3""","=""Low""","=""false"""
"=""bệnh viện thú y mb vet hue ảnh""","=""0""","=""0""","=""8""","=""Low""","=""false"""
"=""bệnh viện md anderson""","=""0""","=""0""","=""4""","=""Low""","=""false"""
"=""bệnh viện md""","=""0""","=""0""","=""3""","=""Low""","=""false"""
"=""bệnh viện màu xanh md""","=""0""","=""0""","=""5""","=""Low""","=""false"""
"=""bệnh viện đa khoa mdrak""","=""0""","=""0""","=""5""","=""Low""","=""false"""
"=""bệnh viện medlatec""","=""0""","=""0""","=""3""","=""Low""","=""false"""
"=""bệnh viện medic miền đông""","=""0""","=""0""","=""5""","=""Low""","=""false"""
"=""bệnh viện lvt""","=""0""","=""0""","=""3""","=""Low""","=""false"""
"=""bệnh viện lvv""","=""0""","=""0""","=""3""","=""Low""","=""false"""
"=""bệnh viện lvt quận 2""","=""0""","=""0""","=""5""","=""Low""","=""false"""
"=""bệnh viện quốc tế lvfh""","=""0""","=""0""","=""5""","=""Low""","=""false"""
"=""bệnh viện mc""","=""0""","=""0""","=""3""","=""Low""","=""false"""
"=""bệnh viện thẩm mỹ mcat""","=""0""","=""0""","=""5""","=""Low""","=""false"""
"=""bệnh viện mh""","=""0""","=""0""","=""3""","=""Low""","=""false"""
"=""bệnh viện minh đức""","=""0""","=""0""","=""4""","=""Low""","=""false"""
"=""bệnh viện miền đông""","=""0""","=""0""","=""4""","=""Low""","=""false"""
"=""bệnh viện cư mgar""","=""0""","=""0""","=""4""","=""Low""","=""false"""
"=""bệnh viện tuyển dụng mkt""","=""0""","=""0""","=""5""","=""Low""","=""false"""
"=""bệnh viện mount sinai""","=""0""","=""0""","=""4""","=""Low""","=""false"""
"=""bệnh viện mp2""","=""0""","=""0""","=""3""","=""Low""","=""false"""
"=""bệnh viện mplaza""","=""0""","=""0""","=""3""","=""Low""","=""false"""
"=""bệnh viện mp""","=""0""","=""0""","=""3""","=""Low""","=""false"""
"=""bệnh viện mpuh""","=""0""","=""0""","=""3""","=""Low""","=""false"""
"=""bệnh viện mp3""","=""0""","=""0""","=""3""","=""Low""","=""false"""
"=""bệnh viện mp1""","=""0""","=""0""","=""3""","=""Low""","=""false"""
"=""bệnh viện ở mplaza""","=""0""","=""0""","=""4""","=""Low""","=""false"""
"=""bệnh viện msc""","=""0""","=""0""","=""3""","=""Low""","=""false"""
"=""bệnh viện msg lê thị riêng""","=""0""","=""0""","=""6""","=""Low""","=""false"""
"=""bệnh viện msg cần thơ""","=""0""","=""0""","=""5""","=""Low""","=""false"""
"=""bệnh viện msi""","=""0""","=""0""","=""3""","=""Low""","=""false"""
"=""bệnh viện mst""","=""0""","=""0""","=""3""","=""Low""","=""false"""
"=""bệnh viện msg bình dương""","=""0""","=""0""","=""5""","=""Low""","=""false"""
"=""bệnh viện mri""","=""0""","=""0""","=""3""","=""Low""","=""false"""
"=""bệnh viện chụp mri""","=""0""","=""0""","=""4""","=""Low""","=""false"""
"=""bệnh viện chụp mri ở bình dương""","=""0""","=""0""","=""7""","=""Low""","=""false"""
"=""bệnh viện chụp mri cần thơ""","=""0""","=""0""","=""6""","=""Low""","=""false"""
"=""bệnh viện chụp mri hà nội""","=""0""","=""0""","=""6""","=""Low""","=""false"""
"=""bệnh viện chụp mri ở đà nẵng""","=""0""","=""0""","=""7""","=""Low""","=""false"""
"=""bệnh viện chụp mri ở nha trang""","=""0""","=""0""","=""7""","=""Low""","=""false"""
"=""bệnh viện chụp mri tốt nhất""","=""0""","=""0""","=""6""","=""Low""","=""false"""
"=""bệnh viện mt""","=""0""","=""0""","=""3""","=""Low""","=""false"""
"=""bệnh viện măts""","=""0""","=""0""","=""3""","=""Low""","=""false"""
"=""bệnh viện mtu""","=""0""","=""0""","=""3""","=""Low""","=""false"""
"=""bệnh viện muc""","=""0""","=""0""","=""3""","=""Low""","=""false"""
"=""bệnh viện mua phôi""","=""0""","=""0""","=""4""","=""Low""","=""false"""
"=""bệnh viện munich""","=""0""","=""0""","=""3""","=""Low""","=""false"""
"=""bệnh viện muh""","=""0""","=""0""","=""3""","=""Low""","=""false"""
"=""bệnh viện mù cang chải""","=""0""","=""0""","=""5""","=""Low""","=""false"""
"=""bệnh viện hiếm muộn nam học hà nội""","=""0""","=""0""","=""8""","=""Low""","=""false"""
"=""bệnh viện hoàn myc""","=""0""","=""0""","=""4""","=""Low""","=""false"""
"=""bệnh viện hoàn myc thủ đức""","=""0""","=""0""","=""6""","=""Low""","=""false"""
"=""bệnh viện mỹ đức""","=""0""","=""0""","=""4""","=""Low""","=""false"""
"=""bệnh viện myg""","=""0""","=""0""","=""3""","=""Low""","=""false"""
"=""bệnh viện mỹ phước 2""","=""0""","=""0""","=""5""","=""Low""","=""false"""
"=""bệnh viện nam sài gòn""","=""0""","=""0""","=""5""","=""Low""","=""false"""
"=""bệnh viện nam học và hiếm muộn hà nội""","=""0""","=""0""","=""9""","=""Low""","=""false"""
"=""bệnh viện nam học""","=""0""","=""0""","=""4""","=""Low""","=""false"""
"=""bệnh viện nam thăng long""","=""0""","=""0""","=""5""","=""Low""","=""false"""
"=""bệnh viện nam cần thơ""","=""0""","=""0""","=""5""","=""Low""","=""false"""
"=""bệnh viện nam học sài gòn""","=""0""","=""0""","=""6""","=""Low""","=""false"""
"=""bệnh viện nam học hà nội""","=""0""","=""0""","=""6""","=""Low""","=""false"""
"=""bệnh viện nam khoa""","=""0""","=""0""","=""4""","=""Low""","=""false"""
"=""bệnh viện nam khoa hà nội""","=""0""","=""0""","=""6""","=""Low""","=""false"""
"=""bệnh viện nb""","=""0""","=""0""","=""3""","=""Low""","=""false"""
"=""bệnh viện nbt""","=""0""","=""0""","=""3""","=""Low""","=""false"""
"=""bệnh viện tỉnh nb""","=""0""","=""0""","=""4""","=""Low""","=""false"""
"=""bệnh viện quốc tế nbt""","=""0""","=""0""","=""5""","=""Low""","=""false"""
"=""bệnh viện sản nhi nb""","=""0""","=""0""","=""5""","=""Low""","=""false"""
"=""bệnh viện 700 giường nb""","=""0""","=""0""","=""5""","=""Low""","=""false"""
"=""bệnh viện đa khoa tỉnh nb""","=""0""","=""0""","=""6""","=""Low""","=""false"""
"=""bệnh viện ncgm""","=""0""","=""0""","=""3""","=""Low""","=""false"""
"=""bệnh viện ncgm tokyo""","=""0""","=""0""","=""4""","=""Low""","=""false"""
"=""bệnh viện ncb""","=""0""","=""0""","=""3""","=""Low""","=""false"""
"=""bệnh viện nct""","=""0""","=""0""","=""3""","=""Low""","=""false"""
"=""bệnh viện ncgm nhật bản""","=""0""","=""0""","=""5""","=""Low""","=""false"""
"=""bệnh viện nch""","=""0""","=""0""","=""3""","=""Low""","=""false"""
"=""bệnh viện ncc nhật bản""","=""0""","=""0""","=""5""","=""Low""","=""false"""
"=""bệnh viện thẩm mỹ ncb""","=""0""","=""0""","=""5""","=""Low""","=""false"""
"=""bệnh viện nhi trung ương nch""","=""0""","=""0""","=""6""","=""Low""","=""false"""
"=""bệnh viện nd gia định""","=""0""","=""0""","=""5""","=""Low""","=""false"""
"=""bệnh viện nd 115""","=""0""","=""0""","=""4""","=""Low""","=""false"""
"=""bệnh viện ndc""","=""0""","=""0""","=""3""","=""Low""","=""false"""
"=""bệnh viện nd gia định cơ sở 2""","=""0""","=""0""","=""8""","=""Low""","=""false"""
"=""bệnh viện ndtp""","=""0""","=""0""","=""3""","=""Low""","=""false"""
"=""bệnh viện nd1""","=""0""","=""0""","=""3""","=""Low""","=""false"""
"=""bệnh viện nd2""","=""0""","=""0""","=""3""","=""Low""","=""false"""
"=""bệnh viện ndc bến tre""","=""0""","=""0""","=""5""","=""Low""","=""false"""
"=""bệnh viện ndtw""","=""0""","=""0""","=""3""","=""Low""","=""false"""
"=""bệnh viện singapore""","=""0""","=""0""","=""3""","=""Low""","=""false"""
"=""bệnh viện new york""","=""0""","=""0""","=""4""","=""Low""","=""false"""
"=""bệnh viện nepal""","=""0""","=""0""","=""3""","=""Low""","=""false"""
"=""bệnh viện necker""","=""0""","=""0""","=""3""","=""Low""","=""false"""
"=""bệnh viện newlife lào""","=""0""","=""0""","=""4""","=""Low""","=""false"""
"=""bệnh viện neomedic""","=""0""","=""0""","=""3""","=""Low""","=""false"""
"=""bệnh viện new zealand""","=""0""","=""0""","=""4""","=""Low""","=""false"""
"=""bệnh viện nguyễn trãi""","=""0""","=""0""","=""4""","=""Low""","=""false"""
"=""bệnh viện ngoại thần kinh quốc tế""","=""0""","=""0""","=""7""","=""Low""","=""false"""
"=""bệnh viện nguyễn thị thập""","=""0""","=""0""","=""5""","=""Low""","=""false"""
"=""bệnh viện nguyễn đình chiểu""","=""0""","=""0""","=""5""","=""Low""","=""false"""
"=""bệnh viện nguyễn trãi quận 5""","=""0""","=""0""","=""6""","=""Low""","=""false"""
"=""bệnh viện thú y nlu""","=""0""","=""0""","=""5""","=""Low""","=""false"""
"=""bệnh viện nora""","=""0""","=""0""","=""3""","=""Low""","=""false"""
"=""bệnh viện nội tiết""","=""0""","=""0""","=""4""","=""Low""","=""false"""
"=""bệnh viện nội tiết trung ương""","=""0""","=""0""","=""6""","=""Low""","=""false"""
"=""bệnh viện noi tiết nghệ an""","=""0""","=""0""","=""6""","=""Low""","=""false"""
"=""bệnh viện noi""","=""0""","=""0""","=""3""","=""Low""","=""false"""
"=""bệnh viện nn""","=""0""","=""0""","=""3""","=""Low""","=""false"""
"=""bệnh viện đa khoa nn""","=""0""","=""0""","=""5""","=""Low""","=""false"""
"=""bệnh viện niềng răng uy tín tphcm""","=""0""","=""0""","=""7""","=""Low""","=""false"""
"=""bệnh viện niềng răng""","=""0""","=""0""","=""4""","=""Low""","=""false"""
"=""bệnh viện nsg""","=""0""","=""0""","=""3""","=""Low""","=""false"""
"=""bệnh viện nura có tốt không""","=""0""","=""0""","=""6""","=""Low""","=""false"""
"=""bệnh viện nuh""","=""0""","=""0""","=""3""","=""Low""","=""false"""
"=""bệnh viện nutrihome""","=""0""","=""0""","=""3""","=""Low""","=""false"""
"=""bệnh viện nura thảo điền""","=""0""","=""0""","=""5""","=""Low""","=""false"""
"=""bệnh viện nuôi con bằng sữa mẹ xuất sắc""","=""0""","=""0""","=""9""","=""Low""","=""false"""
"=""bệnh viện khám mắt nvqs""","=""0""","=""0""","=""5""","=""Low""","=""false"""
"=""bệnh viện nyu langone""","=""0""","=""0""","=""4""","=""Low""","=""false"""
"=""bệnh viện quốc oai hà nội""","=""0""","=""0""","=""6""","=""Low""","=""false"""
"=""bệnh viện quảng oai ba vì""","=""0""","=""0""","=""6""","=""Low""","=""false"""
"=""bệnh viện thanh oai hà nội""","=""0""","=""0""","=""6""","=""Low""","=""false"""
"=""bệnh viện nguyễn oanh""","=""0""","=""0""","=""4""","=""Low""","=""false"""
"=""bệnh viện quốc oai ảnh""","=""0""","=""0""","=""5""","=""Low""","=""false"""
"=""bệnh viện nguyễn oanh gò vấp""","=""0""","=""0""","=""6""","=""Low""","=""false"""
"=""bệnh viện ocean park""","=""0""","=""0""","=""4""","=""Low""","=""false"""
"=""bệnh viện ocp2""","=""0""","=""0""","=""3""","=""Low""","=""false"""
"=""bệnh viện ocean park 1""","=""0""","=""0""","=""5""","=""Low""","=""false"""
"=""bệnh viện ocu""","=""0""","=""0""","=""3""","=""Low""","=""false"""
"=""bệnh viện vinmec ocp2""","=""0""","=""0""","=""4""","=""Low""","=""false"""
"=""bệnh viện oda bến tre""","=""0""","=""0""","=""5""","=""Low""","=""false"""
"=""bệnh viện oda""","=""0""","=""0""","=""3""","=""Low""","=""false"""
"=""bệnh viện ohuj sản hà nội""","=""0""","=""0""","=""6""","=""Low""","=""false"""
"=""bệnh viện ohuj sản hải phòng""","=""0""","=""0""","=""6""","=""Low""","=""false"""
"=""bệnh viện ohuj sản trung ương""","=""0""","=""0""","=""6""","=""Low""","=""false"""
"=""bệnh viện ohuj sản mekong""","=""0""","=""0""","=""5""","=""Low""","=""false"""
"=""bệnh viện ohuj sản thanh hoá""","=""0""","=""0""","=""6""","=""Low""","=""false"""
"=""bệnh viện ohuj sản""","=""0""","=""0""","=""4""","=""Low""","=""false"""
"=""bệnh viện ohoir trung ương""","=""0""","=""0""","=""5""","=""Low""","=""false"""
"=""bệnh viện ohuj sản cần thơ""","=""0""","=""0""","=""6""","=""Low""","=""false"""
"=""bệnh viện ohuj sản quốc tế sài gòn""","=""0""","=""0""","=""8""","=""Low""","=""false"""
"=""bệnh viện ơi""","=""0""","=""0""","=""3""","=""Low""","=""false"""
"=""bệnh viện okayama""","=""0""","=""0""","=""3""","=""Low""","=""false"""
"=""bệnh viện okubo""","=""0""","=""0""","=""3""","=""Low""","=""false"""
"=""bệnh viện nào ok""","=""0""","=""0""","=""4""","=""Low""","=""false"""
"=""bệnh viện đại học okayama""","=""0""","=""0""","=""5""","=""Low""","=""false"""
"=""bệnh viện gia định ok không""","=""0""","=""0""","=""6""","=""Low""","=""false"""
"=""bệnh viện thống nhất ok không""","=""0""","=""0""","=""6""","=""Low""","=""false"""
"=""bệnh viện đa khoa omon""","=""0""","=""0""","=""5""","=""Low""","=""false"""
"=""bệnh viện olympia bình dương""","=""0""","=""0""","=""5""","=""Low""","=""false"""
"=""bệnh viện olympus gia mỹ""","=""0""","=""0""","=""5""","=""Low""","=""false"""
"=""bệnh viện đa khoa olympia nha trang""","=""0""","=""0""","=""7""","=""Low""","=""false"""
"=""bệnh viện đa khoa olympia""","=""0""","=""0""","=""5""","=""Low""","=""false"""
"=""bệnh viện ung bướu cơ sở 2""","=""0""","=""0""","=""7""","=""Low""","=""false"""
"=""bệnh viện ung bướu hcm""","=""0""","=""0""","=""5""","=""Low""","=""false"""
"=""bệnh viện ung bướu""","=""0""","=""0""","=""4""","=""Low""","=""false"""
"=""bệnh viện ung bướu đà nẵng""","=""0""","=""0""","=""6""","=""Low""","=""false"""
"=""bệnh viện ung bướu cần thơ""","=""0""","=""0""","=""6""","=""Low""","=""false"""
"=""bệnh viện ung bướu cơ sở 1""","=""0""","=""0""","=""7""","=""Low""","=""false"""
"=""bệnh viện ung bướu hà nội""","=""0""","=""0""","=""6""","=""Low""","=""false"""
"=""bệnh viện ung bướu hưng việt""","=""0""","=""0""","=""6""","=""Low""","=""false"""
"=""bệnh viện ung bướu 2""","=""0""","=""0""","=""5""","=""Low""","=""false"""
"=""bệnh viện mắt optic""","=""0""","=""0""","=""4""","=""Low""","=""false"""
"=""bệnh viện mắt sài gòn optic""","=""0""","=""0""","=""6""","=""Low""","=""false"""
"=""bệnh viện da liễu open now""","=""0""","=""0""","=""6""","=""Low""","=""false"""
"=""bệnh viện mắt sài gòn open now""","=""0""","=""0""","=""7""","=""Low""","=""false"""
"=""bệnh viện ost phương đông""","=""0""","=""0""","=""5""","=""Low""","=""false"""
"=""bệnh viện đại học osaka""","=""0""","=""0""","=""5""","=""Low""","=""false"""
"=""bệnh viện da liễu osaka""","=""0""","=""0""","=""5""","=""Low""","=""false"""
"=""bệnh viện phụ sản ở osaka""","=""0""","=""0""","=""6""","=""Low""","=""false"""
"=""bệnh viện đại học y osaka""","=""0""","=""0""","=""6""","=""Low""","=""false"""
"=""bệnh viện chữ thập đỏ osaka""","=""0""","=""0""","=""6""","=""Low""","=""false"""
"=""bệnh viện orchid""","=""0""","=""0""","=""3""","=""Low""","=""false"""
"=""bệnh viện orbis""","=""0""","=""0""","=""3""","=""Low""","=""false"""
"=""bệnh viện mắt ortho k""","=""0""","=""0""","=""5""","=""Low""","=""false"""
"=""bệnh viện bay orbis đà nẵng""","=""0""","=""0""","=""6""","=""Low""","=""false"""
"=""bệnh viện nhi great ormond street""","=""0""","=""0""","=""6""","=""Low""","=""false"""
"=""bệnh viện da liễu org""","=""0""","=""0""","=""5""","=""Low""","=""false"""
"=""bệnh viện ourmed đà nẵng""","=""0""","=""0""","=""5""","=""Low""","=""false"""
"=""bệnh viện ourmed""","=""0""","=""0""","=""3""","=""Low""","=""false"""
"=""bệnh viện ở oudong""","=""0""","=""0""","=""4""","=""Low""","=""false"""
"=""bệnh viện nhiệt đới oucru""","=""0""","=""0""","=""5""","=""Low""","=""false"""
"=""bệnh viện oxy cao áp""","=""0""","=""0""","=""5""","=""Low""","=""false"""
"=""bệnh viện có oxy cao áp""","=""0""","=""0""","=""6""","=""Low""","=""false"""
"=""bệnh viện đại học oxford""","=""0""","=""0""","=""5""","=""Low""","=""false"""
"=""bệnh viện trả về thở oxy""","=""0""","=""0""","=""6""","=""Low""","=""false"""
"=""bệnh viện nào có máy oxy cao áp""","=""0""","=""0""","=""8""","=""Low""","=""false"""
"=""bệnh viện pb""","=""0""","=""0""","=""3""","=""Low""","=""false"""
"=""bệnh viện pasteur""","=""0""","=""0""","=""3""","=""Low""","=""false"""
"=""bệnh viện pasteur quận 3""","=""0""","=""0""","=""5""","=""Low""","=""false"""
"=""bệnh viện paris""","=""0""","=""0""","=""3""","=""Low""","=""false"""
"=""bệnh viện pasteur đà nẵng""","=""0""","=""0""","=""5""","=""Low""","=""false"""
"=""bệnh viện pasteur nha trang có khám bảo hiểm không""","=""0""","=""0""","=""10""","=""Low""","=""false"""
"=""bệnh viện pd""","=""0""","=""0""","=""3""","=""Low""","=""false"""
"=""bệnh viện pdf""","=""0""","=""0""","=""3""","=""Low""","=""false"""
"=""bệnh viện từ dũ pdf""","=""0""","=""0""","=""5""","=""Low""","=""false"""
"=""bệnh viện pc""","=""0""","=""0""","=""3""","=""Low""","=""false"""
"=""bệnh viện pct""","=""0""","=""0""","=""3""","=""Low""","=""false"""
"=""bệnh viện pctu""","=""0""","=""0""","=""3""","=""Low""","=""false"""
"=""bệnh viện mắt pc""","=""0""","=""0""","=""4""","=""Low""","=""false"""
"=""bệnh viện mắt pc sóc trăng""","=""0""","=""0""","=""6""","=""Low""","=""false"""
"=""bệnh viện đại học pct""","=""0""","=""0""","=""5""","=""Low""","=""false"""
"=""bệnh viện pethealth""","=""0""","=""0""","=""3""","=""Low""","=""false"""
"=""bệnh viện petrolimex""","=""0""","=""0""","=""3""","=""Low""","=""false"""
"=""bệnh viện pf4""","=""0""","=""0""","=""3""","=""Low""","=""false"""
"=""bệnh viện pf""","=""0""","=""0""","=""3""","=""Low""","=""false"""
"=""bệnh viện quốc tế pf chi nhánh 4 bình dương""","=""0""","=""0""","=""10""","=""Low""","=""false"""
"=""bệnh viện quốc tế pf""","=""0""","=""0""","=""5""","=""Low""","=""false"""
"=""bệnh viện quốc tế pf chi nhánh 4 ảnh""","=""0""","=""0""","=""9""","=""Low""","=""false"""
"=""bệnh viện pg""","=""0""","=""0""","=""3""","=""Low""","=""false"""
"=""bệnh viện pitt phần 1 vietsub""","=""0""","=""0""","=""6""","=""Low""","=""false"""
"=""bệnh viện pitt diễn viên""","=""0""","=""0""","=""5""","=""Low""","=""false"""
"=""bệnh viện phạm ngọc thạch""","=""0""","=""0""","=""5""","=""Low""","=""false"""
"=""bệnh viện phổi trung ương""","=""0""","=""0""","=""5""","=""Low""","=""false"""
"=""bệnh viện phụ sản hà nội""","=""0""","=""0""","=""6""","=""Low""","=""false"""
"=""bệnh viện phụ sản trung ương""","=""0""","=""0""","=""6""","=""Low""","=""false"""
"=""bệnh viện phương đông""","=""0""","=""0""","=""4""","=""Low""","=""false"""
"=""bệnh viện phụ sản cần thơ""","=""0""","=""0""","=""6""","=""Low""","=""false"""
"=""bệnh viện pjico""","=""0""","=""0""","=""3""","=""Low""","=""false"""
"=""bệnh viện bảo lãnh pjico""","=""0""","=""0""","=""5""","=""Low""","=""false"""
"=""bệnh viện liên kết pjico""","=""0""","=""0""","=""5""","=""Low""","=""false"""
"=""bệnh viện pmc""","=""0""","=""0""","=""3""","=""Low""","=""false"""
"=""bệnh viện pmtu""","=""0""","=""0""","=""3""","=""Low""","=""false"""
"=""bệnh viện pk""","=""0""","=""0""","=""3""","=""Low""","=""false"""
"=""bệnh viện việt nhật pkđk yên phong ảnh""","=""0""","=""0""","=""8""","=""Low""","=""false"""
"=""bệnh viện pl""","=""0""","=""0""","=""3""","=""Low""","=""false"""
"=""bệnh viện plo""","=""0""","=""0""","=""3""","=""Low""","=""false"""
"=""bệnh viện plenka""","=""0""","=""0""","=""3""","=""Low""","=""false"""
"=""bệnh viện plaza việt hàn""","=""0""","=""0""","=""5""","=""Low""","=""false"""
"=""bệnh viện pleiku hà nội""","=""0""","=""0""","=""5""","=""Low""","=""false"""
"=""bệnh viện mắt pleiku""","=""0""","=""0""","=""4""","=""Low""","=""false"""
"=""bệnh viện priority""","=""0""","=""0""","=""3""","=""Low""","=""false"""
"=""bệnh viện presbyterian""","=""0""","=""0""","=""3""","=""Low""","=""false"""
"=""bệnh viện pripyat""","=""0""","=""0""","=""3""","=""Low""","=""false"""
"=""bệnh viện princeton""","=""0""","=""0""","=""3""","=""Low""","=""false"""
"=""bệnh viện praha""","=""0""","=""0""","=""3""","=""Low""","=""false"""
"=""bệnh viện prudential""","=""0""","=""0""","=""3""","=""Low""","=""false"""
"=""bệnh viện puka sinh""","=""0""","=""0""","=""4""","=""Low""","=""false"""
"=""bệnh viện puka đẻ""","=""0""","=""0""","=""4""","=""Low""","=""false"""
"=""bệnh viện khoo teck puat""","=""0""","=""0""","=""5""","=""Low""","=""false"""
"=""bệnh viện khoo teck puat singapore""","=""0""","=""0""","=""6""","=""Low""","=""false"""
"=""bệnh viện làng lá pubg""","=""0""","=""0""","=""5""","=""Low""","=""false"""
"=""bệnh viện pn""","=""0""","=""0""","=""3""","=""Low""","=""false"""
"=""bệnh viện đa khoa pnt""","=""0""","=""0""","=""5""","=""Low""","=""false"""
"=""bệnh viện bạch mai png""","=""0""","=""0""","=""5""","=""Low""","=""false"""
"=""bệnh viện mỹ đức pn""","=""0""","=""0""","=""5""","=""Low""","=""false"""
"=""bệnh viện bạch mai logo png""","=""0""","=""0""","=""6""","=""Low""","=""false"""
"=""bệnh viện pttm""","=""0""","=""0""","=""3""","=""Low""","=""false"""
"=""bệnh viện ptm""","=""0""","=""0""","=""3""","=""Low""","=""false"""
"=""bệnh viện pttm rhm worldwide""","=""0""","=""0""","=""5""","=""Low""","=""false"""
"=""bệnh viện pttm nam an""","=""0""","=""0""","=""5""","=""Low""","=""false"""
"=""bệnh viện pti""","=""0""","=""0""","=""3""","=""Low""","=""false"""
"=""bệnh viện pttm thu cúc""","=""0""","=""0""","=""5""","=""Low""","=""false"""
"=""bệnh viện pth""","=""0""","=""0""","=""3""","=""Low""","=""false"""
"=""bệnh viện hn ptm""","=""0""","=""0""","=""4""","=""Low""","=""false"""
"=""bệnh viện hoàn mỹ pxl""","=""0""","=""0""","=""5""","=""Low""","=""false"""
"=""bệnh viện py""","=""0""","=""0""","=""3""","=""Low""","=""false"""
"=""bệnh viện the pyo""","=""0""","=""0""","=""4""","=""Low""","=""false"""
"=""bệnh viện đa khoa py""","=""0""","=""0""","=""5""","=""Low""","=""false"""
"=""bệnh viện qatar""","=""0""","=""0""","=""3""","=""Low""","=""false"""
"=""bệnh viện tth qb""","=""0""","=""0""","=""4""","=""Low""","=""false"""
"=""bệnh viện qd4""","=""0""","=""0""","=""3""","=""Low""","=""false"""
"=""bệnh viện qdy miền đông""","=""0""","=""0""","=""5""","=""Low""","=""false"""
"=""bệnh viện qđ 108""","=""0""","=""0""","=""4""","=""Low""","=""false"""
"=""bệnh viện đại học qg hà nội""","=""0""","=""0""","=""7""","=""Low""","=""false"""
"=""bệnh viện qk4""","=""0""","=""0""","=""3""","=""Low""","=""false"""
"=""bệnh viện qk7""","=""0""","=""0""","=""3""","=""Low""","=""false"""
"=""bệnh viện 13 qk5""","=""0""","=""0""","=""4""","=""Low""","=""false"""
"=""bệnh viện pstw cơ sở 2""","=""0""","=""0""","=""6""","=""Low""","=""false"""
"=""bệnh viện pstw""","=""0""","=""0""","=""3""","=""Low""","=""false"""
"=""bệnh viện ps trung ương""","=""0""","=""0""","=""5""","=""Low""","=""false"""
"=""bệnh viện ps hà nội""","=""0""","=""0""","=""5""","=""Low""","=""false"""
"=""bệnh viện pshn cơ sở 3""","=""0""","=""0""","=""6""","=""Low""","=""false"""
"=""bệnh viện ps mekong""","=""0""","=""0""","=""4""","=""Low""","=""false"""
"=""bệnh viện ps cần thơ""","=""0""","=""0""","=""5""","=""Low""","=""false"""
"=""bệnh viện pshn cơ sở 2""","=""0""","=""0""","=""6""","=""Low""","=""false"""
"=""bệnh viện tỉnh an""","=""0""","=""0""","=""4""","=""Low""","=""false"""
"=""bệnh viện phổi qn""","=""0""","=""0""","=""4""","=""Low""","=""false"""
"=""bệnh viện mắt qn""","=""0""","=""0""","=""4""","=""Low""","=""false"""
"=""bệnh viện đa khoa an""","=""0""","=""0""","=""5""","=""Low""","=""false"""
"=""bệnh viện hoàn mỹ ql1k""","=""0""","=""0""","=""5""","=""Low""","=""false"""
"=""bệnh viện hạnh phúc ql13""","=""0""","=""0""","=""5""","=""Low""","=""false"""
"=""bệnh viện quận qq""","=""0""","=""0""","=""4""","=""Low""","=""false"""
"=""bệnh viện qpo""","=""0""","=""0""","=""3""","=""Low""","=""false"""
"=""bệnh viện quốc tế city""","=""0""","=""0""","=""5""","=""Low""","=""false"""
"=""bệnh viện quận 7""","=""0""","=""0""","=""4""","=""Low""","=""false"""
"=""bệnh viện quận bình thạnh""","=""0""","=""0""","=""5""","=""Low""","=""false"""
"=""bệnh viện quốc tế mỹ""","=""0""","=""0""","=""5""","=""Low""","=""false"""
"=""bệnh viện qy4""","=""0""","=""0""","=""3""","=""Low""","=""false"""
"=""bệnh viện qy 108""","=""0""","=""0""","=""4""","=""Low""","=""false"""
"=""bệnh viện qy 103""","=""0""","=""0""","=""4""","=""Low""","=""false"""
"=""bệnh viện qy 17""","=""0""","=""0""","=""4""","=""Low""","=""false"""
"=""bệnh viện quy 87""","=""0""","=""0""","=""4""","=""Low""","=""false"""
"=""bệnh viện qy""","=""0""","=""0""","=""3""","=""Low""","=""false"""
"=""bệnh viện quy 211""","=""0""","=""0""","=""4""","=""Low""","=""false"""
"=""bệnh viện qt becamex""","=""0""","=""0""","=""4""","=""Low""","=""false"""
"=""bệnh viện qt nam sài gòn""","=""0""","=""0""","=""6""","=""Low""","=""false"""
"=""bệnh viện qt hạnh phúc""","=""0""","=""0""","=""5""","=""Low""","=""false"""
"=""bệnh viện qt city""","=""0""","=""0""","=""4""","=""Low""","=""false"""
"=""bệnh viện qt minh anh""","=""0""","=""0""","=""5""","=""Low""","=""false"""
"=""bệnh viện qt huế""","=""0""","=""0""","=""4""","=""Low""","=""false"""
"=""bệnh viện qt thái nguyên""","=""0""","=""0""","=""5""","=""Low""","=""false"""
"=""bệnh viện qte huế""","=""0""","=""0""","=""4""","=""Low""","=""false"""
"=""bệnh viện qt mỹ""","=""0""","=""0""","=""4""","=""Low""","=""false"""
"=""bệnh viện răng hàm mặt tp hcm""","=""0""","=""0""","=""7""","=""Low""","=""false"""
"=""bệnh viện răng hàm mặt""","=""0""","=""0""","=""5""","=""Low""","=""false"""
"=""bệnh viện răng hàm mặt trung ương""","=""0""","=""0""","=""7""","=""Low""","=""false"""
"=""bệnh viện răng hàm mặt sài gòn""","=""0""","=""0""","=""7""","=""Low""","=""false"""
"=""bệnh viện raffles tphcm""","=""0""","=""0""","=""4""","=""Low""","=""false"""
"=""bệnh viện rhm trung ương""","=""0""","=""0""","=""5""","=""Low""","=""false"""
"=""bệnh viện rhm tp hcm""","=""0""","=""0""","=""5""","=""Low""","=""false"""
"=""bệnh viện rhm tw tp hcm""","=""0""","=""0""","=""6""","=""Low""","=""false"""
"=""bệnh viện rhm trung ương hà nội""","=""0""","=""0""","=""7""","=""Low""","=""false"""
"=""bệnh viện rhm tw""","=""0""","=""0""","=""4""","=""Low""","=""false"""
"=""bệnh viện rhm thành phố""","=""0""","=""0""","=""5""","=""Low""","=""false"""
"=""bệnh viện rhm sg""","=""0""","=""0""","=""4""","=""Low""","=""false"""
"=""bệnh viện rhm huế""","=""0""","=""0""","=""4""","=""Low""","=""false"""
"=""bệnh viện rené robin""","=""0""","=""0""","=""4""","=""Low""","=""false"""
"=""bệnh viện remix hà nội""","=""0""","=""0""","=""5""","=""Low""","=""false"""
"=""bệnh viện redimed""","=""0""","=""0""","=""3""","=""Low""","=""false"""
"=""bệnh viện recover""","=""0""","=""0""","=""3""","=""Low""","=""false"""
"=""bệnh viện renji""","=""0""","=""0""","=""3""","=""Low""","=""false"""
"=""bệnh viện rẻ nhất hà nội""","=""0""","=""0""","=""6""","=""Low""","=""false"""
"=""bệnh viện rẻ""","=""0""","=""0""","=""3""","=""Low""","=""false"""
"=""bệnh viện phenikaa review""","=""0""","=""0""","=""4""","=""Low""","=""false"""
"=""bệnh viện rg""","=""0""","=""0""","=""3""","=""Low""","=""false"""
"=""bệnh viện riverside""","=""0""","=""0""","=""3""","=""Low""","=""false"""
"=""bệnh viện rio""","=""0""","=""0""","=""3""","=""Low""","=""false"""
"=""bệnh viện rito""","=""0""","=""0""","=""3""","=""Low""","=""false"""
"=""bệnh viện riverview""","=""0""","=""0""","=""3""","=""Low""","=""false"""
"=""bệnh viện vinmec riverside""","=""0""","=""0""","=""4""","=""Low""","=""false"""
"=""bệnh viện rmit""","=""0""","=""0""","=""3""","=""Low""","=""false"""
"=""bệnh viện gần rmit""","=""0""","=""0""","=""4""","=""Low""","=""false"""
"=""bệnh viện robot""","=""0""","=""0""","=""3""","=""Low""","=""false"""
"=""bệnh viện royal melbourne""","=""0""","=""0""","=""4""","=""Low""","=""false"""
"=""bệnh viện royal north shore""","=""0""","=""0""","=""5""","=""Low""","=""false"""
"=""bệnh viện rok""","=""0""","=""0""","=""3""","=""Low""","=""false"""
"=""bệnh viện royal prince alfred""","=""0""","=""0""","=""5""","=""Low""","=""false"""
"=""bệnh viện royal phnom penh""","=""0""","=""0""","=""5""","=""Low""","=""false"""
"=""bệnh viện rtac""","=""0""","=""0""","=""3""","=""Low""","=""false"""
"=""bệnh viện rsv""","=""0""","=""0""","=""3""","=""Low""","=""false"""
"=""bệnh viện ruột""","=""0""","=""0""","=""3""","=""Low""","=""false"""
"=""bệnh viện ruijin""","=""0""","=""0""","=""3""","=""Low""","=""false"""
"=""bệnh viện ruột thừa""","=""0""","=""0""","=""4""","=""Low""","=""false"""
"=""bệnh viện ruijin thượng hải""","=""0""","=""0""","=""5""","=""Low""","=""false"""
"=""bệnh viện ruby""","=""0""","=""0""","=""3""","=""Low""","=""false"""
"=""bệnh viện mổ ruột thừa""","=""0""","=""0""","=""5""","=""Low""","=""false"""
"=""bệnh viện đường ruột""","=""0""","=""0""","=""4""","=""Low""","=""false"""
"=""bệnh viện sbc""","=""0""","=""0""","=""3""","=""Low""","=""false"""
"=""bệnh viện sb""","=""0""","=""0""","=""3""","=""Low""","=""false"""
"=""bệnh viện cần thơ sbs""","=""0""","=""0""","=""5""","=""Low""","=""false"""
"=""bệnh viện scs""","=""0""","=""0""","=""3""","=""Low""","=""false"""
"=""bệnh viện sig""","=""0""","=""0""","=""3""","=""Low""","=""false"""
"=""bệnh viện sante""","=""0""","=""0""","=""3""","=""Low""","=""false"""
"=""bệnh viện saint paul""","=""0""","=""0""","=""4""","=""Low""","=""false"""
"=""bệnh viện sante phốt""","=""0""","=""0""","=""4""","=""Low""","=""false"""
"=""bệnh viện saint paul hà nội""","=""0""","=""0""","=""6""","=""Low""","=""false"""
"=""bệnh viện sd""","=""0""","=""0""","=""3""","=""Low""","=""false"""
"=""bệnh viện 175 sdt""","=""0""","=""0""","=""4""","=""Low""","=""false"""
"=""bệnh viện 115 sdt""","=""0""","=""0""","=""4""","=""Low""","=""false"""
"=""bệnh viện 108 sdt""","=""0""","=""0""","=""4""","=""Low""","=""false"""
"=""bệnh viện fv sdt""","=""0""","=""0""","=""4""","=""Low""","=""false"""
"=""bệnh viện từ dũ sdt""","=""0""","=""0""","=""5""","=""Low""","=""false"""
"=""bệnh viện bạch mai sdt""","=""0""","=""0""","=""5""","=""Low""","=""false"""
"=""bệnh viện ses""","=""0""","=""0""","=""3""","=""Low""","=""false"""
"=""bệnh viện senpon""","=""0""","=""0""","=""3""","=""Low""","=""false"""
"=""bệnh viện seta""","=""0""","=""0""","=""3""","=""Low""","=""false"""
"=""bệnh viện sg""","=""0""","=""0""","=""3""","=""Low""","=""false"""
"=""bệnh viện sg ito""","=""0""","=""0""","=""4""","=""Low""","=""false"""
"=""bệnh viện sg tg""","=""0""","=""0""","=""4""","=""Low""","=""false"""
"=""bệnh viện sg ito phú nhuận""","=""0""","=""0""","=""6""","=""Low""","=""false"""
"=""bệnh viện sg nha trang""","=""0""","=""0""","=""5""","=""Low""","=""false"""
"=""bệnh viện sgh""","=""0""","=""0""","=""3""","=""Low""","=""false"""
"=""bệnh viện sgs""","=""0""","=""0""","=""3""","=""Low""","=""false"""
"=""bệnh viện sg nt""","=""0""","=""0""","=""4""","=""Low""","=""false"""
"=""bệnh viện smart""","=""0""","=""0""","=""3""","=""Low""","=""false"""
"=""bệnh viện smed""","=""0""","=""0""","=""3""","=""Low""","=""false"""
"=""bệnh viện snec singapore""","=""0""","=""0""","=""4""","=""Low""","=""false"""
"=""bệnh viện sn""","=""0""","=""0""","=""3""","=""Low""","=""false"""
"=""bệnh viện snuh""","=""0""","=""0""","=""3""","=""Low""","=""false"""
"=""bệnh viện sns""","=""0""","=""0""","=""3""","=""Low""","=""false"""
"=""bệnh viện sos""","=""0""","=""0""","=""3""","=""Low""","=""false"""
"=""bệnh viện song mai""","=""0""","=""0""","=""4""","=""Low""","=""false"""
"=""bệnh viện spinetech""","=""0""","=""0""","=""3""","=""Low""","=""false"""
"=""bệnh viện spandau""","=""0""","=""0""","=""3""","=""Low""","=""false"""
"=""bệnh viện sps""","=""0""","=""0""","=""3""","=""Low""","=""false"""
"=""bệnh viện spon""","=""0""","=""0""","=""3""","=""Low""","=""false"""
"=""bệnh viện sp""","=""0""","=""0""","=""3""","=""Low""","=""false"""
"=""bệnh viện sph""","=""0""","=""0""","=""3""","=""Low""","=""false"""
"=""bệnh viện sp79""","=""0""","=""0""","=""3""","=""Low""","=""false"""
"=""bệnh viện spa""","=""0""","=""0""","=""3""","=""Low""","=""false"""
"=""bệnh viện mắt spon""","=""0""","=""0""","=""4""","=""Low""","=""false"""
"=""bệnh viện sline""","=""0""","=""0""","=""3""","=""Low""","=""false"""
"=""bệnh viện slan""","=""0""","=""0""","=""3""","=""Low""","=""false"""
"=""bệnh viện sri lanka""","=""0""","=""0""","=""4""","=""Low""","=""false"""
"=""bệnh viện sis là gì""","=""0""","=""0""","=""5""","=""Low""","=""false"""
"=""bệnh viện sis bị phạt""","=""0""","=""0""","=""5""","=""Low""","=""false"""
"=""bệnh viện sto phương đông""","=""0""","=""0""","=""5""","=""Low""","=""false"""
"=""bệnh viện sto phương đông là bệnh viện công hay tư""","=""0""","=""0""","=""11""","=""Low""","=""false"""
"=""bệnh viện tbh""","=""0""","=""0""","=""3""","=""Low""","=""false"""
"=""bệnh viện tb""","=""0""","=""0""","=""3""","=""Low""","=""false"""
"=""bệnh viện nhi tb""","=""0""","=""0""","=""4""","=""Low""","=""false"""
"=""bệnh viện mắt tb""","=""0""","=""0""","=""4""","=""Low""","=""false"""
"=""bệnh viện đa khoa tb""","=""0""","=""0""","=""5""","=""Low""","=""false"""
"=""bệnh viện phụ sản tb""","=""0""","=""0""","=""5""","=""Low""","=""false"""
"=""bệnh viện tdtt mỹ đình""","=""0""","=""0""","=""5""","=""Low""","=""false"""
"=""bệnh viện td""","=""0""","=""0""","=""3""","=""Low""","=""false"""
"=""bệnh viện tdtt""","=""0""","=""0""","=""3""","=""Low""","=""false"""
"=""bệnh viện tdm""","=""0""","=""0""","=""3""","=""Low""","=""false"""
"=""bệnh viện gần tdtu""","=""0""","=""0""","=""4""","=""Low""","=""false"""
"=""bệnh viện thuận mỹ tdm bài đánh giá""","=""0""","=""0""","=""8""","=""Low""","=""false"""
"=""bệnh viện thuận mỹ tdm tuyển dụng""","=""0""","=""0""","=""7""","=""Low""","=""false"""
"=""bệnh viện tcl""","=""0""","=""0""","=""3""","=""Low""","=""false"""
"=""bệnh viện tc""","=""0""","=""0""","=""3""","=""Low""","=""false"""
"=""bệnh viện 354 tchc là gì""","=""0""","=""0""","=""6""","=""Low""","=""false"""
"=""bệnh viện thu cúc tci""","=""0""","=""0""","=""5""","=""Low""","=""false"""
"=""bệnh viện sài gòn tc""","=""0""","=""0""","=""5""","=""Low""","=""false"""
"=""bệnh viện tai mũi họng sài gòn""","=""0""","=""0""","=""7""","=""Low""","=""false"""
"=""bệnh viện tai mũi họng""","=""0""","=""0""","=""5""","=""Low""","=""false"""
"=""bệnh viện tai mũi họng tphcm""","=""0""","=""0""","=""6""","=""Low""","=""false"""
"=""bệnh viện tai mũi họng trung ương""","=""0""","=""0""","=""7""","=""Low""","=""false"""
"=""bệnh viện tai mũi họng cần thơ""","=""0""","=""0""","=""7""","=""Low""","=""false"""
"=""bệnh viện tai mũi họng trung ương hà nội""","=""0""","=""0""","=""9""","=""Low""","=""false"""
"=""bệnh viện tai mũi họng quận 3""","=""0""","=""0""","=""7""","=""Low""","=""false"""
"=""bệnh viện tai mũi họng tw""","=""0""","=""0""","=""6""","=""Low""","=""false"""
"=""bệnh viện tai mũi họng miền trung""","=""0""","=""0""","=""7""","=""Low""","=""false"""
"=""bệnh viện tai mũi họng hà nội""","=""0""","=""0""","=""7""","=""Low""","=""false"""
"=""bệnh viện teresa đà nẵng""","=""0""","=""0""","=""5""","=""Low""","=""false"""
"=""bệnh viện test ma tuý""","=""0""","=""0""","=""5""","=""Low""","=""false"""
"=""bệnh viện test dị ứng""","=""0""","=""0""","=""5""","=""Low""","=""false"""
"=""bệnh viện tế bào gốc""","=""0""","=""0""","=""5""","=""Low""","=""false"""
"=""bệnh viện hi tech""","=""0""","=""0""","=""4""","=""Low""","=""false"""
"=""bệnh viện tg""","=""0""","=""0""","=""3""","=""Low""","=""false"""
"=""bệnh viện sài gòn tg long an""","=""0""","=""0""","=""7""","=""Low""","=""false"""
"=""bệnh viện sài gòn tg mỹ hạnh""","=""0""","=""0""","=""7""","=""Low""","=""false"""
"=""bệnh viện đa khoa tg""","=""0""","=""0""","=""5""","=""Low""","=""false"""
"=""bệnh viện phụ sản tg""","=""0""","=""0""","=""5""","=""Low""","=""false"""
"=""bệnh viện tốt nhất tg""","=""0""","=""0""","=""5""","=""Low""","=""false"""
"=""bệnh viện sài gòn tg tuyển dụng""","=""0""","=""0""","=""7""","=""Low""","=""false"""
"=""bệnh viện lớn nhất tg""","=""0""","=""0""","=""5""","=""Low""","=""false"""
"=""bệnh viện thủ đức""","=""0""","=""0""","=""4""","=""Low""","=""false"""
"=""bệnh viện tim hà nội""","=""0""","=""0""","=""5""","=""Low""","=""false"""
"=""bệnh viện tim tphcm""","=""0""","=""0""","=""4""","=""Low""","=""false"""
"=""bệnh viện tim hà nội cơ sở 2""","=""0""","=""0""","=""8""","=""Low""","=""false"""
"=""bệnh viện tim mạch trung ương""","=""0""","=""0""","=""6""","=""Low""","=""false"""
"=""bệnh viện tim mạch cần thơ""","=""0""","=""0""","=""6""","=""Low""","=""false"""
"=""bệnh viện tim""","=""0""","=""0""","=""3""","=""Low""","=""false"""
"=""bệnh viện tim 115""","=""0""","=""0""","=""4""","=""Low""","=""false"""
"=""bệnh viện tim mạch hà nội""","=""0""","=""0""","=""6""","=""Low""","=""false"""
"=""bệnh viện than tkv""","=""0""","=""0""","=""4""","=""Low""","=""false"""
"=""bệnh viện tlh""","=""0""","=""0""","=""3""","=""Low""","=""false"""
"=""bệnh viện tnh là gì""","=""0""","=""0""","=""5""","=""Low""","=""false"""
"=""bệnh viện tmh trung ương""","=""0""","=""0""","=""5""","=""Low""","=""false"""
"=""bệnh viện tmh tw""","=""0""","=""0""","=""4""","=""Low""","=""false"""
"=""bệnh viện tmh tp hcm""","=""0""","=""0""","=""5""","=""Low""","=""false"""
"=""bệnh viện tmh""","=""0""","=""0""","=""3""","=""Low""","=""false"""
"=""bệnh viện tmhh bình chánh""","=""0""","=""0""","=""5""","=""Low""","=""false"""
"=""bệnh viện tmec""","=""0""","=""0""","=""3""","=""Low""","=""false"""
"=""bệnh viện tmh cần thơ""","=""0""","=""0""","=""5""","=""Low""","=""false"""
"=""bệnh viện toàn mỹ""","=""0""","=""0""","=""4""","=""Low""","=""false"""
"=""bệnh viện tphcm""","=""0""","=""0""","=""3""","=""Low""","=""false"""
"=""bệnh viện tp thủ đức""","=""0""","=""0""","=""5""","=""Low""","=""false"""
"=""bệnh viện ts""","=""0""","=""0""","=""3""","=""Low""","=""false"""
"=""bệnh viện ts cần thơ""","=""0""","=""0""","=""5""","=""Low""","=""false"""
"=""bệnh viện đại học tsukuba""","=""0""","=""0""","=""5""","=""Low""","=""false"""
"=""bệnh viện tth đức thọ""","=""0""","=""0""","=""5""","=""Low""","=""false"""
"=""bệnh viện tuyến trung ương""","=""0""","=""0""","=""5""","=""Low""","=""false"""
"=""bệnh viện tw cần thơ""","=""0""","=""0""","=""5""","=""Low""","=""false"""
"=""bệnh viện tw""","=""0""","=""0""","=""3""","=""Low""","=""false"""
"=""bệnh viện tx phú thọ""","=""0""","=""0""","=""5""","=""Low""","=""false"""
"=""bệnh viện đa khoa tx phú thọ""","=""0""","=""0""","=""7""","=""Low""","=""false"""
"=""bệnh viện đa khoa tx kỳ anh""","=""0""","=""0""","=""7""","=""Low""","=""false"""
"=""bệnh viện đa khoa tx đông hòa ảnh""","=""0""","=""0""","=""8""","=""Low""","=""false"""
"=""bệnh viện đa khoa tx kỳ anh hà tĩnh""","=""0""","=""0""","=""9""","=""Low""","=""false"""
"=""bệnh viện đa khoa tx hòa thành ảnh""","=""0""","=""0""","=""8""","=""Low""","=""false"""
"=""bệnh viện đa khoa aca tx bỉm sơn thanh hoá""","=""0""","=""0""","=""10""","=""Low""","=""false"""
"=""bệnh viện truyền máu huyết học""","=""0""","=""0""","=""6""","=""Low""","=""false"""
"=""bệnh viện trung ương cần thơ""","=""0""","=""0""","=""6""","=""Low""","=""false"""
"=""bệnh viện truyền máu huyết học tphcm""","=""0""","=""0""","=""7""","=""Low""","=""false"""
"=""bệnh viện ty""","=""0""","=""0""","=""3""","=""Low""","=""false"""
"=""bệnh viện tyt""","=""0""","=""0""","=""3""","=""Low""","=""false"""
"=""bệnh viện ttc""","=""0""","=""0""","=""3""","=""Low""","=""false"""
"=""bệnh viện công ty cao su lộc ninh ảnh""","=""0""","=""0""","=""9""","=""Low""","=""false"""
"=""bệnh viện tzu chi""","=""0""","=""0""","=""4""","=""Low""","=""false"""
"=""bệnh viện ub""","=""0""","=""0""","=""3""","=""Low""","=""false"""
"=""bệnh viện ubhn""","=""0""","=""0""","=""3""","=""Low""","=""false"""
"=""bệnh viện ub hà nội""","=""0""","=""0""","=""5""","=""Low""","=""false"""
"=""bệnh viện ub nghệ an""","=""0""","=""0""","=""5""","=""Low""","=""false"""
"=""bệnh viện ub đà nẵng""","=""0""","=""0""","=""5""","=""Low""","=""false"""
"=""bệnh viện ub tphcm""","=""0""","=""0""","=""4""","=""Low""","=""false"""
"=""bệnh viện ub2""","=""0""","=""0""","=""3""","=""Low""","=""false"""
"=""bệnh viện ub cs2""","=""0""","=""0""","=""4""","=""Low""","=""false"""
"=""bệnh viện ub cần thơ""","=""0""","=""0""","=""5""","=""Low""","=""false"""
"=""bệnh viện uci""","=""0""","=""0""","=""3""","=""Low""","=""false"""
"=""bệnh viện ucla""","=""0""","=""0""","=""3""","=""Low""","=""false"""
"=""bệnh viện uci mỹ""","=""0""","=""0""","=""4""","=""Low""","=""false"""
"=""bệnh viện úc""","=""0""","=""0""","=""3""","=""Low""","=""false"""
"=""bệnh viện gần ufm""","=""0""","=""0""","=""4""","=""Low""","=""false"""
"=""bệnh viện gần ufm quận 7""","=""0""","=""0""","=""6""","=""Low""","=""false"""
"=""bệnh viện gần ufm long trường""","=""0""","=""0""","=""6""","=""Low""","=""false"""
"=""bệnh viện ueh""","=""0""","=""0""","=""3""","=""Low""","=""false"""
"=""bệnh viện gần ueh cơ sở b""","=""0""","=""0""","=""7""","=""Low""","=""false"""
"=""bệnh viện gần uel""","=""0""","=""0""","=""4""","=""Low""","=""false"""
"=""bệnh viện ulsan""","=""0""","=""0""","=""3""","=""Low""","=""false"""
"=""bệnh viện ump""","=""0""","=""0""","=""3""","=""Low""","=""false"""
"=""bệnh viện umc là gì""","=""0""","=""0""","=""5""","=""Low""","=""false"""
"=""bệnh viện umc care""","=""0""","=""0""","=""4""","=""Low""","=""false"""
"=""bệnh viện umbrella""","=""0""","=""0""","=""3""","=""Low""","=""false"""
"=""bệnh viện uong bi""","=""0""","=""0""","=""4""","=""Low""","=""false"""
"=""bệnh viện trung uong huế""","=""0""","=""0""","=""5""","=""Low""","=""false"""
"=""bệnh viện trung uong 108""","=""0""","=""0""","=""5""","=""Low""","=""false"""
"=""bệnh viện trung uong 2""","=""0""","=""0""","=""5""","=""Low""","=""false"""
"=""bệnh viện trung uong hà nội""","=""0""","=""0""","=""6""","=""Low""","=""false"""
"=""bệnh viện trung uong quảng nam""","=""0""","=""0""","=""6""","=""Low""","=""false"""
"=""bệnh viện uk""","=""0""","=""0""","=""3""","=""Low""","=""false"""
"=""bệnh viện uke hamburg""","=""0""","=""0""","=""4""","=""Low""","=""false"""
"=""bệnh viện uke""","=""0""","=""0""","=""3""","=""Low""","=""false"""
"=""bệnh viện ukraine""","=""0""","=""0""","=""3""","=""Low""","=""false"""
"=""bệnh viện usac chiropractic""","=""0""","=""0""","=""4""","=""Low""","=""false"""
"=""bệnh viện us is cần thơ""","=""0""","=""0""","=""6""","=""Low""","=""false"""
"=""bệnh viện mắt usabon""","=""0""","=""0""","=""4""","=""Low""","=""false"""
"=""bệnh viện xương khớp usac""","=""0""","=""0""","=""5""","=""Low""","=""false"""
"=""bệnh viện xương khớp usa""","=""0""","=""0""","=""5""","=""Low""","=""false"""
"=""bệnh viện ưu bướu""","=""0""","=""0""","=""4""","=""Low""","=""false"""
"=""bệnh viện ưu bướu hà nội""","=""0""","=""0""","=""6""","=""Low""","=""false"""
"=""bệnh viện ưu bướu cơ sở 1""","=""0""","=""0""","=""7""","=""Low""","=""false"""
"=""bệnh viện ưu bướu bình thạnh""","=""0""","=""0""","=""6""","=""Low""","=""false"""
"=""bệnh viện ưu bướu đà nẵng""","=""0""","=""0""","=""6""","=""Low""","=""false"""
"=""bệnh viện ura""","=""0""","=""0""","=""3""","=""Low""","=""false"""
"=""bệnh viện urumqi""","=""0""","=""0""","=""3""","=""Low""","=""false"""
"=""bệnh viện thẩm mỹ urban""","=""0""","=""0""","=""5""","=""Low""","=""false"""
"=""bệnh viện thẩm mỹ urban hàn quốc""","=""0""","=""0""","=""7""","=""Low""","=""false"""
"=""bệnh viện utm""","=""0""","=""0""","=""3""","=""Low""","=""false"""
"=""bệnh viện út tịch""","=""0""","=""0""","=""4""","=""Low""","=""false"""
"=""bệnh viện gần uth""","=""0""","=""0""","=""4""","=""Low""","=""false"""
"=""bệnh viện gần utc2""","=""0""","=""0""","=""4""","=""Low""","=""false"""
"=""bệnh viện uy tín đà nẵng""","=""0""","=""0""","=""6""","=""Low""","=""false"""
"=""bệnh viện uy tín cần thơ""","=""0""","=""0""","=""6""","=""Low""","=""false"""
"=""bệnh viện uy tín bình dương""","=""0""","=""0""","=""6""","=""Low""","=""false"""
"=""bệnh viện uy tín nhất việt nam""","=""0""","=""0""","=""7""","=""Low""","=""false"""
"=""bệnh viện uy tín ở hải phòng""","=""0""","=""0""","=""7""","=""Low""","=""false"""
"=""bệnh viện vbi""","=""0""","=""0""","=""3""","=""Low""","=""false"""
"=""bệnh viện liên kết vbi""","=""0""","=""0""","=""5""","=""Low""","=""false"""
"=""bệnh viện vạn phúc""","=""0""","=""0""","=""4""","=""Low""","=""false"""
"=""bệnh viện vạn hạnh""","=""0""","=""0""","=""4""","=""Low""","=""false"""
"=""bệnh viện van phúc city""","=""0""","=""0""","=""5""","=""Low""","=""false"""
"=""bệnh viện van an long an""","=""0""","=""0""","=""6""","=""Low""","=""false"""
"=""bệnh viện van phúc 2""","=""0""","=""0""","=""5""","=""Low""","=""false"""
"=""bệnh viện va""","=""0""","=""0""","=""3""","=""Low""","=""false"""
"=""bệnh viện và""","=""0""","=""0""","=""3""","=""Low""","=""false"""
"=""bệnh viện vc""","=""0""","=""0""","=""3""","=""Low""","=""false"""
"=""bệnh viện mắt vc""","=""0""","=""0""","=""4""","=""Low""","=""false"""
"=""bệnh viện vd""","=""0""","=""0""","=""3""","=""Low""","=""false"""
"=""bệnh viện vga""","=""0""","=""0""","=""3""","=""Low""","=""false"""
"=""bệnh viện vinmec""","=""0""","=""0""","=""3""","=""Low""","=""false"""
"=""bệnh viện việt pháp hà nội""","=""0""","=""0""","=""6""","=""Low""","=""false"""
"=""bệnh viện việt đức hà nội""","=""0""","=""0""","=""6""","=""Low""","=""false"""
"=""bệnh viện việt đức cơ sở 2""","=""0""","=""0""","=""7""","=""Low""","=""false"""
"=""bệnh viện việt pháp""","=""0""","=""0""","=""4""","=""Low""","=""false"""
"=""bệnh viện vk hospital""","=""0""","=""0""","=""4""","=""Low""","=""false"""
"=""bệnh viện vk""","=""0""","=""0""","=""3""","=""Low""","=""false"""
"=""bệnh viện 22 12 vk hospital""","=""0""","=""0""","=""6""","=""Low""","=""false"""
"=""bệnh viện đa khoa vk""","=""0""","=""0""","=""5""","=""Low""","=""false"""
"=""bệnh viện vh quận 10""","=""0""","=""0""","=""5""","=""Low""","=""false"""
"=""bệnh viện vejthani thái lan""","=""0""","=""0""","=""5""","=""Low""","=""false"""
"=""bệnh viện vector nha trang""","=""0""","=""0""","=""5""","=""Low""","=""false"""
"=""bệnh viện về xương khớp""","=""0""","=""0""","=""5""","=""Low""","=""false"""
"=""bệnh viện vmed""","=""0""","=""0""","=""3""","=""Low""","=""false"""
"=""bệnh viện vmex""","=""0""","=""0""","=""3""","=""Low""","=""false"""
"=""bệnh viện vinmec đà nẵng""","=""0""","=""0""","=""5""","=""Low""","=""false"""
"=""bệnh viện vinmec cần thơ""","=""0""","=""0""","=""5""","=""Low""","=""false"""
"=""bệnh viện vinmec nha trang""","=""0""","=""0""","=""5""","=""Low""","=""false"""
"=""bệnh viện vinmec hải phòng""","=""0""","=""0""","=""5""","=""Low""","=""false"""
"=""bệnh viện từ udx""","=""0""","=""0""","=""4""","=""Low""","=""false"""
"=""bệnh viện vnu""","=""0""","=""0""","=""3""","=""Low""","=""false"""
"=""bệnh viện voz""","=""0""","=""0""","=""3""","=""Low""","=""false"""
"=""bệnh viện võ nhai""","=""0""","=""0""","=""4""","=""Low""","=""false"""
"=""bệnh viện võ thị sáu""","=""0""","=""0""","=""5""","=""Low""","=""false"""
"=""bệnh viện vô sinh hiếm muộn hà nội""","=""0""","=""0""","=""8""","=""Low""","=""false"""
"=""bệnh viện vô nước biển""","=""0""","=""0""","=""5""","=""Low""","=""false"""
"=""bệnh viện vp med""","=""0""","=""0""","=""4""","=""Low""","=""false"""
"=""bệnh viện vr""","=""0""","=""0""","=""3""","=""Low""","=""false"""
"=""bệnh viện vrr""","=""0""","=""0""","=""3""","=""Low""","=""false"""
"=""bệnh viện vsip bắc ninh""","=""0""","=""0""","=""5""","=""Low""","=""false"""
"=""bệnh viện vsip""","=""0""","=""0""","=""3""","=""Low""","=""false"""
"=""bệnh viện vsp""","=""0""","=""0""","=""3""","=""Low""","=""false"""
"=""bệnh viện vsip bình dương""","=""0""","=""0""","=""5""","=""Low""","=""false"""
"=""bệnh viện gần vsip 2""","=""0""","=""0""","=""5""","=""Low""","=""false"""
"=""bệnh viện gần vsip""","=""0""","=""0""","=""4""","=""Low""","=""false"""
"=""bệnh viện đa khoa vsip""","=""0""","=""0""","=""5""","=""Low""","=""false"""
"=""bệnh viện vạn phúc vsip 2""","=""0""","=""0""","=""6""","=""Low""","=""false"""
"=""bệnh viện vt""","=""0""","=""0""","=""3""","=""Low""","=""false"""
"=""bệnh viện vtt""","=""0""","=""0""","=""3""","=""Low""","=""false"""
"=""bệnh viện vtau""","=""0""","=""0""","=""3""","=""Low""","=""false"""
"=""bệnh viện vt2""","=""0""","=""0""","=""3""","=""Low""","=""false"""
"=""bệnh viện bà rịa vt""","=""0""","=""0""","=""5""","=""Low""","=""false"""
"=""bệnh viện lương kim vy""","=""0""","=""0""","=""5""","=""Low""","=""false"""
"=""bệnh viện wanghoo""","=""0""","=""0""","=""3""","=""Low""","=""false"""
"=""bệnh viện waterpoint""","=""0""","=""0""","=""3""","=""Low""","=""false"""
"=""bệnh viện warendorf""","=""0""","=""0""","=""3""","=""Low""","=""false"""
"=""bệnh viện walter reed""","=""0""","=""0""","=""4""","=""Low""","=""false"""
"=""bệnh viện warabi""","=""0""","=""0""","=""3""","=""Low""","=""false"""
"=""bệnh viện washington""","=""0""","=""0""","=""3""","=""Low""","=""false"""
"=""bệnh viện waverly hills mỹ""","=""0""","=""0""","=""5""","=""Low""","=""false"""
"=""bệnh viện wellness""","=""0""","=""0""","=""3""","=""Low""","=""false"""
"=""bệnh viện westmead""","=""0""","=""0""","=""3""","=""Low""","=""false"""
"=""bệnh viện weight loss""","=""0""","=""0""","=""4""","=""Low""","=""false"""
"=""bệnh viện web""","=""0""","=""0""","=""3""","=""Low""","=""false"""
"=""bệnh viện wellbeing""","=""0""","=""0""","=""3""","=""Low""","=""false"""
"=""bệnh viện 354 web""","=""0""","=""0""","=""4""","=""Low""","=""false"""
"=""bệnh viện 108 website""","=""0""","=""0""","=""4""","=""Low""","=""false"""
"=""bệnh viện mắt web""","=""0""","=""0""","=""4""","=""Low""","=""false"""
"=""bệnh viện be well""","=""0""","=""0""","=""4""","=""Low""","=""false"""
"=""bệnh viện gang who""","=""0""","=""0""","=""4""","=""Low""","=""false"""
"=""bệnh viện thẩm mỹ gang who""","=""0""","=""0""","=""6""","=""Low""","=""false"""
"=""bệnh viện win""","=""0""","=""0""","=""3""","=""Low""","=""false"""
"=""bệnh viện worldwide""","=""0""","=""0""","=""3""","=""Low""","=""false"""
"=""bệnh viện worldwide phốt""","=""0""","=""0""","=""4""","=""Low""","=""false"""
"=""bệnh viện worldwide có tốt không""","=""0""","=""0""","=""6""","=""Low""","=""false"""
"=""bệnh viện worldwide cống quỳnh""","=""0""","=""0""","=""5""","=""Low""","=""false"""
"=""bệnh viện wonkwang""","=""0""","=""0""","=""3""","=""Low""","=""false"""
"=""bệnh viện răng worldwide""","=""0""","=""0""","=""4""","=""Low""","=""false"""
"=""bệnh viện mắt đường wuu gia lai""","=""0""","=""0""","=""7""","=""Low""","=""false"""
"=""bệnh viện mắt đường wuu""","=""0""","=""0""","=""5""","=""Low""","=""false"""
"=""bệnh viện ww""","=""0""","=""0""","=""3""","=""Low""","=""false"""
"=""bệnh viện xanh pôn""","=""0""","=""0""","=""4""","=""Low""","=""false"""
"=""bệnh viện xanh pôn khoa nhi""","=""0""","=""0""","=""6""","=""Low""","=""false"""
"=""bệnh viện xd""","=""0""","=""0""","=""3""","=""Low""","=""false"""
"=""bệnh viện ma xem phim""","=""0""","=""0""","=""5""","=""Low""","=""false"""
"=""bệnh viện ba xe cần thơ""","=""0""","=""0""","=""6""","=""Low""","=""false"""
"=""bệnh viện gonjiam xem""","=""0""","=""0""","=""4""","=""Low""","=""false"""
"=""bệnh viện pitt xem phim""","=""0""","=""0""","=""5""","=""Low""","=""false"""
"=""bệnh viện xoá cận uy tín""","=""0""","=""0""","=""6""","=""Low""","=""false"""
"=""bệnh viện xoang""","=""0""","=""0""","=""3""","=""Low""","=""false"""
"=""bệnh viện xoá sẹo""","=""0""","=""0""","=""4""","=""Low""","=""false"""
"=""bệnh viện xoá cận""","=""0""","=""0""","=""4""","=""Low""","=""false"""
"=""bệnh viện xoá bớt bẩm sinh""","=""0""","=""0""","=""6""","=""Low""","=""false"""
"=""bệnh viện xongbame""","=""0""","=""0""","=""3""","=""Low""","=""false"""
"=""bệnh viện xổ số miền nam""","=""0""","=""0""","=""6""","=""Low""","=""false"""
"=""bệnh viện xô viết nghệ tĩnh""","=""0""","=""0""","=""6""","=""Low""","=""false"""
"=""bệnh viện xpon""","=""0""","=""0""","=""3""","=""Low""","=""false"""
"=""bệnh viện xp""","=""0""","=""0""","=""3""","=""Low""","=""false"""
"=""bệnh viện khám xkld""","=""0""","=""0""","=""4""","=""Low""","=""false"""
"=""bệnh viện khám sức khoẻ xkld""","=""0""","=""0""","=""6""","=""Low""","=""false"""
"=""bệnh viện xi mắc""","=""0""","=""0""","=""4""","=""Low""","=""false"""
"=""bệnh viện xito""","=""0""","=""0""","=""3""","=""Low""","=""false"""
"=""bệnh viện xinglin""","=""0""","=""0""","=""3""","=""Low""","=""false"""
"=""bệnh viện xiangya""","=""0""","=""0""","=""3""","=""Low""","=""false"""
"=""bệnh viện xinglin đài loan""","=""0""","=""0""","=""5""","=""Low""","=""false"""
"=""bệnh viện xiêng khoảng""","=""0""","=""0""","=""4""","=""Low""","=""false"""
"=""bệnh viện chụp xquang""","=""0""","=""0""","=""4""","=""Low""","=""false"""
"=""bệnh viện xổ số cần thơ""","=""0""","=""0""","=""6""","=""Low""","=""false"""
"=""bệnh viện xyx cần thơ""","=""0""","=""0""","=""5""","=""Low""","=""false"""
"=""bệnh viện yanhee chuyển giới""","=""0""","=""0""","=""5""","=""Low""","=""false"""
"=""bệnh viện yangji""","=""0""","=""0""","=""3""","=""Low""","=""false"""
"=""bệnh viện yaya việt hàn""","=""0""","=""0""","=""5""","=""Low""","=""false"""
"=""bệnh viện yamato""","=""0""","=""0""","=""3""","=""Low""","=""false"""
"=""bệnh viện yamanashi""","=""0""","=""0""","=""3""","=""Low""","=""false"""
"=""bệnh viện yamaguchi""","=""0""","=""0""","=""3""","=""Low""","=""false"""
"=""bệnh viện yds""","=""0""","=""0""","=""3""","=""Low""","=""false"""
"=""bệnh viện ydct phcn kon tum""","=""0""","=""0""","=""6""","=""Low""","=""false"""
"=""bệnh viện yd""","=""0""","=""0""","=""3""","=""Low""","=""false"""
"=""bệnh viện ydct phcn cà mau""","=""0""","=""0""","=""6""","=""Low""","=""false"""
"=""bệnh viện ydct vĩnh phúc""","=""0""","=""0""","=""5""","=""Low""","=""false"""
"=""bệnh viện ydct quảng ninh""","=""0""","=""0""","=""5""","=""Low""","=""false"""
"=""bệnh viện ydct hưng yên""","=""0""","=""0""","=""5""","=""Low""","=""false"""
"=""bệnh viện yhct tphcm""","=""0""","=""0""","=""4""","=""Low""","=""false"""
"=""bệnh viện yhct trung ương""","=""0""","=""0""","=""5""","=""Low""","=""false"""
"=""bệnh viện yhct hà đông""","=""0""","=""0""","=""5""","=""Low""","=""false"""
"=""bệnh viện yhct đà nẵng""","=""0""","=""0""","=""5""","=""Low""","=""false"""
"=""bệnh viện yhct hà nội""","=""0""","=""0""","=""5""","=""Low""","=""false"""
"=""bệnh viện yonsei hàn quốc""","=""0""","=""0""","=""5""","=""Low""","=""false"""
"=""bệnh viện young""","=""0""","=""0""","=""3""","=""Low""","=""false"""
"=""bệnh viện yokosuka kyosai""","=""0""","=""0""","=""4""","=""Low""","=""false"""
"=""bệnh viện yonsei""","=""0""","=""0""","=""3""","=""Low""","=""false"""
"=""bệnh viện yokohama""","=""0""","=""0""","=""3""","=""Low""","=""false"""
"=""bệnh viện youmed""","=""0""","=""0""","=""3""","=""Low""","=""false"""
"=""bệnh viện youtube""","=""0""","=""0""","=""3""","=""Low""","=""false"""
"=""bệnh viện yonsei severance""","=""0""","=""0""","=""4""","=""Low""","=""false"""
"=""bệnh viện yersin nha trang""","=""0""","=""0""","=""5""","=""Low""","=""false"""
"=""bệnh viện yersin""","=""0""","=""0""","=""3""","=""Low""","=""false"""
"=""bệnh viện yersin quận 1""","=""0""","=""0""","=""5""","=""Low""","=""false"""
"=""bệnh viện yersin quận 3""","=""0""","=""0""","=""5""","=""Low""","=""false"""
"=""bệnh viện yersin nha trang có khám thứ 7 không""","=""0""","=""0""","=""10""","=""Low""","=""false"""
"=""bệnh viện yersin nha trang là bệnh viện công hay tư""","=""0""","=""0""","=""11""","=""Low""","=""false"""
"=""bệnh viện yujie""","=""0""","=""0""","=""3""","=""Low""","=""false"""
"=""bệnh viện yuanlin""","=""0""","=""0""","=""3""","=""Low""","=""false"""
"=""bệnh viện đa khoa ykao""","=""0""","=""0""","=""5""","=""Low""","=""false"""
"=""bệnh viện y cần thơ""","=""0""","=""0""","=""5""","=""Low""","=""false"""
"=""bệnh viện đông yy học cổ truyền""","=""0""","=""0""","=""7""","=""Low""","=""false"""
"=""bệnh viện đông y y học cổ truyền""","=""0""","=""0""","=""8""","=""Low""","=""false"""
"=""bệnh viện zalo""","=""0""","=""0""","=""3""","=""Low""","=""false"""
"=""bệnh viện fv zalo""","=""0""","=""0""","=""4""","=""Low""","=""false"""
"=""bệnh viện bãi cháy zalo""","=""0""","=""0""","=""5""","=""Low""","=""false"""
"=""bệnh viện bạch mai zalo""","=""0""","=""0""","=""5""","=""Low""","=""false"""
"=""bệnh viện hoàn mỹ zalo""","=""0""","=""0""","=""5""","=""Low""","=""false"""
"=""bệnh viện từ dũ zalo""","=""0""","=""0""","=""5""","=""Low""","=""false"""
"=""bệnh viện hùng vương zalo""","=""0""","=""0""","=""5""","=""Low""","=""false"""
"=""bệnh viện zenika""","=""0""","=""0""","=""3""","=""Low""","=""false"""
"=""bệnh viện zhongli""","=""0""","=""0""","=""3""","=""Low""","=""false"""
"=""bệnh viện zona thần kinh""","=""0""","=""0""","=""5""","=""Low""","=""false"""
"=""bệnh viện zona""","=""0""","=""0""","=""3""","=""Low""","=""false"""
"=""bệnh viện trị zona""","=""0""","=""0""","=""4""","=""Low""","=""false"""
"=""bệnh viện khám zona thần kinh""","=""0""","=""0""","=""6""","=""Low""","=""false"""
"=""bệnh viện nào chữa zona thần kinh tốt nhất""","=""0""","=""0""","=""9""","=""Low""","=""false"""
"=""bệnh viện chuyên trị zona thần kinh""","=""0""","=""0""","=""7""","=""Low""","=""false"""
"=""bệnh viện nào trị zona thần kinh""","=""0""","=""0""","=""7""","=""Low""","=""false"""
"=""bệnh viện zurich""","=""0""","=""0""","=""3""","=""Low""","=""false"""
"=""bệnh viện đại học zurich""","=""0""","=""0""","=""5""","=""Low""","=""false"""
"=""bệnh viện zin laptop""","=""0""","=""0""","=""4""","=""Low""","=""false"""
"=""bệnh viện laptop zin hà đông""","=""0""","=""0""","=""6""","=""Low""","=""false"""
"=""bệnh viện laptop zin thái hà""","=""0""","=""0""","=""6""","=""Low""","=""false"""
"=""bệnh viện laptop zin cầu giấy""","=""0""","=""0""","=""6""","=""Low""","=""false"""
"=""bệnh viện bạch mai hà nội""","=""0""","=""0""","=""6""","=""Low""","=""false"""
"=""bệnh viện lạc việt""","=""0""","=""0""","=""4""","=""Low""","=""false"""
"=""bệnh viện phụ sản quốc tế sài gòn""","=""0""","=""0""","=""8""","=""Low""","=""false"""
"=""bệnh viện răng hàm mặt tphcm""","=""0""","=""0""","=""6""","=""Low""","=""false"""
"=""bệnh viện răng hàm mặt trung ương tphcm""","=""0""","=""0""","=""8""","=""Low""","=""false"""
"=""bệnh viện răng hàm mặt trần hưng đạo""","=""0""","=""0""","=""8""","=""Low""","=""false"""
"=""bệnh viện răng hàm mặt nguyễn chí thanh""","=""0""","=""0""","=""8""","=""Low""","=""false"""
"=""bệnh viện răng hàm mặt trung ương hà nội""","=""0""","=""0""","=""9""","=""Low""","=""false"""
"=""bệnh viện ung bướu trung ương""","=""0""","=""0""","=""6""","=""Low""","=""false"""
"=""bệnh viện xương khớp""","=""0""","=""0""","=""4""","=""Low""","=""false"""
"=""bệnh viện y học cổ truyền tphcm""","=""0""","=""0""","=""7""","=""Low""","=""false"""
"=""bệnh viện y dược""","=""0""","=""0""","=""4""","=""Low""","=""false"""
"=""bệnh viện y học cổ truyền đà nẵng""","=""0""","=""0""","=""8""","=""Low""","=""false"""
"=""bệnh viện y học cổ truyền hà nội""","=""0""","=""0""","=""8""","=""Low""","=""false"""
"=""bệnh viện y hà nội""","=""0""","=""0""","=""5""","=""Low""","=""false"""
"=""bệnh viện y dược bmt""","=""0""","=""0""","=""5""","=""Low""","=""false"""
"=""bệnh viện z176""","=""0""","=""0""","=""3""","=""Low""","=""false"""
"=""bệnh viện z""","=""0""","=""0""","=""3""","=""Low""","=""false"""
"=""bệnh viện z175""","=""0""","=""0""","=""3""","=""Low""","=""false"""
"=""bệnh viện z76""","=""0""","=""0""","=""3""","=""Low""","=""false"""
"=""bệnh viện 08""","=""0""","=""0""","=""3""","=""Low""","=""false"""
"=""bệnh viện 354""","=""0""","=""0""","=""3""","=""Low""","=""false"""
"=""bệnh viện 3c đà nẵng""","=""0""","=""0""","=""5""","=""Low""","=""false"""
"=""bệnh viện 30 tháng 4""","=""0""","=""0""","=""5""","=""Low""","=""false"""
"=""bệnh viện 4 nghệ an""","=""0""","=""0""","=""5""","=""Low""","=""false"""
"=""bệnh viện 600 giường""","=""0""","=""0""","=""4""","=""Low""","=""false"""
"=""bệnh viện 600 giường có khám thứ 7 không""","=""0""","=""0""","=""9""","=""Low""","=""false"""
"=""bệnh viện 600 giường cơ sở 2""","=""0""","=""0""","=""7""","=""Low""","=""false"""
"=""bệnh viện 7a""","=""0""","=""0""","=""3""","=""Low""","=""false"""
"=""bệnh viện 87 nha trang chuyên khoa gì""","=""0""","=""0""","=""8""","=""Low""","=""false"""
"=""bệnh viện 87 có khám thứ 7 không""","=""0""","=""0""","=""8""","=""Low""","=""false"""
"=""bệnh viện 87 có chụp mri không""","=""0""","=""0""","=""7""","=""Low""","=""false"""
"=""bệnh viện 95 quang trung đà nẵng""","=""0""","=""0""","=""7""","=""Low""","=""false"""
"=""bệnh viện để làm gì""","=""0""","=""0""","=""5""","=""Low""","=""false"""
"=""bệnh viện là gì trong tiếng anh""","=""0""","=""0""","=""7""","=""Low""","=""false"""
"=""bệnh viện là gì trong tiếng trung""","=""0""","=""0""","=""7""","=""Low""","=""false"""
"=""bệnh viện là gì tiếng trung""","=""0""","=""0""","=""6""","=""Low""","=""false"""
"=""bệnh viện 115""","=""0""","=""0""","=""3""","=""Low""","=""false"""
"=""bệnh viện 1a""","=""0""","=""0""","=""3""","=""Low""","=""false"""
"=""bệnh viện 198""","=""0""","=""0""","=""3""","=""Low""","=""false"""
"=""bệnh viện 1a lý thường kiệt""","=""0""","=""0""","=""6""","=""Low""","=""false"""
"=""bệnh viện 103""","=""0""","=""0""","=""3""","=""Low""","=""false"""
"=""bệnh viện nào chuyên khoa thận""","=""0""","=""0""","=""6""","=""Low""","=""false"""
"=""bệnh viện nào chữa suy giãn tĩnh mạch tốt nhất""","=""0""","=""0""","=""10""","=""Low""","=""false"""
"=""bệnh viện nào khám chủ nhật""","=""0""","=""0""","=""6""","=""Low""","=""false"""
"=""bệnh viện nào chuyên về xương khớp""","=""0""","=""0""","=""7""","=""Low""","=""false"""
"=""bệnh viện nào khám tổng quát tốt nhất""","=""0""","=""0""","=""8""","=""Low""","=""false"""
"=""bệnh viện nào chuyên về đường ruột""","=""0""","=""0""","=""7""","=""Low""","=""false"""
"=""bệnh viện viết như thế nào""","=""0""","=""0""","=""6""","=""Low""","=""false"""
"=""bệnh viện đọc như thế nào""","=""0""","=""0""","=""6""","=""Low""","=""false"""
"=""bệnh viện 175 như thế nào""","=""0""","=""0""","=""6""","=""Low""","=""false"""
"=""bệnh viện vinmec viết thế nào""","=""0""","=""0""","=""6""","=""Low""","=""false"""
"=""bệnh viện chợ rẫy như thế nào""","=""0""","=""0""","=""7""","=""Low""","=""false"""
"=""bệnh viện công là như thế nào""","=""0""","=""0""","=""7""","=""Low""","=""false"""
"=""bệnh viện bao nhiêu tiền""","=""0""","=""0""","=""5""","=""Low""","=""false"""
"=""bệnh viện 108 bao nhiêu tầng""","=""0""","=""0""","=""6""","=""Low""","=""false"""
"=""bệnh viện mắt sài gòn""","=""0""","=""0""","=""5""","=""Low""","=""false"""
"=""bệnh viện mắt tphcm""","=""0""","=""0""","=""4""","=""Low""","=""false"""
"=""bệnh viện mắt việt nga""","=""0""","=""0""","=""5""","=""Low""","=""false"""
"=""bệnh viện thể thao có chụp mri không""","=""0""","=""0""","=""8""","=""Low""","=""false"""
"=""bệnh viện thể thao có khám thứ 7 không""","=""0""","=""0""","=""9""","=""Low""","=""false"""
"=""bệnh viện thể thao có khám chủ nhật không""","=""0""","=""0""","=""9""","=""Low""","=""false"""
"=""bệnh viện thể thao có khám bảo hiểm không""","=""0""","=""0""","=""9""","=""Low""","=""false"""
"=""bệnh viện từ dũ địa chỉ mới""","=""0""","=""0""","=""7""","=""Low""","=""false"""
"=""bệnh viện từ dũ thuộc phường nào""","=""0""","=""0""","=""7""","=""Low""","=""false"""
"=""bệnh viện từ dũ quận mấy""","=""0""","=""0""","=""6""","=""Low""","=""false"""
"=""bệnh viện từ dũ thuộc phường nào sau sáp nhập""","=""0""","=""0""","=""10""","=""Low""","=""false"""
"=""bệnh viện từ dũ địa chỉ""","=""0""","=""0""","=""6""","=""Low""","=""false"""
"=""bệnh viện từ dũ có khám chủ nhật không""","=""0""","=""0""","=""9""","=""Low""","=""false"""
"=""bệnh viện thuộc trung ương""","=""0""","=""0""","=""5""","=""Low""","=""false"""
"=""bệnh viện thuộc công an""","=""0""","=""0""","=""5""","=""Low""","=""false"""
"=""bệnh viện thuộc sở y tế""","=""0""","=""0""","=""6""","=""Low""","=""false"""
"=""bệnh viện trong harry potter""","=""0""","=""0""","=""5""","=""Low""","=""false"""
"=""bệnh viện trong tiếng trung đọc là gì""","=""0""","=""0""","=""8""","=""Low""","=""false"""
"=""bệnh viện trên đường nguyễn trãi""","=""0""","=""0""","=""6""","=""Low""","=""false"""
"=""bệnh viện trên hà nội""","=""0""","=""0""","=""5""","=""Low""","=""false"""
"=""bệnh viện trên đường trường chinh""","=""0""","=""0""","=""6""","=""Low""","=""false"""
"=""bệnh viện trên đường lê văn sỹ""","=""0""","=""0""","=""7""","=""Low""","=""false"""
"=""bệnh viện dưới hà nội""","=""0""","=""0""","=""5""","=""Low""","=""false"""
"=""bệnh viện dưới sài gòn""","=""0""","=""0""","=""5""","=""Low""","=""false"""
"=""bệnh viện dưới hà đông""","=""0""","=""0""","=""5""","=""Low""","=""false"""
"=""bệnh viện tuyến dưới là gì""","=""0""","=""0""","=""6""","=""Low""","=""false"""
"=""bệnh viện tuyến dưới""","=""0""","=""0""","=""4""","=""Low""","=""false"""
"=""bệnh viện tuyến dưới tiếng anh là gì""","=""0""","=""0""","=""8""","=""Low""","=""false"""
"=""bệnh viện tuyến dưới ở hà nội""","=""0""","=""0""","=""7""","=""Low""","=""false"""
"=""bệnh viện tuyến dưới của chợ rẫy""","=""0""","=""0""","=""7""","=""Low""","=""false"""
"=""bệnh viện làm việc chủ nhật""","=""0""","=""0""","=""6""","=""Low""","=""false"""
"=""bệnh viện làm chủ nhật""","=""0""","=""0""","=""5""","=""Low""","=""false"""
"=""bệnh viện làm chủ nhật không""","=""0""","=""0""","=""6""","=""Low""","=""false"""
"=""bệnh viện có khám chủ nhật không""","=""0""","=""0""","=""7""","=""Low""","=""false"""
"=""bệnh viện có khám thứ 7 không""","=""0""","=""0""","=""7""","=""Low""","=""false"""
"=""bệnh viện có trám răng không""","=""0""","=""0""","=""6""","=""Low""","=""false"""
"=""bệnh viện có khám thứ 7 chủ nhật không""","=""0""","=""0""","=""9""","=""Low""","=""false"""
"=""bệnh viện có nhổ răng không""","=""0""","=""0""","=""6""","=""Low""","=""false"""
"=""bệnh viện không khói thuốc""","=""0""","=""0""","=""5""","=""Low""","=""false"""
"=""bệnh viện không được khám ngoại tỉnh""","=""0""","=""0""","=""7""","=""Low""","=""false"""
"=""bệnh viện không tường là gì""","=""0""","=""0""","=""6""","=""Low""","=""false"""
"=""bệnh viện không tường""","=""0""","=""0""","=""4""","=""Low""","=""false"""
"=""bệnh viện nhiệt với tp hcm""","=""0""","=""0""","=""6""","=""Low""","=""false"""
"=""bệnh viện 108 với bạch mai cái nào tốt hơn""","=""0""","=""0""","=""10""","=""Low""","=""false"""
"=""bệnh viện liên kết với daiichi""","=""0""","=""0""","=""6""","=""Low""","=""false"""
"=""bệnh viện liên kết với bảo hiểm pvi""","=""0""","=""0""","=""8""","=""Low""","=""false"""
"=""bệnh viện liên kết với daiichi life""","=""0""","=""0""","=""7""","=""Low""","=""false"""
"=""bệnh viện liên kết với insmart""","=""0""","=""0""","=""6""","=""Low""","=""false"""
"=""bệnh viện cùng tuyến với bệnh viện đa khoa thủ đức""","=""0""","=""0""","=""11""","=""Low""","=""false"""
"=""bệnh viện cùng tuyến 175""","=""0""","=""0""","=""5""","=""Low""","=""false"""
"=""bệnh viện cùng tuyến với bệnh viện thống nhất""","=""0""","=""0""","=""9""","=""Low""","=""false"""
"=""bệnh viện cùng tuyến ở hà nội""","=""0""","=""0""","=""7""","=""Low""","=""false"""
"=""bệnh viện cùng cấp""","=""0""","=""0""","=""4""","=""Low""","=""false"""
"=""bệnh viện cùng tuyến có được hưởng bảo hiểm không""","=""0""","=""0""","=""10""","=""Low""","=""false"""
"=""bệnh viện cùng cấp là gì""","=""0""","=""0""","=""6""","=""Low""","=""false"""
"=""bệnh viện dành cho công an""","=""0""","=""0""","=""6""","=""Low""","=""false"""
"=""bệnh viện có phá thai không""","=""0""","=""0""","=""6""","=""Low""","=""false"""
"=""bệnh viện nào tốt hơn""","=""0""","=""0""","=""5""","=""Low""","=""false"""
"=""bệnh viện 103 hay 108 tốt hơn""","=""0""","=""0""","=""7""","=""Low""","=""false"""
"=""bệnh viện công hay tư tốt hơn""","=""0""","=""0""","=""7""","=""Low""","=""false"""
"=""bệnh viện k1 hay k3 tốt hơn""","=""0""","=""0""","=""7""","=""Low""","=""false"""
"=""bệnh viện k2 hay k3 tốt hơn""","=""0""","=""0""","=""7""","=""Low""","=""false"""
"=""bệnh viện bạch mai hay 108 tốt hơn""","=""0""","=""0""","=""8""","=""Low""","=""false"""
"=""bệnh viện nên đăng ký bhyt""","=""0""","=""0""","=""6""","=""Low""","=""false"""
"=""bệnh viện nên đăng ký bhxh""","=""0""","=""0""","=""6""","=""Low""","=""false"""
"=""bệnh viện nên ăn gì""","=""0""","=""0""","=""5""","=""Low""","=""false"""
"=""bệnh viện để sinh con""","=""0""","=""0""","=""5""","=""Low""","=""false"""
"=""phòng khám bệnh viện đại học y dược 1""","=""3600""","=""0.28""","=""9""","=""Low""","=""false"""
"=""đặt lịch khám bệnh viện đại học y dược""","=""2900""","=""0.56""","=""9""","=""Medium""","=""false"""
"=""địa chỉ bệnh viện hùng vương""","=""1600""","=""0""","=""6""","=""Low""","=""true"""
"=""khoa quốc tế bệnh viện nhi trung ương""","=""1000""","=""0.48""","=""8""","=""Low""","=""false"""
"=""nhà tang lễ bệnh viện 354""","=""880""","=""2.52""","=""6""","=""Low""","=""false"""
"=""becamex bệnh viện""","=""880""","=""0.34""","=""3""","=""Low""","=""false"""
"=""trung tâm tim mạch bệnh viện e""","=""880""","=""0.48""","=""7""","=""Low""","=""false"""
"=""địa chỉ bệnh viện bình dân""","=""590""","=""0.25""","=""6""","=""Low""","=""false"""
"=""khoa thẩm mỹ bệnh viện 108""","=""590""","=""0.64""","=""6""","=""Low""","=""false"""
"=""phòng khám bệnh viện đại học y dược""","=""590""","=""0.3""","=""8""","=""Medium""","=""true"""
"=""hoà hảo bệnh viện""","=""590""","=""0.29""","=""4""","=""Low""","=""false"""
"=""địa chỉ bệnh viện bạch mai""","=""590""","=""0""","=""6""","=""Low""","=""false"""
"=""địa chỉ bệnh viện tâm anh""","=""590""","=""0.11""","=""6""","=""Low""","=""false"""
"=""đăng ký khám bệnh viện đại học y dược""","=""480""","=""0.64""","=""9""","=""Medium""","=""true"""
"=""địa chỉ bệnh viện đại học y dược""","=""480""","=""0.19""","=""8""","=""Low""","=""false"""
"=""tâm anh bệnh viện""","=""480""","=""0.15""","=""4""","=""Low""","=""false"""
"=""bảng giá nội soi dạ dày bệnh viện 108""","=""480""","=""0""","=""9""","=""Low""","=""false"""
"=""giá nội soi đại tràng bệnh viện 108""","=""480""","=""0""","=""8""","=""Low""","=""true"""
"=""địa chỉ bệnh viện chợ rẫy""","=""480""","=""0""","=""6""","=""Low""","=""false"""
"=""địa chỉ bệnh viện nhi trung ương""","=""480""","=""0.26""","=""7""","=""Low""","=""false"""
"=""khoa thẩm mỹ bệnh viện chợ rẫy""","=""390""","=""0.53""","=""7""","=""Low""","=""false"""
"=""khoa da liễu bệnh viện đại học y dược""","=""390""","=""0.15""","=""9""","=""Low""","=""true"""
"=""khoa thẩm mỹ bệnh viện đại học y dược""","=""390""","=""0.34""","=""9""","=""Low""","=""false"""
"=""phòng khám chuyên gia bệnh viện chợ rẫy""","=""390""","=""0.43""","=""8""","=""Low""","=""false"""
"=""nằm bệnh viện""","=""390""","=""0""","=""3""","=""Low""","=""false"""
"=""địa chỉ bệnh viện 108""","=""390""","=""0""","=""5""","=""Low""","=""false"""
"=""địa chỉ bệnh viện 115""","=""390""","=""0.01""","=""5""","=""Low""","=""false"""
"=""hrm bệnh viện hùng vương""","=""390""","=""0""","=""5""","=""Low""","=""false"""
"=""mã bệnh viện""","=""390""","=""0""","=""3""","=""Low""","=""false"""
"=""tổng đài bệnh viện từ dũ""","=""320""","=""0.26""","=""6""","=""Low""","=""false"""
"=""số điện thoại bệnh viện tâm thần""","=""320""","=""0.28""","=""7""","=""Low""","=""false"""
"=""địa chỉ bệnh viện mắt trung ương""","=""320""","=""0.33""","=""7""","=""Low""","=""false"""
"=""giờ làm việc bệnh viện bạch mai""","=""320""","=""0""","=""7""","=""Low""","=""true"""
"=""địa chỉ bệnh viện nội tiết trung ương""","=""320""","=""0""","=""8""","=""Low""","=""true"""
"=""lịch làm việc bệnh viện da liễu""","=""260""","=""0.2""","=""7""","=""Low""","=""true"""
"=""bảng giá bệnh viện da liễu""","=""260""","=""0""","=""6""","=""Low""","=""true"""
"=""hồng ngọc bệnh viện""","=""260""","=""0.38""","=""4""","=""Low""","=""false"""
"=""số điện thoại bệnh viện chợ rẫy""","=""260""","=""0.13""","=""7""","=""Low""","=""false"""
"=""giờ làm việc bệnh viện 175""","=""260""","=""0""","=""6""","=""Low""","=""false"""
"=""số điện thoại bệnh viện tâm anh""","=""260""","=""0.14""","=""7""","=""Low""","=""false"""
"=""đường đi bệnh viện chợ rẫy""","=""260""","=""0.15""","=""6""","=""Low""","=""true"""
"=""địa chỉ bệnh viện""","=""260""","=""0""","=""4""","=""Low""","=""false"""
"=""khám phụ khoa bệnh viện hùng vương""","=""210""","=""0.34""","=""7""","=""Low""","=""false"""
"=""lịch khám bệnh viện đại học y dược""","=""210""","=""0.18""","=""8""","=""Low""","=""false"""
"=""lịch làm việc bệnh viện từ dũ""","=""210""","=""0""","=""7""","=""Low""","=""false"""
"=""địa chỉ bệnh viện phạm ngọc thạch""","=""210""","=""0.01""","=""7""","=""Low""","=""false"""
"=""giờ làm việc bệnh viện từ dũ""","=""210""","=""0""","=""7""","=""Low""","=""false"""
"=""tổng đài bệnh viện chợ rẫy""","=""210""","=""0.46""","=""6""","=""Low""","=""false"""
"=""giờ làm việc bệnh viện hoàn mỹ""","=""210""","=""0.12""","=""7""","=""Low""","=""false"""
"=""phòng cấp cứu bệnh viện""","=""210""","=""0""","=""5""","=""Low""","=""false"""
"=""số điện thoại bệnh viện bạch mai""","=""210""","=""0.47""","=""7""","=""Low""","=""false"""
"=""địa chỉ bệnh viện hòa hảo""","=""210""","=""0.04""","=""6""","=""Low""","=""false"""
"=""địa chỉ bệnh viện phổi trung ương""","=""210""","=""0""","=""7""","=""Low""","=""true"""
"=""bằng giá thẩm mỹ bệnh viện chợ rẫy""","=""170""","=""0.36""","=""8""","=""Low""","=""false"""
"=""số điện thoại bệnh viện đại học y dược""","=""170""","=""0.27""","=""9""","=""Low""","=""false"""
"=""tổng đài bệnh viện đại học y dược""","=""170""","=""0.24""","=""8""","=""Low""","=""false"""
"=""giờ làm việc bệnh viện đại học y dược""","=""170""","=""0.1""","=""9""","=""Low""","=""false"""
"=""giờ làm việc của bệnh viện""","=""170""","=""0""","=""6""","=""Low""","=""false"""
"=""số bệnh viện""","=""170""","=""1.14""","=""3""","=""Low""","=""false"""
"=""số điện thoại bệnh viện""","=""170""","=""0.74""","=""5""","=""Low""","=""false"""
"=""số điện thoại bệnh viện nhi đồng 2""","=""170""","=""0.23""","=""8""","=""Low""","=""false"""
"=""trong bệnh viện""","=""170""","=""0""","=""3""","=""Low""","=""false"""
"=""gs25 bệnh viện hoàn mỹ""","=""170""","=""0""","=""5""","=""Low""","=""true"""
"=""okuro bệnh viện nhiệt đới""","=""170""","=""0""","=""5""","=""Low""","=""false"""
"=""số điện thoại bệnh viện bình dân""","=""140""","=""0.47""","=""7""","=""Low""","=""false"""
"=""tổng đài đặt lịch khám bệnh viện hùng vương""","=""140""","=""0""","=""9""","=""Low""","=""false"""
"=""bằng giá thẩm mỹ bệnh viện 108""","=""110""","=""0.4""","=""7""","=""Low""","=""false"""
"=""số điện thoại bệnh viện mắt điện biên phủ""","=""110""","=""0.65""","=""9""","=""Low""","=""false"""
"=""địa chỉ bệnh viện thu cúc""","=""110""","=""0.33""","=""6""","=""Medium""","=""false"""
"=""số điện thoại bệnh viện hùng vương""","=""110""","=""0.35""","=""7""","=""Low""","=""false"""
"=""số điện thoại bệnh viện nhi trung ương""","=""110""","=""0.8""","=""8""","=""Low""","=""false"""
"=""số điện thoại của bệnh viện tâm thần""","=""110""","=""0""","=""8""","=""Low""","=""false"""
"=""qms bệnh viện bà rịa""","=""110""","=""0""","=""5""","=""Low""","=""true"""
"=""trị thâm quầng mắt bệnh viện da liễu""","=""90""","=""0.94""","=""8""","=""High""","=""false"""
"=""trưởng khoa tiêu hóa bệnh viện bình dân""","=""90""","=""0""","=""8""","=""Low""","=""false"""
"=""lịch làm việc bệnh viện đại học y dược""","=""90""","=""0.23""","=""9""","=""Low""","=""false"""
"=""khoa thần kinh bệnh viện chợ rẫy""","=""90""","=""0""","=""7""","=""Low""","=""false"""
"=""hsoft bệnh viện thống nhất""","=""90""","=""0""","=""5""","=""Low""","=""false"""
"=""bảng giá bệnh viện da liễu trung ương""","=""70""","=""0""","=""8""","=""Low""","=""false"""
"=""bảng giá khám bệnh theo yêu cầu bệnh viện 108""","=""70""","=""0""","=""10""","=""Low""","=""true"""
"=""khoa thần kinh bệnh viện đại học y dược""","=""70""","=""0.29""","=""9""","=""Low""","=""false"""
"=""số điện thoại bệnh viện hòa hảo""","=""70""","=""0.24""","=""7""","=""Low""","=""false"""
"=""quản trị bệnh viện ueh điểm chuẩn""","=""70""","=""0""","=""7""","=""Low""","=""false"""
"=""quản trị bệnh viện ueh""","=""70""","=""0""","=""5""","=""Low""","=""true"""
"=""slogan bệnh viện""","=""50""","=""0""","=""3""","=""Low""","=""false"""
"=""khám trĩ bệnh viện nào""","=""40""","=""2.63""","=""5""","=""Low""","=""false"""
"=""số tổng đài bệnh viện nhi đồng 2""","=""40""","=""0""","=""8""","=""Low""","=""false"""
"=""hạng bệnh viện là gì""","=""40""","=""0""","=""5""","=""Low""","=""false"""
"=""pk bệnh viện đại học y dược 1""","=""30""","=""0.22""","=""8""","=""Low""","=""true"""
"=""qlcl bệnh viện""","=""30""","=""0""","=""3""","=""Low""","=""true"""
"=""quản lý bệnh viện ueh""","=""30""","=""0""","=""5""","=""Low""","=""false"""
"=""iui bệnh viện hùng vương""","=""30""","=""0""","=""5""","=""Low""","=""false"""
"=""chăm bệnh nhân tại bệnh viện""","=""20""","=""0""","=""6""","=""Low""","=""false"""
"=""tổng đài đặt lịch khám bệnh viện nhiệt đới""","=""20""","=""0""","=""9""","=""Low""","=""false"""
"=""mvp bệnh viện đa khoa tỉnh thái bình""","=""20""","=""0""","=""8""","=""Low""","=""true"""
"=""quy chế bệnh viện pdf""","=""20""","=""0""","=""5""","=""Low""","=""false"""
"=""tại các bệnh viện oxygen được nén và lưu trữ""","=""20""","=""0""","=""10""","=""Low""","=""false"""
"=""quản trị bệnh viện ueh xét khối nào""","=""20""","=""0""","=""8""","=""Low""","=""false"""
"=""bảng giá thẩm mỹ bệnh viện chợ rẫy""","=""10""","=""0""","=""8""","=""Low""","=""false"""
"=""kinh nghiệm đi khám bệnh ở bệnh viện ung bướu""","=""10""","=""0""","=""10""","=""Low""","=""false"""
"=""lịch làm việc bệnh viện từ dũ 2022""","=""10""","=""0""","=""8""","=""Low""","=""false"""
"=""sinh viên bệnh viện bạch mai""","=""10""","=""0""","=""6""","=""Low""","=""false"""
"=""oxy bệnh viện""","=""10""","=""0""","=""3""","=""Low""","=""false"""
"=""quản lý bệnh viện pdf""","=""10""","=""0""","=""5""","=""Low""","=""false"""
"=""pgđ bệnh viện thống nhất""","=""10""","=""0""","=""5""","=""Low""","=""false"""
"=""tàu bệnh viện usns mercy""","=""10""","=""0""","=""5""","=""Low""","=""false"""
"=""danh sách bệnh viện vbi care""","=""10""","=""0""","=""6""","=""Low""","=""false"""
"=""khi nào cần đến bệnh viện sinh""","=""10""","=""0""","=""7""","=""Medium""","=""false"""
"=""khi nào được chuyển tuyến bệnh viện""","=""10""","=""0""","=""7""","=""Low""","=""false"""
"=""so sánh bệnh viện từ dũ và hùng vương""","=""10""","=""0""","=""9""","=""Low""","=""false"""
"=""so sánh bệnh viện hoàn mỹ và bệnh viện gia đình""","=""10""","=""0""","=""11""","=""Low""","=""true"""
"=""gần bệnh viện nên kinh doanh gì""","=""10""","=""0""","=""7""","=""Low""","=""false"""
"=""cdha bệnh viện vạn hạnh vn""","=""10""","=""0""","=""6""","=""Low""","=""false"""
"=""gs25 bệnh viện hoàn mỹ thủ đức""","=""10""","=""0""","=""7""","=""Low""","=""false"""
"=""tàu bệnh viện hq 561""","=""10""","=""0""","=""5""","=""Low""","=""false"""
"=""app bệnh viện k ios""","=""10""","=""0""","=""5""","=""Low""","=""true"""
"=""mắt kính bệnh viện optic""","=""10""","=""0""","=""5""","=""Medium""","=""false"""
"=""marketing bệnh viện pdf""","=""10""","=""0""","=""4""","=""Low""","=""false"""
"=""logo bệnh viện 108 png""","=""10""","=""0""","=""5""","=""Low""","=""false"""
"=""slogan bệnh viện 108""","=""10""","=""0""","=""4""","=""Low""","=""false"""
"=""quản trị bệnh viện ueh học phí""","=""10""","=""0""","=""7""","=""Low""","=""false"""
"=""tại sao bệnh viện động vật trong roblox lại bị xóa""","=""10""","=""0""","=""11""","=""Low""","=""true"""
"=""tại sao bệnh viện động vật lại bị xóa""","=""10""","=""0""","=""9""","=""Low""","=""true"""
"=""tại sao bệnh viện bạch mai 2 không hoạt động""","=""10""","=""0""","=""10""","=""Low""","=""false"""
"=""tại sao bệnh viện chợ rẫy là tuyến cuối""","=""10""","=""0""","=""9""","=""Low""","=""true"""
"=""làm sao để đổi bệnh viện bảo hiểm y tế""","=""10""","=""0""","=""10""","=""Low""","=""false"""
"=""làm sao để chơi bệnh viện động vật trong roblox""","=""10""","=""0""","=""10""","=""Low""","=""true"""
"=""làm sao để chơi bệnh viện động vật""","=""10""","=""0""","=""8""","=""Low""","=""true"""
"=""khi nào bệnh viện bạch mai 2 hoạt động""","=""10""","=""0""","=""9""","=""Low""","=""false"""
"=""khi nào bệnh viện làm việc lại""","=""10""","=""0""","=""7""","=""Low""","=""false"""
"=""cách để chơi bệnh viện động vật trong roblox""","=""10""","=""0""","=""9""","=""Low""","=""true"""
"=""cách để chơi bệnh viện động vật""","=""10""","=""0""","=""7""","=""Low""","=""true"""
"=""cách để chơi được bệnh viện động vật""","=""10""","=""0""","=""8""","=""Low""","=""false"""
"=""tôi đến bệnh viện để thanh tra và giám sát""","=""10""","=""0""","=""10""","=""Low""","=""false"""
"=""nhập tên bệnh viện để in trên thẻ bhyt mới""","=""10""","=""0""","=""10""","=""Low""","=""false"""
"=""tôi đến bệnh viện để thanh tra""","=""10""","=""0""","=""7""","=""Low""","=""false"""
"=""ahu bệnh viện""","=""0""","=""0""","=""3""","=""Low""","=""false"""
"=""atm bệnh viện bạch mai""","=""0""","=""0""","=""5""","=""Low""","=""false"""
"=""bxh bệnh viện""","=""0""","=""0""","=""3""","=""Low""","=""false"""
"=""cbnv bệnh viện nam thăng long""","=""0""","=""0""","=""6""","=""Low""","=""false"""
"=""cpu bệnh viện""","=""0""","=""0""","=""3""","=""Low""","=""false"""
"=""crm bệnh viện""","=""0""","=""0""","=""3""","=""Low""","=""false"""
"=""crocs bệnh viện""","=""0""","=""0""","=""3""","=""Low""","=""false"""
"=""cross bệnh viện""","=""0""","=""0""","=""3""","=""Low""","=""false"""
"=""dc bệnh viện từ dũ""","=""0""","=""0""","=""5""","=""Low""","=""false"""
"=""ddvs bệnh viện từ dũ""","=""0""","=""0""","=""5""","=""Low""","=""false"""
"=""ds bệnh viện bhyt""","=""0""","=""0""","=""4""","=""Low""","=""false"""
"=""ds bệnh viện quý 3 2025""","=""0""","=""0""","=""6""","=""Low""","=""false"""
"=""ds bệnh viện quý 2 2026""","=""0""","=""0""","=""6""","=""Low""","=""false"""
"=""ds bệnh viện quý 2 2025""","=""0""","=""0""","=""6""","=""Low""","=""false"""
"=""ds bệnh viện pvi""","=""0""","=""0""","=""4""","=""Low""","=""false"""
"=""ds bệnh viện quý 4 2025""","=""0""","=""0""","=""6""","=""Low""","=""false"""
"=""dtm bệnh viện""","=""0""","=""0""","=""3""","=""Low""","=""false"""
"=""phần mềm bệnh viện ehc""","=""0""","=""0""","=""5""","=""Low""","=""false"""
"=""ehealth bệnh viện 103""","=""0""","=""0""","=""4""","=""Low""","=""false"""
"=""ehr bệnh viện k""","=""0""","=""0""","=""4""","=""Low""","=""false"""
"=""ekip bệnh viện từ dũ""","=""0""","=""0""","=""5""","=""Low""","=""false"""
"=""eoffice bệnh viện đại học y hà nội""","=""0""","=""0""","=""8""","=""Low""","=""false"""
"=""eras bệnh viện chợ rẫy""","=""0""","=""0""","=""5""","=""Low""","=""false"""
"=""erp bệnh viện""","=""0""","=""0""","=""3""","=""Low""","=""false"""
"=""esg bệnh viện""","=""0""","=""0""","=""3""","=""Low""","=""false"""
"=""evangelion bệnh viện""","=""0""","=""0""","=""3""","=""Low""","=""false"""
"=""phần mềm bệnh viện fpt""","=""0""","=""0""","=""5""","=""Low""","=""false"""
"=""danh sách bệnh viện fwd""","=""0""","=""0""","=""5""","=""Low""","=""false"""
"=""gbs bệnh viện từ dũ""","=""0""","=""0""","=""5""","=""Low""","=""false"""
"=""gcp bệnh viện""","=""0""","=""0""","=""3""","=""Low""","=""false"""
"=""gksk bệnh viện bạch mai""","=""0""","=""0""","=""5""","=""Low""","=""false"""
"=""công ty tnhh bệnh viện global""","=""0""","=""0""","=""6""","=""Low""","=""false"""
"=""gmail bệnh viện bạch mai""","=""0""","=""0""","=""5""","=""Low""","=""false"""
"=""gpmt bệnh viện""","=""0""","=""0""","=""3""","=""Low""","=""false"""
"=""gsp bệnh viện""","=""0""","=""0""","=""3""","=""Low""","=""false"""
"=""danh sách bệnh viện hd insurance""","=""0""","=""0""","=""6""","=""Low""","=""false"""
"=""viêm phổi bệnh viện hscc""","=""0""","=""0""","=""5""","=""Low""","=""false"""
"=""hsoft bệnh viện quận 11""","=""0""","=""0""","=""5""","=""Low""","=""false"""
"=""hrm bệnh viện""","=""0""","=""0""","=""3""","=""Low""","=""false"""
"=""review bệnh viện id hàn quốc""","=""0""","=""0""","=""6""","=""Low""","=""false"""
"=""implant bệnh viện răng hàm mặt""","=""0""","=""0""","=""6""","=""Low""","=""false"""
"=""đăng ký bệnh viện iuh""","=""0""","=""0""","=""5""","=""Low""","=""false"""
"=""iui bệnh viện từ dũ""","=""0""","=""0""","=""5""","=""Low""","=""false"""
"=""iui bệnh viện nam học""","=""0""","=""0""","=""5""","=""Low""","=""false"""
"=""tiêu chuẩn bệnh viện jci""","=""0""","=""0""","=""5""","=""Low""","=""false"""
"=""jci bệnh viện là gì""","=""0""","=""0""","=""5""","=""Low""","=""false"""
"=""review bệnh viện jk nhật hàn""","=""0""","=""0""","=""6""","=""Low""","=""false"""
"=""hình ảnh của bệnh viện johns hopkins""","=""0""","=""0""","=""7""","=""Low""","=""false"""
"=""kqxn bệnh viện phụ sản hà nội""","=""0""","=""0""","=""7""","=""Low""","=""false"""
"=""kqxn bệnh viện phụ sản""","=""0""","=""0""","=""5""","=""Low""","=""false"""
"=""kq bệnh viện xanh pôn""","=""0""","=""0""","=""5""","=""Low""","=""false"""
"=""kpi bệnh viện""","=""0""","=""0""","=""3""","=""Low""","=""false"""
"=""ksnk bệnh viện""","=""0""","=""0""","=""3""","=""Low""","=""false"""
"=""ktv bệnh viện là gì""","=""0""","=""0""","=""5""","=""Low""","=""false"""
"=""ktv bệnh viện""","=""0""","=""0""","=""3""","=""Low""","=""false"""
"=""mcc bệnh viện""","=""0""","=""0""","=""3""","=""Low""","=""false"""
"=""mcu bệnh viện""","=""0""","=""0""","=""3""","=""Low""","=""false"""
"=""mcc bệnh viện hoàn mỹ""","=""0""","=""0""","=""5""","=""Low""","=""false"""
"=""mlbb bệnh viện""","=""0""","=""0""","=""3""","=""Low""","=""false"""
"=""mlbs bệnh viện""","=""0""","=""0""","=""3""","=""Low""","=""false"""
"=""mkt bệnh viện""","=""0""","=""0""","=""3""","=""Low""","=""false"""
"=""mpuh bệnh viện đại học y dược""","=""0""","=""0""","=""7""","=""Low""","=""false"""
"=""môi trường bệnh viện mtbv được chia thành các loại""","=""0""","=""0""","=""10""","=""Low""","=""false"""
"=""nk bệnh viện""","=""0""","=""0""","=""3""","=""Low""","=""false"""
"=""mắt kính bệnh viện optic 28 nguyễn thông""","=""0""","=""0""","=""8""","=""Low""","=""false"""
"=""tại các bệnh viện oxygen""","=""0""","=""0""","=""5""","=""Low""","=""false"""
"=""trong bệnh viện khí oxygen""","=""0""","=""0""","=""5""","=""Low""","=""false"""
"=""oxford bệnh viện nhiệt đới""","=""0""","=""0""","=""5""","=""Low""","=""false"""
"=""dược bệnh viện pdf""","=""0""","=""0""","=""4""","=""Low""","=""false"""
"=""viêm phổi bệnh viện pdf""","=""0""","=""0""","=""5""","=""Low""","=""false"""
"=""nhiễm khuẩn bệnh viện pdf""","=""0""","=""0""","=""5""","=""Low""","=""false"""
"=""pgđ bệnh viện bạch mai""","=""0""","=""0""","=""5""","=""Low""","=""false"""
"=""pgđ bệnh viện việt đức""","=""0""","=""0""","=""5""","=""Low""","=""false"""
"=""pg bệnh viện là gì""","=""0""","=""0""","=""5""","=""Low""","=""false"""
"=""pgđ bệnh viện 108""","=""0""","=""0""","=""4""","=""Low""","=""false"""
"=""pgd bệnh viện chợ rẫy""","=""0""","=""0""","=""5""","=""Low""","=""false"""
"=""pgđ bệnh viện phụ sản hà nội""","=""0""","=""0""","=""7""","=""Low""","=""false"""
"=""pgđ bệnh viện xanh pôn""","=""0""","=""0""","=""5""","=""Low""","=""false"""
"=""danh sách bệnh viện pjico""","=""0""","=""0""","=""5""","=""Low""","=""false"""
"=""icon bệnh viện png""","=""0""","=""0""","=""4""","=""Low""","=""false"""
"=""qa bệnh viện""","=""0""","=""0""","=""3""","=""Low""","=""false"""
"=""nước thải bệnh viện qcvn""","=""0""","=""0""","=""5""","=""Low""","=""false"""
"=""qc bệnh viện""","=""0""","=""0""","=""3""","=""Low""","=""false"""
"=""qr bệnh viện""","=""0""","=""0""","=""3""","=""Low""","=""false"""
"=""rsv bệnh viện nhi trung ương""","=""0""","=""0""","=""6""","=""Low""","=""false"""
"=""viêm phổi bệnh viện slide""","=""0""","=""0""","=""5""","=""Low""","=""false"""
"=""viêm phổi bệnh viện slideshare""","=""0""","=""0""","=""5""","=""Low""","=""false"""
"=""danh sách bệnh viện tcgi""","=""0""","=""0""","=""5""","=""Low""","=""false"""
"=""uav bệnh viện đức giang""","=""0""","=""0""","=""5""","=""Low""","=""false"""
"=""quản lý bệnh viện ueh điểm chuẩn""","=""0""","=""0""","=""7""","=""Low""","=""false"""
"=""ultherapy bệnh viện da liễu""","=""0""","=""0""","=""5""","=""Low""","=""false"""
"=""ultherapy bệnh viện da liễu giá""","=""0""","=""0""","=""6""","=""Low""","=""false"""
"=""ultherapy bệnh viện""","=""0""","=""0""","=""3""","=""Low""","=""false"""
"=""ulasan bệnh viện thẩm mỹ medika""","=""0""","=""0""","=""6""","=""Low""","=""false"""
"=""logo bệnh viện umc""","=""0""","=""0""","=""4""","=""Low""","=""false"""
"=""giám đốc bệnh viện umc""","=""0""","=""0""","=""5""","=""Low""","=""false"""
"=""quản lý bệnh viện ump""","=""0""","=""0""","=""5""","=""Low""","=""false"""
"=""danh sách bệnh viện vbi""","=""0""","=""0""","=""5""","=""Low""","=""false"""
"=""wc bệnh viện""","=""0""","=""0""","=""3""","=""Low""","=""false"""
"=""juhoon bệnh viện wattpad""","=""0""","=""0""","=""4""","=""Low""","=""false"""
"=""nhiễm khuẩn bệnh viện who""","=""0""","=""0""","=""5""","=""Low""","=""false"""
"=""www bệnh viện 108 vn""","=""0""","=""0""","=""5""","=""Low""","=""false"""
"=""www bệnh viện đại học y hà nội""","=""0""","=""0""","=""8""","=""Low""","=""false"""
"=""www bệnh viện 175 vn""","=""0""","=""0""","=""5""","=""Low""","=""false"""
"=""www bệnh viện bãi cháy""","=""0""","=""0""","=""5""","=""Low""","=""false"""
"=""yiyuan bệnh viện""","=""0""","=""0""","=""3""","=""Low""","=""false"""
"=""phim bệnh viện yulje""","=""0""","=""0""","=""4""","=""Low""","=""false"""
"=""game bệnh viện zombie""","=""0""","=""0""","=""4""","=""Low""","=""false"""
"=""tại sao bệnh viện""","=""0""","=""0""","=""4""","=""Low""","=""false"""
"=""tại sao bệnh viện không có tầng 4""","=""0""","=""0""","=""8""","=""Low""","=""false"""
"=""tại sao bệnh viện lại bị bỏ hoang""","=""0""","=""0""","=""8""","=""Low""","=""false"""
"=""tại sao bệnh viện không cho chuyển tuyến""","=""0""","=""0""","=""8""","=""Low""","=""false"""
"=""tại sao bệnh viện hữu nghị việt đức bỏ hoang""","=""0""","=""0""","=""10""","=""Low""","=""false"""
"=""tại sao bệnh viện không tiếp trình dược viên""","=""0""","=""0""","=""9""","=""Low""","=""false"""
"=""thế nào là bệnh viện cùng tuyến""","=""0""","=""0""","=""7""","=""Low""","=""false"""
"=""thế nào là bệnh viện công lập""","=""0""","=""0""","=""7""","=""Low""","=""false"""
"=""thế nào là bệnh viện đúng tuyến""","=""0""","=""0""","=""7""","=""Low""","=""false"""
"=""thế nào là bệnh viện tuyến cuối""","=""0""","=""0""","=""7""","=""Low""","=""false"""
"=""thế nào là bệnh viện hạng 1""","=""0""","=""0""","=""7""","=""Low""","=""false"""
"=""thế nào là bệnh viện đa khoa""","=""0""","=""0""","=""7""","=""Low""","=""false"""
"=""thế nào là bệnh viện tuyến tỉnh""","=""0""","=""0""","=""7""","=""Low""","=""false"""
"=""thế nào là bệnh viện""","=""0""","=""0""","=""5""","=""Low""","=""false"""
"=""thế nào là bệnh viện trái tuyến""","=""0""","=""0""","=""7""","=""Low""","=""false"""
"=""thế nào là nhiễm khuẩn bệnh viện""","=""0""","=""0""","=""7""","=""Low""","=""false"""
"=""làm sao biết bệnh viện thuộc tuyến nào""","=""0""","=""0""","=""8""","=""Low""","=""false"""
"=""làm sao biết bệnh viện cùng tuyến""","=""0""","=""0""","=""7""","=""Low""","=""false"""
"=""làm sao để biết bệnh viện công hay tư""","=""0""","=""0""","=""9""","=""Low""","=""false"""
"=""làm sao để biết bhyt ở bệnh viện nào""","=""0""","=""0""","=""9""","=""Low""","=""false"""
"=""làm sao để chuyển bhyt sang bệnh viện khác""","=""0""","=""0""","=""9""","=""Low""","=""false"""
"=""vì sao bệnh viện không có muỗi""","=""0""","=""0""","=""7""","=""Low""","=""false"""
"=""vì sao bệnh viện""","=""0""","=""0""","=""4""","=""Low""","=""false"""
"=""vì sao có tên bệnh viện chợ rẫy""","=""0""","=""0""","=""8""","=""Low""","=""false"""
"=""vì sao có tên bệnh viện từ dũ""","=""0""","=""0""","=""8""","=""Low""","=""false"""
"=""vì sao gọi là bệnh viện k""","=""0""","=""0""","=""7""","=""Low""","=""false"""
"=""vì sao không đến bệnh viện lúc 3h sáng""","=""0""","=""0""","=""9""","=""Low""","=""false"""
"=""vì sao gọi là bệnh viện e""","=""0""","=""0""","=""7""","=""Low""","=""false"""
"=""vì sao gọi là bệnh viện ba lan""","=""0""","=""0""","=""8""","=""Low""","=""false"""
"=""khi nào bệnh viện trả về""","=""0""","=""0""","=""6""","=""Low""","=""false"""
"=""khi nào bệnh viện nghỉ tết""","=""0""","=""0""","=""6""","=""Low""","=""false"""
"=""khi nào bệnh viện""","=""0""","=""0""","=""4""","=""Low""","=""false"""
"=""khi nào bệnh viện cấp giấy chứng sinh""","=""0""","=""0""","=""8""","=""Low""","=""false"""
"=""khi nào nên đi bệnh viện để sinh""","=""0""","=""0""","=""8""","=""Low""","=""false"""
"=""khi nào cần đi bệnh viện""","=""0""","=""0""","=""6""","=""Low""","=""false"""
"=""kiện bệnh viện như thế nào""","=""0""","=""0""","=""6""","=""Low""","=""false"""
"=""giường bệnh viện bao nhiêu tiền""","=""0""","=""0""","=""6""","=""Low""","=""false"""
"=""công đoàn bệnh viện có giải thể không""","=""0""","=""0""","=""8""","=""Low""","=""false"""
"=""cách để chơi được bệnh viện động vật trong roblox""","=""0""","=""0""","=""10""","=""Low""","=""false"""
"=""so sánh bệnh viện bạch mai và 108""","=""0""","=""0""","=""8""","=""Low""","=""false"""
"=""so sánh bệnh viện phụ sản trung ương và phụ sản hà nội""","=""0""","=""0""","=""13""","=""Low""","=""false"""
"=""so sánh bệnh viện bạch mai và chợ rẫy""","=""0""","=""0""","=""9""","=""Low""","=""false"""
"=""top bệnh viện nên đăng ký bảo hiểm y tế""","=""0""","=""0""","=""10""","=""Low""","=""false"""
"=""đi bệnh viện nên mặc màu gì""","=""0""","=""0""","=""7""","=""Low""","=""false"""
"=""đi bệnh viện nên mặc gì""","=""0""","=""0""","=""6""","=""Low""","=""false"""
"=""đi bệnh viện nên mang gì""","=""0""","=""0""","=""6""","=""Low""","=""false"""
"=""đi bệnh viện nên mặc áo màu gì""","=""0""","=""0""","=""8""","=""Low""","=""false"""
"=""ảnh bệnh viện để xin nghỉ""","=""0""","=""0""","=""6""","=""Low""","=""false"""
"=""nhà xác bệnh viện để làm gì""","=""0""","=""0""","=""7""","=""Low""","=""false"""
"=""viện huyết học truyền máu trung ương""","=""74000""","=""0""","=""7""","=""Low""","=""false"""
"=""bác sĩ""","=""40500""","=""1.48""","=""2""","=""Low""","=""false"""
"=""phòng khám gần đây""","=""18100""","=""0.45""","=""4""","=""Low""","=""true"""
"=""phòng khám đa khoa bình an""","=""14800""","=""1.11""","=""6""","=""Low""","=""false"""
"=""nhi dong 1""","=""12100""","=""0.19""","=""3""","=""Low""","=""false"""
"=""nhi dong 2""","=""12100""","=""0.34""","=""3""","=""Low""","=""false"""
"=""viện y học cổ truyền quân đội""","=""12100""","=""0""","=""7""","=""Low""","=""false"""
"=""viện mắt trung ương""","=""9900""","=""1.14""","=""4""","=""Low""","=""false"""
"=""nhi trung ương""","=""9900""","=""0.44""","=""3""","=""Low""","=""false"""
"=""viện huyết học trung ương""","=""8100""","=""0""","=""5""","=""Low""","=""false"""
"=""răng hàm mặt trung ương""","=""6600""","=""0.54""","=""5""","=""Low""","=""true"""
"=""tâm anh hospital""","=""6600""","=""0.14""","=""3""","=""Low""","=""false"""
"=""chợ rẫy""","=""6600""","=""0.43""","=""2""","=""Low""","=""true"""
"=""nhập viện""","=""6600""","=""0""","=""2""","=""Low""","=""false"""
"=""tam anh hospital""","=""6600""","=""0.14""","=""3""","=""Low""","=""false"""
"=""da liễu trung ương""","=""4400""","=""0.38""","=""4""","=""Low""","=""true"""
"=""viện e""","=""4400""","=""0""","=""2""","=""Low""","=""false"""
"=""cấp cứu""","=""3600""","=""0.91""","=""2""","=""Low""","=""false"""
"=""thiện nhân hospital""","=""3600""","=""0.61""","=""3""","=""Low""","=""true"""
"=""đa khoa phúc sinh""","=""3600""","=""0.28""","=""4""","=""Low""","=""false"""
"=""medic hoà hảo""","=""2900""","=""0.33""","=""3""","=""Low""","=""true"""
"=""thẩm mỹ viện kangnam""","=""2400""","=""2.57""","=""4""","=""Medium""","=""false"""
"=""phòng khám tư""","=""2400""","=""0.63""","=""3""","=""Low""","=""false"""
"=""phòng khám đại học y dược""","=""2400""","=""0.31""","=""6""","=""Medium""","=""false"""
"=""phòng khám thái thịnh""","=""1900""","=""0.31""","=""4""","=""Low""","=""false"""
"=""khám nhi""","=""1900""","=""0.45""","=""2""","=""Low""","=""true"""
"=""phòng khám tâm anh""","=""1900""","=""0.11""","=""4""","=""Low""","=""false"""
"=""phòng khám bình an""","=""1900""","=""0.39""","=""4""","=""Low""","=""true"""
"=""phòng khám tâm phúc""","=""1900""","=""0.28""","=""4""","=""Low""","=""false"""
"=""phòng khám đa khoa phước an""","=""1900""","=""0.36""","=""6""","=""Low""","=""true"""
"=""vien tim""","=""1900""","=""0.5""","=""2""","=""Low""","=""true"""
"=""viện 198""","=""1900""","=""0""","=""2""","=""Low""","=""false"""
"=""tamanhhospital""","=""1600""","=""0.23""","=""1""","=""Low""","=""false"""
"=""đa khoa tâm anh""","=""1600""","=""0.17""","=""4""","=""Low""","=""false"""
"=""sinh thiết""","=""1600""","=""0.23""","=""2""","=""Low""","=""false"""
"=""truyền máu""","=""1600""","=""0""","=""2""","=""Low""","=""false"""
"=""viện bạch mai""","=""1600""","=""0.5""","=""3""","=""Low""","=""true"""
"=""viện nội tiết trung ương""","=""1600""","=""0""","=""5""","=""Low""","=""true"""
"=""viện y học cổ truyền""","=""1600""","=""0""","=""5""","=""Low""","=""true"""
"=""thu cúc thụy khuê""","=""1300""","=""1.08""","=""4""","=""Medium""","=""false"""
"=""medlatec nghĩa dũng""","=""1300""","=""0.4""","=""3""","=""Medium""","=""false"""
"=""bảng giá xét nghiệm medlatec""","=""1300""","=""0.18""","=""5""","=""Low""","=""false"""
"=""nội soi dạ dày đại tràng""","=""1300""","=""1.04""","=""6""","=""Medium""","=""true"""
"=""bac si""","=""1300""","=""0.94""","=""2""","=""Low""","=""false"""
"=""bác sĩ hùng""","=""1300""","=""0""","=""3""","=""Low""","=""true"""
"=""viện y học cổ truyền trung ương""","=""1300""","=""0""","=""7""","=""Low""","=""true"""
"=""phòng khám đa khoa quốc tế cộng đồng""","=""1000""","=""2.04""","=""8""","=""Low""","=""false"""
"=""phòng khám đa khoa gần nhất""","=""1000""","=""0.48""","=""6""","=""Low""","=""false"""
"=""phòng khám phương nam""","=""1000""","=""3.15""","=""4""","=""Low""","=""false"""
"=""đại học y học cổ truyền""","=""1000""","=""0.34""","=""6""","=""Low""","=""false"""
"=""bác sĩ mắt""","=""1000""","=""1.61""","=""3""","=""Low""","=""true"""
"=""lâm sàng""","=""1000""","=""0""","=""2""","=""Low""","=""false"""
"=""nội tiết trung ương""","=""1000""","=""0""","=""4""","=""Low""","=""true"""
"=""y học cổ truyền trung ương""","=""1000""","=""0.27""","=""6""","=""Low""","=""false"""
"=""giá nội soi dạ dày""","=""880""","=""0.47""","=""5""","=""Low""","=""false"""
"=""phòng khám ngoài giờ""","=""880""","=""0.5""","=""4""","=""Low""","=""false"""
"=""phòng khám linh đàm""","=""880""","=""0.81""","=""4""","=""Low""","=""false"""
"=""hồng ngọc hospital""","=""880""","=""0.32""","=""3""","=""Low""","=""false"""
"=""benhviendaihocyhanoi""","=""880""","=""0""","=""1""","=""Low""","=""false"""
"=""huyết học trung ương""","=""880""","=""0""","=""4""","=""Low""","=""false"""
"=""mắt trung ương""","=""880""","=""1.29""","=""3""","=""Low""","=""false"""
"=""phòng cấp cứu""","=""880""","=""0""","=""3""","=""Low""","=""false"""
"=""phòng khám hà thành""","=""880""","=""0""","=""4""","=""Low""","=""false"""
"=""phòng khám hòa hảo""","=""880""","=""0.22""","=""4""","=""Low""","=""false"""
"=""phòng khám đại học y dược 1""","=""880""","=""0.29""","=""7""","=""Low""","=""true"""
"=""xuất viện""","=""880""","=""0""","=""2""","=""Low""","=""false"""
"=""thẩm mỹ kangnam""","=""720""","=""2.62""","=""3""","=""Medium""","=""false"""
"=""tổng đài medlatec""","=""720""","=""0.61""","=""3""","=""Low""","=""true"""
"=""bảng giá xét nghiệm máu tại nhà medlatec""","=""720""","=""0.25""","=""8""","=""Low""","=""false"""
"=""280 điện biên phủ""","=""720""","=""0""","=""4""","=""Low""","=""false"""
"=""bác sĩ sơn""","=""720""","=""0""","=""3""","=""Low""","=""false"""
"=""phòng khám an phước""","=""720""","=""0""","=""4""","=""Low""","=""false"""
"=""phòng khám hương sơn""","=""720""","=""0.24""","=""4""","=""Low""","=""false"""
"=""phổi trung ương""","=""720""","=""0""","=""3""","=""Low""","=""true"""
"=""viện c""","=""720""","=""0""","=""2""","=""Low""","=""false"""
"=""viện đại học y""","=""720""","=""0.51""","=""4""","=""Low""","=""false"""
"=""phong kham da khoa""","=""590""","=""0.89""","=""4""","=""Low""","=""true"""
"=""sản trung ương""","=""590""","=""0.33""","=""3""","=""Low""","=""true"""
"=""trung tâm da liễu""","=""590""","=""0.86""","=""4""","=""Low""","=""true"""
"=""khoa da liễu""","=""590""","=""0.72""","=""3""","=""Low""","=""false"""
"=""215 hồng bàng""","=""590""","=""0.21""","=""3""","=""Low""","=""false"""
"=""bác sĩ trung""","=""590""","=""0""","=""3""","=""Low""","=""true"""
"=""choray""","=""590""","=""0.48""","=""1""","=""Low""","=""false"""
"=""hoàn mỹ cửu long""","=""590""","=""0.45""","=""4""","=""Low""","=""true"""
"=""huyết học""","=""590""","=""0""","=""2""","=""Low""","=""false"""
"=""phòng khám medic""","=""590""","=""0.55""","=""3""","=""Low""","=""true"""
"=""phòng khám minh tâm""","=""590""","=""0""","=""4""","=""Low""","=""false"""
"=""phòng khám đa khoa pháp anh""","=""590""","=""0.42""","=""6""","=""Low""","=""true"""
"=""shing mark""","=""590""","=""0""","=""2""","=""Low""","=""false"""
"=""viện tâm anh""","=""590""","=""0.15""","=""3""","=""Low""","=""false"""
"=""viện thẩm mỹ kangnam""","=""480""","=""2.6""","=""4""","=""Low""","=""false"""
"=""khám xương khớp""","=""480""","=""0.95""","=""3""","=""Medium""","=""false"""
"=""chi phí nội soi dạ dày""","=""480""","=""0.46""","=""6""","=""Low""","=""false"""
"=""bảng giá medlatec""","=""480""","=""0.08""","=""3""","=""Low""","=""false"""
"=""viện hồng ngọc""","=""480""","=""0.27""","=""3""","=""Low""","=""false"""
"=""benhvien108""","=""480""","=""0.05""","=""1""","=""Low""","=""false"""
"=""benhvienbaichay""","=""480""","=""0""","=""1""","=""Low""","=""true"""
"=""phòng khám bernard""","=""480""","=""0.55""","=""3""","=""Low""","=""false"""
"=""khám sức khỏe doanh nghiệp""","=""390""","=""2.29""","=""5""","=""Medium""","=""true"""
"=""chi phí xét nghiệm máu""","=""390""","=""0.21""","=""5""","=""Low""","=""false"""
"=""đặt lịch khám vinmec""","=""390""","=""0.35""","=""4""","=""Low""","=""true"""
"=""bảng giá nội soi dạ dày""","=""390""","=""0.64""","=""6""","=""Low""","=""false"""
"=""5s trong y tế""","=""390""","=""0""","=""4""","=""Low""","=""false"""
"=""khoa ngoại thần kinh""","=""390""","=""0""","=""4""","=""Low""","=""false"""
"=""phòng khám diệp khanh""","=""390""","=""0""","=""4""","=""Low""","=""false"""
"=""phụ sản mekong""","=""390""","=""0""","=""3""","=""Low""","=""false"""
"=""viện tâm thần trung ương""","=""390""","=""0""","=""5""","=""Low""","=""true"""
"=""y học cổ truyền quân đội""","=""390""","=""0""","=""6""","=""Low""","=""false"""
"=""viện sản trung ương""","=""320""","=""0.29""","=""4""","=""Low""","=""false"""
"=""benhvienphusanhanoi""","=""320""","=""1.02""","=""1""","=""Low""","=""false"""
"=""khoa tiết niệu""","=""320""","=""0.6""","=""3""","=""Low""","=""true"""
"=""học y học cổ truyền""","=""320""","=""0.15""","=""5""","=""Low""","=""true"""
"=""cận lâm sàng""","=""320""","=""0""","=""3""","=""Low""","=""false"""
"=""ngoại thần kinh quốc tế""","=""320""","=""0.82""","=""5""","=""Low""","=""false"""
"=""phòng khám hùng vương""","=""320""","=""0""","=""4""","=""Low""","=""false"""
"=""phụ sản an đông""","=""320""","=""0""","=""4""","=""Low""","=""false"""
"=""trung tâm medic hòa hảo""","=""320""","=""0.19""","=""5""","=""Low""","=""true"""
"=""truyền máu huyết học""","=""320""","=""0""","=""4""","=""Low""","=""false"""
"=""kangnam thẩm mỹ""","=""260""","=""1.18""","=""3""","=""Low""","=""false"""
"=""tham my vien kangnam""","=""260""","=""1.16""","=""4""","=""Medium""","=""false"""
"=""taimuihongtphcm""","=""260""","=""0.4""","=""1""","=""Low""","=""true"""
"=""phòng khám chí thanh""","=""260""","=""0.38""","=""4""","=""Low""","=""false"""
"=""phòng khám vạn phước""","=""260""","=""0""","=""4""","=""Low""","=""false"""
"=""sto phương đông""","=""260""","=""0""","=""3""","=""Low""","=""false"""
"=""tổng đài vinmec""","=""260""","=""0.27""","=""3""","=""Low""","=""true"""
"=""viện lao phổi trung ương""","=""260""","=""0""","=""5""","=""Low""","=""false"""
"=""đa khoa hoàn mỹ""","=""260""","=""0.15""","=""4""","=""Low""","=""false"""
"=""số điện thoại medlatec""","=""210""","=""0.53""","=""4""","=""Medium""","=""false"""
"=""cap cuu""","=""210""","=""0.79""","=""2""","=""Low""","=""false"""
"=""thu cuc hospital""","=""210""","=""0.89""","=""3""","=""Medium""","=""false"""
"=""chi phí nội soi dạ dày không có bảo hiểm""","=""210""","=""0.81""","=""10""","=""Low""","=""false"""
"=""giờ làm việc medlatec""","=""210""","=""0.23""","=""4""","=""Low""","=""false"""
"=""bac sĩ""","=""210""","=""1.21""","=""2""","=""Low""","=""false"""
"=""medlatec giờ làm việc""","=""210""","=""0.23""","=""4""","=""Low""","=""false"""
"=""phòng khám dha""","=""210""","=""0""","=""3""","=""Low""","=""false"""
"=""phòng khám hàng xanh""","=""210""","=""0""","=""4""","=""Low""","=""false"""
"=""viện huyết học truyền máu trung ương địa chỉ""","=""210""","=""0""","=""9""","=""Low""","=""false"""
"=""kham tong quat""","=""170""","=""0.47""","=""3""","=""Medium""","=""false"""
"=""benhviendalieu""","=""170""","=""0.32""","=""1""","=""Low""","=""false"""
"=""bác sĩ khen""","=""170""","=""0""","=""3""","=""Low""","=""false"""
"=""sinh thiết gan""","=""170""","=""0""","=""3""","=""Low""","=""false"""
"=""viện tim thành phố""","=""170""","=""0""","=""4""","=""Low""","=""false"""
"=""địa chỉ viện huyết học truyền máu trung ương""","=""170""","=""0""","=""9""","=""Low""","=""false"""
"=""giá khám sức khỏe tổng quát""","=""140""","=""0.33""","=""6""","=""Medium""","=""true"""
"=""khoa thẩm mỹ viện 108""","=""140""","=""0.72""","=""5""","=""Low""","=""false"""
"=""pvi bảo lãnh viện phí""","=""140""","=""0.8""","=""5""","=""Low""","=""false"""
"=""thẩm mỹ viện 108""","=""140""","=""0.82""","=""4""","=""Low""","=""false"""
"=""bác sĩ trực""","=""140""","=""0""","=""3""","=""Low""","=""false"""
"=""bac si gia dinh""","=""110""","=""0.65""","=""4""","=""Medium""","=""true"""
"=""bảng giá xét nghiệm máu""","=""110""","=""0.29""","=""5""","=""Low""","=""false"""
"=""địa chỉ medlatec""","=""110""","=""0.26""","=""3""","=""Low""","=""false"""
"=""phòng khám meditec""","=""110""","=""0.36""","=""3""","=""Low""","=""false"""
"=""pôn""","=""110""","=""0""","=""1""","=""Low""","=""false"""
"=""trung tâm truyền máu huyết học""","=""110""","=""0""","=""6""","=""Low""","=""false"""
"=""khám nội soi dạ dày""","=""90""","=""0.84""","=""5""","=""Medium""","=""false"""
"=""khám tổng quát cho bé""","=""90""","=""0.31""","=""5""","=""Low""","=""true"""
"=""phòng khám đa khoa uy tín""","=""90""","=""1.63""","=""6""","=""Low""","=""false"""
"=""đăng ký khám bệnh đại học y dược hồng bàng""","=""90""","=""0.45""","=""10""","=""Medium""","=""false"""
"=""giá xét nghiệm máu tổng quát""","=""90""","=""0.16""","=""6""","=""Low""","=""true"""
"=""lịch khám bệnh đại học y dược""","=""90""","=""0.23""","=""7""","=""Low""","=""false"""
"=""bảo lãnh viện phí pvi""","=""90""","=""0.76""","=""5""","=""Low""","=""false"""
"=""bvdkquangnam""","=""90""","=""0""","=""1""","=""Low""","=""false"""
"=""phòng khám đa khoa nam""","=""70""","=""1.43""","=""5""","=""Medium""","=""true"""
"=""kangnam thẩm mỹ viện""","=""70""","=""1.19""","=""4""","=""Medium""","=""false"""
"=""bác sĩ nhi tư vấn online 24 24""","=""70""","=""0.6""","=""8""","=""Medium""","=""false"""
"=""bảo lãnh viện phí bảo việt""","=""70""","=""0.5""","=""6""","=""Low""","=""false"""
"=""bác sĩ lâm 108""","=""70""","=""0.46""","=""4""","=""Medium""","=""false"""
"=""benhvienthucuc""","=""70""","=""0.86""","=""1""","=""Medium""","=""false"""
"=""số điện thoại nhi đồng 2""","=""70""","=""0""","=""6""","=""Low""","=""false"""
"=""thẩm mỹ viện chợ rẫy""","=""50""","=""0.56""","=""5""","=""Low""","=""true"""
"=""truyen mau""","=""50""","=""0""","=""2""","=""Low""","=""false"""
"=""chi phí khám thần kinh""","=""30""","=""0""","=""5""","=""Low""","=""false"""
"=""phòng khám hà đô""","=""20""","=""0""","=""4""","=""Low""","=""false"""
"=""datkham benhvienphusanhanoi""","=""20""","=""0""","=""2""","=""Low""","=""false"""
"=""phòng khám thủ đô""","=""20""","=""0""","=""4""","=""Low""","=""true"""
"=""vinmec trần cao vân""","=""20""","=""0""","=""4""","=""Low""","=""true"""
"=""bảng giá xét nghiệm medlatec 2022""","=""10""","=""0""","=""6""","=""Low""","=""false"""
"=""bác sĩ nhi online 24 24""","=""10""","=""0.77""","=""6""","=""Medium""","=""false"""
"=""bảng giá xét nghiệm máu medlatec 2022""","=""10""","=""0""","=""7""","=""Low""","=""false"""
"=""phong kham ha do""","=""10""","=""0""","=""4""","=""Low""","=""false"""
"=""bảng giá xét nghiệm medlatec 2021""","=""10""","=""0""","=""6""","=""Low""","=""false"""
"=""bảng giá xét nghiệm viện pasteur 2022""","=""10""","=""0""","=""7""","=""Low""","=""false"""
"=""da khoa ha do""","=""10""","=""0""","=""4""","=""Low""","=""false"""
"=""mua giay kham suc khoe a3""","=""10""","=""0""","=""6""","=""Low""","=""false"""
"=""phong kham da khoa hong cuong""","=""10""","=""0""","=""6""","=""Low""","=""false"""
"=""phòng khám trung tâm y tế hà đô""","=""10""","=""0""","=""8""","=""Low""","=""false"""
"=""tổng đài đặt số khám bệnh đại học y dược""","=""10""","=""0""","=""10""","=""Low""","=""false"""
"=""bệnh sốt xuất huyết có nên nhập viện không""","=""0""","=""0""","=""9""","=""Low""","=""false"""
"=""cách để bệnh nhập viện""","=""0""","=""0""","=""5""","=""Low""","=""false"""
