Keyword,Volume,CPC,Word count,PPC Competition,Trending
"=""bmi""","=""60500""","=""0.17""","=""1""","=""Low""","=""false"""
"=""bmi *""","=""60500""","=""0.17""","=""2""","=""Low""","=""false"""
"=""bmi body mass index""","=""60500""","=""0.17""","=""4""","=""Low""","=""false"""
"=""bmi calculator 2""","=""27100""","=""0.43""","=""3""","=""Low""","=""false"""
"=""bmi calculator""","=""27100""","=""0.43""","=""2""","=""Low""","=""false"""
"=""bmi calc""","=""27100""","=""0.43""","=""2""","=""Low""","=""false"""
"=""bmi body calculator""","=""27100""","=""0.43""","=""3""","=""Low""","=""false"""
"=""bmi bmi calculator""","=""27100""","=""0.43""","=""3""","=""Low""","=""false"""
"=""bmi cal""","=""27100""","=""0.43""","=""2""","=""Low""","=""false"""
"=""bmi cl""","=""27100""","=""0.43""","=""2""","=""Low""","=""false"""
"=""bmi clc""","=""27100""","=""0.43""","=""2""","=""Low""","=""false"""
"=""bmi estimator""","=""27100""","=""0.43""","=""2""","=""Low""","=""false"""
"=""bmi estimation""","=""27100""","=""0.43""","=""2""","=""Low""","=""false"""
"=""bmi estimate""","=""27100""","=""0.43""","=""2""","=""Low""","=""false"""
"=""bmi how to calculate""","=""27100""","=""0.43""","=""4""","=""Low""","=""false"""
"=""bmi is calculated by""","=""27100""","=""0.43""","=""4""","=""Low""","=""false"""
"=""bmi who calculator""","=""27100""","=""0.43""","=""3""","=""Low""","=""false"""
"=""bmi là gì""","=""6600""","=""0.01""","=""3""","=""Low""","=""false"""
"=""bmi cách tính""","=""2900""","=""0.12""","=""3""","=""Low""","=""false"""
"=""bmi online""","=""2400""","=""0.02""","=""2""","=""Low""","=""false"""
"=""bmi tính""","=""1900""","=""0.01""","=""2""","=""Low""","=""false"""
"=""bmi bình thường""","=""1900""","=""0""","=""3""","=""Low""","=""false"""
"=""bmi chỉ số""","=""1300""","=""0""","=""3""","=""Low""","=""false"""
"=""bmi chuan""","=""1000""","=""0.01""","=""2""","=""Low""","=""false"""
"=""bmi chuẩn""","=""1000""","=""0.01""","=""2""","=""Low""","=""false"""
"=""bmi trẻ em""","=""1000""","=""0.04""","=""3""","=""Low""","=""false"""
"=""bmi là chỉ số gì""","=""1000""","=""0""","=""5""","=""Low""","=""false"""
"=""bmi nữ""","=""880""","=""0.03""","=""2""","=""Low""","=""false"""
"=""bmi công thức""","=""590""","=""0""","=""3""","=""Low""","=""false"""
"=""bmi bao nhiêu là bình thường""","=""590""","=""0.01""","=""6""","=""Low""","=""false"""
"=""bmi nam""","=""480""","=""0""","=""2""","=""Low""","=""false"""
"=""bmi test""","=""480""","=""0.01""","=""2""","=""Low""","=""false"""
"=""bmi tester""","=""480""","=""0.01""","=""2""","=""Low""","=""false"""
"=""bmi testing""","=""480""","=""0.01""","=""2""","=""Low""","=""false"""
"=""bmi theo who""","=""480""","=""0""","=""3""","=""Low""","=""false"""
"=""bmi by who""","=""390""","=""0""","=""3""","=""Low""","=""false"""
"=""bmi cek""","=""390""","=""0.41""","=""2""","=""Low""","=""false"""
"=""bmi checker""","=""390""","=""0.41""","=""2""","=""Low""","=""false"""
"=""bmi check""","=""390""","=""0.41""","=""2""","=""Low""","=""false"""
"=""bmi who""","=""390""","=""0""","=""2""","=""Low""","=""false"""
"=""bmi bao nhiêu là chuẩn""","=""320""","=""0.01""","=""5""","=""Low""","=""false"""
"=""bmi calculator online""","=""320""","=""0.2""","=""3""","=""Low""","=""false"""
"=""bmi người lớn""","=""320""","=""0""","=""3""","=""Low""","=""false"""
"=""bmi online calculator""","=""320""","=""0.2""","=""3""","=""Low""","=""false"""
"=""bmi polymer""","=""320""","=""0""","=""2""","=""Low""","=""false"""
"=""bmi theo idi wpro""","=""320""","=""0""","=""4""","=""Low""","=""false"""
"=""bmi tính như nào""","=""320""","=""0""","=""4""","=""Low""","=""false"""
"=""bmi là j""","=""260""","=""0""","=""3""","=""Low""","=""false"""
"=""bmi việt nam""","=""260""","=""0""","=""3""","=""Low""","=""false"""
"=""bmi calculator kg""","=""260""","=""0""","=""3""","=""Low""","=""false"""
"=""bmi kg calculator""","=""260""","=""0""","=""3""","=""Low""","=""false"""
"=""bmi idi wpro""","=""210""","=""0""","=""3""","=""Low""","=""false"""
"=""bmi asian calculator""","=""210""","=""0""","=""3""","=""Low""","=""false"""
"=""bmi bao nhiêu là đi nghĩa vụ""","=""210""","=""0""","=""7""","=""Low""","=""false"""
"=""bmi bình thường là bao nhiêu""","=""210""","=""0""","=""6""","=""Low""","=""false"""
"=""bmi formula""","=""210""","=""0""","=""2""","=""Low""","=""false"""
"=""bmi cho nữ""","=""210""","=""0.01""","=""3""","=""Low""","=""false"""
"=""bmi chuẩn của nữ""","=""170""","=""0""","=""4""","=""Low""","=""false"""
"=""bmi của nữ""","=""170""","=""0""","=""3""","=""Low""","=""false"""
"=""bmi asian""","=""170""","=""0""","=""2""","=""Low""","=""false"""
"=""bmi asia""","=""170""","=""0""","=""2""","=""Low""","=""false"""
"=""bmi body""","=""170""","=""0""","=""2""","=""Low""","=""false"""
"=""bmi chart""","=""170""","=""0.3""","=""2""","=""Low""","=""false"""
"=""bmi for asian""","=""170""","=""0""","=""3""","=""Low""","=""false"""
"=""bmi index chart""","=""170""","=""0.3""","=""3""","=""Low""","=""false"""
"=""bmi indicator""","=""170""","=""0""","=""2""","=""Low""","=""false"""
"=""bmi mass index""","=""170""","=""0""","=""3""","=""Low""","=""false"""
"=""bmi nvqs""","=""170""","=""0""","=""2""","=""Low""","=""false"""
"=""bmi online tính""","=""170""","=""0""","=""3""","=""Low""","=""false"""
"=""bmi theo tuổi""","=""170""","=""0""","=""3""","=""Low""","=""false"""
"=""bmi tiêu chuẩn""","=""170""","=""0""","=""3""","=""Low""","=""false"""
"=""bmi vietstock""","=""170""","=""0""","=""2""","=""Low""","=""false"""
"=""bmi who asia""","=""170""","=""0""","=""3""","=""Low""","=""false"""
"=""bmi cân nặng""","=""140""","=""0""","=""3""","=""Low""","=""false"""
"=""bmi la gi""","=""140""","=""0""","=""3""","=""Low""","=""false"""
"=""bmi cafef""","=""140""","=""0""","=""2""","=""Low""","=""false"""
"=""bmi compute""","=""140""","=""0.5""","=""2""","=""Low""","=""false"""
"=""bmi female calculator""","=""140""","=""0.5""","=""3""","=""Low""","=""false"""
"=""bmi figure""","=""140""","=""0.5""","=""2""","=""Low""","=""false"""
"=""bmi find""","=""140""","=""0.5""","=""2""","=""Low""","=""false"""
"=""bmi how to compute""","=""140""","=""0.5""","=""4""","=""Low""","=""false"""
"=""bmi of 25""","=""140""","=""0""","=""3""","=""Low""","=""false"""
"=""bmi of 20""","=""140""","=""0""","=""3""","=""Low""","=""false"""
"=""bmi of 24""","=""140""","=""0""","=""3""","=""Low""","=""false"""
"=""bmi is 25""","=""140""","=""0""","=""3""","=""Low""","=""false"""
"=""bmi theo idi""","=""140""","=""0""","=""3""","=""Low""","=""false"""
"=""bmi 25""","=""140""","=""0""","=""2""","=""Low""","=""false"""
"=""bmi 24""","=""140""","=""0""","=""2""","=""Low""","=""false"""
"=""bmi 20""","=""140""","=""0""","=""2""","=""Low""","=""false"""
"=""bmi tính thế nào""","=""140""","=""0.01""","=""4""","=""Low""","=""false"""
"=""bmi béo phì""","=""110""","=""0""","=""3""","=""Low""","=""false"""
"=""bmi chuẩn của nam""","=""110""","=""0""","=""4""","=""Low""","=""false"""
"=""bmi của nam""","=""110""","=""0""","=""3""","=""Low""","=""false"""
"=""bmi scale""","=""110""","=""0.4""","=""2""","=""Low""","=""true"""
"=""bmi bao nhiêu không đi nghĩa vụ""","=""110""","=""0""","=""7""","=""Low""","=""false"""
"=""bmi cho nam""","=""110""","=""0""","=""3""","=""Low""","=""false"""
"=""bmi of 23""","=""110""","=""0""","=""3""","=""Low""","=""false"""
"=""bmi is 23""","=""110""","=""0""","=""3""","=""Low""","=""false"""
"=""bmi is 26""","=""110""","=""0""","=""3""","=""Low""","=""false"""
"=""bmi of 22""","=""110""","=""0""","=""3""","=""Low""","=""false"""
"=""bmi of 26""","=""110""","=""0""","=""3""","=""Low""","=""false"""
"=""bmi scales""","=""110""","=""0.4""","=""2""","=""Low""","=""true"""
"=""bmi trẻ em theo who""","=""110""","=""0.12""","=""5""","=""Low""","=""false"""
"=""bmi trung bình""","=""110""","=""0""","=""3""","=""Low""","=""false"""
"=""bmi 26""","=""110""","=""0""","=""2""","=""Low""","=""false"""
"=""bmi 23""","=""110""","=""0""","=""2""","=""Low""","=""false"""
"=""bmi 22""","=""110""","=""0""","=""2""","=""Low""","=""false"""
"=""bmi 18""","=""110""","=""0""","=""2""","=""Low""","=""false"""
"=""bmi bao nhiêu là béo phì""","=""90""","=""0""","=""6""","=""Low""","=""false"""
"=""bmi cổ phiếu""","=""90""","=""0""","=""3""","=""Low""","=""false"""
"=""bmi của trẻ em""","=""90""","=""0""","=""4""","=""Low""","=""false"""
"=""bmi ranges""","=""90""","=""0""","=""2""","=""Low""","=""false"""
"=""bmi index""","=""90""","=""0.25""","=""2""","=""Low""","=""false"""
"=""bmi idi và wpro""","=""90""","=""0""","=""4""","=""Low""","=""false"""
"=""bmi of 30""","=""90""","=""0""","=""3""","=""Low""","=""false"""
"=""bmi is 30""","=""90""","=""0""","=""3""","=""Low""","=""false"""
"=""bmi người việt nam""","=""90""","=""0""","=""4""","=""Low""","=""false"""
"=""bmi pediatric calculator""","=""90""","=""0""","=""3""","=""Low""","=""false"""
"=""bmi range""","=""90""","=""0""","=""2""","=""Low""","=""false"""
"=""bmi tính như thế nào""","=""90""","=""0.01""","=""5""","=""Low""","=""false"""
"=""bmi vn""","=""90""","=""0""","=""2""","=""Low""","=""true"""
"=""bmi người vn""","=""90""","=""0""","=""3""","=""Low""","=""false"""
"=""bmi wpro""","=""90""","=""0""","=""2""","=""Low""","=""false"""
"=""bmi 21""","=""90""","=""0""","=""2""","=""Low""","=""false"""
"=""bmi 30""","=""90""","=""0""","=""2""","=""Low""","=""false"""
"=""bmi 19""","=""90""","=""0""","=""2""","=""Low""","=""false"""
"=""bmi cơ thể""","=""70""","=""0""","=""3""","=""Low""","=""false"""
"=""bmi là""","=""70""","=""0""","=""2""","=""Low""","=""false"""
"=""bmi đo""","=""70""","=""0""","=""2""","=""Low""","=""false"""
"=""bmi age""","=""70""","=""0""","=""2""","=""Low""","=""false"""
"=""bmi app""","=""70""","=""0""","=""2""","=""Low""","=""false"""
"=""bmi application""","=""70""","=""0""","=""2""","=""Low""","=""false"""
"=""bmi by age""","=""70""","=""0""","=""3""","=""Low""","=""false"""
"=""bmi calculator 3d""","=""70""","=""0""","=""3""","=""Low""","=""true"""
"=""bmi cho trẻ em""","=""70""","=""0.04""","=""4""","=""Low""","=""false"""
"=""bmi count""","=""70""","=""0""","=""2""","=""Low""","=""false"""
"=""bmi counter""","=""70""","=""0""","=""2""","=""Low""","=""false"""
"=""bmi definition""","=""70""","=""0""","=""2""","=""Low""","=""false"""
"=""bmi define""","=""70""","=""0""","=""2""","=""Low""","=""false"""
"=""bmi for age""","=""70""","=""0""","=""3""","=""Low""","=""false"""
"=""bmi idi""","=""70""","=""0""","=""2""","=""Low""","=""false"""
"=""bmi of 28""","=""70""","=""0""","=""3""","=""Low""","=""false"""
"=""bmi of 27""","=""70""","=""0""","=""3""","=""Low""","=""false"""
"=""bmi meaning""","=""70""","=""0""","=""2""","=""Low""","=""false"""
"=""bmi means""","=""70""","=""0""","=""2""","=""Low""","=""false"""
"=""bmi mean""","=""70""","=""0""","=""2""","=""Low""","=""false"""
"=""bmi nam giới""","=""70""","=""0""","=""3""","=""Low""","=""false"""
"=""bmi nghĩa vụ""","=""70""","=""0""","=""3""","=""Low""","=""false"""
"=""bmi with age""","=""70""","=""0""","=""3""","=""Low""","=""false"""
"=""bmi f319""","=""70""","=""0""","=""2""","=""Low""","=""false"""
"=""bmi 28""","=""70""","=""0""","=""2""","=""Low""","=""false"""
"=""bmi 27""","=""70""","=""0""","=""2""","=""Low""","=""false"""
"=""bmi 16""","=""70""","=""0""","=""2""","=""Low""","=""false"""
"=""bmi là gi""","=""50""","=""0""","=""3""","=""Low""","=""false"""
"=""bmi nam chuẩn""","=""50""","=""0""","=""3""","=""Low""","=""false"""
"=""bmi thừa cân""","=""50""","=""0""","=""3""","=""Low""","=""false"""
"=""bmi bao nhiêu là vừa""","=""50""","=""0""","=""5""","=""Low""","=""false"""
"=""bmi bao nhiêu""","=""50""","=""0""","=""3""","=""Low""","=""false"""
"=""bmi average""","=""50""","=""0""","=""2""","=""Low""","=""false"""
"=""bmi bé trai""","=""50""","=""0.02""","=""3""","=""Low""","=""false"""
"=""bmi calculator cm""","=""50""","=""0""","=""3""","=""Low""","=""true"""
"=""bmi cm calculator""","=""50""","=""0""","=""3""","=""Low""","=""true"""
"=""bmi of 29""","=""50""","=""0.01""","=""3""","=""Low""","=""true"""
"=""bmi male calculator""","=""50""","=""0""","=""3""","=""Low""","=""false"""
"=""bmi men calculator""","=""50""","=""0""","=""3""","=""Low""","=""false"""
"=""bmi normal""","=""50""","=""0""","=""2""","=""Low""","=""false"""
"=""bmi nvqs 2026""","=""50""","=""0""","=""3""","=""Low""","=""false"""
"=""bmi suy dinh dưỡng""","=""50""","=""0""","=""4""","=""Low""","=""false"""
"=""bmi theo wpro""","=""50""","=""0""","=""3""","=""Low""","=""false"""
"=""bmi trẻ sơ sinh""","=""50""","=""0""","=""4""","=""Low""","=""false"""
"=""bmi viết tắt của từ gì""","=""50""","=""0""","=""6""","=""Low""","=""false"""
"=""bmi visualizer""","=""50""","=""0""","=""2""","=""Low""","=""true"""
"=""bmi bình thường nữ""","=""50""","=""0""","=""4""","=""Low""","=""false"""
"=""bmi là viết tắt của từ gì""","=""50""","=""0""","=""7""","=""Low""","=""false"""
"=""bmi 29""","=""50""","=""0.01""","=""2""","=""Low""","=""true"""
"=""bmi của người việt nam""","=""50""","=""0""","=""5""","=""Low""","=""false"""
"=""bmi chuẩn nam""","=""40""","=""0""","=""3""","=""Low""","=""true"""
"=""bmi chuẩn nữ""","=""40""","=""0""","=""3""","=""Low""","=""true"""
"=""bmi trẻ em online""","=""40""","=""0""","=""4""","=""Low""","=""false"""
"=""bmi and calorie calculator""","=""40""","=""0""","=""4""","=""Low""","=""false"""
"=""bmi bao nhiêu là tốt""","=""40""","=""0""","=""5""","=""Low""","=""false"""
"=""bmi calculator vietnam""","=""40""","=""0""","=""3""","=""Low""","=""false"""
"=""bmi calculator cm and kg""","=""40""","=""0""","=""5""","=""Low""","=""true"""
"=""bmi cm kg""","=""40""","=""0""","=""3""","=""Low""","=""true"""
"=""bmi con gái""","=""40""","=""0""","=""3""","=""Low""","=""false"""
"=""bmi for men""","=""40""","=""0""","=""3""","=""Low""","=""false"""
"=""bmi guys""","=""40""","=""0""","=""2""","=""Low""","=""false"""
"=""bmi kg and cm""","=""40""","=""0""","=""4""","=""Low""","=""true"""
"=""bmi la gì cách tính""","=""40""","=""0""","=""5""","=""Low""","=""false"""
"=""bmi male""","=""40""","=""0""","=""2""","=""Low""","=""false"""
"=""bmi men""","=""40""","=""0""","=""2""","=""Low""","=""false"""
"=""bmi nam giới việt nam""","=""40""","=""0""","=""5""","=""Low""","=""false"""
"=""bmi tính ntn""","=""40""","=""0""","=""3""","=""Low""","=""false"""
"=""bmi nvqs 2025""","=""40""","=""0""","=""3""","=""Low""","=""false"""
"=""bmi stand for""","=""40""","=""0""","=""3""","=""Low""","=""false"""
"=""bmi thi công an""","=""40""","=""0""","=""4""","=""Low""","=""false"""
"=""bmi 3d""","=""40""","=""0""","=""2""","=""Low""","=""false"""
"=""bmi 15""","=""40""","=""0""","=""2""","=""Low""","=""false"""
"=""bmi 20 là gì""","=""40""","=""0""","=""4""","=""Low""","=""false"""
"=""bmi medlatec""","=""30""","=""0""","=""2""","=""Low""","=""false"""
"=""bmi ở nữ""","=""30""","=""0""","=""3""","=""Low""","=""false"""
"=""bmi airline""","=""30""","=""0""","=""2""","=""Low""","=""false"""
"=""bmi asian classification""","=""30""","=""0""","=""3""","=""Low""","=""false"""
"=""bmi bao nhiêu là béo""","=""30""","=""0""","=""5""","=""Low""","=""true"""
"=""bmi aviation""","=""30""","=""0""","=""2""","=""Low""","=""false"""
"=""bmi binh thuong nguoi viet nam""","=""30""","=""0""","=""6""","=""Low""","=""false"""
"=""bmi body visualizer""","=""30""","=""0""","=""3""","=""Low""","=""false"""
"=""bmi british midland""","=""30""","=""0""","=""3""","=""Low""","=""false"""
"=""bmi calculator weight tracker""","=""30""","=""0""","=""4""","=""Low""","=""false"""
"=""bmi chart women""","=""30""","=""0""","=""3""","=""Low""","=""false"""
"=""bmi chart men""","=""30""","=""0""","=""3""","=""Low""","=""false"""
"=""bmi classification""","=""30""","=""0""","=""2""","=""Low""","=""false"""
"=""bmi classification asian""","=""30""","=""0""","=""3""","=""Low""","=""false"""
"=""bmi score""","=""30""","=""0""","=""2""","=""Low""","=""false"""
"=""bmi em bé""","=""30""","=""0""","=""3""","=""Low""","=""false"""
"=""bmi female""","=""30""","=""0""","=""2""","=""Low""","=""false"""
"=""bmi female chart""","=""30""","=""0""","=""3""","=""Low""","=""false"""
"=""bmi good""","=""30""","=""0""","=""2""","=""Low""","=""false"""
"=""bmi group""","=""30""","=""0""","=""2""","=""Low""","=""false"""
"=""bmi graph male""","=""30""","=""0""","=""3""","=""Low""","=""false"""
"=""bmi huỳnh hoa""","=""30""","=""0""","=""3""","=""Low""","=""true"""
"=""bmi of 32""","=""30""","=""0""","=""3""","=""Low""","=""false"""
"=""bmi kalkulator""","=""30""","=""0""","=""2""","=""Low""","=""false"""
"=""bmi lady""","=""30""","=""0""","=""2""","=""Low""","=""false"""
"=""bmi male chart""","=""30""","=""0""","=""3""","=""Low""","=""false"""
"=""bmi my""","=""30""","=""0""","=""2""","=""Low""","=""true"""
"=""bmi nghĩa là gì""","=""30""","=""0""","=""4""","=""Low""","=""false"""
"=""bmi người bình thường""","=""30""","=""0""","=""4""","=""Low""","=""false"""
"=""bmi nhs calculator""","=""30""","=""0""","=""3""","=""Low""","=""false"""
"=""bmi online trẻ em""","=""30""","=""0""","=""4""","=""Low""","=""false"""
"=""bmi online nữ""","=""30""","=""0.01""","=""3""","=""Low""","=""false"""
"=""bmi of 31""","=""30""","=""0""","=""3""","=""Low""","=""false"""
"=""bmi scores""","=""30""","=""0""","=""2""","=""Low""","=""false"""
"=""bmi sd score""","=""30""","=""0""","=""3""","=""Low""","=""false"""
"=""bmi stock""","=""30""","=""0""","=""2""","=""Low""","=""false"""
"=""bmi table women""","=""30""","=""0""","=""3""","=""Low""","=""false"""
"=""bmi table for men""","=""30""","=""0""","=""4""","=""Low""","=""false"""
"=""bmi tiếp viên hàng không""","=""30""","=""0""","=""5""","=""Low""","=""true"""
"=""bmi trung bình của nữ""","=""30""","=""0""","=""5""","=""Low""","=""false"""
"=""bmi chart for women""","=""30""","=""0""","=""4""","=""Low""","=""false"""
"=""bmi who classification""","=""30""","=""0""","=""3""","=""Low""","=""false"""
"=""bmi what is good""","=""30""","=""0""","=""4""","=""Low""","=""false"""
"=""bmi wiki""","=""30""","=""0""","=""2""","=""Low""","=""false"""
"=""bmi women chart""","=""30""","=""0""","=""3""","=""Low""","=""false"""
"=""bmi z score""","=""30""","=""0""","=""3""","=""Low""","=""false"""
"=""bmi bình thường nam""","=""30""","=""0""","=""4""","=""Low""","=""false"""
"=""bmi là gì và cách tính""","=""30""","=""0""","=""6""","=""Low""","=""false"""
"=""bmi là gì trẻ em""","=""30""","=""0""","=""5""","=""Low""","=""false"""
"=""bmi là chỉ số gì của cơ thể""","=""30""","=""0.01""","=""8""","=""Low""","=""true"""
"=""bmi 31""","=""30""","=""0""","=""2""","=""Low""","=""false"""
"=""bmi 32""","=""30""","=""0""","=""2""","=""Low""","=""false"""
"=""bmi 92""","=""30""","=""0""","=""2""","=""Low""","=""false"""
"=""bmi là chỉ số""","=""30""","=""0""","=""4""","=""Low""","=""false"""
"=""bmi cân đối""","=""20""","=""0""","=""3""","=""Low""","=""false"""
"=""bmi gầy""","=""20""","=""0""","=""2""","=""Low""","=""false"""
"=""bmi age calculator""","=""20""","=""0""","=""3""","=""Low""","=""false"""
"=""bmi and obesity""","=""20""","=""0""","=""3""","=""Low""","=""false"""
"=""bmi berechnen""","=""20""","=""0.74""","=""2""","=""Low""","=""false"""
"=""bmi berekenen""","=""20""","=""0.27""","=""2""","=""Low""","=""true"""
"=""bmi bth""","=""20""","=""0""","=""2""","=""Low""","=""false"""
"=""bmi broadcast music""","=""20""","=""0""","=""3""","=""Low""","=""false"""
"=""bmi by weight""","=""20""","=""0""","=""3""","=""Low""","=""false"""
"=""bmi centile""","=""20""","=""0""","=""2""","=""Low""","=""false"""
"=""bmi centile calculator""","=""20""","=""0""","=""3""","=""Low""","=""false"""
"=""bmi rechner""","=""20""","=""0.74""","=""2""","=""Low""","=""false"""
"=""bmi women""","=""20""","=""0""","=""2""","=""Low""","=""false"""
"=""bmi errechnen""","=""20""","=""0.74""","=""2""","=""Low""","=""false"""
"=""bmi fireant""","=""20""","=""0""","=""2""","=""Low""","=""true"""
"=""bmi frauen rechner""","=""20""","=""0.94""","=""3""","=""Low""","=""false"""
"=""bmi for women""","=""20""","=""0""","=""3""","=""Low""","=""false"""
"=""bmi good range""","=""20""","=""0""","=""3""","=""Low""","=""false"""
"=""bmi healthy range""","=""20""","=""0""","=""3""","=""Low""","=""false"""
"=""bmi hoa cúc""","=""20""","=""0""","=""3""","=""High""","=""true"""
"=""bmi obese""","=""20""","=""0""","=""2""","=""Low""","=""false"""
"=""bmi index calculator""","=""20""","=""0""","=""3""","=""Low""","=""true"""
"=""bmi kg m2""","=""20""","=""0""","=""3""","=""Low""","=""false"""
"=""bmi loại 1""","=""20""","=""0""","=""3""","=""Low""","=""false"""
"=""bmi lý tưởng cho nữ""","=""20""","=""0""","=""5""","=""Low""","=""false"""
"=""bmi mdcalc""","=""20""","=""0""","=""2""","=""Low""","=""false"""
"=""bmi medcalc""","=""20""","=""0""","=""2""","=""Low""","=""false"""
"=""bmi m kg 2""","=""20""","=""0""","=""4""","=""Low""","=""false"""
"=""bmi music""","=""20""","=""0""","=""2""","=""Low""","=""false"""
"=""bmi model""","=""20""","=""0""","=""2""","=""Low""","=""false"""
"=""bmi models""","=""20""","=""0""","=""2""","=""Low""","=""false"""
"=""bmi người trưởng thành""","=""20""","=""0""","=""4""","=""Low""","=""false"""
"=""bmi như nào là bình thường""","=""20""","=""0""","=""6""","=""Low""","=""false"""
"=""bmi nhập ngũ""","=""20""","=""0""","=""3""","=""Low""","=""false"""
"=""bmi obesity""","=""20""","=""0""","=""2""","=""Low""","=""false"""
"=""bmi percentile""","=""20""","=""0""","=""2""","=""Low""","=""false"""
"=""bmi online nam""","=""20""","=""0.01""","=""3""","=""Low""","=""true"""
"=""bmi organization""","=""20""","=""0""","=""2""","=""Low""","=""false"""
"=""bmi percentile calculator""","=""20""","=""0""","=""3""","=""Low""","=""false"""
"=""bmi percentage""","=""20""","=""0""","=""2""","=""Low""","=""false"""
"=""bmi percentage calculator""","=""20""","=""0""","=""3""","=""Low""","=""false"""
"=""bmi of 35""","=""20""","=""0""","=""3""","=""Low""","=""false"""
"=""bmi phụ nữ""","=""20""","=""0""","=""3""","=""Low""","=""false"""
"=""bmi research""","=""20""","=""0""","=""2""","=""Low""","=""false"""
"=""bmi repertoire""","=""20""","=""0""","=""2""","=""Low""","=""false"""
"=""bmi rechner frau""","=""20""","=""0.94""","=""3""","=""Low""","=""false"""
"=""bmi sandwich""","=""20""","=""0""","=""2""","=""High""","=""false"""
"=""bmi standard""","=""20""","=""0""","=""2""","=""Low""","=""false"""
"=""bmi standards""","=""20""","=""0""","=""2""","=""Low""","=""false"""
"=""bmi table""","=""20""","=""0""","=""2""","=""Low""","=""false"""
"=""bmi test calculator""","=""20""","=""0""","=""3""","=""Low""","=""false"""
"=""bmi tiêu chuẩn nữ""","=""20""","=""0""","=""4""","=""Low""","=""false"""
"=""bmi tiêu chuẩn nam""","=""20""","=""0""","=""4""","=""Low""","=""false"""
"=""bmi tiêu chuẩn việt nam""","=""20""","=""0""","=""5""","=""Low""","=""false"""
"=""bmi to weight""","=""20""","=""0""","=""3""","=""Low""","=""false"""
"=""bmi trung bình của nam""","=""20""","=""0""","=""5""","=""Low""","=""false"""
"=""bmi trẻ em bao nhiêu là bình thường""","=""20""","=""0""","=""8""","=""Low""","=""false"""
"=""bmi viết tắt""","=""20""","=""0""","=""3""","=""Low""","=""false"""
"=""bmi web""","=""20""","=""0""","=""2""","=""Low""","=""false"""
"=""bmi weight""","=""20""","=""0""","=""2""","=""Low""","=""false"""
"=""bmi with age calculator""","=""20""","=""0""","=""4""","=""Low""","=""false"""
"=""bmi womens""","=""20""","=""0""","=""2""","=""Low""","=""false"""
"=""bmi dưới 18""","=""20""","=""0""","=""3""","=""Low""","=""false"""
"=""bmi lý tưởng của nam""","=""20""","=""0""","=""5""","=""Low""","=""false"""
"=""bmi 30 là gì""","=""20""","=""0""","=""4""","=""Low""","=""false"""
"=""bmi 34""","=""20""","=""0""","=""2""","=""Low""","=""false"""
"=""bmi 33""","=""20""","=""0""","=""2""","=""Low""","=""false"""
"=""bmi 35""","=""20""","=""0""","=""2""","=""Low""","=""false"""
"=""bmi 40""","=""20""","=""0""","=""2""","=""Low""","=""false"""
"=""bmi của nữ là bao nhiêu""","=""20""","=""0""","=""6""","=""Low""","=""false"""
"=""bmi của nam là bao nhiêu""","=""20""","=""0""","=""6""","=""Low""","=""false"""
"=""bmi trên 30""","=""20""","=""0""","=""3""","=""Low""","=""false"""
"=""bmi trong khám sức khỏe là gì""","=""20""","=""0""","=""7""","=""Low""","=""true"""
"=""bmi bao nhiêu không đi nvqs""","=""20""","=""0""","=""6""","=""Low""","=""false"""
"=""bmi có nghĩa là gì""","=""20""","=""0""","=""5""","=""Low""","=""false"""
"=""bmimeter""","=""10""","=""0""","=""1""","=""High""","=""false"""
"=""bmi 158 cm""","=""10""","=""0""","=""3""","=""Low""","=""false"""
"=""bmi 169""","=""10""","=""0""","=""2""","=""Low""","=""false"""
"=""bmi 174""","=""10""","=""0""","=""2""","=""Low""","=""false"""
"=""bmi 178""","=""10""","=""0""","=""2""","=""Low""","=""false"""
"=""bmi 178cm""","=""10""","=""0""","=""2""","=""Low""","=""false"""
"=""bmi 182cm""","=""10""","=""0""","=""2""","=""Low""","=""false"""
"=""bmi 34 2""","=""10""","=""0""","=""3""","=""Low""","=""false"""
"=""bmi 37 2""","=""10""","=""0""","=""3""","=""Low""","=""false"""
"=""bmi be""","=""10""","=""0""","=""2""","=""Low""","=""false"""
"=""bmi bf""","=""10""","=""0""","=""2""","=""Low""","=""false"""
"=""bmi categorie""","=""10""","=""0""","=""2""","=""Low""","=""false"""
"=""bmi eurostar""","=""10""","=""0""","=""2""","=""Low""","=""false"""
"=""bmi k""","=""10""","=""0""","=""2""","=""Low""","=""false"""
"=""bmi on""","=""10""","=""0""","=""2""","=""Low""","=""false"""
"=""bmi tdee""","=""10""","=""0""","=""2""","=""Low""","=""true"""
"=""bmi thấp""","=""10""","=""0""","=""2""","=""Low""","=""false"""
"=""bmi3d""","=""10""","=""0""","=""1""","=""Low""","=""false"""
"=""bmi aarp""","=""10""","=""0""","=""2""","=""Low""","=""false"""
"=""bmi aap""","=""10""","=""0""","=""2""","=""Low""","=""false"""
"=""bmi abbreviation""","=""10""","=""0""","=""2""","=""Low""","=""false"""
"=""bmi above 30""","=""10""","=""0""","=""3""","=""Low""","=""false"""
"=""bmi abbreviation medical""","=""10""","=""0""","=""3""","=""Low""","=""false"""
"=""bmi above 25""","=""10""","=""0""","=""3""","=""Low""","=""false"""
"=""bmi about""","=""10""","=""0""","=""2""","=""Low""","=""false"""
"=""bmi ab wann übergewicht""","=""10""","=""0""","=""4""","=""Low""","=""false"""
"=""bmi acceptable range""","=""10""","=""0""","=""3""","=""Low""","=""false"""
"=""bmi accuracy""","=""10""","=""0""","=""2""","=""Low""","=""false"""
"=""bmi account""","=""10""","=""0""","=""2""","=""Low""","=""false"""
"=""bmi according to age""","=""10""","=""0""","=""4""","=""Low""","=""false"""
"=""bmi acronym""","=""10""","=""0""","=""2""","=""Low""","=""false"""
"=""bmi adalah""","=""10""","=""0""","=""2""","=""Low""","=""false"""
"=""bmi adult""","=""10""","=""0""","=""2""","=""Low""","=""true"""
"=""bmi adult calculator""","=""10""","=""0""","=""3""","=""Low""","=""true"""
"=""bmi adult male""","=""10""","=""0""","=""3""","=""Low""","=""false"""
"=""bmi adult female""","=""10""","=""0""","=""3""","=""Low""","=""false"""
"=""bmi adult women""","=""10""","=""0""","=""3""","=""Low""","=""false"""
"=""bmi adult chart""","=""10""","=""0""","=""3""","=""Low""","=""false"""
"=""bmi aerdenhout""","=""10""","=""0""","=""2""","=""Low""","=""false"""
"=""bmi affiliated music""","=""10""","=""0""","=""3""","=""Low""","=""false"""
"=""bmi affiliation""","=""10""","=""0""","=""2""","=""Low""","=""false"""
"=""bmi african american""","=""10""","=""0""","=""3""","=""Low""","=""false"""
"=""bmi age and gender""","=""10""","=""0""","=""4""","=""Low""","=""false"""
"=""bmi age height weight""","=""10""","=""0""","=""4""","=""Low""","=""false"""
"=""bmi age chart""","=""10""","=""0""","=""3""","=""Low""","=""false"""
"=""bmi agency""","=""10""","=""0""","=""2""","=""Low""","=""false"""
"=""bmi age range""","=""10""","=""0""","=""3""","=""Low""","=""false"""
"=""bmi age weight height chart""","=""10""","=""0""","=""5""","=""Low""","=""false"""
"=""bmi ai""","=""10""","=""0""","=""2""","=""Low""","=""false"""
"=""bmi airport""","=""10""","=""0""","=""2""","=""Low""","=""false"""
"=""bmi air""","=""10""","=""0""","=""2""","=""Low""","=""false"""
"=""bmi airport flights""","=""10""","=""0""","=""3""","=""Low""","=""false"""
"=""bmi airlines destinations""","=""10""","=""0""","=""3""","=""Low""","=""false"""
"=""bmi ai calculator""","=""10""","=""0""","=""3""","=""Low""","=""false"""
"=""bmi airport code""","=""10""","=""0""","=""3""","=""Low""","=""false"""
"=""bmi akord""","=""10""","=""0""","=""2""","=""Low""","=""false"""
"=""bmi akademie""","=""10""","=""0""","=""2""","=""Low""","=""false"""
"=""bmi alternative""","=""10""","=""0""","=""2""","=""Low""","=""false"""
"=""bmi alexandra hospital""","=""10""","=""0""","=""3""","=""Low""","=""false"""
"=""bmi alto""","=""10""","=""0""","=""2""","=""Low""","=""false"""
"=""bmi alexandra""","=""10""","=""0""","=""2""","=""Low""","=""false"""
"=""bmi albyn hospital""","=""10""","=""0""","=""3""","=""Low""","=""false"""
"=""bmi america""","=""10""","=""0""","=""2""","=""Low""","=""false"""
"=""bmi american""","=""10""","=""0""","=""2""","=""Low""","=""false"""
"=""bmi and bmr""","=""10""","=""0""","=""3""","=""Low""","=""false"""
"=""bmi and muscle mass""","=""10""","=""0""","=""4""","=""Low""","=""false"""
"=""bmi and waist circumference""","=""10""","=""0""","=""4""","=""Low""","=""false"""
"=""bmi and ascap""","=""10""","=""0""","=""3""","=""Low""","=""false"""
"=""bmi analysis""","=""10""","=""0""","=""2""","=""Low""","=""false"""
"=""bmi aok""","=""10""","=""0""","=""2""","=""Low""","=""false"""
"=""bmi app calculator""","=""10""","=""0""","=""3""","=""Low""","=""false"""
"=""bmi apple watch""","=""10""","=""0""","=""3""","=""Low""","=""false"""
"=""bmi apk""","=""10""","=""0""","=""2""","=""Low""","=""false"""
"=""bmi app free""","=""10""","=""0""","=""3""","=""Low""","=""false"""
"=""bmi apprentice of the year""","=""10""","=""0""","=""5""","=""Low""","=""false"""
"=""bmi acquisition""","=""10""","=""0""","=""2""","=""Low""","=""false"""
"=""bmi artists""","=""10""","=""0""","=""2""","=""Low""","=""false"""
"=""bmi army""","=""10""","=""0""","=""2""","=""Low""","=""false"""
"=""bmi artist login""","=""10""","=""0""","=""3""","=""Low""","=""false"""
"=""bmi arrivals""","=""10""","=""0""","=""2""","=""Low""","=""false"""
"=""bmi asia pacific""","=""10""","=""0""","=""3""","=""Low""","=""false"""
"=""bmi ascap""","=""10""","=""0""","=""2""","=""Low""","=""false"""
"=""bmi asia pacific classification""","=""10""","=""0""","=""4""","=""Low""","=""false"""
"=""bmi assessment""","=""10""","=""0""","=""2""","=""Low""","=""false"""
"=""bmi asia pacific calculator""","=""10""","=""0""","=""4""","=""Low""","=""false"""
"=""bmi athlete""","=""10""","=""0""","=""2""","=""Low""","=""false"""
"=""bmi attorneys""","=""10""","=""0""","=""2""","=""Low""","=""false"""
"=""bmi atm""","=""10""","=""0""","=""2""","=""Low""","=""false"""
"=""bmi australia""","=""10""","=""0""","=""2""","=""Low""","=""false"""
"=""bmi auto""","=""10""","=""0""","=""2""","=""Low""","=""false"""
"=""bmi auto sales""","=""10""","=""0""","=""3""","=""Low""","=""false"""
"=""bmi audit services""","=""10""","=""0""","=""3""","=""Low""","=""false"""
"=""bmi aus""","=""10""","=""0""","=""2""","=""Low""","=""false"""
"=""bmi austria""","=""10""","=""0""","=""2""","=""Low""","=""false"""
"=""bmi awards""","=""10""","=""0""","=""2""","=""Low""","=""false"""
"=""bmi awards 2026""","=""10""","=""0""","=""3""","=""Low""","=""false"""
"=""bmi awards taylor swift""","=""10""","=""0""","=""4""","=""Low""","=""false"""
"=""bmi bbc""","=""10""","=""0""","=""2""","=""Low""","=""false"""
"=""bmi bb ideal""","=""10""","=""0""","=""3""","=""Low""","=""false"""
"=""bmi axelent""","=""10""","=""0""","=""2""","=""Low""","=""false"""
"=""bmi average woman""","=""10""","=""0""","=""3""","=""Low""","=""false"""
"=""bmi average men""","=""10""","=""0""","=""3""","=""Low""","=""false"""
"=""bmi average range""","=""10""","=""0""","=""3""","=""Low""","=""false"""
"=""bmi average by country""","=""10""","=""0""","=""4""","=""Low""","=""false"""
"=""bmi average weight""","=""10""","=""0""","=""3""","=""Low""","=""false"""
"=""bmi berechnen mann""","=""10""","=""0""","=""3""","=""Low""","=""false"""
"=""bmi berechnen frauen""","=""10""","=""0""","=""3""","=""Low""","=""false"""
"=""bmi bedeutung""","=""10""","=""0""","=""2""","=""Low""","=""false"""
"=""bmi bereiche""","=""10""","=""0""","=""2""","=""Low""","=""false"""
"=""bmi beregner""","=""10""","=""0""","=""2""","=""Low""","=""false"""
"=""bmi beregning""","=""10""","=""0""","=""2""","=""Low""","=""false"""
"=""bmi calculator bd""","=""10""","=""0""","=""3""","=""Low""","=""false"""
"=""bmi calculator bd female""","=""10""","=""0""","=""4""","=""Low""","=""false"""
"=""bmi bfp calculator""","=""10""","=""0""","=""3""","=""Low""","=""false"""
"=""bmi bf4""","=""10""","=""0""","=""2""","=""Low""","=""false"""
"=""bmi bg""","=""10""","=""0""","=""2""","=""Low""","=""false"""
"=""bmi calculator bg""","=""10""","=""0""","=""3""","=""Low""","=""false"""
"=""bmi nhs""","=""10""","=""0""","=""2""","=""Low""","=""false"""
"=""bmi bh""","=""10""","=""0""","=""2""","=""Low""","=""false"""
"=""bmi biomedical international srl""","=""10""","=""0""","=""4""","=""Low""","=""false"""
"=""bmi biomedical international""","=""10""","=""0""","=""3""","=""Low""","=""false"""
"=""bmi biomedical""","=""10""","=""0""","=""2""","=""Low""","=""false"""
"=""bmi bismaleimide""","=""10""","=""0""","=""2""","=""Low""","=""false"""
"=""bmi blood test""","=""10""","=""0""","=""3""","=""Low""","=""false"""
"=""bmi blue green red""","=""10""","=""0""","=""4""","=""Low""","=""false"""
"=""bmi blackheath""","=""10""","=""0""","=""2""","=""Low""","=""false"""
"=""bmi bloomington""","=""10""","=""0""","=""2""","=""Low""","=""false"""
"=""bmi block party""","=""10""","=""0""","=""3""","=""Low""","=""false"""
"=""bmi blackheath hospital""","=""10""","=""0""","=""3""","=""Low""","=""false"""
"=""bmi blue""","=""10""","=""0""","=""2""","=""Low""","=""false"""
"=""bmi body fat percentage""","=""10""","=""0""","=""4""","=""Low""","=""false"""
"=""bmi body shape""","=""10""","=""0""","=""3""","=""Low""","=""false"""
"=""bmi bn là chuẩn""","=""10""","=""0""","=""4""","=""Low""","=""true"""
"=""bmi band""","=""10""","=""0""","=""2""","=""Low""","=""false"""
"=""bmi bank""","=""10""","=""0""","=""2""","=""Low""","=""false"""
"=""bmi bmi""","=""10""","=""0""","=""2""","=""Low""","=""false"""
"=""bmi bmr calculator""","=""10""","=""0""","=""3""","=""Low""","=""false"""
"=""bmi bmr""","=""10""","=""0""","=""2""","=""Low""","=""false"""
"=""bmi bmr tdee""","=""10""","=""0""","=""3""","=""Low""","=""false"""
"=""bmi bmr tdee calculator""","=""10""","=""0""","=""4""","=""Low""","=""false"""
"=""bmi bmw""","=""10""","=""0""","=""2""","=""Low""","=""false"""
"=""bmi bp""","=""10""","=""0""","=""2""","=""Low""","=""false"""
"=""bmi bsa calculator""","=""10""","=""0""","=""3""","=""Low""","=""false"""
"=""bmi bsa""","=""10""","=""0""","=""2""","=""Low""","=""false"""
"=""bmi vs body fat""","=""10""","=""0""","=""4""","=""Low""","=""false"""
"=""bmi bs""","=""10""","=""0""","=""2""","=""Low""","=""false"""
"=""bmi brackets""","=""10""","=""0""","=""2""","=""Low""","=""false"""
"=""bmi brisbane""","=""10""","=""0""","=""2""","=""Low""","=""false"""
"=""bmi brand""","=""10""","=""0""","=""2""","=""Low""","=""false"""
"=""bmi bv""","=""10""","=""0""","=""2""","=""Low""","=""false"""
"=""bmi bupa""","=""10""","=""0""","=""2""","=""Low""","=""false"""
"=""bmi building""","=""10""","=""0""","=""2""","=""Low""","=""false"""
"=""bmi business""","=""10""","=""0""","=""2""","=""Low""","=""false"""
"=""bmi bury st edmunds""","=""10""","=""0""","=""4""","=""Low""","=""false"""
"=""bmi by age and gender""","=""10""","=""0""","=""5""","=""Low""","=""false"""
"=""bmi by height""","=""10""","=""0""","=""3""","=""Low""","=""false"""
"=""bmi by height and weight""","=""10""","=""0""","=""5""","=""Low""","=""false"""
"=""bmi by country""","=""10""","=""0""","=""3""","=""Low""","=""false"""
"=""bmi by state""","=""10""","=""0""","=""3""","=""Low""","=""false"""
"=""bmi cdc""","=""10""","=""0""","=""2""","=""Low""","=""true"""
"=""bmi cdc calculator""","=""10""","=""0""","=""3""","=""Low""","=""false"""
"=""bmi cdc growth chart""","=""10""","=""0""","=""4""","=""Low""","=""false"""
"=""bmi cdc chart""","=""10""","=""0""","=""3""","=""Low""","=""false"""
"=""bmi certificate""","=""10""","=""0""","=""2""","=""Low""","=""false"""
"=""bmi centile chart""","=""10""","=""0""","=""3""","=""Low""","=""false"""
"=""bmi certified iq test""","=""10""","=""0""","=""4""","=""Low""","=""false"""
"=""bmi center""","=""10""","=""0""","=""2""","=""Low""","=""false"""
"=""bmi cc""","=""10""","=""0""","=""2""","=""Low""","=""false"""
"=""bmi fcu""","=""10""","=""0""","=""2""","=""Low""","=""false"""
"=""bmi circle southend""","=""10""","=""0""","=""3""","=""Low""","=""false"""
"=""bmi circle""","=""10""","=""0""","=""2""","=""Low""","=""false"""
"=""bmi circular""","=""10""","=""0""","=""2""","=""Low""","=""false"""
"=""bmi cm""","=""10""","=""0""","=""2""","=""Low""","=""false"""
"=""bmi cmaa""","=""10""","=""0""","=""2""","=""Low""","=""false"""
"=""bmi cm and kg formula""","=""10""","=""0""","=""5""","=""Low""","=""false"""
"=""bmi cmo""","=""10""","=""0""","=""2""","=""Low""","=""false"""
"=""bmi cm kg chart""","=""10""","=""0""","=""4""","=""Low""","=""false"""
"=""bmi ck""","=""10""","=""0""","=""2""","=""Low""","=""false"""
"=""bmi classification percentile and cut off points""","=""10""","=""0""","=""7""","=""Low""","=""false"""
"=""bmi classes""","=""10""","=""0""","=""2""","=""Low""","=""false"""
"=""bmi clinic""","=""10""","=""0""","=""2""","=""Low""","=""false"""
"=""bmi classification asia pacific""","=""10""","=""0""","=""4""","=""Low""","=""false"""
"=""bmi classification according to who""","=""10""","=""0""","=""5""","=""Low""","=""false"""
"=""bmi classes of obesity""","=""10""","=""0""","=""4""","=""Low""","=""false"""
"=""bmi cpg""","=""10""","=""0""","=""2""","=""Low""","=""false"""
"=""bmi converter""","=""10""","=""0""","=""2""","=""Low""","=""false"""
"=""bmi company""","=""10""","=""0""","=""2""","=""Low""","=""false"""
"=""bmi csl""","=""10""","=""0""","=""2""","=""Low""","=""false"""
"=""bmi csv""","=""10""","=""0""","=""2""","=""Low""","=""false"""
"=""bmi ca""","=""10""","=""0""","=""2""","=""Low""","=""false"""
"=""bmi credit union""","=""10""","=""0""","=""3""","=""Low""","=""false"""
"=""bmi criteria""","=""10""","=""0""","=""2""","=""Low""","=""false"""
"=""bmi creator""","=""10""","=""0""","=""2""","=""Low""","=""false"""
"=""bmi credit union login""","=""10""","=""0""","=""4""","=""Low""","=""false"""
"=""bmi criticism""","=""10""","=""0""","=""2""","=""Low""","=""false"""
"=""bmi credit""","=""10""","=""0""","=""2""","=""Low""","=""false"""
"=""bmi cutoffs""","=""10""","=""0""","=""2""","=""Low""","=""false"""
"=""bmi cut off""","=""10""","=""0""","=""3""","=""Low""","=""false"""
"=""bmi cutoff asian""","=""10""","=""0""","=""3""","=""Low""","=""false"""
"=""bmi customer service number""","=""10""","=""0""","=""4""","=""Low""","=""false"""
"=""bmi curve""","=""10""","=""0""","=""2""","=""Low""","=""false"""
"=""bmi ct scan""","=""10""","=""0""","=""3""","=""Low""","=""false"""
"=""bmi ct""","=""10""","=""0""","=""2""","=""Low""","=""false"""
"=""bmi categories""","=""10""","=""0""","=""2""","=""Low""","=""false"""
"=""bmi cycle""","=""10""","=""0""","=""2""","=""Low""","=""false"""
"=""bmi database""","=""10""","=""0""","=""2""","=""Low""","=""false"""
"=""bmi data""","=""10""","=""0""","=""2""","=""Low""","=""false"""
"=""bmi dataset""","=""10""","=""0""","=""2""","=""Low""","=""false"""
"=""bmi dampit""","=""10""","=""0""","=""2""","=""Low""","=""false"""
"=""bmi dashboard""","=""10""","=""0""","=""2""","=""Low""","=""false"""
"=""bmi cz""","=""10""","=""0""","=""2""","=""Low""","=""false"""
"=""bmi def""","=""10""","=""0""","=""2""","=""Low""","=""false"""
"=""bmi deutsch""","=""10""","=""0""","=""2""","=""Low""","=""false"""
"=""bmi deutschland""","=""10""","=""0""","=""2""","=""Low""","=""false"""
"=""bmi detector""","=""10""","=""0""","=""2""","=""Low""","=""false"""
"=""bmi details""","=""10""","=""0""","=""2""","=""Low""","=""false"""
"=""bmi dge""","=""10""","=""0""","=""2""","=""Low""","=""false"""
"=""bmi distribution""","=""10""","=""0""","=""2""","=""Low""","=""false"""
"=""bmi diabetes""","=""10""","=""0""","=""2""","=""Low""","=""false"""
"=""bmi diet calculator""","=""10""","=""0""","=""3""","=""Low""","=""false"""
"=""bmi distribution usa""","=""10""","=""0""","=""3""","=""Low""","=""false"""
"=""bmi digital""","=""10""","=""0""","=""2""","=""Low""","=""false"""
"=""bmi disadvantages""","=""10""","=""0""","=""2""","=""Low""","=""false"""
"=""bmi differences""","=""10""","=""0""","=""2""","=""Low""","=""false"""
"=""bmi dla dzieci""","=""10""","=""0""","=""3""","=""Low""","=""false"""
"=""bmi dla dziecka""","=""10""","=""0""","=""3""","=""Low""","=""false"""
"=""bmi dr""","=""10""","=""0""","=""2""","=""Low""","=""false"""
"=""bmi tech""","=""10""","=""0""","=""2""","=""Low""","=""false"""
"=""bmi dziecka""","=""10""","=""0""","=""2""","=""Low""","=""false"""
"=""bmi dziewczynki""","=""10""","=""0""","=""2""","=""Low""","=""false"""
"=""bmi eagle""","=""10""","=""0""","=""2""","=""Low""","=""false"""
"=""bmi east asian""","=""10""","=""0""","=""3""","=""Low""","=""false"""
"=""bmi ecuador""","=""10""","=""0""","=""2""","=""Low""","=""false"""
"=""bmi economics""","=""10""","=""0""","=""2""","=""Low""","=""false"""
"=""bmi economist""","=""10""","=""0""","=""2""","=""Low""","=""false"""
"=""bmi economists forecast ocr""","=""10""","=""0""","=""4""","=""Low""","=""false"""
"=""bmi education""","=""10""","=""0""","=""2""","=""Low""","=""false"""
"=""bmi edgbaston""","=""10""","=""0""","=""2""","=""Low""","=""false"""
"=""bmi edeka""","=""10""","=""0""","=""2""","=""Low""","=""false"""
"=""bmi edgbaston hospital""","=""10""","=""0""","=""3""","=""Low""","=""false"""
"=""bmi educational services""","=""10""","=""0""","=""3""","=""Low""","=""false"""
"=""bmi education fair""","=""10""","=""0""","=""3""","=""Low""","=""false"""
"=""bmi doctors""","=""10""","=""0""","=""2""","=""Low""","=""false"""
"=""bmi download""","=""10""","=""0""","=""2""","=""Low""","=""false"""
"=""bmi donna""","=""10""","=""0""","=""2""","=""Low""","=""false"""
"=""bmi dog""","=""10""","=""0""","=""2""","=""Low""","=""false"""
"=""bmi dog calculator""","=""10""","=""0""","=""3""","=""Low""","=""false"""
"=""bmi egypt""","=""10""","=""0""","=""2""","=""Low""","=""false"""
"=""bmi eg""","=""10""","=""0""","=""2""","=""Low""","=""false"""
"=""bmi einteilung""","=""10""","=""0""","=""2""","=""Low""","=""false"""
"=""bmi einteilungen""","=""10""","=""0""","=""2""","=""Low""","=""false"""
"=""bmi electrical""","=""10""","=""0""","=""2""","=""Low""","=""false"""
"=""bmi elderly""","=""10""","=""0""","=""2""","=""Low""","=""false"""
"=""bmi engineering""","=""10""","=""0""","=""2""","=""Low""","=""false"""
"=""bmi en español""","=""10""","=""0""","=""3""","=""Low""","=""false"""
"=""bmi english""","=""10""","=""0""","=""2""","=""Low""","=""false"""
"=""bmi en français""","=""10""","=""0""","=""3""","=""Low""","=""false"""
"=""bmi engineering pty ltd""","=""10""","=""0""","=""4""","=""Low""","=""false"""
"=""bmi equation""","=""10""","=""0""","=""2""","=""Low""","=""false"""
"=""bmi equation lbs""","=""10""","=""0""","=""3""","=""Low""","=""false"""
"=""bmi equipment""","=""10""","=""0""","=""2""","=""Low""","=""false"""
"=""bmi equation kg""","=""10""","=""0""","=""3""","=""Low""","=""false"""
"=""bmi equation kg and cm""","=""10""","=""0""","=""5""","=""Low""","=""false"""
"=""bmi calculation excel""","=""10""","=""0""","=""3""","=""Low""","=""false"""
"=""bmi eq""","=""10""","=""0""","=""2""","=""Low""","=""false"""
"=""bmi email""","=""10""","=""0""","=""2""","=""Low""","=""false"""
"=""bmi emirates cabin crew""","=""10""","=""0""","=""4""","=""Low""","=""false"""
"=""bmi emirates""","=""10""","=""0""","=""2""","=""Low""","=""false"""
"=""bmi emory""","=""10""","=""0""","=""2""","=""Low""","=""false"""
"=""bmi erwachsene""","=""10""","=""0""","=""2""","=""Low""","=""false"""
"=""bmi european""","=""10""","=""0""","=""2""","=""Low""","=""false"""
"=""bmi europe""","=""10""","=""0""","=""2""","=""Low""","=""false"""
"=""bmi eu""","=""10""","=""0""","=""2""","=""Low""","=""false"""
"=""bmi europe calculator""","=""10""","=""0""","=""3""","=""Low""","=""false"""
"=""bmi europa""","=""10""","=""0""","=""2""","=""Low""","=""false"""
"=""bmi essen""","=""10""","=""0""","=""2""","=""Low""","=""false"""
"=""bmi español""","=""10""","=""0""","=""2""","=""Low""","=""false"""
"=""bmi event""","=""10""","=""0""","=""2""","=""Low""","=""false"""
"=""bmi evaluation""","=""10""","=""0""","=""2""","=""Low""","=""false"""
"=""bmi ethnicity""","=""10""","=""0""","=""2""","=""Low""","=""false"""
"=""bmi ethnicity calculator""","=""10""","=""0""","=""3""","=""Low""","=""false"""
"=""bmi etihad""","=""10""","=""0""","=""2""","=""Low""","=""false"""
"=""bmi excel formula""","=""10""","=""0""","=""3""","=""Low""","=""false"""
"=""bmi example""","=""10""","=""0""","=""2""","=""Low""","=""false"""
"=""bmi explained""","=""10""","=""0""","=""2""","=""Low""","=""false"""
"=""bmi explanation""","=""10""","=""0""","=""2""","=""Low""","=""false"""
"=""bmi executive institute""","=""10""","=""0""","=""3""","=""Low""","=""false"""
"=""bmi exercise""","=""10""","=""0""","=""2""","=""Low""","=""false"""
"=""bmi fat percentage""","=""10""","=""0""","=""3""","=""Low""","=""false"""
"=""bmi farmers market""","=""10""","=""0""","=""3""","=""Low""","=""false"""
"=""bmi fat calculator""","=""10""","=""0""","=""3""","=""Low""","=""false"""
"=""bmi fat""","=""10""","=""0""","=""2""","=""Low""","=""false"""
"=""bmi factors""","=""10""","=""0""","=""2""","=""Low""","=""false"""
"=""bmi fairs""","=""10""","=""0""","=""2""","=""Low""","=""false"""
"=""bmi fda""","=""10""","=""0""","=""2""","=""Low""","=""false"""
"=""bmi fcu login""","=""10""","=""0""","=""3""","=""Low""","=""false"""
"=""bmi federal credit union""","=""10""","=""0""","=""4""","=""Low""","=""false"""
"=""bmi female 5 4""","=""10""","=""0""","=""4""","=""Low""","=""false"""
"=""bmi female 5 6""","=""10""","=""0""","=""4""","=""Low""","=""false"""
"=""bmi female 5 7""","=""10""","=""0""","=""4""","=""Low""","=""false"""
"=""bmi female range""","=""10""","=""0""","=""3""","=""Low""","=""false"""
"=""bmi female normal range""","=""10""","=""0""","=""4""","=""Low""","=""false"""
"=""bmi female asian""","=""10""","=""0""","=""3""","=""Low""","=""false"""
"=""bmi ff""","=""10""","=""0""","=""2""","=""Low""","=""false"""
"=""bmi vs ffmi""","=""10""","=""0""","=""3""","=""Low""","=""false"""
"=""bmi eyes""","=""10""","=""0""","=""2""","=""Low""","=""false"""
"=""bmi finance""","=""10""","=""0""","=""2""","=""Low""","=""false"""
"=""bmi fitness""","=""10""","=""0""","=""2""","=""Low""","=""false"""
"=""bmi finance corporation""","=""10""","=""0""","=""3""","=""Low""","=""false"""
"=""bmi fitch""","=""10""","=""0""","=""2""","=""Low""","=""false"""
"=""bmi fitch solutions""","=""10""","=""0""","=""3""","=""Low""","=""false"""
"=""bmi film music award""","=""10""","=""0""","=""4""","=""Low""","=""false"""
"=""bmi figure simulator""","=""10""","=""0""","=""3""","=""Low""","=""false"""
"=""bmi flights""","=""10""","=""0""","=""2""","=""Low""","=""false"""
"=""bmi flaws""","=""10""","=""0""","=""2""","=""Low""","=""false"""
"=""bmi flight 92""","=""10""","=""0""","=""3""","=""Low""","=""false"""
"=""bmi flowchart""","=""10""","=""0""","=""2""","=""Low""","=""false"""
"=""bmi fleet""","=""10""","=""0""","=""2""","=""Low""","=""false"""
"=""bmi florida""","=""10""","=""0""","=""2""","=""Low""","=""false"""
"=""bmi flight attendant""","=""10""","=""0""","=""3""","=""Low""","=""false"""
"=""bmi frauen""","=""10""","=""0""","=""2""","=""Low""","=""false"""
"=""bmi free calculator""","=""10""","=""0""","=""3""","=""Low""","=""false"""
"=""bmi frau""","=""10""","=""0""","=""2""","=""Low""","=""false"""
"=""bmi free""","=""10""","=""0""","=""2""","=""Low""","=""false"""
"=""bmi from height and weight""","=""10""","=""0""","=""5""","=""Low""","=""false"""
"=""bmi france""","=""10""","=""0""","=""2""","=""Low""","=""false"""
"=""bmi ft and kg""","=""10""","=""0""","=""4""","=""Low""","=""false"""
"=""bmi ft""","=""10""","=""0""","=""2""","=""Low""","=""false"""
"=""bmi ft lbs""","=""10""","=""0""","=""3""","=""Low""","=""false"""
"=""bmi ft and stone""","=""10""","=""0""","=""4""","=""Low""","=""false"""
"=""bmi feet pounds""","=""10""","=""0""","=""3""","=""Low""","=""false"""
"=""bmi full form""","=""10""","=""0""","=""3""","=""Low""","=""false"""
"=""bmi full form in medical""","=""10""","=""0""","=""5""","=""Low""","=""false"""
"=""bmi full meaning""","=""10""","=""0""","=""3""","=""Low""","=""false"""
"=""bmi full name""","=""10""","=""0""","=""3""","=""Low""","=""false"""
"=""bmi full""","=""10""","=""0""","=""2""","=""Low""","=""false"""
"=""bmi formel""","=""10""","=""0""","=""2""","=""Low""","=""false"""
"=""bmi gaming""","=""10""","=""0""","=""2""","=""Low""","=""false"""
"=""bmi garmin""","=""10""","=""0""","=""2""","=""Low""","=""false"""
"=""bmi gauge""","=""10""","=""0""","=""2""","=""Low""","=""false"""
"=""bmi gallery""","=""10""","=""0""","=""2""","=""Low""","=""false"""
"=""bmi gci""","=""10""","=""0""","=""2""","=""Low""","=""false"""
"=""bmi germany""","=""10""","=""0""","=""2""","=""Low""","=""false"""
"=""bmi generator""","=""10""","=""0""","=""2""","=""Low""","=""false"""
"=""bmi generator model""","=""10""","=""0""","=""3""","=""Low""","=""false"""
"=""bmi gender""","=""10""","=""0""","=""2""","=""Low""","=""false"""
"=""bmi gender and age""","=""10""","=""0""","=""4""","=""Low""","=""false"""
"=""bmi gesund""","=""10""","=""0""","=""2""","=""Low""","=""false"""
"=""bmi gdp""","=""10""","=""0""","=""2""","=""Low""","=""false"""
"=""bmi gibraltar""","=""10""","=""0""","=""2""","=""Low""","=""false"""
"=""bmi gif""","=""10""","=""0""","=""2""","=""Low""","=""false"""
"=""bmi global""","=""10""","=""0""","=""2""","=""Low""","=""false"""
"=""bmi glp 1""","=""10""","=""0""","=""3""","=""Low""","=""false"""
"=""bmi globaled ltd""","=""10""","=""0""","=""3""","=""Low""","=""false"""
"=""bmi global ed""","=""10""","=""0""","=""3""","=""Low""","=""false"""
"=""bmi global education""","=""10""","=""0""","=""3""","=""Low""","=""false"""
"=""bmi global education fair""","=""10""","=""0""","=""4""","=""Low""","=""false"""
"=""bmi deutschland gmbh""","=""10""","=""0""","=""3""","=""Low""","=""false"""
"=""bmi goal""","=""10""","=""0""","=""2""","=""Low""","=""false"""
"=""bmi gov""","=""10""","=""0""","=""2""","=""Low""","=""false"""
"=""bmi google""","=""10""","=""0""","=""2""","=""Low""","=""false"""
"=""bmi good or bad""","=""10""","=""0""","=""4""","=""Low""","=""false"""
"=""bmi graph""","=""10""","=""0""","=""2""","=""Low""","=""false"""
"=""bmi gv at terminvereinbarung""","=""10""","=""0""","=""4""","=""Low""","=""false"""
"=""bmi gwas""","=""10""","=""0""","=""2""","=""Low""","=""false"""
"=""bmi guidelines""","=""10""","=""0""","=""2""","=""Low""","=""false"""
"=""bmi guide""","=""10""","=""0""","=""2""","=""Low""","=""false"""
"=""bmi guesser""","=""10""","=""0""","=""2""","=""Low""","=""false"""
"=""bmi grenzen""","=""10""","=""0""","=""2""","=""Low""","=""false"""
"=""bmi growth chart""","=""10""","=""0""","=""3""","=""Low""","=""false"""
"=""bmi group careers""","=""10""","=""0""","=""3""","=""Low""","=""false"""
"=""bmi gym""","=""10""","=""0""","=""2""","=""Low""","=""false"""
"=""bmi hd""","=""10""","=""0""","=""2""","=""Low""","=""false"""
"=""bmi healthy""","=""10""","=""0""","=""2""","=""Low""","=""false"""
"=""bmi healthhub""","=""10""","=""0""","=""2""","=""Low""","=""false"""
"=""bmi height weight chart""","=""10""","=""0""","=""4""","=""Low""","=""false"""
"=""bmi heart foundation""","=""10""","=""0""","=""3""","=""Low""","=""false"""
"=""bmi healthy range female""","=""10""","=""0""","=""4""","=""Low""","=""false"""
"=""bmi healthy range men""","=""10""","=""0""","=""4""","=""Low""","=""false"""
"=""bmi health""","=""10""","=""0""","=""2""","=""Low""","=""false"""
"=""bmi heart""","=""10""","=""0""","=""2""","=""Low""","=""false"""
"=""bmi halodoc""","=""10""","=""0""","=""2""","=""Low""","=""false"""
"=""bmi harvard""","=""10""","=""0""","=""2""","=""Low""","=""false"""
"=""bmi hampshire clinic""","=""10""","=""0""","=""3""","=""Low""","=""false"""
"=""bmi high""","=""10""","=""0""","=""2""","=""Low""","=""false"""
"=""bmi history""","=""10""","=""0""","=""2""","=""Low""","=""false"""
"=""bmi hindi""","=""10""","=""0""","=""2""","=""Low""","=""false"""
"=""bmi highfield""","=""10""","=""0""","=""2""","=""Low""","=""false"""
"=""bmi high risk pregnancy""","=""10""","=""0""","=""4""","=""Low""","=""false"""
"=""bmi higher than 30""","=""10""","=""0""","=""4""","=""Low""","=""false"""
"=""bmi high means""","=""10""","=""0""","=""3""","=""Low""","=""false"""
"=""bmi hk""","=""10""","=""0""","=""2""","=""Low""","=""false"""
"=""bmi hk range""","=""10""","=""0""","=""3""","=""Low""","=""false"""
"=""bmi house""","=""10""","=""0""","=""2""","=""Low""","=""false"""
"=""bmi hoàng lam""","=""10""","=""0""","=""3""","=""Low""","=""false"""
"=""bmi hospital""","=""10""","=""0""","=""2""","=""Low""","=""false"""
"=""bmi hotels""","=""10""","=""0""","=""2""","=""Low""","=""false"""
"=""bmi hospitality management""","=""10""","=""0""","=""3""","=""Low""","=""false"""
"=""bmi hours""","=""10""","=""0""","=""2""","=""Low""","=""false"""
"=""bmi how to measure""","=""10""","=""0""","=""4""","=""Low""","=""false"""
"=""bmi hpb""","=""10""","=""0""","=""2""","=""Low""","=""false"""
"=""bmi hpb singapore""","=""10""","=""0""","=""3""","=""Low""","=""false"""
"=""bmi hr""","=""10""","=""0""","=""2""","=""Low""","=""false"""
"=""bmi hq""","=""10""","=""0""","=""2""","=""Low""","=""false"""
"=""bmi human model""","=""10""","=""0""","=""3""","=""Low""","=""false"""
"=""bmi human body""","=""10""","=""0""","=""3""","=""Low""","=""false"""
"=""bmi human""","=""10""","=""0""","=""2""","=""Low""","=""false"""
"=""bmi hur räknar man ut""","=""10""","=""0""","=""5""","=""Low""","=""false"""
"=""bmi ht wt chart""","=""10""","=""0""","=""4""","=""Low""","=""false"""
"=""bmi html""","=""10""","=""0""","=""2""","=""Low""","=""false"""
"=""bmi hse""","=""10""","=""0""","=""2""","=""Low""","=""false"""
"=""bmi hs""","=""10""","=""0""","=""2""","=""Low""","=""false"""
"=""bmi hvac supply""","=""10""","=""0""","=""3""","=""Low""","=""false"""
"=""bmi hypertension""","=""10""","=""0""","=""2""","=""Low""","=""false"""
"=""bmi iap""","=""10""","=""0""","=""2""","=""Low""","=""false"""
"=""bmi is""","=""10""","=""0""","=""2""","=""Low""","=""false"""
"=""bmi iag""","=""10""","=""0""","=""2""","=""Low""","=""false"""
"=""bmi how""","=""10""","=""0""","=""2""","=""Low""","=""false"""
"=""bmi ibu hamil""","=""10""","=""0""","=""3""","=""Low""","=""false"""
"=""bmi ibw calculator""","=""10""","=""0""","=""3""","=""Low""","=""false"""
"=""bmi icd 10""","=""10""","=""0""","=""3""","=""Low""","=""false"""
"=""bmi icd 10 codes""","=""10""","=""0""","=""4""","=""Low""","=""false"""
"=""bmi icon""","=""10""","=""0""","=""2""","=""Low""","=""false"""
"=""bmi icd codes""","=""10""","=""0""","=""3""","=""Low""","=""false"""
"=""bmi ideal""","=""10""","=""0""","=""2""","=""Low""","=""false"""
"=""bmi ideal weight""","=""10""","=""0""","=""3""","=""Low""","=""false"""
"=""bmi ideal weight calculator""","=""10""","=""0""","=""4""","=""Low""","=""false"""
"=""bmi ideal calculator""","=""10""","=""0""","=""3""","=""Low""","=""false"""
"=""bmi identification""","=""10""","=""0""","=""2""","=""Low""","=""false"""
"=""bmi ideal body weight""","=""10""","=""0""","=""4""","=""Low""","=""false"""
"=""bmi ie""","=""10""","=""0""","=""2""","=""Low""","=""false"""
"=""bmi im alter""","=""10""","=""0""","=""3""","=""Low""","=""false"""
"=""bmi im alter berechnen""","=""10""","=""0""","=""4""","=""Low""","=""false"""
"=""bmi illustration""","=""10""","=""0""","=""2""","=""Low""","=""false"""
"=""bmi ile""","=""10""","=""0""","=""2""","=""Low""","=""false"""
"=""bmi index for women""","=""10""","=""0""","=""4""","=""Low""","=""false"""
"=""bmi insurance""","=""10""","=""0""","=""2""","=""Low""","=""false"""
"=""bmi index for men""","=""10""","=""0""","=""4""","=""Low""","=""false"""
"=""bmi in kg""","=""10""","=""0""","=""3""","=""Low""","=""false"""
"=""bmi in pregnancy""","=""10""","=""0""","=""3""","=""Low""","=""false"""
"=""bmi in""","=""10""","=""0""","=""2""","=""Low""","=""false"""
"=""bmi ipi number""","=""10""","=""0""","=""3""","=""Low""","=""false"""
"=""bmi ipi""","=""10""","=""0""","=""2""","=""Low""","=""false"""
"=""bmi ipi search""","=""10""","=""0""","=""3""","=""Low""","=""false"""
"=""bmi ipoh""","=""10""","=""0""","=""2""","=""Low""","=""false"""
"=""bmi iphone""","=""10""","=""0""","=""2""","=""Low""","=""false"""
"=""bmi ir""","=""10""","=""0""","=""2""","=""Low""","=""false"""
"=""bmi ireland""","=""10""","=""0""","=""2""","=""Low""","=""false"""
"=""bmi ireland calculator""","=""10""","=""0""","=""3""","=""Low""","=""false"""
"=""bmi iq test""","=""10""","=""0""","=""3""","=""Low""","=""false"""
"=""bmi iq""","=""10""","=""0""","=""2""","=""Low""","=""false"""
"=""bmi iq test free""","=""10""","=""0""","=""4""","=""Low""","=""false"""
"=""bmi iq test legit""","=""10""","=""0""","=""4""","=""Medium""","=""false"""
"=""bmi iq test answers""","=""10""","=""0""","=""4""","=""Low""","=""false"""
"=""bmi iq test review""","=""10""","=""0""","=""4""","=""Low""","=""false"""
"=""bmi iq test reddit""","=""10""","=""0""","=""4""","=""Low""","=""false"""
"=""bmi iq test results""","=""10""","=""0""","=""4""","=""Low""","=""false"""
"=""bmi is what""","=""10""","=""0""","=""3""","=""Low""","=""false"""
"=""bmi is outdated""","=""10""","=""0""","=""3""","=""Low""","=""false"""
"=""bmi is not a good indicator""","=""10""","=""0""","=""6""","=""Low""","=""false"""
"=""bmi is not accurate""","=""10""","=""0""","=""4""","=""Low""","=""false"""
"=""bmi ivf""","=""10""","=""0""","=""2""","=""Low""","=""false"""
"=""bmi over 40""","=""10""","=""0""","=""3""","=""Low""","=""false"""
"=""bmi over 30""","=""10""","=""0""","=""3""","=""Low""","=""false"""
"=""bmi over 35""","=""10""","=""0""","=""3""","=""Low""","=""false"""
"=""bmi overweight""","=""10""","=""0""","=""2""","=""Low""","=""false"""
"=""bmi itu apa""","=""10""","=""0""","=""3""","=""Low""","=""false"""
"=""bmi it""","=""10""","=""0""","=""2""","=""Low""","=""false"""
"=""bmi italy""","=""10""","=""0""","=""2""","=""Low""","=""false"""
"=""bmi italia""","=""10""","=""0""","=""2""","=""Low""","=""false"""
"=""bmi italiano""","=""10""","=""0""","=""2""","=""Low""","=""false"""
"=""bmi job""","=""10""","=""0""","=""2""","=""Low""","=""false"""
"=""bmi japan""","=""10""","=""0""","=""2""","=""Low""","=""false"""
"=""bmi japan calculator""","=""10""","=""0""","=""3""","=""Low""","=""false"""
"=""bmi uk""","=""10""","=""0""","=""2""","=""Low""","=""false"""
"=""bmi jennifer aniston""","=""10""","=""0""","=""3""","=""Low""","=""false"""
"=""bmi jobs""","=""10""","=""0""","=""2""","=""Low""","=""false"""
"=""bmi join""","=""10""","=""0""","=""2""","=""Low""","=""false"""
"=""bmi journal""","=""10""","=""0""","=""2""","=""Low""","=""false"""
"=""bmi jpa""","=""10""","=""0""","=""2""","=""Low""","=""false"""
"=""bmi jpg""","=""10""","=""0""","=""2""","=""Low""","=""false"""
"=""bmi js""","=""10""","=""0""","=""2""","=""Low""","=""false"""
"=""bmi jugendliche""","=""10""","=""0""","=""2""","=""Low""","=""false"""
"=""bmi jugendliche berechnen""","=""10""","=""0""","=""3""","=""Low""","=""false"""
"=""bmi jugendliche rechner""","=""10""","=""0""","=""3""","=""Low""","=""false"""
"=""bmi java""","=""10""","=""0""","=""2""","=""Low""","=""false"""
"=""bmi karts""","=""10""","=""0""","=""2""","=""Low""","=""false"""
"=""bmi kalkulačka""","=""10""","=""0""","=""2""","=""Medium""","=""false"""
"=""bmi kalkylator""","=""10""","=""0""","=""2""","=""Low""","=""false"""
"=""bmi kcal""","=""10""","=""0""","=""2""","=""Low""","=""false"""
"=""bmi key""","=""10""","=""0""","=""2""","=""Low""","=""false"""
"=""bmi of""","=""10""","=""0""","=""2""","=""Low""","=""false"""
"=""bmi magyarország kft""","=""10""","=""0""","=""3""","=""Low""","=""false"""
"=""bmi kg""","=""10""","=""0""","=""2""","=""Low""","=""false"""
"=""bmi kg and feet""","=""10""","=""0""","=""4""","=""Low""","=""false"""
"=""bmi kgs""","=""10""","=""0""","=""2""","=""Low""","=""false"""
"=""bmi kg chart""","=""10""","=""0""","=""3""","=""Low""","=""false"""
"=""bmi kg and m""","=""10""","=""0""","=""4""","=""Low""","=""false"""
"=""bmi king""","=""10""","=""0""","=""2""","=""Low""","=""false"""
"=""bmi kiraan""","=""10""","=""0""","=""2""","=""Low""","=""false"""
"=""bmi kkm""","=""10""","=""0""","=""2""","=""Low""","=""false"""
"=""bmi klassen""","=""10""","=""0""","=""2""","=""Low""","=""false"""
"=""bmi kobieta""","=""10""","=""0""","=""2""","=""Low""","=""false"""
"=""bmi korean""","=""10""","=""0""","=""2""","=""Low""","=""false"""
"=""bmi korea""","=""10""","=""0""","=""2""","=""Low""","=""false"""
"=""bmi kobiet""","=""10""","=""0""","=""2""","=""Low""","=""false"""
"=""bmi korea calculator""","=""10""","=""0""","=""3""","=""Low""","=""false"""
"=""bmi lbs""","=""10""","=""0""","=""2""","=""Low""","=""false"""
"=""bmi kpm""","=""10""","=""0""","=""2""","=""Low""","=""false"""
"=""bmi kpop idols""","=""10""","=""0""","=""3""","=""Low""","=""false"""
"=""bmi kpop""","=""10""","=""0""","=""2""","=""Low""","=""false"""
"=""bmi knoxville""","=""10""","=""0""","=""2""","=""Low""","=""false"""
"=""bmi kritik""","=""10""","=""0""","=""2""","=""Low""","=""false"""
"=""bmi kritisch""","=""10""","=""0""","=""2""","=""Low""","=""false"""
"=""bmi kurva barn""","=""10""","=""0""","=""3""","=""Low""","=""false"""
"=""bmi kvinna""","=""10""","=""0""","=""2""","=""Low""","=""false"""
"=""bmi kvinder""","=""10""","=""0""","=""2""","=""Low""","=""false"""
"=""bmi kvinde""","=""10""","=""0""","=""2""","=""Low""","=""false"""
"=""bmi kvinner 60 år""","=""10""","=""0""","=""4""","=""Low""","=""false"""
"=""bmi lab""","=""10""","=""0""","=""2""","=""Low""","=""false"""
"=""bmi laskuri""","=""10""","=""0""","=""2""","=""Low""","=""false"""
"=""bmi landing 60""","=""10""","=""0""","=""3""","=""Low""","=""false"""
"=""bmi lamongan""","=""10""","=""0""","=""2""","=""Low""","=""false"""
"=""bmi laskuri naiset""","=""10""","=""0""","=""3""","=""Low""","=""false"""
"=""bmi kya hota hai""","=""10""","=""0""","=""4""","=""Low""","=""false"""
"=""bmi kya hota h""","=""10""","=""0""","=""4""","=""Low""","=""false"""
"=""bmi lbs and inches""","=""10""","=""0""","=""4""","=""Low""","=""false"""
"=""bmi lbs formula""","=""10""","=""0""","=""3""","=""Low""","=""false"""
"=""bmi lbs calculator""","=""10""","=""0""","=""3""","=""Low""","=""false"""
"=""bmi lbs chart""","=""10""","=""0""","=""3""","=""Low""","=""false"""
"=""bmi calculator lbs and inches""","=""10""","=""0""","=""5""","=""Low""","=""false"""
"=""bmi login""","=""10""","=""0""","=""2""","=""Low""","=""false"""
"=""bmi chart kg""","=""10""","=""0""","=""3""","=""Low""","=""false"""
"=""bmi levels""","=""10""","=""0""","=""2""","=""Low""","=""false"""
"=""bmi levels female""","=""10""","=""0""","=""3""","=""Low""","=""false"""
"=""bmi levels male""","=""10""","=""0""","=""3""","=""Low""","=""false"""
"=""bmi levels of obesity""","=""10""","=""0""","=""4""","=""Low""","=""false"""
"=""bmi leisure""","=""10""","=""0""","=""2""","=""Low""","=""false"""
"=""bmi lehman engel musical theatre workshop""","=""10""","=""0""","=""6""","=""Low""","=""false"""
"=""bmi list""","=""10""","=""0""","=""2""","=""Low""","=""false"""
"=""bmi limitations""","=""10""","=""0""","=""2""","=""Low""","=""false"""
"=""bmi license""","=""10""","=""0""","=""2""","=""Low""","=""false"""
"=""bmi live""","=""10""","=""0""","=""2""","=""Low""","=""false"""
"=""bmi license cost""","=""10""","=""0""","=""3""","=""Low""","=""false"""
"=""bmi lincoln""","=""10""","=""0""","=""2""","=""Low""","=""false"""
"=""bmi lhl""","=""10""","=""0""","=""2""","=""Low""","=""false"""
"=""bmi llc""","=""10""","=""0""","=""2""","=""Low""","=""false"""
"=""bmi benefits llc""","=""10""","=""0""","=""3""","=""Low""","=""false"""
"=""bmi loại 4""","=""10""","=""0""","=""3""","=""Low""","=""false"""
"=""bmi logo""","=""10""","=""0""","=""2""","=""Low""","=""false"""
"=""bmi login music""","=""10""","=""0""","=""3""","=""Low""","=""false"""
"=""bmi low""","=""10""","=""0""","=""2""","=""Low""","=""false"""
"=""bmi logistics""","=""10""","=""0""","=""2""","=""Medium""","=""false"""
"=""bmi lose weight calculator""","=""10""","=""0""","=""4""","=""Low""","=""false"""
"=""bmi looks like""","=""10""","=""0""","=""3""","=""Low""","=""false"""
"=""bmi ltd""","=""10""","=""0""","=""2""","=""Low""","=""false"""
"=""bmi co ltd""","=""10""","=""0""","=""3""","=""Low""","=""false"""
"=""bmi level""","=""10""","=""0""","=""2""","=""Low""","=""false"""
"=""bmi lv""","=""10""","=""0""","=""2""","=""Low""","=""false"""
"=""bmi luxury auto""","=""10""","=""0""","=""3""","=""Low""","=""false"""
"=""bmi lyrics""","=""10""","=""0""","=""2""","=""Low""","=""false"""
"=""bmi lyricist""","=""10""","=""0""","=""2""","=""Low""","=""false"""
"=""bmi machine""","=""10""","=""0""","=""2""","=""Medium""","=""false"""
"=""bmi mann berechnen""","=""10""","=""0""","=""3""","=""Low""","=""false"""
"=""bmi mann tabelle""","=""10""","=""0""","=""3""","=""High""","=""false"""
"=""bmi map""","=""10""","=""0""","=""2""","=""Low""","=""false"""
"=""bmi math""","=""10""","=""0""","=""2""","=""Low""","=""false"""
"=""bmi md""","=""10""","=""0""","=""2""","=""Low""","=""false"""
"=""bmi mba""","=""10""","=""0""","=""2""","=""Low""","=""false"""
"=""bmi measure""","=""10""","=""0""","=""2""","=""Low""","=""false"""
"=""bmi messen""","=""10""","=""0""","=""2""","=""Low""","=""false"""
"=""bmi meaning medical""","=""10""","=""0""","=""3""","=""Low""","=""false"""
"=""bmi merchandise""","=""10""","=""0""","=""2""","=""Low""","=""false"""
"=""bmi metric""","=""10""","=""0""","=""2""","=""Low""","=""false"""
"=""bmi mining""","=""10""","=""0""","=""2""","=""Low""","=""false"""
"=""bmi military""","=""10""","=""0""","=""2""","=""Low""","=""false"""
"=""bmi minerals pvt ltd""","=""10""","=""0""","=""4""","=""Low""","=""false"""
"=""bmi ministerium""","=""10""","=""0""","=""2""","=""Low""","=""false"""
"=""bmi minimum""","=""10""","=""0""","=""2""","=""Low""","=""false"""
"=""bmi mk""","=""10""","=""0""","=""2""","=""Low""","=""false"""
"=""bmi monier""","=""10""","=""0""","=""2""","=""Low""","=""false"""
"=""bmi morbidly obese""","=""10""","=""0""","=""3""","=""Low""","=""false"""
"=""bmi model 3d""","=""10""","=""0""","=""3""","=""Low""","=""false"""
"=""bmi monitor""","=""10""","=""0""","=""2""","=""Low""","=""false"""
"=""bmi model visualizer""","=""10""","=""0""","=""3""","=""Low""","=""false"""
"=""bmi movie""","=""10""","=""0""","=""2""","=""Low""","=""false"""
"=""bmi msn""","=""10""","=""0""","=""2""","=""Low""","=""false"""
"=""bmi music license""","=""10""","=""0""","=""3""","=""Low""","=""false"""
"=""bmi music login""","=""10""","=""0""","=""3""","=""Low""","=""false"""
"=""bmi muscle mass""","=""10""","=""0""","=""3""","=""Low""","=""false"""
"=""bmi muscle""","=""10""","=""0""","=""2""","=""Low""","=""false"""
"=""bmi music awards""","=""10""","=""0""","=""3""","=""Low""","=""false"""
"=""bmi for muscle""","=""10""","=""0""","=""3""","=""Low""","=""false"""
"=""bmi mta""","=""10""","=""0""","=""2""","=""Low""","=""false"""
"=""bmi nz""","=""10""","=""0""","=""2""","=""Low""","=""false"""
"=""bmi nam việt nam""","=""10""","=""0""","=""4""","=""Low""","=""false"""
"=""bmi ncbi""","=""10""","=""0""","=""2""","=""Low""","=""false"""
"=""bmi nfz""","=""10""","=""0""","=""2""","=""Low""","=""false"""
"=""bmi nfl""","=""10""","=""0""","=""2""","=""Low""","=""false"""
"=""bmi near me""","=""10""","=""0""","=""3""","=""Low""","=""false"""
"=""bmi net""","=""10""","=""0""","=""2""","=""Low""","=""false"""
"=""bmi nhi""","=""10""","=""0""","=""2""","=""Low""","=""false"""
"=""bmi như nào là chuẩn""","=""10""","=""0""","=""5""","=""Low""","=""false"""
"=""bmi nhlbi""","=""10""","=""0""","=""2""","=""Low""","=""false"""
"=""bmi nih""","=""10""","=""0""","=""2""","=""Low""","=""false"""
"=""bmi nih calculator""","=""10""","=""0""","=""3""","=""Low""","=""false"""
"=""bmi benefits matawan nj""","=""10""","=""0""","=""4""","=""Low""","=""false"""
"=""bmi nl""","=""10""","=""0""","=""2""","=""Low""","=""false"""
"=""bmi calculator nl""","=""10""","=""0""","=""3""","=""Low""","=""false"""
"=""bmi nsw""","=""10""","=""0""","=""2""","=""Low""","=""false"""
"=""bmi normal range""","=""10""","=""0""","=""3""","=""Low""","=""false"""
"=""bmi normalgewicht""","=""10""","=""0""","=""2""","=""Low""","=""false"""
"=""bmi normal range female""","=""10""","=""0""","=""4""","=""Low""","=""false"""
"=""bmi normal weight""","=""10""","=""0""","=""3""","=""Low""","=""false"""
"=""bmi normal malaysia""","=""10""","=""0""","=""3""","=""Low""","=""false"""
"=""bmi calculator normal""","=""10""","=""0""","=""3""","=""Low""","=""false"""
"=""bmi numbers""","=""10""","=""0""","=""2""","=""Low""","=""false"""
"=""bmi number meaning""","=""10""","=""0""","=""3""","=""Low""","=""false"""
"=""bmi number""","=""10""","=""0""","=""2""","=""Low""","=""false"""
"=""bmi nudgee""","=""10""","=""0""","=""2""","=""Low""","=""false"""
"=""bmi numbers meaning""","=""10""","=""0""","=""3""","=""Low""","=""false"""
"=""bmi nutrition""","=""10""","=""0""","=""2""","=""Low""","=""false"""
"=""bmi nvca""","=""10""","=""0""","=""2""","=""Low""","=""false"""
"=""bmi nv""","=""10""","=""0""","=""2""","=""Low""","=""false"""
"=""bmi nz calculator""","=""10""","=""0""","=""3""","=""Low""","=""false"""
"=""bmi nyse""","=""10""","=""0""","=""2""","=""Low""","=""false"""
"=""bmi oblicz""","=""10""","=""0""","=""2""","=""Low""","=""false"""
"=""bmi obese range""","=""10""","=""0""","=""3""","=""Low""","=""false"""
"=""bmi obesity classes""","=""10""","=""0""","=""3""","=""Low""","=""false"""
"=""bmi odyssey""","=""10""","=""0""","=""2""","=""Low""","=""false"""
"=""bmi oec online""","=""10""","=""0""","=""3""","=""Low""","=""false"""
"=""bmi ok""","=""10""","=""0""","=""2""","=""Low""","=""false"""
"=""bmi oil""","=""10""","=""0""","=""2""","=""Low""","=""false"""
"=""bmi older woman calculator by age""","=""10""","=""0""","=""6""","=""Low""","=""false"""
"=""bmi online check""","=""10""","=""0""","=""3""","=""Low""","=""false"""
"=""bmi online rechner""","=""10""","=""0""","=""3""","=""Low""","=""false"""
"=""bmi online calcolo""","=""10""","=""0""","=""3""","=""Low""","=""false"""
"=""bmi origin""","=""10""","=""0""","=""2""","=""Low""","=""false"""
"=""bmi or ascap""","=""10""","=""0""","=""3""","=""Low""","=""false"""
"=""bmi organigramm""","=""10""","=""0""","=""2""","=""Low""","=""false"""
"=""bmi or bmr""","=""10""","=""0""","=""3""","=""Low""","=""false"""
"=""bmi or ascap which is better""","=""10""","=""0""","=""6""","=""Low""","=""false"""
"=""bmi optimal range""","=""10""","=""0""","=""3""","=""Low""","=""false"""
"=""bmi optimal""","=""10""","=""0""","=""2""","=""Low""","=""false"""
"=""bmi open""","=""10""","=""0""","=""2""","=""Low""","=""false"""
"=""bmi operation""","=""10""","=""0""","=""2""","=""Low""","=""false"""
"=""bmi optimal weight""","=""10""","=""0""","=""3""","=""Low""","=""false"""
"=""bmi osteoporosis""","=""10""","=""0""","=""2""","=""Low""","=""false"""
"=""bmi calculator omni""","=""10""","=""0""","=""3""","=""Low""","=""false"""
"=""bmi omni""","=""10""","=""0""","=""2""","=""Low""","=""false"""
"=""bmi omron""","=""10""","=""0""","=""2""","=""Low""","=""false"""
"=""bmi outdated""","=""10""","=""0""","=""2""","=""Low""","=""false"""
"=""bmi other name""","=""10""","=""0""","=""3""","=""Low""","=""false"""
"=""bmi otyłość""","=""10""","=""0""","=""2""","=""Low""","=""false"""
"=""bmi overweight range""","=""10""","=""0""","=""3""","=""Low""","=""false"""
"=""bmi over 50""","=""10""","=""0""","=""3""","=""Low""","=""false"""
"=""bmi over 25""","=""10""","=""0""","=""3""","=""Low""","=""false"""
"=""bmi overweight vs obese""","=""10""","=""0""","=""4""","=""Low""","=""false"""
"=""bmi over 30 means""","=""10""","=""0""","=""4""","=""Low""","=""false"""
"=""bmi ownership""","=""10""","=""0""","=""2""","=""Low""","=""false"""
"=""bmi oxides private limited""","=""10""","=""0""","=""4""","=""Low""","=""false"""
"=""bmi payment schedule""","=""10""","=""0""","=""3""","=""Low""","=""false"""
"=""bmi parameters""","=""10""","=""0""","=""2""","=""Low""","=""false"""
"=""bmi payment dates""","=""10""","=""0""","=""3""","=""Low""","=""false"""
"=""bmi parts""","=""10""","=""0""","=""2""","=""Low""","=""false"""
"=""bmi payments""","=""10""","=""0""","=""2""","=""Low""","=""false"""
"=""bmi pay""","=""10""","=""0""","=""2""","=""Low""","=""false"""
"=""bmi paediatric""","=""10""","=""0""","=""2""","=""Low""","=""false"""
"=""bmi payout dates""","=""10""","=""0""","=""3""","=""Low""","=""false"""
"=""bmi pdf""","=""10""","=""0""","=""2""","=""Low""","=""false"""
"=""bmi pbf""","=""10""","=""0""","=""2""","=""Low""","=""false"""
"=""bmi percentile chart""","=""10""","=""0""","=""3""","=""Low""","=""false"""
"=""bmi pediatric""","=""10""","=""0""","=""2""","=""Low""","=""false"""
"=""bmi perzentile""","=""10""","=""0""","=""2""","=""Low""","=""false"""
"=""bmi percentile calculator for adults""","=""10""","=""0""","=""5""","=""Low""","=""false"""
"=""bmi pgs""","=""10""","=""0""","=""2""","=""Low""","=""false"""
"=""bmi phụ nữ mang thai""","=""10""","=""0""","=""5""","=""Low""","=""false"""
"=""bmi phụ nữ việt nam""","=""10""","=""0""","=""5""","=""Low""","=""false"""
"=""bmi philippines""","=""10""","=""0""","=""2""","=""Low""","=""false"""
"=""bmi pharma""","=""10""","=""0""","=""2""","=""Low""","=""false"""
"=""bmi picture""","=""10""","=""0""","=""2""","=""Low""","=""false"""
"=""bmi pictures female""","=""10""","=""0""","=""3""","=""Low""","=""false"""
"=""bmi pie chart""","=""10""","=""0""","=""3""","=""Low""","=""false"""
"=""bmi plumbing""","=""10""","=""0""","=""2""","=""Low""","=""false"""
"=""bmi plane""","=""10""","=""0""","=""2""","=""Low""","=""false"""
"=""bmi platform""","=""10""","=""0""","=""2""","=""Low""","=""false"""
"=""bmi plus""","=""10""","=""0""","=""2""","=""Low""","=""false"""
"=""bmi plush""","=""10""","=""0""","=""2""","=""Low""","=""false"""
"=""bmi pmp""","=""10""","=""0""","=""2""","=""Low""","=""false"""
"=""bmi pmi""","=""10""","=""0""","=""2""","=""Low""","=""false"""
"=""bmi png""","=""10""","=""0""","=""2""","=""Low""","=""false"""
"=""bmi pnp calculator""","=""10""","=""0""","=""3""","=""Low""","=""false"""
"=""bmi png image""","=""10""","=""0""","=""3""","=""Low""","=""false"""
"=""bmi pop awards""","=""10""","=""0""","=""3""","=""Low""","=""false"""
"=""bmi pop awards 2026""","=""10""","=""0""","=""4""","=""Low""","=""false"""
"=""bmi pounds""","=""10""","=""0""","=""2""","=""Low""","=""false"""
"=""bmi poster""","=""10""","=""0""","=""2""","=""Low""","=""false"""
"=""bmi points""","=""10""","=""0""","=""2""","=""Low""","=""false"""
"=""bmi pop awards 2025""","=""10""","=""0""","=""4""","=""Low""","=""false"""
"=""bmi pop awards taylor swift""","=""10""","=""0""","=""5""","=""Low""","=""false"""
"=""bmi ppt""","=""10""","=""0""","=""2""","=""Low""","=""false"""
"=""bmi ppt slideshare""","=""10""","=""0""","=""3""","=""Low""","=""false"""
"=""bmi ppt template""","=""10""","=""0""","=""3""","=""Low""","=""false"""
"=""bmi pte ltd""","=""10""","=""0""","=""3""","=""Low""","=""false"""
"=""bmi pregnancy calculator""","=""10""","=""0""","=""3""","=""Low""","=""false"""
"=""bmi pro""","=""10""","=""0""","=""2""","=""Low""","=""false"""
"=""bmi pregnancy""","=""10""","=""0""","=""2""","=""Low""","=""false"""
"=""bmi prime""","=""10""","=""0""","=""2""","=""Low""","=""false"""
"=""bmi pregnancy weight gain""","=""10""","=""0""","=""4""","=""Low""","=""false"""
"=""bmi price""","=""10""","=""0""","=""2""","=""Low""","=""false"""
"=""bmi price list""","=""10""","=""0""","=""3""","=""Low""","=""false"""
"=""bmi prime meaning""","=""10""","=""0""","=""3""","=""Low""","=""false"""
"=""bmi publishing""","=""10""","=""0""","=""2""","=""Low""","=""false"""
"=""bmi purpose""","=""10""","=""0""","=""2""","=""Low""","=""false"""
"=""bmi publishing fee""","=""10""","=""0""","=""3""","=""Low""","=""false"""
"=""bmi publishing registration""","=""10""","=""0""","=""3""","=""Low""","=""false"""
"=""bmi pubg""","=""10""","=""0""","=""2""","=""Low""","=""false"""
"=""bmi cables pvt ltd""","=""10""","=""0""","=""4""","=""Low""","=""false"""
"=""bmi python code""","=""10""","=""0""","=""3""","=""Low""","=""false"""
"=""bmi python""","=""10""","=""0""","=""2""","=""Low""","=""false"""
"=""bmi pyramid""","=""10""","=""0""","=""2""","=""Low""","=""false"""
"=""bmi py""","=""10""","=""0""","=""2""","=""Low""","=""false"""
"=""bmi qatar airways""","=""10""","=""0""","=""3""","=""Low""","=""false"""
"=""bmi psychology""","=""10""","=""0""","=""2""","=""Low""","=""false"""
"=""bmi quetelet""","=""10""","=""0""","=""2""","=""Low""","=""false"""
"=""bmi rate""","=""10""","=""0""","=""2""","=""Low""","=""false"""
"=""bmi ranges for women""","=""10""","=""0""","=""4""","=""Low""","=""false"""
"=""bmi ratio""","=""10""","=""0""","=""2""","=""Low""","=""false"""
"=""bmi rating""","=""10""","=""0""","=""2""","=""Low""","=""false"""
"=""bmi range for female""","=""10""","=""0""","=""4""","=""Low""","=""false"""
"=""bmi range calculator""","=""10""","=""0""","=""3""","=""Low""","=""false"""
"=""bmi range normal""","=""10""","=""0""","=""3""","=""Low""","=""false"""
"=""bmi rechner mit alter und geschlecht""","=""10""","=""0""","=""6""","=""Low""","=""false"""
"=""bmi rechner tk""","=""10""","=""0""","=""3""","=""Low""","=""false"""
"=""bmi rechner männer""","=""10""","=""0""","=""3""","=""Low""","=""false"""
"=""bmi risks""","=""10""","=""0""","=""2""","=""Low""","=""false"""
"=""bmi ridgeway hospital""","=""10""","=""0""","=""3""","=""Low""","=""false"""
"=""bmi ridgeway""","=""10""","=""0""","=""2""","=""Low""","=""false"""
"=""bmi roofing systems sdn bhd""","=""10""","=""0""","=""5""","=""Low""","=""false"""
"=""bmi royalties""","=""10""","=""0""","=""2""","=""Low""","=""false"""
"=""bmi roofing""","=""10""","=""0""","=""2""","=""Low""","=""false"""
"=""bmi rule""","=""10""","=""0""","=""2""","=""Low""","=""false"""
"=""bmi running shoes""","=""10""","=""0""","=""3""","=""Low""","=""false"""
"=""bmi running""","=""10""","=""0""","=""2""","=""Medium""","=""false"""
"=""bmi rumus""","=""10""","=""0""","=""2""","=""Low""","=""false"""
"=""bmi russian""","=""10""","=""0""","=""2""","=""Low""","=""false"""
"=""bmi russia""","=""10""","=""0""","=""2""","=""Low""","=""false"""
"=""bmi runnymede""","=""10""","=""0""","=""2""","=""Low""","=""false"""
"=""bmi salta""","=""10""","=""0""","=""2""","=""Low""","=""false"""
"=""bmi sa""","=""10""","=""0""","=""2""","=""Low""","=""false"""
"=""bmi safe range""","=""10""","=""0""","=""3""","=""Low""","=""false"""
"=""bmi scale women""","=""10""","=""0""","=""3""","=""Low""","=""false"""
"=""bmi scale for men""","=""10""","=""0""","=""4""","=""Low""","=""false"""
"=""bmi scale calculator""","=""10""","=""0""","=""3""","=""Low""","=""false"""
"=""bmi score chart""","=""10""","=""0""","=""3""","=""Low""","=""false"""
"=""bmi scan""","=""10""","=""0""","=""2""","=""Low""","=""false"""
"=""bmi sds""","=""10""","=""0""","=""2""","=""Low""","=""false"""
"=""bmi sds calculator""","=""10""","=""0""","=""3""","=""Low""","=""false"""
"=""bmi sd""","=""10""","=""0""","=""2""","=""Low""","=""false"""
"=""bmi severely underweight""","=""10""","=""0""","=""3""","=""Low""","=""false"""
"=""bmi search""","=""10""","=""0""","=""2""","=""Low""","=""false"""
"=""bmi services inc""","=""10""","=""0""","=""3""","=""Low""","=""false"""
"=""bmi services""","=""10""","=""0""","=""2""","=""Low""","=""false"""
"=""bmi seguro medico""","=""10""","=""0""","=""3""","=""Low""","=""false"""
"=""bmi sg""","=""10""","=""0""","=""2""","=""Low""","=""false"""
"=""bmi sg calculator""","=""10""","=""0""","=""3""","=""Low""","=""false"""
"=""bmi share price""","=""10""","=""0""","=""3""","=""Low""","=""false"""
"=""bmi shoes""","=""10""","=""0""","=""2""","=""High""","=""false"""
"=""bmi sheet""","=""10""","=""0""","=""2""","=""Low""","=""false"""
"=""bmi shop""","=""10""","=""0""","=""2""","=""Low""","=""false"""
"=""bmi shipping""","=""10""","=""0""","=""2""","=""Low""","=""false"""
"=""bmi simulator""","=""10""","=""0""","=""2""","=""Low""","=""false"""
"=""bmi singapore""","=""10""","=""0""","=""2""","=""Low""","=""false"""
"=""bmi sign up""","=""10""","=""0""","=""3""","=""Low""","=""false"""
"=""bmi singapore calculator""","=""10""","=""0""","=""3""","=""Low""","=""false"""
"=""bmi simulator 3d""","=""10""","=""0""","=""3""","=""Low""","=""false"""
"=""bmi simulation visual""","=""10""","=""0""","=""3""","=""Low""","=""false"""
"=""bmi skala""","=""10""","=""0""","=""2""","=""Low""","=""false"""
"=""bmi skinny""","=""10""","=""0""","=""2""","=""Low""","=""false"""
"=""bmi skinny fat""","=""10""","=""0""","=""3""","=""Low""","=""false"""
"=""bmi slang""","=""10""","=""0""","=""2""","=""Low""","=""false"""
"=""bmi slider""","=""10""","=""0""","=""2""","=""Low""","=""false"""
"=""bmi slideshare""","=""10""","=""0""","=""2""","=""Low""","=""false"""
"=""bmi sloane hospital""","=""10""","=""0""","=""3""","=""Low""","=""false"""
"=""bmi smart scale""","=""10""","=""0""","=""3""","=""Low""","=""false"""
"=""bmi smash repairs""","=""10""","=""0""","=""3""","=""Low""","=""false"""
"=""bmi smart calculator""","=""10""","=""0""","=""3""","=""Low""","=""false"""
"=""bmi smart""","=""10""","=""0""","=""2""","=""Low""","=""false"""
"=""bmi sounding tape""","=""10""","=""0""","=""3""","=""Low""","=""false"""
"=""bmi song registration""","=""10""","=""0""","=""3""","=""Low""","=""false"""
"=""bmi songview""","=""10""","=""0""","=""2""","=""Low""","=""false"""
"=""bmi song search""","=""10""","=""0""","=""3""","=""Low""","=""false"""
"=""bmi songwriter""","=""10""","=""0""","=""2""","=""Low""","=""false"""
"=""bmi solver""","=""10""","=""0""","=""2""","=""Low""","=""false"""
"=""bmi solution""","=""10""","=""0""","=""2""","=""Low""","=""false"""
"=""bmi solving""","=""10""","=""0""","=""2""","=""Low""","=""false"""
"=""bmi songs""","=""10""","=""0""","=""2""","=""Low""","=""false"""
"=""bmi songview search""","=""10""","=""0""","=""3""","=""Low""","=""false"""
"=""bmi spectrum""","=""10""","=""0""","=""2""","=""Low""","=""false"""
"=""bmi sports""","=""10""","=""0""","=""2""","=""Low""","=""false"""
"=""bmi spark""","=""10""","=""0""","=""2""","=""Low""","=""false"""
"=""bmi spain""","=""10""","=""0""","=""2""","=""Low""","=""false"""
"=""bmi spanish""","=""10""","=""0""","=""2""","=""Low""","=""false"""
"=""bmi staff""","=""10""","=""0""","=""2""","=""Low""","=""false"""
"=""bmi stock price""","=""10""","=""0""","=""3""","=""Low""","=""false"""
"=""bmi status""","=""10""","=""0""","=""2""","=""Low""","=""false"""
"=""bmi stage""","=""10""","=""0""","=""2""","=""Low""","=""false"""
"=""bmi store""","=""10""","=""0""","=""2""","=""Low""","=""false"""
"=""bmi ss""","=""10""","=""0""","=""2""","=""Low""","=""false"""
"=""bmi surplus""","=""10""","=""0""","=""2""","=""Low""","=""false"""
"=""bmi surgery""","=""10""","=""0""","=""2""","=""Low""","=""false"""
"=""bmi support""","=""10""","=""0""","=""2""","=""Low""","=""false"""
"=""bmi surplus inc""","=""10""","=""0""","=""3""","=""Low""","=""false"""
"=""bmi supply""","=""10""","=""0""","=""2""","=""Low""","=""false"""
"=""bmi sverige ab""","=""10""","=""0""","=""3""","=""Low""","=""false"""
"=""bmi svømning""","=""10""","=""0""","=""2""","=""Low""","=""false"""
"=""bmi svg""","=""10""","=""0""","=""2""","=""Low""","=""false"""
"=""bmi srl""","=""10""","=""0""","=""2""","=""Low""","=""false"""
"=""bmi sweden""","=""10""","=""0""","=""2""","=""Medium""","=""false"""
"=""bmi tabelle""","=""10""","=""0""","=""2""","=""Low""","=""false"""
"=""bmi tabelle frauen nach alter""","=""10""","=""0""","=""5""","=""Low""","=""false"""
"=""bmi tabelle mann""","=""10""","=""0""","=""3""","=""High""","=""false"""
"=""bmi tabelle frauen""","=""10""","=""0""","=""3""","=""Low""","=""false"""
"=""bmi tattoo""","=""10""","=""0""","=""2""","=""Low""","=""false"""
"=""bmi tape measure""","=""10""","=""0""","=""3""","=""High""","=""false"""
"=""bmi számítás""","=""10""","=""0""","=""2""","=""Low""","=""false"""
"=""bmi system""","=""10""","=""0""","=""2""","=""Low""","=""false"""
"=""bmi symbol""","=""10""","=""0""","=""2""","=""Low""","=""false"""
"=""bmi systems group""","=""10""","=""0""","=""3""","=""Low""","=""false"""
"=""bmi telecom""","=""10""","=""0""","=""2""","=""Low""","=""false"""
"=""bmi technology""","=""10""","=""0""","=""2""","=""Low""","=""false"""
"=""bmi texas""","=""10""","=""0""","=""2""","=""Low""","=""false"""
"=""bmi tjek""","=""10""","=""0""","=""2""","=""Low""","=""false"""
"=""bmi tk""","=""10""","=""0""","=""2""","=""Low""","=""false"""
"=""bmi tw""","=""10""","=""0""","=""2""","=""Low""","=""false"""
"=""bmi tkk""","=""10""","=""0""","=""2""","=""Low""","=""false"""
"=""bmi tiêu chuẩn nvqs""","=""10""","=""0""","=""4""","=""Low""","=""false"""
"=""bmi tool""","=""10""","=""0""","=""2""","=""Low""","=""false"""
"=""bmi to body fat percentage""","=""10""","=""0""","=""5""","=""Low""","=""false"""
"=""bmi to weight calculator""","=""10""","=""0""","=""4""","=""Low""","=""false"""
"=""bmi to kg""","=""10""","=""0""","=""3""","=""Low""","=""false"""
"=""bmi to pounds""","=""10""","=""0""","=""3""","=""Low""","=""false"""
"=""bmi to height""","=""10""","=""0""","=""3""","=""Low""","=""false"""
"=""bmi tools""","=""10""","=""0""","=""2""","=""Low""","=""false"""
"=""bmi to fat percentage""","=""10""","=""0""","=""4""","=""Low""","=""false"""
"=""bmi tn""","=""10""","=""0""","=""2""","=""Low""","=""false"""
"=""bmi nashville tn""","=""10""","=""0""","=""3""","=""Low""","=""false"""
"=""bmi knoxville tn""","=""10""","=""0""","=""3""","=""Low""","=""false"""
"=""bmi tutorial""","=""10""","=""0""","=""2""","=""Low""","=""false"""
"=""bmi tuổi""","=""10""","=""0""","=""2""","=""Low""","=""false"""
"=""bmi tpo membrane""","=""10""","=""0""","=""3""","=""Low""","=""false"""
"=""bmi tpo""","=""10""","=""0""","=""2""","=""Low""","=""false"""
"=""bmi to""","=""10""","=""0""","=""2""","=""Low""","=""false"""
"=""bmi twitter""","=""10""","=""0""","=""2""","=""Low""","=""false"""
"=""bmi tx""","=""10""","=""0""","=""2""","=""Low""","=""false"""
"=""bmi types""","=""10""","=""0""","=""2""","=""Low""","=""false"""
"=""bmi unit""","=""10""","=""0""","=""2""","=""Low""","=""false"""
"=""bmi under 30""","=""10""","=""0""","=""3""","=""Low""","=""false"""
"=""bmi untergewicht""","=""10""","=""0""","=""2""","=""Low""","=""false"""
"=""bmi ucsf""","=""10""","=""0""","=""2""","=""Low""","=""false"""
"=""bmi udregner""","=""10""","=""0""","=""2""","=""Low""","=""false"""
"=""bmi beregner kvinde""","=""10""","=""0""","=""3""","=""Medium""","=""false"""
"=""bmi udregninger""","=""10""","=""0""","=""2""","=""Low""","=""false"""
"=""bmi beregner mænd""","=""10""","=""0""","=""3""","=""Low""","=""false"""
"=""bmi ui""","=""10""","=""0""","=""2""","=""Low""","=""false"""
"=""bmi ui design""","=""10""","=""0""","=""3""","=""Low""","=""false"""
"=""bmi uitslag""","=""10""","=""0""","=""2""","=""Low""","=""false"""
"=""bmi uk chart""","=""10""","=""0""","=""3""","=""Low""","=""false"""
"=""bmi uk nhs""","=""10""","=""0""","=""3""","=""Low""","=""false"""
"=""bmi units""","=""10""","=""0""","=""2""","=""Low""","=""false"""
"=""bmi underweight""","=""10""","=""0""","=""2""","=""Low""","=""false"""
"=""bmi underweight range""","=""10""","=""0""","=""3""","=""Low""","=""false"""
"=""bmi unikl""","=""10""","=""0""","=""2""","=""Low""","=""false"""
"=""bmi unit of measurement""","=""10""","=""0""","=""4""","=""Low""","=""false"""
"=""bmi university""","=""10""","=""0""","=""2""","=""Low""","=""false"""
"=""bmi under 18""","=""10""","=""0""","=""3""","=""Low""","=""false"""
"=""bmi update""","=""10""","=""0""","=""2""","=""Low""","=""false"""
"=""bmi updated chart""","=""10""","=""0""","=""3""","=""Low""","=""false"""
"=""bmi uomo calcolo""","=""10""","=""0""","=""3""","=""Low""","=""false"""
"=""bmi uae""","=""10""","=""0""","=""2""","=""Low""","=""false"""
"=""bmi ba""","=""10""","=""0""","=""2""","=""Low""","=""false"""
"=""bmi usa inc""","=""10""","=""0""","=""3""","=""Low""","=""false"""
"=""bmi usa""","=""10""","=""0""","=""2""","=""Low""","=""false"""
"=""bmi used for""","=""10""","=""0""","=""3""","=""Low""","=""false"""
"=""bmi use""","=""10""","=""0""","=""2""","=""Low""","=""false"""
"=""bmi us calculator""","=""10""","=""0""","=""3""","=""Low""","=""false"""
"=""bmi usage""","=""10""","=""0""","=""2""","=""Low""","=""false"""
"=""bmi usain bolt""","=""10""","=""0""","=""3""","=""Low""","=""false"""
"=""bmi urban dictionary""","=""10""","=""0""","=""3""","=""Low""","=""false"""
"=""bmi urban awards""","=""10""","=""0""","=""3""","=""Low""","=""false"""
"=""bmi uträkning""","=""10""","=""0""","=""2""","=""Low""","=""false"""
"=""bmi utah""","=""10""","=""0""","=""2""","=""Low""","=""false"""
"=""bmi räknare""","=""10""","=""0""","=""2""","=""High""","=""false"""
"=""bmi utregning""","=""10""","=""0""","=""2""","=""Low""","=""false"""
"=""bmi ut""","=""10""","=""0""","=""2""","=""Low""","=""false"""
"=""bmi values""","=""10""","=""0""","=""2""","=""Low""","=""false"""
"=""bmi value range""","=""10""","=""0""","=""3""","=""Low""","=""false"""
"=""bmi value chart""","=""10""","=""0""","=""3""","=""Low""","=""false"""
"=""bmi value calculator""","=""10""","=""0""","=""3""","=""Low""","=""false"""
"=""bmi valori""","=""10""","=""0""","=""2""","=""Low""","=""false"""
"=""bmi valve""","=""10""","=""0""","=""2""","=""Low""","=""false"""
"=""bmi verification""","=""10""","=""0""","=""2""","=""Low""","=""false"""
"=""bmi versus body fat percentage""","=""10""","=""0""","=""5""","=""Low""","=""false"""
"=""bmi vehicle hire""","=""10""","=""0""","=""3""","=""Low""","=""false"""
"=""bmi versus body fat""","=""10""","=""0""","=""4""","=""Low""","=""false"""
"=""bmi vietnam airlines""","=""10""","=""0""","=""3""","=""Low""","=""false"""
"=""bmi vietjet""","=""10""","=""0""","=""2""","=""Low""","=""false"""
"=""bmi việt nam nữ""","=""10""","=""0""","=""4""","=""Low""","=""false"""
"=""bmi visualizer 3d""","=""10""","=""0""","=""3""","=""Low""","=""true"""
"=""bmi vp shunt""","=""10""","=""0""","=""3""","=""Low""","=""false"""
"=""bmi voedingscentrum""","=""10""","=""0""","=""2""","=""Low""","=""false"""
"=""bmi calculator vn""","=""10""","=""0""","=""3""","=""Low""","=""false"""
"=""bmi vrouw""","=""10""","=""0""","=""2""","=""Low""","=""false"""
"=""bmi vrouwen""","=""10""","=""0""","=""2""","=""Low""","=""false"""
"=""bmi vrouw berekenen""","=""10""","=""0""","=""3""","=""Low""","=""false"""
"=""bmi vrouwen tabel""","=""10""","=""0""","=""3""","=""Low""","=""false"""
"=""bmi vs bmr""","=""10""","=""0""","=""3""","=""Low""","=""false"""
"=""bmi vs body fat percentage""","=""10""","=""0""","=""5""","=""Low""","=""false"""
"=""bmi vs ascap""","=""10""","=""0""","=""3""","=""Low""","=""false"""
"=""bmi vs weight""","=""10""","=""0""","=""3""","=""Low""","=""false"""
"=""bmi vs bsa""","=""10""","=""0""","=""3""","=""Low""","=""false"""
"=""bmi vs pbf""","=""10""","=""0""","=""3""","=""Low""","=""false"""
"=""bmi vs muscle mass""","=""10""","=""0""","=""4""","=""Low""","=""false"""
"=""bmi vs fat percentage""","=""10""","=""0""","=""4""","=""Low""","=""false"""
"=""bmi nghia vu quan su""","=""10""","=""0""","=""5""","=""Low""","=""false"""
"=""bmi vypocet""","=""10""","=""0""","=""2""","=""Low""","=""false"""
"=""bmi vypocet online""","=""10""","=""0""","=""3""","=""Medium""","=""false"""
"=""bmi vzorec""","=""10""","=""0""","=""2""","=""Low""","=""false"""
"=""bmi water japan""","=""10""","=""0""","=""3""","=""Low""","=""false"""
"=""bmi watson road""","=""10""","=""0""","=""3""","=""Low""","=""false"""
"=""bmi waist calculator""","=""10""","=""0""","=""3""","=""Low""","=""false"""
"=""bmi waist measurement""","=""10""","=""0""","=""3""","=""Low""","=""false"""
"=""bmi water""","=""10""","=""0""","=""2""","=""Low""","=""false"""
"=""bmi waist circumference""","=""10""","=""0""","=""3""","=""Low""","=""false"""
"=""bmi wanita normal""","=""10""","=""0""","=""3""","=""Low""","=""false"""
"=""bmi werte""","=""10""","=""0""","=""2""","=""Low""","=""false"""
"=""bmi weight calculator""","=""10""","=""0""","=""3""","=""Low""","=""false"""
"=""bmi weight chart""","=""10""","=""0""","=""3""","=""Low""","=""false"""
"=""bmi wert berechnen""","=""10""","=""0""","=""3""","=""Low""","=""false"""
"=""bmi wert""","=""10""","=""0""","=""2""","=""Low""","=""false"""
"=""bmi weight scale""","=""10""","=""0""","=""3""","=""Low""","=""false"""
"=""bmi weight loss calculator""","=""10""","=""0""","=""4""","=""Low""","=""false"""
"=""bmi wg who""","=""10""","=""0""","=""3""","=""Low""","=""false"""
"=""bmi what does it mean""","=""10""","=""0""","=""5""","=""Low""","=""false"""
"=""bmi who asia pacific""","=""10""","=""0""","=""4""","=""Low""","=""false"""
"=""bmi who chart""","=""10""","=""0""","=""3""","=""Low""","=""false"""
"=""bmi with age and gender""","=""10""","=""0""","=""5""","=""Low""","=""false"""
"=""bmi with muscle""","=""10""","=""0""","=""3""","=""Low""","=""false"""
"=""bmi with muscle mass""","=""10""","=""0""","=""4""","=""Low""","=""false"""
"=""bmi with waist""","=""10""","=""0""","=""3""","=""Low""","=""false"""
"=""bmi woman calculator""","=""10""","=""0""","=""3""","=""Low""","=""false"""
"=""bmi womens calculator""","=""10""","=""0""","=""3""","=""Low""","=""false"""
"=""bmi workout""","=""10""","=""0""","=""2""","=""Low""","=""false"""
"=""bmi work""","=""10""","=""0""","=""2""","=""Low""","=""false"""
"=""bmi world""","=""10""","=""0""","=""2""","=""Low""","=""false"""
"=""bmi woman 5 4""","=""10""","=""0""","=""4""","=""Low""","=""false"""
"=""bmi writer""","=""10""","=""0""","=""2""","=""Low""","=""false"""
"=""bmi wrong""","=""10""","=""0""","=""2""","=""Low""","=""false"""
"=""bmi writing""","=""10""","=""0""","=""2""","=""Low""","=""false"""
"=""bmi theo wpro idi""","=""10""","=""0""","=""4""","=""Low""","=""false"""
"=""bmi wskaznik""","=""10""","=""0""","=""2""","=""Low""","=""false"""
"=""bmi wyliczenie""","=""10""","=""0""","=""2""","=""Low""","=""false"""
"=""bmi wzor""","=""10""","=""0""","=""2""","=""Low""","=""false"""
"=""bmi wzory""","=""10""","=""0""","=""2""","=""Low""","=""false"""
"=""bmi xls""","=""10""","=""0""","=""2""","=""Low""","=""false"""
"=""bmi calculator xls""","=""10""","=""0""","=""3""","=""Low""","=""false"""
"=""bmi xray""","=""10""","=""0""","=""2""","=""Low""","=""false"""
"=""bmi yang normal""","=""10""","=""0""","=""3""","=""Low""","=""false"""
"=""bmi yang normal berapa""","=""10""","=""0""","=""4""","=""Low""","=""false"""
"=""bmi youth calculator""","=""10""","=""0""","=""3""","=""Low""","=""false"""
"=""bmi tracker""","=""10""","=""0""","=""2""","=""Low""","=""false"""
"=""bmi zakresy""","=""10""","=""0""","=""2""","=""Low""","=""false"""
"=""bmi za djecu""","=""10""","=""0""","=""3""","=""Low""","=""false"""
"=""bmi zakres""","=""10""","=""0""","=""2""","=""Low""","=""false"""
"=""bmi zoetermeer""","=""10""","=""0""","=""2""","=""Low""","=""false"""
"=""bmi zones""","=""10""","=""0""","=""2""","=""Low""","=""false"""
"=""bmi zonen""","=""10""","=""0""","=""2""","=""Low""","=""false"""
"=""bmi dưới bao nhiêu là không đi nghĩa vụ""","=""10""","=""0""","=""9""","=""Low""","=""false"""
"=""bmi dưới 18 là sức khoẻ loại mấy""","=""10""","=""0""","=""8""","=""Low""","=""false"""
"=""bmi máy tính""","=""10""","=""0""","=""3""","=""Low""","=""false"""
"=""bmi mẹ bầu""","=""10""","=""0""","=""3""","=""Low""","=""false"""
"=""bmi o""","=""10""","=""0""","=""2""","=""Low""","=""false"""
"=""bmi q""","=""10""","=""0""","=""2""","=""Low""","=""false"""
"=""bmi x""","=""10""","=""0""","=""2""","=""Low""","=""false"""
"=""bmi z score calculator""","=""10""","=""0""","=""4""","=""Low""","=""false"""
"=""bmi 0""","=""10""","=""0""","=""2""","=""Low""","=""false"""
"=""bmi 0 means""","=""10""","=""0""","=""3""","=""Low""","=""false"""
"=""bmi 45""","=""10""","=""0""","=""2""","=""Low""","=""false"""
"=""bmi 42""","=""10""","=""0""","=""2""","=""Low""","=""false"""
"=""bmi 41""","=""10""","=""0""","=""2""","=""Low""","=""false"""
"=""bmi 43""","=""10""","=""0""","=""2""","=""Low""","=""false"""
"=""bmi 44""","=""10""","=""0""","=""2""","=""Low""","=""false"""
"=""bmi 46""","=""10""","=""0""","=""2""","=""Low""","=""false"""
"=""bmi 47""","=""10""","=""0""","=""2""","=""Low""","=""false"""
"=""bmi 48""","=""10""","=""0""","=""2""","=""Low""","=""false"""
"=""bmi 40 male""","=""10""","=""0""","=""3""","=""Low""","=""false"""
"=""bmi 50""","=""10""","=""0""","=""2""","=""Low""","=""false"""
"=""bmi 5 4 female""","=""10""","=""0""","=""4""","=""Low""","=""false"""
"=""bmi 5 6 female""","=""10""","=""0""","=""4""","=""Low""","=""false"""
"=""bmi 5 7 female""","=""10""","=""0""","=""4""","=""Low""","=""false"""
"=""bmi 55""","=""10""","=""0""","=""2""","=""Low""","=""false"""
"=""bmi 52""","=""10""","=""0""","=""2""","=""Low""","=""false"""
"=""bmi 51""","=""10""","=""0""","=""2""","=""Low""","=""false"""
"=""bmi 5 4""","=""10""","=""0""","=""3""","=""Low""","=""false"""
"=""bmi 53""","=""10""","=""0""","=""2""","=""Low""","=""false"""
"=""bmi 5""","=""10""","=""0""","=""2""","=""Low""","=""false"""
"=""bmi 60kg 160cm""","=""10""","=""0""","=""3""","=""Low""","=""false"""
"=""bmi 60""","=""10""","=""0""","=""2""","=""Low""","=""false"""
"=""bmi 65""","=""10""","=""0""","=""2""","=""Low""","=""false"""
"=""bmi 67""","=""10""","=""0""","=""2""","=""Low""","=""false"""
"=""bmi 6""","=""10""","=""0""","=""2""","=""Low""","=""false"""
"=""bmi 66""","=""10""","=""0""","=""2""","=""Low""","=""false"""
"=""bmi 64""","=""10""","=""0""","=""2""","=""Low""","=""false"""
"=""bmi 61""","=""10""","=""0""","=""2""","=""Low""","=""false"""
"=""bmi 63""","=""10""","=""0""","=""2""","=""Low""","=""false"""
"=""bmi 70""","=""10""","=""0""","=""2""","=""Low""","=""false"""
"=""bmi 71""","=""10""","=""0""","=""2""","=""Low""","=""false"""
"=""bmi 72""","=""10""","=""0""","=""2""","=""Low""","=""false"""
"=""bmi 75""","=""10""","=""0""","=""2""","=""Low""","=""false"""
"=""bmi 7""","=""10""","=""0""","=""2""","=""Low""","=""false"""
"=""bmi 77""","=""10""","=""0""","=""2""","=""Low""","=""false"""
"=""bmi 78""","=""10""","=""0""","=""2""","=""Low""","=""false"""
"=""bmi 76""","=""10""","=""0""","=""2""","=""Low""","=""false"""
"=""bmi 80""","=""10""","=""0""","=""2""","=""Low""","=""false"""
"=""bmi 8""","=""10""","=""0""","=""2""","=""Low""","=""false"""
"=""bmi 85""","=""10""","=""0""","=""2""","=""Low""","=""false"""
"=""bmi 82""","=""10""","=""0""","=""2""","=""Low""","=""false"""
"=""bmi 88""","=""10""","=""0""","=""2""","=""Low""","=""false"""
"=""bmi 83""","=""10""","=""0""","=""2""","=""Low""","=""false"""
"=""bmi 86""","=""10""","=""0""","=""2""","=""Low""","=""false"""
"=""bmi 84""","=""10""","=""0""","=""2""","=""Low""","=""false"""
"=""bmi 9""","=""10""","=""0""","=""2""","=""Low""","=""false"""
"=""bmi 90""","=""10""","=""0""","=""2""","=""Low""","=""false"""
"=""bmi 95th percentile""","=""10""","=""0""","=""3""","=""Low""","=""false"""
"=""bmi 99th percentile""","=""10""","=""0""","=""3""","=""Low""","=""false"""
"=""bmi 95""","=""10""","=""0""","=""2""","=""Low""","=""false"""
"=""bmi 99""","=""10""","=""0""","=""2""","=""Low""","=""false"""
"=""bmi 95th percentile for age""","=""10""","=""0""","=""5""","=""Low""","=""false"""
"=""bmi là gì trong y học""","=""10""","=""0""","=""6""","=""Low""","=""true"""
"=""bmi là gì online""","=""10""","=""0""","=""4""","=""Low""","=""false"""
"=""bmi tính từ bao nhiêu tuổi""","=""10""","=""0""","=""6""","=""Low""","=""false"""
"=""bmi của nam bao nhiêu là chuẩn""","=""10""","=""0.01""","=""7""","=""Low""","=""false"""
"=""bmi của nữ bao nhiêu là chuẩn""","=""10""","=""0""","=""7""","=""Low""","=""true"""
"=""bmi trên bao nhiêu là béo phì""","=""10""","=""0""","=""7""","=""Low""","=""false"""
"=""bmi trong cơ thể là gì""","=""10""","=""0""","=""6""","=""Low""","=""false"""
"=""bmi dưới 18 5""","=""10""","=""0""","=""4""","=""Low""","=""false"""
"=""bmi 1.68""","=""0""","=""0""","=""2""","=""Low""","=""false"""
"=""bmi 150 cm""","=""0""","=""0""","=""3""","=""Low""","=""false"""
"=""bmi 166""","=""0""","=""0""","=""2""","=""Low""","=""false"""
"=""bmi 181cm""","=""0""","=""0""","=""2""","=""Low""","=""false"""
"=""bmi 187 cm""","=""0""","=""0""","=""3""","=""Low""","=""false"""
"=""bmi 188 cm""","=""0""","=""0""","=""3""","=""Low""","=""false"""
"=""bmi 190 cm""","=""0""","=""0""","=""3""","=""Low""","=""false"""
"=""bmi 193 cm""","=""0""","=""0""","=""3""","=""Low""","=""false"""
"=""bmi 2m""","=""0""","=""0""","=""2""","=""Low""","=""false"""
"=""bmi br""","=""0""","=""0""","=""2""","=""Low""","=""false"""
"=""bmi calculator po polsku""","=""0""","=""0""","=""4""","=""Low""","=""false"""
"=""bmi dieta""","=""0""","=""0""","=""2""","=""Low""","=""false"""
"=""bmi indikator""","=""0""","=""0""","=""2""","=""Low""","=""false"""
"=""bmi je""","=""0""","=""0""","=""2""","=""Low""","=""false"""
"=""bmi meter 2m""","=""0""","=""0""","=""3""","=""Low""","=""false"""
"=""bmi no""","=""0""","=""0""","=""2""","=""Low""","=""false"""
"=""bmi php""","=""0""","=""0""","=""2""","=""Low""","=""false"""
"=""bmi aarp calculator""","=""0""","=""0""","=""3""","=""Low""","=""false"""
"=""bmi aarp calculator female""","=""0""","=""0""","=""4""","=""Low""","=""false"""
"=""bmi aarp calculator male""","=""0""","=""0""","=""4""","=""Low""","=""false"""
"=""bmi aalst""","=""0""","=""0""","=""2""","=""Low""","=""false"""
"=""bmi aalborg""","=""0""","=""0""","=""2""","=""Low""","=""false"""
"=""bmi aarhus""","=""0""","=""0""","=""2""","=""Low""","=""false"""
"=""bmi aadhar""","=""0""","=""0""","=""2""","=""Low""","=""false"""
"=""bmi above 40""","=""0""","=""0""","=""3""","=""Low""","=""false"""
"=""bmi above 30 means""","=""0""","=""0""","=""4""","=""Low""","=""false"""
"=""bmi above 35""","=""0""","=""0""","=""3""","=""Low""","=""false"""
"=""bmi above 50""","=""0""","=""0""","=""3""","=""Low""","=""false"""
"=""bmi according to height""","=""0""","=""0""","=""4""","=""Low""","=""false"""
"=""bmi acacia ridge""","=""0""","=""0""","=""3""","=""Low""","=""false"""
"=""bmi according to height and age""","=""0""","=""0""","=""6""","=""Low""","=""false"""
"=""bmi address""","=""0""","=""0""","=""2""","=""Low""","=""false"""
"=""bmi adolescent""","=""0""","=""0""","=""2""","=""Low""","=""false"""
"=""bmi adolescent calculator""","=""0""","=""0""","=""3""","=""Low""","=""false"""
"=""bmi aerospace""","=""0""","=""0""","=""2""","=""Low""","=""false"""
"=""bmi aetna""","=""0""","=""0""","=""2""","=""Low""","=""false"""
"=""bmi aerodek""","=""0""","=""0""","=""2""","=""Low""","=""false"""
"=""bmi aesthetic""","=""0""","=""0""","=""2""","=""Low""","=""false"""
"=""bmi aesthetics""","=""0""","=""0""","=""2""","=""Low""","=""false"""
"=""bmi aespa""","=""0""","=""0""","=""2""","=""Low""","=""false"""
"=""bmi aerlox""","=""0""","=""0""","=""2""","=""Low""","=""false"""
"=""bmi aeropuerto""","=""0""","=""0""","=""2""","=""Low""","=""false"""
"=""bmi aerodek tradition""","=""0""","=""0""","=""3""","=""Low""","=""false"""
"=""bmi after pregnancy""","=""0""","=""0""","=""3""","=""Low""","=""false"""
"=""bmi africa""","=""0""","=""0""","=""2""","=""Low""","=""false"""
"=""bmi african""","=""0""","=""0""","=""2""","=""Low""","=""false"""
"=""bmi african american male""","=""0""","=""0""","=""4""","=""Low""","=""false"""
"=""bmi african american women""","=""0""","=""0""","=""4""","=""Low""","=""false"""
"=""bmi african woman""","=""0""","=""0""","=""3""","=""Low""","=""false"""
"=""bmi agaya""","=""0""","=""0""","=""2""","=""Low""","=""false"""
"=""bmi agency adalah""","=""0""","=""0""","=""3""","=""Low""","=""false"""
"=""bmi ahorro""","=""0""","=""0""","=""2""","=""Low""","=""false"""
"=""bmi ahorro ecuador""","=""0""","=""0""","=""3""","=""Low""","=""false"""
"=""bmi ahorro simulador""","=""0""","=""0""","=""3""","=""Low""","=""false"""
"=""bmi aha""","=""0""","=""0""","=""2""","=""Low""","=""false"""
"=""bmi ahorro internacional""","=""0""","=""0""","=""3""","=""Low""","=""false"""
"=""bmi ahorro costa rica""","=""0""","=""0""","=""4""","=""Low""","=""false"""
"=""bmi ahorro colombia""","=""0""","=""0""","=""3""","=""Low""","=""false"""
"=""bmi ahorro opiniones""","=""0""","=""0""","=""3""","=""Low""","=""false"""
"=""bmi airport car rental""","=""0""","=""0""","=""4""","=""Low""","=""false"""
"=""bmi aircraft""","=""0""","=""0""","=""2""","=""Low""","=""false"""
"=""bmi ajin""","=""0""","=""0""","=""2""","=""Low""","=""false"""
"=""bmi apa aja""","=""0""","=""0""","=""3""","=""Low""","=""false"""
"=""bmi aku""","=""0""","=""0""","=""2""","=""Low""","=""false"""
"=""bmi akp spp""","=""0""","=""0""","=""3""","=""Low""","=""false"""
"=""bmi aktuell""","=""0""","=""0""","=""2""","=""Low""","=""false"""
"=""bmi ako sa pocita""","=""0""","=""0""","=""4""","=""Low""","=""false"""
"=""bmi akord kytara""","=""0""","=""0""","=""3""","=""Low""","=""false"""
"=""bmi aka""","=""0""","=""0""","=""2""","=""Low""","=""false"""
"=""bmi akord piano""","=""0""","=""0""","=""3""","=""Low""","=""false"""
"=""bmi akurat""","=""0""","=""0""","=""2""","=""Low""","=""false"""
"=""bmi also known as""","=""0""","=""0""","=""4""","=""Low""","=""false"""
"=""bmi alternative calculator""","=""0""","=""0""","=""3""","=""Low""","=""false"""
"=""bmi alternative for women""","=""0""","=""0""","=""4""","=""Low""","=""false"""
"=""bmi amp calculator""","=""0""","=""0""","=""3""","=""Low""","=""false"""
"=""bmi amount""","=""0""","=""0""","=""2""","=""Low""","=""false"""
"=""bmi am best rating""","=""0""","=""0""","=""4""","=""Low""","=""false"""
"=""bmi american heart association""","=""0""","=""0""","=""4""","=""Low""","=""false"""
"=""bmi american calculator""","=""0""","=""0""","=""3""","=""Low""","=""false"""
"=""bmi am i overweight""","=""0""","=""0""","=""4""","=""Low""","=""false"""
"=""bmi american women""","=""0""","=""0""","=""3""","=""Low""","=""false"""
"=""bmi amberley""","=""0""","=""0""","=""2""","=""Low""","=""false"""
"=""bmi an toàn""","=""0""","=""0""","=""3""","=""Low""","=""false"""
"=""bmi anorexia""","=""0""","=""0""","=""2""","=""Low""","=""false"""
"=""bmi aok rechner""","=""0""","=""0""","=""3""","=""Low""","=""false"""
"=""bmi aoi""","=""0""","=""0""","=""2""","=""Low""","=""false"""
"=""bmi aol""","=""0""","=""0""","=""2""","=""Low""","=""false"""
"=""bmi aom""","=""0""","=""0""","=""2""","=""Low""","=""false"""
"=""bmi aok kinder""","=""0""","=""0""","=""3""","=""Low""","=""false"""
"=""bmi ao""","=""0""","=""0""","=""2""","=""Low""","=""false"""
"=""bmi app store""","=""0""","=""0""","=""3""","=""Low""","=""false"""
"=""bmi app ui""","=""0""","=""0""","=""3""","=""Low""","=""false"""
"=""bmi internet reclame aqui""","=""0""","=""0""","=""4""","=""Low""","=""false"""
"=""bmi army calculator""","=""0""","=""0""","=""3""","=""Low""","=""false"""
"=""bmi artinya""","=""0""","=""0""","=""2""","=""Low""","=""false"""
"=""bmi artist search""","=""0""","=""0""","=""3""","=""Low""","=""false"""
"=""bmi architecture""","=""0""","=""0""","=""2""","=""Low""","=""false"""
"=""bmi ar sutro""","=""0""","=""0""","=""3""","=""Low""","=""false"""
"=""bmi artist registration""","=""0""","=""0""","=""3""","=""Low""","=""false"""
"=""bmi asian women""","=""0""","=""0""","=""3""","=""Low""","=""false"""
"=""bmi atlanta""","=""0""","=""0""","=""2""","=""Low""","=""false"""
"=""bmi atm near me""","=""0""","=""0""","=""4""","=""Low""","=""false"""
"=""bmi austin""","=""0""","=""0""","=""2""","=""Low""","=""false"""
"=""bmi auto llc""","=""0""","=""0""","=""3""","=""Low""","=""false"""
"=""bmi autism services""","=""0""","=""0""","=""3""","=""Low""","=""false"""
"=""bmi awards winners""","=""0""","=""0""","=""3""","=""Low""","=""false"""
"=""bmi awards 2025""","=""0""","=""0""","=""3""","=""Low""","=""false"""
"=""bmi award winners 2026""","=""0""","=""0""","=""4""","=""Low""","=""false"""
"=""bmi awards 2026 date""","=""0""","=""0""","=""4""","=""Low""","=""false"""
"=""bmi aware""","=""0""","=""0""","=""2""","=""Low""","=""false"""
"=""bmi awards 2026 winners list""","=""0""","=""0""","=""5""","=""Low""","=""false"""
"=""bmi awards michael jackson""","=""0""","=""0""","=""4""","=""Low""","=""false"""
"=""bmi bbraun""","=""0""","=""0""","=""2""","=""Low""","=""false"""
"=""bmi bbb""","=""0""","=""0""","=""2""","=""Low""","=""false"""
"=""bmi bb""","=""0""","=""0""","=""2""","=""Low""","=""false"""
"=""bmi bbl""","=""0""","=""0""","=""2""","=""Low""","=""false"""
"=""bmi bb tb""","=""0""","=""0""","=""3""","=""Low""","=""false"""
"=""bmi bbk""","=""0""","=""0""","=""2""","=""Low""","=""false"""
"=""bmi bb 65 tb 158""","=""0""","=""0""","=""5""","=""Low""","=""false"""
"=""bmi bb 60 tb 160""","=""0""","=""0""","=""5""","=""Low""","=""false"""
"=""bmi axis""","=""0""","=""0""","=""2""","=""Low""","=""false"""
"=""bmi axa""","=""0""","=""0""","=""2""","=""Low""","=""false"""
"=""bmi axelent x guard""","=""0""","=""0""","=""4""","=""Low""","=""false"""
"=""bmi ax""","=""0""","=""0""","=""2""","=""Low""","=""false"""
"=""bmi axle kit""","=""0""","=""0""","=""3""","=""Low""","=""false"""
"=""bmi axle""","=""0""","=""0""","=""2""","=""Low""","=""false"""
"=""bmi axis max life""","=""0""","=""0""","=""4""","=""Low""","=""false"""
"=""bmi average by age""","=""0""","=""0""","=""4""","=""Low""","=""false"""
"=""bmi avatar""","=""0""","=""0""","=""2""","=""Low""","=""false"""
"=""bmi average us""","=""0""","=""0""","=""3""","=""Low""","=""false"""
"=""bmi bctc""","=""0""","=""0""","=""2""","=""Low""","=""false"""
"=""bmi bca""","=""0""","=""0""","=""2""","=""Low""","=""false"""
"=""bmi bc calculator""","=""0""","=""0""","=""3""","=""Low""","=""false"""
"=""bmi bcm""","=""0""","=""0""","=""2""","=""Low""","=""false"""
"=""bmi bc""","=""0""","=""0""","=""2""","=""Low""","=""false"""
"=""bmi bcp""","=""0""","=""0""","=""2""","=""Low""","=""false"""
"=""bmi bca plus""","=""0""","=""0""","=""3""","=""Low""","=""false"""
"=""bmi bcc""","=""0""","=""0""","=""2""","=""Low""","=""false"""
"=""bmi aziatische afkomst""","=""0""","=""0""","=""3""","=""Low""","=""false"""
"=""bmi azienda""","=""0""","=""0""","=""2""","=""Low""","=""false"""
"=""bmi aziaten""","=""0""","=""0""","=""2""","=""Low""","=""false"""
"=""bmi aziatische vrouw""","=""0""","=""0""","=""3""","=""Low""","=""false"""
"=""bmi azure""","=""0""","=""0""","=""2""","=""Low""","=""false"""
"=""bmi aziaten berekenen""","=""0""","=""0""","=""3""","=""Low""","=""false"""
"=""bmi azioni""","=""0""","=""0""","=""2""","=""Low""","=""false"""
"=""bmi aziende""","=""0""","=""0""","=""2""","=""Low""","=""false"""
"=""bmi az""","=""0""","=""0""","=""2""","=""Low""","=""false"""
"=""bmi az mi""","=""0""","=""0""","=""3""","=""Low""","=""false"""
"=""bmi bei kindern""","=""0""","=""0""","=""3""","=""Low""","=""false"""
"=""bmi bd""","=""0""","=""0""","=""2""","=""Low""","=""false"""
"=""bmi bdu""","=""0""","=""0""","=""2""","=""Low""","=""false"""
"=""bmi bdbos""","=""0""","=""0""","=""2""","=""Low""","=""false"""
"=""bmi bda""","=""0""","=""0""","=""2""","=""Low""","=""false"""
"=""bmi calculator bd male""","=""0""","=""0""","=""4""","=""Low""","=""false"""
"=""bmi ayala""","=""0""","=""0""","=""2""","=""Low""","=""false"""
"=""bmi ayala address""","=""0""","=""0""","=""3""","=""Low""","=""false"""
"=""bmi ayurveda""","=""0""","=""0""","=""2""","=""Low""","=""false"""
"=""bmi aylesford""","=""0""","=""0""","=""2""","=""Low""","=""false"""
"=""bmi hospital decontamination aylesford reviews""","=""0""","=""0""","=""5""","=""Low""","=""false"""
"=""bmi bfp""","=""0""","=""0""","=""2""","=""Low""","=""false"""
"=""bmi bf calculator""","=""0""","=""0""","=""3""","=""Low""","=""false"""
"=""bmi bfa""","=""0""","=""0""","=""2""","=""Low""","=""false"""
"=""bmi bfr""","=""0""","=""0""","=""2""","=""Low""","=""false"""
"=""bmi bf bw bone chart""","=""0""","=""0""","=""5""","=""Low""","=""false"""
"=""bmi bfi""","=""0""","=""0""","=""2""","=""Low""","=""false"""
"=""bmi bfm""","=""0""","=""0""","=""2""","=""Low""","=""false"""
"=""bmi bgm""","=""0""","=""0""","=""2""","=""Low""","=""false"""
"=""bmi bgmi""","=""0""","=""0""","=""2""","=""Low""","=""false"""
"=""bmi bgs""","=""0""","=""0""","=""2""","=""Low""","=""false"""
"=""bmi bhaban""","=""0""","=""0""","=""2""","=""Low""","=""false"""
"=""bmi bhf""","=""0""","=""0""","=""2""","=""Low""","=""false"""
"=""bmi bhf calculator""","=""0""","=""0""","=""3""","=""Low""","=""false"""
"=""bmi bhv""","=""0""","=""0""","=""2""","=""Low""","=""false"""
"=""bmi bhopal""","=""0""","=""0""","=""2""","=""Low""","=""false"""
"=""bmi bhutan""","=""0""","=""0""","=""2""","=""Low""","=""false"""
"=""bmi bhiwadi""","=""0""","=""0""","=""2""","=""Low""","=""false"""
"=""bmi bha""","=""0""","=""0""","=""2""","=""Low""","=""false"""
"=""bmi bi""","=""0""","=""0""","=""2""","=""Low""","=""false"""
"=""bmi bij mannen""","=""0""","=""0""","=""3""","=""Low""","=""false"""
"=""bmi bka""","=""0""","=""0""","=""2""","=""Low""","=""false"""
"=""bmi bkk linde""","=""0""","=""0""","=""3""","=""Low""","=""false"""
"=""bmi bkk""","=""0""","=""0""","=""2""","=""Low""","=""false"""
"=""bmi bka calculator""","=""0""","=""0""","=""3""","=""Low""","=""false"""
"=""bmi bki ir""","=""0""","=""0""","=""3""","=""Low""","=""false"""
"=""bmi bkg""","=""0""","=""0""","=""2""","=""Low""","=""false"""
"=""bmi blackfalds""","=""0""","=""0""","=""2""","=""Low""","=""false"""
"=""bmi black women""","=""0""","=""0""","=""3""","=""Low""","=""false"""
"=""bmi blood test meaning""","=""0""","=""0""","=""4""","=""Low""","=""false"""
"=""bmi boys""","=""0""","=""0""","=""2""","=""Low""","=""false"""
"=""bmi of bodybuilder""","=""0""","=""0""","=""3""","=""Low""","=""false"""
"=""bmi bn là béo phì""","=""0""","=""0""","=""5""","=""Low""","=""false"""
"=""bmi bn""","=""0""","=""0""","=""2""","=""Low""","=""false"""
"=""bmi bni""","=""0""","=""0""","=""2""","=""Low""","=""false"""
"=""bmi bn là béo""","=""0""","=""0""","=""4""","=""Low""","=""false"""
"=""bmi bnp""","=""0""","=""0""","=""2""","=""Low""","=""false"""
"=""bmi bnf""","=""0""","=""0""","=""2""","=""Low""","=""false"""
"=""bmi bjmp""","=""0""","=""0""","=""2""","=""Low""","=""false"""
"=""bmi bjergby""","=""0""","=""0""","=""2""","=""Low""","=""false"""
"=""bmi bmr difference""","=""0""","=""0""","=""3""","=""Low""","=""false"""
"=""bmi bmr formula""","=""0""","=""0""","=""3""","=""Low""","=""false"""
"=""bmi bmr full form""","=""0""","=""0""","=""4""","=""Low""","=""false"""
"=""bmi bpi bcons""","=""0""","=""0""","=""3""","=""Low""","=""false"""
"=""bmi bpi""","=""0""","=""0""","=""2""","=""Low""","=""false"""
"=""bmi bpo""","=""0""","=""0""","=""2""","=""Low""","=""false"""
"=""bmi bpm""","=""0""","=""0""","=""2""","=""Low""","=""false"""
"=""bmi bpd""","=""0""","=""0""","=""2""","=""Low""","=""false"""
"=""bmi bpb""","=""0""","=""0""","=""2""","=""Low""","=""false"""
"=""bmi bpi bcons dimana""","=""0""","=""0""","=""4""","=""Low""","=""false"""
"=""bmi bpa""","=""0""","=""0""","=""2""","=""Low""","=""false"""
"=""bmi pl""","=""0""","=""0""","=""2""","=""Low""","=""false"""
"=""bmi bt""","=""0""","=""0""","=""2""","=""Low""","=""false"""
"=""bmi bth là bao nhiêu""","=""0""","=""0""","=""5""","=""Low""","=""false"""
"=""bmi btc""","=""0""","=""0""","=""2""","=""Low""","=""false"""
"=""bmi btp""","=""0""","=""0""","=""2""","=""Low""","=""false"""
"=""bmi bts""","=""0""","=""0""","=""2""","=""Low""","=""false"""
"=""bmi btl rates""","=""0""","=""0""","=""3""","=""Low""","=""false"""
"=""bmi btec sport""","=""0""","=""0""","=""3""","=""Low""","=""false"""
"=""bmi người bth""","=""0""","=""0""","=""3""","=""Low""","=""false"""
"=""bmi bsa meaning""","=""0""","=""0""","=""3""","=""Low""","=""false"""
"=""bmi bsa formula""","=""0""","=""0""","=""3""","=""Low""","=""false"""
"=""bmi bsi""","=""0""","=""0""","=""2""","=""Low""","=""false"""
"=""bmi bsa mdcalc""","=""0""","=""0""","=""3""","=""Low""","=""false"""
"=""bmi bsa medcalc""","=""0""","=""0""","=""3""","=""Low""","=""false"""
"=""bmi bse""","=""0""","=""0""","=""2""","=""Low""","=""false"""
"=""bmi bridgewater""","=""0""","=""0""","=""2""","=""Low""","=""false"""
"=""bmi breakdown""","=""0""","=""0""","=""2""","=""Low""","=""false"""
"=""bmi brokers""","=""0""","=""0""","=""2""","=""Low""","=""false"""
"=""bmi brunei""","=""0""","=""0""","=""2""","=""Low""","=""false"""
"=""bmi brantford""","=""0""","=""0""","=""2""","=""Low""","=""false"""
"=""bmi bvba""","=""0""","=""0""","=""2""","=""Low""","=""false"""
"=""bmi nederland bv""","=""0""","=""0""","=""3""","=""Low""","=""false"""
"=""bmi thegon bv""","=""0""","=""0""","=""3""","=""Low""","=""false"""
"=""bmi belgium bv""","=""0""","=""0""","=""3""","=""Low""","=""false"""
"=""bmi bw""","=""0""","=""0""","=""2""","=""Low""","=""false"""
"=""bmi bwi""","=""0""","=""0""","=""2""","=""Low""","=""false"""
"=""bmi bw bf""","=""0""","=""0""","=""3""","=""Low""","=""false"""
"=""bmi polizei bw""","=""0""","=""0""","=""3""","=""Low""","=""false"""
"=""bmi vs bwi""","=""0""","=""0""","=""3""","=""Low""","=""false"""
"=""bmi verbeamtung bw""","=""0""","=""0""","=""3""","=""Low""","=""false"""
"=""bmi to bwi flights""","=""0""","=""0""","=""4""","=""Low""","=""false"""
"=""bmi business group""","=""0""","=""0""","=""3""","=""Low""","=""false"""
"=""bmi bus game""","=""0""","=""0""","=""3""","=""Low""","=""false"""
"=""bmi building c5""","=""0""","=""0""","=""3""","=""Low""","=""false"""
"=""bmi building sharaf dg""","=""0""","=""0""","=""4""","=""Low""","=""false"""
"=""bmi budak""","=""0""","=""0""","=""2""","=""Low""","=""false"""
"=""bmi bus simulator""","=""0""","=""0""","=""3""","=""Low""","=""false"""
"=""bmi bzga""","=""0""","=""0""","=""2""","=""Low""","=""false"""
"=""bmi to bzdura""","=""0""","=""0""","=""3""","=""Low""","=""false"""
"=""bmi hinweise feg bzw visumhandbuch""","=""0""","=""0""","=""5""","=""Low""","=""false"""
"=""bmi by height women""","=""0""","=""0""","=""4""","=""Low""","=""false"""
"=""bmi by age and height""","=""0""","=""0""","=""5""","=""Low""","=""false"""
"=""bmi cdc child""","=""0""","=""0""","=""3""","=""Low""","=""false"""
"=""bmi cdc child calculator""","=""0""","=""0""","=""4""","=""Low""","=""false"""
"=""bmi cdc boy""","=""0""","=""0""","=""3""","=""Low""","=""false"""
"=""bmi girl cdc""","=""0""","=""0""","=""3""","=""Low""","=""false"""
"=""bmi cdc adult""","=""0""","=""0""","=""3""","=""Low""","=""false"""
"=""bmi cdc teen calculator""","=""0""","=""0""","=""4""","=""Low""","=""false"""
"=""bmi cendol""","=""0""","=""0""","=""2""","=""Low""","=""false"""
"=""bmi cendol nilai""","=""0""","=""0""","=""3""","=""Low""","=""false"""
"=""bmi certificate near me""","=""0""","=""0""","=""4""","=""Low""","=""false"""
"=""bmi cg""","=""0""","=""0""","=""2""","=""Low""","=""false"""
"=""bmi cgi""","=""0""","=""0""","=""2""","=""Low""","=""false"""
"=""bmi cca""","=""0""","=""0""","=""2""","=""Low""","=""false"""
"=""bmi cchmc""","=""0""","=""0""","=""2""","=""Low""","=""false"""
"=""bmi ccli""","=""0""","=""0""","=""2""","=""Low""","=""false"""
"=""bmi ccl""","=""0""","=""0""","=""2""","=""Low""","=""false"""
"=""bmi cfo""","=""0""","=""0""","=""2""","=""Low""","=""false"""
"=""bmi cfo summit""","=""0""","=""0""","=""3""","=""Low""","=""false"""
"=""bmi cfare eshte""","=""0""","=""0""","=""3""","=""Low""","=""false"""
"=""bmi cfo eğitimi""","=""0""","=""0""","=""3""","=""Low""","=""false"""
"=""bmi cf""","=""0""","=""0""","=""2""","=""Low""","=""false"""
"=""bmi cfrp""","=""0""","=""0""","=""2""","=""Low""","=""false"""
"=""bmi cbs""","=""0""","=""0""","=""2""","=""Low""","=""false"""
"=""bmi cbum""","=""0""","=""0""","=""2""","=""Low""","=""false"""
"=""bmi cbs nl""","=""0""","=""0""","=""3""","=""Low""","=""false"""
"=""bmi cb""","=""0""","=""0""","=""2""","=""Low""","=""false"""
"=""bmi cbe""","=""0""","=""0""","=""2""","=""Low""","=""false"""
"=""bmi v cbs""","=""0""","=""0""","=""3""","=""Low""","=""false"""
"=""bmi cinema""","=""0""","=""0""","=""2""","=""Low""","=""false"""
"=""bmi cinema london""","=""0""","=""0""","=""3""","=""Low""","=""false"""
"=""bmi cikgu""","=""0""","=""0""","=""2""","=""Low""","=""false"""
"=""bmi cirencester""","=""0""","=""0""","=""2""","=""Low""","=""false"""
"=""bmi civil""","=""0""","=""0""","=""2""","=""Low""","=""false"""
"=""bmi city""","=""0""","=""0""","=""2""","=""Low""","=""false"""
"=""bmi cincinnati oh""","=""0""","=""0""","=""3""","=""Low""","=""false"""
"=""bmi cjsc""","=""0""","=""0""","=""2""","=""Low""","=""false"""
"=""bmi cj""","=""0""","=""0""","=""2""","=""Low""","=""false"""
"=""bmi cj04nj04""","=""0""","=""0""","=""2""","=""Low""","=""false"""
"=""bmi cm and kg calculator""","=""0""","=""0""","=""5""","=""Low""","=""false"""
"=""bmi cm and lbs""","=""0""","=""0""","=""4""","=""Low""","=""false"""
"=""bmi cma fest""","=""0""","=""0""","=""3""","=""Low""","=""false"""
"=""bmi cks""","=""0""","=""0""","=""2""","=""Low""","=""false"""
"=""bmi ckd""","=""0""","=""0""","=""2""","=""Low""","=""false"""
"=""bmi ckd epi""","=""0""","=""0""","=""3""","=""Low""","=""false"""
"=""bmi mã ck""","=""0""","=""0""","=""3""","=""Low""","=""false"""
"=""bmi nice cks""","=""0""","=""0""","=""3""","=""Low""","=""false"""
"=""bmi cp""","=""0""","=""0""","=""2""","=""Low""","=""false"""
"=""bmi cpu""","=""0""","=""0""","=""2""","=""Low""","=""false"""
"=""bmi cpt code""","=""0""","=""0""","=""3""","=""Low""","=""false"""
"=""bmi cpg malaysia""","=""0""","=""0""","=""3""","=""Low""","=""false"""
"=""bmi cpo price forecast""","=""0""","=""0""","=""4""","=""Low""","=""false"""
"=""bmi cpt""","=""0""","=""0""","=""2""","=""Low""","=""false"""
"=""bmi cpm""","=""0""","=""0""","=""2""","=""Low""","=""false"""
"=""bmi cpt ii codes""","=""0""","=""0""","=""4""","=""Low""","=""false"""
"=""bmi cpg obesity""","=""0""","=""0""","=""3""","=""Low""","=""false"""
"=""bmi con trai""","=""0""","=""0""","=""3""","=""Low""","=""false"""
"=""bmi co to""","=""0""","=""0""","=""3""","=""Low""","=""false"""
"=""bmi cs""","=""0""","=""0""","=""2""","=""Low""","=""false"""
"=""bmi calculator kids""","=""0""","=""0""","=""3""","=""Low""","=""false"""
"=""bmi csc""","=""0""","=""0""","=""2""","=""Low""","=""false"""
"=""bmi csv file""","=""0""","=""0""","=""3""","=""Low""","=""false"""
"=""bmi cserép""","=""0""","=""0""","=""2""","=""Low""","=""false"""
"=""bmi criteria for glp 1""","=""0""","=""0""","=""5""","=""Low""","=""false"""
"=""bmi criteria for obesity""","=""0""","=""0""","=""4""","=""Low""","=""false"""
"=""bmi criteria for mounjaro""","=""0""","=""0""","=""4""","=""Low""","=""false"""
"=""bmi credit union near me""","=""0""","=""0""","=""5""","=""Low""","=""false"""
"=""bmi customer service""","=""0""","=""0""","=""3""","=""Low""","=""false"""
"=""bmi cto""","=""0""","=""0""","=""2""","=""Low""","=""false"""
"=""bmi cty""","=""0""","=""0""","=""2""","=""Low""","=""false"""
"=""bmi ct cobert""","=""0""","=""0""","=""3""","=""Low""","=""false"""
"=""bmi ctg""","=""0""","=""0""","=""2""","=""Low""","=""false"""
"=""bmi ctm""","=""0""","=""0""","=""2""","=""Low""","=""false"""
"=""bmi cv""","=""0""","=""0""","=""2""","=""Low""","=""false"""
"=""bmi cvd""","=""0""","=""0""","=""2""","=""Low""","=""false"""
"=""bmi cvd risk""","=""0""","=""0""","=""3""","=""Low""","=""false"""
"=""bmi cvr""","=""0""","=""0""","=""2""","=""Low""","=""false"""
"=""bmi cva""","=""0""","=""0""","=""2""","=""Low""","=""false"""
"=""bmi cvs""","=""0""","=""0""","=""2""","=""Low""","=""false"""
"=""bmi cw""","=""0""","=""0""","=""2""","=""Low""","=""false"""
"=""bmi cwl""","=""0""","=""0""","=""2""","=""Low""","=""false"""
"=""bmi dla cwiczacych""","=""0""","=""0""","=""3""","=""Low""","=""false"""
"=""bmi cx""","=""0""","=""0""","=""2""","=""Low""","=""false"""
"=""bmi cyclist""","=""0""","=""0""","=""2""","=""Low""","=""false"""
"=""bmi cyberangriff""","=""0""","=""0""","=""2""","=""Low""","=""false"""
"=""bmi cybersicherheit""","=""0""","=""0""","=""2""","=""Low""","=""false"""
"=""bmi cybercrime""","=""0""","=""0""","=""2""","=""Low""","=""false"""
"=""bmi cyber security""","=""0""","=""0""","=""3""","=""Low""","=""false"""
"=""bmi cyber""","=""0""","=""0""","=""2""","=""Low""","=""false"""
"=""bmi cyberkriminalität""","=""0""","=""0""","=""2""","=""Low""","=""false"""
"=""bmi cyprus""","=""0""","=""0""","=""2""","=""Low""","=""false"""
"=""bmi dalam bahasa melayu""","=""0""","=""0""","=""4""","=""Low""","=""false"""
"=""bmi danger zone""","=""0""","=""0""","=""3""","=""Low""","=""false"""
"=""bmi database search""","=""0""","=""0""","=""3""","=""Low""","=""false"""
"=""bmi daily calorie intake""","=""0""","=""0""","=""4""","=""Low""","=""false"""
"=""bmi cnc""","=""0""","=""0""","=""2""","=""Low""","=""false"""
"=""bmi cnn""","=""0""","=""0""","=""2""","=""Low""","=""false"""
"=""bmi cnbc""","=""0""","=""0""","=""2""","=""Low""","=""false"""
"=""bmi cn""","=""0""","=""0""","=""2""","=""Low""","=""false"""
"=""bmi cng""","=""0""","=""0""","=""2""","=""Low""","=""false"""
"=""bmi cna""","=""0""","=""0""","=""2""","=""Low""","=""false"""
"=""bmi czy ma sens""","=""0""","=""0""","=""4""","=""Low""","=""false"""
"=""bmi człowieka""","=""0""","=""0""","=""2""","=""Low""","=""false"""
"=""bmi czym jest""","=""0""","=""0""","=""3""","=""Low""","=""false"""
"=""bmi czy jest wiarygodne""","=""0""","=""0""","=""4""","=""Low""","=""false"""
"=""bmi czech republic""","=""0""","=""0""","=""3""","=""Low""","=""false"""
"=""bmi czestochowa""","=""0""","=""0""","=""2""","=""Low""","=""false"""
"=""bmi db""","=""0""","=""0""","=""2""","=""Low""","=""false"""
"=""bmi dbt""","=""0""","=""0""","=""2""","=""Low""","=""false"""
"=""bmi dba""","=""0""","=""0""","=""2""","=""Low""","=""false"""
"=""bmi dbw""","=""0""","=""0""","=""2""","=""Low""","=""false"""
"=""bmi dbv""","=""0""","=""0""","=""2""","=""Low""","=""false"""
"=""bmi dbtindia gov in""","=""0""","=""0""","=""4""","=""Low""","=""false"""
"=""bmi derived dbw""","=""0""","=""0""","=""3""","=""Low""","=""false"""
"=""bmi and dbw formula""","=""0""","=""0""","=""4""","=""Low""","=""false"""
"=""bmi dc""","=""0""","=""0""","=""2""","=""Low""","=""false"""
"=""bmi dc 9""","=""0""","=""0""","=""3""","=""Low""","=""false"""
"=""bmi dca""","=""0""","=""0""","=""2""","=""Low""","=""false"""
"=""bmi dcf""","=""0""","=""0""","=""2""","=""Low""","=""false"""
"=""bmi dc 2025""","=""0""","=""0""","=""3""","=""Low""","=""false"""
"=""bmi dce""","=""0""","=""0""","=""2""","=""Low""","=""false"""
"=""bmi dds""","=""0""","=""0""","=""2""","=""Low""","=""false"""
"=""bmi dds 10""","=""0""","=""0""","=""3""","=""Low""","=""false"""
"=""bmi dds 11""","=""0""","=""0""","=""3""","=""Low""","=""false"""
"=""bmi iv dds""","=""0""","=""0""","=""3""","=""Low""","=""false"""
"=""bmi dewasa""","=""0""","=""0""","=""2""","=""Low""","=""false"""
"=""bmi deped""","=""0""","=""0""","=""2""","=""Low""","=""false"""
"=""bmi definition of obesity""","=""0""","=""0""","=""4""","=""Low""","=""false"""
"=""bmi dg""","=""0""","=""0""","=""2""","=""Low""","=""false"""
"=""bmi dge vs who""","=""0""","=""0""","=""4""","=""Low""","=""false"""
"=""bmi dg9""","=""0""","=""0""","=""2""","=""Low""","=""false"""
"=""bmi dgca""","=""0""","=""0""","=""2""","=""Low""","=""false"""
"=""bmi rechner dge""","=""0""","=""0""","=""3""","=""Low""","=""false"""
"=""bmi dhr""","=""0""","=""0""","=""2""","=""Low""","=""false"""
"=""bmi dhc""","=""0""","=""0""","=""2""","=""Low""","=""false"""
"=""bmi dh""","=""0""","=""0""","=""2""","=""Low""","=""false"""
"=""bmi dhaka""","=""0""","=""0""","=""2""","=""Low""","=""false"""
"=""bmi dhanmondi""","=""0""","=""0""","=""2""","=""Low""","=""false"""
"=""bmi dharuhera""","=""0""","=""0""","=""2""","=""Low""","=""false"""
"=""bmi dfw""","=""0""","=""0""","=""2""","=""Low""","=""false"""
"=""bmi dfw aa""","=""0""","=""0""","=""3""","=""Low""","=""false"""
"=""bmi to dfw flight status""","=""0""","=""0""","=""5""","=""Low""","=""false"""
"=""bmi to dfw flights""","=""0""","=""0""","=""4""","=""Low""","=""false"""
"=""bmi to dfw today""","=""0""","=""0""","=""4""","=""Low""","=""false"""
"=""bmi to dfw flight time""","=""0""","=""0""","=""5""","=""Low""","=""false"""
"=""bmi to dfw flights today""","=""0""","=""0""","=""5""","=""Low""","=""false"""
"=""bmi dk""","=""0""","=""0""","=""2""","=""Low""","=""false"""
"=""bmi dkms""","=""0""","=""0""","=""2""","=""Low""","=""false"""
"=""bmi sundhed dk""","=""0""","=""0""","=""3""","=""Low""","=""false"""
"=""bmi beregner dk""","=""0""","=""0""","=""3""","=""Low""","=""false"""
"=""bmi ku dk""","=""0""","=""0""","=""3""","=""Low""","=""false"""
"=""bmi calculator dk""","=""0""","=""0""","=""3""","=""Low""","=""false"""
"=""bmi group dk""","=""0""","=""0""","=""3""","=""Low""","=""false"""
"=""bmi diag""","=""0""","=""0""","=""2""","=""Low""","=""false"""
"=""bmi diesel""","=""0""","=""0""","=""2""","=""Low""","=""false"""
"=""bmi djeca""","=""0""","=""0""","=""2""","=""Low""","=""false"""
"=""bmi djeca kalkulator""","=""0""","=""0""","=""3""","=""Low""","=""false"""
"=""bmi dj""","=""0""","=""0""","=""2""","=""Low""","=""false"""
"=""bmi djece""","=""0""","=""0""","=""2""","=""Low""","=""false"""
"=""bmi dj license""","=""0""","=""0""","=""3""","=""Low""","=""false"""
"=""bmi djeteta""","=""0""","=""0""","=""2""","=""Low""","=""false"""
"=""bmi djevojčice""","=""0""","=""0""","=""2""","=""Low""","=""false"""
"=""bmi djokovic""","=""0""","=""0""","=""2""","=""Low""","=""false"""
"=""bmi kod djece""","=""0""","=""0""","=""3""","=""Low""","=""false"""
"=""bmi dla kobiet""","=""0""","=""0""","=""3""","=""Low""","=""false"""
"=""bmi dla kobiet kalkulator""","=""0""","=""0""","=""4""","=""Low""","=""false"""
"=""bmi dla mezczyzn""","=""0""","=""0""","=""3""","=""Low""","=""false"""
"=""bmi dla nastolatków""","=""0""","=""0""","=""3""","=""Low""","=""false"""
"=""bmi dla dzieci i młodzieży""","=""0""","=""0""","=""5""","=""Low""","=""false"""
"=""bmi dla młodzieży""","=""0""","=""0""","=""3""","=""Low""","=""false"""
"=""bmi dla dzieci kalkulator""","=""0""","=""0""","=""4""","=""Low""","=""false"""
"=""bmi dla dorosłych""","=""0""","=""0""","=""3""","=""Low""","=""false"""
"=""bmi dm""","=""0""","=""0""","=""2""","=""Low""","=""false"""
"=""bmi dmi""","=""0""","=""0""","=""2""","=""Low""","=""false"""
"=""bmi dmarc""","=""0""","=""0""","=""2""","=""Low""","=""false"""
"=""bmi dms""","=""0""","=""0""","=""2""","=""Low""","=""false"""
"=""bmi dns""","=""0""","=""0""","=""2""","=""Low""","=""false"""
"=""bmi dna""","=""0""","=""0""","=""2""","=""Low""","=""false"""
"=""bmi dnevni unos kalorija""","=""0""","=""0""","=""4""","=""Low""","=""false"""
"=""bmi dns record""","=""0""","=""0""","=""3""","=""Low""","=""false"""
"=""bmi 1 regulates dna end resection and homologous recombination repair""","=""0""","=""0""","=""10""","=""Low""","=""false"""
"=""bmi dnż""","=""0""","=""0""","=""2""","=""Low""","=""false"""
"=""bmi ona dnes""","=""0""","=""0""","=""3""","=""Low""","=""false"""
"=""bmi drawing""","=""0""","=""0""","=""2""","=""Low""","=""false"""
"=""bmi droitwich""","=""0""","=""0""","=""2""","=""Low""","=""false"""
"=""bmi driving school""","=""0""","=""0""","=""3""","=""Low""","=""false"""
"=""bmi dr nutrition""","=""0""","=""0""","=""3""","=""Low""","=""false"""
"=""bmi dropped 5 points""","=""0""","=""0""","=""4""","=""Low""","=""false"""
"=""bmi drawing easy""","=""0""","=""0""","=""3""","=""Low""","=""false"""
"=""bmi drilling""","=""0""","=""0""","=""2""","=""Low""","=""false"""
"=""bmi drink""","=""0""","=""0""","=""2""","=""Low""","=""false"""
"=""bmi drink japan""","=""0""","=""0""","=""3""","=""Low""","=""false"""
"=""bmi dsj""","=""0""","=""0""","=""2""","=""Low""","=""false"""
"=""bmi dsn""","=""0""","=""0""","=""2""","=""Low""","=""false"""
"=""bmi dse""","=""0""","=""0""","=""2""","=""Low""","=""false"""
"=""bmi ds""","=""0""","=""0""","=""2""","=""Low""","=""false"""
"=""bmi dsm 5""","=""0""","=""0""","=""3""","=""Low""","=""false"""
"=""bmi dsu""","=""0""","=""0""","=""2""","=""Low""","=""false"""
"=""bmi dsc""","=""0""","=""0""","=""2""","=""Low""","=""false"""
"=""bmi dsgvo""","=""0""","=""0""","=""2""","=""Low""","=""false"""
"=""bmi dsa""","=""0""","=""0""","=""2""","=""Low""","=""false"""
"=""bmi dt""","=""0""","=""0""","=""2""","=""Low""","=""false"""
"=""bmi to dtw flights""","=""0""","=""0""","=""4""","=""Low""","=""false"""
"=""bmi dwarfism""","=""0""","=""0""","=""2""","=""Low""","=""false"""
"=""bmi dwayne johnson""","=""0""","=""0""","=""3""","=""Low""","=""false"""
"=""bmi dwulatka""","=""0""","=""0""","=""2""","=""Low""","=""false"""
"=""bmi dwg""","=""0""","=""0""","=""2""","=""Low""","=""false"""
"=""bmi dwtc""","=""0""","=""0""","=""2""","=""Low""","=""false"""
"=""bmi dwunastolatka""","=""0""","=""0""","=""2""","=""Low""","=""false"""
"=""bmi chart for dwarfism""","=""0""","=""0""","=""4""","=""Low""","=""false"""
"=""bmi dvt""","=""0""","=""0""","=""2""","=""Low""","=""false"""
"=""bmi 30 dvt""","=""0""","=""0""","=""3""","=""Low""","=""false"""
"=""bmi dx codes""","=""0""","=""0""","=""3""","=""Low""","=""false"""
"=""bmi dx""","=""0""","=""0""","=""2""","=""Low""","=""false"""
"=""bmi dx codes for adults""","=""0""","=""0""","=""5""","=""Low""","=""false"""
"=""bmi dx code for child""","=""0""","=""0""","=""5""","=""Low""","=""false"""
"=""bmi dx code for 19 year old""","=""0""","=""0""","=""7""","=""Low""","=""false"""
"=""bmi dx for 18 year old""","=""0""","=""0""","=""6""","=""Low""","=""false"""
"=""bmi dxa""","=""0""","=""0""","=""2""","=""Low""","=""false"""
"=""bmi dx list""","=""0""","=""0""","=""3""","=""Low""","=""false"""
"=""bmi dx age limit""","=""0""","=""0""","=""4""","=""Low""","=""false"""
"=""bmi durchschnitt""","=""0""","=""0""","=""2""","=""Low""","=""false"""
"=""bmi durchschnitt deutschland""","=""0""","=""0""","=""3""","=""Low""","=""false"""
"=""bmi durchschnitt frau""","=""0""","=""0""","=""3""","=""Low""","=""false"""
"=""bmi durchschnitt usa""","=""0""","=""0""","=""3""","=""Low""","=""false"""
"=""bmi durchschnitt schweiz""","=""0""","=""0""","=""3""","=""Low""","=""false"""
"=""bmi duales studium""","=""0""","=""0""","=""3""","=""Low""","=""false"""
"=""bmi durchschnitt mann""","=""0""","=""0""","=""3""","=""Low""","=""false"""
"=""bmi duden""","=""0""","=""0""","=""2""","=""Low""","=""false"""
"=""bmi durchschnitt frau deutschland""","=""0""","=""0""","=""4""","=""Low""","=""false"""
"=""bmi durchschnitt 14 jahre""","=""0""","=""0""","=""4""","=""Low""","=""false"""
"=""bmi dzieci kalkulator""","=""0""","=""0""","=""3""","=""Low""","=""false"""
"=""bmi dziecka kalkulator""","=""0""","=""0""","=""3""","=""Low""","=""false"""
"=""bmi dzieci normy""","=""0""","=""0""","=""3""","=""Low""","=""false"""
"=""bmi dzieci i młodzieży""","=""0""","=""0""","=""4""","=""Low""","=""false"""
"=""bmi dzieci tabela""","=""0""","=""0""","=""3""","=""Low""","=""false"""
"=""bmi dziecka 10 lat""","=""0""","=""0""","=""4""","=""Low""","=""false"""
"=""bmi dziecka oblicz""","=""0""","=""0""","=""3""","=""Low""","=""false"""
"=""bmi dzieci normy kalkulator""","=""0""","=""0""","=""4""","=""Low""","=""false"""
"=""bmi eagle farm""","=""0""","=""0""","=""3""","=""Low""","=""false"""
"=""bmi eagle vessel""","=""0""","=""0""","=""3""","=""Low""","=""false"""
"=""bmi eagle vessel tracking""","=""0""","=""0""","=""4""","=""Low""","=""false"""
"=""bmi eating disorder""","=""0""","=""0""","=""3""","=""Low""","=""false"""
"=""bmi easy formula""","=""0""","=""0""","=""3""","=""Low""","=""false"""
"=""bmi earnings""","=""0""","=""0""","=""2""","=""Low""","=""false"""
"=""bmi eagan""","=""0""","=""0""","=""2""","=""Low""","=""false"""
"=""bmi dynamic""","=""0""","=""0""","=""2""","=""Low""","=""false"""
"=""bmi dydis""","=""0""","=""0""","=""2""","=""Low""","=""false"""
"=""bmi van dyke""","=""0""","=""0""","=""3""","=""Low""","=""false"""
"=""bmi van dyke plant""","=""0""","=""0""","=""4""","=""Low""","=""false"""
"=""bmi erectile dysfunction""","=""0""","=""0""","=""3""","=""Low""","=""false"""
"=""bmi spend dynamics""","=""0""","=""0""","=""3""","=""Low""","=""false"""
"=""bmi van dyke leighton buzzard""","=""0""","=""0""","=""5""","=""Low""","=""false"""
"=""bmi economics class 10""","=""0""","=""0""","=""4""","=""Low""","=""false"""
"=""bmi ecuador seguro medico""","=""0""","=""0""","=""4""","=""Low""","=""false"""
"=""bmi ectomorph""","=""0""","=""0""","=""2""","=""Low""","=""false"""
"=""bmi ecuador quito""","=""0""","=""0""","=""3""","=""Low""","=""false"""
"=""bmi editor""","=""0""","=""0""","=""2""","=""Low""","=""false"""
"=""bmi education for mu""","=""0""","=""0""","=""4""","=""Low""","=""false"""
"=""bmi edmonton""","=""0""","=""0""","=""2""","=""Low""","=""false"""
"=""bmi eddie hall""","=""0""","=""0""","=""3""","=""Low""","=""false"""
"=""bmi effectiveness""","=""0""","=""0""","=""2""","=""Low""","=""false"""
"=""bmi efficacy""","=""0""","=""0""","=""2""","=""Low""","=""false"""
"=""bmi effect on biological aging""","=""0""","=""0""","=""5""","=""Low""","=""false"""
"=""bmi effect on health""","=""0""","=""0""","=""4""","=""Low""","=""false"""
"=""bmi effect on fertility""","=""0""","=""0""","=""4""","=""Low""","=""false"""
"=""bmi efter ålder""","=""0""","=""0""","=""3""","=""Low""","=""false"""
"=""bmi efterskole""","=""0""","=""0""","=""2""","=""Low""","=""false"""
"=""bmi eful""","=""0""","=""0""","=""2""","=""Low""","=""false"""
"=""bmi effect on blood pressure""","=""0""","=""0""","=""5""","=""Low""","=""false"""
"=""bmi efter förlossning""","=""0""","=""0""","=""3""","=""Low""","=""false"""
"=""bmi doors""","=""0""","=""0""","=""2""","=""Low""","=""false"""
"=""bmi dosing""","=""0""","=""0""","=""2""","=""Low""","=""false"""
"=""bmi eesti""","=""0""","=""0""","=""2""","=""Low""","=""false"""
"=""bmi eesti oü""","=""0""","=""0""","=""3""","=""Low""","=""false"""
"=""bmi eenheid""","=""0""","=""0""","=""2""","=""Low""","=""false"""
"=""bmi eeuu""","=""0""","=""0""","=""2""","=""Low""","=""false"""
"=""bmi ees""","=""0""","=""0""","=""2""","=""Low""","=""false"""
"=""bmi eetstoornis""","=""0""","=""0""","=""2""","=""Low""","=""false"""
"=""bmi eetmeter""","=""0""","=""0""","=""2""","=""Low""","=""false"""
"=""bmi eeg""","=""0""","=""0""","=""2""","=""Low""","=""false"""
"=""bmi eesti oü monier icopal schiedel""","=""0""","=""0""","=""6""","=""Low""","=""false"""
"=""bmi ebitda""","=""0""","=""0""","=""2""","=""Low""","=""false"""
"=""bmi ebgo ir""","=""0""","=""0""","=""3""","=""Low""","=""false"""
"=""bmi ebermannstadt""","=""0""","=""0""","=""2""","=""Low""","=""false"""
"=""bmi ebbw vale""","=""0""","=""0""","=""3""","=""Low""","=""false"""
"=""bmi ebm""","=""0""","=""0""","=""2""","=""Low""","=""false"""
"=""bmi ebportal""","=""0""","=""0""","=""2""","=""Low""","=""false"""
"=""bmi ebook""","=""0""","=""0""","=""2""","=""Low""","=""false"""
"=""bmi ebanking""","=""0""","=""0""","=""2""","=""Low""","=""false"""
"=""bmi egelund""","=""0""","=""0""","=""2""","=""Low""","=""false"""
"=""bmi egg donation""","=""0""","=""0""","=""3""","=""Low""","=""false"""
"=""bmi egypt country risk report""","=""0""","=""0""","=""5""","=""Low""","=""false"""
"=""bmi egelund gymnastik""","=""0""","=""0""","=""3""","=""Low""","=""false"""
"=""bmi egelund håndbold""","=""0""","=""0""","=""3""","=""Low""","=""false"""
"=""bmi eg tpo""","=""0""","=""0""","=""3""","=""Low""","=""false"""
"=""bmi egg retrieval""","=""0""","=""0""","=""3""","=""Low""","=""false"""
"=""bmi einheit""","=""0""","=""0""","=""2""","=""Low""","=""false"""
"=""bmi einordnung""","=""0""","=""0""","=""2""","=""Low""","=""false"""
"=""bmi einbürgerung""","=""0""","=""0""","=""2""","=""Low""","=""false"""
"=""bmi einstufung""","=""0""","=""0""","=""2""","=""Low""","=""false"""
"=""bmi einschätzung""","=""0""","=""0""","=""2""","=""Low""","=""false"""
"=""bmi einteilung adipositas""","=""0""","=""0""","=""3""","=""Low""","=""false"""
"=""bmi einbürgerungstest""","=""0""","=""0""","=""2""","=""Low""","=""false"""
"=""bmi einteilung frauen""","=""0""","=""0""","=""3""","=""Low""","=""false"""
"=""bmi electronics""","=""0""","=""0""","=""2""","=""Low""","=""false"""
"=""bmi elevated""","=""0""","=""0""","=""2""","=""Low""","=""false"""
"=""bmi electrical contractors inc""","=""0""","=""0""","=""4""","=""Low""","=""false"""
"=""bmi eligible for mounjaro""","=""0""","=""0""","=""4""","=""Low""","=""false"""
"=""bmi eligibility for ozempic""","=""0""","=""0""","=""4""","=""Low""","=""false"""
"=""bmi eligibility for wegovy""","=""0""","=""0""","=""4""","=""Low""","=""false"""
"=""bmi elbow""","=""0""","=""0""","=""2""","=""Low""","=""false"""
"=""bmi elderly male""","=""0""","=""0""","=""3""","=""Low""","=""false"""
"=""bmi ejector trailer""","=""0""","=""0""","=""3""","=""Low""","=""false"""
"=""bmi ejector trailer for sale""","=""0""","=""0""","=""5""","=""Low""","=""false"""
"=""bmi ejector""","=""0""","=""0""","=""2""","=""Low""","=""false"""
"=""bmi ejemplo""","=""0""","=""0""","=""2""","=""Low""","=""false"""
"=""bmi and premature ejaculation""","=""0""","=""0""","=""4""","=""Low""","=""false"""
"=""bmi ejercicio""","=""0""","=""0""","=""2""","=""Low""","=""false"""
"=""bmi ehf""","=""0""","=""0""","=""2""","=""Low""","=""false"""
"=""bmi ehrenamt""","=""0""","=""0""","=""2""","=""Low""","=""false"""
"=""bmi ehi""","=""0""","=""0""","=""2""","=""Low""","=""false"""
"=""bmi eh imc""","=""0""","=""0""","=""3""","=""Low""","=""false"""
"=""bmi ehpad""","=""0""","=""0""","=""2""","=""Low""","=""false"""
"=""bmi bund ehrenamt""","=""0""","=""0""","=""3""","=""Low""","=""false"""
"=""bmi ekok""","=""0""","=""0""","=""2""","=""Low""","=""false"""
"=""bmi ekvation""","=""0""","=""0""","=""2""","=""Low""","=""false"""
"=""bmi ekonomi""","=""0""","=""0""","=""2""","=""Low""","=""false"""
"=""bmi ek vyakti ke bare mein kya batata hai""","=""0""","=""0""","=""9""","=""Low""","=""false"""
"=""bmi ekşi""","=""0""","=""0""","=""2""","=""Low""","=""false"""
"=""bmi ekstrem fedme""","=""0""","=""0""","=""3""","=""Low""","=""false"""
"=""bmi ekc""","=""0""","=""0""","=""2""","=""Low""","=""false"""
"=""bmi eko cobra""","=""0""","=""0""","=""3""","=""Low""","=""false"""
"=""bmi ekam""","=""0""","=""0""","=""2""","=""Low""","=""false"""
"=""bmi entertainment""","=""0""","=""0""","=""2""","=""Low""","=""false"""
"=""bmi engineering ltd""","=""0""","=""0""","=""3""","=""Low""","=""false"""
"=""bmi engineering sdn bhd""","=""0""","=""0""","=""4""","=""Low""","=""false"""
"=""bmi enterprise""","=""0""","=""0""","=""2""","=""Low""","=""false"""
"=""bmi energy""","=""0""","=""0""","=""2""","=""Low""","=""false"""
"=""bmi eos""","=""0""","=""0""","=""2""","=""Low""","=""false"""
"=""bmi epinal""","=""0""","=""0""","=""2""","=""Low""","=""false"""
"=""bmi epoxy""","=""0""","=""0""","=""2""","=""Low""","=""false"""
"=""bmi epfl""","=""0""","=""0""","=""2""","=""Low""","=""false"""
"=""bmi eportal""","=""0""","=""0""","=""2""","=""Low""","=""false"""
"=""bmi eppadi parpathu""","=""0""","=""0""","=""3""","=""Low""","=""false"""
"=""bmi epinal horaires""","=""0""","=""0""","=""3""","=""Low""","=""false"""
"=""bmi epinal se connecter""","=""0""","=""0""","=""4""","=""Low""","=""false"""
"=""bmi epinal mon compte""","=""0""","=""0""","=""4""","=""Low""","=""false"""
"=""bmi epartner""","=""0""","=""0""","=""2""","=""Low""","=""false"""
"=""bmi epd""","=""0""","=""0""","=""2""","=""Low""","=""false"""
"=""bmi equals""","=""0""","=""0""","=""2""","=""Low""","=""false"""
"=""bmi equivalent""","=""0""","=""0""","=""2""","=""Low""","=""false"""
"=""bmi equation example""","=""0""","=""0""","=""3""","=""Low""","=""false"""
"=""bmi em bé gái""","=""0""","=""0""","=""4""","=""Low""","=""false"""
"=""bmi em bé sơ sinh""","=""0""","=""0""","=""5""","=""Low""","=""false"""
"=""bmi em português""","=""0""","=""0""","=""3""","=""Low""","=""false"""
"=""bmi empresa""","=""0""","=""0""","=""2""","=""Low""","=""false"""
"=""bmi ermitteln""","=""0""","=""0""","=""2""","=""Low""","=""false"""
"=""bmi erklärung""","=""0""","=""0""","=""2""","=""Low""","=""false"""
"=""bmi erwachsene frau""","=""0""","=""0""","=""3""","=""Low""","=""false"""
"=""bmi erwachsener mann""","=""0""","=""0""","=""3""","=""Low""","=""false"""
"=""bmi erwachsene rechner""","=""0""","=""0""","=""3""","=""Low""","=""false"""
"=""bmi erfinder""","=""0""","=""0""","=""2""","=""Low""","=""false"""
"=""bmi errechne""","=""0""","=""0""","=""2""","=""Low""","=""false"""
"=""bmi erlass""","=""0""","=""0""","=""2""","=""Low""","=""false"""
"=""bmi european countries""","=""0""","=""0""","=""3""","=""Low""","=""false"""
"=""bmi eurostar level""","=""0""","=""0""","=""3""","=""Low""","=""false"""
"=""bmi vergleich europa""","=""0""","=""0""","=""3""","=""Low""","=""false"""
"=""bmi esn""","=""0""","=""0""","=""2""","=""Low""","=""false"""
"=""bmi essstörung""","=""0""","=""0""","=""2""","=""Low""","=""false"""
"=""bmi espen""","=""0""","=""0""","=""2""","=""Low""","=""false"""
"=""bmi estimate from photo""","=""0""","=""0""","=""4""","=""Low""","=""false"""
"=""bmi estimator ai""","=""0""","=""0""","=""3""","=""Low""","=""false"""
"=""bmi event center""","=""0""","=""0""","=""3""","=""Low""","=""false"""
"=""bmi events calendar""","=""0""","=""0""","=""3""","=""Low""","=""false"""
"=""bmi events 2026""","=""0""","=""0""","=""3""","=""Low""","=""false"""
"=""bmi ev""","=""0""","=""0""","=""2""","=""Low""","=""false"""
"=""bmi everguard""","=""0""","=""0""","=""2""","=""Low""","=""false"""
"=""bmi evaluation chart""","=""0""","=""0""","=""3""","=""Low""","=""false"""
"=""bmi event center tickets""","=""0""","=""0""","=""4""","=""Low""","=""false"""
"=""bmi evd""","=""0""","=""0""","=""2""","=""Low""","=""false"""
"=""bmi ethnicity calculator female""","=""0""","=""0""","=""4""","=""Low""","=""false"""
"=""bmi ethnic differences""","=""0""","=""0""","=""3""","=""Low""","=""false"""
"=""bmi età""","=""0""","=""0""","=""2""","=""Low""","=""false"""
"=""bmi et imc""","=""0""","=""0""","=""3""","=""Low""","=""false"""
"=""bmi eta peso altezza""","=""0""","=""0""","=""4""","=""Low""","=""false"""
"=""bmi etancheite""","=""0""","=""0""","=""2""","=""Low""","=""false"""
"=""bmi ew""","=""0""","=""0""","=""2""","=""Low""","=""false"""
"=""bmi to ewr""","=""0""","=""0""","=""3""","=""Low""","=""false"""
"=""bmi to ewr flight""","=""0""","=""0""","=""4""","=""Low""","=""false"""
"=""bmi example calculation""","=""0""","=""0""","=""3""","=""Low""","=""false"""
"=""bmi examples men""","=""0""","=""0""","=""3""","=""Low""","=""false"""
"=""bmi exam""","=""0""","=""0""","=""2""","=""Low""","=""false"""
"=""bmi excel sheet download""","=""0""","=""0""","=""4""","=""Low""","=""false"""
"=""bmi farmers market baltimore""","=""0""","=""0""","=""4""","=""Low""","=""false"""
"=""bmi fancy table ring medium""","=""0""","=""0""","=""5""","=""Low""","=""false"""
"=""bmi fde""","=""0""","=""0""","=""2""","=""Low""","=""false"""
"=""bmi fbo""","=""0""","=""0""","=""2""","=""Low""","=""false"""
"=""bmi fbi""","=""0""","=""0""","=""2""","=""Low""","=""false"""
"=""bmi fcu routing number""","=""0""","=""0""","=""4""","=""Low""","=""false"""
"=""bmi fcu hours""","=""0""","=""0""","=""3""","=""Low""","=""false"""
"=""bmi fcu dublin""","=""0""","=""0""","=""3""","=""Low""","=""false"""
"=""bmi fcu online banking""","=""0""","=""0""","=""4""","=""Low""","=""false"""
"=""bmi fcu phone number""","=""0""","=""0""","=""4""","=""Low""","=""false"""
"=""bmi fcu westerville""","=""0""","=""0""","=""3""","=""Low""","=""false"""
"=""bmi fcu mortgage rates""","=""0""","=""0""","=""4""","=""Low""","=""false"""
"=""bmi fcu near me""","=""0""","=""0""","=""4""","=""Low""","=""false"""
"=""bmi ffmi""","=""0""","=""0""","=""2""","=""Low""","=""false"""
"=""bmi ffmi calculator""","=""0""","=""0""","=""3""","=""Low""","=""false"""
"=""bmi ffm""","=""0""","=""0""","=""2""","=""Low""","=""false"""
"=""bmi ffmi rechner""","=""0""","=""0""","=""3""","=""Low""","=""false"""
"=""bmi l vs ffmi""","=""0""","=""0""","=""4""","=""Low""","=""false"""
"=""bmi fm ffm""","=""0""","=""0""","=""3""","=""Low""","=""false"""
"=""bmi eye hospital southend""","=""0""","=""0""","=""4""","=""Low""","=""false"""
"=""bmi eye test""","=""0""","=""0""","=""3""","=""Low""","=""false"""
"=""bmi eyewear""","=""0""","=""0""","=""2""","=""Low""","=""false"""
"=""bmi eye clinic southend""","=""0""","=""0""","=""4""","=""Low""","=""false"""
"=""bmi to eyw""","=""0""","=""0""","=""3""","=""Low""","=""false"""
"=""bmi fhi""","=""0""","=""0""","=""2""","=""Low""","=""false"""
"=""bmi fhir""","=""0""","=""0""","=""2""","=""Low""","=""false"""
"=""bmi fh joanneum""","=""0""","=""0""","=""3""","=""Low""","=""false"""
"=""bmi 80 fhr tracing and toco""","=""0""","=""0""","=""6""","=""Low""","=""false"""
"=""bmi calculator fhi""","=""0""","=""0""","=""3""","=""Low""","=""false"""
"=""bmi fjerne hud""","=""0""","=""0""","=""3""","=""Low""","=""false"""
"=""bmi fkkh""","=""0""","=""0""","=""2""","=""Low""","=""false"""
"=""bmi fk""","=""0""","=""0""","=""2""","=""Low""","=""false"""
"=""bmi flooring""","=""0""","=""0""","=""2""","=""Low""","=""false"""
"=""bmi flights today""","=""0""","=""0""","=""3""","=""Low""","=""false"""
"=""bmi flight schedule""","=""0""","=""0""","=""3""","=""Low""","=""false"""
"=""bmi fmi""","=""0""","=""0""","=""2""","=""Low""","=""false"""
"=""bmi fm""","=""0""","=""0""","=""2""","=""Low""","=""false"""
"=""bmi vs fmi""","=""0""","=""0""","=""3""","=""Low""","=""false"""
"=""bmi monarplan fm""","=""0""","=""0""","=""3""","=""Low""","=""false"""
"=""bmi fpo""","=""0""","=""0""","=""2""","=""Low""","=""false"""
"=""bmi in fps system""","=""0""","=""0""","=""4""","=""Low""","=""false"""
"=""bmi formula in fps system""","=""0""","=""0""","=""5""","=""Low""","=""false"""
"=""bmi fpo bahn""","=""0""","=""0""","=""3""","=""Low""","=""false"""
"=""bmi fnk""","=""0""","=""0""","=""2""","=""Low""","=""false"""
"=""bmi frost free faucet repair kit""","=""0""","=""0""","=""6""","=""Low""","=""false"""
"=""bmi frost free hose bib""","=""0""","=""0""","=""5""","=""Low""","=""false"""
"=""bmi freight""","=""0""","=""0""","=""2""","=""Low""","=""false"""
"=""bmi fs""","=""0""","=""0""","=""2""","=""Low""","=""false"""
"=""bmi fsc""","=""0""","=""0""","=""2""","=""Low""","=""false"""
"=""bmi fsa""","=""0""","=""0""","=""2""","=""Low""","=""false"""
"=""bmi v fss ms 101""","=""0""","=""0""","=""5""","=""Low""","=""false"""
"=""bmi scale fsa eligible""","=""0""","=""0""","=""4""","=""Low""","=""false"""
"=""bmi ft inch kg""","=""0""","=""0""","=""4""","=""Low""","=""false"""
"=""bmi ftn""","=""0""","=""0""","=""2""","=""Low""","=""false"""
"=""bmi ft st""","=""0""","=""0""","=""3""","=""Low""","=""false"""
"=""bmi ftm""","=""0""","=""0""","=""2""","=""Low""","=""false"""
"=""bmi 5 ft 6""","=""0""","=""0""","=""4""","=""Low""","=""false"""
"=""bmi full form in hindi""","=""0""","=""0""","=""5""","=""Low""","=""false"""
"=""bmi full form female""","=""0""","=""0""","=""4""","=""Low""","=""false"""
"=""bmi full form in medical in hindi""","=""0""","=""0""","=""7""","=""Low""","=""false"""
"=""bmi full form in bengali""","=""0""","=""0""","=""5""","=""Low""","=""false"""
"=""bmi full form male""","=""0""","=""0""","=""4""","=""Low""","=""false"""
"=""bmi forward pe""","=""0""","=""0""","=""3""","=""Low""","=""false"""
"=""bmi fwu""","=""0""","=""0""","=""2""","=""Low""","=""false"""
"=""bmi fwd""","=""0""","=""0""","=""2""","=""Low""","=""false"""
"=""bmi stuðull fyrir konur""","=""0""","=""0""","=""4""","=""Low""","=""false"""
"=""bmi new fysic""","=""0""","=""0""","=""3""","=""Low""","=""false"""
"=""bmi for age boy""","=""0""","=""0""","=""4""","=""Low""","=""false"""
"=""bmi for age girl""","=""0""","=""0""","=""4""","=""Low""","=""false"""
"=""bmi gbs""","=""0""","=""0""","=""2""","=""Low""","=""false"""
"=""bmi gbs uab""","=""0""","=""0""","=""3""","=""Low""","=""false"""
"=""bmi gbs vilnius""","=""0""","=""0""","=""3""","=""Low""","=""false"""
"=""bmi gb""","=""0""","=""0""","=""2""","=""Low""","=""false"""
"=""bmi gbp""","=""0""","=""0""","=""2""","=""Low""","=""false"""
"=""bmi garbage collection""","=""0""","=""0""","=""3""","=""Low""","=""false"""
"=""bmi gambang""","=""0""","=""0""","=""2""","=""Low""","=""false"""
"=""bmi gates""","=""0""","=""0""","=""2""","=""Low""","=""false"""
"=""bmi gachibowli""","=""0""","=""0""","=""2""","=""Low""","=""false"""
"=""bmi gastos medicos mayores""","=""0""","=""0""","=""4""","=""Low""","=""false"""
"=""bmi gastric bypass""","=""0""","=""0""","=""3""","=""Low""","=""false"""
"=""bmi gcse pe""","=""0""","=""0""","=""3""","=""Low""","=""false"""
"=""bmi gcse biology""","=""0""","=""0""","=""3""","=""Low""","=""false"""
"=""bmi gcse""","=""0""","=""0""","=""2""","=""Low""","=""false"""
"=""bmi gci roof tiles""","=""0""","=""0""","=""4""","=""Low""","=""false"""
"=""bmi gcc""","=""0""","=""0""","=""2""","=""Low""","=""false"""
"=""bmi gci s pantile""","=""0""","=""0""","=""4""","=""Low""","=""false"""
"=""bmi gv""","=""0""","=""0""","=""2""","=""Low""","=""false"""
"=""bmi gcash payment""","=""0""","=""0""","=""3""","=""Low""","=""false"""
"=""bmi gcse health and social care""","=""0""","=""0""","=""6""","=""Low""","=""false"""
"=""bmi gforce""","=""0""","=""0""","=""2""","=""Low""","=""false"""
"=""bmi gfr""","=""0""","=""0""","=""2""","=""Low""","=""false"""
"=""bmi gf""","=""0""","=""0""","=""2""","=""Low""","=""false"""
"=""bmi gfhd""","=""0""","=""0""","=""2""","=""Low""","=""false"""
"=""bmi geelong""","=""0""","=""0""","=""2""","=""Low""","=""false"""
"=""bmi geelong hospital""","=""0""","=""0""","=""3""","=""Low""","=""false"""
"=""bmi georgia""","=""0""","=""0""","=""2""","=""Low""","=""false"""
"=""bmi gear ratio calculator""","=""0""","=""0""","=""4""","=""Low""","=""false"""
"=""bmi gdansk""","=""0""","=""0""","=""2""","=""Low""","=""false"""
"=""bmi gd""","=""0""","=""0""","=""2""","=""Low""","=""false"""
"=""bmi gdp forecast""","=""0""","=""0""","=""3""","=""Low""","=""false"""
"=""bmi gdbo""","=""0""","=""0""","=""2""","=""Low""","=""false"""
"=""bmi ssc gd""","=""0""","=""0""","=""3""","=""Low""","=""false"""
"=""bmi inspektor gdansk""","=""0""","=""0""","=""3""","=""Low""","=""false"""
"=""bmi ghana""","=""0""","=""0""","=""2""","=""Low""","=""false"""
"=""bmi edu gh results php""","=""0""","=""0""","=""5""","=""Low""","=""false"""
"=""bmi school ghana""","=""0""","=""0""","=""3""","=""Low""","=""false"""
"=""bmi kaise ghataye""","=""0""","=""0""","=""3""","=""Low""","=""false"""
"=""bmi girls""","=""0""","=""0""","=""2""","=""Low""","=""false"""
"=""bmi girls singapore""","=""0""","=""0""","=""3""","=""Low""","=""false"""
"=""bmi girls chart""","=""0""","=""0""","=""3""","=""Low""","=""false"""
"=""bmi girls calculator""","=""0""","=""0""","=""3""","=""Low""","=""false"""
"=""bmi given by""","=""0""","=""0""","=""3""","=""Low""","=""false"""
"=""bmi gic rates""","=""0""","=""0""","=""3""","=""Low""","=""false"""
"=""bmi gk""","=""0""","=""0""","=""2""","=""Low""","=""false"""
"=""bmi gkk""","=""0""","=""0""","=""2""","=""Low""","=""false"""
"=""bmi rechner gkk""","=""0""","=""0""","=""3""","=""Low""","=""false"""
"=""bmi gjennomsnitt norge""","=""0""","=""0""","=""3""","=""Low""","=""false"""
"=""bmi gjennomsnitt""","=""0""","=""0""","=""2""","=""Low""","=""false"""
"=""bmi gg""","=""0""","=""0""","=""2""","=""Low""","=""false"""
"=""bmi ggd""","=""0""","=""0""","=""2""","=""Low""","=""false"""
"=""bmi gg nangka""","=""0""","=""0""","=""3""","=""Low""","=""false"""
"=""bmi ggz""","=""0""","=""0""","=""2""","=""Low""","=""false"""
"=""bmi ggo""","=""0""","=""0""","=""2""","=""Low""","=""false"""
"=""bmi cosmofin gg plus""","=""0""","=""0""","=""4""","=""Low""","=""false"""
"=""bmi changes ggz""","=""0""","=""0""","=""3""","=""Low""","=""false"""
"=""bmi gnc""","=""0""","=""0""","=""2""","=""Low""","=""false"""
"=""bmi to gnv""","=""0""","=""0""","=""3""","=""Low""","=""false"""
"=""bmi glassdoor""","=""0""","=""0""","=""2""","=""Low""","=""false"""
"=""bmi gloucester""","=""0""","=""0""","=""2""","=""Low""","=""false"""
"=""bmi glp""","=""0""","=""0""","=""2""","=""Low""","=""false"""
"=""bmi global scholarship forum 2026""","=""0""","=""0""","=""5""","=""Low""","=""false"""
"=""bmi gmbh""","=""0""","=""0""","=""2""","=""Low""","=""false"""
"=""bmi gmail""","=""0""","=""0""","=""2""","=""Low""","=""false"""
"=""bmi gmm""","=""0""","=""0""","=""2""","=""Low""","=""false"""
"=""bmi gm""","=""0""","=""0""","=""2""","=""Low""","=""false"""
"=""bmi gmbh claudia nitsche""","=""0""","=""0""","=""4""","=""Low""","=""false"""
"=""bmi gmi""","=""0""","=""0""","=""2""","=""Low""","=""false"""
"=""bmi gmbh berlin""","=""0""","=""0""","=""3""","=""Low""","=""false"""
"=""bmi gmbh hersbruck""","=""0""","=""0""","=""3""","=""Low""","=""false"""
"=""bmi gpt""","=""0""","=""0""","=""2""","=""Low""","=""false"""
"=""bmi gp""","=""0""","=""0""","=""2""","=""Low""","=""false"""
"=""bmi gpe""","=""0""","=""0""","=""2""","=""Low""","=""false"""
"=""bmi gp unsupervised breach merchant identification via adaptive graph pruning""","=""0""","=""0""","=""10""","=""Low""","=""false"""
"=""bmi gp appointment""","=""0""","=""0""","=""3""","=""Low""","=""false"""
"=""bmi gpu""","=""0""","=""0""","=""2""","=""Low""","=""false"""
"=""bmi chat gpt""","=""0""","=""0""","=""3""","=""Low""","=""false"""
"=""bmi go karts""","=""0""","=""0""","=""3""","=""Low""","=""false"""
"=""bmi gombak""","=""0""","=""0""","=""2""","=""Low""","=""false"""
"=""bmi go kart parts""","=""0""","=""0""","=""4""","=""Low""","=""false"""
"=""bmi goal weight calculator""","=""0""","=""0""","=""4""","=""Low""","=""false"""
"=""bmi gsa""","=""0""","=""0""","=""2""","=""Low""","=""false"""
"=""bmi gs""","=""0""","=""0""","=""2""","=""Low""","=""false"""
"=""bmi to gso""","=""0""","=""0""","=""3""","=""Low""","=""false"""
"=""bmi machine gst rate""","=""0""","=""0""","=""4""","=""Low""","=""false"""
"=""bmi gsg 9""","=""0""","=""0""","=""3""","=""Low""","=""false"""
"=""bmi gv at passbildkriterien""","=""0""","=""0""","=""4""","=""Low""","=""false"""
"=""bmi gv at formulare""","=""0""","=""0""","=""4""","=""Low""","=""false"""
"=""bmi gv at login""","=""0""","=""0""","=""4""","=""Low""","=""false"""
"=""bmi gv at ukraine""","=""0""","=""0""","=""4""","=""Low""","=""false"""
"=""bmi gv at volksbegehren""","=""0""","=""0""","=""4""","=""Low""","=""false"""
"=""bmi gv at fahndung""","=""0""","=""0""","=""4""","=""Low""","=""false"""
"=""bmi gv at id austria""","=""0""","=""0""","=""5""","=""Low""","=""false"""
"=""bmi gv at passbild""","=""0""","=""0""","=""4""","=""Low""","=""false"""
"=""bmi gv es""","=""0""","=""0""","=""3""","=""Low""","=""false"""
"=""bmi gwas giant""","=""0""","=""0""","=""3""","=""Low""","=""false"""
"=""bmi gwas summary statistics""","=""0""","=""0""","=""4""","=""Low""","=""false"""
"=""bmi gwas yengo""","=""0""","=""0""","=""3""","=""Low""","=""false"""
"=""bmi gwas meta analysis""","=""0""","=""0""","=""4""","=""Low""","=""false"""
"=""bmi gwas locke""","=""0""","=""0""","=""3""","=""Low""","=""false"""
"=""bmi 30 gw""","=""0""","=""0""","=""3""","=""Low""","=""false"""
"=""bmi 31 gw""","=""0""","=""0""","=""3""","=""Low""","=""false"""
"=""bmi guatemala""","=""0""","=""0""","=""2""","=""Low""","=""false"""
"=""bmi gurgaon""","=""0""","=""0""","=""2""","=""Low""","=""false"""
"=""bmi guidelines for glp 1""","=""0""","=""0""","=""5""","=""Low""","=""false"""
"=""bmi guru""","=""0""","=""0""","=""2""","=""Low""","=""false"""
"=""bmi guidelines for men""","=""0""","=""0""","=""4""","=""Low""","=""false"""
"=""bmi guidelines india""","=""0""","=""0""","=""3""","=""Low""","=""false"""
"=""bmi grade""","=""0""","=""0""","=""2""","=""Low""","=""false"""
"=""bmi grab""","=""0""","=""0""","=""2""","=""Low""","=""false"""
"=""bmi growth chart boys""","=""0""","=""0""","=""4""","=""Low""","=""false"""
"=""bmi growth chart girl""","=""0""","=""0""","=""4""","=""Low""","=""false"""
"=""bmi gym geek""","=""0""","=""0""","=""3""","=""Low""","=""false"""
"=""bmi gym machine""","=""0""","=""0""","=""3""","=""Low""","=""false"""
"=""bmi gym calculator""","=""0""","=""0""","=""3""","=""Low""","=""false"""
"=""bmi gymbeam""","=""0""","=""0""","=""2""","=""Low""","=""false"""
"=""bmi gym qatar""","=""0""","=""0""","=""3""","=""Low""","=""false"""
"=""bmi gyat karne ka sutra""","=""0""","=""0""","=""5""","=""Low""","=""false"""
"=""bmi gyerek""","=""0""","=""0""","=""2""","=""Low""","=""false"""
"=""bmi gymnastik""","=""0""","=""0""","=""2""","=""Low""","=""false"""
"=""bmi gym pathanamthitta""","=""0""","=""0""","=""3""","=""Low""","=""false"""
"=""bmi hb""","=""0""","=""0""","=""2""","=""Low""","=""false"""
"=""bmi hba1c""","=""0""","=""0""","=""2""","=""Low""","=""false"""
"=""bmi hbr layout""","=""0""","=""0""","=""3""","=""Low""","=""false"""
"=""bmi hba1c relationship""","=""0""","=""0""","=""3""","=""Low""","=""false"""
"=""bmi calculator hbp""","=""0""","=""0""","=""3""","=""Low""","=""false"""
"=""bmi hcpcs code""","=""0""","=""0""","=""3""","=""Low""","=""false"""
"=""bmi hcc""","=""0""","=""0""","=""2""","=""Low""","=""false"""
"=""bmi hcc coding""","=""0""","=""0""","=""3""","=""Low""","=""false"""
"=""bmi hc""","=""0""","=""0""","=""2""","=""Low""","=""false"""
"=""bmi hdfc life""","=""0""","=""0""","=""3""","=""Low""","=""false"""
"=""bmi hdfc ergo""","=""0""","=""0""","=""3""","=""Low""","=""false"""
"=""bmi hdfc""","=""0""","=""0""","=""2""","=""Low""","=""false"""
"=""bmi hdfc life calculator""","=""0""","=""0""","=""4""","=""Low""","=""false"""
"=""bmi hdfc calculator""","=""0""","=""0""","=""3""","=""Low""","=""false"""
"=""bmi hdmall""","=""0""","=""0""","=""2""","=""Low""","=""false"""
"=""bmi hd images""","=""0""","=""0""","=""3""","=""Low""","=""false"""
"=""bmi healthy range singapore""","=""0""","=""0""","=""4""","=""Low""","=""false"""
"=""bmi hardware""","=""0""","=""0""","=""2""","=""Low""","=""false"""
"=""bmi haji""","=""0""","=""0""","=""2""","=""Low""","=""false"""
"=""bmi handheld device""","=""0""","=""0""","=""3""","=""Low""","=""false"""
"=""bmi harlow""","=""0""","=""0""","=""2""","=""Low""","=""false"""
"=""bmi handheld""","=""0""","=""0""","=""2""","=""Low""","=""false"""
"=""bmi hfa""","=""0""","=""0""","=""2""","=""Low""","=""false"""
"=""bmi with hfa template""","=""0""","=""0""","=""4""","=""Low""","=""false"""
"=""bmi and hfa calculator""","=""0""","=""0""","=""4""","=""Low""","=""false"""
"=""bmi with hfa validated 60 sec""","=""0""","=""0""","=""6""","=""Low""","=""false"""
"=""bmi hhs""","=""0""","=""0""","=""2""","=""Low""","=""false"""
"=""bmi hindi meaning""","=""0""","=""0""","=""3""","=""Low""","=""false"""
"=""bmi hitung""","=""0""","=""0""","=""2""","=""Low""","=""false"""
"=""bmi hip hop awards 2026""","=""0""","=""0""","=""5""","=""Low""","=""false"""
"=""bmi hj""","=""0""","=""0""","=""2""","=""Low""","=""false"""
"=""bmi över 30 hjälp""","=""0""","=""0""","=""4""","=""Low""","=""false"""
"=""bmi hjemmeside""","=""0""","=""0""","=""2""","=""Low""","=""false"""
"=""bmi hjul""","=""0""","=""0""","=""2""","=""Low""","=""false"""
"=""bmi hladiny""","=""0""","=""0""","=""2""","=""Low""","=""false"""
"=""bmi bez hladoveni""","=""0""","=""0""","=""3""","=""Low""","=""false"""
"=""bmi hk calculator""","=""0""","=""0""","=""3""","=""Low""","=""false"""
"=""bmi hk female""","=""0""","=""0""","=""3""","=""Low""","=""false"""
"=""bmi hk gov""","=""0""","=""0""","=""3""","=""Low""","=""false"""
"=""bmi hk male""","=""0""","=""0""","=""3""","=""Low""","=""false"""
"=""bmi hk standard""","=""0""","=""0""","=""3""","=""Low""","=""false"""
"=""bmi calculator hk female""","=""0""","=""0""","=""4""","=""Low""","=""false"""
"=""bmi hp""","=""0""","=""0""","=""2""","=""Low""","=""false"""
"=""bmi hpr""","=""0""","=""0""","=""2""","=""Low""","=""false"""
"=""bmi hms""","=""0""","=""0""","=""2""","=""Low""","=""false"""
"=""bmi hmi""","=""0""","=""0""","=""2""","=""Low""","=""false"""
"=""bmi hmotnost""","=""0""","=""0""","=""2""","=""Low""","=""false"""
"=""bmi hmotnosti""","=""0""","=""0""","=""2""","=""Low""","=""false"""
"=""bmi hmu""","=""0""","=""0""","=""2""","=""Low""","=""false"""
"=""bmi hrt""","=""0""","=""0""","=""2""","=""Low""","=""false"""
"=""bmi hranice""","=""0""","=""0""","=""2""","=""Low""","=""false"""
"=""bmi hrvatska""","=""0""","=""0""","=""2""","=""Low""","=""false"""
"=""bmi hrm""","=""0""","=""0""","=""2""","=""Low""","=""false"""
"=""bmi hranice obezity""","=""0""","=""0""","=""3""","=""Low""","=""false"""
"=""bmi hrvatski""","=""0""","=""0""","=""2""","=""Low""","=""false"""
"=""bmi hrbr""","=""0""","=""0""","=""2""","=""Low""","=""false"""
"=""bmi group hq""","=""0""","=""0""","=""3""","=""Low""","=""false"""
"=""bmi と hq""","=""0""","=""0""","=""3""","=""Low""","=""false"""
"=""bmi hn""","=""0""","=""0""","=""2""","=""Low""","=""false"""
"=""bmi to hnd""","=""0""","=""0""","=""3""","=""Low""","=""false"""
"=""bmi to hnl""","=""0""","=""0""","=""3""","=""Low""","=""false"""
"=""bmi human calculator""","=""0""","=""0""","=""3""","=""Low""","=""false"""
"=""bmi huddersfield""","=""0""","=""0""","=""2""","=""Low""","=""false"""
"=""bmi hund""","=""0""","=""0""","=""2""","=""Low""","=""false"""
"=""bmi hug""","=""0""","=""0""","=""2""","=""Low""","=""false"""
"=""bmi berechnen hund""","=""0""","=""0""","=""3""","=""Low""","=""false"""
"=""bmi ht and wt""","=""0""","=""0""","=""4""","=""Low""","=""false"""
"=""bmi ht""","=""0""","=""0""","=""2""","=""Low""","=""false"""
"=""bmi html code""","=""0""","=""0""","=""3""","=""Low""","=""false"""
"=""bmi hse chart""","=""0""","=""0""","=""3""","=""Low""","=""false"""
"=""bmi hst""","=""0""","=""0""","=""2""","=""Low""","=""false"""
"=""bmi hse calculator""","=""0""","=""0""","=""3""","=""Low""","=""false"""
"=""bmi hsh""","=""0""","=""0""","=""2""","=""Low""","=""false"""
"=""bmi hss""","=""0""","=""0""","=""2""","=""Low""","=""false"""
"=""bmi hsd""","=""0""","=""0""","=""2""","=""Low""","=""false"""
"=""bmi hsa""","=""0""","=""0""","=""2""","=""Low""","=""false"""
"=""bmi hvac""","=""0""","=""0""","=""2""","=""Low""","=""false"""
"=""bmi hva er""","=""0""","=""0""","=""3""","=""Low""","=""false"""
"=""bmi hvad er""","=""0""","=""0""","=""3""","=""Low""","=""false"""
"=""bmi hvordan regner man det ud""","=""0""","=""0""","=""6""","=""Low""","=""false"""
"=""bmi hvornår er man overvægtig""","=""0""","=""0""","=""5""","=""Low""","=""false"""
"=""bmi hvordan regne ut""","=""0""","=""0""","=""4""","=""Low""","=""false"""
"=""bmi hvad er normalt""","=""0""","=""0""","=""4""","=""Low""","=""false"""
"=""bmi hvordan""","=""0""","=""0""","=""2""","=""Low""","=""false"""
"=""bmi hvac kamloops""","=""0""","=""0""","=""3""","=""Low""","=""false"""
"=""bmi hyderabad""","=""0""","=""0""","=""2""","=""Low""","=""false"""
"=""bmi hydrants""","=""0""","=""0""","=""2""","=""Low""","=""false"""
"=""bmi hydraulics""","=""0""","=""0""","=""2""","=""Low""","=""false"""
"=""bmi hyderabad photos""","=""0""","=""0""","=""3""","=""Low""","=""false"""
"=""bmi hypothyroidism""","=""0""","=""0""","=""2""","=""Low""","=""false"""
"=""bmi hypotheek""","=""0""","=""0""","=""2""","=""Low""","=""false"""
"=""bmi hyundai""","=""0""","=""0""","=""2""","=""Low""","=""false"""
"=""bmi iap chart""","=""0""","=""0""","=""3""","=""Low""","=""false"""
"=""bmi iap growth chart""","=""0""","=""0""","=""4""","=""Low""","=""false"""
"=""bmi iap boys""","=""0""","=""0""","=""3""","=""Low""","=""false"""
"=""bmi iata""","=""0""","=""0""","=""2""","=""Low""","=""false"""
"=""bmi iata code""","=""0""","=""0""","=""3""","=""Low""","=""false"""
"=""bmi hwr""","=""0""","=""0""","=""2""","=""Low""","=""false"""
"=""bmi ibu mengandung""","=""0""","=""0""","=""3""","=""Low""","=""false"""
"=""bmi ibw""","=""0""","=""0""","=""2""","=""Low""","=""false"""
"=""bmi ibiza""","=""0""","=""0""","=""2""","=""Low""","=""false"""
"=""bmi ibu hamil kalkulator""","=""0""","=""0""","=""4""","=""Low""","=""false"""
"=""bmi ibd""","=""0""","=""0""","=""2""","=""Low""","=""false"""
"=""bmi iberica""","=""0""","=""0""","=""2""","=""Low""","=""false"""
"=""bmi icici""","=""0""","=""0""","=""2""","=""Low""","=""false"""
"=""bmi icopal""","=""0""","=""0""","=""2""","=""Low""","=""false"""
"=""bmi icd""","=""0""","=""0""","=""2""","=""Low""","=""false"""
"=""bmi icon award""","=""0""","=""0""","=""3""","=""Low""","=""false"""
"=""bmi icare""","=""0""","=""0""","=""2""","=""Low""","=""false"""
"=""bmi icd 10 codes for adults""","=""0""","=""0""","=""6""","=""Low""","=""false"""
"=""bmi ielts reading""","=""0""","=""0""","=""3""","=""Low""","=""false"""
"=""bmi ie mounjaro""","=""0""","=""0""","=""3""","=""Low""","=""false"""
"=""bmi ie login""","=""0""","=""0""","=""3""","=""Low""","=""false"""
"=""bmi ie reviews""","=""0""","=""0""","=""3""","=""Low""","=""false"""
"=""bmi iec""","=""0""","=""0""","=""2""","=""Low""","=""false"""
"=""bmi if you are muscular""","=""0""","=""0""","=""5""","=""Low""","=""false"""
"=""bmi igualas medicas del ecuador""","=""0""","=""0""","=""5""","=""Low""","=""false"""
"=""bmi igualas medicas""","=""0""","=""0""","=""3""","=""Low""","=""false"""
"=""bmi igualas""","=""0""","=""0""","=""2""","=""Low""","=""false"""
"=""bmi igualas formularios""","=""0""","=""0""","=""3""","=""Low""","=""false"""
"=""bmi igualas medicas formularios""","=""0""","=""0""","=""4""","=""Low""","=""false"""
"=""bmi ig""","=""0""","=""0""","=""2""","=""Low""","=""false"""
"=""bmi igualas medicas del ecuador sa telefonos""","=""0""","=""0""","=""7""","=""Low""","=""false"""
"=""bmi igualas ecuador""","=""0""","=""0""","=""3""","=""Low""","=""false"""
"=""bmi igualas medicas del ecuador formularios""","=""0""","=""0""","=""6""","=""Low""","=""false"""
"=""bmi ihannepaino""","=""0""","=""0""","=""2""","=""Low""","=""false"""
"=""bmi wer hat ihn erfunden""","=""0""","=""0""","=""5""","=""Low""","=""false"""
"=""bmi iicrc""","=""0""","=""0""","=""2""","=""Low""","=""false"""
"=""bmi iii""","=""0""","=""0""","=""2""","=""Low""","=""false"""
"=""bmi iir""","=""0""","=""0""","=""2""","=""Low""","=""false"""
"=""bmi iii a 5 a""","=""0""","=""0""","=""5""","=""Low""","=""false"""
"=""bmi iii a 6""","=""0""","=""0""","=""4""","=""Low""","=""false"""
"=""bmi ii bpd 6 b""","=""0""","=""0""","=""5""","=""Low""","=""false"""
"=""bmi ii bk 8""","=""0""","=""0""","=""4""","=""Low""","=""false"""
"=""bmi iih""","=""0""","=""0""","=""2""","=""Low""","=""false"""
"=""bmi ii bk spoc""","=""0""","=""0""","=""4""","=""Low""","=""false"""
"=""bmi ii bpd 6 a""","=""0""","=""0""","=""5""","=""Low""","=""false"""
"=""bmi im alter frauen""","=""0""","=""0""","=""4""","=""Low""","=""false"""
"=""bmi immobilien""","=""0""","=""0""","=""2""","=""Low""","=""false"""
"=""bmi im alter höher frauen""","=""0""","=""0""","=""5""","=""Low""","=""false"""
"=""bmi im normalbereich""","=""0""","=""0""","=""3""","=""Low""","=""false"""
"=""bmi im alter höher""","=""0""","=""0""","=""4""","=""Low""","=""false"""
"=""bmi im kopf berechnen""","=""0""","=""0""","=""4""","=""Low""","=""false"""
"=""bmi impressum""","=""0""","=""0""","=""2""","=""Low""","=""false"""
"=""bmi illinois airport""","=""0""","=""0""","=""3""","=""Low""","=""false"""
"=""bmi ile powinnam ważyć""","=""0""","=""0""","=""4""","=""Low""","=""false"""
"=""bmi ile powinno wynosić""","=""0""","=""0""","=""4""","=""Low""","=""false"""
"=""bmi ile kcal""","=""0""","=""0""","=""3""","=""Low""","=""false"""
"=""bmi illinois""","=""0""","=""0""","=""2""","=""Low""","=""false"""
"=""bmi ilustrasi""","=""0""","=""0""","=""2""","=""Low""","=""false"""
"=""bmi ile wynosi""","=""0""","=""0""","=""3""","=""Low""","=""false"""
"=""bmi ilhavo""","=""0""","=""0""","=""2""","=""Low""","=""false"""
"=""bmi ikast""","=""0""","=""0""","=""2""","=""Low""","=""false"""
"=""bmi ikea""","=""0""","=""0""","=""2""","=""Low""","=""false"""
"=""bmi ikut umur""","=""0""","=""0""","=""3""","=""Low""","=""false"""
"=""bmi ikääntyneet""","=""0""","=""0""","=""2""","=""Low""","=""false"""
"=""bmi ikä""","=""0""","=""0""","=""2""","=""Low""","=""false"""
"=""bmi ikk classic""","=""0""","=""0""","=""3""","=""Low""","=""false"""
"=""bmi ikut ketinggian""","=""0""","=""0""","=""3""","=""Low""","=""false"""
"=""bmi ikäihmiset""","=""0""","=""0""","=""2""","=""Low""","=""false"""
"=""bmi ipru""","=""0""","=""0""","=""2""","=""Low""","=""false"""
"=""bmi ipswich""","=""0""","=""0""","=""2""","=""Low""","=""false"""
"=""bmi ipg""","=""0""","=""0""","=""2""","=""Low""","=""false"""
"=""bmi ipi finder""","=""0""","=""0""","=""3""","=""Low""","=""false"""
"=""bmi ip""","=""0""","=""0""","=""2""","=""Low""","=""false"""
"=""bmi ios""","=""0""","=""0""","=""2""","=""Low""","=""false"""
"=""bmi iom""","=""0""","=""0""","=""2""","=""Low""","=""false"""
"=""bmi iotf""","=""0""","=""0""","=""2""","=""Low""","=""false"""
"=""bmi iowa""","=""0""","=""0""","=""2""","=""Low""","=""false"""
"=""bmi iol""","=""0""","=""0""","=""2""","=""Low""","=""false"""
"=""bmi ionic liquid""","=""0""","=""0""","=""3""","=""Low""","=""false"""
"=""bmi ios app""","=""0""","=""0""","=""3""","=""Low""","=""false"""
"=""bmi iowa track your promotion""","=""0""","=""0""","=""5""","=""Low""","=""false"""
"=""bmi uoft""","=""0""","=""0""","=""2""","=""Low""","=""false"""
"=""bmi iot""","=""0""","=""0""","=""2""","=""Low""","=""false"""
"=""bmi iran""","=""0""","=""0""","=""2""","=""Low""","=""false"""
"=""bmi irisan""","=""0""","=""0""","=""2""","=""Low""","=""false"""
"=""bmi ireland chart""","=""0""","=""0""","=""3""","=""Low""","=""false"""
"=""bmi irvine""","=""0""","=""0""","=""2""","=""Low""","=""false"""
"=""bmi ir fish login""","=""0""","=""0""","=""4""","=""Low""","=""false"""
"=""bmi iq test login""","=""0""","=""0""","=""4""","=""Low""","=""false"""
"=""bmi iq correlation""","=""0""","=""0""","=""3""","=""Low""","=""false"""
"=""bmi islamabad""","=""0""","=""0""","=""2""","=""Low""","=""false"""
"=""bmi ivf nhs""","=""0""","=""0""","=""3""","=""Low""","=""false"""
"=""bmi iv spp""","=""0""","=""0""","=""3""","=""Low""","=""false"""
"=""bmi ivf limit""","=""0""","=""0""","=""3""","=""Low""","=""false"""
"=""bmi ivf reddit""","=""0""","=""0""","=""3""","=""Low""","=""false"""
"=""bmi ivf success rates""","=""0""","=""0""","=""4""","=""Low""","=""false"""
"=""bmi iui""","=""0""","=""0""","=""2""","=""Low""","=""false"""
"=""bmi iur""","=""0""","=""0""","=""2""","=""Low""","=""false"""
"=""bmi iul""","=""0""","=""0""","=""2""","=""Low""","=""false"""
"=""bmi it company""","=""0""","=""0""","=""3""","=""Low""","=""false"""
"=""bmi italia srl""","=""0""","=""0""","=""3""","=""Low""","=""false"""
"=""bmi italia corte franca""","=""0""","=""0""","=""4""","=""Low""","=""false"""
"=""bmi italia sede""","=""0""","=""0""","=""3""","=""Low""","=""false"""
"=""bmi izračun""","=""0""","=""0""","=""2""","=""Low""","=""false"""
"=""bmi izracunavanje""","=""0""","=""0""","=""2""","=""Low""","=""false"""
"=""bmi izračun muškarci""","=""0""","=""0""","=""3""","=""Low""","=""false"""
"=""bmi izračun tjelesne mase""","=""0""","=""0""","=""4""","=""Low""","=""false"""
"=""bmi izom""","=""0""","=""0""","=""2""","=""Low""","=""false"""
"=""bmi iznad 30""","=""0""","=""0""","=""3""","=""Low""","=""false"""
"=""bmi između 18 5 i 30""","=""0""","=""0""","=""6""","=""Low""","=""false"""
"=""bmi jc""","=""0""","=""0""","=""2""","=""Low""","=""false"""
"=""bmi jcp""","=""0""","=""0""","=""2""","=""Low""","=""false"""
"=""bmi jfa""","=""0""","=""0""","=""2""","=""Low""","=""false"""
"=""bmi jfl""","=""0""","=""0""","=""2""","=""Low""","=""false"""
"=""bmi jak obliczyć""","=""0""","=""0""","=""3""","=""Low""","=""false"""
"=""bmi janitorial""","=""0""","=""0""","=""2""","=""Low""","=""false"""
"=""bmi jazz composers workshop""","=""0""","=""0""","=""4""","=""Low""","=""false"""
"=""bmi janitorial group""","=""0""","=""0""","=""3""","=""Low""","=""false"""
"=""bmi jach kya hota hai""","=""0""","=""0""","=""5""","=""Low""","=""false"""
"=""bmi jamaica""","=""0""","=""0""","=""2""","=""Low""","=""false"""
"=""bmi jadual""","=""0""","=""0""","=""2""","=""Low""","=""false"""
"=""bmi jak sie liczy""","=""0""","=""0""","=""4""","=""Low""","=""false"""
"=""bmi ixtisas""","=""0""","=""0""","=""2""","=""Low""","=""false"""
"=""bmi ix4""","=""0""","=""0""","=""2""","=""Low""","=""false"""
"=""bmi ixi""","=""0""","=""0""","=""2""","=""Low""","=""false"""
"=""bmi ix3""","=""0""","=""0""","=""2""","=""Low""","=""false"""
"=""bmi jisim badan""","=""0""","=""0""","=""3""","=""Low""","=""false"""
"=""bmi jisim badan unggul ialah""","=""0""","=""0""","=""5""","=""Low""","=""false"""
"=""bmi jisoo""","=""0""","=""0""","=""2""","=""Low""","=""false"""
"=""bmi ji""","=""0""","=""0""","=""2""","=""Low""","=""false"""
"=""bmi jessen""","=""0""","=""0""","=""2""","=""Low""","=""false"""
"=""bmi jeugd""","=""0""","=""0""","=""2""","=""Low""","=""false"""
"=""bmi jennie blackpink""","=""0""","=""0""","=""3""","=""Low""","=""false"""
"=""bmi jennie""","=""0""","=""0""","=""2""","=""Low""","=""false"""
"=""bmi jepang""","=""0""","=""0""","=""2""","=""Low""","=""false"""
"=""bmi jelentése""","=""0""","=""0""","=""2""","=""Low""","=""false"""
"=""bmi jednostka""","=""0""","=""0""","=""2""","=""Low""","=""false"""
"=""bmi jessen stellenangebote""","=""0""","=""0""","=""3""","=""Low""","=""false"""
"=""bmi jednotky""","=""0""","=""0""","=""2""","=""Low""","=""false"""
"=""bmi joondalup""","=""0""","=""0""","=""2""","=""Low""","=""false"""
"=""bmi jobs nashville""","=""0""","=""0""","=""3""","=""Low""","=""false"""
"=""bmi job openings""","=""0""","=""0""","=""3""","=""Low""","=""false"""
"=""bmi job vacancies""","=""0""","=""0""","=""3""","=""Low""","=""false"""
"=""bmi join page""","=""0""","=""0""","=""3""","=""Low""","=""false"""
"=""bmi join as songwriter""","=""0""","=""0""","=""4""","=""Low""","=""false"""
"=""bmi john lennon scholarship""","=""0""","=""0""","=""4""","=""Low""","=""false"""
"=""bmi jpa gov my""","=""0""","=""0""","=""4""","=""Low""","=""false"""
"=""bmi jpa direktori""","=""0""","=""0""","=""3""","=""Low""","=""false"""
"=""bmi jpj""","=""0""","=""0""","=""2""","=""Low""","=""false"""
"=""bmi penajaan jpa gov my""","=""0""","=""0""","=""5""","=""Low""","=""false"""
"=""bmi penajaan jpa permohonan""","=""0""","=""0""","=""4""","=""Low""","=""false"""
"=""bmi polymer jsc""","=""0""","=""0""","=""3""","=""Low""","=""false"""
"=""bmi calculator js code""","=""0""","=""0""","=""4""","=""Low""","=""false"""
"=""bmi formula is""","=""0""","=""0""","=""3""","=""Low""","=""false"""
"=""bmi calculator react js""","=""0""","=""0""","=""4""","=""Low""","=""false"""
"=""bmi calculator formula js""","=""0""","=""0""","=""4""","=""Low""","=""false"""
"=""bmi juvenile""","=""0""","=""0""","=""2""","=""Low""","=""false"""
"=""bmi july 4th""","=""0""","=""0""","=""3""","=""Low""","=""false"""
"=""bmi jungen""","=""0""","=""0""","=""2""","=""Low""","=""false"""
"=""bmi junge""","=""0""","=""0""","=""2""","=""Low""","=""false"""
"=""bmi junge 13 jahre""","=""0""","=""0""","=""4""","=""Low""","=""false"""
"=""bmi junge 12 jahre""","=""0""","=""0""","=""4""","=""Low""","=""false"""
"=""bmi junge 10 jahre""","=""0""","=""0""","=""4""","=""Low""","=""false"""
"=""bmi jhu""","=""0""","=""0""","=""2""","=""Low""","=""false"""
"=""bmi jyada hone se kya hota hai""","=""0""","=""0""","=""7""","=""Low""","=""false"""
"=""bmi jyada hone ke nuksan""","=""0""","=""0""","=""5""","=""Low""","=""false"""
"=""bmi jyada ho to kya kare""","=""0""","=""0""","=""6""","=""Low""","=""false"""
"=""bmi jyllinge""","=""0""","=""0""","=""2""","=""Low""","=""false"""
"=""bmi jyosei""","=""0""","=""0""","=""2""","=""Low""","=""false"""
"=""bmi kaise nikalte hain""","=""0""","=""0""","=""4""","=""Low""","=""false"""
"=""bmi ka full form""","=""0""","=""0""","=""4""","=""Low""","=""false"""
"=""bmi ka matlab kya hota hai""","=""0""","=""0""","=""6""","=""Low""","=""false"""
"=""bmi kalkulator pl""","=""0""","=""0""","=""3""","=""Low""","=""false"""
"=""bmi ka formula""","=""0""","=""0""","=""3""","=""Low""","=""false"""
"=""bmi ka pura naam kya hai""","=""0""","=""0""","=""6""","=""Low""","=""false"""
"=""bmi kcal calculator""","=""0""","=""0""","=""3""","=""Low""","=""false"""
"=""bmi kcal kalkulator""","=""0""","=""0""","=""3""","=""Low""","=""false"""
"=""bmi kcal rechner""","=""0""","=""0""","=""3""","=""Low""","=""false"""
"=""bmi kc""","=""0""","=""0""","=""2""","=""Low""","=""false"""
"=""bmi kcalc""","=""0""","=""0""","=""2""","=""Low""","=""false"""
"=""bmi kcal berekenen""","=""0""","=""0""","=""3""","=""Low""","=""false"""
"=""bmi ile kcal jesc""","=""0""","=""0""","=""4""","=""Low""","=""false"""
"=""bmi kalkulačka kcal""","=""0""","=""0""","=""3""","=""Low""","=""false"""
"=""bmi kdn""","=""0""","=""0""","=""2""","=""Low""","=""false"""
"=""bmi kdy je obezita""","=""0""","=""0""","=""4""","=""Low""","=""false"""
"=""bmi kd""","=""0""","=""0""","=""2""","=""Low""","=""false"""
"=""bmi monier kdn""","=""0""","=""0""","=""3""","=""Low""","=""false"""
"=""bmi kdn takstein""","=""0""","=""0""","=""3""","=""Low""","=""false"""
"=""bmi kese check kre""","=""0""","=""0""","=""4""","=""Low""","=""false"""
"=""bmi kemenkes""","=""0""","=""0""","=""2""","=""Low""","=""false"""
"=""bmi kaise nikalte h""","=""0""","=""0""","=""4""","=""Low""","=""false"""
"=""bmi ke hisab se weight kitna hona chahiye""","=""0""","=""0""","=""8""","=""Low""","=""false"""
"=""bmi ke bare mein""","=""0""","=""0""","=""4""","=""Low""","=""false"""
"=""bmi ke according weight""","=""0""","=""0""","=""4""","=""Low""","=""false"""
"=""bmi ke hisab se weight chart""","=""0""","=""0""","=""6""","=""Low""","=""false"""
"=""bmi ke anusar weight""","=""0""","=""0""","=""4""","=""Low""","=""false"""
"=""bmi kerja kerajaan""","=""0""","=""0""","=""3""","=""Low""","=""false"""
"=""bmi kft""","=""0""","=""0""","=""2""","=""Low""","=""false"""
"=""bmi kfa rechner""","=""0""","=""0""","=""3""","=""Low""","=""false"""
"=""bmi kfa tabelle""","=""0""","=""0""","=""3""","=""Low""","=""false"""
"=""bmi kfd""","=""0""","=""0""","=""2""","=""Low""","=""false"""
"=""bmi mit kfa""","=""0""","=""0""","=""3""","=""Low""","=""false"""
"=""bmi berechnen mit kfa""","=""0""","=""0""","=""4""","=""Low""","=""false"""
"=""bmi magyarország kft veszprém""","=""0""","=""0""","=""4""","=""Low""","=""false"""
"=""bmi không đi nghĩa vụ""","=""0""","=""0""","=""5""","=""Low""","=""false"""
"=""bmi khoẻ mạnh""","=""0""","=""0""","=""3""","=""Low""","=""false"""
"=""bmi khám nghĩa vụ""","=""0""","=""0""","=""4""","=""Low""","=""false"""
"=""bmi khoảng bao nhiêu""","=""0""","=""0""","=""4""","=""Low""","=""false"""
"=""bmi khi mang thai""","=""0""","=""0""","=""4""","=""Low""","=""false"""
"=""bmi khoảng""","=""0""","=""0""","=""2""","=""Low""","=""false"""
"=""bmi khám sức khỏe""","=""0""","=""0""","=""4""","=""Low""","=""false"""
"=""bmi khánh nạp""","=""0""","=""0""","=""3""","=""Low""","=""false"""
"=""bmi không""","=""0""","=""0""","=""2""","=""Low""","=""false"""
"=""bmi kjønn""","=""0""","=""0""","=""2""","=""Low""","=""false"""
"=""bmi kj""","=""0""","=""0""","=""2""","=""Low""","=""false"""
"=""bmi kalkulator kjønn alder""","=""0""","=""0""","=""4""","=""Low""","=""false"""
"=""bmi rechner kjp""","=""0""","=""0""","=""3""","=""Low""","=""false"""
"=""bmi alder og kjønn""","=""0""","=""0""","=""4""","=""Low""","=""false"""
"=""bmi kalkulator kjønn""","=""0""","=""0""","=""3""","=""Low""","=""false"""
"=""bmi kiểm tra""","=""0""","=""0""","=""3""","=""Low""","=""false"""
"=""bmi kinder""","=""0""","=""0""","=""2""","=""Low""","=""false"""
"=""bmi kinder rechner""","=""0""","=""0""","=""3""","=""Low""","=""false"""
"=""bmi kids""","=""0""","=""0""","=""2""","=""Low""","=""false"""
"=""bmi kids calculator""","=""0""","=""0""","=""3""","=""Low""","=""false"""
"=""bmi kinder tabelle""","=""0""","=""0""","=""3""","=""Low""","=""false"""
"=""bmi kids chart""","=""0""","=""0""","=""3""","=""Low""","=""false"""
"=""bmi kkm malaysia""","=""0""","=""0""","=""3""","=""Low""","=""false"""
"=""bmi kkm 2026""","=""0""","=""0""","=""3""","=""Low""","=""false"""
"=""bmi kkm 2025""","=""0""","=""0""","=""3""","=""Low""","=""false"""
"=""bmi kk""","=""0""","=""0""","=""2""","=""Low""","=""false"""
"=""bmi kkh""","=""0""","=""0""","=""2""","=""Low""","=""false"""
"=""bmi calculator malaysia km""","=""0""","=""0""","=""4""","=""Low""","=""false"""
"=""bmi klasifikasi""","=""0""","=""0""","=""2""","=""Low""","=""false"""
"=""bmi kl""","=""0""","=""0""","=""2""","=""Low""","=""false"""
"=""bmi klassifikation""","=""0""","=""0""","=""2""","=""Low""","=""false"""
"=""bmi klasifikasi asia""","=""0""","=""0""","=""3""","=""Low""","=""false"""
"=""bmi kleinkind""","=""0""","=""0""","=""2""","=""Low""","=""false"""
"=""bmi klasse""","=""0""","=""0""","=""2""","=""Low""","=""false"""
"=""bmi klasifikacija""","=""0""","=""0""","=""2""","=""Low""","=""false"""
"=""bmi kl fertility""","=""0""","=""0""","=""3""","=""Low""","=""false"""
"=""bmi koto hole valo""","=""0""","=""0""","=""4""","=""Low""","=""false"""
"=""bmi ko hindi mein kya kahate hain""","=""0""","=""0""","=""7""","=""Low""","=""false"""
"=""bmi ko kaise kam kare""","=""0""","=""0""","=""5""","=""Low""","=""false"""
"=""bmi kolej""","=""0""","=""0""","=""2""","=""Low""","=""false"""
"=""bmi kmne ber kore""","=""0""","=""0""","=""4""","=""Low""","=""false"""
"=""bmi km""","=""0""","=""0""","=""2""","=""Low""","=""false"""
"=""bmi kmi""","=""0""","=""0""","=""2""","=""Low""","=""false"""
"=""bmi km2""","=""0""","=""0""","=""2""","=""Low""","=""false"""
"=""bmi km5""","=""0""","=""0""","=""2""","=""Low""","=""false"""
"=""bmi kmi kalkulator""","=""0""","=""0""","=""3""","=""Low""","=""false"""
"=""bmi km6""","=""0""","=""0""","=""2""","=""Low""","=""false"""
"=""bmi kmutt""","=""0""","=""0""","=""2""","=""Low""","=""false"""
"=""bmi kpm guru""","=""0""","=""0""","=""3""","=""Low""","=""false"""
"=""bmi kpm 2026""","=""0""","=""0""","=""3""","=""Low""","=""false"""
"=""bmi kpi""","=""0""","=""0""","=""2""","=""Low""","=""false"""
"=""bmi kpm 2025""","=""0""","=""0""","=""3""","=""Low""","=""false"""
"=""bmi kp""","=""0""","=""0""","=""2""","=""Low""","=""false"""
"=""bmi kp5""","=""0""","=""0""","=""2""","=""Low""","=""false"""
"=""bmi của idol kpop""","=""0""","=""0""","=""4""","=""Low""","=""false"""
"=""bmi knee replacement""","=""0""","=""0""","=""3""","=""Low""","=""false"""
"=""bmi knee surgery""","=""0""","=""0""","=""3""","=""Low""","=""false"""
"=""bmi knochenmarkspende""","=""0""","=""0""","=""2""","=""Low""","=""false"""
"=""bmi knee brace""","=""0""","=""0""","=""3""","=""Low""","=""false"""
"=""bmi knowledge""","=""0""","=""0""","=""2""","=""Low""","=""false"""
"=""bmi knochendichte""","=""0""","=""0""","=""2""","=""Low""","=""false"""
"=""bmi knowledge services""","=""0""","=""0""","=""3""","=""Low""","=""false"""
"=""bmi kry""","=""0""","=""0""","=""2""","=""Low""","=""false"""
"=""bmi kriteria""","=""0""","=""0""","=""2""","=""Low""","=""false"""
"=""bmi kraftsportler""","=""0""","=""0""","=""2""","=""Low""","=""false"""
"=""bmi krankenkasse""","=""0""","=""0""","=""2""","=""Low""","=""false"""
"=""bmi krav ivf""","=""0""","=""0""","=""3""","=""Low""","=""false"""
"=""bmi kryteria""","=""0""","=""0""","=""2""","=""Low""","=""false"""
"=""bmi krav fertilitetsbehandling""","=""0""","=""0""","=""3""","=""Low""","=""false"""
"=""bmi krav wegovy""","=""0""","=""0""","=""3""","=""Low""","=""false"""
"=""bmi ku""","=""0""","=""0""","=""2""","=""Low""","=""false"""
"=""bmi kucing""","=""0""","=""0""","=""2""","=""Low""","=""false"""
"=""bmi kurve""","=""0""","=""0""","=""2""","=""Low""","=""false"""
"=""bmi kurve kinder""","=""0""","=""0""","=""3""","=""Low""","=""false"""
"=""bmi kurve frauen""","=""0""","=""0""","=""3""","=""Low""","=""false"""
"=""bmi kununu""","=""0""","=""0""","=""2""","=""Low""","=""false"""
"=""bmi kurve mädchen""","=""0""","=""0""","=""3""","=""Low""","=""false"""
"=""bmi kuching""","=""0""","=""0""","=""2""","=""Low""","=""false"""
"=""bmi ktu notes""","=""0""","=""0""","=""3""","=""Low""","=""false"""
"=""bmi kto wymyslil""","=""0""","=""0""","=""3""","=""Low""","=""false"""
"=""bmi ktm nilai""","=""0""","=""0""","=""3""","=""Low""","=""false"""
"=""bmi od ktorego roku zycia""","=""0""","=""0""","=""5""","=""Low""","=""false"""
"=""bmi kvinner""","=""0""","=""0""","=""2""","=""Low""","=""false"""
"=""bmi kvinnor""","=""0""","=""0""","=""2""","=""Low""","=""false"""
"=""bmi kvinna räkna ut""","=""0""","=""0""","=""4""","=""Low""","=""false"""
"=""bmi kvinna ålder""","=""0""","=""0""","=""3""","=""Low""","=""false"""
"=""bmi kvinna 50 år""","=""0""","=""0""","=""4""","=""Low""","=""false"""
"=""bmi kvinder over 65 år""","=""0""","=""0""","=""5""","=""Low""","=""false"""
"=""bmi ksa""","=""0""","=""0""","=""2""","=""Low""","=""false"""
"=""bmi ks""","=""0""","=""0""","=""2""","=""Low""","=""false"""
"=""bmi ks3""","=""0""","=""0""","=""2""","=""Low""","=""false"""
"=""bmi trucking wichita ks""","=""0""","=""0""","=""4""","=""Low""","=""false"""
"=""bmi calculator ksa""","=""0""","=""0""","=""3""","=""Low""","=""false"""
"=""bmi wichita ks""","=""0""","=""0""","=""3""","=""Low""","=""false"""
"=""bmi great bend ks""","=""0""","=""0""","=""4""","=""Low""","=""false"""
"=""bmi kwa kiswahili""","=""0""","=""0""","=""3""","=""Low""","=""false"""
"=""bmi kwaya""","=""0""","=""0""","=""2""","=""Low""","=""false"""
"=""bmi latest classification""","=""0""","=""0""","=""3""","=""Low""","=""false"""
"=""bmi lactose""","=""0""","=""0""","=""2""","=""Low""","=""false"""
"=""bmi kya hai""","=""0""","=""0""","=""3""","=""Low""","=""false"""
"=""bmi kya hota hai in hindi""","=""0""","=""0""","=""6""","=""Low""","=""false"""
"=""bmi kya hota h in hindi""","=""0""","=""0""","=""6""","=""Low""","=""false"""
"=""bmi kya hota he""","=""0""","=""0""","=""4""","=""Low""","=""false"""
"=""bmi kya""","=""0""","=""0""","=""2""","=""Low""","=""false"""
"=""bmi kya hota hai in urdu""","=""0""","=""0""","=""6""","=""Low""","=""false"""
"=""bmi kya mapta hai""","=""0""","=""0""","=""4""","=""Low""","=""false"""
"=""bmi kya hota hai in english""","=""0""","=""0""","=""6""","=""Low""","=""false"""
"=""bmi kaava""","=""0""","=""0""","=""2""","=""Low""","=""false"""
"=""bmi kz""","=""0""","=""0""","=""2""","=""Low""","=""false"""
"=""bmi lbs and feet""","=""0""","=""0""","=""4""","=""Low""","=""false"""
"=""bmi lbs to kg""","=""0""","=""0""","=""4""","=""Low""","=""false"""
"=""bmi lbs and inches formula""","=""0""","=""0""","=""5""","=""Low""","=""false"""
"=""bmi 150 lbs 5 7""","=""0""","=""0""","=""5""","=""Low""","=""false"""
"=""bmi ldl""","=""0""","=""0""","=""2""","=""Low""","=""false"""
"=""bmi ldap""","=""0""","=""0""","=""2""","=""Low""","=""false"""
"=""bmi and ldl cholesterol""","=""0""","=""0""","=""4""","=""Low""","=""false"""
"=""bmi vs ldl""","=""0""","=""0""","=""3""","=""Low""","=""false"""
"=""bmi と ldl""","=""0""","=""0""","=""3""","=""Low""","=""false"""
"=""bmi lf""","=""0""","=""0""","=""2""","=""Low""","=""false"""
"=""bmi lcsd""","=""0""","=""0""","=""2""","=""Low""","=""false"""
"=""bmi lc""","=""0""","=""0""","=""2""","=""Low""","=""false"""
"=""bmi lca""","=""0""","=""0""","=""2""","=""Low""","=""false"""
"=""bmi lci""","=""0""","=""0""","=""2""","=""Low""","=""false"""
"=""bmi lg""","=""0""","=""0""","=""2""","=""Low""","=""false"""
"=""bmi to lga""","=""0""","=""0""","=""3""","=""Low""","=""false"""
"=""bmi to lga flights""","=""0""","=""0""","=""4""","=""Low""","=""false"""
"=""bmi lelaki""","=""0""","=""0""","=""2""","=""Low""","=""false"""
"=""bmi levels chart""","=""0""","=""0""","=""3""","=""Low""","=""false"""
"=""bmi less than 19""","=""0""","=""0""","=""4""","=""Low""","=""false"""
"=""bmi licznik""","=""0""","=""0""","=""2""","=""Low""","=""false"""
"=""bmi list for male""","=""0""","=""0""","=""4""","=""Low""","=""false"""
"=""bmi list female""","=""0""","=""0""","=""3""","=""Low""","=""false"""
"=""bmi limit for ivf""","=""0""","=""0""","=""4""","=""Low""","=""false"""
"=""bmi ljestvica""","=""0""","=""0""","=""2""","=""Low""","=""false"""
"=""bmi ljubljana""","=""0""","=""0""","=""2""","=""Low""","=""false"""
"=""bmi lh""","=""0""","=""0""","=""2""","=""Low""","=""false"""
"=""bmi kalkulator lhl""","=""0""","=""0""","=""3""","=""Low""","=""false"""
"=""bmi to lhr""","=""0""","=""0""","=""3""","=""Low""","=""false"""
"=""bmi llc dade city""","=""0""","=""0""","=""4""","=""Low""","=""false"""
"=""bmi ll""","=""0""","=""0""","=""2""","=""Low""","=""false"""
"=""bmi llogaritja""","=""0""","=""0""","=""2""","=""Low""","=""false"""
"=""bmi llamar""","=""0""","=""0""","=""2""","=""Low""","=""false"""
"=""bmi lloydminster""","=""0""","=""0""","=""2""","=""Low""","=""false"""
"=""bmi llc insurance""","=""0""","=""0""","=""3""","=""Low""","=""false"""
"=""bmi llm""","=""0""","=""0""","=""2""","=""Low""","=""false"""
"=""bmi benefits llc provider portal""","=""0""","=""0""","=""5""","=""Low""","=""false"""
"=""bmi lkr usd outlook""","=""0""","=""0""","=""4""","=""Low""","=""false"""
"=""bmi calculator lk""","=""0""","=""0""","=""3""","=""Low""","=""false"""
"=""bmi lkw""","=""0""","=""0""","=""2""","=""Low""","=""false"""
"=""bmi lphsfi""","=""0""","=""0""","=""2""","=""Low""","=""false"""
"=""bmi lp""","=""0""","=""0""","=""2""","=""Low""","=""false"""
"=""bmi lp shunt""","=""0""","=""0""","=""3""","=""Low""","=""false"""
"=""bmi lpg""","=""0""","=""0""","=""2""","=""Low""","=""false"""
"=""bmi gräns lpt""","=""0""","=""0""","=""3""","=""Low""","=""false"""
"=""bmi lpd""","=""0""","=""0""","=""2""","=""Low""","=""false"""
"=""bmi lse""","=""0""","=""0""","=""2""","=""Low""","=""false"""
"=""bmi lsm""","=""0""","=""0""","=""2""","=""Low""","=""false"""
"=""bmi lr""","=""0""","=""0""","=""2""","=""Low""","=""false"""
"=""bmi lt""","=""0""","=""0""","=""2""","=""Low""","=""false"""
"=""bmi ltd reviews""","=""0""","=""0""","=""3""","=""Low""","=""false"""
"=""bmi ltd photos""","=""0""","=""0""","=""3""","=""Low""","=""false"""
"=""bmi ltd bridgewater""","=""0""","=""0""","=""3""","=""Low""","=""false"""
"=""bmi ltd bridgewater ns""","=""0""","=""0""","=""4""","=""Low""","=""false"""
"=""bmi ltd uk""","=""0""","=""0""","=""3""","=""Low""","=""false"""
"=""bmi lms""","=""0""","=""0""","=""2""","=""Low""","=""false"""
"=""bmi lmi""","=""0""","=""0""","=""2""","=""Low""","=""false"""
"=""bmi lma""","=""0""","=""0""","=""2""","=""Low""","=""false"""
"=""bmi lmk""","=""0""","=""0""","=""2""","=""Low""","=""false"""
"=""bmi sds lms""","=""0""","=""0""","=""3""","=""Low""","=""false"""
"=""bmi lmg""","=""0""","=""0""","=""2""","=""Low""","=""false"""
"=""bmi luxembourg""","=""0""","=""0""","=""2""","=""Low""","=""false"""
"=""bmi lunenburg""","=""0""","=""0""","=""2""","=""Low""","=""false"""
"=""bmi lucky cat light""","=""0""","=""0""","=""4""","=""Low""","=""false"""
"=""bmi lumber""","=""0""","=""0""","=""2""","=""Low""","=""false"""
"=""bmi lutterworth""","=""0""","=""0""","=""2""","=""Low""","=""false"""
"=""bmi luftrettung""","=""0""","=""0""","=""2""","=""Low""","=""false"""
"=""bmi luokat""","=""0""","=""0""","=""2""","=""Low""","=""false"""
"=""bmi luftsicherheit""","=""0""","=""0""","=""2""","=""Low""","=""false"""
"=""bmi luokitus""","=""0""","=""0""","=""2""","=""Low""","=""false"""
"=""bmi lymphedema""","=""0""","=""0""","=""2""","=""Low""","=""false"""
"=""bmi ly tuong""","=""0""","=""0""","=""3""","=""Low""","=""false"""
"=""bmi lyon""","=""0""","=""0""","=""2""","=""Low""","=""false"""
"=""bmi lyhenne""","=""0""","=""0""","=""2""","=""Low""","=""false"""
"=""bmi lyrics contest""","=""0""","=""0""","=""3""","=""Low""","=""false"""
"=""bmi lynden rd brantford""","=""0""","=""0""","=""4""","=""Low""","=""false"""
"=""bmi mckellar centre""","=""0""","=""0""","=""3""","=""Low""","=""false"""
"=""bmi mckellar""","=""0""","=""0""","=""2""","=""Low""","=""false"""
"=""bmi mcgraths hill""","=""0""","=""0""","=""3""","=""Low""","=""false"""
"=""bmi mcal""","=""0""","=""0""","=""2""","=""Low""","=""false"""
"=""bmi mckellar centre geelong""","=""0""","=""0""","=""4""","=""Low""","=""false"""
"=""bmi mcu""","=""0""","=""0""","=""2""","=""Low""","=""false"""
"=""bmi mcu adalah""","=""0""","=""0""","=""3""","=""Low""","=""false"""
"=""bmi mc""","=""0""","=""0""","=""2""","=""Low""","=""false"""
"=""bmi mcq""","=""0""","=""0""","=""2""","=""Low""","=""false"""
"=""bmi md reviews""","=""0""","=""0""","=""3""","=""Low""","=""false"""
"=""bmi md coupon code""","=""0""","=""0""","=""4""","=""Low""","=""false"""
"=""bmi md login""","=""0""","=""0""","=""3""","=""Low""","=""false"""
"=""bmi md reviews reddit""","=""0""","=""0""","=""4""","=""Low""","=""false"""
"=""bmi md legit""","=""0""","=""0""","=""3""","=""Low""","=""false"""
"=""bmi mdcalc calculator""","=""0""","=""0""","=""3""","=""Low""","=""false"""
"=""bmi md coupon""","=""0""","=""0""","=""3""","=""Low""","=""false"""
"=""bmi mbti""","=""0""","=""0""","=""2""","=""Low""","=""false"""
"=""bmi mbappe""","=""0""","=""0""","=""2""","=""Low""","=""false"""
"=""bmi mbbs""","=""0""","=""0""","=""2""","=""Low""","=""false"""
"=""bmi mf""","=""0""","=""0""","=""2""","=""Low""","=""false"""
"=""bmi mfa""","=""0""","=""0""","=""2""","=""Low""","=""false"""
"=""bmi mfg""","=""0""","=""0""","=""2""","=""Low""","=""false"""
"=""bmi berechnen mfa""","=""0""","=""0""","=""3""","=""Low""","=""false"""
"=""bmi mg plus""","=""0""","=""0""","=""3""","=""Low""","=""false"""
"=""bmi mgp""","=""0""","=""0""","=""2""","=""Low""","=""false"""
"=""bmi mg kg""","=""0""","=""0""","=""3""","=""Low""","=""false"""
"=""bmi mhanje kay""","=""0""","=""0""","=""3""","=""Low""","=""false"""
"=""bmi mhanje kay in marathi""","=""0""","=""0""","=""5""","=""Low""","=""false"""
"=""bmi mha""","=""0""","=""0""","=""2""","=""Low""","=""false"""
"=""bmi mhb""","=""0""","=""0""","=""2""","=""Low""","=""false"""
"=""bmi miami""","=""0""","=""0""","=""2""","=""Low""","=""false"""
"=""bmi milton keynes""","=""0""","=""0""","=""3""","=""Low""","=""false"""
"=""bmi mittari""","=""0""","=""0""","=""2""","=""Low""","=""false"""
"=""bmi mission""","=""0""","=""0""","=""2""","=""Low""","=""false"""
"=""bmi mkch""","=""0""","=""0""","=""2""","=""Low""","=""false"""
"=""bmi calculator mk""","=""0""","=""0""","=""3""","=""Low""","=""false"""
"=""bmi group mk""","=""0""","=""0""","=""3""","=""Low""","=""false"""
"=""bmi whale mk2 supreme""","=""0""","=""0""","=""4""","=""Low""","=""false"""
"=""bmi to mke""","=""0""","=""0""","=""3""","=""Low""","=""false"""
"=""bmi kalkulator mk""","=""0""","=""0""","=""3""","=""Low""","=""false"""
"=""bmi calculator marks""","=""0""","=""0""","=""3""","=""Low""","=""false"""
"=""bmi mkn""","=""0""","=""0""","=""2""","=""Low""","=""false"""
"=""bmi mjerna jedinica""","=""0""","=""0""","=""3""","=""Low""","=""false"""
"=""bmi mjerenje""","=""0""","=""0""","=""2""","=""Low""","=""false"""
"=""bmi mj couplings""","=""0""","=""0""","=""3""","=""Low""","=""false"""
"=""bmi mj""","=""0""","=""0""","=""2""","=""Low""","=""false"""
"=""bmi mjere""","=""0""","=""0""","=""2""","=""Low""","=""false"""
"=""bmi mlbb""","=""0""","=""0""","=""2""","=""Low""","=""false"""
"=""bmi mlbb meaning""","=""0""","=""0""","=""3""","=""Low""","=""false"""
"=""bmi mlodziez""","=""0""","=""0""","=""2""","=""Low""","=""false"""
"=""bmi mlodziezy""","=""0""","=""0""","=""2""","=""Low""","=""false"""
"=""bmi ml""","=""0""","=""0""","=""2""","=""Low""","=""false"""
"=""bmi mlc""","=""0""","=""0""","=""2""","=""Low""","=""false"""
"=""bmi mlodziez kalkulator""","=""0""","=""0""","=""3""","=""Low""","=""false"""
"=""bmi ml meaning""","=""0""","=""0""","=""3""","=""Low""","=""false"""
"=""bmi mladiství""","=""0""","=""0""","=""2""","=""Low""","=""false"""
"=""bmi morbid obesity""","=""0""","=""0""","=""3""","=""Low""","=""false"""
"=""bmi mortgage rates""","=""0""","=""0""","=""3""","=""Low""","=""false"""
"=""bmi mm""","=""0""","=""0""","=""2""","=""Low""","=""false"""
"=""bmi mmm a""","=""0""","=""0""","=""3""","=""Low""","=""false"""
"=""bmi mmc""","=""0""","=""0""","=""2""","=""Low""","=""false"""
"=""bmi mma""","=""0""","=""0""","=""2""","=""Low""","=""false"""
"=""bmi mmc azerbaijan""","=""0""","=""0""","=""3""","=""Low""","=""false"""
"=""bmi mmi""","=""0""","=""0""","=""2""","=""Low""","=""false"""
"=""bmi mmmm""","=""0""","=""0""","=""2""","=""Low""","=""false"""
"=""bmi vs mmi""","=""0""","=""0""","=""3""","=""Low""","=""false"""
"=""bmi mri""","=""0""","=""0""","=""2""","=""Low""","=""false"""
"=""bmi mr""","=""0""","=""0""","=""2""","=""Low""","=""false"""
"=""bmi mri geelong""","=""0""","=""0""","=""3""","=""Low""","=""false"""
"=""bmi mrms""","=""0""","=""0""","=""2""","=""Low""","=""false"""
"=""bmi mri scan cost""","=""0""","=""0""","=""4""","=""Low""","=""false"""
"=""bmi mrt""","=""0""","=""0""","=""2""","=""Low""","=""false"""
"=""bmi mri scan""","=""0""","=""0""","=""3""","=""Low""","=""false"""
"=""bmi mp""","=""0""","=""0""","=""2""","=""Low""","=""false"""
"=""bmi mp pl""","=""0""","=""0""","=""3""","=""Low""","=""false"""
"=""bmi mp kalkulator""","=""0""","=""0""","=""3""","=""Low""","=""false"""
"=""bmi calculator mp""","=""0""","=""0""","=""3""","=""Low""","=""false"""
"=""bmi normy mp""","=""0""","=""0""","=""3""","=""Low""","=""false"""
"=""bmi calculator mph""","=""0""","=""0""","=""3""","=""Low""","=""false"""
"=""bmi msd""","=""0""","=""0""","=""2""","=""Low""","=""false"""
"=""bmi ms""","=""0""","=""0""","=""2""","=""Low""","=""false"""
"=""bmi msc""","=""0""","=""0""","=""2""","=""Low""","=""false"""
"=""bmi ms wire 4mm gas ring""","=""0""","=""0""","=""6""","=""Low""","=""false"""
"=""bmi msa""","=""0""","=""0""","=""2""","=""Low""","=""false"""
"=""bmi msip""","=""0""","=""0""","=""2""","=""Low""","=""false"""
"=""bmi msp""","=""0""","=""0""","=""2""","=""Low""","=""false"""
"=""bmi mn""","=""0""","=""0""","=""2""","=""Low""","=""false"""
"=""bmi mnemonic""","=""0""","=""0""","=""2""","=""Low""","=""false"""
"=""bmi mna""","=""0""","=""0""","=""2""","=""Low""","=""false"""
"=""bmi mane ki""","=""0""","=""0""","=""3""","=""Low""","=""false"""
"=""bmi calculator mn""","=""0""","=""0""","=""3""","=""Low""","=""false"""
"=""bmi faribault mn""","=""0""","=""0""","=""3""","=""Low""","=""false"""
"=""bmi kg mq""","=""0""","=""0""","=""3""","=""Low""","=""false"""
"=""bmi mv""","=""0""","=""0""","=""2""","=""Low""","=""false"""
"=""bmi muối ớt""","=""0""","=""0""","=""3""","=""Low""","=""false"""
"=""bmi music pro""","=""0""","=""0""","=""3""","=""Low""","=""false"""
"=""bmi muac""","=""0""","=""0""","=""2""","=""Low""","=""false"""
"=""bmi mw""","=""0""","=""0""","=""2""","=""Low""","=""false"""
"=""bmi 20 mw""","=""0""","=""0""","=""3""","=""Low""","=""false"""
"=""bmi 10 mw""","=""0""","=""0""","=""3""","=""Low""","=""false"""
"=""bmi matlab""","=""0""","=""0""","=""2""","=""Low""","=""false"""
"=""bmi mt gravatt""","=""0""","=""0""","=""3""","=""Low""","=""false"""
"=""bmi mt""","=""0""","=""0""","=""2""","=""Low""","=""false"""
"=""bmi mta discord""","=""0""","=""0""","=""3""","=""Low""","=""false"""
"=""bmi mt workshop""","=""0""","=""0""","=""3""","=""Low""","=""false"""
"=""bmi mta site""","=""0""","=""0""","=""3""","=""Low""","=""false"""
"=""bmi mtf""","=""0""","=""0""","=""2""","=""Low""","=""false"""
"=""bmi mta loja""","=""0""","=""0""","=""3""","=""Low""","=""false"""
"=""bmi myanmar""","=""0""","=""0""","=""2""","=""Low""","=""false"""
"=""bmi myth""","=""0""","=""0""","=""2""","=""Low""","=""false"""
"=""bmi myanmar calculator""","=""0""","=""0""","=""3""","=""Low""","=""false"""
"=""bmi my calculator""","=""0""","=""0""","=""3""","=""Low""","=""false"""
"=""bmi my personal trainer""","=""0""","=""0""","=""4""","=""Low""","=""false"""
"=""bmi mysimba""","=""0""","=""0""","=""2""","=""Low""","=""false"""
"=""bmi myfitnesspal""","=""0""","=""0""","=""2""","=""Low""","=""false"""
"=""bmi my weight""","=""0""","=""0""","=""3""","=""Low""","=""false"""
"=""bmi mx""","=""0""","=""0""","=""2""","=""Low""","=""false"""
"=""bmi nam và nữ""","=""0""","=""0""","=""4""","=""Low""","=""false"""
"=""bmi nclex""","=""0""","=""0""","=""2""","=""Low""","=""false"""
"=""bmi ncbi calculator""","=""0""","=""0""","=""3""","=""Low""","=""false"""
"=""bmi nc""","=""0""","=""0""","=""2""","=""Low""","=""false"""
"=""bmi ncert""","=""0""","=""0""","=""2""","=""Low""","=""false"""
"=""bmi nclex questions""","=""0""","=""0""","=""3""","=""Low""","=""false"""
"=""bmi ncd""","=""0""","=""0""","=""2""","=""Low""","=""false"""
"=""bmi nbi""","=""0""","=""0""","=""2""","=""Low""","=""false"""
"=""bmi nbs""","=""0""","=""0""","=""2""","=""Low""","=""false"""
"=""bmi nba""","=""0""","=""0""","=""2""","=""Low""","=""false"""
"=""bmi nba players""","=""0""","=""0""","=""3""","=""Low""","=""false"""
"=""bmi nb""","=""0""","=""0""","=""2""","=""Low""","=""false"""
"=""bmi nbfc""","=""0""","=""0""","=""2""","=""Low""","=""false"""
"=""bmi ndtv""","=""0""","=""0""","=""2""","=""Low""","=""false"""
"=""bmi nda""","=""0""","=""0""","=""2""","=""Low""","=""false"""
"=""bmi nd""","=""0""","=""0""","=""2""","=""Low""","=""false"""
"=""bmi nguyên cám""","=""0""","=""0""","=""3""","=""Low""","=""false"""
"=""bmi nfz kalkulator""","=""0""","=""0""","=""3""","=""Low""","=""false"""
"=""bmi nfz gov""","=""0""","=""0""","=""3""","=""Low""","=""false"""
"=""bmi nf""","=""0""","=""0""","=""2""","=""Low""","=""false"""
"=""bmi nfl players""","=""0""","=""0""","=""3""","=""Low""","=""false"""
"=""bmi needed for mounjaro""","=""0""","=""0""","=""4""","=""Low""","=""false"""
"=""bmi networking""","=""0""","=""0""","=""2""","=""Low""","=""false"""
"=""bmi needed for glp 1""","=""0""","=""0""","=""5""","=""Low""","=""false"""
"=""bmi needed for wegovy""","=""0""","=""0""","=""4""","=""Low""","=""false"""
"=""bmi needed for ozempic""","=""0""","=""0""","=""4""","=""Low""","=""false"""
"=""bmi nemo""","=""0""","=""0""","=""2""","=""Low""","=""false"""
"=""bmi new lenox""","=""0""","=""0""","=""3""","=""Low""","=""false"""
"=""bmi nhs calculator child""","=""0""","=""0""","=""4""","=""Low""","=""false"""
"=""bmi nhs calculator uk""","=""0""","=""0""","=""4""","=""Low""","=""false"""
"=""bmi nikalne ka formula""","=""0""","=""0""","=""4""","=""Low""","=""false"""
"=""bmi nikalne ka tarika""","=""0""","=""0""","=""4""","=""Low""","=""false"""
"=""bmi nikalna""","=""0""","=""0""","=""2""","=""Low""","=""false"""
"=""bmi nilai""","=""0""","=""0""","=""2""","=""Low""","=""false"""
"=""bmi nikalne ka formula kya hai""","=""0""","=""0""","=""6""","=""Low""","=""false"""
"=""bmi nirnoy er sutro""","=""0""","=""0""","=""4""","=""Low""","=""false"""
"=""bmi nikalne ka sutra""","=""0""","=""0""","=""4""","=""Low""","=""false"""
"=""bmi nk""","=""0""","=""0""","=""2""","=""Low""","=""false"""
"=""bmi calculator nkf""","=""0""","=""0""","=""3""","=""Low""","=""false"""
"=""bmi nj""","=""0""","=""0""","=""2""","=""Low""","=""false"""
"=""bmi lakewood nj""","=""0""","=""0""","=""3""","=""Low""","=""false"""
"=""bmi benefits nj""","=""0""","=""0""","=""3""","=""Low""","=""false"""
"=""bmi matawan nj""","=""0""","=""0""","=""3""","=""Low""","=""false"""
"=""bmi newark nj""","=""0""","=""0""","=""3""","=""Low""","=""false"""
"=""bmi insurance nj""","=""0""","=""0""","=""3""","=""Low""","=""false"""
"=""bmi merchandise lakewood nj""","=""0""","=""0""","=""4""","=""Low""","=""false"""
"=""bmi group nl""","=""0""","=""0""","=""3""","=""Low""","=""false"""
"=""bmi clinic nl""","=""0""","=""0""","=""3""","=""Low""","=""false"""
"=""bmi hartstichting nl""","=""0""","=""0""","=""3""","=""Low""","=""false"""
"=""bmi meter nl""","=""0""","=""0""","=""3""","=""Low""","=""false"""
"=""bmi berekenen voedingscentrum nl""","=""0""","=""0""","=""4""","=""Low""","=""false"""
"=""bmi nn""","=""0""","=""0""","=""2""","=""Low""","=""false"""
"=""bmi tính nnao""","=""0""","=""0""","=""3""","=""Low""","=""false"""
"=""bmi nmc""","=""0""","=""0""","=""2""","=""Low""","=""false"""
"=""bmi nm""","=""0""","=""0""","=""2""","=""Low""","=""false"""
"=""bmi npr""","=""0""","=""0""","=""2""","=""Low""","=""false"""
"=""bmi npi""","=""0""","=""0""","=""2""","=""Low""","=""false"""
"=""bmi nsw health""","=""0""","=""0""","=""3""","=""Low""","=""false"""
"=""bmi nsw kids""","=""0""","=""0""","=""3""","=""Low""","=""false"""
"=""bmi ns""","=""0""","=""0""","=""2""","=""Low""","=""false"""
"=""bmi nsw calculator""","=""0""","=""0""","=""3""","=""Low""","=""false"""
"=""bmi ns calculator""","=""0""","=""0""","=""3""","=""Low""","=""false"""
"=""bmi nsca""","=""0""","=""0""","=""2""","=""Low""","=""false"""
"=""bmi nsw health kids""","=""0""","=""0""","=""4""","=""Low""","=""false"""
"=""bmi nsw police""","=""0""","=""0""","=""3""","=""Low""","=""false"""
"=""bmi nrs""","=""0""","=""0""","=""2""","=""Low""","=""false"""
"=""bmi nrk""","=""0""","=""0""","=""2""","=""Low""","=""false"""
"=""bmi nr""","=""0""","=""0""","=""2""","=""Low""","=""false"""
"=""bmi nrk tv""","=""0""","=""0""","=""3""","=""Low""","=""false"""
"=""bmi polizei nrw""","=""0""","=""0""","=""3""","=""Low""","=""false"""
"=""bmi ntf2""","=""0""","=""0""","=""2""","=""Low""","=""false"""
"=""bmi ntt""","=""0""","=""0""","=""2""","=""Low""","=""false"""
"=""bmi nt probnp""","=""0""","=""0""","=""3""","=""Low""","=""false"""
"=""bmi ntb""","=""0""","=""0""","=""2""","=""Low""","=""false"""
"=""bmi group nt""","=""0""","=""0""","=""3""","=""Low""","=""false"""
"=""bmi normwerte""","=""0""","=""0""","=""2""","=""Low""","=""false"""
"=""bmi normwert""","=""0""","=""0""","=""2""","=""Low""","=""false"""
"=""bmi nutritional status""","=""0""","=""0""","=""3""","=""Low""","=""false"""
"=""bmi nutritional status chart""","=""0""","=""0""","=""4""","=""Low""","=""false"""
"=""bmi number music""","=""0""","=""0""","=""3""","=""Low""","=""false"""
"=""bmi nvqs voz""","=""0""","=""0""","=""3""","=""Low""","=""false"""
"=""bmi nvqs là gì""","=""0""","=""0""","=""4""","=""Low""","=""false"""
"=""bmi nvqs reddit""","=""0""","=""0""","=""3""","=""Low""","=""false"""
"=""bmi nvqs 2024""","=""0""","=""0""","=""3""","=""Low""","=""false"""
"=""bmi bao nhiêu nvqs""","=""0""","=""0""","=""4""","=""Low""","=""false"""
"=""bmi nwu""","=""0""","=""0""","=""2""","=""Low""","=""false"""
"=""bmi nwu requirements""","=""0""","=""0""","=""3""","=""Low""","=""false"""
"=""bmi nz female""","=""0""","=""0""","=""3""","=""Low""","=""false"""
"=""bmi nz calculator female""","=""0""","=""0""","=""4""","=""Low""","=""false"""
"=""bmi nz male""","=""0""","=""0""","=""3""","=""Low""","=""false"""
"=""bmi nz heart foundation""","=""0""","=""0""","=""4""","=""Low""","=""false"""
"=""bmi nz chart""","=""0""","=""0""","=""3""","=""Low""","=""false"""
"=""bmi nz health""","=""0""","=""0""","=""3""","=""Low""","=""false"""
"=""bmi nz child""","=""0""","=""0""","=""3""","=""Low""","=""false"""
"=""bmi oakhill""","=""0""","=""0""","=""2""","=""Low""","=""false"""
"=""bmi oasis""","=""0""","=""0""","=""2""","=""Low""","=""false"""
"=""bmi oai""","=""0""","=""0""","=""2""","=""Low""","=""false"""
"=""bmi oai cursus""","=""0""","=""0""","=""3""","=""Low""","=""false"""
"=""bmi oai betekenis""","=""0""","=""0""","=""3""","=""Low""","=""false"""
"=""bmi oak forest""","=""0""","=""0""","=""3""","=""Low""","=""false"""
"=""bmi oai installatie""","=""0""","=""0""","=""3""","=""Low""","=""false"""
"=""bmi oakville""","=""0""","=""0""","=""2""","=""Low""","=""false"""
"=""bmi nyngan""","=""0""","=""0""","=""2""","=""Low""","=""false"""
"=""bmi nyc""","=""0""","=""0""","=""2""","=""Low""","=""false"""
"=""bmi nyc office""","=""0""","=""0""","=""3""","=""Low""","=""false"""
"=""bmi nycu""","=""0""","=""0""","=""2""","=""Low""","=""false"""
"=""bmi nya""","=""0""","=""0""","=""2""","=""Low""","=""false"""
"=""bmi nye anbefalinger""","=""0""","=""0""","=""3""","=""Low""","=""false"""
"=""bmi oberursel""","=""0""","=""0""","=""2""","=""Low""","=""false"""
"=""bmi obergräfenhain""","=""0""","=""0""","=""2""","=""Low""","=""false"""
"=""bmi obergrenze""","=""0""","=""0""","=""2""","=""Low""","=""false"""
"=""bmi obliczyc""","=""0""","=""0""","=""2""","=""Low""","=""false"""
"=""bmi oberursel stellenangebote""","=""0""","=""0""","=""3""","=""Low""","=""false"""
"=""bmi ocean grove""","=""0""","=""0""","=""3""","=""Low""","=""false"""
"=""bmi ocp contraindication""","=""0""","=""0""","=""3""","=""Low""","=""false"""
"=""bmi och midjemått""","=""0""","=""0""","=""3""","=""Low""","=""false"""
"=""bmi och ålder""","=""0""","=""0""","=""3""","=""Low""","=""false"""
"=""bmi oceanic statement""","=""0""","=""0""","=""3""","=""Low""","=""false"""
"=""bmi och muskelmassa""","=""0""","=""0""","=""3""","=""Low""","=""false"""
"=""bmi och fettprocent""","=""0""","=""0""","=""3""","=""Low""","=""false"""
"=""bmi occupational therapy""","=""0""","=""0""","=""3""","=""Low""","=""false"""
"=""bmi och kroppsfett""","=""0""","=""0""","=""3""","=""Low""","=""false"""
"=""bmi od ilu nadwaga""","=""0""","=""0""","=""4""","=""Low""","=""false"""
"=""bmi oder bri""","=""0""","=""0""","=""3""","=""Low""","=""false"""
"=""bmi oder bmr""","=""0""","=""0""","=""3""","=""Low""","=""false"""
"=""bmi oder bauchumfang""","=""0""","=""0""","=""3""","=""Low""","=""false"""
"=""bmi od kiedy nadwaga""","=""0""","=""0""","=""4""","=""Low""","=""false"""
"=""bmi odżywianie""","=""0""","=""0""","=""2""","=""Low""","=""false"""
"=""bmi oddawanie krwi""","=""0""","=""0""","=""3""","=""Low""","=""false"""
"=""bmi od kiedy otylosc""","=""0""","=""0""","=""4""","=""Low""","=""false"""
"=""bmi oestrich winkel""","=""0""","=""0""","=""3""","=""Low""","=""false"""
"=""bmi oec""","=""0""","=""0""","=""2""","=""Low""","=""false"""
"=""bmi oesterreich""","=""0""","=""0""","=""2""","=""Low""","=""false"""
"=""bmi oe""","=""0""","=""0""","=""2""","=""Low""","=""false"""
"=""bmi pet""","=""0""","=""0""","=""2""","=""Low""","=""false"""
"=""bmi oecd""","=""0""","=""0""","=""2""","=""Low""","=""false"""
"=""bmi pft oet""","=""0""","=""0""","=""3""","=""Low""","=""false"""
"=""bmi og alder""","=""0""","=""0""","=""3""","=""Low""","=""false"""
"=""bmi og fertilitetsbehandling""","=""0""","=""0""","=""3""","=""Low""","=""false"""
"=""bmi og wegovy""","=""0""","=""0""","=""3""","=""Low""","=""false"""
"=""bmi of muskelmasse""","=""0""","=""0""","=""3""","=""Low""","=""false"""
"=""bmi og graviditet""","=""0""","=""0""","=""3""","=""Low""","=""false"""
"=""bmi of midjemål""","=""0""","=""0""","=""3""","=""Low""","=""false"""
"=""bmi og fedtprocent""","=""0""","=""0""","=""3""","=""Low""","=""false"""
"=""bmi og taljemål""","=""0""","=""0""","=""3""","=""Low""","=""false"""
"=""bmi of kmi""","=""0""","=""0""","=""3""","=""Low""","=""false"""
"=""bmi ohio""","=""0""","=""0""","=""2""","=""Low""","=""false"""
"=""bmi ohio state""","=""0""","=""0""","=""3""","=""Low""","=""false"""
"=""bmi oh""","=""0""","=""0""","=""2""","=""Low""","=""false"""
"=""bmi ohne alter berechnen""","=""0""","=""0""","=""4""","=""Low""","=""false"""
"=""bmi ohms calculator""","=""0""","=""0""","=""3""","=""Low""","=""false"""
"=""bmi ojon""","=""0""","=""0""","=""2""","=""Low""","=""false"""
"=""bmi onujayi ojon""","=""0""","=""0""","=""3""","=""Low""","=""false"""
"=""bmi okc""","=""0""","=""0""","=""2""","=""Low""","=""false"""
"=""bmi oklahoma""","=""0""","=""0""","=""2""","=""Low""","=""false"""
"=""bmi okostányér""","=""0""","=""0""","=""2""","=""Low""","=""false"""
"=""bmi okinawa""","=""0""","=""0""","=""2""","=""Low""","=""false"""
"=""bmi 28 ok""","=""0""","=""0""","=""3""","=""Low""","=""false"""
"=""bmi oil gauging tape""","=""0""","=""0""","=""4""","=""Low""","=""false"""
"=""bmi oil price forecast""","=""0""","=""0""","=""4""","=""Low""","=""false"""
"=""bmi oil and gas""","=""0""","=""0""","=""4""","=""Low""","=""false"""
"=""bmi oils comercial ltda""","=""0""","=""0""","=""4""","=""Low""","=""false"""
"=""bmi oil reserves""","=""0""","=""0""","=""3""","=""Low""","=""false"""
"=""bmi oil change""","=""0""","=""0""","=""3""","=""Low""","=""false"""
"=""bmi oil tanks""","=""0""","=""0""","=""3""","=""Low""","=""false"""
"=""bmi oil pressure sensor""","=""0""","=""0""","=""4""","=""Low""","=""false"""
"=""bmi oil measuring tape""","=""0""","=""0""","=""4""","=""Low""","=""false"""
"=""bmi older adults""","=""0""","=""0""","=""3""","=""Low""","=""false"""
"=""bmi older women""","=""0""","=""0""","=""3""","=""Low""","=""false"""
"=""bmi older woman calculator by age and gender""","=""0""","=""0""","=""8""","=""Low""","=""false"""
"=""bmi older men""","=""0""","=""0""","=""3""","=""Low""","=""false"""
"=""bmi ols""","=""0""","=""0""","=""2""","=""Low""","=""false"""
"=""bmi older woman calculator""","=""0""","=""0""","=""4""","=""Low""","=""false"""
"=""bmi older woman calculator height and weight""","=""0""","=""0""","=""7""","=""Low""","=""false"""
"=""bmi ölçme""","=""0""","=""0""","=""2""","=""Low""","=""false"""
"=""bmi older woman""","=""0""","=""0""","=""3""","=""Low""","=""false"""
"=""bmi oorsprong""","=""0""","=""0""","=""2""","=""Low""","=""false"""
"=""bmi oostenrijk""","=""0""","=""0""","=""2""","=""Low""","=""false"""
"=""bmi sp z oo""","=""0""","=""0""","=""4""","=""Low""","=""false"""
"=""bmi sp z oo opinie""","=""0""","=""0""","=""5""","=""Low""","=""false"""
"=""bmi original purpose""","=""0""","=""0""","=""3""","=""Low""","=""false"""
"=""bmi ortho""","=""0""","=""0""","=""2""","=""Low""","=""false"""
"=""bmi organ bank""","=""0""","=""0""","=""3""","=""Low""","=""false"""
"=""bmi or""","=""0""","=""0""","=""2""","=""Low""","=""false"""
"=""bmi opening hours""","=""0""","=""0""","=""3""","=""Low""","=""false"""
"=""bmi opa locka""","=""0""","=""0""","=""3""","=""Low""","=""false"""
"=""bmi operational risk index""","=""0""","=""0""","=""4""","=""Low""","=""false"""
"=""bmi open today""","=""0""","=""0""","=""3""","=""Low""","=""false"""
"=""bmi optimal weight calculator""","=""0""","=""0""","=""4""","=""Low""","=""false"""
"=""bmi oq é""","=""0""","=""0""","=""3""","=""Low""","=""false"""
"=""bmi oqe""","=""0""","=""0""","=""2""","=""Low""","=""false"""
"=""bmi osu""","=""0""","=""0""","=""2""","=""Low""","=""false"""
"=""bmi osteoporosis risk""","=""0""","=""0""","=""3""","=""Low""","=""false"""
"=""bmi osce""","=""0""","=""0""","=""2""","=""Low""","=""false"""
"=""bmi osce procedure""","=""0""","=""0""","=""3""","=""Low""","=""false"""
"=""bmi osa""","=""0""","=""0""","=""2""","=""Low""","=""false"""
"=""bmi osteoarthritis""","=""0""","=""0""","=""2""","=""Low""","=""false"""
"=""bmi osoby starsze""","=""0""","=""0""","=""3""","=""Low""","=""false"""
"=""bmi osób starszych""","=""0""","=""0""","=""3""","=""Low""","=""false"""
"=""bmi omrekenen naar gewicht""","=""0""","=""0""","=""4""","=""Low""","=""false"""
"=""bmi omlaag krijgen""","=""0""","=""0""","=""3""","=""Low""","=""false"""
"=""bmi omtrek buik""","=""0""","=""0""","=""3""","=""Low""","=""false"""
"=""bmi omgekeerd berekenen""","=""0""","=""0""","=""3""","=""Low""","=""false"""
"=""bmi oms""","=""0""","=""0""","=""2""","=""Low""","=""false"""
"=""bmi omvandlare""","=""0""","=""0""","=""2""","=""Low""","=""false"""
"=""bmi out of date""","=""0""","=""0""","=""4""","=""Low""","=""false"""
"=""bmi outdoor faucet""","=""0""","=""0""","=""3""","=""Low""","=""false"""
"=""bmi out of range""","=""0""","=""0""","=""4""","=""Low""","=""false"""
"=""bmi outdated reddit""","=""0""","=""0""","=""3""","=""Low""","=""false"""
"=""bmi outdoors""","=""0""","=""0""","=""2""","=""Low""","=""false"""
"=""bmi outdated metric""","=""0""","=""0""","=""3""","=""Low""","=""false"""
"=""bmi outdoor faucet replacement parts""","=""0""","=""0""","=""5""","=""Low""","=""false"""
"=""bmi outfit""","=""0""","=""0""","=""2""","=""Low""","=""false"""
"=""bmi ouderen 70 jaar""","=""0""","=""0""","=""4""","=""Low""","=""false"""
"=""bmi ottawa""","=""0""","=""0""","=""2""","=""Low""","=""false"""
"=""bmi ottobar""","=""0""","=""0""","=""2""","=""Low""","=""false"""
"=""bmi ottobar lawsuit""","=""0""","=""0""","=""3""","=""Low""","=""false"""
"=""bmi other measurements""","=""0""","=""0""","=""3""","=""Low""","=""false"""
"=""bmi otto""","=""0""","=""0""","=""2""","=""Low""","=""false"""
"=""bmi ottimale""","=""0""","=""0""","=""2""","=""Low""","=""false"""
"=""bmi otyłość 1 stopnia""","=""0""","=""0""","=""4""","=""Low""","=""false"""
"=""bmi otyłość 2 stopnia""","=""0""","=""0""","=""4""","=""Low""","=""false"""
"=""bmi over 40 icd 10""","=""0""","=""0""","=""5""","=""Low""","=""false"""
"=""bmi owt meaning""","=""0""","=""0""","=""3""","=""Low""","=""false"""
"=""bmi low means""","=""0""","=""0""","=""3""","=""Low""","=""false"""
"=""bmi owners inc""","=""0""","=""0""","=""3""","=""Low""","=""false"""
"=""bmi owt""","=""0""","=""0""","=""2""","=""Low""","=""false"""
"=""bmi suomi oy""","=""0""","=""0""","=""3""","=""Low""","=""false"""
"=""bmi group oy""","=""0""","=""0""","=""3""","=""Low""","=""false"""
"=""bmi finland oy""","=""0""","=""0""","=""3""","=""Low""","=""false"""
"=""bmi ormax oy""","=""0""","=""0""","=""3""","=""Low""","=""false"""
"=""bmi suomi oy liikevaihto""","=""0""","=""0""","=""4""","=""Low""","=""false"""
"=""bmi production finland oy""","=""0""","=""0""","=""4""","=""Low""","=""false"""
"=""bmi production finland oy espoo""","=""0""","=""0""","=""5""","=""Low""","=""false"""
"=""bmi oy""","=""0""","=""0""","=""2""","=""Low""","=""false"""
"=""bmi ormax oy kuvat""","=""0""","=""0""","=""4""","=""Low""","=""false"""
"=""bmi suomi oy taloustiedot""","=""0""","=""0""","=""4""","=""Low""","=""false"""
"=""bmi oxford""","=""0""","=""0""","=""2""","=""Low""","=""false"""
"=""bmi oxford calculator""","=""0""","=""0""","=""3""","=""Low""","=""false"""
"=""bmi oxygen""","=""0""","=""0""","=""2""","=""Low""","=""false"""
"=""bmi villas oxide""","=""0""","=""0""","=""3""","=""Low""","=""false"""
"=""bmi ozempic""","=""0""","=""0""","=""2""","=""Low""","=""false"""
"=""bmi ozempic ireland""","=""0""","=""0""","=""3""","=""Low""","=""false"""
"=""bmi ozempic canada""","=""0""","=""0""","=""3""","=""Low""","=""false"""
"=""bmi ozempic sverige""","=""0""","=""0""","=""3""","=""Low""","=""false"""
"=""bmi ozempic vergoeding""","=""0""","=""0""","=""3""","=""Low""","=""false"""
"=""bmi ozempic nhs""","=""0""","=""0""","=""3""","=""Low""","=""false"""
"=""bmi ozempic insurance""","=""0""","=""0""","=""3""","=""Low""","=""false"""
"=""bmi ozg""","=""0""","=""0""","=""2""","=""Low""","=""false"""
"=""bmi ozempic deutschland""","=""0""","=""0""","=""3""","=""Low""","=""false"""
"=""bmi oznaczenia""","=""0""","=""0""","=""2""","=""Low""","=""false"""
"=""bmi payout dates 2026""","=""0""","=""0""","=""4""","=""Low""","=""false"""
"=""bmi payment schedule 2026""","=""0""","=""0""","=""4""","=""Low""","=""false"""
"=""bmi pcos""","=""0""","=""0""","=""2""","=""Low""","=""false"""
"=""bmi pcg""","=""0""","=""0""","=""2""","=""Low""","=""false"""
"=""bmi pc számítás""","=""0""","=""0""","=""3""","=""Low""","=""false"""
"=""bmi pcb""","=""0""","=""0""","=""2""","=""Low""","=""false"""
"=""bmi pct""","=""0""","=""0""","=""2""","=""Low""","=""false"""
"=""bmi pci""","=""0""","=""0""","=""2""","=""Low""","=""false"""
"=""bmi pcos reddit""","=""0""","=""0""","=""3""","=""Low""","=""false"""
"=""bmi pbf whr bmr""","=""0""","=""0""","=""4""","=""Low""","=""false"""
"=""bmi pba""","=""0""","=""0""","=""2""","=""Low""","=""false"""
"=""bmi pbf whr""","=""0""","=""0""","=""3""","=""Low""","=""false"""
"=""bmi pb""","=""0""","=""0""","=""2""","=""Low""","=""false"""
"=""bmi pbi""","=""0""","=""0""","=""2""","=""Low""","=""false"""
"=""bmi và pbf là gì""","=""0""","=""0""","=""5""","=""Low""","=""false"""
"=""bmi perzentile kinder""","=""0""","=""0""","=""3""","=""Low""","=""false"""
"=""bmi pdf download""","=""0""","=""0""","=""3""","=""Low""","=""false"""
"=""bmi pdrm""","=""0""","=""0""","=""2""","=""Low""","=""false"""
"=""bmi pdip""","=""0""","=""0""","=""2""","=""Low""","=""false"""
"=""bmi pdf chart""","=""0""","=""0""","=""3""","=""Low""","=""false"""
"=""bmi pdf notes""","=""0""","=""0""","=""3""","=""Low""","=""false"""
"=""bmi pdpp ipg""","=""0""","=""0""","=""3""","=""Low""","=""false"""
"=""bmi pdpp""","=""0""","=""0""","=""2""","=""Low""","=""false"""
"=""bmi pdi perjuangan""","=""0""","=""0""","=""3""","=""Low""","=""false"""
"=""bmi pdi""","=""0""","=""0""","=""2""","=""Low""","=""false"""
"=""bmi pft""","=""0""","=""0""","=""2""","=""Low""","=""false"""
"=""bmi pgd""","=""0""","=""0""","=""2""","=""Low""","=""false"""
"=""bmi pgt""","=""0""","=""0""","=""2""","=""Low""","=""false"""
"=""bmi calculator pgs""","=""0""","=""0""","=""3""","=""Low""","=""false"""
"=""bmi pg team""","=""0""","=""0""","=""3""","=""Low""","=""false"""
"=""bmi pharmacity""","=""0""","=""0""","=""2""","=""Low""","=""false"""
"=""bmi physiology""","=""0""","=""0""","=""2""","=""Low""","=""false"""
"=""bmi photo calculator""","=""0""","=""0""","=""3""","=""Low""","=""false"""
"=""bmi pictures male""","=""0""","=""0""","=""3""","=""Low""","=""false"""
"=""bmi pine mountain road""","=""0""","=""0""","=""4""","=""Low""","=""false"""
"=""bmi pinch test""","=""0""","=""0""","=""3""","=""Low""","=""false"""
"=""bmi pizza menu""","=""0""","=""0""","=""3""","=""Low""","=""false"""
"=""bmi pipe""","=""0""","=""0""","=""2""","=""Low""","=""false"""
"=""bmi pizza""","=""0""","=""0""","=""2""","=""Low""","=""false"""
"=""bmi picture chart""","=""0""","=""0""","=""3""","=""Low""","=""false"""
"=""bmi pjpk""","=""0""","=""0""","=""2""","=""Low""","=""false"""
"=""bmi pjok""","=""0""","=""0""","=""2""","=""Low""","=""false"""
"=""bmi pj""","=""0""","=""0""","=""2""","=""Low""","=""false"""
"=""bmi pkv""","=""0""","=""0""","=""2""","=""Low""","=""false"""
"=""bmi pk""","=""0""","=""0""","=""2""","=""Low""","=""false"""
"=""bmi pks 2024""","=""0""","=""0""","=""3""","=""Low""","=""false"""
"=""bmi pkb""","=""0""","=""0""","=""2""","=""Low""","=""false"""
"=""bmi calculator pk""","=""0""","=""0""","=""3""","=""Low""","=""false"""
"=""bmi pks""","=""0""","=""0""","=""2""","=""Low""","=""false"""
"=""bmi plus waist measurement""","=""0""","=""0""","=""4""","=""Low""","=""false"""
"=""bmi planmaster""","=""0""","=""0""","=""2""","=""Low""","=""false"""
"=""bmi pliva""","=""0""","=""0""","=""2""","=""Low""","=""false"""
"=""bmi plan b""","=""0""","=""0""","=""3""","=""Low""","=""false"""
"=""bmi plan""","=""0""","=""0""","=""2""","=""Low""","=""false"""
"=""bmi pmi army""","=""0""","=""0""","=""3""","=""Low""","=""false"""
"=""bmi pma""","=""0""","=""0""","=""2""","=""Low""","=""false"""
"=""bmi pm""","=""0""","=""0""","=""2""","=""Low""","=""false"""
"=""bmi pmma""","=""0""","=""0""","=""2""","=""Low""","=""false"""
"=""bmi pmk""","=""0""","=""0""","=""2""","=""Low""","=""false"""
"=""bmi pmk 2024""","=""0""","=""0""","=""3""","=""Low""","=""false"""
"=""bmi pnp""","=""0""","=""0""","=""2""","=""Low""","=""false"""
"=""bmi pnpa""","=""0""","=""0""","=""2""","=""Low""","=""false"""
"=""bmi pnpa form""","=""0""","=""0""","=""3""","=""Low""","=""false"""
"=""bmi pnp applicant""","=""0""","=""0""","=""3""","=""Low""","=""false"""
"=""bmi pnp mc""","=""0""","=""0""","=""3""","=""Low""","=""false"""
"=""bmi pnp meaning""","=""0""","=""0""","=""3""","=""Low""","=""false"""
"=""bmi pnp chart""","=""0""","=""0""","=""3""","=""Low""","=""false"""
"=""bmi polymer joint stock company""","=""0""","=""0""","=""5""","=""Low""","=""false"""
"=""bmi polymer tuyển dụng""","=""0""","=""0""","=""4""","=""Low""","=""false"""
"=""bmi ppt presentation""","=""0""","=""0""","=""3""","=""Low""","=""false"""
"=""bmi ppt download""","=""0""","=""0""","=""3""","=""Low""","=""false"""
"=""bmi ppi""","=""0""","=""0""","=""2""","=""Low""","=""false"""
"=""bmi ppk""","=""0""","=""0""","=""2""","=""Low""","=""false"""
"=""bmi ppm""","=""0""","=""0""","=""2""","=""Low""","=""false"""
"=""bmi ppm cpm""","=""0""","=""0""","=""3""","=""Low""","=""false"""
"=""bmi ppt free download""","=""0""","=""0""","=""4""","=""Low""","=""false"""
"=""bmi ptd""","=""0""","=""0""","=""2""","=""Low""","=""false"""
"=""bmi pt""","=""0""","=""0""","=""2""","=""Low""","=""false"""
"=""bmi pt music researcher""","=""0""","=""0""","=""4""","=""Low""","=""false"""
"=""bmi pt apa""","=""0""","=""0""","=""3""","=""Low""","=""false"""
"=""bmi pt kai""","=""0""","=""0""","=""3""","=""Low""","=""false"""
"=""bmi pty ltd""","=""0""","=""0""","=""3""","=""Low""","=""false"""
"=""bmi ptba""","=""0""","=""0""","=""2""","=""Low""","=""false"""
"=""bmi ptsd""","=""0""","=""0""","=""2""","=""Low""","=""false"""
"=""bmi ptau217""","=""0""","=""0""","=""2""","=""Low""","=""false"""
"=""bmi provider portal""","=""0""","=""0""","=""3""","=""Low""","=""false"""
"=""bmi procedure""","=""0""","=""0""","=""2""","=""Low""","=""false"""
"=""bmi publishing account""","=""0""","=""0""","=""3""","=""Low""","=""false"""
"=""bmi publishing login""","=""0""","=""0""","=""3""","=""Low""","=""false"""
"=""bmi publisher application""","=""0""","=""0""","=""3""","=""Low""","=""false"""
"=""bmi publisher application form""","=""0""","=""0""","=""4""","=""Low""","=""false"""
"=""bmi public performance license""","=""0""","=""0""","=""4""","=""Low""","=""false"""
"=""bmi pwa""","=""0""","=""0""","=""2""","=""Low""","=""false"""
"=""bmi to pwm""","=""0""","=""0""","=""3""","=""Low""","=""false"""
"=""bmi pvt ltd""","=""0""","=""0""","=""3""","=""Low""","=""false"""
"=""bmi pv""","=""0""","=""0""","=""2""","=""Low""","=""false"""
"=""bmi pv indax""","=""0""","=""0""","=""3""","=""Low""","=""false"""
"=""bmi pvc""","=""0""","=""0""","=""2""","=""Low""","=""false"""
"=""bmi pv premium turmalin""","=""0""","=""0""","=""4""","=""Low""","=""false"""
"=""bmi pv anlage""","=""0""","=""0""","=""3""","=""Low""","=""false"""
"=""bmi pve""","=""0""","=""0""","=""2""","=""Low""","=""false"""
"=""bmi python program""","=""0""","=""0""","=""3""","=""Low""","=""false"""
"=""bmi pyramid awards""","=""0""","=""0""","=""3""","=""Low""","=""false"""
"=""bmi formula for python""","=""0""","=""0""","=""4""","=""Low""","=""false"""
"=""bmi pyrotechnik""","=""0""","=""0""","=""2""","=""Low""","=""false"""
"=""bmi python if else""","=""0""","=""0""","=""4""","=""Low""","=""false"""
"=""bmi py github""","=""0""","=""0""","=""3""","=""Low""","=""false"""
"=""bmi pzi""","=""0""","=""0""","=""2""","=""Low""","=""false"""
"=""bmi pz""","=""0""","=""0""","=""2""","=""Low""","=""false"""
"=""bmi qc""","=""0""","=""0""","=""2""","=""Low""","=""false"""
"=""bmi qatar""","=""0""","=""0""","=""2""","=""Low""","=""false"""
"=""bmi qanday yoziladi""","=""0""","=""0""","=""3""","=""Low""","=""false"""
"=""bmi qa""","=""0""","=""0""","=""2""","=""Low""","=""false"""
"=""bmi qas""","=""0""","=""0""","=""2""","=""Low""","=""false"""
"=""bmi fitness qatar""","=""0""","=""0""","=""3""","=""Low""","=""false"""
"=""bmi calculator qatar""","=""0""","=""0""","=""3""","=""Low""","=""false"""
"=""bmi test qatar""","=""0""","=""0""","=""3""","=""Low""","=""false"""
"=""bmi qi""","=""0""","=""0""","=""2""","=""Low""","=""false"""
"=""bmi teste de qi""","=""0""","=""0""","=""4""","=""Low""","=""false"""
"=""bmi qld""","=""0""","=""0""","=""2""","=""Low""","=""false"""
"=""bmi qld health""","=""0""","=""0""","=""3""","=""Low""","=""false"""
"=""bmi calculator qld health""","=""0""","=""0""","=""4""","=""Low""","=""false"""
"=""bmi group qld""","=""0""","=""0""","=""3""","=""Low""","=""false"""
"=""bmi pinkenba qld""","=""0""","=""0""","=""3""","=""Low""","=""false"""
"=""bmi nundah qld""","=""0""","=""0""","=""3""","=""Low""","=""false"""
"=""bmi calculator qld female""","=""0""","=""0""","=""4""","=""Low""","=""false"""
"=""bmi dump fees qld""","=""0""","=""0""","=""4""","=""Low""","=""false"""
"=""bmi yozish qoidalari""","=""0""","=""0""","=""3""","=""Low""","=""false"""
"=""bmi ga qo yiladigan talablar""","=""0""","=""0""","=""5""","=""Low""","=""false"""
"=""bmi qm""","=""0""","=""0""","=""2""","=""Low""","=""false"""
"=""bmi kg qm""","=""0""","=""0""","=""3""","=""Low""","=""false"""
"=""bmi 5 qp""","=""0""","=""0""","=""3""","=""Low""","=""false"""
"=""bmi 4 qp""","=""0""","=""0""","=""3""","=""Low""","=""false"""
"=""bmi 5 100 qp""","=""0""","=""0""","=""4""","=""Low""","=""false"""
"=""bmi for 5 qp male""","=""0""","=""0""","=""5""","=""Low""","=""false"""
"=""bmi 5 qq""","=""0""","=""0""","=""3""","=""Low""","=""false"""
"=""bmi 4 qq""","=""0""","=""0""","=""3""","=""Low""","=""false"""
"=""bmi pseudonym""","=""0""","=""0""","=""2""","=""Low""","=""false"""
"=""bmi psa""","=""0""","=""0""","=""2""","=""Low""","=""false"""
"=""bmi psa kalkulator""","=""0""","=""0""","=""3""","=""Low""","=""false"""
"=""bmi psicologia""","=""0""","=""0""","=""2""","=""Low""","=""false"""
"=""bmi pse""","=""0""","=""0""","=""2""","=""Low""","=""false"""
"=""bmi psychologischer dienst""","=""0""","=""0""","=""3""","=""Low""","=""false"""
"=""bmi psychotherapie""","=""0""","=""0""","=""2""","=""Low""","=""false"""
"=""bmi psm""","=""0""","=""0""","=""2""","=""Low""","=""false"""
"=""bmi pseudocode""","=""0""","=""0""","=""2""","=""Low""","=""false"""
"=""bmi qr code""","=""0""","=""0""","=""3""","=""Low""","=""false"""
"=""bmi calculator qr code""","=""0""","=""0""","=""4""","=""Low""","=""false"""
"=""bmi qs""","=""0""","=""0""","=""2""","=""Low""","=""false"""
"=""bmi nghĩa vụ qs""","=""0""","=""0""","=""4""","=""Low""","=""false"""
"=""bmi quốc tế""","=""0""","=""0""","=""3""","=""Low""","=""false"""
"=""bmi que hải phòng""","=""0""","=""0""","=""4""","=""Low""","=""false"""
"=""bmi que""","=""0""","=""0""","=""2""","=""Low""","=""false"""
"=""bmi qxmd""","=""0""","=""0""","=""2""","=""Low""","=""false"""
"=""bmi qx""","=""0""","=""0""","=""2""","=""Low""","=""false"""
"=""bmi calculator qx""","=""0""","=""0""","=""3""","=""Low""","=""false"""
"=""bmi calculator qxmd""","=""0""","=""0""","=""3""","=""Low""","=""false"""
"=""bmi men răng""","=""0""","=""0""","=""3""","=""Low""","=""false"""
"=""bmi range for children""","=""0""","=""0""","=""4""","=""Low""","=""false"""
"=""bmi rbs""","=""0""","=""0""","=""2""","=""Low""","=""false"""
"=""bmi rbi""","=""0""","=""0""","=""2""","=""Low""","=""false"""
"=""bmi rbb""","=""0""","=""0""","=""2""","=""Low""","=""false"""
"=""bmi rbk""","=""0""","=""0""","=""2""","=""Low""","=""false"""
"=""bmi rechner rbk""","=""0""","=""0""","=""3""","=""Low""","=""false"""
"=""bmi rch""","=""0""","=""0""","=""2""","=""Low""","=""false"""
"=""bmi rcpch""","=""0""","=""0""","=""2""","=""Low""","=""false"""
"=""bmi rcpch chart""","=""0""","=""0""","=""3""","=""Low""","=""false"""
"=""bmi rc""","=""0""","=""0""","=""2""","=""Low""","=""false"""
"=""bmi rcog""","=""0""","=""0""","=""2""","=""Low""","=""false"""
"=""bmi rc planes""","=""0""","=""0""","=""3""","=""Low""","=""false"""
"=""bmi rd""","=""0""","=""0""","=""2""","=""Low""","=""false"""
"=""bmi rda""","=""0""","=""0""","=""2""","=""Low""","=""false"""
"=""bmi nudgee rd""","=""0""","=""0""","=""3""","=""Low""","=""false"""
"=""bmi paradise rd""","=""0""","=""0""","=""3""","=""Low""","=""false"""
"=""bmi bethel rd""","=""0""","=""0""","=""3""","=""Low""","=""false"""
"=""bmi to rdu""","=""0""","=""0""","=""3""","=""Low""","=""false"""
"=""bmi investissement rdc""","=""0""","=""0""","=""3""","=""Low""","=""false"""
"=""bmi to rdu flights""","=""0""","=""0""","=""4""","=""Low""","=""false"""
"=""bmi watson rd price list""","=""0""","=""0""","=""5""","=""Low""","=""false"""
"=""bmi rechner kinder""","=""0""","=""0""","=""3""","=""Low""","=""false"""
"=""bmi rechner teenager""","=""0""","=""0""","=""3""","=""Low""","=""false"""
"=""bmi rfm""","=""0""","=""0""","=""2""","=""Low""","=""false"""
"=""bmi rfid""","=""0""","=""0""","=""2""","=""Low""","=""false"""
"=""bmi rf""","=""0""","=""0""","=""2""","=""Low""","=""false"""
"=""bmi vs rfm""","=""0""","=""0""","=""3""","=""Low""","=""false"""
"=""bmi rheinland pfalz""","=""0""","=""0""","=""3""","=""Low""","=""false"""
"=""bmi rhinelander""","=""0""","=""0""","=""2""","=""Low""","=""false"""
"=""bmi rhino""","=""0""","=""0""","=""2""","=""Low""","=""false"""
"=""bmi and rheumatoid arthritis""","=""0""","=""0""","=""4""","=""Low""","=""false"""
"=""bmi for rhinoplasty""","=""0""","=""0""","=""3""","=""Low""","=""false"""
"=""bmi bingen am rhein""","=""0""","=""0""","=""4""","=""Low""","=""false"""
"=""bmi monheim am rhein""","=""0""","=""0""","=""4""","=""Low""","=""false"""
"=""bmi rki""","=""0""","=""0""","=""2""","=""Low""","=""false"""
"=""bmi rk""","=""0""","=""0""","=""2""","=""Low""","=""false"""
"=""bmi rke""","=""0""","=""0""","=""2""","=""Low""","=""false"""
"=""bmi rkeg""","=""0""","=""0""","=""2""","=""Low""","=""false"""
"=""bmi rechne rkinder""","=""0""","=""0""","=""3""","=""Low""","=""false"""
"=""bmi rival crossword clue""","=""0""","=""0""","=""4""","=""Low""","=""false"""
"=""bmi rights""","=""0""","=""0""","=""2""","=""Low""","=""false"""
"=""bmi risk chart""","=""0""","=""0""","=""3""","=""Low""","=""false"""
"=""bmi rival""","=""0""","=""0""","=""2""","=""Low""","=""false"""
"=""bmi risk factors""","=""0""","=""0""","=""3""","=""Low""","=""false"""
"=""bmi rights organization""","=""0""","=""0""","=""3""","=""Low""","=""false"""
"=""bmi rigging""","=""0""","=""0""","=""2""","=""Low""","=""false"""
"=""bmi tectofin rg""","=""0""","=""0""","=""3""","=""Low""","=""false"""
"=""bmi rjatk""","=""0""","=""0""","=""2""","=""Low""","=""false"""
"=""bmi rj""","=""0""","=""0""","=""2""","=""Low""","=""false"""
"=""bmi rlp""","=""0""","=""0""","=""2""","=""Low""","=""false"""
"=""bmi group sarl""","=""0""","=""0""","=""3""","=""Low""","=""false"""
"=""bmi rlwns""","=""0""","=""0""","=""2""","=""Low""","=""false"""
"=""bmi verbeamtung rlp""","=""0""","=""0""","=""3""","=""Low""","=""false"""
"=""bmi polizei rlp""","=""0""","=""0""","=""3""","=""Low""","=""false"""
"=""bmi royalty schedule""","=""0""","=""0""","=""3""","=""Low""","=""false"""
"=""bmi routing number""","=""0""","=""0""","=""3""","=""Low""","=""false"""
"=""bmi royalty dates""","=""0""","=""0""","=""3""","=""Low""","=""false"""
"=""bmi royalty distribution""","=""0""","=""0""","=""3""","=""Low""","=""false"""
"=""bmi royalty dist""","=""0""","=""0""","=""3""","=""Low""","=""false"""
"=""bmi roof tiles""","=""0""","=""0""","=""3""","=""Low""","=""false"""
"=""bmi royalty dates 2026""","=""0""","=""0""","=""4""","=""Low""","=""false"""
"=""bmi rn""","=""0""","=""0""","=""2""","=""Low""","=""false"""
"=""bmi rnc""","=""0""","=""0""","=""2""","=""Low""","=""false"""
"=""bmi to rno""","=""0""","=""0""","=""3""","=""Low""","=""false"""
"=""bmi rm means""","=""0""","=""0""","=""3""","=""Low""","=""false"""
"=""bmi rmi""","=""0""","=""0""","=""2""","=""Low""","=""false"""
"=""bmi rmr""","=""0""","=""0""","=""2""","=""Low""","=""false"""
"=""bmi rmlc""","=""0""","=""0""","=""2""","=""Low""","=""false"""
"=""bmi rm""","=""0""","=""0""","=""2""","=""Low""","=""false"""
"=""bmi rmlc rate settlement""","=""0""","=""0""","=""4""","=""Low""","=""false"""
"=""bmi rmt""","=""0""","=""0""","=""2""","=""Low""","=""false"""
"=""bmi rptks""","=""0""","=""0""","=""2""","=""Low""","=""false"""
"=""bmi rp""","=""0""","=""0""","=""2""","=""Low""","=""false"""
"=""bmi calculator rph""","=""0""","=""0""","=""3""","=""Low""","=""false"""
"=""bmi rptkstlr""","=""0""","=""0""","=""2""","=""Low""","=""false"""
"=""bmi rptksrl""","=""0""","=""0""","=""2""","=""Low""","=""false"""
"=""bmi rrhh""","=""0""","=""0""","=""2""","=""Low""","=""false"""
"=""bmi rrl""","=""0""","=""0""","=""2""","=""Low""","=""false"""
"=""bmi constructora rrhh""","=""0""","=""0""","=""3""","=""Low""","=""false"""
"=""bmi constructora rrhh salta""","=""0""","=""0""","=""4""","=""Low""","=""false"""
"=""bmi rth""","=""0""","=""0""","=""2""","=""Low""","=""false"""
"=""bmi rtm""","=""0""","=""0""","=""2""","=""Low""","=""false"""
"=""bmi to rtm train""","=""0""","=""0""","=""4""","=""Low""","=""false"""
"=""bmi lamongan rt rw berapa""","=""0""","=""0""","=""5""","=""Low""","=""false"""
"=""bmi rsa brief""","=""0""","=""0""","=""3""","=""Low""","=""false"""
"=""bmi rss""","=""0""","=""0""","=""2""","=""Low""","=""false"""
"=""bmi rsi""","=""0""","=""0""","=""2""","=""Low""","=""false"""
"=""bmi rsb""","=""0""","=""0""","=""2""","=""Low""","=""false"""
"=""bmi to rsw""","=""0""","=""0""","=""3""","=""Low""","=""false"""
"=""bmi rv""","=""0""","=""0""","=""2""","=""Low""","=""false"""
"=""bmi ruốc""","=""0""","=""0""","=""2""","=""Low""","=""false"""
"=""bmi rundschreiben""","=""0""","=""0""","=""2""","=""Low""","=""false"""
"=""bmi rundschreiben datenbank""","=""0""","=""0""","=""3""","=""Low""","=""false"""
"=""bmi rx""","=""0""","=""0""","=""2""","=""Low""","=""false"""
"=""bmi ryman block party""","=""0""","=""0""","=""4""","=""Low""","=""false"""
"=""bmi rybelsus""","=""0""","=""0""","=""2""","=""Low""","=""false"""
"=""bmi rzeszów""","=""0""","=""0""","=""2""","=""Low""","=""false"""
"=""bmi rz""","=""0""","=""0""","=""2""","=""Low""","=""false"""
"=""bmi to san francisco""","=""0""","=""0""","=""4""","=""Low""","=""false"""
"=""bmi saxenda""","=""0""","=""0""","=""2""","=""Low""","=""false"""
"=""bmi says i m overweight""","=""0""","=""0""","=""5""","=""Low""","=""false"""
"=""bmi salud""","=""0""","=""0""","=""2""","=""Low""","=""false"""
"=""bmi says i m obese""","=""0""","=""0""","=""5""","=""Low""","=""false"""
"=""bmi salmabad""","=""0""","=""0""","=""2""","=""Low""","=""false"""
"=""bmi sbu""","=""0""","=""0""","=""2""","=""Low""","=""false"""
"=""bmi sbs""","=""0""","=""0""","=""2""","=""Low""","=""false"""
"=""bmi sby""","=""0""","=""0""","=""2""","=""Low""","=""false"""
"=""bmi sba""","=""0""","=""0""","=""2""","=""Low""","=""false"""
"=""bmi sbi belgium""","=""0""","=""0""","=""3""","=""Low""","=""false"""
"=""bmi sbk""","=""0""","=""0""","=""2""","=""Low""","=""false"""
"=""bmi icopal sbs""","=""0""","=""0""","=""3""","=""Low""","=""false"""
"=""bmi school""","=""0""","=""0""","=""2""","=""Low""","=""false"""
"=""bmi sfd""","=""0""","=""0""","=""2""","=""Low""","=""false"""
"=""bmi sfax""","=""0""","=""0""","=""2""","=""Low""","=""false"""
"=""bmi sfb""","=""0""","=""0""","=""2""","=""Low""","=""false"""
"=""bmi sfo""","=""0""","=""0""","=""2""","=""Low""","=""false"""
"=""bmi to sfo flights""","=""0""","=""0""","=""4""","=""Low""","=""false"""
"=""bmi to sfb flights""","=""0""","=""0""","=""4""","=""Low""","=""false"""
"=""bmi to sfb flight status""","=""0""","=""0""","=""5""","=""Low""","=""false"""
"=""bmi sdn bhd""","=""0""","=""0""","=""3""","=""Low""","=""false"""
"=""bmi sds meaning""","=""0""","=""0""","=""3""","=""Low""","=""false"""
"=""bmi sds score""","=""0""","=""0""","=""3""","=""Low""","=""false"""
"=""bmi sds calculator children""","=""0""","=""0""","=""4""","=""Low""","=""false"""
"=""bmi sd calculator""","=""0""","=""0""","=""3""","=""Low""","=""false"""
"=""bmi secondary school""","=""0""","=""0""","=""3""","=""Low""","=""false"""
"=""bmi seguros""","=""0""","=""0""","=""2""","=""Low""","=""false"""
"=""bmi senior women""","=""0""","=""0""","=""3""","=""Low""","=""false"""
"=""bmi security""","=""0""","=""0""","=""2""","=""Low""","=""false"""
"=""bmi seguro de vida""","=""0""","=""0""","=""4""","=""Low""","=""false"""
"=""bmi sg international pte ltd""","=""0""","=""0""","=""5""","=""Low""","=""false"""
"=""bmi sglt2""","=""0""","=""0""","=""2""","=""Low""","=""false"""
"=""bmi sg range""","=""0""","=""0""","=""3""","=""Low""","=""false"""
"=""bmi sg female""","=""0""","=""0""","=""3""","=""Low""","=""false"""
"=""bmi should be""","=""0""","=""0""","=""3""","=""Low""","=""false"""
"=""bmi should be how much""","=""0""","=""0""","=""5""","=""Low""","=""false"""
"=""bmi show""","=""0""","=""0""","=""2""","=""Low""","=""false"""
"=""bmi shower""","=""0""","=""0""","=""2""","=""Low""","=""false"""
"=""bmi sjekk""","=""0""","=""0""","=""2""","=""Low""","=""false"""
"=""bmi sjøfolk""","=""0""","=""0""","=""2""","=""Low""","=""false"""
"=""bmi sjømann""","=""0""","=""0""","=""2""","=""Low""","=""false"""
"=""bmi sjukdom""","=""0""","=""0""","=""2""","=""Low""","=""false"""
"=""bmi sjuklig fetma""","=""0""","=""0""","=""3""","=""Low""","=""false"""
"=""bmi sjømannslege""","=""0""","=""0""","=""2""","=""Low""","=""false"""
"=""bmi significado""","=""0""","=""0""","=""2""","=""Low""","=""false"""
"=""bmi significato""","=""0""","=""0""","=""2""","=""Low""","=""false"""
"=""bmi singkatan dari""","=""0""","=""0""","=""3""","=""Low""","=""false"""
"=""bmi sign in""","=""0""","=""0""","=""3""","=""Low""","=""false"""
"=""bmi skill""","=""0""","=""0""","=""2""","=""Low""","=""false"""
"=""bmi skala kvinder""","=""0""","=""0""","=""3""","=""Low""","=""false"""
"=""bmi skema""","=""0""","=""0""","=""2""","=""Low""","=""false"""
"=""bmi skor""","=""0""","=""0""","=""2""","=""Low""","=""false"""
"=""bmi skyward""","=""0""","=""0""","=""2""","=""Low""","=""false"""
"=""bmi slimming world""","=""0""","=""0""","=""3""","=""Low""","=""false"""
"=""bmi slang meaning""","=""0""","=""0""","=""3""","=""Low""","=""false"""
"=""bmi sleep apnea""","=""0""","=""0""","=""3""","=""Low""","=""false"""
"=""bmi sleep test""","=""0""","=""0""","=""3""","=""Low""","=""false"""
"=""bmi slider calculator""","=""0""","=""0""","=""3""","=""Low""","=""false"""
"=""bmi slip""","=""0""","=""0""","=""2""","=""Low""","=""false"""
"=""bmi small frame""","=""0""","=""0""","=""3""","=""Low""","=""false"""
"=""bmi small plate stand""","=""0""","=""0""","=""4""","=""Low""","=""false"""
"=""bmi smart cloud""","=""0""","=""0""","=""3""","=""Low""","=""false"""
"=""bmi smash repairs reviews""","=""0""","=""0""","=""4""","=""Low""","=""false"""
"=""bmi smash repairs photos""","=""0""","=""0""","=""4""","=""Low""","=""false"""
"=""bmi small frame women""","=""0""","=""0""","=""4""","=""Low""","=""false"""
"=""bmi snoring""","=""0""","=""0""","=""2""","=""Low""","=""false"""
"=""bmi snejana onopka""","=""0""","=""0""","=""3""","=""Low""","=""false"""
"=""bmi snurra""","=""0""","=""0""","=""2""","=""Low""","=""false"""
"=""bmi sneldek""","=""0""","=""0""","=""2""","=""Low""","=""false"""
"=""bmi sncf""","=""0""","=""0""","=""2""","=""Low""","=""false"""
"=""bmi snitt sverige""","=""0""","=""0""","=""3""","=""Low""","=""false"""
"=""bmi snel berekenen""","=""0""","=""0""","=""3""","=""Low""","=""false"""
"=""bmi snitt""","=""0""","=""0""","=""2""","=""Low""","=""false"""
"=""bmi spp 2026""","=""0""","=""0""","=""3""","=""Low""","=""false"""
"=""bmi spirit levels""","=""0""","=""0""","=""3""","=""Low""","=""false"""
"=""bmi speed calculator""","=""0""","=""0""","=""3""","=""Low""","=""false"""
"=""bmi specialist clinics""","=""0""","=""0""","=""3""","=""Low""","=""false"""
"=""bmi square meter""","=""0""","=""0""","=""3""","=""Low""","=""false"""
"=""bmi sql""","=""0""","=""0""","=""2""","=""Low""","=""false"""
"=""bmi square""","=""0""","=""0""","=""2""","=""Low""","=""false"""
"=""bmi squishy""","=""0""","=""0""","=""2""","=""Low""","=""false"""
"=""bmi squad""","=""0""","=""0""","=""2""","=""Low""","=""false"""
"=""bmi squeezie plush cuties""","=""0""","=""0""","=""4""","=""Low""","=""false"""
"=""bmi stat""","=""0""","=""0""","=""2""","=""Low""","=""false"""
"=""bmi ss cutlery holder 4""","=""0""","=""0""","=""5""","=""Low""","=""false"""
"=""bmi ssw""","=""0""","=""0""","=""2""","=""Low""","=""false"""
"=""bmi sst""","=""0""","=""0""","=""2""","=""Low""","=""false"""
"=""bmi ssc""","=""0""","=""0""","=""2""","=""Low""","=""false"""
"=""bmi ssi""","=""0""","=""0""","=""2""","=""Low""","=""false"""
"=""bmi ss cutlery holder""","=""0""","=""0""","=""4""","=""Low""","=""false"""
"=""bmi ssm""","=""0""","=""0""","=""2""","=""Low""","=""false"""
"=""bmi sun phú quốc""","=""0""","=""0""","=""4""","=""Low""","=""false"""
"=""bmi surabaya""","=""0""","=""0""","=""2""","=""Low""","=""false"""
"=""bmi surgical institute""","=""0""","=""0""","=""3""","=""Low""","=""false"""
"=""bmi sutra""","=""0""","=""0""","=""2""","=""Low""","=""false"""
"=""bmi svenska""","=""0""","=""0""","=""2""","=""Low""","=""false"""
"=""bmi sverige""","=""0""","=""0""","=""2""","=""Low""","=""false"""
"=""bmi svømmehal""","=""0""","=""0""","=""2""","=""Low""","=""false"""
"=""bmi svært overvægtig""","=""0""","=""0""","=""3""","=""Low""","=""false"""
"=""bmi sverige statistik""","=""0""","=""0""","=""3""","=""Low""","=""false"""
"=""bmi svensk""","=""0""","=""0""","=""2""","=""Low""","=""false"""
"=""bmi sri lanka""","=""0""","=""0""","=""3""","=""Low""","=""false"""
"=""bmi sri lanka currency projection""","=""0""","=""0""","=""5""","=""Low""","=""false"""
"=""bmi srbija""","=""0""","=""0""","=""2""","=""Low""","=""false"""
"=""bmi srpski""","=""0""","=""0""","=""2""","=""Low""","=""false"""
"=""bmi sro""","=""0""","=""0""","=""2""","=""Low""","=""false"""
"=""bmi srt""","=""0""","=""0""","=""2""","=""Low""","=""false"""
"=""bmi sr""","=""0""","=""0""","=""2""","=""Low""","=""false"""
"=""bmi rw""","=""0""","=""0""","=""2""","=""Low""","=""false"""
"=""bmi rwu""","=""0""","=""0""","=""2""","=""Low""","=""false"""
"=""bmi switzerland""","=""0""","=""0""","=""2""","=""Low""","=""false"""
"=""bmi swiss""","=""0""","=""0""","=""2""","=""Low""","=""false"""
"=""bmi swindon""","=""0""","=""0""","=""2""","=""Low""","=""false"""
"=""bmi switch""","=""0""","=""0""","=""2""","=""Low""","=""false"""
"=""bmi swami chinmayananda""","=""0""","=""0""","=""3""","=""Low""","=""false"""
"=""bmi sweet spot""","=""0""","=""0""","=""3""","=""Low""","=""false"""
"=""bmi swot analyse""","=""0""","=""0""","=""3""","=""Low""","=""false"""
"=""bmi sw""","=""0""","=""0""","=""2""","=""Low""","=""false"""
"=""bmi sxsw""","=""0""","=""0""","=""2""","=""Low""","=""false"""
"=""bmi sxsw 2026""","=""0""","=""0""","=""3""","=""Low""","=""false"""
"=""bmi sxsw 2025""","=""0""","=""0""","=""3""","=""Low""","=""false"""
"=""bmi brunch sxsw 2026""","=""0""","=""0""","=""4""","=""Low""","=""false"""
"=""bmi showcase sxsw""","=""0""","=""0""","=""3""","=""Low""","=""false"""
"=""bmi tam giác""","=""0""","=""0""","=""3""","=""Low""","=""false"""
"=""bmi számítás képlet""","=""0""","=""0""","=""3""","=""Low""","=""false"""
"=""bmi szintek""","=""0""","=""0""","=""2""","=""Low""","=""false"""
"=""bmi számítás életkor""","=""0""","=""0""","=""3""","=""Low""","=""false"""
"=""bmi számoló""","=""0""","=""0""","=""2""","=""Low""","=""false"""
"=""bmi számítás kalkulátor""","=""0""","=""0""","=""3""","=""Low""","=""false"""
"=""bmi számítás gyerek""","=""0""","=""0""","=""3""","=""Low""","=""false"""
"=""bmi számítás hogyan""","=""0""","=""0""","=""3""","=""Low""","=""false"""
"=""bmi szczegółowe""","=""0""","=""0""","=""2""","=""Low""","=""false"""
"=""bmi szám""","=""0""","=""0""","=""2""","=""Low""","=""false"""
"=""bmi syon clinic""","=""0""","=""0""","=""3""","=""Low""","=""false"""
"=""bmi symptoms""","=""0""","=""0""","=""2""","=""Low""","=""false"""
"=""bmi sydney""","=""0""","=""0""","=""2""","=""Low""","=""false"""
"=""bmi synergy""","=""0""","=""0""","=""2""","=""Low""","=""false"""
"=""bmi synonym""","=""0""","=""0""","=""2""","=""Low""","=""false"""
"=""bmi syon""","=""0""","=""0""","=""2""","=""Low""","=""false"""
"=""bmi syariah""","=""0""","=""0""","=""2""","=""Low""","=""false"""
"=""bmi tc""","=""0""","=""0""","=""2""","=""Low""","=""false"""
"=""bmi tb""","=""0""","=""0""","=""2""","=""Low""","=""false"""
"=""bmi tb bb""","=""0""","=""0""","=""3""","=""Low""","=""false"""
"=""bmi tb 155""","=""0""","=""0""","=""3""","=""Low""","=""false"""
"=""bmi tb 160""","=""0""","=""0""","=""3""","=""Low""","=""false"""
"=""bmi tb 170""","=""0""","=""0""","=""3""","=""Low""","=""false"""
"=""bmi tb 158""","=""0""","=""0""","=""3""","=""Low""","=""false"""
"=""bmi tb 160 bb 60""","=""0""","=""0""","=""5""","=""Low""","=""false"""
"=""bmi tbw""","=""0""","=""0""","=""2""","=""Low""","=""false"""
"=""bmi for teen""","=""0""","=""0""","=""3""","=""Low""","=""false"""
"=""bmi teen calculator""","=""0""","=""0""","=""3""","=""Low""","=""false"""
"=""bmi techniker krankenkasse""","=""0""","=""0""","=""3""","=""Low""","=""false"""
"=""bmi tg""","=""0""","=""0""","=""2""","=""Low""","=""false"""
"=""bmi tga""","=""0""","=""0""","=""2""","=""Low""","=""false"""
"=""bmi resin tg""","=""0""","=""0""","=""3""","=""Low""","=""false"""
"=""bmi theo tuổi ở trẻ em""","=""0""","=""0""","=""6""","=""Low""","=""false"""
"=""bmi tfsi""","=""0""","=""0""","=""2""","=""Low""","=""false"""
"=""bmi tfsa""","=""0""","=""0""","=""2""","=""Low""","=""false"""
"=""bmi benefits tfl""","=""0""","=""0""","=""3""","=""Low""","=""false"""
"=""bmi tjej""","=""0""","=""0""","=""2""","=""Low""","=""false"""
"=""bmi tjelesne mase""","=""0""","=""0""","=""3""","=""Low""","=""false"""
"=""bmi tjekker""","=""0""","=""0""","=""2""","=""Low""","=""false"""
"=""bmi tjej 14 år""","=""0""","=""0""","=""4""","=""Low""","=""false"""
"=""bmi tjej 15 år""","=""0""","=""0""","=""4""","=""Low""","=""false"""
"=""bmi tjej 16 år""","=""0""","=""0""","=""4""","=""Low""","=""false"""
"=""bmi tj""","=""0""","=""0""","=""2""","=""Low""","=""false"""
"=""bmi tjej 13 år""","=""0""","=""0""","=""4""","=""Low""","=""false"""
"=""bmi tk rechner""","=""0""","=""0""","=""3""","=""Low""","=""false"""
"=""bmi tk krankenkasse""","=""0""","=""0""","=""3""","=""Low""","=""false"""
"=""bmi tkanka tłuszczowa""","=""0""","=""0""","=""3""","=""Low""","=""false"""
"=""bmi tk bonus""","=""0""","=""0""","=""3""","=""Low""","=""false"""
"=""bmi tka""","=""0""","=""0""","=""2""","=""Low""","=""false"""
"=""bmi tldm""","=""0""","=""0""","=""2""","=""Low""","=""false"""
"=""bmi tldm perempuan""","=""0""","=""0""","=""3""","=""Low""","=""false"""
"=""bmi tldm lelaki""","=""0""","=""0""","=""3""","=""Low""","=""false"""
"=""bmi tluszcz""","=""0""","=""0""","=""2""","=""Low""","=""false"""
"=""bmi tl""","=""0""","=""0""","=""2""","=""Low""","=""false"""
"=""bmi untuk tldm""","=""0""","=""0""","=""3""","=""Low""","=""false"""
"=""bmi kalkulator tluszczu""","=""0""","=""0""","=""3""","=""Low""","=""false"""
"=""bmi to tlh""","=""0""","=""0""","=""3""","=""Low""","=""false"""
"=""bmi tlumacz""","=""0""","=""0""","=""2""","=""Low""","=""false"""
"=""bmi tmh""","=""0""","=""0""","=""2""","=""Low""","=""false"""
"=""bmi tmi""","=""0""","=""0""","=""2""","=""Low""","=""false"""
"=""bmi tm""","=""0""","=""0""","=""2""","=""Low""","=""false"""
"=""bmi tms""","=""0""","=""0""","=""2""","=""Low""","=""false"""
"=""bmi tm certified iq test""","=""0""","=""0""","=""5""","=""Low""","=""false"""
"=""bmi vs tmi""","=""0""","=""0""","=""3""","=""Low""","=""false"""
"=""bmi tni""","=""0""","=""0""","=""2""","=""Low""","=""false"""
"=""bmi tno""","=""0""","=""0""","=""2""","=""Low""","=""false"""
"=""bmi memphis tn""","=""0""","=""0""","=""3""","=""Low""","=""false"""
"=""bmi trong y tế là gì""","=""0""","=""0""","=""6""","=""Low""","=""false"""
"=""bmi tsa wait times""","=""0""","=""0""","=""4""","=""Low""","=""false"""
"=""bmi ts""","=""0""","=""0""","=""2""","=""Low""","=""false"""
"=""bmi tsx""","=""0""","=""0""","=""2""","=""Low""","=""false"""
"=""bmi tsul""","=""0""","=""0""","=""2""","=""Low""","=""false"""
"=""bmi tsa precheck""","=""0""","=""0""","=""3""","=""Low""","=""false"""
"=""bmi tshirt""","=""0""","=""0""","=""2""","=""Low""","=""false"""
"=""bmi tsa hours""","=""0""","=""0""","=""3""","=""Low""","=""false"""
"=""bmi ttc""","=""0""","=""0""","=""2""","=""Low""","=""false"""
"=""bmi tt""","=""0""","=""0""","=""2""","=""Low""","=""false"""
"=""bmi calculator tt""","=""0""","=""0""","=""3""","=""Low""","=""false"""
"=""bmi tv""","=""0""","=""0""","=""2""","=""Low""","=""false"""
"=""bmi tv music award""","=""0""","=""0""","=""4""","=""Low""","=""false"""
"=""bmi tvhk""","=""0""","=""0""","=""2""","=""Low""","=""false"""
"=""bmi tvhk vietjet""","=""0""","=""0""","=""3""","=""Low""","=""false"""
"=""bmi tvhk vna""","=""0""","=""0""","=""3""","=""Low""","=""false"""
"=""bmi tvöd""","=""0""","=""0""","=""2""","=""Low""","=""false"""
"=""bmi tvöd bund""","=""0""","=""0""","=""3""","=""Low""","=""false"""
"=""bmi tv show""","=""0""","=""0""","=""3""","=""Low""","=""false"""
"=""bmi tv4""","=""0""","=""0""","=""2""","=""Low""","=""false"""
"=""bmi tvöd rundschreiben""","=""0""","=""0""","=""3""","=""Low""","=""false"""
"=""bmi tuổi dậy thì""","=""0""","=""0""","=""4""","=""Low""","=""false"""
"=""bmi turbo""","=""0""","=""0""","=""2""","=""Low""","=""false"""
"=""bmi tuyển dụng""","=""0""","=""0""","=""3""","=""Low""","=""false"""
"=""bmi tuyển sinh công an""","=""0""","=""0""","=""5""","=""Low""","=""false"""
"=""bmi tuấn mập""","=""0""","=""0""","=""3""","=""Low""","=""false"""
"=""bmi tuổi 13""","=""0""","=""0""","=""3""","=""Low""","=""false"""
"=""bmi tpo everguard""","=""0""","=""0""","=""3""","=""Low""","=""false"""
"=""bmi tpa calculator""","=""0""","=""0""","=""3""","=""Low""","=""false"""
"=""bmi everguard tpo membrane""","=""0""","=""0""","=""4""","=""Low""","=""false"""
"=""bmi to tpa flights""","=""0""","=""0""","=""4""","=""Low""","=""false"""
"=""bmi benefits tpa""","=""0""","=""0""","=""3""","=""Low""","=""false"""
"=""bmi benefits full tpa services""","=""0""","=""0""","=""5""","=""Low""","=""false"""
"=""bmi twocomp""","=""0""","=""0""","=""2""","=""Low""","=""false"""
"=""bmi two year old""","=""0""","=""0""","=""4""","=""Low""","=""false"""
"=""bmi twocomp 5m""","=""0""","=""0""","=""3""","=""Low""","=""false"""
"=""bmi twitter meaning""","=""0""","=""0""","=""3""","=""Low""","=""false"""
"=""bmi twocomp 3m""","=""0""","=""0""","=""3""","=""Low""","=""false"""
"=""bmi twocomp 10m""","=""0""","=""0""","=""3""","=""Low""","=""false"""
"=""bmi austin tx""","=""0""","=""0""","=""3""","=""Low""","=""false"""
"=""bmi greenville tx""","=""0""","=""0""","=""3""","=""Low""","=""false"""
"=""bmi temple tx""","=""0""","=""0""","=""3""","=""Low""","=""false"""
"=""bmi houston tx""","=""0""","=""0""","=""3""","=""Low""","=""false"""
"=""bmi edinburg tx""","=""0""","=""0""","=""3""","=""Low""","=""false"""
"=""bmi carrollton tx""","=""0""","=""0""","=""3""","=""Low""","=""false"""
"=""bmi mcallen tx""","=""0""","=""0""","=""3""","=""Low""","=""false"""
"=""bmi lubbock tx""","=""0""","=""0""","=""3""","=""Low""","=""false"""
"=""bmi ty""","=""0""","=""0""","=""2""","=""Low""","=""false"""
"=""bmi tyres""","=""0""","=""0""","=""2""","=""Low""","=""false"""
"=""bmi type 2 diabetes""","=""0""","=""0""","=""4""","=""Low""","=""false"""
"=""bmi types of obesity""","=""0""","=""0""","=""4""","=""Low""","=""false"""
"=""bmi tyre service""","=""0""","=""0""","=""3""","=""Low""","=""false"""
"=""bmi type calculator""","=""0""","=""0""","=""3""","=""Low""","=""false"""
"=""bmi tyson place""","=""0""","=""0""","=""3""","=""Low""","=""false"""
"=""bmi tyskland""","=""0""","=""0""","=""2""","=""Low""","=""false"""
"=""bmi type 1 diabetes""","=""0""","=""0""","=""4""","=""Low""","=""false"""
"=""bmi shih tzu""","=""0""","=""0""","=""3""","=""Low""","=""false"""
"=""bmi ubicacion""","=""0""","=""0""","=""2""","=""Low""","=""false"""
"=""bmi ub""","=""0""","=""0""","=""2""","=""Low""","=""false"""
"=""bmi uber""","=""0""","=""0""","=""2""","=""Low""","=""false"""
"=""bmi ecuador ubicacion""","=""0""","=""0""","=""3""","=""Low""","=""false"""
"=""bmi 401 ub""","=""0""","=""0""","=""3""","=""Low""","=""false"""
"=""bmi ubezpieczenia""","=""0""","=""0""","=""2""","=""Low""","=""false"""
"=""bmi ucph""","=""0""","=""0""","=""2""","=""Low""","=""false"""
"=""bmi ucsf students""","=""0""","=""0""","=""3""","=""Low""","=""false"""
"=""bmi ucl""","=""0""","=""0""","=""2""","=""Low""","=""false"""
"=""bmi uclouvain""","=""0""","=""0""","=""2""","=""Low""","=""false"""
"=""bmi ucla""","=""0""","=""0""","=""2""","=""Low""","=""false"""
"=""bmi ucsf faculty""","=""0""","=""0""","=""3""","=""Low""","=""false"""
"=""bmi ucsd""","=""0""","=""0""","=""2""","=""Low""","=""false"""
"=""bmi udang""","=""0""","=""0""","=""2""","=""Low""","=""false"""
"=""bmi udregning formel""","=""0""","=""0""","=""3""","=""Low""","=""false"""
"=""bmi udregner børn""","=""0""","=""0""","=""3""","=""Low""","=""false"""
"=""bmi ud""","=""0""","=""0""","=""2""","=""Low""","=""false"""
"=""bmi udregning med alder""","=""0""","=""0""","=""4""","=""Low""","=""false"""
"=""bmi ueber 30""","=""0""","=""0""","=""3""","=""Low""","=""false"""
"=""bmi rechner uber""","=""0""","=""0""","=""3""","=""Low""","=""false"""
"=""bmi rechner uebergewicht vorbeugen""","=""0""","=""0""","=""4""","=""Low""","=""false"""
"=""bmi ufc""","=""0""","=""0""","=""2""","=""Low""","=""false"""
"=""bmi ufficiale""","=""0""","=""0""","=""2""","=""Low""","=""false"""
"=""bmi uf""","=""0""","=""0""","=""2""","=""Low""","=""false"""
"=""bmi ufpk""","=""0""","=""0""","=""2""","=""Low""","=""false"""
"=""bmi of ufc fighters""","=""0""","=""0""","=""4""","=""Low""","=""false"""
"=""bmi 105 126 uf capacitor""","=""0""","=""0""","=""5""","=""Low""","=""false"""
"=""bmi uhg""","=""0""","=""0""","=""2""","=""Low""","=""false"""
"=""bmi uhr""","=""0""","=""0""","=""2""","=""Low""","=""false"""
"=""bmi uhcw""","=""0""","=""0""","=""2""","=""Low""","=""false"""
"=""bmi uitreken""","=""0""","=""0""","=""2""","=""Low""","=""false"""
"=""bmi ui ux""","=""0""","=""0""","=""3""","=""Low""","=""false"""
"=""bmi uitleg""","=""0""","=""0""","=""2""","=""Low""","=""false"""
"=""bmi uitvinder""","=""0""","=""0""","=""2""","=""Low""","=""false"""
"=""bmi uitgebreid""","=""0""","=""0""","=""2""","=""Low""","=""false"""
"=""bmi ujian segak""","=""0""","=""0""","=""3""","=""Low""","=""false"""
"=""bmi ujian fizikal""","=""0""","=""0""","=""3""","=""Low""","=""false"""
"=""bmi ujian fizikal polis""","=""0""","=""0""","=""4""","=""Low""","=""false"""
"=""bmi ujian fizikal kastam""","=""0""","=""0""","=""4""","=""Low""","=""false"""
"=""bmi ujian fizikal imigresen""","=""0""","=""0""","=""4""","=""Low""","=""false"""
"=""bmi uk ltd""","=""0""","=""0""","=""3""","=""Low""","=""false"""
"=""bmi uk female""","=""0""","=""0""","=""3""","=""Low""","=""false"""
"=""bmi uk ltd jersey""","=""0""","=""0""","=""4""","=""Low""","=""false"""
"=""bmi ukuran""","=""0""","=""0""","=""2""","=""Low""","=""false"""
"=""bmi ukmec""","=""0""","=""0""","=""2""","=""Low""","=""false"""
"=""bmi uk male""","=""0""","=""0""","=""3""","=""Low""","=""false"""
"=""bmi uganda""","=""0""","=""0""","=""2""","=""Low""","=""false"""
"=""bmi ug""","=""0""","=""0""","=""2""","=""Low""","=""false"""
"=""bmi è uguale a imc""","=""0""","=""0""","=""5""","=""Low""","=""false"""
"=""bmi under 20""","=""0""","=""0""","=""3""","=""Low""","=""false"""
"=""bmi um 5 punkte gesenkt""","=""0""","=""0""","=""5""","=""Low""","=""false"""
"=""bmi umstritten""","=""0""","=""0""","=""2""","=""Low""","=""false"""
"=""bmi um 3 punkte gesenkt""","=""0""","=""0""","=""5""","=""Low""","=""false"""
"=""bmi um 8 punkte gesenkt""","=""0""","=""0""","=""5""","=""Low""","=""false"""
"=""bmi um 6 punkte gesenkt""","=""0""","=""0""","=""5""","=""Low""","=""false"""
"=""bmi umfang""","=""0""","=""0""","=""2""","=""Low""","=""false"""
"=""bmi um 10 punkte gesenkt""","=""0""","=""0""","=""5""","=""Low""","=""false"""
"=""bmi um 4 punkte gesenkt""","=""0""","=""0""","=""5""","=""Low""","=""false"""
"=""bmi um 7 punkte gesenkt""","=""0""","=""0""","=""5""","=""Low""","=""false"""
"=""bmi ultrasound""","=""0""","=""0""","=""2""","=""Low""","=""false"""
"=""bmi ultrasound geelong""","=""0""","=""0""","=""3""","=""Low""","=""false"""
"=""bmi ultrasound department""","=""0""","=""0""","=""3""","=""Low""","=""false"""
"=""bmi ulm""","=""0""","=""0""","=""2""","=""Low""","=""false"""
"=""bmi ultra""","=""0""","=""0""","=""2""","=""Low""","=""false"""
"=""bmi ulna length""","=""0""","=""0""","=""3""","=""Low""","=""false"""
"=""bmi ultrasound pregnancy""","=""0""","=""0""","=""3""","=""Low""","=""false"""
"=""bmi ultrasonic level""","=""0""","=""0""","=""3""","=""Low""","=""false"""
"=""bmi upvc hardware""","=""0""","=""0""","=""3""","=""Low""","=""false"""
"=""bmi upton""","=""0""","=""0""","=""2""","=""Low""","=""false"""
"=""bmi upton st leonards""","=""0""","=""0""","=""4""","=""Low""","=""false"""
"=""bmi upcoming events""","=""0""","=""0""","=""3""","=""Low""","=""false"""
"=""bmi updated calculator""","=""0""","=""0""","=""3""","=""Low""","=""false"""
"=""bmi upper limit""","=""0""","=""0""","=""3""","=""Low""","=""false"""
"=""bmi up railway""","=""0""","=""0""","=""3""","=""Low""","=""false"""
"=""bmi uomo""","=""0""","=""0""","=""2""","=""Low""","=""false"""
"=""bmi uottawa""","=""0""","=""0""","=""2""","=""Low""","=""false"""
"=""bmi uomo tabella""","=""0""","=""0""","=""3""","=""Low""","=""false"""
"=""bmi uom""","=""0""","=""0""","=""2""","=""Low""","=""false"""
"=""bmi uomo 50 anni""","=""0""","=""0""","=""4""","=""Low""","=""false"""
"=""bmi uomo 60 anni""","=""0""","=""0""","=""4""","=""Low""","=""false"""
"=""bmi uomo adulto""","=""0""","=""0""","=""3""","=""Low""","=""false"""
"=""bmi uomo normopeso""","=""0""","=""0""","=""3""","=""Low""","=""false"""
"=""bmi uab""","=""0""","=""0""","=""2""","=""Low""","=""false"""
"=""bmi uae education fair""","=""0""","=""0""","=""4""","=""Low""","=""false"""
"=""bmi uagm""","=""0""","=""0""","=""2""","=""Low""","=""false"""
"=""bmi uae fair""","=""0""","=""0""","=""3""","=""Low""","=""false"""
"=""bmi use in children""","=""0""","=""0""","=""4""","=""Low""","=""false"""
"=""bmi usz""","=""0""","=""0""","=""2""","=""Low""","=""false"""
"=""bmi ursprung""","=""0""","=""0""","=""2""","=""Low""","=""false"""
"=""bmi urban""","=""0""","=""0""","=""2""","=""Low""","=""false"""
"=""bmi urology""","=""0""","=""0""","=""2""","=""Low""","=""false"""
"=""bmi urgent care""","=""0""","=""0""","=""3""","=""Low""","=""false"""
"=""bmi uruguay""","=""0""","=""0""","=""2""","=""Low""","=""false"""
"=""bmi urine bag""","=""0""","=""0""","=""3""","=""Low""","=""false"""
"=""bmi urdu meaning""","=""0""","=""0""","=""3""","=""Low""","=""false"""
"=""bmi urine test""","=""0""","=""0""","=""3""","=""Low""","=""false"""
"=""bmi uusi""","=""0""","=""0""","=""2""","=""Low""","=""false"""
"=""bmi uusi laskuri""","=""0""","=""0""","=""3""","=""Low""","=""false"""
"=""bmi uusi kaava""","=""0""","=""0""","=""3""","=""Low""","=""false"""
"=""bmi uv""","=""0""","=""0""","=""2""","=""Low""","=""false"""
"=""bmi uträkning kvinna""","=""0""","=""0""","=""3""","=""Low""","=""false"""
"=""bmi uträkning barn""","=""0""","=""0""","=""3""","=""Low""","=""false"""
"=""bmi beräkning man""","=""0""","=""0""","=""3""","=""Low""","=""false"""
"=""bmi utregning kvinner""","=""0""","=""0""","=""3""","=""Low""","=""false"""
"=""bmi utrecht""","=""0""","=""0""","=""2""","=""Low""","=""false"""
"=""bmi uw madison""","=""0""","=""0""","=""3""","=""Low""","=""false"""
"=""bmi uw""","=""0""","=""0""","=""2""","=""Low""","=""false"""
"=""bmi uwo""","=""0""","=""0""","=""2""","=""Low""","=""false"""
"=""bmi seminar uw madison""","=""0""","=""0""","=""4""","=""Low""","=""false"""
"=""bmi calendar uwo""","=""0""","=""0""","=""3""","=""Low""","=""false"""
"=""bmi z uwzględnieniem wieku""","=""0""","=""0""","=""4""","=""Low""","=""false"""
"=""bmi z uwzględnieniem masy mięśniowej""","=""0""","=""0""","=""5""","=""Low""","=""false"""
"=""bmi 576 uw madison""","=""0""","=""0""","=""4""","=""Low""","=""false"""
"=""bmi calculator ui ux""","=""0""","=""0""","=""4""","=""Low""","=""false"""
"=""bmi values for women""","=""0""","=""0""","=""4""","=""Low""","=""false"""
"=""bmi value for female""","=""0""","=""0""","=""4""","=""Low""","=""false"""
"=""bmi vb7""","=""0""","=""0""","=""2""","=""Low""","=""false"""
"=""bmi vbac""","=""0""","=""0""","=""2""","=""Low""","=""false"""
"=""bmi vb 10""","=""0""","=""0""","=""3""","=""Low""","=""false"""
"=""bmi vb 6""","=""0""","=""0""","=""3""","=""Low""","=""false"""
"=""bmi uz""","=""0""","=""0""","=""2""","=""Low""","=""false"""
"=""bmi uzh""","=""0""","=""0""","=""2""","=""Low""","=""false"""
"=""bmi uzbekistan""","=""0""","=""0""","=""2""","=""Low""","=""false"""
"=""bmi berekenen uz leuven""","=""0""","=""0""","=""4""","=""Low""","=""false"""
"=""bmi calculator uzbek tilida""","=""0""","=""0""","=""4""","=""Low""","=""false"""
"=""bmi vc""","=""0""","=""0""","=""2""","=""Low""","=""false"""
"=""bmi vcal""","=""0""","=""0""","=""2""","=""Low""","=""false"""
"=""bmi vdc""","=""0""","=""0""","=""2""","=""Low""","=""false"""
"=""bmi versailles""","=""0""","=""0""","=""2""","=""Low""","=""false"""
"=""bmi verification city of los angeles""","=""0""","=""0""","=""6""","=""Low""","=""false"""
"=""bmi verification building and safety""","=""0""","=""0""","=""5""","=""Low""","=""false"""
"=""bmi ventures""","=""0""","=""0""","=""2""","=""Low""","=""false"""
"=""bmi versailles ohio""","=""0""","=""0""","=""3""","=""Low""","=""false"""
"=""bmi vendor""","=""0""","=""0""","=""2""","=""Low""","=""false"""
"=""bmi vfi""","=""0""","=""0""","=""2""","=""Low""","=""false"""
"=""bmi việt""","=""0""","=""0""","=""2""","=""Low""","=""false"""
"=""bmi child""","=""0""","=""0""","=""2""","=""Low""","=""false"""
"=""bmi vh""","=""0""","=""0""","=""2""","=""Low""","=""false"""
"=""bmi vg""","=""0""","=""0""","=""2""","=""Low""","=""false"""
"=""bmi gräns ivf vgr""","=""0""","=""0""","=""4""","=""Low""","=""false"""
"=""bmi vm""","=""0""","=""0""","=""2""","=""Low""","=""false"""
"=""bmi vmc""","=""0""","=""0""","=""2""","=""Low""","=""false"""
"=""bmi vs vmi""","=""0""","=""0""","=""3""","=""Low""","=""false"""
"=""bmi vlcc""","=""0""","=""0""","=""2""","=""Low""","=""false"""
"=""bmi vle""","=""0""","=""0""","=""2""","=""Low""","=""false"""
"=""bmi vlada roslyakova""","=""0""","=""0""","=""3""","=""Low""","=""false"""
"=""bmi vlaanderen""","=""0""","=""0""","=""2""","=""Low""","=""false"""
"=""bmi vl""","=""0""","=""0""","=""2""","=""Low""","=""false"""
"=""bmi vlc""","=""0""","=""0""","=""2""","=""Low""","=""false"""
"=""bmi vp shunt price in pakistan""","=""0""","=""0""","=""6""","=""Low""","=""false"""
"=""bmi vpn""","=""0""","=""0""","=""2""","=""Low""","=""false"""
"=""bmi vp""","=""0""","=""0""","=""2""","=""Low""","=""false"""
"=""bmi to vps""","=""0""","=""0""","=""3""","=""Low""","=""false"""
"=""bmi von 14""","=""0""","=""0""","=""3""","=""Low""","=""false"""
"=""bmi von 30""","=""0""","=""0""","=""3""","=""Low""","=""false"""
"=""bmi vna""","=""0""","=""0""","=""2""","=""Low""","=""false"""
"=""bmi của vna""","=""0""","=""0""","=""3""","=""Low""","=""false"""
"=""bmi nữ vn""","=""0""","=""0""","=""3""","=""Low""","=""false"""
"=""bmi vrijednosti""","=""0""","=""0""","=""2""","=""Low""","=""false"""
"=""bmi vrednosti""","=""0""","=""0""","=""2""","=""Low""","=""false"""
"=""bmi vrouw 70 jaar""","=""0""","=""0""","=""4""","=""Low""","=""false"""
"=""bmi vrouw 50 jaar""","=""0""","=""0""","=""4""","=""Low""","=""false"""
"=""bmi vrouw 60 jaar""","=""0""","=""0""","=""4""","=""Low""","=""false"""
"=""bmi vrouw gezond""","=""0""","=""0""","=""3""","=""Low""","=""false"""
"=""bmi vs waist circumference""","=""0""","=""0""","=""4""","=""Low""","=""false"""
"=""bmi vte risk""","=""0""","=""0""","=""3""","=""Low""","=""false"""
"=""bmi za vto""","=""0""","=""0""","=""3""","=""Low""","=""false"""
"=""bmi and vte""","=""0""","=""0""","=""3""","=""Low""","=""false"""
"=""bmi vuxen""","=""0""","=""0""","=""2""","=""Low""","=""false"""
"=""bmi vuông""","=""0""","=""0""","=""2""","=""Low""","=""false"""
"=""bmi vuxen kvinna""","=""0""","=""0""","=""3""","=""Low""","=""false"""
"=""bmi vuxen man""","=""0""","=""0""","=""3""","=""Low""","=""false"""
"=""bmi vurdering""","=""0""","=""0""","=""2""","=""Low""","=""false"""
"=""bmi vue""","=""0""","=""0""","=""2""","=""Low""","=""false"""
"=""bmi vu""","=""0""","=""0""","=""2""","=""Low""","=""false"""
"=""bmi nghia vu""","=""0""","=""0""","=""3""","=""Low""","=""false"""
"=""bmi vypocet zena""","=""0""","=""0""","=""3""","=""Low""","=""false"""
"=""bmi vysvetleni""","=""0""","=""0""","=""2""","=""Low""","=""false"""
"=""bmi vypocitat""","=""0""","=""0""","=""2""","=""Low""","=""false"""
"=""bmi vyznam""","=""0""","=""0""","=""2""","=""Low""","=""false"""
"=""bmi vypocet muz""","=""0""","=""0""","=""3""","=""Low""","=""false"""
"=""bmi vypocet u deti""","=""0""","=""0""","=""4""","=""Low""","=""false"""
"=""bmi vypocet vzorec""","=""0""","=""0""","=""3""","=""Low""","=""false"""
"=""bmi vysledky""","=""0""","=""0""","=""2""","=""Low""","=""false"""
"=""bmi vzorec výpočtu""","=""0""","=""0""","=""3""","=""Low""","=""false"""
"=""bmi vzorec podle věku""","=""0""","=""0""","=""4""","=""Low""","=""false"""
"=""bmi vzhledem k věku""","=""0""","=""0""","=""4""","=""Low""","=""false"""
"=""bmi vzorec excel""","=""0""","=""0""","=""3""","=""Low""","=""false"""
"=""bmi vzor""","=""0""","=""0""","=""2""","=""Low""","=""false"""
"=""bmi vznik""","=""0""","=""0""","=""2""","=""Low""","=""false"""
"=""bmi vzorce""","=""0""","=""0""","=""2""","=""Low""","=""false"""
"=""bmi wanita""","=""0""","=""0""","=""2""","=""Low""","=""false"""
"=""bmi waste""","=""0""","=""0""","=""2""","=""Low""","=""false"""
"=""bmi wanita dewasa""","=""0""","=""0""","=""3""","=""Low""","=""false"""
"=""bmi vv""","=""0""","=""0""","=""2""","=""Low""","=""false"""
"=""bmi vvf""","=""0""","=""0""","=""2""","=""Low""","=""false"""
"=""bmi vve""","=""0""","=""0""","=""2""","=""Low""","=""false"""
"=""bmi wc""","=""0""","=""0""","=""2""","=""Low""","=""false"""
"=""bmi wc health risk category""","=""0""","=""0""","=""5""","=""Low""","=""false"""
"=""bmi wc whr""","=""0""","=""0""","=""3""","=""Low""","=""false"""
"=""bmi wc risk""","=""0""","=""0""","=""3""","=""Low""","=""false"""
"=""bmi werte frauen""","=""0""","=""0""","=""3""","=""Low""","=""false"""
"=""bmi wfs""","=""0""","=""0""","=""2""","=""Low""","=""false"""
"=""bmi wfs abidjan""","=""0""","=""0""","=""3""","=""Low""","=""false"""
"=""bmi wfs sa""","=""0""","=""0""","=""3""","=""Low""","=""false"""
"=""bmi wfs photos""","=""0""","=""0""","=""3""","=""Low""","=""false"""
"=""bmi wfs par son propriétaire""","=""0""","=""0""","=""5""","=""Low""","=""false"""
"=""bmi wg wieku""","=""0""","=""0""","=""3""","=""Low""","=""false"""
"=""bmi wg wieku i płci""","=""0""","=""0""","=""5""","=""Low""","=""false"""
"=""bmi wie berechnen""","=""0""","=""0""","=""3""","=""Low""","=""false"""
"=""bmi with muscle calculator""","=""0""","=""0""","=""4""","=""Low""","=""false"""
"=""bmi wjdtkd""","=""0""","=""0""","=""2""","=""Low""","=""false"""
"=""bmi wmp""","=""0""","=""0""","=""2""","=""Low""","=""false"""
"=""bmi wk""","=""0""","=""0""","=""2""","=""Low""","=""false"""
"=""bmi wlasciwe""","=""0""","=""0""","=""2""","=""Low""","=""false"""
"=""bmi wl""","=""0""","=""0""","=""2""","=""Low""","=""false"""
"=""bmi for wls""","=""0""","=""0""","=""3""","=""Low""","=""false"""
"=""bmi calculator wl""","=""0""","=""0""","=""3""","=""Low""","=""false"""
"=""bmi for eli""","=""0""","=""0""","=""3""","=""Low""","=""false"""
"=""bmi jakie wlasciwe""","=""0""","=""0""","=""3""","=""Low""","=""false"""
"=""bmi wltn""","=""0""","=""0""","=""2""","=""Low""","=""false"""
"=""bmi women 5 7""","=""0""","=""0""","=""4""","=""Low""","=""false"""
"=""bmi wnl meaning""","=""0""","=""0""","=""3""","=""Low""","=""false"""
"=""bmi wnl""","=""0""","=""0""","=""2""","=""Low""","=""false"""
"=""bmi writer application""","=""0""","=""0""","=""3""","=""Low""","=""false"""
"=""bmi writers account""","=""0""","=""0""","=""3""","=""Low""","=""false"""
"=""bmi writer search""","=""0""","=""0""","=""3""","=""Low""","=""false"""
"=""bmi writers workshop""","=""0""","=""0""","=""3""","=""Low""","=""false"""
"=""bmi writer login""","=""0""","=""0""","=""3""","=""Low""","=""false"""
"=""bmi wroughton""","=""0""","=""0""","=""2""","=""Low""","=""false"""
"=""bmi writer share""","=""0""","=""0""","=""3""","=""Low""","=""false"""
"=""bmi wtc llc""","=""0""","=""0""","=""3""","=""Low""","=""false"""
"=""bmi wto""","=""0""","=""0""","=""2""","=""Low""","=""false"""
"=""bmi wthr""","=""0""","=""0""","=""2""","=""Low""","=""false"""
"=""bmi wtc""","=""0""","=""0""","=""2""","=""Low""","=""false"""
"=""bmi wt ht""","=""0""","=""0""","=""3""","=""Low""","=""false"""
"=""bmi vs wthr""","=""0""","=""0""","=""3""","=""Low""","=""false"""
"=""bmi to qualify for glp 1""","=""0""","=""0""","=""6""","=""Low""","=""false"""
"=""bmi wuppertal""","=""0""","=""0""","=""2""","=""Low""","=""false"""
"=""bmi wunschkennzeichen""","=""0""","=""0""","=""2""","=""Low""","=""false"""
"=""bmi premium wu""","=""0""","=""0""","=""3""","=""Low""","=""false"""
"=""bmi wpc""","=""0""","=""0""","=""2""","=""Low""","=""false"""
"=""bmi wpc 80""","=""0""","=""0""","=""3""","=""Low""","=""false"""
"=""bmi wskaźniki""","=""0""","=""0""","=""2""","=""Low""","=""false"""
"=""bmi wskaznik kalkulator""","=""0""","=""0""","=""3""","=""Low""","=""false"""
"=""bmi współczynnik""","=""0""","=""0""","=""2""","=""Low""","=""false"""
"=""bmi wskaźnik z wiekiem""","=""0""","=""0""","=""4""","=""Low""","=""false"""
"=""bmi wskaźnik masy ciała""","=""0""","=""0""","=""4""","=""Low""","=""false"""
"=""bmi wskaznik dzieci""","=""0""","=""0""","=""3""","=""Low""","=""false"""
"=""bmi wsu""","=""0""","=""0""","=""2""","=""Low""","=""false"""
"=""bmi wskaźnik dla dzieci""","=""0""","=""0""","=""4""","=""Low""","=""false"""
"=""bmi wskaźnik dla kobiet""","=""0""","=""0""","=""4""","=""Low""","=""false"""
"=""bmi wa""","=""0""","=""0""","=""2""","=""Low""","=""false"""
"=""bmi www""","=""0""","=""0""","=""2""","=""Low""","=""false"""
"=""bmi ww brands""","=""0""","=""0""","=""3""","=""Low""","=""false"""
"=""bmi wykres""","=""0""","=""0""","=""2""","=""Low""","=""false"""
"=""bmi wyniki""","=""0""","=""0""","=""2""","=""Low""","=""false"""
"=""bmi wykres dla kobiet""","=""0""","=""0""","=""4""","=""Low""","=""false"""
"=""bmi wynik""","=""0""","=""0""","=""2""","=""Low""","=""false"""
"=""bmi wykres dla mezczyzn""","=""0""","=""0""","=""4""","=""Low""","=""false"""
"=""bmi wychudzenie""","=""0""","=""0""","=""2""","=""Low""","=""false"""
"=""bmi wyliczyc""","=""0""","=""0""","=""2""","=""Low""","=""false"""
"=""bmi wygłodzenie""","=""0""","=""0""","=""2""","=""Low""","=""false"""
"=""bmi xd9b""","=""0""","=""0""","=""2""","=""Low""","=""false"""
"=""bmi xe""","=""0""","=""0""","=""2""","=""Low""","=""false"""
"=""bmi xertigny""","=""0""","=""0""","=""2""","=""Low""","=""false"""
"=""bmi xenical""","=""0""","=""0""","=""2""","=""Low""","=""false"""
"=""bmi xc""","=""0""","=""0""","=""2""","=""Low""","=""false"""
"=""bmi wzrost""","=""0""","=""0""","=""2""","=""Low""","=""false"""
"=""bmi wzór dla dorosłych""","=""0""","=""0""","=""4""","=""Low""","=""false"""
"=""bmi wzrost waga wiek""","=""0""","=""0""","=""4""","=""Low""","=""false"""
"=""bmi wzór i normy""","=""0""","=""0""","=""4""","=""Low""","=""false"""
"=""bmi wzór jak obliczyć""","=""0""","=""0""","=""4""","=""Low""","=""false"""
"=""bmi wzrost waga""","=""0""","=""0""","=""3""","=""Low""","=""false"""
"=""bmi wzór excel""","=""0""","=""0""","=""3""","=""Low""","=""false"""
"=""bmi wzór dla kobiet""","=""0""","=""0""","=""4""","=""Low""","=""false"""
"=""bmi xiaomi""","=""0""","=""0""","=""2""","=""Low""","=""false"""
"=""bmi xi1""","=""0""","=""0""","=""2""","=""Low""","=""false"""
"=""bmi to xna""","=""0""","=""0""","=""3""","=""Low""","=""false"""
"=""bmi xl""","=""0""","=""0""","=""2""","=""Low""","=""false"""
"=""bmi xlsx""","=""0""","=""0""","=""2""","=""Low""","=""false"""
"=""bmi xlx""","=""0""","=""0""","=""2""","=""Low""","=""false"""
"=""bmi xps""","=""0""","=""0""","=""2""","=""Low""","=""false"""
"=""bmi xray machine""","=""0""","=""0""","=""3""","=""Low""","=""false"""
"=""bmi xray results""","=""0""","=""0""","=""3""","=""Low""","=""false"""
"=""bmi x ray geelong""","=""0""","=""0""","=""4""","=""Low""","=""false"""
"=""bmi mobile xray""","=""0""","=""0""","=""3""","=""Low""","=""false"""
"=""bmi xulane""","=""0""","=""0""","=""2""","=""Low""","=""false"""
"=""bmi for xulane patch""","=""0""","=""0""","=""4""","=""Low""","=""false"""
"=""bmi yang ideal""","=""0""","=""0""","=""3""","=""Low""","=""false"""
"=""bmi yatala""","=""0""","=""0""","=""2""","=""Low""","=""false"""
"=""bmi yahoo finance""","=""0""","=""0""","=""3""","=""Low""","=""false"""
"=""bmi yang bagus""","=""0""","=""0""","=""3""","=""Low""","=""false"""
"=""bmi yang bagus berapa""","=""0""","=""0""","=""4""","=""Low""","=""false"""
"=""bmi yang sihat""","=""0""","=""0""","=""3""","=""Low""","=""false"""
"=""bmi yash vasant""","=""0""","=""0""","=""3""","=""Low""","=""false"""
"=""bmi yang sehat berapa""","=""0""","=""0""","=""4""","=""Low""","=""false"""
"=""bmi yf""","=""0""","=""0""","=""2""","=""Low""","=""false"""
"=""bmi yellow meaning""","=""0""","=""0""","=""3""","=""Low""","=""false"""
"=""bmi 13 year old""","=""0""","=""0""","=""4""","=""Low""","=""false"""
"=""bmi 14 year old""","=""0""","=""0""","=""4""","=""Low""","=""false"""
"=""bmi 12 year old girl""","=""0""","=""0""","=""5""","=""Low""","=""false"""
"=""bmi 12 year old""","=""0""","=""0""","=""4""","=""Low""","=""false"""
"=""bmi 14 year old boy""","=""0""","=""0""","=""5""","=""Low""","=""false"""
"=""bmi 12 year old boy""","=""0""","=""0""","=""5""","=""Low""","=""false"""
"=""bmi 10 year old girl""","=""0""","=""0""","=""5""","=""Low""","=""false"""
"=""bmi 70 year old woman""","=""0""","=""0""","=""5""","=""Low""","=""false"""
"=""bmi yg ideal berapa""","=""0""","=""0""","=""4""","=""Low""","=""false"""
"=""bmi yang sehat""","=""0""","=""0""","=""3""","=""Low""","=""false"""
"=""bmi yksikkö""","=""0""","=""0""","=""2""","=""Low""","=""false"""
"=""bmi yhteystiedot""","=""0""","=""0""","=""2""","=""Low""","=""false"""
"=""bmi group yhteystiedot""","=""0""","=""0""","=""3""","=""Low""","=""false"""
"=""bmi suomi yhteystiedot""","=""0""","=""0""","=""3""","=""Low""","=""false"""
"=""bmi yl tax consulting sdn bhd""","=""0""","=""0""","=""6""","=""Low""","=""false"""
"=""bmi yl tax""","=""0""","=""0""","=""3""","=""Low""","=""false"""
"=""bmi ylipaino""","=""0""","=""0""","=""2""","=""Low""","=""false"""
"=""bmi yl tax consulting""","=""0""","=""0""","=""4""","=""Low""","=""false"""
"=""bmi yli 40 ja raskaus""","=""0""","=""0""","=""5""","=""Low""","=""false"""
"=""bmi yli 30""","=""0""","=""0""","=""3""","=""Low""","=""false"""
"=""bmi yli 60 vuotiaat""","=""0""","=""0""","=""4""","=""Low""","=""false"""
"=""bmi yli 40""","=""0""","=""0""","=""3""","=""Low""","=""false"""
"=""bmi yli 65 vuotiaalle""","=""0""","=""0""","=""4""","=""Low""","=""false"""
"=""bmi yli 35""","=""0""","=""0""","=""3""","=""Low""","=""false"""
"=""bmi ymca""","=""0""","=""0""","=""2""","=""Low""","=""false"""
"=""bmi youth""","=""0""","=""0""","=""2""","=""Low""","=""false"""
"=""bmi youtube""","=""0""","=""0""","=""2""","=""Low""","=""false"""
"=""bmi yoko""","=""0""","=""0""","=""2""","=""Low""","=""false"""
"=""bmi your online services account cannot be created at this time""","=""0""","=""0""","=""11""","=""Low""","=""false"""
"=""bmi you like""","=""0""","=""0""","=""3""","=""Low""","=""false"""
"=""bmi yozish tartibi""","=""0""","=""0""","=""3""","=""Low""","=""false"""
"=""bmi high yield savings account""","=""0""","=""0""","=""5""","=""Low""","=""false"""
"=""bmi dividend yield""","=""0""","=""0""","=""3""","=""Low""","=""false"""
"=""bmi fcu high yield savings account""","=""0""","=""0""","=""6""","=""Low""","=""false"""
"=""bmi yritys""","=""0""","=""0""","=""2""","=""Low""","=""false"""
"=""bmi for 70 year old female""","=""0""","=""0""","=""6""","=""Low""","=""false"""
"=""bmi for 67 yr old female""","=""0""","=""0""","=""6""","=""Low""","=""false"""
"=""bmi for 66 yr old female""","=""0""","=""0""","=""6""","=""Low""","=""false"""
"=""bmi for 73 yr old female""","=""0""","=""0""","=""6""","=""Low""","=""false"""
"=""bmi for 78 yr old male""","=""0""","=""0""","=""6""","=""Low""","=""false"""
"=""bmi for 68 yr old female""","=""0""","=""0""","=""6""","=""Low""","=""false"""
"=""bmi yuzi""","=""0""","=""0""","=""2""","=""Low""","=""false"""
"=""bmi to yvr""","=""0""","=""0""","=""3""","=""Low""","=""false"""
"=""bmi to yyz""","=""0""","=""0""","=""3""","=""Low""","=""false"""
"=""bmi za decu""","=""0""","=""0""","=""3""","=""Low""","=""false"""
"=""bmi za zene""","=""0""","=""0""","=""3""","=""Low""","=""false"""
"=""bmi zacks""","=""0""","=""0""","=""2""","=""Low""","=""false"""
"=""bmi zahlen""","=""0""","=""0""","=""2""","=""Low""","=""false"""
"=""bmi za muskarce""","=""0""","=""0""","=""3""","=""Low""","=""false"""
"=""bmi za decu kalkulator""","=""0""","=""0""","=""4""","=""Low""","=""false"""
"=""bmi za bebe""","=""0""","=""0""","=""3""","=""Low""","=""false"""
"=""bmi zbadaj""","=""0""","=""0""","=""2""","=""Low""","=""false"""
"=""bmi zcode""","=""0""","=""0""","=""2""","=""Low""","=""false"""
"=""bmi zdravie""","=""0""","=""0""","=""2""","=""Low""","=""false"""
"=""bmi zdrowe""","=""0""","=""0""","=""2""","=""Low""","=""false"""
"=""bmi zdrowego człowieka""","=""0""","=""0""","=""3""","=""Low""","=""false"""
"=""bmi zdarma""","=""0""","=""0""","=""2""","=""Low""","=""false"""
"=""bmi zdrave""","=""0""","=""0""","=""2""","=""Low""","=""false"""
"=""bmi zdrava krava""","=""0""","=""0""","=""3""","=""Low""","=""false"""
"=""bmi zdjecia""","=""0""","=""0""","=""2""","=""Low""","=""false"""
"=""bmi zdravlje""","=""0""","=""0""","=""2""","=""Low""","=""false"""
"=""bmi zelf berekenen""","=""0""","=""0""","=""3""","=""Low""","=""false"""
"=""bmi zendaya""","=""0""","=""0""","=""2""","=""Low""","=""false"""
"=""bmi zegt niet alles""","=""0""","=""0""","=""4""","=""Low""","=""false"""
"=""bmi zeigen""","=""0""","=""0""","=""2""","=""Low""","=""false"""
"=""bmi zeny""","=""0""","=""0""","=""2""","=""Low""","=""false"""
"=""bmi zena""","=""0""","=""0""","=""2""","=""Low""","=""false"""
"=""bmi zentralleitung""","=""0""","=""0""","=""2""","=""Low""","=""false"""
"=""bmi zepbound""","=""0""","=""0""","=""2""","=""Low""","=""false"""
"=""bmi zeny vypocet""","=""0""","=""0""","=""3""","=""Low""","=""false"""
"=""bmi zena vypocet""","=""0""","=""0""","=""3""","=""Low""","=""false"""
"=""bmi zhongwen""","=""0""","=""0""","=""2""","=""Low""","=""false"""
"=""bmi hodnocení""","=""0""","=""0""","=""2""","=""Low""","=""false"""
"=""bmi zgodne z wiekiem""","=""0""","=""0""","=""4""","=""Low""","=""false"""
"=""bmi ziegel""","=""0""","=""0""","=""2""","=""Low""","=""false"""
"=""bmi zivilschutz""","=""0""","=""0""","=""2""","=""Low""","=""false"""
"=""bmi zivile verteidigung""","=""0""","=""0""","=""3""","=""Low""","=""false"""
"=""bmi zielwert""","=""0""","=""0""","=""2""","=""Low""","=""false"""
"=""bmi ziel""","=""0""","=""0""","=""2""","=""Low""","=""false"""
"=""bmi zielgewicht""","=""0""","=""0""","=""2""","=""Low""","=""false"""
"=""bmi zip code""","=""0""","=""0""","=""3""","=""Low""","=""false"""
"=""bmi zielgewicht berechnen""","=""0""","=""0""","=""3""","=""Low""","=""false"""
"=""bmi ziekte""","=""0""","=""0""","=""2""","=""Low""","=""false"""
"=""bmi zielrechner""","=""0""","=""0""","=""2""","=""Low""","=""false"""
"=""bmi zlin""","=""0""","=""0""","=""2""","=""Low""","=""false"""
"=""bmi znacenje""","=""0""","=""0""","=""2""","=""Low""","=""false"""
"=""bmi znaczenie""","=""0""","=""0""","=""2""","=""Low""","=""false"""
"=""bmi znamená""","=""0""","=""0""","=""2""","=""Low""","=""false"""
"=""bmi sta znaci""","=""0""","=""0""","=""3""","=""Low""","=""false"""
"=""bmi co znamena""","=""0""","=""0""","=""3""","=""Low""","=""false"""
"=""bmi sto znaci""","=""0""","=""0""","=""3""","=""Low""","=""false"""
"=""bmi zkratka""","=""0""","=""0""","=""2""","=""Low""","=""false"""
"=""bmi zones chart""","=""0""","=""0""","=""3""","=""Low""","=""false"""
"=""bmi zoll""","=""0""","=""0""","=""2""","=""Low""","=""false"""
"=""bmi zona 10""","=""0""","=""0""","=""3""","=""Low""","=""false"""
"=""bmi zoeken""","=""0""","=""0""","=""2""","=""Low""","=""false"""
"=""bmi zoner""","=""0""","=""0""","=""2""","=""Low""","=""false"""
"=""bmi zone calculator""","=""0""","=""0""","=""3""","=""Low""","=""false"""
"=""bmi zpr clearingstelle""","=""0""","=""0""","=""3""","=""Low""","=""false"""
"=""bmi zpr""","=""0""","=""0""","=""2""","=""Low""","=""false"""
"=""bmi zpe""","=""0""","=""0""","=""2""","=""Low""","=""false"""
"=""bmi zmr""","=""0""","=""0""","=""2""","=""Low""","=""false"""
"=""bmi zmierz""","=""0""","=""0""","=""2""","=""Low""","=""false"""
"=""bmi zmr abfrage""","=""0""","=""0""","=""3""","=""Low""","=""false"""
"=""bmi jak zmierzyc""","=""0""","=""0""","=""3""","=""Low""","=""false"""
"=""bmi zvr""","=""0""","=""0""","=""2""","=""Low""","=""false"""
"=""bmi zvr abfrage""","=""0""","=""0""","=""3""","=""Low""","=""false"""
"=""bmi abteilung zv""","=""0""","=""0""","=""3""","=""Low""","=""false"""
"=""bmi zv""","=""0""","=""0""","=""2""","=""Low""","=""false"""
"=""bmi zva vertrag""","=""0""","=""0""","=""3""","=""Low""","=""false"""
"=""bmi zu hoch""","=""0""","=""0""","=""3""","=""Low""","=""false"""
"=""bmi zu niedrig""","=""0""","=""0""","=""3""","=""Low""","=""false"""
"=""bmi zu hoch wegen muskeln""","=""0""","=""0""","=""5""","=""Low""","=""false"""
"=""bmi zuverlässig""","=""0""","=""0""","=""2""","=""Low""","=""false"""
"=""bmi zuständigkeit""","=""0""","=""0""","=""2""","=""Low""","=""false"""
"=""bmi zu hoch krankenkasse""","=""0""","=""0""","=""4""","=""Low""","=""false"""
"=""bmi zu niedrig was tun""","=""0""","=""0""","=""5""","=""Low""","=""false"""
"=""bmi zu hoch für oviva""","=""0""","=""0""","=""5""","=""Low""","=""false"""
"=""bmi zurückrechnen""","=""0""","=""0""","=""2""","=""Low""","=""false"""
"=""bmi zu hoch was tun""","=""0""","=""0""","=""5""","=""Low""","=""false"""
"=""bmi zypern""","=""0""","=""0""","=""2""","=""Low""","=""false"""
"=""bmi zagrazajace zyciu""","=""0""","=""0""","=""3""","=""Low""","=""false"""
"=""bmi zagrozenie zycia""","=""0""","=""0""","=""3""","=""Low""","=""false"""
"=""bmi a dlugosc zycia""","=""0""","=""0""","=""4""","=""Low""","=""false"""
"=""bmi zwangerschap""","=""0""","=""0""","=""2""","=""Low""","=""false"""
"=""bmi zwr login""","=""0""","=""0""","=""3""","=""Low""","=""false"""
"=""bmi zwangerschap berekenen""","=""0""","=""0""","=""3""","=""Low""","=""false"""
"=""bmi zwangseinweisung""","=""0""","=""0""","=""2""","=""Low""","=""false"""
"=""bmi zwischen 25 und 30""","=""0""","=""0""","=""5""","=""Low""","=""false"""
"=""bmi zwangsernährung""","=""0""","=""0""","=""2""","=""Low""","=""false"""
"=""bmi zwangerschap medisch""","=""0""","=""0""","=""3""","=""Low""","=""false"""
"=""bmi zwierząt""","=""0""","=""0""","=""2""","=""Low""","=""false"""
"=""bmi zwischen 30 und 40 krankenkasse""","=""0""","=""0""","=""6""","=""Low""","=""false"""
"=""bmi zzp""","=""0""","=""0""","=""2""","=""Low""","=""false"""
"=""bmi gối""","=""0""","=""0""","=""2""","=""Low""","=""false"""
"=""bmi gầy độ 1""","=""0""","=""0""","=""4""","=""Low""","=""false"""
"=""bmi enfant""","=""0""","=""0""","=""2""","=""Low""","=""false"""
"=""bmi f247""","=""0""","=""0""","=""2""","=""Low""","=""false"""
"=""bmi hợp lý""","=""0""","=""0""","=""3""","=""Low""","=""false"""
"=""bmi hscc""","=""0""","=""0""","=""2""","=""Low""","=""false"""
"=""bmi mức bình thường""","=""0""","=""0""","=""4""","=""Low""","=""false"""
"=""bmi mô phỏng""","=""0""","=""0""","=""3""","=""Low""","=""false"""
"=""bmi mức độ""","=""0""","=""0""","=""3""","=""Low""","=""false"""
"=""bmi là gì tính""","=""0""","=""0""","=""4""","=""Low""","=""false"""
"=""bmi kalkulator dzieci""","=""0""","=""0""","=""3""","=""Low""","=""false"""
"=""bmi sài gòn""","=""0""","=""0""","=""3""","=""Low""","=""false"""
"=""bmi và tdee""","=""0""","=""0""","=""3""","=""Low""","=""false"""
"=""bmi z score for children""","=""0""","=""0""","=""5""","=""Low""","=""false"""
"=""bmi z score chart""","=""0""","=""0""","=""4""","=""Low""","=""false"""
"=""bmi zapfendorf""","=""0""","=""0""","=""2""","=""Low""","=""false"""
"=""bmi z wiekiem""","=""0""","=""0""","=""3""","=""Low""","=""false"""
"=""bmi 01933""","=""0""","=""0""","=""2""","=""Low""","=""false"""
"=""bmi 0f 30""","=""0""","=""0""","=""3""","=""Low""","=""false"""
"=""bmi 30 sức khoẻ loại mấy""","=""0""","=""0""","=""6""","=""Low""","=""false"""
"=""bmi 6 3 male""","=""0""","=""0""","=""4""","=""Low""","=""false"""
"=""bmi 70 weight""","=""0""","=""0""","=""3""","=""Low""","=""false"""
"=""bmi 8 year old girl""","=""0""","=""0""","=""5""","=""Low""","=""false"""
"=""bmi 80 weight""","=""0""","=""0""","=""3""","=""Low""","=""false"""
"=""bmi 99th percentile icd 10""","=""0""","=""0""","=""5""","=""Low""","=""false"""
"=""bmi 9 year old girl""","=""0""","=""0""","=""5""","=""Low""","=""false"""
"=""bmi thế nào là bình thường""","=""0""","=""0""","=""6""","=""Low""","=""false"""
"=""bmi thế nào là tốt""","=""0""","=""0""","=""5""","=""Low""","=""false"""
"=""bmi thế nào là chuẩn""","=""0""","=""0""","=""5""","=""Low""","=""false"""
"=""bmi thế nào là béo phì""","=""0""","=""0""","=""6""","=""Low""","=""false"""
"=""bmi để làm gì""","=""0""","=""0""","=""4""","=""Low""","=""false"""
"=""bmi là gì trong gym""","=""0""","=""0""","=""5""","=""Low""","=""false"""
"=""bmi như thế nào""","=""0""","=""0""","=""4""","=""Low""","=""false"""
"=""bmi đo thế nào""","=""0""","=""0""","=""4""","=""Low""","=""false"""
"=""bmi đọc như thế nào""","=""0""","=""0""","=""5""","=""Low""","=""false"""
"=""bmi tính ra sao""","=""0""","=""0""","=""4""","=""Low""","=""false"""
"=""bmi nào tốt""","=""0""","=""0""","=""3""","=""Low""","=""false"""
"=""bmi như nào là béo""","=""0""","=""0""","=""5""","=""Low""","=""false"""
"=""bmi như nào""","=""0""","=""0""","=""3""","=""Low""","=""false"""
"=""bmi như nào là đẹp""","=""0""","=""0""","=""5""","=""Low""","=""false"""
"=""bmi như nào là tốt""","=""0""","=""0""","=""5""","=""Low""","=""false"""
"=""bmi từ bao nhiêu là bình thường""","=""0""","=""0""","=""7""","=""Low""","=""false"""
"=""bmi từ bao nhiêu""","=""0""","=""0""","=""4""","=""Low""","=""false"""
"=""bmi trên 30 sức khoẻ loại mấy""","=""0""","=""0""","=""7""","=""Low""","=""false"""
"=""bmi trên 25""","=""0""","=""0""","=""3""","=""Low""","=""false"""
"=""bmi trên 23""","=""0""","=""0""","=""3""","=""Low""","=""false"""
"=""bmi trên 24""","=""0""","=""0""","=""3""","=""Low""","=""false"""
"=""bmi trên 30 là gì""","=""0""","=""0""","=""5""","=""Low""","=""false"""
"=""bmi trong giới hạn bình thường""","=""0""","=""0""","=""6""","=""Low""","=""false"""
"=""bmi trong khoảng bao nhiêu""","=""0""","=""0""","=""5""","=""Low""","=""false"""
"=""bmi trong nvqs""","=""0""","=""0""","=""3""","=""Low""","=""false"""
"=""bmi trong gym là gì""","=""0""","=""0""","=""5""","=""Low""","=""false"""
"=""bmi dưới bao nhiêu là suy dinh dưỡng""","=""0""","=""0""","=""8""","=""Low""","=""false"""
"=""bmi dưới 18 và trên 29 9""","=""0""","=""0""","=""7""","=""Low""","=""false"""
"=""bmi dưới 16""","=""0""","=""0""","=""3""","=""Low""","=""false"""
"=""bmi dưới bao nhiêu là gầy""","=""0""","=""0""","=""6""","=""Low""","=""false"""
"=""bmi bao nhiêu không đi nghĩa vụ 2026""","=""0""","=""0""","=""8""","=""Low""","=""false"""
"=""bmi có đúng không""","=""0""","=""0""","=""4""","=""Low""","=""false"""
"=""bmi có chính xác không""","=""0""","=""0""","=""5""","=""Low""","=""false"""
"=""bmi có tính cho trẻ em không""","=""0""","=""0""","=""7""","=""Low""","=""false"""
"=""bmi có đơn vị không""","=""0""","=""0""","=""5""","=""Low""","=""false"""
"=""bmi có làm tròn không""","=""0""","=""0""","=""5""","=""Low""","=""false"""
"=""bmi có tuổi""","=""0""","=""0""","=""3""","=""Low""","=""false"""
"=""bmi có ý nghĩa gì""","=""0""","=""0""","=""5""","=""Low""","=""false"""
"=""bmi có đơn vị là gì""","=""0""","=""0""","=""6""","=""Low""","=""false"""
"=""bmi có mấy loại""","=""0""","=""0""","=""4""","=""Low""","=""false"""
"=""bmi cóc""","=""0""","=""0""","=""2""","=""Low""","=""false"""
"=""bmi với nữ""","=""0""","=""0""","=""3""","=""Low""","=""false"""
"=""bmi đối với nam""","=""0""","=""0""","=""4""","=""Low""","=""false"""
"=""bmi để vào công an""","=""0""","=""0""","=""5""","=""Low""","=""false"""
"=""bmi để đi nvqs""","=""0""","=""0""","=""4""","=""Low""","=""false"""
"=""bmi để đi nghĩa vụ""","=""0""","=""0""","=""5""","=""Low""","=""false"""
"=""bmi dùng để đánh giá cái gì ở con người""","=""0""","=""0""","=""10""","=""Low""","=""false"""
"=""bmi tính làm sao""","=""0""","=""0""","=""4""","=""Low""","=""false"""
"=""bmi dành cho trẻ em""","=""0""","=""0""","=""5""","=""Low""","=""false"""
"=""bmi dành cho người từ bao nhiêu tuổi""","=""0""","=""0""","=""8""","=""Low""","=""false"""
"=""chỉ aoos bmi""","=""27100""","=""0.01""","=""3""","=""Low""","=""false"""
"=""đo bmi""","=""3600""","=""0.01""","=""2""","=""Low""","=""false"""
"=""công thức bmi""","=""1300""","=""0.01""","=""3""","=""Low""","=""false"""
"=""đo bmi online""","=""390""","=""0.01""","=""3""","=""Low""","=""false"""
"=""who bmi""","=""390""","=""0""","=""2""","=""Low""","=""false"""
"=""index bmi""","=""170""","=""0""","=""2""","=""Low""","=""false"""
"=""cek bmi""","=""170""","=""0.01""","=""2""","=""Low""","=""false"""
"=""đo bmi cơ thể""","=""70""","=""0""","=""4""","=""Low""","=""false"""
"=""app bmi""","=""70""","=""0""","=""2""","=""Low""","=""false"""
"=""chỉ bmi""","=""50""","=""0""","=""2""","=""Low""","=""false"""
"=""cân bmi""","=""50""","=""0""","=""2""","=""High""","=""false"""
"=""cân nặng bmi""","=""50""","=""0""","=""3""","=""Low""","=""false"""
"=""idi & wpro bmi""","=""50""","=""0""","=""4""","=""Low""","=""false"""
"=""tỷ lệ bmi""","=""50""","=""0""","=""3""","=""Low""","=""false"""
"=""normal bmi""","=""50""","=""0""","=""2""","=""Low""","=""false"""
"=""đo bmi nữ""","=""40""","=""0""","=""3""","=""Low""","=""false"""
"=""mens bmi""","=""40""","=""0""","=""2""","=""Low""","=""false"""
"=""tính bmi vn""","=""40""","=""0""","=""3""","=""Low""","=""false"""
"=""chuẩn bmi""","=""30""","=""0.01""","=""2""","=""Low""","=""false"""
"=""idi & wpro bmi kg m2""","=""30""","=""0""","=""6""","=""Low""","=""false"""
"=""đo bmi nam""","=""30""","=""0""","=""3""","=""Low""","=""false"""
"=""nhs bmi calculator""","=""30""","=""0""","=""3""","=""Low""","=""false"""
"=""my bmi""","=""30""","=""0""","=""2""","=""Low""","=""true"""
"=""what is my bmi""","=""30""","=""0""","=""4""","=""Low""","=""true"""
"=""wiki bmi""","=""30""","=""0""","=""2""","=""Low""","=""false"""
"=""béo phì bmi""","=""20""","=""0""","=""3""","=""Low""","=""false"""
"=""medlatec bmi""","=""20""","=""0""","=""2""","=""Low""","=""false"""
"=""tỷ lệ bmi chuẩn""","=""20""","=""0""","=""4""","=""Low""","=""false"""
"=""tỷ lệ bmi nữ""","=""20""","=""0""","=""4""","=""Low""","=""false"""
"=""chỉ số bmi không đi nghĩa vụ""","=""20""","=""0""","=""7""","=""Low""","=""false"""
"=""185cm bmi""","=""10""","=""0""","=""2""","=""Low""","=""false"""
"=""bb bmi""","=""10""","=""0""","=""2""","=""Low""","=""false"""
"=""cân nặng chuẩn bmi""","=""10""","=""0""","=""4""","=""Low""","=""false"""
"=""web bmi""","=""10""","=""0""","=""2""","=""Low""","=""false"""
"=""wonen bmi""","=""10""","=""0""","=""2""","=""Low""","=""false"""
"=""a bmi""","=""10""","=""0""","=""2""","=""Low""","=""false"""
"=""body fat calculator by bmi""","=""10""","=""0""","=""5""","=""Low""","=""false"""
"=""tinhs bmi""","=""10""","=""0""","=""2""","=""Low""","=""false"""
"=""cdc bmi""","=""10""","=""0""","=""2""","=""Low""","=""true"""
"=""cdc bmi calculator""","=""10""","=""0""","=""3""","=""Low""","=""false"""
"=""fbmi cvut""","=""10""","=""0""","=""2""","=""Low""","=""false"""
"=""diabetes canada bmi""","=""10""","=""0""","=""3""","=""Low""","=""false"""
"=""smart bmi""","=""10""","=""0""","=""2""","=""Low""","=""false"""
"=""fgo bmi""","=""10""","=""0""","=""2""","=""Low""","=""false"""
"=""com fyqd bmi""","=""10""","=""0""","=""3""","=""Low""","=""false"""
"=""jhemcu ghf411aio bmi 40a""","=""10""","=""0""","=""4""","=""Low""","=""false"""
"=""ghf411aio bmi""","=""10""","=""0""","=""2""","=""High""","=""false"""
"=""hpb bmi""","=""10""","=""0""","=""2""","=""Low""","=""false"""
"=""high bmi""","=""10""","=""0""","=""2""","=""Low""","=""false"""
"=""hpb bmi calculator""","=""10""","=""0""","=""3""","=""Low""","=""false"""
"=""https bmi""","=""10""","=""0""","=""2""","=""Low""","=""false"""
"=""hwasa bmi""","=""10""","=""0""","=""2""","=""Low""","=""false"""
"=""ideal bmi""","=""10""","=""0""","=""2""","=""Low""","=""false"""
"=""my bmi ie""","=""10""","=""0""","=""3""","=""Low""","=""false"""
"=""is bmi""","=""10""","=""0""","=""2""","=""Low""","=""false"""
"=""js bmi calculator""","=""10""","=""0""","=""3""","=""Low""","=""false"""
"=""mbi bmi""","=""10""","=""0""","=""2""","=""Low""","=""false"""
"=""my bmi ir""","=""10""","=""0""","=""3""","=""Low""","=""false"""
"=""bbc bmi""","=""10""","=""0""","=""2""","=""Low""","=""false"""
"=""nhs bmi""","=""10""","=""0""","=""2""","=""Low""","=""false"""
"=""new bmi""","=""10""","=""0""","=""2""","=""Low""","=""false"""
"=""hoogste bmi ooit""","=""10""","=""0""","=""3""","=""Low""","=""false"""
"=""low bmi""","=""10""","=""0""","=""2""","=""Low""","=""false"""
"=""photo bmi""","=""10""","=""0""","=""2""","=""Low""","=""false"""
"=""rbb bmi production belgium nv""","=""10""","=""0""","=""5""","=""Low""","=""false"""
"=""sga bmi""","=""10""","=""0""","=""2""","=""Low""","=""false"""
"=""sg bmi chart""","=""10""","=""0""","=""3""","=""Low""","=""false"""
"=""tk bmi bauchumfang""","=""10""","=""0""","=""3""","=""Low""","=""false"""
"=""ucsf bmi phd""","=""10""","=""0""","=""3""","=""Low""","=""false"""
"=""goal bmi""","=""10""","=""0""","=""2""","=""Low""","=""false"""
"=""v b bmi""","=""10""","=""0""","=""3""","=""Low""","=""false"""
"=""bank bmi""","=""10""","=""0""","=""2""","=""Low""","=""false"""
"=""vlcc bmi calculator""","=""10""","=""0""","=""3""","=""Low""","=""false"""
"=""medlatec vn bmi""","=""10""","=""0""","=""3""","=""Low""","=""false"""
"=""vzorec bmi index""","=""10""","=""0""","=""3""","=""Low""","=""false"""
"=""yr bmi""","=""10""","=""0""","=""2""","=""Low""","=""false"""
"=""untergewicht bmi""","=""10""","=""0""","=""2""","=""Low""","=""false"""
"=""cách để tính bmi""","=""10""","=""0""","=""4""","=""Low""","=""false"""
"=""cách làm bmi bơ tỏi""","=""10""","=""0""","=""5""","=""Low""","=""false"""
"=""cách làm bmi""","=""10""","=""0""","=""3""","=""Low""","=""false"""
"=""170bmi""","=""0""","=""0""","=""1""","=""Low""","=""false"""
"=""din bmi""","=""0""","=""0""","=""2""","=""Low""","=""false"""
"=""grenzen bmi""","=""0""","=""0""","=""2""","=""Low""","=""false"""
"=""ahorro programado bmi""","=""0""","=""0""","=""3""","=""Low""","=""false"""
"=""aj bmi""","=""0""","=""0""","=""2""","=""Low""","=""false"""
"=""aok bmi rechner frauen""","=""0""","=""0""","=""4""","=""Low""","=""false"""
"=""aqua bmi""","=""0""","=""0""","=""2""","=""Low""","=""false"""
"=""reclame aqui bmi""","=""0""","=""0""","=""3""","=""Low""","=""false"""
"=""axis bmi calculator""","=""0""","=""0""","=""3""","=""Low""","=""false"""
"=""axxis bmi""","=""0""","=""0""","=""2""","=""Low""","=""false"""
"=""bdf bmi""","=""0""","=""0""","=""2""","=""Low""","=""false"""
"=""bds bmi""","=""0""","=""0""","=""2""","=""Low""","=""false"""
"=""bdu bmi logo""","=""0""","=""0""","=""3""","=""Low""","=""false"""
"=""ayanokoji bmi""","=""0""","=""0""","=""2""","=""Low""","=""false"""
"=""mie ayam bmi""","=""0""","=""0""","=""3""","=""Low""","=""false"""
"=""bgn bmi""","=""0""","=""0""","=""2""","=""Low""","=""false"""
"=""bgz bmi""","=""0""","=""0""","=""2""","=""Low""","=""false"""
"=""bgb bmi""","=""0""","=""0""","=""2""","=""Low""","=""false"""
"=""bgs bmi calculator""","=""0""","=""0""","=""3""","=""Low""","=""false"""
"=""bk bmi""","=""0""","=""0""","=""2""","=""Low""","=""false"""
"=""bkk bmi rechner""","=""0""","=""0""","=""3""","=""Low""","=""false"""
"=""bk bmi gv at""","=""0""","=""0""","=""4""","=""Low""","=""false"""
"=""bjmp bmi requirements""","=""0""","=""0""","=""3""","=""Low""","=""false"""
"=""bjmp bmi calculator""","=""0""","=""0""","=""3""","=""Low""","=""false"""
"=""bjmp bmi form""","=""0""","=""0""","=""3""","=""Low""","=""false"""
"=""bjmp bmi chart""","=""0""","=""0""","=""3""","=""Low""","=""false"""
"=""bjmp bmi passing rate""","=""0""","=""0""","=""4""","=""Low""","=""false"""
"=""bjmp bmi standard""","=""0""","=""0""","=""3""","=""Low""","=""false"""
"=""bjmp bmi certificate""","=""0""","=""0""","=""3""","=""Low""","=""false"""
"=""hafthor bjornsson bmi""","=""0""","=""0""","=""3""","=""Low""","=""false"""
"=""bvkj bmi rechner""","=""0""","=""0""","=""3""","=""Low""","=""false"""
"=""bvi bmi""","=""0""","=""0""","=""2""","=""Low""","=""false"""
"=""bvaeb bmi rechner""","=""0""","=""0""","=""3""","=""Low""","=""false"""
"=""tecnilab bmi bv""","=""0""","=""0""","=""3""","=""Low""","=""false"""
"=""bf bw bmi bone""","=""0""","=""0""","=""4""","=""Low""","=""false"""
"=""bx bmi""","=""0""","=""0""","=""2""","=""Low""","=""false"""
"=""bzga bmi rechner""","=""0""","=""0""","=""3""","=""Low""","=""false"""
"=""bzga bmi rechner kinder""","=""0""","=""0""","=""4""","=""Low""","=""false"""
"=""bzi bmi""","=""0""","=""0""","=""2""","=""Low""","=""false"""
"=""bzfe bmi""","=""0""","=""0""","=""2""","=""Low""","=""false"""
"=""bzfe bmi rechner""","=""0""","=""0""","=""3""","=""Low""","=""false"""
"=""bzga bmi kinder""","=""0""","=""0""","=""3""","=""Low""","=""false"""
"=""who cgs bmi for age""","=""0""","=""0""","=""5""","=""Low""","=""false"""
"=""cfo bmi group""","=""0""","=""0""","=""3""","=""Low""","=""false"""
"=""cfs bmi""","=""0""","=""0""","=""2""","=""Low""","=""false"""
"=""low bmi cks""","=""0""","=""0""","=""3""","=""Low""","=""false"""
"=""orlistat bmi cks""","=""0""","=""0""","=""3""","=""Low""","=""false"""
"=""cty bmi polymer""","=""0""","=""0""","=""3""","=""Low""","=""false"""
"=""cybersicherheitsstrategie bmi""","=""0""","=""0""","=""2""","=""Low""","=""false"""
"=""cny bmi limit""","=""0""","=""0""","=""3""","=""Low""","=""false"""
"=""cnpj bmi telecom""","=""0""","=""0""","=""3""","=""Low""","=""false"""
"=""cnn bmi article""","=""0""","=""0""","=""3""","=""Low""","=""false"""
"=""cny bmi""","=""0""","=""0""","=""2""","=""Low""","=""false"""
"=""dbw bmi based""","=""0""","=""0""","=""3""","=""Low""","=""false"""
"=""dcc bmi""","=""0""","=""0""","=""2""","=""Low""","=""false"""
"=""dc bmi calculator""","=""0""","=""0""","=""3""","=""Low""","=""false"""
"=""dgca bmi requirements""","=""0""","=""0""","=""3""","=""Low""","=""false"""
"=""dge bmi classification""","=""0""","=""0""","=""3""","=""Low""","=""false"""
"=""dge bmi calculator""","=""0""","=""0""","=""3""","=""Low""","=""false"""
"=""dge bmi meaning""","=""0""","=""0""","=""3""","=""Low""","=""false"""
"=""dhr bmi clinic""","=""0""","=""0""","=""3""","=""Low""","=""false"""
"=""dhc bmi supplement""","=""0""","=""0""","=""3""","=""Low""","=""false"""
"=""dhc bmi calculator""","=""0""","=""0""","=""3""","=""Low""","=""false"""
"=""dkv bmi""","=""0""","=""0""","=""2""","=""Low""","=""false"""
"=""ketua bmi dki jakarta""","=""0""","=""0""","=""4""","=""Low""","=""false"""
"=""djt bmi""","=""0""","=""0""","=""2""","=""Low""","=""false"""
"=""dm bmi calculator""","=""0""","=""0""","=""3""","=""Low""","=""false"""
"=""dmmオンラインクリニック bmi""","=""0""","=""0""","=""2""","=""Low""","=""false"""
"=""dnp bmi calculator""","=""0""","=""0""","=""3""","=""Low""","=""false"""
"=""kalkulator bmi dnz""","=""0""","=""0""","=""3""","=""Low""","=""false"""
"=""dn bmi services inc""","=""0""","=""0""","=""4""","=""Low""","=""false"""
"=""dpp bmi""","=""0""","=""0""","=""2""","=""Low""","=""false"""
"=""dpc bmi adalah""","=""0""","=""0""","=""3""","=""Low""","=""false"""
"=""dpd bmi adalah""","=""0""","=""0""","=""3""","=""Low""","=""false"""
"=""dpd bmi""","=""0""","=""0""","=""2""","=""Low""","=""false"""
"=""dpc bmi""","=""0""","=""0""","=""2""","=""Low""","=""false"""
"=""dpn bmi""","=""0""","=""0""","=""2""","=""Low""","=""false"""
"=""dpp bmi tebet""","=""0""","=""0""","=""3""","=""Low""","=""false"""
"=""dpd bmi sumut""","=""0""","=""0""","=""3""","=""Low""","=""false"""
"=""dps bmi""","=""0""","=""0""","=""2""","=""Low""","=""false"""
"=""dquip bmi scale""","=""0""","=""0""","=""3""","=""Low""","=""false"""
"=""dquip bmi scale user manual""","=""0""","=""0""","=""5""","=""Low""","=""false"""
"=""dquip bmi scale reviews""","=""0""","=""0""","=""4""","=""Low""","=""false"""
"=""dquip bmi scale app""","=""0""","=""0""","=""4""","=""Low""","=""false"""
"=""dquip bmi all in one scale 150kg""","=""0""","=""0""","=""7""","=""Low""","=""false"""
"=""dquip bmi scale setup""","=""0""","=""0""","=""4""","=""Low""","=""false"""
"=""dquip bmi all in one scale""","=""0""","=""0""","=""6""","=""Low""","=""false"""
"=""dquip bmi scale dischem""","=""0""","=""0""","=""4""","=""Low""","=""false"""
"=""dsm bmi anorexia""","=""0""","=""0""","=""3""","=""Low""","=""false"""
"=""dtw bmi""","=""0""","=""0""","=""2""","=""Low""","=""false"""
"=""das dt bmi stand bis 2018 für ministerium""","=""0""","=""0""","=""8""","=""Low""","=""false"""
"=""dwarf bmi calculator""","=""0""","=""0""","=""3""","=""Low""","=""false"""
"=""dwarf bmi""","=""0""","=""0""","=""2""","=""Low""","=""false"""
"=""dwayne bmi""","=""0""","=""0""","=""2""","=""Low""","=""false"""
"=""dvla bmi""","=""0""","=""0""","=""2""","=""Low""","=""false"""
"=""dva bmi""","=""0""","=""0""","=""2""","=""Low""","=""false"""
"=""barbara klein bmi dvd""","=""0""","=""0""","=""4""","=""Low""","=""false"""
"=""pediatric bmi dx codes""","=""0""","=""0""","=""4""","=""Low""","=""false"""
"=""dystrophie bmi""","=""0""","=""0""","=""2""","=""Low""","=""false"""
"=""dynamic bmi calculator""","=""0""","=""0""","=""3""","=""Low""","=""false"""
"=""dysmenorrhea and bmi""","=""0""","=""0""","=""3""","=""Low""","=""false"""
"=""ebportal bmi ir""","=""0""","=""0""","=""3""","=""Low""","=""false"""
"=""ebp bmi ir""","=""0""","=""0""","=""3""","=""Low""","=""false"""
"=""ehc bmi""","=""0""","=""0""","=""2""","=""Low""","=""false"""
"=""eoc bmi calculator""","=""0""","=""0""","=""3""","=""Low""","=""false"""
"=""eos bmi machine""","=""0""","=""0""","=""3""","=""Low""","=""false"""
"=""eoc bmi""","=""0""","=""0""","=""2""","=""Low""","=""false"""
"=""eoss bmi""","=""0""","=""0""","=""2""","=""Low""","=""false"""
"=""eos bmi test""","=""0""","=""0""","=""3""","=""Low""","=""false"""
"=""was bmi""","=""0""","=""0""","=""2""","=""Low""","=""false"""
"=""ezviz bmi""","=""0""","=""0""","=""2""","=""Low""","=""false"""
"=""fda bmi calculator""","=""0""","=""0""","=""3""","=""Low""","=""false"""
"=""fdny bmi chart""","=""0""","=""0""","=""3""","=""Low""","=""false"""
"=""fda bmi requirements for zepbound""","=""0""","=""0""","=""5""","=""Low""","=""false"""
"=""fda bmi for zepbound""","=""0""","=""0""","=""4""","=""Low""","=""false"""
"=""fda bmi chart""","=""0""","=""0""","=""3""","=""Low""","=""false"""
"=""fdny bmi scale""","=""0""","=""0""","=""3""","=""Low""","=""false"""
"=""fdny bmi""","=""0""","=""0""","=""2""","=""Low""","=""false"""
"=""fda bmi for glp 1""","=""0""","=""0""","=""5""","=""Low""","=""false"""
"=""unikl bmi fb""","=""0""","=""0""","=""3""","=""Low""","=""false"""
"=""ffs bmi""","=""0""","=""0""","=""2""","=""Low""","=""false"""
"=""fha bmi""","=""0""","=""0""","=""2""","=""Low""","=""false"""
"=""fmcsa bmi requirements""","=""0""","=""0""","=""3""","=""Low""","=""false"""
"=""fmcsa bmi""","=""0""","=""0""","=""2""","=""Low""","=""false"""
"=""fnri bmi chart""","=""0""","=""0""","=""3""","=""Low""","=""false"""
"=""fnri bmi""","=""0""","=""0""","=""2""","=""Low""","=""false"""
"=""محاسبه bmi fnk""","=""0""","=""0""","=""3""","=""Low""","=""false"""
"=""fsg bmi""","=""0""","=""0""","=""2""","=""Low""","=""false"""
"=""fsrh bmi""","=""0""","=""0""","=""2""","=""Low""","=""false"""
"=""fsa bmi scale""","=""0""","=""0""","=""3""","=""Low""","=""false"""
"=""fsrh bmi cocp""","=""0""","=""0""","=""3""","=""Low""","=""false"""
"=""fsh bmi""","=""0""","=""0""","=""2""","=""Low""","=""false"""
"=""fwd収入保障 bmi""","=""0""","=""0""","=""2""","=""Low""","=""false"""
"=""fwd生命保険 bmi""","=""0""","=""0""","=""2""","=""Low""","=""false"""
"=""fwd生命 bmi""","=""0""","=""0""","=""2""","=""Low""","=""false"""
"=""fyp bmi""","=""0""","=""0""","=""2""","=""Low""","=""false"""
"=""fyziologicke bmi""","=""0""","=""0""","=""2""","=""Low""","=""false"""
"=""unikl bmi fyp""","=""0""","=""0""","=""3""","=""Low""","=""false"""
"=""fyeo bmi""","=""0""","=""0""","=""2""","=""Low""","=""false"""
"=""gbd bmi""","=""0""","=""0""","=""2""","=""Low""","=""false"""
"=""jhemcu gf16 bmi 16x16mm 2 4s blhelis 13a 4in1 esc""","=""0""","=""0""","=""10""","=""Low""","=""false"""
"=""jhemcu gf16 bmi stack f405 flight control 13a esc""","=""0""","=""0""","=""9""","=""Low""","=""false"""
"=""jhemcu gf16 bmi 16x16mm""","=""0""","=""0""","=""4""","=""Low""","=""false"""
"=""gdm bmi""","=""0""","=""0""","=""2""","=""Low""","=""false"""
"=""gdf15 bmi""","=""0""","=""0""","=""2""","=""Low""","=""false"""
"=""ghf405aio bmi""","=""0""","=""0""","=""2""","=""Low""","=""false"""
"=""yasmeen ghauri bmi""","=""0""","=""0""","=""3""","=""Low""","=""false"""
"=""gjennomsnittlig bmi kvinner norge""","=""0""","=""0""","=""4""","=""Low""","=""false"""
"=""gjennomsnittlig bmi usa""","=""0""","=""0""","=""3""","=""Low""","=""false"""
"=""gjennomsnittlig bmi menn norge""","=""0""","=""0""","=""4""","=""Low""","=""false"""
"=""si gjendet bmi""","=""0""","=""0""","=""3""","=""Low""","=""false"""
"=""si gjendet bmi e trupit""","=""0""","=""0""","=""5""","=""Low""","=""false"""
"=""gjennomsnittlig bmi menn""","=""0""","=""0""","=""3""","=""Low""","=""false"""
"=""ggd bmi berekenen""","=""0""","=""0""","=""3""","=""Low""","=""false"""
"=""gnc bmi test""","=""0""","=""0""","=""3""","=""Low""","=""false"""
"=""gnri bmi""","=""0""","=""0""","=""2""","=""Low""","=""false"""
"=""gnc bmi machine""","=""0""","=""0""","=""3""","=""Low""","=""false"""
"=""gnatzy bmi""","=""0""","=""0""","=""2""","=""Low""","=""false"""
"=""gnc bmi scale""","=""0""","=""0""","=""3""","=""Low""","=""false"""
"=""dr gnatzy bmi""","=""0""","=""0""","=""3""","=""Low""","=""false"""
"=""gmina bmi""","=""0""","=""0""","=""2""","=""Low""","=""false"""
"=""gpl1 bmi""","=""0""","=""0""","=""2""","=""Low""","=""false"""
"=""gpl1 bmi 25""","=""0""","=""0""","=""3""","=""Low""","=""false"""
"=""gtt bmi""","=""0""","=""0""","=""2""","=""Low""","=""false"""
"=""gtv bmi""","=""0""","=""0""","=""2""","=""Low""","=""false"""
"=""gsf405a bmi""","=""0""","=""0""","=""2""","=""Low""","=""false"""
"=""gsp bmi""","=""0""","=""0""","=""2""","=""Low""","=""false"""
"=""jhemcu gsf405a bmi""","=""0""","=""0""","=""3""","=""Low""","=""false"""
"=""gw bmi""","=""0""","=""0""","=""2""","=""Low""","=""false"""
"=""gwu bmi""","=""0""","=""0""","=""2""","=""Low""","=""false"""
"=""hcf bmi calculator""","=""0""","=""0""","=""3""","=""Low""","=""false"""
"=""hcg bmi""","=""0""","=""0""","=""2""","=""Low""","=""false"""
"=""adult hcc bmi""","=""0""","=""0""","=""3""","=""Low""","=""false"""
"=""hdfc life bmi""","=""0""","=""0""","=""3""","=""Low""","=""false"""
"=""hdmi bmi""","=""0""","=""0""","=""2""","=""Low""","=""false"""
"=""hfz bmi""","=""0""","=""0""","=""2""","=""Low""","=""false"""
"=""hfea bmi""","=""0""","=""0""","=""2""","=""Low""","=""false"""
"=""dapa hf bmi""","=""0""","=""0""","=""3""","=""Low""","=""false"""
"=""hh bmi""","=""0""","=""0""","=""2""","=""Low""","=""false"""
"=""högt bmi hjälp""","=""0""","=""0""","=""3""","=""Low""","=""false"""
"=""hjemmefødsel bmi""","=""0""","=""0""","=""2""","=""Low""","=""false"""
"=""apotek hjärtat bmi""","=""0""","=""0""","=""3""","=""Low""","=""false"""
"=""hgs bmi""","=""0""","=""0""","=""2""","=""Low""","=""false"""
"=""hln bmi""","=""0""","=""0""","=""2""","=""Low""","=""false"""
"=""hk bmi chart""","=""0""","=""0""","=""3""","=""Low""","=""false"""
"=""hk bmi index""","=""0""","=""0""","=""3""","=""Low""","=""false"""
"=""hpv bmi""","=""0""","=""0""","=""2""","=""Low""","=""false"""
"=""hpb bmi chart""","=""0""","=""0""","=""3""","=""Low""","=""false"""
"=""hpb bmi range""","=""0""","=""0""","=""3""","=""Low""","=""false"""
"=""hpb bmi classification""","=""0""","=""0""","=""3""","=""Low""","=""false"""
"=""hpb bmi calorie calculator""","=""0""","=""0""","=""4""","=""Low""","=""false"""
"=""hms bmi calculator""","=""0""","=""0""","=""3""","=""Low""","=""false"""
"=""hmr bmi ir""","=""0""","=""0""","=""3""","=""Low""","=""false"""
"=""hmm bmi""","=""0""","=""0""","=""2""","=""Low""","=""false"""
"=""hmr bmi""","=""0""","=""0""","=""2""","=""Low""","=""false"""
"=""cendol bmi hq""","=""0""","=""0""","=""3""","=""Low""","=""false"""
"=""https bmi ir""","=""0""","=""0""","=""3""","=""Low""","=""false"""
"=""https bmi ir landing 60""","=""0""","=""0""","=""5""","=""Low""","=""false"""
"=""http bmi ir landing 60""","=""0""","=""0""","=""5""","=""Low""","=""false"""
"=""https bmi hospital ir""","=""0""","=""0""","=""4""","=""Low""","=""false"""
"=""hx of bmi""","=""0""","=""0""","=""3""","=""Low""","=""false"""
"=""hwp bmi""","=""0""","=""0""","=""2""","=""Low""","=""false"""
"=""ieee bmi""","=""0""","=""0""","=""2""","=""Low""","=""false"""
"=""ieee bmi conference""","=""0""","=""0""","=""3""","=""Low""","=""false"""
"=""my bmi ie login""","=""0""","=""0""","=""4""","=""Low""","=""false"""
"=""ihanne bmi""","=""0""","=""0""","=""2""","=""Low""","=""false"""
"=""ihanteellinen bmi""","=""0""","=""0""","=""2""","=""Low""","=""false"""
"=""ihk bmi rechner""","=""0""","=""0""","=""3""","=""Low""","=""false"""
"=""ihr bmi""","=""0""","=""0""","=""2""","=""Low""","=""false"""
"=""ihome bmi scale""","=""0""","=""0""","=""3""","=""Low""","=""false"""
"=""ihr bmi wert""","=""0""","=""0""","=""3""","=""Low""","=""false"""
"=""lihaksikkaan ihmisen bmi""","=""0""","=""0""","=""3""","=""Low""","=""false"""
"=""jak obliczyć bmi ij""","=""0""","=""0""","=""4""","=""Low""","=""false"""
"=""kalkulator bmi ij""","=""0""","=""0""","=""3""","=""Low""","=""false"""
"=""iui bmi""","=""0""","=""0""","=""2""","=""Low""","=""false"""
"=""iui bmi limit""","=""0""","=""0""","=""3""","=""Low""","=""false"""
"=""iui bmi limit uk""","=""0""","=""0""","=""4""","=""Low""","=""false"""
"=""iui bmi requirements""","=""0""","=""0""","=""3""","=""Low""","=""false"""
"=""iui bmi 40""","=""0""","=""0""","=""3""","=""Low""","=""false"""
"=""iud bmi""","=""0""","=""0""","=""2""","=""Low""","=""false"""
"=""iui bmi over 40""","=""0""","=""0""","=""4""","=""Low""","=""false"""
"=""shreyas iyer bmi""","=""0""","=""0""","=""3""","=""Low""","=""false"""
"=""iwatch bmi""","=""0""","=""0""","=""2""","=""Low""","=""false"""
"=""izračun bmi žene""","=""0""","=""0""","=""3""","=""Low""","=""false"""
"=""izračun bmi kalkulator""","=""0""","=""0""","=""3""","=""Low""","=""false"""
"=""izracunavanje bmi za zene""","=""0""","=""0""","=""4""","=""Low""","=""false"""
"=""jfk bmi""","=""0""","=""0""","=""2""","=""Low""","=""false"""
"=""jfa bmi phv""","=""0""","=""0""","=""3""","=""Low""","=""false"""
"=""jfa bmi と phv""","=""0""","=""0""","=""4""","=""Low""","=""false"""
"=""jgz bmi""","=""0""","=""0""","=""2""","=""Low""","=""false"""
"=""jk bmi 平均""","=""0""","=""0""","=""3""","=""Low""","=""false"""
"=""xi jinping bmi""","=""0""","=""0""","=""3""","=""Low""","=""false"""
"=""jinx bmi""","=""0""","=""0""","=""2""","=""Low""","=""false"""
"=""jihyo bmi""","=""0""","=""0""","=""2""","=""Low""","=""false"""
"=""jisim bmi""","=""0""","=""0""","=""2""","=""Low""","=""false"""
"=""jinx bmi arcane""","=""0""","=""0""","=""3""","=""Low""","=""false"""
"=""jlo bmi""","=""0""","=""0""","=""2""","=""Low""","=""false"""
"=""jmdi bmi calculator""","=""0""","=""0""","=""3""","=""Low""","=""false"""
"=""neymar jr bmi""","=""0""","=""0""","=""3""","=""Low""","=""false"""
"=""vini jr bmi""","=""0""","=""0""","=""3""","=""Low""","=""false"""
"=""baam bmi jr""","=""0""","=""0""","=""3""","=""Low""","=""false"""
"=""my bmi jr""","=""0""","=""0""","=""3""","=""Low""","=""false"""
"=""ronaldo jr bmi""","=""0""","=""0""","=""3""","=""Low""","=""false"""
"=""jpa bmi penajaan""","=""0""","=""0""","=""3""","=""Low""","=""false"""
"=""jpa bmi kesihatan""","=""0""","=""0""","=""3""","=""Low""","=""false"""
"=""ict bmi jpa gov my""","=""0""","=""0""","=""5""","=""Low""","=""false"""
"=""jschlatt bmi""","=""0""","=""0""","=""2""","=""Low""","=""false"""
"=""kalkulator bmi js""","=""0""","=""0""","=""3""","=""Low""","=""false"""
"=""jhs bmi""","=""0""","=""0""","=""2""","=""Low""","=""false"""
"=""jyp bmi""","=""0""","=""0""","=""2""","=""Low""","=""false"""
"=""kds bmi""","=""0""","=""0""","=""2""","=""Low""","=""false"""
"=""kids bmi calculator""","=""0""","=""0""","=""3""","=""Low""","=""false"""
"=""kdf bmi""","=""0""","=""0""","=""2""","=""Low""","=""false"""
"=""kdoqi bmi""","=""0""","=""0""","=""2""","=""Low""","=""false"""
"=""adf bmi requirements""","=""0""","=""0""","=""3""","=""Low""","=""false"""
"=""ki bmi""","=""0""","=""0""","=""2""","=""Low""","=""false"""
"=""kkh bmi rechner""","=""0""","=""0""","=""3""","=""Low""","=""false"""
"=""kkm bmi calculator""","=""0""","=""0""","=""3""","=""Low""","=""false"""
"=""kmart bmi scale""","=""0""","=""0""","=""3""","=""Low""","=""false"""
"=""kbm bmi""","=""0""","=""0""","=""2""","=""Low""","=""false"""
"=""knieprothese bmi""","=""0""","=""0""","=""2""","=""Low""","=""false"""
"=""kt bmi""","=""0""","=""0""","=""2""","=""Low""","=""false"""
"=""kta bmi""","=""0""","=""0""","=""2""","=""Low""","=""false"""
"=""ktu bmi""","=""0""","=""0""","=""2""","=""Low""","=""false"""
"=""cendol bmi ktm nilai""","=""0""","=""0""","=""4""","=""Low""","=""false"""
"=""wartość bmi która wynosi 18 5 oznacza""","=""0""","=""0""","=""7""","=""Low""","=""false"""
"=""kspps bmi""","=""0""","=""0""","=""2""","=""Low""","=""false"""
"=""ksh bmi""","=""0""","=""0""","=""2""","=""Low""","=""false"""
"=""kwashiorkor bmi""","=""0""","=""0""","=""2""","=""Low""","=""false"""
"=""kwf bmi""","=""0""","=""0""","=""2""","=""Low""","=""false"""
"=""jakie bmi kwalifikuje do operacji bariatrycznej""","=""0""","=""0""","=""6""","=""Low""","=""false"""
"=""kwf bmi berekenen""","=""0""","=""0""","=""3""","=""Low""","=""false"""
"=""jakie bmi kwalifikuje do ozempic""","=""0""","=""0""","=""5""","=""Low""","=""false"""
"=""kwalifikacja bmi""","=""0""","=""0""","=""2""","=""Low""","=""false"""
"=""ldlコレステロール bmi""","=""0""","=""0""","=""2""","=""Low""","=""false"""
"=""lcn bmi""","=""0""","=""0""","=""2""","=""Low""","=""false"""
"=""lcs bmi machine""","=""0""","=""0""","=""3""","=""Low""","=""false"""
"=""m lk bmi""","=""0""","=""0""","=""3""","=""Low""","=""false"""
"=""ipt bmi""","=""0""","=""0""","=""2""","=""Low""","=""false"""
"=""lpk bmi""","=""0""","=""0""","=""2""","=""Low""","=""false"""
"=""lpk bmi cikarang""","=""0""","=""0""","=""3""","=""Low""","=""false"""
"=""lst bmi""","=""0""","=""0""","=""2""","=""Low""","=""false"""
"=""baam bmi lr""","=""0""","=""0""","=""3""","=""Low""","=""false"""
"=""mi và bmi""","=""0""","=""0""","=""3""","=""Low""","=""false"""
"=""lma bmi limit""","=""0""","=""0""","=""3""","=""Low""","=""false"""
"=""lma bmi cutoff""","=""0""","=""0""","=""3""","=""Low""","=""false"""
"=""lm bmi""","=""0""","=""0""","=""2""","=""Low""","=""false"""
"=""lv bmi calculator""","=""0""","=""0""","=""3""","=""Low""","=""false"""
"=""lv bmi limits""","=""0""","=""0""","=""3""","=""Low""","=""false"""
"=""lv bmi underwriting limits""","=""0""","=""0""","=""4""","=""Low""","=""false"""
"=""lv bmi table""","=""0""","=""0""","=""3""","=""Low""","=""false"""
"=""lvad bmi cutoff""","=""0""","=""0""","=""3""","=""Low""","=""false"""
"=""lv bmi ratings""","=""0""","=""0""","=""3""","=""Low""","=""false"""
"=""lv bmi guide""","=""0""","=""0""","=""3""","=""Low""","=""false"""
"=""lvad bmi""","=""0""","=""0""","=""2""","=""Low""","=""false"""
"=""lw bmi""","=""0""","=""0""","=""2""","=""Low""","=""false"""
"=""what is bmi in malaysia""","=""0""","=""0""","=""5""","=""Low""","=""false"""
"=""mb bmi bund de""","=""0""","=""0""","=""4""","=""Low""","=""false"""
"=""mbe bmi""","=""0""","=""0""","=""2""","=""Low""","=""false"""
"=""mbf bmi""","=""0""","=""0""","=""2""","=""Low""","=""false"""
"=""mbanking bmi""","=""0""","=""0""","=""2""","=""Low""","=""false"""
"=""sekretariat bmi mf gov pl""","=""0""","=""0""","=""5""","=""Low""","=""false"""
"=""mgr bmi error""","=""0""","=""0""","=""3""","=""Low""","=""false"""
"=""mg bmi ir""","=""0""","=""0""","=""3""","=""Low""","=""false"""
"=""mhb bmi calculator""","=""0""","=""0""","=""3""","=""Low""","=""false"""
"=""mha bmi hero""","=""0""","=""0""","=""3""","=""Low""","=""false"""
"=""mha bmi hero meaning""","=""0""","=""0""","=""4""","=""Low""","=""false"""
"=""mjerenje bmi kalkulator""","=""0""","=""0""","=""3""","=""Low""","=""false"""
"=""mjs bmi""","=""0""","=""0""","=""2""","=""Low""","=""false"""
"=""mmsc bmi""","=""0""","=""0""","=""2""","=""Low""","=""false"""
"=""mmsc bmi harvard""","=""0""","=""0""","=""3""","=""Low""","=""false"""
"=""mrbeast bmi""","=""0""","=""0""","=""2""","=""Low""","=""false"""
"=""mpl bmi""","=""0""","=""0""","=""2""","=""Low""","=""false"""
"=""mph bmi""","=""0""","=""0""","=""2""","=""Low""","=""false"""
"=""kalkulator bmi mp pl""","=""0""","=""0""","=""4""","=""Low""","=""false"""
"=""grundfos bmi mp1 230v""","=""0""","=""0""","=""4""","=""Low""","=""false"""
"=""msd bmi calculator""","=""0""","=""0""","=""3""","=""Low""","=""false"""
"=""mnoznik bmi""","=""0""","=""0""","=""2""","=""Low""","=""false"""
"=""unikl bmi mqa""","=""0""","=""0""","=""3""","=""Low""","=""false"""
"=""mv bmi emperor""","=""0""","=""0""","=""3""","=""Low""","=""false"""
"=""mv bmi express""","=""0""","=""0""","=""3""","=""Low""","=""false"""
"=""mv bmi eagle""","=""0""","=""0""","=""3""","=""Low""","=""false"""
"=""mvf bmi""","=""0""","=""0""","=""2""","=""Low""","=""false"""
"=""mvdp bmi""","=""0""","=""0""","=""2""","=""Low""","=""false"""
"=""mvf bmi boss""","=""0""","=""0""","=""3""","=""Low""","=""false"""
"=""mvp bmi""","=""0""","=""0""","=""2""","=""Low""","=""false"""
"=""kalkulator bmi mz""","=""0""","=""0""","=""3""","=""Low""","=""false"""
"=""mx bmi health scale""","=""0""","=""0""","=""4""","=""Low""","=""false"""
"=""nci bmi calculator""","=""0""","=""0""","=""3""","=""Low""","=""false"""
"=""nclex bmi range""","=""0""","=""0""","=""3""","=""Low""","=""false"""
"=""highest bmi nba""","=""0""","=""0""","=""3""","=""Low""","=""false"""
"=""nbi bmi calculator""","=""0""","=""0""","=""3""","=""Low""","=""false"""
"=""lowest bmi nba player""","=""0""","=""0""","=""4""","=""Low""","=""false"""
"=""nba player with highest bmi""","=""0""","=""0""","=""5""","=""Low""","=""false"""
"=""nda bmi chart""","=""0""","=""0""","=""3""","=""Low""","=""false"""
"=""ndtv bmi calculator""","=""0""","=""0""","=""3""","=""Low""","=""false"""
"=""nda bmi requirements""","=""0""","=""0""","=""3""","=""Low""","=""false"""
"=""nda bmi calculator""","=""0""","=""0""","=""3""","=""Low""","=""false"""
"=""ndep bmi complex""","=""0""","=""0""","=""3""","=""Low""","=""false"""
"=""nfz bmi dieta""","=""0""","=""0""","=""3""","=""Low""","=""false"""
"=""nfs bmi""","=""0""","=""0""","=""2""","=""Low""","=""false"""
"=""nfl bmi by position""","=""0""","=""0""","=""4""","=""Low""","=""false"""
"=""oblicz bmi nfz""","=""0""","=""0""","=""3""","=""Low""","=""false"""
"=""nl bmi range""","=""0""","=""0""","=""3""","=""Low""","=""false"""
"=""voedingscentrum nl bmi""","=""0""","=""0""","=""3""","=""Low""","=""false"""
"=""nms bmi""","=""0""","=""0""","=""2""","=""Low""","=""false"""
"=""nmi bmi""","=""0""","=""0""","=""2""","=""Low""","=""false"""
"=""nmc bmi calculator""","=""0""","=""0""","=""3""","=""Low""","=""false"""
"=""nmixx bmi""","=""0""","=""0""","=""2""","=""Low""","=""false"""
"=""nmdp bmi requirements""","=""0""","=""0""","=""3""","=""Low""","=""false"""
"=""npwp bmi""","=""0""","=""0""","=""2""","=""Low""","=""false"""
"=""nrma bmi""","=""0""","=""0""","=""2""","=""Low""","=""false"""
"=""ntu bmi""","=""0""","=""0""","=""2""","=""Low""","=""false"""
"=""ntu bmi fitch""","=""0""","=""0""","=""3""","=""Low""","=""false"""
"=""normale bmi""","=""0""","=""0""","=""2""","=""Low""","=""false"""
"=""nwu bmi staff""","=""0""","=""0""","=""3""","=""Low""","=""false"""
"=""nwu bmi honours""","=""0""","=""0""","=""3""","=""Low""","=""false"""
"=""nwu bmi department""","=""0""","=""0""","=""3""","=""Low""","=""false"""
"=""nwu bmi masters""","=""0""","=""0""","=""3""","=""Low""","=""false"""
"=""nwu bmi personnel""","=""0""","=""0""","=""3""","=""Low""","=""false"""
"=""msc bmi nwu""","=""0""","=""0""","=""3""","=""Low""","=""false"""
"=""centre for bmi nwu""","=""0""","=""0""","=""4""","=""Low""","=""false"""
"=""nz bmi scale""","=""0""","=""0""","=""3""","=""Low""","=""false"""
"=""ocean bmi""","=""0""","=""0""","=""2""","=""Low""","=""false"""
"=""oeuk bmi""","=""0""","=""0""","=""2""","=""Low""","=""false"""
"=""ohtani bmi""","=""0""","=""0""","=""2""","=""Low""","=""false"""
"=""ohip bmi code""","=""0""","=""0""","=""3""","=""Low""","=""false"""
"=""ohsu bmi""","=""0""","=""0""","=""2""","=""Low""","=""false"""
"=""ohs bmi criteria""","=""0""","=""0""","=""3""","=""Low""","=""false"""
"=""ohsu bmi 510""","=""0""","=""0""","=""3""","=""Low""","=""false"""
"=""is 21 bmi okay""","=""0""","=""0""","=""4""","=""Low""","=""false"""
"=""ok bmi range""","=""0""","=""0""","=""3""","=""Low""","=""false"""
"=""okreslenie bmi""","=""0""","=""0""","=""2""","=""Low""","=""false"""
"=""określ bmi""","=""0""","=""0""","=""2""","=""Low""","=""false"""
"=""otyłości bmi""","=""0""","=""0""","=""2""","=""Low""","=""false"""
"=""ooglaseren bmi""","=""0""","=""0""","=""2""","=""Low""","=""false"""
"=""oo bmi""","=""0""","=""0""","=""2""","=""Low""","=""false"""
"=""laagste bmi ooit""","=""0""","=""0""","=""3""","=""Low""","=""false"""
"=""kalkulator bmi otyłości""","=""0""","=""0""","=""3""","=""Low""","=""false"""
"=""osteoporose bmi""","=""0""","=""0""","=""2""","=""Low""","=""false"""
"=""owa bmi login""","=""0""","=""0""","=""3""","=""Low""","=""false"""
"=""own bmi calculator""","=""0""","=""0""","=""3""","=""Low""","=""false"""
"=""cendol bmi owner""","=""0""","=""0""","=""3""","=""Low""","=""false"""
"=""oxford bmi formula""","=""0""","=""0""","=""3""","=""Low""","=""false"""
"=""oxford bmi correction""","=""0""","=""0""","=""3""","=""Low""","=""false"""
"=""oxiline bmi scale""","=""0""","=""0""","=""3""","=""Low""","=""false"""
"=""new bmi oxford""","=""0""","=""0""","=""3""","=""Low""","=""false"""
"=""new oxford bmi calculator""","=""0""","=""0""","=""4""","=""Low""","=""false"""
"=""pcos bmi""","=""0""","=""0""","=""2""","=""Low""","=""false"""
"=""pcos bmi calculator""","=""0""","=""0""","=""3""","=""Low""","=""false"""
"=""pbrc bmi""","=""0""","=""0""","=""2""","=""Low""","=""false"""
"=""högt bmi pga muskler""","=""0""","=""0""","=""4""","=""Low""","=""false"""
"=""policia bmi pj pt""","=""0""","=""0""","=""4""","=""Low""","=""false"""
"=""pkv bmi grenze""","=""0""","=""0""","=""3""","=""Low""","=""false"""
"=""pkg bmi""","=""0""","=""0""","=""2""","=""Low""","=""false"""
"=""garda bmi pkb""","=""0""","=""0""","=""3""","=""Low""","=""false"""
"=""allianz pkv bmi""","=""0""","=""0""","=""3""","=""Low""","=""false"""
"=""pw bmi sp z oo""","=""0""","=""0""","=""5""","=""Low""","=""false"""
"=""pwc bmi""","=""0""","=""0""","=""2""","=""Low""","=""false"""
"=""pv premium bmi""","=""0""","=""0""","=""3""","=""Low""","=""false"""
"=""dranetz bmi px5""","=""0""","=""0""","=""3""","=""Low""","=""false"""
"=""qb bmi""","=""0""","=""0""","=""2""","=""Low""","=""false"""
"=""nfl qb bmi""","=""0""","=""0""","=""3""","=""Low""","=""false"""
"=""gaji qc bmi lamongan""","=""0""","=""0""","=""4""","=""Low""","=""false"""
"=""qas bmi requirement""","=""0""","=""0""","=""3""","=""Low""","=""false"""
"=""qld bmi calculator""","=""0""","=""0""","=""3""","=""Low""","=""false"""
"=""qof bmi""","=""0""","=""0""","=""2""","=""Low""","=""false"""
"=""qps bmi""","=""0""","=""0""","=""2""","=""Low""","=""false"""
"=""qr bmi""","=""0""","=""0""","=""2""","=""Low""","=""false"""
"=""qrisk bmi""","=""0""","=""0""","=""2""","=""Low""","=""false"""
"=""qris bmi""","=""0""","=""0""","=""2""","=""Low""","=""false"""
"=""qsymia bmi requirement""","=""0""","=""0""","=""3""","=""Low""","=""false"""
"=""qsymia bmi""","=""0""","=""0""","=""2""","=""Low""","=""false"""
"=""qvs bmi machine""","=""0""","=""0""","=""3""","=""Low""","=""false"""
"=""rbsk bmi chart""","=""0""","=""0""","=""3""","=""Low""","=""false"""
"=""nfl rb bmi""","=""0""","=""0""","=""3""","=""Low""","=""false"""
"=""rch bmi chart""","=""0""","=""0""","=""3""","=""Low""","=""false"""
"=""rcpch bmi chart girls""","=""0""","=""0""","=""4""","=""Low""","=""false"""
"=""rcpch bmi centile chart""","=""0""","=""0""","=""4""","=""Low""","=""false"""
"=""rfk bmi""","=""0""","=""0""","=""2""","=""Low""","=""false"""
"=""rfc bmi""","=""0""","=""0""","=""2""","=""Low""","=""false"""
"=""rhand bmi""","=""0""","=""0""","=""2""","=""Low""","=""false"""
"=""rh bmi""","=""0""","=""0""","=""2""","=""Low""","=""false"""
"=""team rh bmi calculator""","=""0""","=""0""","=""4""","=""Low""","=""false"""
"=""rki bmi rechner""","=""0""","=""0""","=""3""","=""Low""","=""false"""
"=""rki bmi kinder""","=""0""","=""0""","=""3""","=""Low""","=""false"""
"=""rki bmi perzentile""","=""0""","=""0""","=""3""","=""Low""","=""false"""
"=""rma bmi limit""","=""0""","=""0""","=""3""","=""Low""","=""false"""
"=""rmia bmi limit""","=""0""","=""0""","=""3""","=""Low""","=""false"""
"=""rmc bmi""","=""0""","=""0""","=""2""","=""Low""","=""false"""
"=""rtl bmi rechner""","=""0""","=""0""","=""3""","=""Low""","=""false"""
"=""rtk bmi rechner""","=""0""","=""0""","=""3""","=""Low""","=""false"""
"=""rsv bmi""","=""0""","=""0""","=""2""","=""Low""","=""false"""
"=""rsaf bmi""","=""0""","=""0""","=""2""","=""Low""","=""false"""
"=""rvo bmi""","=""0""","=""0""","=""2""","=""Low""","=""false"""
"=""rybelsus bmi criteria""","=""0""","=""0""","=""3""","=""Low""","=""false"""
"=""ryeqo bmi""","=""0""","=""0""","=""2""","=""Low""","=""false"""
"=""ryujin bmi""","=""0""","=""0""","=""2""","=""Low""","=""false"""
"=""rybelsus bmi requirement""","=""0""","=""0""","=""3""","=""Low""","=""false"""
"=""rybelsus bmi 27""","=""0""","=""0""","=""3""","=""Low""","=""false"""
"=""ryman bmi block party 2026""","=""0""","=""0""","=""5""","=""Low""","=""false"""
"=""ryman bmi block party 2025""","=""0""","=""0""","=""5""","=""Low""","=""false"""
"=""rybelsus bmi 25""","=""0""","=""0""","=""3""","=""Low""","=""false"""
"=""sbi bmi calculator""","=""0""","=""0""","=""3""","=""Low""","=""false"""
"=""sbu bmi phd""","=""0""","=""0""","=""3""","=""Low""","=""false"""
"=""sbp bmi""","=""0""","=""0""","=""2""","=""Low""","=""false"""
"=""kalkulator bmi sfd""","=""0""","=""0""","=""3""","=""Low""","=""false"""
"=""sglt2i bmi""","=""0""","=""0""","=""2""","=""Low""","=""false"""
"=""sjekk bmi kalkulator""","=""0""","=""0""","=""3""","=""Low""","=""false"""
"=""sjl bmi sac""","=""0""","=""0""","=""3""","=""Low""","=""false"""
"=""sjukförsäkring bmi""","=""0""","=""0""","=""2""","=""Low""","=""false"""
"=""sq bmi""","=""0""","=""0""","=""2""","=""Low""","=""false"""
"=""sql bmi calculation""","=""0""","=""0""","=""3""","=""Low""","=""false"""
"=""squirrel bmi""","=""0""","=""0""","=""2""","=""Low""","=""false"""
"=""sq bmi requirement""","=""0""","=""0""","=""3""","=""Low""","=""false"""
"=""średnie bmi""","=""0""","=""0""","=""2""","=""Low""","=""false"""
"=""rwa bmi""","=""0""","=""0""","=""2""","=""Low""","=""false"""
"=""swift code bmi""","=""0""","=""0""","=""3""","=""Low""","=""false"""
"=""sxsw bmi brunch""","=""0""","=""0""","=""3""","=""Low""","=""false"""
"=""yeti bmi sxsw""","=""0""","=""0""","=""3""","=""Low""","=""false"""
"=""tcga bmi""","=""0""","=""0""","=""2""","=""Low""","=""false"""
"=""tci bmi""","=""0""","=""0""","=""2""","=""Low""","=""false"""
"=""cara tgk bmi""","=""0""","=""0""","=""3""","=""Low""","=""false"""
"=""mounjaro tga bmi""","=""0""","=""0""","=""3""","=""Low""","=""false"""
"=""tgv bmi""","=""0""","=""0""","=""2""","=""Low""","=""false"""
"=""tfp bmi limit""","=""0""","=""0""","=""3""","=""Low""","=""false"""
"=""tfp bmi""","=""0""","=""0""","=""2""","=""Low""","=""false"""
"=""tjelesni bmi""","=""0""","=""0""","=""2""","=""Low""","=""false"""
"=""syarat bmi tldm""","=""0""","=""0""","=""3""","=""Low""","=""false"""
"=""tnf bmi""","=""0""","=""0""","=""2""","=""Low""","=""false"""
"=""tno bmi calculator""","=""0""","=""0""","=""3""","=""Low""","=""false"""
"=""kalkulator bmi tni""","=""0""","=""0""","=""3""","=""Low""","=""false"""
"=""tth bmi calculator""","=""0""","=""0""","=""3""","=""Low""","=""false"""
"=""tth bmi""","=""0""","=""0""","=""2""","=""Low""","=""false"""
"=""ttd bmi calculator""","=""0""","=""0""","=""3""","=""Low""","=""false"""
"=""tts bmi""","=""0""","=""0""","=""2""","=""Low""","=""false"""
"=""ttps bmi ir fa calculators melli""","=""0""","=""0""","=""6""","=""Low""","=""false"""
"=""high bmi ttc""","=""0""","=""0""","=""3""","=""Low""","=""false"""
"=""tzuyu bmi""","=""0""","=""0""","=""2""","=""Low""","=""false"""
"=""tzumi bmi scale""","=""0""","=""0""","=""3""","=""Low""","=""false"""
"=""tzuyang bmi""","=""0""","=""0""","=""2""","=""Low""","=""false"""
"=""shih tzu bmi calculator""","=""0""","=""0""","=""4""","=""Low""","=""false"""
"=""ub bmi bootcamp""","=""0""","=""0""","=""3""","=""Low""","=""false"""
"=""uebergewicht bmi rechner""","=""0""","=""0""","=""3""","=""Low""","=""false"""
"=""stefan uecker bmi""","=""0""","=""0""","=""3""","=""Low""","=""false"""
"=""uf bmi phd""","=""0""","=""0""","=""3""","=""Low""","=""false"""
"=""calcolo bmi ufficiale""","=""0""","=""0""","=""3""","=""Low""","=""false"""
"=""lowest bmi ufc fighter""","=""0""","=""0""","=""4""","=""Low""","=""false"""
"=""uhg bmi license""","=""0""","=""0""","=""3""","=""Low""","=""false"""
"=""uha bmi""","=""0""","=""0""","=""2""","=""Low""","=""false"""
"=""uhc bmi calculator""","=""0""","=""0""","=""3""","=""Low""","=""false"""
"=""uha bmi 軟 糖""","=""0""","=""0""","=""4""","=""Low""","=""false"""
"=""uha bmi 软 糖""","=""0""","=""0""","=""4""","=""Low""","=""false"""
"=""ujian bmi 5 9t""","=""0""","=""0""","=""4""","=""Low""","=""false"""
"=""ujian bmi""","=""0""","=""0""","=""2""","=""Low""","=""false"""
"=""ujian bmi tahap 1""","=""0""","=""0""","=""4""","=""Low""","=""false"""
"=""ujian bmi sekolah rendah""","=""0""","=""0""","=""4""","=""Low""","=""false"""
"=""ugw bmi""","=""0""","=""0""","=""2""","=""Low""","=""false"""
"=""ultrasonic bmi""","=""0""","=""0""","=""2""","=""Low""","=""false"""
"=""uab bmi gbs""","=""0""","=""0""","=""3""","=""Low""","=""false"""
"=""uae bmi calculator""","=""0""","=""0""","=""3""","=""Low""","=""false"""
"=""uab bmi lietuva""","=""0""","=""0""","=""3""","=""Low""","=""false"""
"=""uusi bmi laskukaava""","=""0""","=""0""","=""3""","=""Low""","=""false"""
"=""uusi bmi taulukko""","=""0""","=""0""","=""3""","=""Low""","=""false"""
"=""uu bmi""","=""0""","=""0""","=""2""","=""Low""","=""false"""
"=""uw bmi beheerder""","=""0""","=""0""","=""3""","=""Low""","=""false"""
"=""uwu bmi""","=""0""","=""0""","=""2""","=""Low""","=""false"""
"=""vbb bmi oai rbi""","=""0""","=""0""","=""4""","=""Low""","=""false"""
"=""bank bmi ir""","=""0""","=""0""","=""3""","=""Low""","=""false"""
"=""high bmi vbac""","=""0""","=""0""","=""3""","=""Low""","=""false"""
"=""my bmi v b v""","=""0""","=""0""","=""5""","=""Low""","=""false"""
"=""uz leuven bmi""","=""0""","=""0""","=""3""","=""Low""","=""false"""
"=""uzwvwv bmi fesselung""","=""0""","=""0""","=""3""","=""Low""","=""false"""
"=""uzwvwv bmi abschnitt 5""","=""0""","=""0""","=""4""","=""Low""","=""false"""
"=""uzwg bmi""","=""0""","=""0""","=""2""","=""Low""","=""false"""
"=""vcu bmi project""","=""0""","=""0""","=""3""","=""Low""","=""false"""
"=""redefining bmi vcu""","=""0""","=""0""","=""3""","=""Low""","=""false"""
"=""vds bmi""","=""0""","=""0""","=""2""","=""Low""","=""false"""
"=""vfa bmi""","=""0""","=""0""","=""2""","=""Low""","=""false"""
"=""vhi bmi calculator""","=""0""","=""0""","=""3""","=""Low""","=""false"""
"=""vhi bmi""","=""0""","=""0""","=""2""","=""Low""","=""false"""
"=""my bmi vhi""","=""0""","=""0""","=""3""","=""Low""","=""false"""
"=""vg bmi kalkulator""","=""0""","=""0""","=""3""","=""Low""","=""false"""
"=""vkp bmi""","=""0""","=""0""","=""2""","=""Low""","=""false"""
"=""tvöd vka bmi""","=""0""","=""0""","=""3""","=""Low""","=""false"""
"=""vlada bmi""","=""0""","=""0""","=""2""","=""Low""","=""false"""
"=""vlcd bmi""","=""0""","=""0""","=""2""","=""Low""","=""false"""
"=""bảng bmi vn""","=""0""","=""0""","=""3""","=""Low""","=""false"""
"=""vq bmi""","=""0""","=""0""","=""2""","=""Low""","=""false"""
"=""vtuber bmi""","=""0""","=""0""","=""2""","=""Low""","=""false"""
"=""vw bmi""","=""0""","=""0""","=""2""","=""Low""","=""false"""
"=""vwv bmi""","=""0""","=""0""","=""2""","=""Low""","=""false"""
"=""uzwg vwv bmi""","=""0""","=""0""","=""3""","=""Low""","=""false"""
"=""vwvfg bmi""","=""0""","=""0""","=""2""","=""Low""","=""false"""
"=""vucut bmi""","=""0""","=""0""","=""2""","=""Low""","=""false"""
"=""vzorec bmi kalkulačka""","=""0""","=""0""","=""3""","=""Low""","=""false"""
"=""wbi bmi adalah""","=""0""","=""0""","=""3""","=""Low""","=""false"""
"=""wb bmi""","=""0""","=""0""","=""2""","=""Low""","=""false"""
"=""withings body bmi wbs06""","=""0""","=""0""","=""4""","=""Low""","=""false"""
"=""wcc bmi""","=""0""","=""0""","=""2""","=""Low""","=""false"""
"=""wcc bmi percentile""","=""0""","=""0""","=""3""","=""Low""","=""false"""
"=""wcc bmi hedis""","=""0""","=""0""","=""3""","=""Low""","=""false"""
"=""wcc bmi percentile total""","=""0""","=""0""","=""4""","=""Low""","=""false"""
"=""logo bmi wfs""","=""0""","=""0""","=""3""","=""Low""","=""false"""
"=""avis sur bmi wfs""","=""0""","=""0""","=""4""","=""Low""","=""false"""
"=""kalkulator bmi wg wieku""","=""0""","=""0""","=""4""","=""Low""","=""false"""
"=""otyłość wg bmi""","=""0""","=""0""","=""3""","=""Low""","=""false"""
"=""nadwaga wg bmi""","=""0""","=""0""","=""3""","=""Low""","=""false"""
"=""waga wg bmi""","=""0""","=""0""","=""3""","=""Low""","=""false"""
"=""klasyfikacja bmi wg who""","=""0""","=""0""","=""4""","=""Low""","=""false"""
"=""interpretacja bmi wg who""","=""0""","=""0""","=""4""","=""Low""","=""false"""
"=""normy bmi wg who""","=""0""","=""0""","=""4""","=""Low""","=""false"""
"=""owca wk bmi""","=""0""","=""0""","=""3""","=""Low""","=""false"""
"=""wlasciwy bmi""","=""0""","=""0""","=""2""","=""Low""","=""false"""
"=""wt bmi""","=""0""","=""0""","=""2""","=""Low""","=""false"""
"=""wunsch bmi berechnen""","=""0""","=""0""","=""3""","=""Low""","=""false"""
"=""wann wurde bmi erfunden""","=""0""","=""0""","=""4""","=""Low""","=""false"""
"=""jacob wunderwald bmi""","=""0""","=""0""","=""3""","=""Low""","=""false"""
"=""uwe wusterhausen bmi""","=""0""","=""0""","=""3""","=""Low""","=""false"""
"=""wann wurde bmi entwickelt""","=""0""","=""0""","=""4""","=""Low""","=""false"""
"=""wuht bmi ac cn""","=""0""","=""0""","=""4""","=""Low""","=""false"""
"=""www bmi com login""","=""0""","=""0""","=""4""","=""Low""","=""false"""
"=""www bmi bund de""","=""0""","=""0""","=""4""","=""Low""","=""false"""
"=""www bmi gv at formulare""","=""0""","=""0""","=""5""","=""Low""","=""false"""
"=""www bmi berechnen""","=""0""","=""0""","=""3""","=""Low""","=""false"""
"=""www bmi scale""","=""0""","=""0""","=""3""","=""Low""","=""false"""
"=""www bmi fish""","=""0""","=""0""","=""3""","=""Low""","=""false"""
"=""www bmi r""","=""0""","=""0""","=""3""","=""Low""","=""false"""
"=""www bmi landing 60""","=""0""","=""0""","=""4""","=""Low""","=""false"""
"=""xarelto bmi""","=""0""","=""0""","=""2""","=""Low""","=""false"""
"=""xarelto bmi limit""","=""0""","=""0""","=""3""","=""Low""","=""false"""
"=""xem bmi""","=""0""","=""0""","=""2""","=""Low""","=""false"""
"=""xem bmi online""","=""0""","=""0""","=""3""","=""Low""","=""false"""
"=""xem bmi chuẩn""","=""0""","=""0""","=""3""","=""Low""","=""false"""
"=""cách xem bmi""","=""0""","=""0""","=""3""","=""Low""","=""false"""
"=""app xem bmi""","=""0""","=""0""","=""3""","=""Low""","=""false"""
"=""web xem bmi""","=""0""","=""0""","=""3""","=""Low""","=""false"""
"=""xenical bmi calculator""","=""0""","=""0""","=""3""","=""Low""","=""false"""
"=""charli xcx bmi""","=""0""","=""0""","=""3""","=""Low""","=""false"""
"=""xg bmi""","=""0""","=""0""","=""2""","=""Low""","=""false"""
"=""xiaomi bmi scale""","=""0""","=""0""","=""3""","=""Low""","=""false"""
"=""xiaomi bmi calculator""","=""0""","=""0""","=""3""","=""Low""","=""false"""
"=""timbangan bmi xiaomi""","=""0""","=""0""","=""3""","=""Low""","=""false"""
"=""waga bmi xiaomi""","=""0""","=""0""","=""3""","=""Low""","=""false"""
"=""tian xiwei bmi""","=""0""","=""0""","=""3""","=""Low""","=""false"""
"=""xiaomi smart scale bmi""","=""0""","=""0""","=""4""","=""Low""","=""false"""
"=""xmc bmi""","=""0""","=""0""","=""2""","=""Low""","=""false"""
"=""calcolo bmi xls""","=""0""","=""0""","=""3""","=""Low""","=""false"""
"=""beatxp bmi machine""","=""0""","=""0""","=""3""","=""Low""","=""false"""
"=""beatxp bmi""","=""0""","=""0""","=""2""","=""Low""","=""false"""
"=""beatxp bmi calculator""","=""0""","=""0""","=""3""","=""Low""","=""false"""
"=""beat xp bmi app""","=""0""","=""0""","=""4""","=""Low""","=""false"""
"=""xqc bmi""","=""0""","=""0""","=""2""","=""Low""","=""false"""
"=""xs bmi""","=""0""","=""0""","=""2""","=""Low""","=""false"""
"=""xulane bmi over 30""","=""0""","=""0""","=""4""","=""Low""","=""false"""
"=""xulane bmi limit""","=""0""","=""0""","=""3""","=""Low""","=""false"""
"=""xulane bmi 30""","=""0""","=""0""","=""3""","=""Low""","=""false"""
"=""xxl bmi""","=""0""","=""0""","=""2""","=""Low""","=""false"""
"=""xxs bmi""","=""0""","=""0""","=""2""","=""Low""","=""false"""
"=""yhdistelmäehkäisy bmi""","=""0""","=""0""","=""2""","=""Low""","=""false"""
"=""ymca bmi calculator""","=""0""","=""0""","=""3""","=""Low""","=""false"""
"=""liu yifei bmi""","=""0""","=""0""","=""3""","=""Low""","=""false"""
"=""kenan yildiz bmi""","=""0""","=""0""","=""3""","=""Low""","=""false"""
"=""kas yra bmi""","=""0""","=""0""","=""3""","=""Low""","=""false"""
"=""yt bmi""","=""0""","=""0""","=""2""","=""Low""","=""false"""
"=""ytpapp bmi""","=""0""","=""0""","=""2""","=""Low""","=""false"""
"=""yuna bmi""","=""0""","=""0""","=""2""","=""Low""","=""false"""
"=""yunjin bmi""","=""0""","=""0""","=""2""","=""Low""","=""false"""
"=""yuji bmi""","=""0""","=""0""","=""2""","=""Low""","=""false"""
"=""yukyung bmi""","=""0""","=""0""","=""2""","=""Low""","=""false"""
"=""yusuf bmi""","=""0""","=""0""","=""2""","=""Low""","=""false"""
"=""yujin bmi""","=""0""","=""0""","=""2""","=""Low""","=""false"""
"=""masjid bmi yudonegaran""","=""0""","=""0""","=""3""","=""Low""","=""false"""
"=""unikl bmi yuran""","=""0""","=""0""","=""3""","=""Low""","=""false"""
"=""yves bmi""","=""0""","=""0""","=""2""","=""Low""","=""false"""
"=""jak zbadac bmi""","=""0""","=""0""","=""3""","=""Low""","=""false"""
"=""jak zbadac bmi dla doroslych""","=""0""","=""0""","=""5""","=""Low""","=""false"""
"=""zdravý bmi index""","=""0""","=""0""","=""3""","=""Low""","=""false"""
"=""xiao zhan bmi""","=""0""","=""0""","=""3""","=""Low""","=""false"""
"=""jak zjistit bmi""","=""0""","=""0""","=""3""","=""Low""","=""false"""
"=""zjisteni bmi""","=""0""","=""0""","=""2""","=""Low""","=""false"""
"=""zjistit bmi kalkulačka""","=""0""","=""0""","=""3""","=""Low""","=""false"""
"=""zjistit bmi""","=""0""","=""0""","=""2""","=""Low""","=""false"""
"=""zlatan bmi""","=""0""","=""0""","=""2""","=""Low""","=""false"""
"=""co znamena bmi 25""","=""0""","=""0""","=""4""","=""Low""","=""false"""
"=""co znamená bmi 30""","=""0""","=""0""","=""4""","=""Low""","=""false"""
"=""co to znaczy bmi 30""","=""0""","=""0""","=""5""","=""Low""","=""false"""
"=""ako znizit bmi""","=""0""","=""0""","=""3""","=""Low""","=""false"""
"=""zollstock bmi""","=""0""","=""0""","=""2""","=""Low""","=""false"""
"=""zp bmi""","=""0""","=""0""","=""2""","=""Low""","=""false"""
"=""jak zrobic bmi""","=""0""","=""0""","=""3""","=""Low""","=""false"""
"=""zmierz bmi kalkulator""","=""0""","=""0""","=""3""","=""Low""","=""false"""
"=""změřit bmi kalkulačka""","=""0""","=""0""","=""3""","=""Low""","=""false"""
"=""jak změřit bmi""","=""0""","=""0""","=""3""","=""Low""","=""false"""
"=""jak zmierzyć bmi kalkulator""","=""0""","=""0""","=""4""","=""Low""","=""false"""
"=""jak zmniejszyć bmi""","=""0""","=""0""","=""3""","=""Low""","=""false"""
"=""zverev bmi""","=""0""","=""0""","=""2""","=""Low""","=""false"""
"=""zvr bmi gv at""","=""0""","=""0""","=""4""","=""Low""","=""false"""
"=""zvr bmi gv at formulare""","=""0""","=""0""","=""5""","=""Low""","=""false"""
"=""zvr bmi gv at start""","=""0""","=""0""","=""5""","=""Low""","=""false"""
"=""alexander zverev bmi""","=""0""","=""0""","=""3""","=""Low""","=""false"""
"=""zyzz bmi""","=""0""","=""0""","=""2""","=""Low""","=""false"""
"=""onderhoudsdeskundige bmi zzp""","=""0""","=""0""","=""3""","=""Low""","=""false"""
"=""adipositas bmi""","=""0""","=""0""","=""2""","=""Low""","=""false"""
"=""chỉ số bmi thế nào là đẹp""","=""0""","=""0""","=""7""","=""Low""","=""false"""
"=""làm sao tính bmi""","=""0""","=""0""","=""4""","=""Low""","=""false"""
"=""làm thế nào để tính bmi""","=""0""","=""0""","=""6""","=""Low""","=""false"""
"=""cách để tính chỉ số bmi""","=""0""","=""0""","=""6""","=""Low""","=""false"""
"=""cách để biết chỉ số bmi""","=""0""","=""0""","=""6""","=""Low""","=""false"""
"=""chỉ số bmi từ bao nhiêu đến bao nhiêu""","=""0""","=""0""","=""9""","=""Low""","=""false"""
"=""đo bmi trên iphone""","=""0""","=""0""","=""4""","=""Low""","=""false"""
"=""1 ổ bmi không bao nhiêu calo""","=""0""","=""0""","=""7""","=""Low""","=""false"""
"=""1 ổ bmi không bn calo""","=""0""","=""0""","=""6""","=""Low""","=""false"""
"=""chỉ số bmi với nữ""","=""0""","=""0""","=""5""","=""Low""","=""false"""
"=""làm bmi là gì""","=""0""","=""0""","=""4""","=""Low""","=""false"""
"=""cách làm bmi muối ớt""","=""0""","=""0""","=""5""","=""Low""","=""false"""
"=""cách làm bmi bơ sữa""","=""0""","=""0""","=""5""","=""Low""","=""false"""
"=""cách làm bmi chảo""","=""0""","=""0""","=""4""","=""Low""","=""false"""
"=""cách làm bmi nướng muối ớt""","=""0""","=""0""","=""6""","=""Low""","=""false"""
"=""chỉ số bmi dành cho trẻ em""","=""0""","=""0""","=""7""","=""Low""","=""false"""
"=""bảng chỉ số bmi dành cho mọi độ tuổi""","=""0""","=""0""","=""9""","=""Low""","=""false"""
"=""so sánh bmi""","=""0""","=""0""","=""3""","=""Low""","=""false"""
"=""bảng so sánh bmi""","=""0""","=""0""","=""4""","=""Low""","=""false"""
"=""chỉ số bmi với nam""","=""0""","=""0""","=""5""","=""Low""","=""false"""
"=""bmw x3""","=""12100""","=""0.14""","=""2""","=""Low""","=""false"""
"=""bmw xm""","=""1900""","=""0.24""","=""2""","=""Low""","=""false"""
"=""bmw x1""","=""1900""","=""0.14""","=""2""","=""Low""","=""true"""
"=""bmw ix3""","=""1300""","=""0.25""","=""2""","=""Low""","=""false"""
"=""bmw ix""","=""320""","=""0.19""","=""2""","=""Low""","=""false"""
"=""bmw xr""","=""210""","=""0""","=""2""","=""Low""","=""false"""
"=""tỉ lệ mỡ cơ thể""","=""170""","=""0""","=""5""","=""Low""","=""true"""
"=""bmw hybrid""","=""170""","=""0.18""","=""2""","=""Low""","=""false"""
"=""bwi airport""","=""110""","=""0""","=""2""","=""Low""","=""false"""
"=""pmp pmi""","=""110""","=""0.8""","=""2""","=""Medium""","=""false"""
"=""idi & wpro""","=""90""","=""0""","=""3""","=""Low""","=""false"""
"=""tỷ lệ mỡ cơ thể""","=""90""","=""0""","=""5""","=""Low""","=""false"""
"=""bmw ix1""","=""90""","=""0.61""","=""2""","=""Low""","=""true"""
"=""bmw ix5""","=""70""","=""0""","=""2""","=""Low""","=""true"""
"=""bmc bike""","=""50""","=""0""","=""2""","=""Medium""","=""false"""
"=""bamboo plant""","=""50""","=""0""","=""2""","=""High""","=""false"""
"=""bmw ix2""","=""30""","=""0""","=""2""","=""Low""","=""false"""
"=""bmw ix7""","=""30""","=""0""","=""2""","=""Low""","=""true"""
"=""gempa bumi""","=""20""","=""0""","=""2""","=""Low""","=""false"""
"=""171 cm 65 kg""","=""10""","=""0""","=""4""","=""Low""","=""false"""
"=""174 cm 64 kg""","=""10""","=""0""","=""4""","=""Low""","=""false"""
"=""174 cm 75 kg""","=""10""","=""0""","=""4""","=""Low""","=""false"""
"=""bm 1 2""","=""10""","=""0""","=""3""","=""Low""","=""false"""
"=""bmı ır""","=""10""","=""0""","=""2""","=""Low""","=""false"""
"=""chị béo phì""","=""10""","=""0""","=""3""","=""Low""","=""false"""
"=""cân nặng cân đối""","=""10""","=""0""","=""4""","=""Low""","=""false"""
"=""cân nặng cân đối của nam""","=""10""","=""0""","=""6""","=""Low""","=""false"""
"=""cân nặng cân đối của nữ""","=""10""","=""0""","=""6""","=""Low""","=""false"""
"=""imc34""","=""10""","=""0""","=""1""","=""Low""","=""false"""
"=""massbody""","=""10""","=""0""","=""1""","=""Low""","=""false"""
"=""đo lượng mỡ cơ thể online""","=""10""","=""0""","=""6""","=""Low""","=""false"""
"=""bni ahmedabad""","=""10""","=""0""","=""2""","=""Low""","=""false"""
"=""bmw ajax""","=""10""","=""0""","=""2""","=""Low""","=""false"""
"=""dplk bni""","=""10""","=""0""","=""2""","=""Low""","=""false"""
"=""bme egyetem""","=""10""","=""0""","=""2""","=""Low""","=""false"""
"=""bmo etf""","=""10""","=""0""","=""2""","=""Low""","=""false"""
"=""fh bfi""","=""10""","=""0""","=""2""","=""Low""","=""false"""
"=""bmw gta""","=""10""","=""0""","=""2""","=""Low""","=""true"""
"=""bmo harris""","=""10""","=""0""","=""2""","=""Low""","=""false"""
"=""bmw iasi""","=""10""","=""0""","=""2""","=""Low""","=""false"""
"=""mgk bio""","=""10""","=""0""","=""2""","=""Low""","=""false"""
"=""bni mlm""","=""10""","=""0""","=""2""","=""Low""","=""false"""
"=""bmı nedir""","=""10""","=""0""","=""2""","=""Low""","=""false"""
"=""bgmi pc""","=""10""","=""0""","=""2""","=""Low""","=""false"""
"=""bis pmjay""","=""10""","=""0""","=""2""","=""Low""","=""false"""
"=""rrbmu""","=""10""","=""0""","=""1""","=""Low""","=""false"""
"=""rsa bmo""","=""10""","=""0""","=""2""","=""Low""","=""false"""
"=""sfd bmd""","=""10""","=""0""","=""2""","=""Low""","=""false"""
"=""kmi skaiciuokle""","=""10""","=""0""","=""2""","=""Low""","=""false"""
"=""bmw sneakers""","=""10""","=""0""","=""2""","=""Low""","=""false"""
"=""text tmi""","=""10""","=""0""","=""2""","=""Low""","=""false"""
"=""bgmi uc""","=""10""","=""0""","=""2""","=""Low""","=""false"""
"=""bmf belt ufc""","=""10""","=""0""","=""3""","=""Medium""","=""false"""
"=""bhim upi""","=""10""","=""0""","=""2""","=""Low""","=""false"""
"=""vmi vmi""","=""10""","=""0""","=""2""","=""Low""","=""false"""
"=""bmw xi""","=""10""","=""0""","=""2""","=""Low""","=""false"""
"=""bmw xi3""","=""10""","=""0""","=""2""","=""Low""","=""false"""
"=""bmd test""","=""10""","=""0""","=""2""","=""Low""","=""false"""
"=""bmn zwolle""","=""10""","=""0""","=""2""","=""Low""","=""false"""
"=""ibm indice""","=""0""","=""0""","=""2""","=""Low""","=""false"""
"=""bga bwl""","=""0""","=""0""","=""2""","=""Low""","=""false"""
"=""dmi customer care number""","=""0""","=""0""","=""4""","=""Low""","=""false"""
"=""ehliyet b mi""","=""0""","=""0""","=""3""","=""Low""","=""false"""
"=""bmo emt""","=""0""","=""0""","=""2""","=""Low""","=""false"""
"=""bse fmcg""","=""0""","=""0""","=""2""","=""Low""","=""false"""
"=""bdi gdb""","=""0""","=""0""","=""2""","=""Low""","=""false"""
"=""ebme ltd harlow""","=""0""","=""0""","=""3""","=""Low""","=""false"""
"=""bml mtd""","=""0""","=""0""","=""2""","=""Low""","=""false"""
"=""נתן מחשבון""","=""0""","=""0""","=""2""","=""Low""","=""false"""
"=""bme np""","=""0""","=""0""","=""2""","=""Low""","=""false"""
"=""nrc bri""","=""0""","=""0""","=""2""","=""Low""","=""false"""
"=""bme nyelvvizsga""","=""0""","=""0""","=""2""","=""Low""","=""false"""
"=""bgmi owner""","=""0""","=""0""","=""2""","=""Low""","=""false"""
"=""ibm watson rd""","=""0""","=""0""","=""3""","=""Low""","=""false"""
"=""bmn sneek""","=""0""","=""0""","=""2""","=""Low""","=""false"""
"=""omi tab 150""","=""0""","=""0""","=""3""","=""Low""","=""false"""
"=""bwi tsa""","=""0""","=""0""","=""2""","=""Low""","=""false"""
"=""vki vki hesaplama""","=""0""","=""0""","=""3""","=""Low""","=""false"""
"=""wcs bms""","=""0""","=""0""","=""2""","=""Low""","=""false"""
"=""ibm yum""","=""0""","=""0""","=""2""","=""Low""","=""false"""
