Keyword,Volume,CPC,Word count,PPC Competition,Trending
"=""ab bank""","=""18100""","=""0.52""","=""2""","=""Low""","=""false"""
"=""ab bank atm""","=""6600""","=""0""","=""3""","=""Low""","=""false"""
"=""ab bank tuyển dụng""","=""1300""","=""0.24""","=""4""","=""Low""","=""true"""
"=""ab bank near me""","=""390""","=""0""","=""4""","=""Low""","=""false"""
"=""ab bank vietnam""","=""90""","=""0""","=""3""","=""Low""","=""false"""
"=""ab bank logo""","=""50""","=""0""","=""3""","=""Low""","=""true"""
"=""ab bank nha trang""","=""50""","=""0""","=""4""","=""Low""","=""false"""
"=""ab bank hotline""","=""30""","=""0""","=""3""","=""Low""","=""false"""
"=""ab bank phốt""","=""20""","=""0""","=""3""","=""Low""","=""false"""
"=""ab bank atm near me""","=""20""","=""0""","=""5""","=""Low""","=""false"""
"=""ab bank career""","=""20""","=""0""","=""3""","=""Low""","=""false"""
"=""ab bank e banking""","=""10""","=""0""","=""4""","=""Low""","=""false"""
"=""ab bank tuyen dung""","=""10""","=""0""","=""4""","=""Low""","=""false"""
"=""ab bank account""","=""10""","=""0""","=""3""","=""Low""","=""false"""
"=""ab bank address""","=""10""","=""0""","=""3""","=""Low""","=""false"""
"=""ab bank agent banking""","=""10""","=""0""","=""4""","=""Low""","=""false"""
"=""ab bank annual report""","=""10""","=""0""","=""4""","=""Low""","=""false"""
"=""ab bank annual report 2024""","=""10""","=""0""","=""5""","=""Low""","=""false"""
"=""ab bank annual report 2023""","=""10""","=""0""","=""5""","=""Low""","=""false"""
"=""ab bank annual report 2022""","=""10""","=""0""","=""5""","=""Low""","=""false"""
"=""ab bank của ai""","=""10""","=""0""","=""4""","=""Low""","=""true"""
"=""ab bank atm booth near me""","=""10""","=""0""","=""6""","=""Low""","=""false"""
"=""ab bank atm fees""","=""10""","=""0""","=""4""","=""Low""","=""true"""
"=""ab bank atm withdrawal limit""","=""10""","=""0""","=""5""","=""Low""","=""false"""
"=""ab bank atm booth""","=""10""","=""0""","=""4""","=""Low""","=""false"""
"=""ab bank bangladesh""","=""10""","=""0""","=""3""","=""Low""","=""false"""
"=""ab bank banasree""","=""10""","=""0""","=""3""","=""Low""","=""false"""
"=""ab bank bd""","=""10""","=""0""","=""3""","=""Low""","=""false"""
"=""ab bank board of directors""","=""10""","=""0""","=""5""","=""Low""","=""false"""
"=""ab bank branch near me""","=""10""","=""0""","=""5""","=""Low""","=""false"""
"=""ab bank branches""","=""10""","=""0""","=""3""","=""Low""","=""false"""
"=""ab bank call center""","=""10""","=""0""","=""4""","=""Low""","=""false"""
"=""ab bank cards""","=""10""","=""0""","=""3""","=""Low""","=""false"""
"=""ab bank ceo""","=""10""","=""0""","=""3""","=""Low""","=""false"""
"=""ab bank business loans""","=""10""","=""0""","=""4""","=""Low""","=""false"""
"=""ab bank circular 2025""","=""10""","=""0""","=""4""","=""Low""","=""false"""
"=""ab bank code""","=""10""","=""0""","=""3""","=""Low""","=""false"""
"=""ab bank contact""","=""10""","=""0""","=""3""","=""Low""","=""false"""
"=""ab bank credit card""","=""10""","=""0""","=""4""","=""Low""","=""false"""
"=""ab bank credit card charges""","=""10""","=""0""","=""5""","=""Low""","=""false"""
"=""ab bank credit rating""","=""10""","=""0""","=""4""","=""Low""","=""false"""
"=""ab bank credit card apply online""","=""10""","=""0""","=""6""","=""Low""","=""false"""
"=""ab bank debit card""","=""10""","=""0""","=""4""","=""Low""","=""false"""
"=""ab bank deposit rate""","=""10""","=""0""","=""4""","=""Low""","=""false"""
"=""ab bank direct""","=""10""","=""0""","=""3""","=""Low""","=""false"""
"=""ab bank direct internet banking""","=""10""","=""0""","=""5""","=""Low""","=""false"""
"=""ab bank fees""","=""10""","=""0""","=""3""","=""Low""","=""false"""
"=""ab bank fees vietnam""","=""10""","=""0""","=""4""","=""Low""","=""true"""
"=""ab bank withdrawal fee""","=""10""","=""0""","=""4""","=""Low""","=""false"""
"=""ab bank exchange rate""","=""10""","=""0""","=""4""","=""Low""","=""false"""
"=""ab bank exchange rate today""","=""10""","=""0""","=""5""","=""Low""","=""false"""
"=""ab bank foreign exchange rate""","=""10""","=""0""","=""5""","=""Low""","=""false"""
"=""ab bank financial statement""","=""10""","=""0""","=""4""","=""Low""","=""false"""
"=""ab bank full form""","=""10""","=""0""","=""4""","=""Low""","=""false"""
"=""ab bank full meaning""","=""10""","=""0""","=""4""","=""Low""","=""false"""
"=""ab bank full name""","=""10""","=""0""","=""4""","=""Low""","=""false"""
"=""ab bank greece""","=""10""","=""0""","=""3""","=""Low""","=""false"""
"=""ab bank gulshan branch""","=""10""","=""0""","=""4""","=""Low""","=""false"""
"=""ab bank helpline""","=""10""","=""0""","=""3""","=""Low""","=""false"""
"=""ab bank head office""","=""10""","=""0""","=""4""","=""Low""","=""false"""
"=""ab bank history""","=""10""","=""0""","=""3""","=""Low""","=""false"""
"=""ab bank hotline number 24 hours""","=""10""","=""0""","=""6""","=""Low""","=""false"""
"=""ab bank hotline number""","=""10""","=""0""","=""4""","=""Low""","=""false"""
"=""ab bank huế""","=""10""","=""0""","=""3""","=""Low""","=""true"""
"=""ab bank ibanking""","=""10""","=""0""","=""3""","=""Low""","=""false"""
"=""ab bank interest rate""","=""10""","=""0""","=""4""","=""Low""","=""false"""
"=""ab bank internet banking""","=""10""","=""0""","=""4""","=""Low""","=""false"""
"=""ab bank internet banking registration""","=""10""","=""0""","=""5""","=""Low""","=""false"""
"=""ab bank internet banking login""","=""10""","=""0""","=""5""","=""Low""","=""false"""
"=""ab bank internship""","=""10""","=""0""","=""3""","=""Low""","=""false"""
"=""ab bank in bangladesh""","=""10""","=""0""","=""4""","=""Low""","=""false"""
"=""ab bank jobs""","=""10""","=""0""","=""3""","=""Low""","=""false"""
"=""ab bank có uy tín không""","=""10""","=""0""","=""6""","=""Low""","=""false"""
"=""ab bank kitwe""","=""10""","=""0""","=""3""","=""Low""","=""false"""
"=""ab bank kishoreganj""","=""10""","=""0""","=""3""","=""Low""","=""false"""
"=""ab bank limited""","=""10""","=""0""","=""3""","=""Low""","=""false"""
"=""ab bank limited mumbai""","=""10""","=""0""","=""4""","=""Low""","=""false"""
"=""ab bank linkedin""","=""10""","=""0""","=""3""","=""Low""","=""false"""
"=""ab bank logo png""","=""10""","=""0""","=""4""","=""Low""","=""false"""
"=""ab bank logo vector""","=""10""","=""0""","=""4""","=""Low""","=""false"""
"=""ab bank london""","=""10""","=""0""","=""3""","=""Low""","=""false"""
"=""ab bank location""","=""10""","=""0""","=""3""","=""Low""","=""false"""
"=""ab bank ltd""","=""10""","=""0""","=""3""","=""Low""","=""false"""
"=""ab bank ltd bangladesh""","=""10""","=""0""","=""4""","=""Low""","=""false"""
"=""ab bank ltd mumbai""","=""10""","=""0""","=""4""","=""Low""","=""false"""
"=""ab bank ltd head office""","=""10""","=""0""","=""5""","=""Low""","=""false"""
"=""ab bank mastercard""","=""10""","=""0""","=""3""","=""Low""","=""false"""
"=""ab bank mail""","=""10""","=""0""","=""3""","=""Low""","=""false"""
"=""ab bank mobile banking""","=""10""","=""0""","=""4""","=""Low""","=""false"""
"=""ab bank mobile app""","=""10""","=""0""","=""4""","=""Low""","=""false"""
"=""ab bank mumbai""","=""10""","=""0""","=""3""","=""Low""","=""false"""
"=""ab bank meaning""","=""10""","=""0""","=""3""","=""Low""","=""false"""
"=""ab bank news""","=""10""","=""0""","=""3""","=""Low""","=""false"""
"=""ab bank nigeria""","=""10""","=""0""","=""3""","=""Low""","=""false"""
"=""ab bank of bangladesh""","=""10""","=""0""","=""4""","=""Low""","=""false"""
"=""ab bank online banking""","=""10""","=""0""","=""4""","=""Low""","=""false"""
"=""ab bank owner""","=""10""","=""0""","=""3""","=""Low""","=""false"""
"=""ab bank hải phòng""","=""10""","=""0""","=""4""","=""Low""","=""true"""
"=""ab bank plc""","=""10""","=""0""","=""3""","=""Low""","=""false"""
"=""ab bank platinum debit card""","=""10""","=""0""","=""5""","=""Low""","=""false"""
"=""ab bank plc logo""","=""10""","=""0""","=""4""","=""Low""","=""false"""
"=""ab bank opening time""","=""10""","=""0""","=""4""","=""Low""","=""false"""
"=""ab bank open today""","=""10""","=""0""","=""4""","=""Low""","=""false"""
"=""ab bank opening time today""","=""10""","=""0""","=""5""","=""Low""","=""false"""
"=""ab bank open""","=""10""","=""0""","=""3""","=""Low""","=""false"""
"=""ab bank rating""","=""10""","=""0""","=""3""","=""Low""","=""false"""
"=""ab bank rwanda""","=""10""","=""0""","=""3""","=""Low""","=""false"""
"=""ab bank savings account interest rate""","=""10""","=""0""","=""6""","=""Low""","=""false"""
"=""ab bank securities""","=""10""","=""0""","=""3""","=""Low""","=""false"""
"=""ab bank sepah""","=""10""","=""0""","=""3""","=""Low""","=""false"""
"=""ab bank student account""","=""10""","=""0""","=""4""","=""Low""","=""false"""
"=""ab bank statement""","=""10""","=""0""","=""3""","=""Low""","=""false"""
"=""ab bank swift code""","=""10""","=""0""","=""4""","=""Low""","=""false"""
"=""ab bank swift code dhaka""","=""10""","=""0""","=""5""","=""Low""","=""false"""
"=""ab bank swift code list""","=""10""","=""0""","=""5""","=""Low""","=""false"""
"=""ab bank support""","=""10""","=""0""","=""3""","=""Low""","=""false"""
"=""ab bank usd rate""","=""10""","=""0""","=""4""","=""Low""","=""false"""
"=""ab bank vacancies""","=""10""","=""0""","=""3""","=""Low""","=""false"""
"=""ab bank visa card""","=""10""","=""0""","=""4""","=""Low""","=""false"""
"=""ab bank vietnam atm fee""","=""10""","=""0""","=""5""","=""Low""","=""false"""
"=""ab bank wikipedia""","=""10""","=""0""","=""3""","=""Low""","=""false"""
"=""ab bank double scheme 3 years""","=""10""","=""0""","=""6""","=""Low""","=""false"""
"=""ab bank zambia""","=""10""","=""0""","=""3""","=""Low""","=""false"""
"=""ab bank là gì""","=""10""","=""0""","=""4""","=""Low""","=""false"""
"=""ab bank about""","=""0""","=""0""","=""3""","=""Low""","=""false"""
"=""ab bank ab direct""","=""0""","=""0""","=""4""","=""Low""","=""false"""
"=""ab bank account opening""","=""0""","=""0""","=""4""","=""Low""","=""false"""
"=""ab bank account opening online""","=""0""","=""0""","=""5""","=""Low""","=""false"""
"=""ab bank account number""","=""0""","=""0""","=""4""","=""Low""","=""false"""
"=""ab bank account number check""","=""0""","=""0""","=""5""","=""Low""","=""false"""
"=""ab bank account number digits""","=""0""","=""0""","=""5""","=""Low""","=""false"""
"=""ab bank account check""","=""0""","=""0""","=""4""","=""Low""","=""false"""
"=""ab bank account login""","=""0""","=""0""","=""4""","=""Low""","=""false"""
"=""ab bank account opening documents""","=""0""","=""0""","=""5""","=""Low""","=""false"""
"=""ab bank account charge""","=""0""","=""0""","=""4""","=""Low""","=""false"""
"=""ab bank address lusaka zambia""","=""0""","=""0""","=""5""","=""Low""","=""false"""
"=""ab bank ad branch""","=""0""","=""0""","=""4""","=""Low""","=""false"""
"=""ab bank ad ratio""","=""0""","=""0""","=""4""","=""Low""","=""false"""
"=""ab bank ad branch list""","=""0""","=""0""","=""5""","=""Low""","=""false"""
"=""ab bank admit card download""","=""0""","=""0""","=""5""","=""Low""","=""false"""
"=""ab bank add money""","=""0""","=""0""","=""4""","=""Low""","=""false"""
"=""ab bank aftabnagar branch""","=""0""","=""0""","=""4""","=""Low""","=""false"""
"=""ab bank africa""","=""0""","=""0""","=""3""","=""Low""","=""false"""
"=""ab bank south africa""","=""0""","=""0""","=""4""","=""Low""","=""false"""
"=""ab bank agent banking list""","=""0""","=""0""","=""5""","=""Low""","=""false"""
"=""ab bank agent banking routing number""","=""0""","=""0""","=""6""","=""Low""","=""false"""
"=""ab bank agrabad""","=""0""","=""0""","=""3""","=""Low""","=""false"""
"=""ab bank agm""","=""0""","=""0""","=""3""","=""Low""","=""false"""
"=""ab bank agrabad branch""","=""0""","=""0""","=""4""","=""Low""","=""false"""
"=""ab bank agm 2026""","=""0""","=""0""","=""4""","=""Low""","=""false"""
"=""ab bank agrabad branch contact number""","=""0""","=""0""","=""6""","=""Low""","=""false"""
"=""ab bank agrabad branch routing number""","=""0""","=""0""","=""6""","=""Low""","=""false"""
"=""ab bank agrabad branch swift code""","=""0""","=""0""","=""6""","=""Low""","=""false"""
"=""ab bank all branch list""","=""0""","=""0""","=""5""","=""Low""","=""false"""
"=""ab bank all branch""","=""0""","=""0""","=""4""","=""Low""","=""false"""
"=""ab bank alick nkhata""","=""0""","=""0""","=""4""","=""Low""","=""false"""
"=""ab bank all branch routing number""","=""0""","=""0""","=""6""","=""Low""","=""false"""
"=""ab bank all card""","=""0""","=""0""","=""4""","=""Low""","=""false"""
"=""ab bank all branch in dhaka""","=""0""","=""0""","=""6""","=""Low""","=""false"""
"=""ab bank albania""","=""0""","=""0""","=""3""","=""Low""","=""false"""
"=""ab bank amd""","=""0""","=""0""","=""3""","=""Low""","=""false"""
"=""ab bank of america""","=""0""","=""0""","=""4""","=""Low""","=""false"""
"=""ab bank limited lohagara branch amirabad""","=""0""","=""0""","=""6""","=""Low""","=""false"""
"=""ab bank annual report 2025""","=""0""","=""0""","=""5""","=""Low""","=""false"""
"=""ab bank anderkilla branch""","=""0""","=""0""","=""4""","=""Low""","=""false"""
"=""ab bank annual report 2021""","=""0""","=""0""","=""5""","=""Low""","=""false"""
"=""ab bank annual report 2020""","=""0""","=""0""","=""5""","=""Low""","=""false"""
"=""ab bank annual report 2018""","=""0""","=""0""","=""5""","=""Low""","=""false"""
"=""ab bank annual report 2019""","=""0""","=""0""","=""5""","=""Low""","=""false"""
"=""ab bank ak khan branch""","=""0""","=""0""","=""5""","=""Low""","=""false"""
"=""ab bank shonir akhra branch""","=""0""","=""0""","=""5""","=""Low""","=""false"""
"=""ab bank apps download""","=""0""","=""0""","=""4""","=""Low""","=""false"""
"=""ab bank ai loan""","=""0""","=""0""","=""4""","=""Low""","=""false"""
"=""ab bank airport lounge""","=""0""","=""0""","=""4""","=""Low""","=""false"""
"=""ab bank credit card airport lounge access""","=""0""","=""0""","=""7""","=""Low""","=""false"""
"=""ab bank ar full meaning""","=""0""","=""0""","=""5""","=""Low""","=""false"""
"=""ab bank araihazar branch""","=""0""","=""0""","=""4""","=""Low""","=""false"""
"=""ab bank ar swift code""","=""0""","=""0""","=""5""","=""Low""","=""false"""
"=""ab bank ar malik""","=""0""","=""0""","=""4""","=""Low""","=""false"""
"=""ab bank arcades""","=""0""","=""0""","=""3""","=""Low""","=""false"""
"=""ab bank saudi arabia""","=""0""","=""0""","=""4""","=""Low""","=""false"""
"=""ab bank atm booth chittagong""","=""0""","=""0""","=""5""","=""Low""","=""false"""
"=""ab bank atm card""","=""0""","=""0""","=""4""","=""Low""","=""false"""
"=""ab bank atm booth sylhet""","=""0""","=""0""","=""5""","=""Low""","=""false"""
"=""ab bank atm booth list""","=""0""","=""0""","=""5""","=""Low""","=""false"""
"=""ab bank ashuganj branch""","=""0""","=""0""","=""4""","=""Low""","=""false"""
"=""ab bank associate business officer""","=""0""","=""0""","=""5""","=""Low""","=""false"""
"=""ab bank as trainee officer""","=""0""","=""0""","=""5""","=""Low""","=""false"""
"=""ab bank ashulia branch""","=""0""","=""0""","=""4""","=""Low""","=""false"""
"=""ab bank auto loan""","=""0""","=""0""","=""4""","=""Low""","=""false"""
"=""ab bank authorization form""","=""0""","=""0""","=""4""","=""Low""","=""false"""
"=""ab bank audit report""","=""0""","=""0""","=""4""","=""Low""","=""false"""
"=""ab bank authorization form pdf""","=""0""","=""0""","=""5""","=""Low""","=""false"""
"=""ab bank australia""","=""0""","=""0""","=""3""","=""Low""","=""false"""
"=""ab bank audit""","=""0""","=""0""","=""3""","=""Low""","=""false"""
"=""ab bank auction""","=""0""","=""0""","=""3""","=""Low""","=""false"""
"=""ab bank azampur branch""","=""0""","=""0""","=""4""","=""Low""","=""false"""
"=""ab bank azimpur branch""","=""0""","=""0""","=""4""","=""Low""","=""false"""
"=""ab bank az""","=""0""","=""0""","=""3""","=""Low""","=""false"""
"=""ab bank banani branch""","=""0""","=""0""","=""4""","=""Low""","=""false"""
"=""ab bank bashundhara branch""","=""0""","=""0""","=""4""","=""Low""","=""false"""
"=""ab bank banani""","=""0""","=""0""","=""3""","=""Low""","=""false"""
"=""ab bank banani branch routing number""","=""0""","=""0""","=""6""","=""Low""","=""false"""
"=""ab bank balance check""","=""0""","=""0""","=""4""","=""Low""","=""false"""
"=""ab bank badda branch""","=""0""","=""0""","=""4""","=""Low""","=""false"""
"=""ab bank barisal""","=""0""","=""0""","=""3""","=""Low""","=""false"""
"=""ab bank bahaddarhat branch""","=""0""","=""0""","=""4""","=""Low""","=""false"""
"=""ab bank bcic bhaban""","=""0""","=""0""","=""4""","=""Low""","=""false"""
"=""ab bank avp salary""","=""0""","=""0""","=""4""","=""Low""","=""false"""
"=""ab bank cda avenue branch routing number""","=""0""","=""0""","=""7""","=""Low""","=""false"""
"=""ab bank cda avenue branch""","=""0""","=""0""","=""5""","=""Low""","=""false"""
"=""ab bank gulshan avenue branch""","=""0""","=""0""","=""5""","=""Low""","=""false"""
"=""ab bank vartman avastha""","=""0""","=""0""","=""4""","=""Low""","=""false"""
"=""ab bank limited cda avenue branch east nasirabad""","=""0""","=""0""","=""8""","=""Low""","=""false"""
"=""ab bank limited cda avenue branch chattogram""","=""0""","=""0""","=""7""","=""Low""","=""false"""
"=""ab bank beanibazar""","=""0""","=""0""","=""3""","=""Low""","=""false"""
"=""ab bank beftn transfer time""","=""0""","=""0""","=""5""","=""Low""","=""false"""
"=""ab bank begum rokeya sarani branch""","=""0""","=""0""","=""6""","=""Low""","=""false"""
"=""ab bank benapole branch""","=""0""","=""0""","=""4""","=""Low""","=""false"""
"=""ab bank double benefit scheme""","=""0""","=""0""","=""5""","=""Low""","=""false"""
"=""ab bank double benefit scheme 2026""","=""0""","=""0""","=""6""","=""Low""","=""false"""
"=""ab bank birampur branch""","=""0""","=""0""","=""4""","=""Low""","=""false"""
"=""ab bank biswanath branch""","=""0""","=""0""","=""4""","=""Low""","=""false"""
"=""ab bank bike loan""","=""0""","=""0""","=""4""","=""Low""","=""false"""
"=""ab bank bic code""","=""0""","=""0""","=""4""","=""Low""","=""false"""
"=""ab bank bin number""","=""0""","=""0""","=""4""","=""Low""","=""false"""
"=""ab bank bijoynagar branch""","=""0""","=""0""","=""4""","=""Low""","=""false"""
"=""ab bank bishwanath branch""","=""0""","=""0""","=""4""","=""Low""","=""false"""
"=""ab bank birampur""","=""0""","=""0""","=""3""","=""Low""","=""false"""
"=""ab bank birthday""","=""0""","=""0""","=""3""","=""Low""","=""false"""
"=""ab bank bic""","=""0""","=""0""","=""3""","=""Low""","=""false"""
"=""ab bank bd jobs""","=""0""","=""0""","=""4""","=""Low""","=""false"""
"=""ab bank bd double benefit scheme""","=""0""","=""0""","=""6""","=""Low""","=""false"""
"=""ab bank customer care number bd""","=""0""","=""0""","=""6""","=""Low""","=""false"""
"=""ab bank news bd""","=""0""","=""0""","=""4""","=""Low""","=""false"""
"=""ab bank career bdjobs""","=""0""","=""0""","=""4""","=""Low""","=""false"""
"=""ab bank helpline number bd""","=""0""","=""0""","=""5""","=""Low""","=""false"""
"=""ab bank dollar rate today bd""","=""0""","=""0""","=""6""","=""Low""","=""false"""
"=""ab bank call center number bd""","=""0""","=""0""","=""6""","=""Low""","=""false"""
"=""ab bank customer care number bd 24 hours""","=""0""","=""0""","=""8""","=""Low""","=""false"""
"=""ab bank bhola branch""","=""0""","=""0""","=""4""","=""Low""","=""false"""
"=""ab bank bhulta branch""","=""0""","=""0""","=""4""","=""Low""","=""false"""
"=""ab bank bhairab bazar branch""","=""0""","=""0""","=""5""","=""Low""","=""false"""
"=""ab bank bhairab bazar branch routing number""","=""0""","=""0""","=""7""","=""Low""","=""false"""
"=""ab bank bhairab branch routing number""","=""0""","=""0""","=""6""","=""Low""","=""false"""
"=""ab bank bhaluka branch""","=""0""","=""0""","=""4""","=""Low""","=""false"""
"=""ab bank bhairab branch""","=""0""","=""0""","=""4""","=""Low""","=""false"""
"=""ab bank bhanga branch""","=""0""","=""0""","=""4""","=""Low""","=""false"""
"=""ab bank bhola""","=""0""","=""0""","=""3""","=""Low""","=""false"""
"=""ab bank bhairab bazar branch contact number""","=""0""","=""0""","=""7""","=""Low""","=""false"""
"=""ab bank bkash""","=""0""","=""0""","=""3""","=""Low""","=""false"""
"=""ab bank to bkash money transfer""","=""0""","=""0""","=""6""","=""Low""","=""false"""
"=""ab bank to bkash limit""","=""0""","=""0""","=""5""","=""Low""","=""false"""
"=""ab bank credit card to bkash charge""","=""0""","=""0""","=""7""","=""Low""","=""false"""
"=""ab bank credit card to bkash""","=""0""","=""0""","=""6""","=""Low""","=""false"""
"=""ab bank limited block b bashundhara residential area photos""","=""0""","=""0""","=""9""","=""Low""","=""false"""
"=""ab bank limited block m basundhara residential area""","=""0""","=""0""","=""8""","=""Low""","=""false"""
"=""ab bank bnp""","=""0""","=""0""","=""3""","=""Low""","=""false"""
"=""ab bank booth near me""","=""0""","=""0""","=""5""","=""Low""","=""false"""
"=""ab bank bogura""","=""0""","=""0""","=""3""","=""Low""","=""false"""
"=""ab bank board bazar""","=""0""","=""0""","=""4""","=""Low""","=""false"""
"=""ab bank booth""","=""0""","=""0""","=""3""","=""Low""","=""false"""
"=""ab bank board bazar routing number""","=""0""","=""0""","=""6""","=""Low""","=""false"""
"=""ab bank bogura branch""","=""0""","=""0""","=""4""","=""Low""","=""false"""
"=""ab bank board bazar branch routing number""","=""0""","=""0""","=""7""","=""Low""","=""false"""
"=""ab bank board bazar branch""","=""0""","=""0""","=""5""","=""Low""","=""false"""
"=""ab bank board bazar contact number""","=""0""","=""0""","=""6""","=""Low""","=""false"""
"=""ab bank branch list""","=""0""","=""0""","=""4""","=""Low""","=""false"""
"=""ab bank branch list in dhaka""","=""0""","=""0""","=""6""","=""Low""","=""false"""
"=""ab bank branches in lusaka""","=""0""","=""0""","=""5""","=""Low""","=""false"""
"=""ab bank branch dhaka""","=""0""","=""0""","=""4""","=""Low""","=""false"""
"=""ab bank branch list in chittagong""","=""0""","=""0""","=""6""","=""Low""","=""false"""
"=""ab bank branch chittagong""","=""0""","=""0""","=""4""","=""Low""","=""false"""
"=""ab bank branches in zambia""","=""0""","=""0""","=""5""","=""Low""","=""false"""
"=""ab bank brahmanbaria""","=""0""","=""0""","=""3""","=""Low""","=""false"""
"=""ab bank near by me""","=""0""","=""0""","=""5""","=""Low""","=""false"""
"=""ab bank cc""","=""0""","=""0""","=""3""","=""Low""","=""false"""
"=""ab bank cc loan""","=""0""","=""0""","=""4""","=""Low""","=""false"""
"=""ab bank cdm near me""","=""0""","=""0""","=""5""","=""Low""","=""false"""
"=""ab bank cdm""","=""0""","=""0""","=""3""","=""Low""","=""false"""
"=""ab bank cda branch""","=""0""","=""0""","=""4""","=""Low""","=""false"""
"=""ab bank career for freshers""","=""0""","=""0""","=""5""","=""Low""","=""false"""
"=""ab bank career login""","=""0""","=""0""","=""4""","=""Low""","=""false"""
"=""ab bank call center number""","=""0""","=""0""","=""5""","=""Low""","=""false"""
"=""ab bank career trainee officer""","=""0""","=""0""","=""5""","=""Low""","=""false"""
"=""ab bank cairo road""","=""0""","=""0""","=""4""","=""Low""","=""false"""
"=""ab bank career portal""","=""0""","=""0""","=""4""","=""Low""","=""false"""
"=""ab bank card offer""","=""0""","=""0""","=""4""","=""Low""","=""false"""
"=""ab bank circular""","=""0""","=""0""","=""3""","=""Low""","=""false"""
"=""ab bank cepz branch""","=""0""","=""0""","=""4""","=""Low""","=""false"""
"=""ab bank ceo syed mizanur rahman""","=""0""","=""0""","=""6""","=""Low""","=""false"""
"=""ab bank complaint cell""","=""0""","=""0""","=""4""","=""Low""","=""false"""
"=""ab bank call center number 24 hours""","=""0""","=""0""","=""7""","=""Low""","=""false"""
"=""ab bank solvency certificate""","=""0""","=""0""","=""4""","=""Low""","=""false"""
"=""ab bank cfo""","=""0""","=""0""","=""3""","=""Low""","=""false"""
"=""ab bank business""","=""0""","=""0""","=""3""","=""Low""","=""false"""
"=""ab bank business officer""","=""0""","=""0""","=""4""","=""Low""","=""false"""
"=""ab bank business account requirements""","=""0""","=""0""","=""5""","=""Low""","=""false"""
"=""ab bank zambia business loans""","=""0""","=""0""","=""5""","=""Low""","=""false"""
"=""ab bank credit card buffet offer""","=""0""","=""0""","=""6""","=""Low""","=""false"""
"=""ab bank circular 2026""","=""0""","=""0""","=""4""","=""Low""","=""false"""
"=""ab bank circular 2026 apply online""","=""0""","=""0""","=""6""","=""Low""","=""false"""
"=""ab bank circular 2026 last date""","=""0""","=""0""","=""6""","=""Low""","=""false"""
"=""ab bank circular 2026 apply online last date""","=""0""","=""0""","=""8""","=""Low""","=""false"""
"=""ab bank city college branch""","=""0""","=""0""","=""5""","=""Low""","=""false"""
"=""ab bank circular mto""","=""0""","=""0""","=""4""","=""Low""","=""false"""
"=""ab bank circular 2024""","=""0""","=""0""","=""4""","=""Low""","=""false"""
"=""ab bank closing time""","=""0""","=""0""","=""4""","=""Low""","=""false"""
"=""ab bank closing time today""","=""0""","=""0""","=""5""","=""Low""","=""false"""
"=""ab bank tt clean rate today""","=""0""","=""0""","=""6""","=""Low""","=""false"""
"=""ab bank account closing fee""","=""0""","=""0""","=""5""","=""Low""","=""false"""
"=""ab bank tt clean rate""","=""0""","=""0""","=""5""","=""Low""","=""false"""
"=""ab bank account closing""","=""0""","=""0""","=""4""","=""Low""","=""false"""
"=""ab bank account closing form""","=""0""","=""0""","=""5""","=""Low""","=""false"""
"=""ab bank zambia closing time""","=""0""","=""0""","=""5""","=""Low""","=""false"""
"=""ab bank credit card closing form""","=""0""","=""0""","=""6""","=""Low""","=""false"""
"=""ab bank credit card close""","=""0""","=""0""","=""5""","=""Low""","=""false"""
"=""ab bank contact number""","=""0""","=""0""","=""4""","=""Low""","=""false"""
"=""ab bank contact details""","=""0""","=""0""","=""4""","=""Low""","=""false"""
"=""ab bank comilla branch""","=""0""","=""0""","=""4""","=""Low""","=""false"""
"=""ab bank comilla""","=""0""","=""0""","=""3""","=""Low""","=""false"""
"=""ab bank condition""","=""0""","=""0""","=""3""","=""Low""","=""false"""
"=""ab bank credit card offer""","=""0""","=""0""","=""5""","=""Low""","=""false"""
"=""ab bank credit card facilities""","=""0""","=""0""","=""5""","=""Low""","=""false"""
"=""ab bank credit card helpline""","=""0""","=""0""","=""5""","=""Low""","=""false"""
"=""ab bank credit card bill payment""","=""0""","=""0""","=""6""","=""Low""","=""false"""
"=""ab bank credit rating 2026""","=""0""","=""0""","=""5""","=""Low""","=""false"""
"=""ab bank credit card interest rate""","=""0""","=""0""","=""6""","=""Low""","=""false"""
"=""ab bank cse""","=""0""","=""0""","=""3""","=""Low""","=""false"""
"=""ab bank ctg branch list""","=""0""","=""0""","=""5""","=""Low""","=""false"""
"=""ab bank ctg branch""","=""0""","=""0""","=""4""","=""Low""","=""false"""
"=""ab bank ctg""","=""0""","=""0""","=""3""","=""Low""","=""false"""
"=""ab bank cto""","=""0""","=""0""","=""3""","=""Low""","=""false"""
"=""ab bank customer care""","=""0""","=""0""","=""4""","=""Low""","=""false"""
"=""ab bank customer care number""","=""0""","=""0""","=""5""","=""Low""","=""false"""
"=""ab bank current situation""","=""0""","=""0""","=""4""","=""Low""","=""false"""
"=""ab bank cumilla branch""","=""0""","=""0""","=""4""","=""Low""","=""false"""
"=""ab bank customer service""","=""0""","=""0""","=""4""","=""Low""","=""false"""
"=""ab bank customer service number""","=""0""","=""0""","=""5""","=""Low""","=""false"""
"=""ab bank customer""","=""0""","=""0""","=""3""","=""Low""","=""false"""
"=""ab bank customer care toll free number""","=""0""","=""0""","=""7""","=""Low""","=""false"""
"=""ab bank current account""","=""0""","=""0""","=""4""","=""Low""","=""false"""
"=""ab bank cumilla""","=""0""","=""0""","=""3""","=""Low""","=""false"""
"=""ab bank cvv number""","=""0""","=""0""","=""4""","=""Low""","=""false"""
"=""ab bank dargah gate sylhet""","=""0""","=""0""","=""5""","=""Low""","=""false"""
"=""ab bank daulatpur branch""","=""0""","=""0""","=""4""","=""Low""","=""false"""
"=""ab bank daily transfer limit""","=""0""","=""0""","=""5""","=""Low""","=""false"""
"=""ab bank da nang""","=""0""","=""0""","=""4""","=""Low""","=""false"""
"=""ab bank data analyst""","=""0""","=""0""","=""4""","=""Low""","=""false"""
"=""ab bank darussalam branch""","=""0""","=""0""","=""4""","=""Low""","=""false"""
"=""ab bank dargah gate branch""","=""0""","=""0""","=""5""","=""Low""","=""false"""
"=""ab bank daily withdrawal limit""","=""0""","=""0""","=""5""","=""Low""","=""false"""
"=""ab bank dargah gate""","=""0""","=""0""","=""4""","=""Low""","=""false"""
"=""ab bank daudkandi branch""","=""0""","=""0""","=""4""","=""Low""","=""false"""
"=""ab bank deposit scheme 2026""","=""0""","=""0""","=""5""","=""Low""","=""false"""
"=""ab bank details""","=""0""","=""0""","=""3""","=""Low""","=""false"""
"=""ab bank debit card charge""","=""0""","=""0""","=""5""","=""Low""","=""false"""
"=""ab bank deposit scheme""","=""0""","=""0""","=""4""","=""Low""","=""false"""
"=""ab bank deposit rate 2026""","=""0""","=""0""","=""5""","=""Low""","=""false"""
"=""ab bank dewanhat branch""","=""0""","=""0""","=""4""","=""Low""","=""false"""
"=""ab bank designation list""","=""0""","=""0""","=""4""","=""Low""","=""false"""
"=""ab bank deposit slip""","=""0""","=""0""","=""4""","=""Low""","=""false"""
"=""ab bank dhanmondi branch""","=""0""","=""0""","=""4""","=""Low""","=""false"""
"=""ab bank dhaka branch list""","=""0""","=""0""","=""5""","=""Low""","=""false"""
"=""ab bank dhaka""","=""0""","=""0""","=""3""","=""Low""","=""false"""
"=""ab bank dhanmondi""","=""0""","=""0""","=""3""","=""Low""","=""false"""
"=""ab bank dhanmondi branch routing number""","=""0""","=""0""","=""6""","=""Low""","=""false"""
"=""ab bank dhaka branch""","=""0""","=""0""","=""4""","=""Low""","=""false"""
"=""ab bank dhanmondi branch contact number""","=""0""","=""0""","=""6""","=""Low""","=""false"""
"=""ab bank dhanmondi 27""","=""0""","=""0""","=""4""","=""Low""","=""false"""
"=""ab bank dhanmondi branch swift code""","=""0""","=""0""","=""6""","=""Low""","=""false"""
"=""ab bank dhanmondi branch location""","=""0""","=""0""","=""5""","=""Low""","=""false"""
"=""ab bank dinajpur""","=""0""","=""0""","=""3""","=""Low""","=""false"""
"=""ab bank direct login""","=""0""","=""0""","=""4""","=""Low""","=""false"""
"=""ab bank director""","=""0""","=""0""","=""3""","=""Low""","=""false"""
"=""ab bank dinajpur branch""","=""0""","=""0""","=""4""","=""Low""","=""false"""
"=""ab bank dilkusha branch""","=""0""","=""0""","=""4""","=""Low""","=""false"""
"=""ab bank director list""","=""0""","=""0""","=""4""","=""Low""","=""false"""
"=""ab bank discount partner""","=""0""","=""0""","=""4""","=""Low""","=""false"""
"=""ab bank dividend 2026""","=""0""","=""0""","=""4""","=""Low""","=""false"""
"=""ab bank dds""","=""0""","=""0""","=""3""","=""Low""","=""false"""
"=""ab bank dmd""","=""0""","=""0""","=""3""","=""Low""","=""false"""
"=""ab bank dmd name""","=""0""","=""0""","=""4""","=""Low""","=""false"""
"=""ab bank dmd list""","=""0""","=""0""","=""4""","=""Low""","=""false"""
"=""ab bank dps rate 2026""","=""0""","=""0""","=""5""","=""Low""","=""false"""
"=""ab bank dps""","=""0""","=""0""","=""3""","=""Low""","=""false"""
"=""ab bank dps rate""","=""0""","=""0""","=""4""","=""Low""","=""false"""
"=""ab bank dps rate 2026 pdf download""","=""0""","=""0""","=""7""","=""Low""","=""false"""
"=""ab bank dps chart""","=""0""","=""0""","=""4""","=""Low""","=""false"""
"=""ab bank dps chart 2026""","=""0""","=""0""","=""5""","=""Low""","=""false"""
"=""ab bank dps scheme""","=""0""","=""0""","=""4""","=""Low""","=""false"""
"=""ab bank dps list""","=""0""","=""0""","=""4""","=""Low""","=""false"""
"=""ab bank dps interest rate""","=""0""","=""0""","=""5""","=""Low""","=""false"""
"=""ab bank dps scheme 2026""","=""0""","=""0""","=""5""","=""Low""","=""false"""
"=""ab bank download""","=""0""","=""0""","=""3""","=""Low""","=""false"""
"=""ab bank dollar rate""","=""0""","=""0""","=""4""","=""Low""","=""false"""
"=""ab bank dollar rate today""","=""0""","=""0""","=""5""","=""Low""","=""false"""
"=""ab bank dse""","=""0""","=""0""","=""3""","=""Low""","=""false"""
"=""ab bank dual currency card""","=""0""","=""0""","=""5""","=""Low""","=""false"""
"=""ab bank dual currency debit card""","=""0""","=""0""","=""6""","=""Low""","=""false"""
"=""ab bank dual currency debit card charges""","=""0""","=""0""","=""7""","=""Low""","=""false"""
"=""ab bank dubai""","=""0""","=""0""","=""3""","=""Low""","=""false"""
"=""ab bank dual currency mastercard platinum debit card""","=""0""","=""0""","=""8""","=""Low""","=""false"""
"=""ab bank dual currency credit card""","=""0""","=""0""","=""6""","=""Low""","=""false"""
"=""ab bank dublin""","=""0""","=""0""","=""3""","=""Low""","=""false"""
"=""ab bank dual currency""","=""0""","=""0""","=""4""","=""Low""","=""false"""
"=""ab bank excise duty""","=""0""","=""0""","=""4""","=""Low""","=""false"""
"=""ab bank ecb""","=""0""","=""0""","=""3""","=""Low""","=""false"""
"=""ab bank education loan""","=""0""","=""0""","=""4""","=""Low""","=""false"""
"=""ab bank egypt""","=""0""","=""0""","=""3""","=""Low""","=""false"""
"=""ab bank eloan""","=""0""","=""0""","=""3""","=""Low""","=""false"""
"=""ab bank elaboration""","=""0""","=""0""","=""3""","=""Low""","=""false"""
"=""ab bank credit card eligibility""","=""0""","=""0""","=""5""","=""Low""","=""false"""
"=""ab bank personal loan eligibility""","=""0""","=""0""","=""5""","=""Low""","=""false"""
"=""ab bank ekyc""","=""0""","=""0""","=""3""","=""Low""","=""false"""
"=""ab bank eid holiday""","=""0""","=""0""","=""4""","=""Low""","=""false"""
"=""ab bank eid offer""","=""0""","=""0""","=""4""","=""Low""","=""false"""
"=""ab bank credit card eid offer""","=""0""","=""0""","=""6""","=""Low""","=""false"""
"=""ab bank credit card eid offer 2026""","=""0""","=""0""","=""7""","=""Low""","=""false"""
"=""ab bank epz branch""","=""0""","=""0""","=""4""","=""Low""","=""false"""
"=""ab bank eps""","=""0""","=""0""","=""3""","=""Low""","=""false"""
"=""ab bank epz branch routing number""","=""0""","=""0""","=""6""","=""Low""","=""false"""
"=""ab bank er chairman""","=""0""","=""0""","=""4""","=""Low""","=""false"""
"=""ab bank er circular""","=""0""","=""0""","=""4""","=""Low""","=""false"""
"=""ab bank er bortoman obostha""","=""0""","=""0""","=""5""","=""Low""","=""false"""
"=""ab bank er full meaning""","=""0""","=""0""","=""5""","=""Low""","=""false"""
"=""ab bank er swift code""","=""0""","=""0""","=""5""","=""Low""","=""false"""
"=""ab bank er malik name""","=""0""","=""0""","=""5""","=""Low""","=""false"""
"=""ab bank er helpline number""","=""0""","=""0""","=""5""","=""Low""","=""false"""
"=""ab bank er apps""","=""0""","=""0""","=""4""","=""Low""","=""false"""
"=""ab bank er malik ke""","=""0""","=""0""","=""5""","=""Low""","=""false"""
"=""ab bank er obostha kemon""","=""0""","=""0""","=""5""","=""Low""","=""false"""
"=""ab bank established""","=""0""","=""0""","=""3""","=""Low""","=""false"""
"=""ab bank established date""","=""0""","=""0""","=""4""","=""Low""","=""false"""
"=""ab bank established year""","=""0""","=""0""","=""4""","=""Low""","=""false"""
"=""ab bank eskaton branch""","=""0""","=""0""","=""4""","=""Low""","=""false"""
"=""ab bank etumba""","=""0""","=""0""","=""3""","=""Low""","=""false"""
"=""ab bank zambia etumba""","=""0""","=""0""","=""4""","=""Low""","=""false"""
"=""ab bank euro rate today""","=""0""","=""0""","=""5""","=""Low""","=""false"""
"=""ab bank euro rate""","=""0""","=""0""","=""4""","=""Low""","=""false"""
"=""ab bank email address""","=""0""","=""0""","=""4""","=""Low""","=""false"""
"=""ab bank emi calculator""","=""0""","=""0""","=""4""","=""Low""","=""false"""
"=""ab bank emi""","=""0""","=""0""","=""3""","=""Low""","=""false"""
"=""ab bank employee list pdf""","=""0""","=""0""","=""5""","=""Low""","=""false"""
"=""ab bank employee list""","=""0""","=""0""","=""4""","=""Low""","=""false"""
"=""ab bank emi partner""","=""0""","=""0""","=""4""","=""Low""","=""false"""
"=""ab bank emergency number""","=""0""","=""0""","=""4""","=""Low""","=""false"""
"=""ab bank emi interest rate""","=""0""","=""0""","=""5""","=""Low""","=""false"""
"=""ab bank emi form""","=""0""","=""0""","=""4""","=""Low""","=""false"""
"=""ab bank email address bangladesh""","=""0""","=""0""","=""5""","=""Low""","=""false"""
"=""ab bank fast track""","=""0""","=""0""","=""4""","=""Low""","=""false"""
"=""ab bank faridpur""","=""0""","=""0""","=""3""","=""Low""","=""false"""
"=""ab bank faridpur branch routing number""","=""0""","=""0""","=""6""","=""Low""","=""false"""
"=""ab bank faridpur branch""","=""0""","=""0""","=""4""","=""Low""","=""false"""
"=""ab bank farmgate branch""","=""0""","=""0""","=""4""","=""Low""","=""false"""
"=""ab bank facebook""","=""0""","=""0""","=""3""","=""Low""","=""false"""
"=""ab bank facility""","=""0""","=""0""","=""3""","=""Low""","=""false"""
"=""ab bank fayda""","=""0""","=""0""","=""3""","=""Low""","=""false"""
"=""ab bank fatikchhari branch""","=""0""","=""0""","=""4""","=""Low""","=""false"""
"=""ab bank fazlur rahman""","=""0""","=""0""","=""4""","=""Low""","=""false"""
"=""ab bank fc account""","=""0""","=""0""","=""4""","=""Low""","=""false"""
"=""ab bank fdr rate 2026""","=""0""","=""0""","=""5""","=""Low""","=""false"""
"=""ab bank fdr rate""","=""0""","=""0""","=""4""","=""Low""","=""false"""
"=""ab bank fdr""","=""0""","=""0""","=""3""","=""Low""","=""false"""
"=""ab bank fdr rate 2026 pdf download""","=""0""","=""0""","=""7""","=""Low""","=""false"""
"=""ab bank fdr rate calculator""","=""0""","=""0""","=""5""","=""Low""","=""false"""
"=""ab bank fdr interest rate""","=""0""","=""0""","=""5""","=""Low""","=""false"""
"=""ab bank fdr rate in bangladesh""","=""0""","=""0""","=""6""","=""Low""","=""false"""
"=""ab bank fd rate""","=""0""","=""0""","=""4""","=""Low""","=""false"""
"=""ab bank fdr interest rate 2026""","=""0""","=""0""","=""6""","=""Low""","=""false"""
"=""ab bank fdr calculator""","=""0""","=""0""","=""4""","=""Low""","=""false"""
"=""ab bank feni branch""","=""0""","=""0""","=""4""","=""Low""","=""false"""
"=""ab bank feni branch routing number""","=""0""","=""0""","=""6""","=""Low""","=""false"""
"=""ab bank feni""","=""0""","=""0""","=""3""","=""Low""","=""false"""
"=""ab bank feni branch swift code""","=""0""","=""0""","=""6""","=""Low""","=""false"""
"=""ab bank feni branch contact number""","=""0""","=""0""","=""6""","=""Low""","=""false"""
"=""ab bank atm fee vietnam""","=""0""","=""0""","=""5""","=""Low""","=""false"""
"=""ab bank exam question""","=""0""","=""0""","=""4""","=""Low""","=""false"""
"=""ab bank exam question pdf""","=""0""","=""0""","=""5""","=""Low""","=""false"""
"=""ab bank exam group""","=""0""","=""0""","=""4""","=""Low""","=""false"""
"=""ab bank ex chairman""","=""0""","=""0""","=""4""","=""Low""","=""false"""
"=""ab bank mto exam question""","=""0""","=""0""","=""5""","=""Low""","=""false"""
"=""ab bank fixed deposit rates""","=""0""","=""0""","=""5""","=""Low""","=""false"""
"=""ab bank fixed deposit""","=""0""","=""0""","=""4""","=""Low""","=""false"""
"=""ab bank fixed deposit rate 2026""","=""0""","=""0""","=""6""","=""Low""","=""false"""
"=""ab bank first mutual fund""","=""0""","=""0""","=""5""","=""Low""","=""false"""
"=""ab bank financial statements 2025""","=""0""","=""0""","=""5""","=""Low""","=""false"""
"=""ab bank financial condition""","=""0""","=""0""","=""4""","=""Low""","=""false"""
"=""ab bank financial report""","=""0""","=""0""","=""4""","=""Low""","=""false"""
"=""ab bank financial losses""","=""0""","=""0""","=""4""","=""Low""","=""false"""
"=""ab bank financial statement 2024""","=""0""","=""0""","=""5""","=""Low""","=""false"""
"=""ab bank founder""","=""0""","=""0""","=""3""","=""Low""","=""false"""
"=""ab bank form""","=""0""","=""0""","=""3""","=""Low""","=""false"""
"=""ab bank forgot password""","=""0""","=""0""","=""4""","=""Low""","=""false"""
"=""ab bank founder name""","=""0""","=""0""","=""4""","=""Low""","=""false"""
"=""ab bank foundation""","=""0""","=""0""","=""3""","=""Low""","=""false"""
"=""ab bank foreign exchange branch""","=""0""","=""0""","=""5""","=""Low""","=""false"""
"=""ab bank founding chairman""","=""0""","=""0""","=""4""","=""Low""","=""false"""
"=""ab bank foreign exchange rate today""","=""0""","=""0""","=""6""","=""Low""","=""false"""
"=""ab bank freelancer account""","=""0""","=""0""","=""4""","=""Low""","=""false"""
"=""ab bank toll free number""","=""0""","=""0""","=""5""","=""Low""","=""false"""
"=""ab bank toll free number 24 hours""","=""0""","=""0""","=""7""","=""Low""","=""false"""
"=""ab bank full from""","=""0""","=""0""","=""4""","=""Low""","=""false"""
"=""ab bank toll free""","=""0""","=""0""","=""4""","=""Low""","=""false"""
"=""ab bank toll free number 24 hours near bangladesh""","=""0""","=""0""","=""9""","=""Low""","=""false"""
"=""ab bank helpline toll free number""","=""0""","=""0""","=""6""","=""Low""","=""false"""
"=""ab bank fund transfer limit""","=""0""","=""0""","=""5""","=""Low""","=""false"""
"=""ab bank fund transfer""","=""0""","=""0""","=""4""","=""Low""","=""false"""
"=""ab bank future""","=""0""","=""0""","=""3""","=""Low""","=""false"""
"=""ab bank fund transfer charges""","=""0""","=""0""","=""5""","=""Low""","=""false"""
"=""ab bank full form in india""","=""0""","=""0""","=""6""","=""Low""","=""false"""
"=""ab bank plc full form""","=""0""","=""0""","=""5""","=""Low""","=""false"""
"=""ab bank bangladesh full name""","=""0""","=""0""","=""5""","=""Low""","=""false"""
"=""ab bank gec branch""","=""0""","=""0""","=""4""","=""Low""","=""false"""
"=""ab bank gec""","=""0""","=""0""","=""3""","=""Low""","=""false"""
"=""ab bank gec branch routing number""","=""0""","=""0""","=""6""","=""Low""","=""false"""
"=""ab bank germany""","=""0""","=""0""","=""3""","=""Low""","=""false"""
"=""ab bank ghatail branch""","=""0""","=""0""","=""4""","=""Low""","=""false"""
"=""ab bank giới thiệu bạn bè""","=""0""","=""0""","=""6""","=""Low""","=""false"""
"=""ab bank glyfada""","=""0""","=""0""","=""3""","=""Low""","=""false"""
"=""ab bank glassdoor""","=""0""","=""0""","=""3""","=""Low""","=""false"""
"=""ab bank gmail""","=""0""","=""0""","=""3""","=""Low""","=""false"""
"=""ab bank gmail address""","=""0""","=""0""","=""4""","=""Low""","=""false"""
"=""ab bank gopalganj branch""","=""0""","=""0""","=""4""","=""Low""","=""false"""
"=""ab bank gold credit card benefits""","=""0""","=""0""","=""6""","=""Low""","=""false"""
"=""ab bank gold credit card""","=""0""","=""0""","=""5""","=""Low""","=""false"""
"=""ab bank government or private""","=""0""","=""0""","=""5""","=""Low""","=""false"""
"=""ab bank gold credit card lounge access""","=""0""","=""0""","=""7""","=""Low""","=""false"""
"=""ab bank gold credit card limit""","=""0""","=""0""","=""6""","=""Low""","=""false"""
"=""ab bank gouripur branch""","=""0""","=""0""","=""4""","=""Low""","=""false"""
"=""ab bank gold mastercard""","=""0""","=""0""","=""4""","=""Low""","=""false"""
"=""ab bank gold card""","=""0""","=""0""","=""4""","=""Low""","=""false"""
"=""ab bank golapganj branch""","=""0""","=""0""","=""4""","=""Low""","=""false"""
"=""ab bank green road branch""","=""0""","=""0""","=""5""","=""Low""","=""false"""
"=""ab bank greenwich""","=""0""","=""0""","=""3""","=""Low""","=""false"""
"=""ab bank group""","=""0""","=""0""","=""3""","=""Low""","=""false"""
"=""ab bank gulshan 1""","=""0""","=""0""","=""4""","=""Low""","=""false"""
"=""ab bank gulshan branch routing number""","=""0""","=""0""","=""6""","=""Low""","=""false"""
"=""ab bank gulshan""","=""0""","=""0""","=""3""","=""Low""","=""false"""
"=""ab bank gulshan 2""","=""0""","=""0""","=""4""","=""Low""","=""false"""
"=""ab bank gulshan branch address""","=""0""","=""0""","=""5""","=""Low""","=""false"""
"=""ab bank gulshan 2 branch""","=""0""","=""0""","=""5""","=""Low""","=""false"""
"=""ab bank gulshan 1 branch""","=""0""","=""0""","=""5""","=""Low""","=""false"""
"=""ab bank gulshan branch contact number""","=""0""","=""0""","=""6""","=""Low""","=""false"""
"=""ab bank gulshan branch location""","=""0""","=""0""","=""5""","=""Low""","=""false"""
"=""ab bank habiganj branch""","=""0""","=""0""","=""4""","=""Low""","=""false"""
"=""ab bank halishahar branch""","=""0""","=""0""","=""4""","=""Low""","=""false"""
"=""ab bank hathazari branch""","=""0""","=""0""","=""4""","=""Low""","=""false"""
"=""ab bank hathazari""","=""0""","=""0""","=""3""","=""Low""","=""false"""
"=""ab bank hanoi""","=""0""","=""0""","=""3""","=""Low""","=""false"""
"=""ab bank habiganj branch routing number""","=""0""","=""0""","=""6""","=""Low""","=""false"""
"=""ab bank habiganj""","=""0""","=""0""","=""3""","=""Low""","=""false"""
"=""ab bank habiganj branch phone number""","=""0""","=""0""","=""6""","=""Low""","=""false"""
"=""ab bank hasnabad branch""","=""0""","=""0""","=""4""","=""Low""","=""false"""
"=""ab bank gazipur""","=""0""","=""0""","=""3""","=""Low""","=""false"""
"=""ab bank gazipur branch""","=""0""","=""0""","=""4""","=""Low""","=""false"""
"=""ab bank garib e newaz branch""","=""0""","=""0""","=""6""","=""Low""","=""false"""
"=""ab bank gazipur chowrasta branch""","=""0""","=""0""","=""5""","=""Low""","=""false"""
"=""ab bank gaibandha branch""","=""0""","=""0""","=""4""","=""Low""","=""false"""
"=""ab bank garib e newaz routing number""","=""0""","=""0""","=""7""","=""Low""","=""false"""
"=""ab bank garden tower sylhet""","=""0""","=""0""","=""5""","=""Low""","=""false"""
"=""ab bank garib e newaz""","=""0""","=""0""","=""5""","=""Low""","=""false"""
"=""ab bank garden tower sylhet routing number""","=""0""","=""0""","=""7""","=""Low""","=""false"""
"=""ab bank helpline number""","=""0""","=""0""","=""4""","=""Low""","=""false"""
"=""ab bank helpline number 24 hours""","=""0""","=""0""","=""6""","=""Low""","=""false"""
"=""ab bank head office address""","=""0""","=""0""","=""5""","=""Low""","=""false"""
"=""ab bank helpline live chat 24 hours""","=""0""","=""0""","=""7""","=""Low""","=""false"""
"=""ab bank head office contact number""","=""0""","=""0""","=""6""","=""Low""","=""false"""
"=""ab bank help""","=""0""","=""0""","=""3""","=""Low""","=""false"""
"=""ab bank head office motijheel""","=""0""","=""0""","=""5""","=""Low""","=""false"""
"=""ab bank head office photos""","=""0""","=""0""","=""5""","=""Low""","=""false"""
"=""ab bank hce""","=""0""","=""0""","=""3""","=""Low""","=""false"""
"=""ab bank hcm""","=""0""","=""0""","=""3""","=""Low""","=""false"""
"=""ab bank hr contract employee hce job circular""","=""0""","=""0""","=""8""","=""Low""","=""false"""
"=""ab bank hierarchy""","=""0""","=""0""","=""3""","=""Low""","=""false"""
"=""ab bank hiring""","=""0""","=""0""","=""3""","=""Low""","=""false"""
"=""ab bank manda hill""","=""0""","=""0""","=""4""","=""Low""","=""false"""
"=""ab bank share price history""","=""0""","=""0""","=""5""","=""Low""","=""false"""
"=""ab bank müşteri hizmetleri""","=""0""","=""0""","=""4""","=""Low""","=""false"""
"=""ab bank ho chi minh""","=""0""","=""0""","=""5""","=""Low""","=""false"""
"=""ab bank home loan""","=""0""","=""0""","=""4""","=""Low""","=""false"""
"=""ab bank home loan interest rate""","=""0""","=""0""","=""6""","=""Low""","=""false"""
"=""ab bank hours""","=""0""","=""0""","=""3""","=""Low""","=""false"""
"=""ab bank hq""","=""0""","=""0""","=""3""","=""Low""","=""false"""
"=""ab bank hq address""","=""0""","=""0""","=""4""","=""Low""","=""false"""
"=""ab bank hr contract job""","=""0""","=""0""","=""5""","=""Low""","=""false"""
"=""ab bank hr""","=""0""","=""0""","=""3""","=""Low""","=""false"""
"=""ab bank hr email""","=""0""","=""0""","=""4""","=""Low""","=""false"""
"=""ab bank hr head""","=""0""","=""0""","=""4""","=""Low""","=""false"""
"=""ab bank hr contract employee""","=""0""","=""0""","=""5""","=""Low""","=""false"""
"=""ab bank hr department""","=""0""","=""0""","=""4""","=""Low""","=""false"""
"=""ab bank hr number""","=""0""","=""0""","=""4""","=""Low""","=""false"""
"=""ab bank hr contact number""","=""0""","=""0""","=""5""","=""Low""","=""false"""
"=""ab bank iban number""","=""0""","=""0""","=""4""","=""Low""","=""false"""
"=""ab bank iban""","=""0""","=""0""","=""3""","=""Low""","=""false"""
"=""ab bank ifsc code""","=""0""","=""0""","=""4""","=""Low""","=""false"""
"=""ab bank limited ifsc code""","=""0""","=""0""","=""5""","=""Low""","=""false"""
"=""ab bank mumbai ifsc code""","=""0""","=""0""","=""5""","=""Low""","=""false"""
"=""ab bank id card""","=""0""","=""0""","=""4""","=""Low""","=""false"""
"=""ab bank user id""","=""0""","=""0""","=""4""","=""Low""","=""false"""
"=""ab bank imamganj branch""","=""0""","=""0""","=""4""","=""Low""","=""false"""
"=""ab bank image""","=""0""","=""0""","=""3""","=""Low""","=""false"""
"=""ab bank interest rate 2026""","=""0""","=""0""","=""5""","=""Low""","=""false"""
"=""ab bank india""","=""0""","=""0""","=""3""","=""Low""","=""false"""
"=""ab bank in full""","=""0""","=""0""","=""4""","=""Low""","=""false"""
"=""ab bank internet banking registration number""","=""0""","=""0""","=""6""","=""Low""","=""false"""
"=""ab bank ip number""","=""0""","=""0""","=""4""","=""Low""","=""false"""
"=""ab bank islamic banking""","=""0""","=""0""","=""4""","=""Low""","=""false"""
"=""ab bank islamic fdr rate""","=""0""","=""0""","=""5""","=""Low""","=""false"""
"=""ab bank islamic banking branch""","=""0""","=""0""","=""5""","=""Low""","=""false"""
"=""ab bank is safe""","=""0""","=""0""","=""4""","=""Low""","=""false"""
"=""ab bank islampur branch""","=""0""","=""0""","=""4""","=""Low""","=""false"""
"=""ab bank islamic dps""","=""0""","=""0""","=""4""","=""Low""","=""false"""
"=""ab bank ishwardi branch""","=""0""","=""0""","=""4""","=""Low""","=""false"""
"=""ab bank iut branch""","=""0""","=""0""","=""4""","=""Low""","=""false"""
"=""ab bank iut""","=""0""","=""0""","=""3""","=""Low""","=""false"""
"=""ab bank it department""","=""0""","=""0""","=""4""","=""Low""","=""false"""
"=""ab bank it head""","=""0""","=""0""","=""4""","=""Low""","=""false"""
"=""ab bank ivr""","=""0""","=""0""","=""3""","=""Low""","=""false"""
"=""ab bank jamal khan branch""","=""0""","=""0""","=""5""","=""Low""","=""false"""
"=""ab bank jamalpur branch""","=""0""","=""0""","=""4""","=""Low""","=""false"""
"=""ab bank jatrabari branch contact number""","=""0""","=""0""","=""6""","=""Low""","=""false"""
"=""ab bank jatrabari""","=""0""","=""0""","=""3""","=""Low""","=""false"""
"=""ab bank jatrabari branch""","=""0""","=""0""","=""4""","=""Low""","=""false"""
"=""ab bank jamuna future park branch""","=""0""","=""0""","=""6""","=""Low""","=""false"""
"=""ab bank jamgora branch""","=""0""","=""0""","=""4""","=""Low""","=""false"""
"=""ab bank jamalpur""","=""0""","=""0""","=""3""","=""Low""","=""false"""
"=""ab bank jessore""","=""0""","=""0""","=""3""","=""Low""","=""false"""
"=""ab bank jamalpur branch phone number""","=""0""","=""0""","=""6""","=""Low""","=""false"""
"=""ab bank jessore branch""","=""0""","=""0""","=""4""","=""Low""","=""false"""
"=""ab bank jessore branch routing number""","=""0""","=""0""","=""6""","=""Low""","=""false"""
"=""ab bank jessore branch contact number""","=""0""","=""0""","=""6""","=""Low""","=""false"""
"=""ab bank jessore branch address""","=""0""","=""0""","=""5""","=""Low""","=""false"""
"=""ab bank jhenaidah""","=""0""","=""0""","=""3""","=""Low""","=""false"""
"=""ab bank jhenaidah branch""","=""0""","=""0""","=""4""","=""Low""","=""false"""
"=""ab bank jhikargacha branch""","=""0""","=""0""","=""4""","=""Low""","=""false"""
"=""ab bank jhenaidah branch contact number""","=""0""","=""0""","=""6""","=""Low""","=""false"""
"=""ab bank jhenaidah branch swift code""","=""0""","=""0""","=""6""","=""Low""","=""false"""
"=""ab bank jhikargacha""","=""0""","=""0""","=""3""","=""Low""","=""false"""
"=""ab bank jhalokati branch""","=""0""","=""0""","=""4""","=""Low""","=""false"""
"=""ab bank jhenaidah photos""","=""0""","=""0""","=""4""","=""Low""","=""false"""
"=""ab bank jinjira branch""","=""0""","=""0""","=""4""","=""Low""","=""false"""
"=""ab bank job circular 2026""","=""0""","=""0""","=""5""","=""Low""","=""false"""
"=""ab bank job circular""","=""0""","=""0""","=""4""","=""Low""","=""false"""
"=""ab bank job circular 2026 apply online""","=""0""","=""0""","=""7""","=""Low""","=""false"""
"=""ab bank job apply""","=""0""","=""0""","=""4""","=""Low""","=""false"""
"=""ab bank joypara branch""","=""0""","=""0""","=""4""","=""Low""","=""false"""
"=""ab bank job circular 2026 apply online last date""","=""0""","=""0""","=""9""","=""Low""","=""false"""
"=""ab bank job circular 2026 last date""","=""0""","=""0""","=""7""","=""Low""","=""false"""
"=""ab bank joypurhat branch""","=""0""","=""0""","=""4""","=""Low""","=""false"""
"=""ab bank job circular 2026 trainee officer""","=""0""","=""0""","=""7""","=""Low""","=""false"""
"=""ab bank junior officer salary""","=""0""","=""0""","=""5""","=""Low""","=""false"""
"=""ab bank jubilee road branch""","=""0""","=""0""","=""5""","=""Low""","=""false"""
"=""ab bank jubilee road branch routing number""","=""0""","=""0""","=""7""","=""Low""","=""false"""
"=""ab bank junior officer salary in bangladesh""","=""0""","=""0""","=""7""","=""Low""","=""false"""
"=""ab bank jubilee road""","=""0""","=""0""","=""4""","=""Low""","=""false"""
"=""ab bank jurain branch""","=""0""","=""0""","=""4""","=""Low""","=""false"""
"=""ab bank kakrail branch""","=""0""","=""0""","=""4""","=""Low""","=""false"""
"=""ab bank kalingalinga""","=""0""","=""0""","=""3""","=""Low""","=""false"""
"=""ab bank karwan bazar branch""","=""0""","=""0""","=""5""","=""Low""","=""false"""
"=""ab bank kalampur branch""","=""0""","=""0""","=""4""","=""Low""","=""false"""
"=""ab bank karwan bazar""","=""0""","=""0""","=""4""","=""Low""","=""false"""
"=""ab bank kab khulenge""","=""0""","=""0""","=""4""","=""Low""","=""false"""
"=""ab bank karwan bazar branch contact number""","=""0""","=""0""","=""7""","=""Low""","=""false"""
"=""ab bank karwan bazar branch swift code""","=""0""","=""0""","=""7""","=""Low""","=""false"""
"=""ab bank kalingalinga branch""","=""0""","=""0""","=""4""","=""Low""","=""false"""
"=""ab bank kawran bazar branch""","=""0""","=""0""","=""5""","=""Low""","=""false"""
"=""ab bank kb khulega""","=""0""","=""0""","=""4""","=""Low""","=""false"""
"=""ab bank kids""","=""0""","=""0""","=""3""","=""Low""","=""false"""
"=""ab bank keraniganj branch""","=""0""","=""0""","=""4""","=""Low""","=""false"""
"=""ab bank kemon""","=""0""","=""0""","=""3""","=""Low""","=""false"""
"=""ab bank ke toll free number""","=""0""","=""0""","=""6""","=""Low""","=""false"""
"=""ab bank keraniganj""","=""0""","=""0""","=""3""","=""Low""","=""false"""
"=""ab bank ke ifsc code""","=""0""","=""0""","=""5""","=""Low""","=""false"""
"=""ab bank ke customer care number""","=""0""","=""0""","=""6""","=""Low""","=""false"""
"=""ab bank lounge key""","=""0""","=""0""","=""4""","=""Low""","=""false"""
"=""ab bank malik ke""","=""0""","=""0""","=""4""","=""Low""","=""false"""
"=""ab bank khulna branch""","=""0""","=""0""","=""4""","=""Low""","=""false"""
"=""ab bank khulna branch routing number""","=""0""","=""0""","=""6""","=""Low""","=""false"""
"=""ab bank khulna""","=""0""","=""0""","=""3""","=""Low""","=""false"""
"=""ab bank khulna branch contact number""","=""0""","=""0""","=""6""","=""Low""","=""false"""
"=""ab bank khulna branch swift code""","=""0""","=""0""","=""6""","=""Low""","=""false"""
"=""ab bank khulshi branch""","=""0""","=""0""","=""4""","=""Low""","=""false"""
"=""ab bank khilgaon branch""","=""0""","=""0""","=""4""","=""Low""","=""false"""
"=""ab bank khilkhet branch""","=""0""","=""0""","=""4""","=""Low""","=""false"""
"=""ab bank khatunganj branch""","=""0""","=""0""","=""4""","=""Low""","=""false"""
"=""ab bank ki sorkari""","=""0""","=""0""","=""4""","=""Low""","=""false"""
"=""ab bank kitwe branch""","=""0""","=""0""","=""4""","=""Low""","=""false"""
"=""ab bank kishoreganj branch""","=""0""","=""0""","=""4""","=""Low""","=""false"""
"=""ab bank ki""","=""0""","=""0""","=""3""","=""Low""","=""false"""
"=""ab bank ki nirapod""","=""0""","=""0""","=""4""","=""Low""","=""false"""
"=""ab bank kigali""","=""0""","=""0""","=""3""","=""Low""","=""false"""
"=""ab bank kimironko""","=""0""","=""0""","=""3""","=""Low""","=""false"""
"=""ab bank konabari branch""","=""0""","=""0""","=""4""","=""Low""","=""false"""
"=""ab bank kotipoti scheme""","=""0""","=""0""","=""4""","=""Low""","=""false"""
"=""ab bank kolkata branch""","=""0""","=""0""","=""4""","=""Low""","=""false"""
"=""ab bank kotwali branch""","=""0""","=""0""","=""4""","=""Low""","=""false"""
"=""ab bank kotipoti""","=""0""","=""0""","=""3""","=""Low""","=""false"""
"=""ab bank kochukhet branch""","=""0""","=""0""","=""4""","=""Low""","=""false"""
"=""ab bank konapara branch""","=""0""","=""0""","=""4""","=""Low""","=""false"""
"=""ab bank kolkata""","=""0""","=""0""","=""3""","=""Low""","=""false"""
"=""ab bank konabari""","=""0""","=""0""","=""3""","=""Low""","=""false"""
"=""ab bank kotalipara branch""","=""0""","=""0""","=""4""","=""Low""","=""false"""
"=""ab bank kmn""","=""0""","=""0""","=""3""","=""Low""","=""false"""
"=""ab bank kushtia""","=""0""","=""0""","=""3""","=""Low""","=""false"""
"=""ab bank kushtia branch""","=""0""","=""0""","=""4""","=""Low""","=""false"""
"=""ab bank kulaura""","=""0""","=""0""","=""3""","=""Low""","=""false"""
"=""ab bank kurigram branch""","=""0""","=""0""","=""4""","=""Low""","=""false"""
"=""ab bank kushtia branch routing number""","=""0""","=""0""","=""6""","=""Low""","=""false"""
"=""ab bank kulaura branch""","=""0""","=""0""","=""4""","=""Low""","=""false"""
"=""ab bank kurigram""","=""0""","=""0""","=""3""","=""Low""","=""false"""
"=""ab bank kuwait""","=""0""","=""0""","=""3""","=""Low""","=""false"""
"=""ab bank kuril branch""","=""0""","=""0""","=""4""","=""Low""","=""false"""
"=""ab bank limited kushtia""","=""0""","=""0""","=""4""","=""Low""","=""false"""
"=""ab bank baxter ks""","=""0""","=""0""","=""4""","=""Low""","=""false"""
"=""ab bank kyc""","=""0""","=""0""","=""3""","=""Low""","=""false"""
"=""ab bank kyc form""","=""0""","=""0""","=""4""","=""Low""","=""false"""
"=""ab bank lalmonirhat branch""","=""0""","=""0""","=""4""","=""Low""","=""false"""
"=""ab bank lakshmipur branch""","=""0""","=""0""","=""4""","=""Low""","=""false"""
"=""ab bank latest news""","=""0""","=""0""","=""4""","=""Low""","=""false"""
"=""ab bank laldighi branch""","=""0""","=""0""","=""4""","=""Low""","=""false"""
"=""ab bank lending rate""","=""0""","=""0""","=""4""","=""Low""","=""false"""
"=""ab bank head of legal""","=""0""","=""0""","=""5""","=""Low""","=""false"""
"=""ab bank live chat""","=""0""","=""0""","=""4""","=""Low""","=""false"""
"=""ab bank livingstone""","=""0""","=""0""","=""3""","=""Low""","=""false"""
"=""ab bank limited india""","=""0""","=""0""","=""4""","=""Low""","=""false"""
"=""ab bank limited photos""","=""0""","=""0""","=""4""","=""Low""","=""false"""
"=""ab bank live chat free""","=""0""","=""0""","=""5""","=""Low""","=""false"""
"=""ab bank limited dhaka""","=""0""","=""0""","=""4""","=""Low""","=""false"""
"=""ab bank limited jatrabari branch photos""","=""0""","=""0""","=""6""","=""Low""","=""false"""
"=""ab bank lc""","=""0""","=""0""","=""3""","=""Low""","=""false"""
"=""ab bank login mobile""","=""0""","=""0""","=""4""","=""Low""","=""false"""
"=""ab bank loss financial results 2025""","=""0""","=""0""","=""6""","=""Low""","=""false"""
"=""ab bank loan""","=""0""","=""0""","=""3""","=""Low""","=""false"""
"=""ab bank loan interest rate""","=""0""","=""0""","=""5""","=""Low""","=""false"""
"=""ab bank ltd banani branch""","=""0""","=""0""","=""5""","=""Low""","=""false"""
"=""ab bank ltd india""","=""0""","=""0""","=""4""","=""Low""","=""false"""
"=""ab bank ltd full form""","=""0""","=""0""","=""5""","=""Low""","=""false"""
"=""ab bank ltd basel iii disclosures""","=""0""","=""0""","=""6""","=""Low""","=""false"""
"=""ab bank ltd mclr rate""","=""0""","=""0""","=""5""","=""Low""","=""false"""
"=""ab bank ltd garib e newaz avenue uttara""","=""0""","=""0""","=""8""","=""Low""","=""false"""
"=""ab bank management""","=""0""","=""0""","=""3""","=""Low""","=""false"""
"=""ab bank malibagh branch""","=""0""","=""0""","=""4""","=""Low""","=""false"""
"=""ab bank managing director""","=""0""","=""0""","=""4""","=""Low""","=""false"""
"=""ab bank matero""","=""0""","=""0""","=""3""","=""Low""","=""false"""
"=""ab bank main branch""","=""0""","=""0""","=""4""","=""Low""","=""false"""
"=""ab bank madaripur branch""","=""0""","=""0""","=""4""","=""Low""","=""false"""
"=""ab bank madhabpur branch""","=""0""","=""0""","=""4""","=""Low""","=""false"""
"=""ab bank mail address""","=""0""","=""0""","=""4""","=""Low""","=""false"""
"=""ab bank lusaka""","=""0""","=""0""","=""3""","=""Low""","=""false"""
"=""ab bank lusaka branches""","=""0""","=""0""","=""4""","=""Low""","=""false"""
"=""ab bank lusaka address""","=""0""","=""0""","=""4""","=""Low""","=""false"""
"=""ab bank lunch time""","=""0""","=""0""","=""4""","=""Low""","=""false"""
"=""ab bank lusaka zambia""","=""0""","=""0""","=""4""","=""Low""","=""false"""
"=""ab bank matero branch lusaka""","=""0""","=""0""","=""5""","=""Low""","=""false"""
"=""ab bank md""","=""0""","=""0""","=""3""","=""Low""","=""false"""
"=""ab bank md name""","=""0""","=""0""","=""4""","=""Low""","=""false"""
"=""ab bank md salary""","=""0""","=""0""","=""4""","=""Low""","=""false"""
"=""ab bank md contact number""","=""0""","=""0""","=""5""","=""Low""","=""false"""
"=""ab bank new md""","=""0""","=""0""","=""4""","=""Low""","=""false"""
"=""ab bank current md""","=""0""","=""0""","=""4""","=""Low""","=""false"""
"=""ab bank plc md""","=""0""","=""0""","=""4""","=""Low""","=""false"""
"=""ab bank mirpur 1""","=""0""","=""0""","=""4""","=""Low""","=""false"""
"=""ab bank mirpur branch""","=""0""","=""0""","=""4""","=""Low""","=""false"""
"=""ab bank mirpur""","=""0""","=""0""","=""3""","=""Low""","=""false"""
"=""ab bank mirpur 11 branch location""","=""0""","=""0""","=""6""","=""Low""","=""false"""
"=""ab bank mirpur 10 branch location""","=""0""","=""0""","=""6""","=""Low""","=""false"""
"=""ab bank millionaire scheme""","=""0""","=""0""","=""4""","=""Low""","=""false"""
"=""ab bank mids""","=""0""","=""0""","=""3""","=""Low""","=""false"""
"=""ab bank millionaire scheme 2026""","=""0""","=""0""","=""5""","=""Low""","=""false"""
"=""ab bank mids rate""","=""0""","=""0""","=""4""","=""Low""","=""false"""
"=""ab bank mirpur 1 branch""","=""0""","=""0""","=""5""","=""Low""","=""false"""
"=""ab bank motijheel""","=""0""","=""0""","=""3""","=""Low""","=""false"""
"=""ab bank mobile banking login""","=""0""","=""0""","=""5""","=""Low""","=""false"""
"=""ab bank monthly income scheme""","=""0""","=""0""","=""5""","=""Low""","=""false"""
"=""ab bank motijheel branch""","=""0""","=""0""","=""4""","=""Low""","=""false"""
"=""ab bank mohakhali branch routing number""","=""0""","=""0""","=""6""","=""Low""","=""false"""
"=""ab bank mohammadpur""","=""0""","=""0""","=""3""","=""Low""","=""false"""
"=""ab bank moulvibazar""","=""0""","=""0""","=""3""","=""Low""","=""false"""
"=""ab bank monthly income scheme interest rate""","=""0""","=""0""","=""7""","=""Low""","=""false"""
"=""ab bank munshiganj""","=""0""","=""0""","=""3""","=""Low""","=""false"""
"=""ab bank mutual fund""","=""0""","=""0""","=""4""","=""Low""","=""false"""
"=""ab bank muradpur branch""","=""0""","=""0""","=""4""","=""Low""","=""false"""
"=""ab bank mumbai swift code""","=""0""","=""0""","=""5""","=""Low""","=""false"""
"=""ab bank mumbai contact number""","=""0""","=""0""","=""5""","=""Low""","=""false"""
"=""ab bank mumbai branch""","=""0""","=""0""","=""4""","=""Low""","=""false"""
"=""ab bank munshiganj branch""","=""0""","=""0""","=""4""","=""Low""","=""false"""
"=""ab bank multi currency debit card""","=""0""","=""0""","=""6""","=""Low""","=""false"""
"=""ab bank mudaraba""","=""0""","=""0""","=""3""","=""Low""","=""false"""
"=""ab bank meherpur branch""","=""0""","=""0""","=""4""","=""Low""","=""false"""
"=""ab bank meaning in bengali""","=""0""","=""0""","=""5""","=""Low""","=""false"""
"=""ab bank merger""","=""0""","=""0""","=""3""","=""Low""","=""false"""
"=""ab bank merchant list""","=""0""","=""0""","=""4""","=""Low""","=""false"""
"=""ab bank merchant""","=""0""","=""0""","=""3""","=""Low""","=""false"""
"=""ab bank mein""","=""0""","=""0""","=""3""","=""Low""","=""false"""
"=""ab bank msds rate""","=""0""","=""0""","=""4""","=""Low""","=""false"""
"=""ab bank msds""","=""0""","=""0""","=""3""","=""Low""","=""false"""
"=""ab bank msa""","=""0""","=""0""","=""3""","=""Low""","=""false"""
"=""ab bank msds account""","=""0""","=""0""","=""4""","=""Low""","=""false"""
"=""ab bank mymensingh""","=""0""","=""0""","=""3""","=""Low""","=""false"""
"=""ab bank mymensingh branch""","=""0""","=""0""","=""4""","=""Low""","=""false"""
"=""ab bank mymensingh branch routing number""","=""0""","=""0""","=""6""","=""Low""","=""false"""
"=""ab bank mymensingh contact number""","=""0""","=""0""","=""5""","=""Low""","=""false"""
"=""ab bank mymensingh location""","=""0""","=""0""","=""4""","=""Low""","=""false"""
"=""ab bank myanmar""","=""0""","=""0""","=""3""","=""Low""","=""false"""
"=""ab bank limited mymensingh""","=""0""","=""0""","=""4""","=""Low""","=""false"""
"=""ab bank mto""","=""0""","=""0""","=""3""","=""Low""","=""false"""
"=""ab bank mto salary""","=""0""","=""0""","=""4""","=""Low""","=""false"""
"=""ab bank mto circular""","=""0""","=""0""","=""4""","=""Low""","=""false"""
"=""ab bank mto circular 2026""","=""0""","=""0""","=""5""","=""Low""","=""false"""
"=""ab bank mto apply""","=""0""","=""0""","=""4""","=""Low""","=""false"""
"=""ab bank mto result""","=""0""","=""0""","=""4""","=""Low""","=""false"""
"=""ab bank mto question""","=""0""","=""0""","=""4""","=""Low""","=""false"""
"=""ab bank mto question 2026""","=""0""","=""0""","=""5""","=""Low""","=""false"""
"=""ab bank mto 2026""","=""0""","=""0""","=""4""","=""Low""","=""false"""
"=""ab bank nfc card""","=""0""","=""0""","=""4""","=""Low""","=""false"""
"=""ab bank news today""","=""0""","=""0""","=""4""","=""Low""","=""false"""
"=""ab bank near""","=""0""","=""0""","=""3""","=""Low""","=""false"""
"=""ab bank nearest branch""","=""0""","=""0""","=""4""","=""Low""","=""false"""
"=""ab bank new circular""","=""0""","=""0""","=""4""","=""Low""","=""false"""
"=""ab bank nearby""","=""0""","=""0""","=""3""","=""Low""","=""false"""
"=""ab bank netrokona branch""","=""0""","=""0""","=""4""","=""Low""","=""false"""
"=""ab bank new chairman""","=""0""","=""0""","=""4""","=""Low""","=""false"""
"=""ab bank narayanganj""","=""0""","=""0""","=""3""","=""Low""","=""false"""
"=""ab bank narsingdi branch""","=""0""","=""0""","=""4""","=""Low""","=""false"""
"=""ab bank naogaon branch""","=""0""","=""0""","=""4""","=""Low""","=""false"""
"=""ab bank narayanganj branch""","=""0""","=""0""","=""4""","=""Low""","=""false"""
"=""ab bank narsingdi""","=""0""","=""0""","=""3""","=""Low""","=""false"""
"=""ab bank narail""","=""0""","=""0""","=""3""","=""Low""","=""false"""
"=""ab bank naogaon""","=""0""","=""0""","=""3""","=""Low""","=""false"""
"=""ab bank narayanganj branch contact number""","=""0""","=""0""","=""6""","=""Low""","=""false"""
"=""ab bank nawabpur branch""","=""0""","=""0""","=""4""","=""Low""","=""false"""
"=""ab bank natore branch""","=""0""","=""0""","=""4""","=""Low""","=""false"""
"=""ab bank ndola""","=""0""","=""0""","=""3""","=""Low""","=""false"""
"=""ab bank ndola branch""","=""0""","=""0""","=""4""","=""Low""","=""false"""
"=""ab bank ndola photos""","=""0""","=""0""","=""4""","=""Low""","=""false"""
"=""ab bank zambia ndola branch""","=""0""","=""0""","=""5""","=""Low""","=""false"""
"=""ab bank nl""","=""0""","=""0""","=""3""","=""Low""","=""false"""
"=""ab bank noakhali branch""","=""0""","=""0""","=""4""","=""Low""","=""false"""
"=""ab bank north south road branch routing number""","=""0""","=""0""","=""8""","=""Low""","=""false"""
"=""ab bank noapara branch""","=""0""","=""0""","=""4""","=""Low""","=""false"""
"=""ab bank north south road branch""","=""0""","=""0""","=""6""","=""Low""","=""false"""
"=""ab bank non performing loans""","=""0""","=""0""","=""5""","=""Low""","=""false"""
"=""ab bank noakhali""","=""0""","=""0""","=""3""","=""Low""","=""false"""
"=""ab bank noakhali chowmuhani branch""","=""0""","=""0""","=""5""","=""Low""","=""false"""
"=""ab bank notice""","=""0""","=""0""","=""3""","=""Low""","=""false"""
"=""ab bank npl""","=""0""","=""0""","=""3""","=""Low""","=""false"""
"=""ab bank npl ratio""","=""0""","=""0""","=""4""","=""Low""","=""false"""
"=""ab bank npsb transfer limit""","=""0""","=""0""","=""5""","=""Low""","=""false"""
"=""ab bank npl rate""","=""0""","=""0""","=""4""","=""Low""","=""false"""
"=""ab bank npsb limit""","=""0""","=""0""","=""4""","=""Low""","=""false"""
"=""ab bank npls 84""","=""0""","=""0""","=""4""","=""Low""","=""false"""
"=""ab bank npsb""","=""0""","=""0""","=""3""","=""Low""","=""false"""
"=""ab bank npsb charge""","=""0""","=""0""","=""4""","=""Low""","=""false"""
"=""ab bank npsb fund transfer charge""","=""0""","=""0""","=""6""","=""Low""","=""false"""
"=""ab bank npsb problem""","=""0""","=""0""","=""4""","=""Low""","=""false"""
"=""ab bank number""","=""0""","=""0""","=""3""","=""Low""","=""false"""
"=""ab bank number of branches""","=""0""","=""0""","=""5""","=""Low""","=""false"""
"=""ab bank routing number""","=""0""","=""0""","=""4""","=""Low""","=""false"""
"=""ab bank nikunja branch""","=""0""","=""0""","=""4""","=""Low""","=""false"""
"=""ab bank niyog""","=""0""","=""0""","=""3""","=""Low""","=""false"""
"=""ab bank niog""","=""0""","=""0""","=""3""","=""Low""","=""false"""
"=""ab bank nilphamari branch""","=""0""","=""0""","=""4""","=""Low""","=""false"""
"=""ab bank nilphamari""","=""0""","=""0""","=""3""","=""Low""","=""false"""
"=""ab bank nyabugogo""","=""0""","=""0""","=""3""","=""Low""","=""false"""
"=""ab bank nyabugogo branch""","=""0""","=""0""","=""4""","=""Low""","=""false"""
"=""ab bank nyarugenge""","=""0""","=""0""","=""3""","=""Low""","=""false"""
"=""ab bank nz""","=""0""","=""0""","=""3""","=""Low""","=""false"""
"=""ab bank officer salary""","=""0""","=""0""","=""4""","=""Low""","=""false"""
"=""ab bank official website""","=""0""","=""0""","=""4""","=""Low""","=""false"""
"=""ab bank offer""","=""0""","=""0""","=""3""","=""Low""","=""false"""
"=""ab bank trainee officer""","=""0""","=""0""","=""4""","=""Low""","=""false"""
"=""ab bank trainee officer circular""","=""0""","=""0""","=""5""","=""Low""","=""false"""
"=""ab bank trainee officer salary""","=""0""","=""0""","=""5""","=""Low""","=""false"""
"=""ab bank old dhaka branch""","=""0""","=""0""","=""5""","=""Low""","=""false"""
"=""ab bank old logo""","=""0""","=""0""","=""4""","=""Low""","=""false"""
"=""ab bank organogram""","=""0""","=""0""","=""3""","=""Low""","=""false"""
"=""ab bank origin""","=""0""","=""0""","=""3""","=""Low""","=""false"""
"=""ab bank or nizam road branch""","=""0""","=""0""","=""6""","=""Low""","=""false"""
"=""ab bank origin country""","=""0""","=""0""","=""4""","=""Low""","=""false"""
"=""ab bank pay order form""","=""0""","=""0""","=""5""","=""Low""","=""false"""
"=""ab bank plc or ltd""","=""0""","=""0""","=""5""","=""Low""","=""false"""
"=""ab bank to other bank transfer charges""","=""0""","=""0""","=""7""","=""Low""","=""false"""
"=""ab bank to other bank transfer""","=""0""","=""0""","=""6""","=""Low""","=""false"""
"=""ab bank tajpur branch sylhet osmaninagar""","=""0""","=""0""","=""6""","=""Low""","=""false"""
"=""ab bank overseas number""","=""0""","=""0""","=""4""","=""Low""","=""false"""
"=""ab bank outlook""","=""0""","=""0""","=""3""","=""Low""","=""false"""
"=""ab bank outlets""","=""0""","=""0""","=""3""","=""Low""","=""false"""
"=""ab bank oxygen branch""","=""0""","=""0""","=""4""","=""Low""","=""false"""
"=""ab bank statement pdf""","=""0""","=""0""","=""4""","=""Low""","=""false"""
"=""ab bank rtgs form pdf download""","=""0""","=""0""","=""6""","=""Low""","=""false"""
"=""ab bank rtgs form pdf""","=""0""","=""0""","=""5""","=""Low""","=""false"""
"=""ab bank designation list pdf""","=""0""","=""0""","=""5""","=""Low""","=""false"""
"=""ab bank statement download pdf""","=""0""","=""0""","=""5""","=""Low""","=""false"""
"=""ab bank dps 2025 pdf download""","=""0""","=""0""","=""6""","=""Low""","=""false"""
"=""ab bank dps list pdf""","=""0""","=""0""","=""5""","=""Low""","=""false"""
"=""ab bank personal loan""","=""0""","=""0""","=""4""","=""Low""","=""false"""
"=""ab bank personal loan interest rate""","=""0""","=""0""","=""6""","=""Low""","=""false"""
"=""ab bank personal loan apply online""","=""0""","=""0""","=""6""","=""Low""","=""false"""
"=""ab bank perpetual bond""","=""0""","=""0""","=""4""","=""Low""","=""false"""
"=""ab bank personal loan requirements""","=""0""","=""0""","=""5""","=""Low""","=""false"""
"=""ab bank personal loan calculator""","=""0""","=""0""","=""5""","=""Low""","=""false"""
"=""ab bank personal loan apply online login""","=""0""","=""0""","=""7""","=""Low""","=""false"""
"=""ab bank personal loan requirements pdf""","=""0""","=""0""","=""6""","=""Low""","=""false"""
"=""ab bank personal loan interest rate calculator""","=""0""","=""0""","=""7""","=""Low""","=""false"""
"=""ab bank patuakhali branch""","=""0""","=""0""","=""4""","=""Low""","=""false"""
"=""ab bank pabna""","=""0""","=""0""","=""3""","=""Low""","=""false"""
"=""ab bank pabna branch""","=""0""","=""0""","=""4""","=""Low""","=""false"""
"=""ab bank pagla branch""","=""0""","=""0""","=""4""","=""Low""","=""false"""
"=""ab bank patiya branch""","=""0""","=""0""","=""4""","=""Low""","=""false"""
"=""ab bank pahartali branch chittagong""","=""0""","=""0""","=""5""","=""Low""","=""false"""
"=""ab bank paltan branch""","=""0""","=""0""","=""4""","=""Low""","=""false"""
"=""ab bank panthapath branch""","=""0""","=""0""","=""4""","=""Low""","=""false"""
"=""ab bank password reset""","=""0""","=""0""","=""4""","=""Low""","=""false"""
"=""ab bank pallabi branch""","=""0""","=""0""","=""4""","=""Low""","=""false"""
"=""ab bank pcr branch""","=""0""","=""0""","=""4""","=""Low""","=""false"""
"=""ab bank pcr branch routing number""","=""0""","=""0""","=""6""","=""Low""","=""false"""
"=""ab bank owner name""","=""0""","=""0""","=""4""","=""Low""","=""false"""
"=""ab bank ownership""","=""0""","=""0""","=""3""","=""Low""","=""false"""
"=""ab bank owner wikipedia""","=""0""","=""0""","=""4""","=""Low""","=""false"""
"=""ab bank bangladesh owner""","=""0""","=""0""","=""4""","=""Low""","=""false"""
"=""ab bank phone number""","=""0""","=""0""","=""4""","=""Low""","=""false"""
"=""ab bank photos""","=""0""","=""0""","=""3""","=""Low""","=""false"""
"=""ab bank phạm hùng""","=""0""","=""0""","=""4""","=""Low""","=""false"""
"=""ab bank phú mỹ hưng""","=""0""","=""0""","=""5""","=""Low""","=""false"""
"=""ab bank philippines""","=""0""","=""0""","=""3""","=""Low""","=""false"""
"=""ab bank picture""","=""0""","=""0""","=""3""","=""Low""","=""false"""
"=""ab bank pirojpur branch""","=""0""","=""0""","=""4""","=""Low""","=""false"""
"=""ab bank piraeus""","=""0""","=""0""","=""3""","=""Low""","=""false"""
"=""ab bank card pin reset""","=""0""","=""0""","=""5""","=""Low""","=""false"""
"=""ab bank debit card pin change""","=""0""","=""0""","=""6""","=""Low""","=""false"""
"=""ab bank credit card picture""","=""0""","=""0""","=""5""","=""Low""","=""false"""
"=""ab bank plc career""","=""0""","=""0""","=""4""","=""Low""","=""false"""
"=""ab bank plc job circular 2026""","=""0""","=""0""","=""6""","=""Low""","=""false"""
"=""ab bank plc head office""","=""0""","=""0""","=""5""","=""Low""","=""false"""
"=""ab bank plc trainee officer""","=""0""","=""0""","=""5""","=""Low""","=""false"""
"=""ab bank plc head office address""","=""0""","=""0""","=""6""","=""Low""","=""false"""
"=""ab bank plc circular""","=""0""","=""0""","=""4""","=""Low""","=""false"""
"=""ab bank plc india""","=""0""","=""0""","=""4""","=""Low""","=""false"""
"=""ab bank plc logo png""","=""0""","=""0""","=""5""","=""Low""","=""false"""
"=""ab bank position in bangladesh""","=""0""","=""0""","=""5""","=""Low""","=""false"""
"=""ab bank port connecting road branch routing number""","=""0""","=""0""","=""8""","=""Low""","=""false"""
"=""ab bank port connecting road branch""","=""0""","=""0""","=""6""","=""Low""","=""false"""
"=""ab bank portal""","=""0""","=""0""","=""3""","=""Low""","=""false"""
"=""ab bank position""","=""0""","=""0""","=""3""","=""Low""","=""false"""
"=""ab bank portal login""","=""0""","=""0""","=""4""","=""Low""","=""false"""
"=""ab bank portugal""","=""0""","=""0""","=""3""","=""Low""","=""false"""
"=""ab bank positive pay form""","=""0""","=""0""","=""5""","=""Low""","=""false"""
"=""ab bank pos machine""","=""0""","=""0""","=""4""","=""Low""","=""false"""
"=""ab bank post""","=""0""","=""0""","=""3""","=""Low""","=""false"""
"=""ab bank open account""","=""0""","=""0""","=""4""","=""Low""","=""false"""
"=""ab bank operating hours""","=""0""","=""0""","=""4""","=""Low""","=""false"""
"=""ab bank operating hours today""","=""0""","=""0""","=""5""","=""Low""","=""false"""
"=""ab bank operation manual""","=""0""","=""0""","=""4""","=""Low""","=""false"""
"=""ab bank open tomorrow""","=""0""","=""0""","=""4""","=""Low""","=""false"""
"=""ab bank open account online""","=""0""","=""0""","=""5""","=""Low""","=""false"""
"=""ab bank principal branch routing number""","=""0""","=""0""","=""6""","=""Low""","=""false"""
"=""ab bank principal branch""","=""0""","=""0""","=""4""","=""Low""","=""false"""
"=""ab bank pragati sarani branch routing number""","=""0""","=""0""","=""7""","=""Low""","=""false"""
"=""ab bank pragati sarani branch""","=""0""","=""0""","=""5""","=""Low""","=""false"""
"=""ab bank profit rate""","=""0""","=""0""","=""4""","=""Low""","=""false"""
"=""ab bank principal branch address""","=""0""","=""0""","=""5""","=""Low""","=""false"""
"=""ab bank present condition""","=""0""","=""0""","=""4""","=""Low""","=""false"""
"=""ab bank progoti sarani branch""","=""0""","=""0""","=""5""","=""Low""","=""false"""
"=""ab bank products""","=""0""","=""0""","=""3""","=""Low""","=""false"""
"=""ab bank present situation""","=""0""","=""0""","=""4""","=""Low""","=""false"""
"=""ab bank puran dhaka""","=""0""","=""0""","=""4""","=""Low""","=""false"""
"=""ab bank purana paltan branch""","=""0""","=""0""","=""5""","=""Low""","=""false"""
"=""ab bank qr payment""","=""0""","=""0""","=""4""","=""Low""","=""false"""
"=""ab bank qr code""","=""0""","=""0""","=""4""","=""Low""","=""false"""
"=""ab bank bangla qr""","=""0""","=""0""","=""4""","=""Low""","=""false"""
"=""ab bank ranking in bangladesh""","=""0""","=""0""","=""5""","=""Low""","=""false"""
"=""ab bank ranking in bangladesh 2026""","=""0""","=""0""","=""6""","=""Low""","=""false"""
"=""ab bank rajshahi""","=""0""","=""0""","=""3""","=""Low""","=""false"""
"=""ab bank rangpur branch""","=""0""","=""0""","=""4""","=""Low""","=""false"""
"=""ab bank rating 2026""","=""0""","=""0""","=""4""","=""Low""","=""false"""
"=""ab bank rajshahi branch""","=""0""","=""0""","=""4""","=""Low""","=""false"""
"=""ab bank rate sheet""","=""0""","=""0""","=""4""","=""Low""","=""false"""
"=""ab bank rampura branch""","=""0""","=""0""","=""4""","=""Low""","=""false"""
"=""ab bank rangpur""","=""0""","=""0""","=""3""","=""Low""","=""false"""
"=""ab bank referral code""","=""0""","=""0""","=""4""","=""Low""","=""false"""
"=""ab bank recruitment""","=""0""","=""0""","=""3""","=""Low""","=""false"""
"=""ab bank recent circular""","=""0""","=""0""","=""4""","=""Low""","=""false"""
"=""ab bank registration""","=""0""","=""0""","=""3""","=""Low""","=""false"""
"=""ab bank review""","=""0""","=""0""","=""3""","=""Low""","=""false"""
"=""ab bank remittance""","=""0""","=""0""","=""3""","=""Low""","=""false"""
"=""ab bank red zone""","=""0""","=""0""","=""4""","=""Low""","=""false"""
"=""ab bank recent news""","=""0""","=""0""","=""4""","=""Low""","=""false"""
"=""ab bank retail banking""","=""0""","=""0""","=""4""","=""Low""","=""false"""
"=""ab bank remittance incentive""","=""0""","=""0""","=""4""","=""Low""","=""false"""
"=""ab bank ring road branch""","=""0""","=""0""","=""5""","=""Low""","=""false"""
"=""ab bank risk""","=""0""","=""0""","=""3""","=""Low""","=""false"""
"=""ab bank rmb rate today""","=""0""","=""0""","=""5""","=""Low""","=""false"""
"=""ab bank routing number dhaka""","=""0""","=""0""","=""5""","=""Low""","=""false"""
"=""ab bank routing number chittagong""","=""0""","=""0""","=""5""","=""Low""","=""false"""
"=""ab bank rokeya sarani branch""","=""0""","=""0""","=""5""","=""Low""","=""false"""
"=""ab bank rokeya sarani branch routing number""","=""0""","=""0""","=""7""","=""Low""","=""false"""
"=""ab bank routing number list""","=""0""","=""0""","=""5""","=""Low""","=""false"""
"=""ab bank routing number sylhet""","=""0""","=""0""","=""5""","=""Low""","=""false"""
"=""ab bank routing number tangail""","=""0""","=""0""","=""5""","=""Low""","=""false"""
"=""ab bank routing""","=""0""","=""0""","=""3""","=""Low""","=""false"""
"=""ab bank routing number habiganj branch""","=""0""","=""0""","=""6""","=""Low""","=""false"""
"=""ab bank rupnagar branch""","=""0""","=""0""","=""4""","=""Low""","=""false"""
"=""ab bank rubavu""","=""0""","=""0""","=""3""","=""Low""","=""false"""
"=""ab bank rtgs form""","=""0""","=""0""","=""4""","=""Low""","=""false"""
"=""ab bank rtgs""","=""0""","=""0""","=""3""","=""Low""","=""false"""
"=""ab bank rtgs form pdf download free""","=""0""","=""0""","=""7""","=""Low""","=""false"""
"=""ab bank rwanda contact number""","=""0""","=""0""","=""5""","=""Low""","=""false"""
"=""ab bank rwanda branches""","=""0""","=""0""","=""4""","=""Low""","=""false"""
"=""ab bank rwanda jobs""","=""0""","=""0""","=""4""","=""Low""","=""false"""
"=""ab bank rwanda contact""","=""0""","=""0""","=""4""","=""Low""","=""false"""
"=""ab bank rwanda plc""","=""0""","=""0""","=""4""","=""Low""","=""false"""
"=""ab bank rwanda contact number whatsapp""","=""0""","=""0""","=""6""","=""Low""","=""false"""
"=""ab bank rwanda loan""","=""0""","=""0""","=""4""","=""Low""","=""false"""
"=""ab bank rwanda loan requirements""","=""0""","=""0""","=""5""","=""Low""","=""false"""
"=""ab bank rwanda loan interest rate""","=""0""","=""0""","=""6""","=""Low""","=""false"""
"=""ab bank savings account""","=""0""","=""0""","=""4""","=""Low""","=""false"""
"=""ab bank savar branch""","=""0""","=""0""","=""4""","=""Low""","=""false"""
"=""ab bank salary""","=""0""","=""0""","=""3""","=""Low""","=""false"""
"=""ab bank savar""","=""0""","=""0""","=""3""","=""Low""","=""false"""
"=""ab bank savings account charges""","=""0""","=""0""","=""5""","=""Low""","=""false"""
"=""ab bank sales officer job circular""","=""0""","=""0""","=""6""","=""Low""","=""false"""
"=""ab bank satkhira""","=""0""","=""0""","=""3""","=""Low""","=""false"""
"=""ab bank satkhira branch""","=""0""","=""0""","=""4""","=""Low""","=""false"""
"=""ab bank salary loan""","=""0""","=""0""","=""4""","=""Low""","=""false"""
"=""ab bank senior officer salary""","=""0""","=""0""","=""5""","=""Low""","=""false"""
"=""ab bank service request form""","=""0""","=""0""","=""5""","=""Low""","=""false"""
"=""ab bank senior management""","=""0""","=""0""","=""4""","=""Low""","=""false"""
"=""ab bank seed store branch""","=""0""","=""0""","=""5""","=""Low""","=""false"""
"=""ab bank senior principal officer salary""","=""0""","=""0""","=""6""","=""Low""","=""false"""
"=""ab bank services""","=""0""","=""0""","=""3""","=""Low""","=""false"""
"=""ab bank seal""","=""0""","=""0""","=""3""","=""Low""","=""false"""
"=""ab bank service charge""","=""0""","=""0""","=""4""","=""Low""","=""false"""
"=""ab bank schedule of charges""","=""0""","=""0""","=""5""","=""Low""","=""false"""
"=""ab bank scheme""","=""0""","=""0""","=""3""","=""Low""","=""false"""
"=""ab bank school banking""","=""0""","=""0""","=""4""","=""Low""","=""false"""
"=""ab bank scheme deposit""","=""0""","=""0""","=""4""","=""Low""","=""false"""
"=""ab bank schedule of charges 2025""","=""0""","=""0""","=""6""","=""Low""","=""false"""
"=""ab bank scholarship""","=""0""","=""0""","=""3""","=""Low""","=""false"""
"=""ab bank schedule of charges 2024""","=""0""","=""0""","=""6""","=""Low""","=""false"""
"=""ab bank sitakunda branch""","=""0""","=""0""","=""4""","=""Low""","=""false"""
"=""ab bank sign up""","=""0""","=""0""","=""4""","=""Low""","=""false"""
"=""ab bank sirajganj branch""","=""0""","=""0""","=""4""","=""Low""","=""false"""
"=""ab bank situation now""","=""0""","=""0""","=""4""","=""Low""","=""false"""
"=""ab bank sirajganj""","=""0""","=""0""","=""3""","=""Low""","=""false"""
"=""ab bank sign in""","=""0""","=""0""","=""4""","=""Low""","=""false"""
"=""ab bank situation""","=""0""","=""0""","=""3""","=""Low""","=""false"""
"=""ab bank sitakunda branch contact number""","=""0""","=""0""","=""6""","=""Low""","=""false"""
"=""ab bank sitakunda branch swift code""","=""0""","=""0""","=""6""","=""Low""","=""false"""
"=""ab bank sitakunda""","=""0""","=""0""","=""3""","=""Low""","=""false"""
"=""ab bank share price""","=""0""","=""0""","=""4""","=""Low""","=""false"""
"=""ab bank shyamoli branch""","=""0""","=""0""","=""4""","=""Low""","=""false"""
"=""ab bank shyamoli branch routing number""","=""0""","=""0""","=""6""","=""Low""","=""false"""
"=""ab bank share price today""","=""0""","=""0""","=""5""","=""Low""","=""false"""
"=""ab bank short code""","=""0""","=""0""","=""4""","=""Low""","=""false"""
"=""ab bank sherpur branch""","=""0""","=""0""","=""4""","=""Low""","=""false"""
"=""ab bank shyamoli branch phone number""","=""0""","=""0""","=""6""","=""Low""","=""false"""
"=""ab bank shantinagar branch""","=""0""","=""0""","=""4""","=""Low""","=""false"""
"=""ab bank shareholders""","=""0""","=""0""","=""3""","=""Low""","=""false"""
"=""ab bank shariatpur""","=""0""","=""0""","=""3""","=""Low""","=""false"""
"=""ab bank skymark""","=""0""","=""0""","=""3""","=""Low""","=""false"""
"=""ab bank slogan""","=""0""","=""0""","=""3""","=""Low""","=""false"""
"=""ab bank credit card payment slip""","=""0""","=""0""","=""6""","=""Low""","=""false"""
"=""ab bank credit card deposit slip""","=""0""","=""0""","=""6""","=""Low""","=""false"""
"=""ab bank soc""","=""0""","=""0""","=""3""","=""Low""","=""false"""
"=""ab bank sort codes""","=""0""","=""0""","=""4""","=""Low""","=""false"""
"=""ab bank sort codes zambia""","=""0""","=""0""","=""5""","=""Low""","=""false"""
"=""ab bank solwezi branch""","=""0""","=""0""","=""4""","=""Low""","=""false"""
"=""ab bank solwezi""","=""0""","=""0""","=""3""","=""Low""","=""false"""
"=""ab bank sonargaon branch""","=""0""","=""0""","=""4""","=""Low""","=""false"""
"=""ab bank software""","=""0""","=""0""","=""3""","=""Low""","=""false"""
"=""ab bank sonaimuri branch""","=""0""","=""0""","=""4""","=""Low""","=""false"""
"=""ab bank smart account""","=""0""","=""0""","=""4""","=""Low""","=""false"""
"=""ab bank smart saver account""","=""0""","=""0""","=""5""","=""Low""","=""false"""
"=""ab bank sme loan""","=""0""","=""0""","=""4""","=""Low""","=""false"""
"=""ab bank smart account charges""","=""0""","=""0""","=""5""","=""Low""","=""false"""
"=""ab bank smt""","=""0""","=""0""","=""3""","=""Low""","=""false"""
"=""ab bank smart saver""","=""0""","=""0""","=""4""","=""Low""","=""false"""
"=""ab bank sms service""","=""0""","=""0""","=""4""","=""Low""","=""false"""
"=""ab bank sms banking""","=""0""","=""0""","=""4""","=""Low""","=""false"""
"=""ab bank balance check sms""","=""0""","=""0""","=""5""","=""Low""","=""false"""
"=""ab bank spo salary""","=""0""","=""0""","=""4""","=""Low""","=""false"""
"=""ab bank sreemangal branch""","=""0""","=""0""","=""4""","=""Low""","=""false"""
"=""ab bank sreenagar branch""","=""0""","=""0""","=""4""","=""Low""","=""false"""
"=""ab bank sreemangal""","=""0""","=""0""","=""3""","=""Low""","=""false"""
"=""ab bank limited sreemangal""","=""0""","=""0""","=""4""","=""Low""","=""false"""
"=""ab bank statement download""","=""0""","=""0""","=""4""","=""Low""","=""false"""
"=""ab bank student account charges""","=""0""","=""0""","=""5""","=""Low""","=""false"""
"=""ab bank student account age limit""","=""0""","=""0""","=""6""","=""Low""","=""false"""
"=""ab bank student loan""","=""0""","=""0""","=""4""","=""Low""","=""false"""
"=""ab bank station road branch""","=""0""","=""0""","=""5""","=""Low""","=""false"""
"=""ab bank student file""","=""0""","=""0""","=""4""","=""Low""","=""false"""
"=""ab bank statement form""","=""0""","=""0""","=""4""","=""Low""","=""false"""
"=""ab bank logo svg""","=""0""","=""0""","=""4""","=""Low""","=""false"""
"=""ab bank swift code in chittagong""","=""0""","=""0""","=""6""","=""Low""","=""false"""
"=""ab bank swift code sylhet""","=""0""","=""0""","=""5""","=""Low""","=""false"""
"=""ab bank swift""","=""0""","=""0""","=""3""","=""Low""","=""false"""
"=""ab bank swift code barisal branch""","=""0""","=""0""","=""6""","=""Low""","=""false"""
"=""ab bank swift code jhenaidah branch""","=""0""","=""0""","=""6""","=""Low""","=""false"""
"=""ab bank sylhet""","=""0""","=""0""","=""3""","=""Low""","=""false"""
"=""ab bank sylhet branch""","=""0""","=""0""","=""4""","=""Low""","=""false"""
"=""ab bank sylhet branch list phone number""","=""0""","=""0""","=""7""","=""Low""","=""false"""
"=""ab bank sylhet branch list""","=""0""","=""0""","=""5""","=""Low""","=""false"""
"=""ab bank sylhet all branch""","=""0""","=""0""","=""5""","=""Low""","=""false"""
"=""ab bank sylhet branch routing number""","=""0""","=""0""","=""6""","=""Low""","=""false"""
"=""ab bank sylhet phone number""","=""0""","=""0""","=""5""","=""Low""","=""false"""
"=""ab bank sylhet location""","=""0""","=""0""","=""4""","=""Low""","=""false"""
"=""ab bank loan system""","=""0""","=""0""","=""4""","=""Low""","=""false"""
"=""ab bank tangail""","=""0""","=""0""","=""3""","=""Low""","=""false"""
"=""ab bank tangail branch""","=""0""","=""0""","=""4""","=""Low""","=""false"""
"=""ab bank tao""","=""0""","=""0""","=""3""","=""Low""","=""false"""
"=""ab bank tao circular""","=""0""","=""0""","=""4""","=""Low""","=""false"""
"=""ab bank tangail branch routing number""","=""0""","=""0""","=""6""","=""Low""","=""false"""
"=""ab bank tajpur branch""","=""0""","=""0""","=""4""","=""Low""","=""false"""
"=""ab bank tax return submission""","=""0""","=""0""","=""5""","=""Low""","=""false"""
"=""ab bank tajmahal road branch""","=""0""","=""0""","=""5""","=""Low""","=""false"""
"=""ab bank tangail branch swift code""","=""0""","=""0""","=""6""","=""Low""","=""false"""
"=""ab bank tejgaon branch""","=""0""","=""0""","=""4""","=""Low""","=""false"""
"=""ab bank tender""","=""0""","=""0""","=""3""","=""Low""","=""false"""
"=""ab bank tender notice""","=""0""","=""0""","=""4""","=""Low""","=""false"""
"=""ab bank teknaf branch""","=""0""","=""0""","=""4""","=""Low""","=""false"""
"=""ab bank term deposit rates""","=""0""","=""0""","=""5""","=""Low""","=""false"""
"=""ab bank teknaf branch swift code""","=""0""","=""0""","=""6""","=""Low""","=""false"""
"=""ab bank teknaf""","=""0""","=""0""","=""3""","=""Low""","=""false"""
"=""ab bank tejgaon""","=""0""","=""0""","=""3""","=""Low""","=""false"""
"=""ab bank management team""","=""0""","=""0""","=""4""","=""Low""","=""false"""
"=""ab bank titanium credit card""","=""0""","=""0""","=""5""","=""Low""","=""false"""
"=""ab bank titanium credit card lounge access""","=""0""","=""0""","=""7""","=""Low""","=""false"""
"=""ab bank titanium mastercard""","=""0""","=""0""","=""4""","=""Low""","=""false"""
"=""ab bank tin number""","=""0""","=""0""","=""4""","=""Low""","=""false"""
"=""ab bank time""","=""0""","=""0""","=""3""","=""Low""","=""false"""
"=""ab bank tibia""","=""0""","=""0""","=""3""","=""Low""","=""false"""
"=""ab bank titanium card""","=""0""","=""0""","=""4""","=""Low""","=""false"""
"=""ab bank total branch in bangladesh""","=""0""","=""0""","=""6""","=""Low""","=""false"""
"=""ab bank total branch""","=""0""","=""0""","=""4""","=""Low""","=""false"""
"=""ab bank to salary""","=""0""","=""0""","=""4""","=""Low""","=""false"""
"=""ab bank to""","=""0""","=""0""","=""3""","=""Low""","=""false"""
"=""ab bank to bkash""","=""0""","=""0""","=""4""","=""Low""","=""false"""
"=""ab bank total deposit""","=""0""","=""0""","=""4""","=""Low""","=""false"""
"=""ab bank today dollar rate""","=""0""","=""0""","=""5""","=""Low""","=""false"""
"=""ab bank to circular""","=""0""","=""0""","=""4""","=""Low""","=""false"""
"=""ab bank tphcm""","=""0""","=""0""","=""3""","=""Low""","=""false"""
"=""ab bank training academy""","=""0""","=""0""","=""4""","=""Low""","=""false"""
"=""ab bank trainee officer apply""","=""0""","=""0""","=""5""","=""Low""","=""false"""
"=""ab bank trainee officer circular 2026""","=""0""","=""0""","=""6""","=""Low""","=""false"""
"=""ab bank trainee officer job circular""","=""0""","=""0""","=""6""","=""Low""","=""false"""
"=""ab bank trainee officer apply online""","=""0""","=""0""","=""6""","=""Low""","=""false"""
"=""ab bank trainee officer career""","=""0""","=""0""","=""5""","=""Low""","=""false"""
"=""ab bank trainee officer salary per month""","=""0""","=""0""","=""7""","=""Low""","=""false"""
"=""ab bank tt rate""","=""0""","=""0""","=""4""","=""Low""","=""false"""
"=""ab bank support mail""","=""0""","=""0""","=""4""","=""Low""","=""false"""
"=""ab bank sub branch list""","=""0""","=""0""","=""5""","=""Low""","=""false"""
"=""ab bank support email""","=""0""","=""0""","=""4""","=""Low""","=""false"""
"=""ab bank surma tower""","=""0""","=""0""","=""4""","=""Low""","=""false"""
"=""ab bank sunamganj branch""","=""0""","=""0""","=""4""","=""Low""","=""false"""
"=""ab bank sub branch""","=""0""","=""0""","=""4""","=""Low""","=""false"""
"=""ab bank sunamganj""","=""0""","=""0""","=""3""","=""Low""","=""false"""
"=""ab bank support number""","=""0""","=""0""","=""4""","=""Low""","=""false"""
"=""ab bank sub branch list near me""","=""0""","=""0""","=""7""","=""Low""","=""false"""
"=""ab bank zambia types of accounts""","=""0""","=""0""","=""6""","=""Low""","=""false"""
"=""ab bank account type""","=""0""","=""0""","=""4""","=""Low""","=""false"""
"=""ab bank uae""","=""0""","=""0""","=""3""","=""Low""","=""false"""
"=""ab bank dhaka uddan branch""","=""0""","=""0""","=""5""","=""Low""","=""false"""
"=""ab bank dhaka uddan""","=""0""","=""0""","=""4""","=""Low""","=""false"""
"=""ab bank jashim uddin branch""","=""0""","=""0""","=""5""","=""Low""","=""false"""
"=""ab bank unit trust""","=""0""","=""0""","=""4""","=""Low""","=""false"""
"=""ab bank western union""","=""0""","=""0""","=""4""","=""Low""","=""false"""
"=""ab bank update news""","=""0""","=""0""","=""4""","=""Low""","=""false"""
"=""ab bank uposhohor branch""","=""0""","=""0""","=""4""","=""Low""","=""false"""
"=""ab bank uposhohor branch routing number""","=""0""","=""0""","=""6""","=""Low""","=""false"""
"=""ab bank update""","=""0""","=""0""","=""3""","=""Low""","=""false"""
"=""ab bank update news today""","=""0""","=""0""","=""5""","=""Low""","=""false"""
"=""ab bank email update""","=""0""","=""0""","=""4""","=""Low""","=""false"""
"=""ab bank paid up capital""","=""0""","=""0""","=""5""","=""Low""","=""false"""
"=""ab bank abdirect sign up""","=""0""","=""0""","=""5""","=""Low""","=""false"""
"=""ab bank internet banking sign up""","=""0""","=""0""","=""6""","=""Low""","=""false"""
"=""ab bank ussd code""","=""0""","=""0""","=""4""","=""Low""","=""false"""
"=""ab bank usd rate today""","=""0""","=""0""","=""5""","=""Low""","=""false"""
"=""ab bank ussd code zambia""","=""0""","=""0""","=""5""","=""Low""","=""false"""
"=""ab bank ussd""","=""0""","=""0""","=""3""","=""Low""","=""false"""
"=""ab bank usa""","=""0""","=""0""","=""3""","=""Low""","=""false"""
"=""ab bank uk""","=""0""","=""0""","=""3""","=""Low""","=""false"""
"=""ab bank ukhiya branch routing number""","=""0""","=""0""","=""6""","=""Low""","=""false"""
"=""ab bank ukhiya branch""","=""0""","=""0""","=""4""","=""Low""","=""false"""
"=""ab bank uttara branch""","=""0""","=""0""","=""4""","=""Low""","=""false"""
"=""ab bank uttara""","=""0""","=""0""","=""3""","=""Low""","=""false"""
"=""ab bank uttara branch address""","=""0""","=""0""","=""5""","=""Low""","=""false"""
"=""ab bank uttara branch routing number""","=""0""","=""0""","=""6""","=""Low""","=""false"""
"=""ab bank uttara branch contact number""","=""0""","=""0""","=""6""","=""Low""","=""false"""
"=""ab bank uttara branch location""","=""0""","=""0""","=""5""","=""Low""","=""false"""
"=""ab bank uttara branch swift code""","=""0""","=""0""","=""6""","=""Low""","=""false"""
"=""ab bank uttara address""","=""0""","=""0""","=""4""","=""Low""","=""false"""
"=""ab bank uttara contact number""","=""0""","=""0""","=""5""","=""Low""","=""false"""
"=""ab bank uttara location""","=""0""","=""0""","=""4""","=""Low""","=""false"""
"=""ab bank vatara branch""","=""0""","=""0""","=""4""","=""Low""","=""false"""
"=""ab bank job vacancies""","=""0""","=""0""","=""4""","=""Low""","=""false"""
"=""ab bank ullapara branch""","=""0""","=""0""","=""4""","=""Low""","=""false"""
"=""ab bank vice president""","=""0""","=""0""","=""4""","=""Low""","=""false"""
"=""ab bank visa debit card""","=""0""","=""0""","=""5""","=""Low""","=""false"""
"=""ab bank vice chairman""","=""0""","=""0""","=""4""","=""Low""","=""false"""
"=""ab bank vip road branch sylhet""","=""0""","=""0""","=""6""","=""Low""","=""false"""
"=""ab bank việt nam""","=""0""","=""0""","=""4""","=""Low""","=""false"""
"=""ab bank visa credit card""","=""0""","=""0""","=""5""","=""Low""","=""false"""
"=""ab bank chandpur vs ispahani feni""","=""0""","=""0""","=""6""","=""Low""","=""false"""
"=""ab bank vulta branch""","=""0""","=""0""","=""4""","=""Low""","=""false"""
"=""ab bank wallet""","=""0""","=""0""","=""3""","=""Low""","=""false"""
"=""ab bank wari branch""","=""0""","=""0""","=""4""","=""Low""","=""false"""
"=""ab bank whatsapp number""","=""0""","=""0""","=""4""","=""Low""","=""false"""
"=""ab bank which country""","=""0""","=""0""","=""4""","=""Low""","=""false"""
"=""ab bank contact number whatsapp number""","=""0""","=""0""","=""6""","=""Low""","=""false"""
"=""ab bank stands for what""","=""0""","=""0""","=""5""","=""Low""","=""false"""
"=""ab bank zambia contact number whatsapp number""","=""0""","=""0""","=""7""","=""Low""","=""false"""
"=""ab bank zambia contact number whatsapp number near lusaka""","=""0""","=""0""","=""9""","=""Low""","=""false"""
"=""ab bank webmail""","=""0""","=""0""","=""3""","=""Low""","=""false"""
"=""ab bank web login""","=""0""","=""0""","=""4""","=""Low""","=""false"""
"=""ab bank zambia website""","=""0""","=""0""","=""4""","=""Low""","=""false"""
"=""ab bank withdrawal limit""","=""0""","=""0""","=""4""","=""Low""","=""false"""
"=""ab bank atm withdrawal charges""","=""0""","=""0""","=""5""","=""Low""","=""false"""
"=""ab bank loans without collateral""","=""0""","=""0""","=""5""","=""Low""","=""false"""
"=""ab bank cash withdrawal limit""","=""0""","=""0""","=""5""","=""Low""","=""false"""
"=""ab bank working hours""","=""0""","=""0""","=""4""","=""Low""","=""false"""
"=""ab bank world credit card""","=""0""","=""0""","=""5""","=""Low""","=""false"""
"=""ab bank world mastercard""","=""0""","=""0""","=""4""","=""Low""","=""false"""
"=""ab bank world card""","=""0""","=""0""","=""4""","=""Low""","=""false"""
"=""ab bank working hours today""","=""0""","=""0""","=""5""","=""Low""","=""false"""
"=""ab bank working days""","=""0""","=""0""","=""4""","=""Low""","=""false"""
"=""ab bank working hours saturday""","=""0""","=""0""","=""5""","=""Low""","=""false"""
"=""ab bank world mastercard credit card""","=""0""","=""0""","=""6""","=""Low""","=""false"""
"=""ab bank working hours in zambia""","=""0""","=""0""","=""6""","=""Low""","=""false"""
"=""ab bank written exam question""","=""0""","=""0""","=""5""","=""Low""","=""false"""
"=""ab bank mto written question""","=""0""","=""0""","=""5""","=""Low""","=""false"""
"=""ab bank yearly charge""","=""0""","=""0""","=""4""","=""Low""","=""false"""
"=""ab bank previous year question""","=""0""","=""0""","=""5""","=""Low""","=""false"""
"=""ab bank credit card yearly charges""","=""0""","=""0""","=""6""","=""Low""","=""false"""
"=""ab bank zinzira branch""","=""0""","=""0""","=""4""","=""Low""","=""false"""
"=""ab bank zigatola branch""","=""0""","=""0""","=""4""","=""Low""","=""false"""
"=""ab bank zindabazar branch""","=""0""","=""0""","=""4""","=""Low""","=""false"""
"=""ab bank zambia branches""","=""0""","=""0""","=""4""","=""Low""","=""false"""
"=""ab bank zambia online banking""","=""0""","=""0""","=""5""","=""Low""","=""false"""
"=""ab bank zambia contact number""","=""0""","=""0""","=""5""","=""Low""","=""false"""
"=""ab bank zambia loans""","=""0""","=""0""","=""4""","=""Low""","=""false"""
"=""ab bank zambia jobs""","=""0""","=""0""","=""4""","=""Low""","=""false"""
"=""ab bank zambia careers""","=""0""","=""0""","=""4""","=""Low""","=""false"""
"=""ab bank zambia head office address""","=""0""","=""0""","=""6""","=""Low""","=""false"""
"=""ab bank zambia address""","=""0""","=""0""","=""4""","=""Low""","=""false"""
"=""ab bank zambia branch codes""","=""0""","=""0""","=""5""","=""Low""","=""false"""
"=""ab bank có lừa đảo không""","=""0""","=""0""","=""6""","=""Low""","=""false"""
"=""ab bank có rút tiền không cần thẻ không""","=""0""","=""0""","=""9""","=""Low""","=""false"""
"=""ab bank có mất phí hàng tháng không""","=""0""","=""0""","=""8""","=""Low""","=""false"""
"=""ab bank fdr rate 2025""","=""0""","=""0""","=""5""","=""Low""","=""false"""
"=""ab bank e loan""","=""0""","=""0""","=""4""","=""Low""","=""false"""
"=""ab bank e statement""","=""0""","=""0""","=""4""","=""Low""","=""false"""
"=""ab bank hưng yên""","=""0""","=""0""","=""4""","=""Low""","=""false"""
"=""ab bank 0 emi""","=""0""","=""0""","=""4""","=""Low""","=""false"""
"=""ab bank 3 month fdr rate""","=""0""","=""0""","=""6""","=""Low""","=""false"""
"=""ab bank sector 4""","=""0""","=""0""","=""4""","=""Low""","=""false"""
"=""ab bank branch code 4707""","=""0""","=""0""","=""5""","=""Low""","=""false"""
"=""ab bank branch code 4005""","=""0""","=""0""","=""5""","=""Low""","=""false"""
"=""ab bank 1st mutual fund""","=""0""","=""0""","=""5""","=""Low""","=""false"""
"=""ab bank 1st mutual fund annual report""","=""0""","=""0""","=""7""","=""Low""","=""false"""
"=""ab bank 1 month fdr rate""","=""0""","=""0""","=""6""","=""Low""","=""false"""
"=""ab bank mirpur 10 branch address""","=""0""","=""0""","=""6""","=""Low""","=""false"""
"=""ab bank mirpur 6""","=""0""","=""0""","=""4""","=""Low""","=""false"""
"=""ab bank 2026""","=""0""","=""0""","=""3""","=""Low""","=""false"""
"=""ab bank 2025""","=""0""","=""0""","=""3""","=""Low""","=""false"""
"=""ab bank 2024 annual report""","=""0""","=""0""","=""5""","=""Low""","=""false"""
"=""ab bank annual report 2016""","=""0""","=""0""","=""5""","=""Low""","=""false"""
"=""ab bank tên là gì""","=""0""","=""0""","=""5""","=""Low""","=""false"""
"=""ab bank tên đầy đủ""","=""0""","=""0""","=""5""","=""Low""","=""false"""
"=""ab bank có an toàn không""","=""0""","=""0""","=""6""","=""Low""","=""false"""
"=""ab bank từ sơn""","=""0""","=""0""","=""4""","=""Low""","=""false"""
"=""sb ab bank""","=""10""","=""0""","=""3""","=""Low""","=""false"""
"=""about ab bank zambia""","=""0""","=""0""","=""4""","=""Low""","=""false"""
"=""sbab bank ab aktie""","=""0""","=""0""","=""4""","=""Low""","=""false"""
"=""ab invest arab bank""","=""0""","=""0""","=""4""","=""Low""","=""false"""
"=""bliq ab bank""","=""0""","=""0""","=""3""","=""Low""","=""false"""
"=""cskh ab bank""","=""0""","=""0""","=""3""","=""Low""","=""false"""
"=""etumba ab bank online banking""","=""0""","=""0""","=""5""","=""Low""","=""false"""
"=""is ab bank open today""","=""0""","=""0""","=""5""","=""Low""","=""false"""
"=""iut ab bank account number""","=""0""","=""0""","=""5""","=""Low""","=""false"""
"=""jsc ab bank of china kazakhstan""","=""0""","=""0""","=""6""","=""Low""","=""false"""
"=""swedbank ab bank key""","=""0""","=""0""","=""4""","=""Low""","=""false"""
"=""ob ab bank""","=""0""","=""0""","=""3""","=""Low""","=""false"""
"=""osan ab bank""","=""0""","=""0""","=""3""","=""Low""","=""false"""
"=""qliro ab bank""","=""0""","=""0""","=""3""","=""Low""","=""false"""
"=""svea ab bank""","=""0""","=""0""","=""3""","=""Low""","=""false"""
"=""klarna bank ab bank uk""","=""0""","=""0""","=""5""","=""Low""","=""false"""
"=""www ab bank plc""","=""0""","=""0""","=""4""","=""Low""","=""false"""
"=""yokota ab bank""","=""0""","=""0""","=""3""","=""Low""","=""false"""
"=""mbbank""","=""301000""","=""0.22""","=""1""","=""Low""","=""false"""
"=""abbank""","=""18100""","=""0.52""","=""1""","=""Low""","=""false"""
"=""mbbank đăng nhập""","=""14800""","=""0.24""","=""3""","=""Low""","=""false"""
"=""mbbank online""","=""12100""","=""0.43""","=""2""","=""Low""","=""false"""
"=""tỷ giá mbbank""","=""6600""","=""0""","=""3""","=""Low""","=""false"""
"=""mbbank doanh nghiệp""","=""5400""","=""1.02""","=""3""","=""Low""","=""false"""
"=""mbbank tuyển dụng""","=""4400""","=""0.15""","=""3""","=""Low""","=""false"""
"=""mbbank gần nhất""","=""4400""","=""0""","=""3""","=""Low""","=""false"""
"=""agribank internet banking""","=""3600""","=""0""","=""3""","=""Low""","=""false"""
"=""agribank gần nhất""","=""2900""","=""0""","=""3""","=""Low""","=""false"""
"=""ngan hang abbank""","=""2400""","=""0.31""","=""3""","=""Low""","=""false"""
"=""mbbank biz""","=""1900""","=""3.72""","=""2""","=""Low""","=""false"""
"=""agribank chi nhánh sài gòn""","=""1900""","=""0""","=""5""","=""Low""","=""false"""
"=""tuyen dung mbbank""","=""1300""","=""0.1""","=""3""","=""Low""","=""false"""
"=""agribank corporate banking""","=""1300""","=""0""","=""3""","=""Low""","=""false"""
"=""agribank corporate""","=""1300""","=""0""","=""2""","=""Low""","=""false"""
"=""agribank gần tôi""","=""1300""","=""0""","=""3""","=""Low""","=""false"""
"=""mbbank app""","=""1000""","=""0.2""","=""2""","=""Low""","=""false"""
"=""mbbank doanh nghiệp đăng nhập""","=""880""","=""0.67""","=""5""","=""Low""","=""false"""
"=""mbbank online doanh nghiệp""","=""880""","=""0.67""","=""4""","=""Low""","=""false"""
"=""agribank cần thơ""","=""880""","=""0""","=""3""","=""Low""","=""false"""
"=""lai suat agribank""","=""720""","=""0""","=""3""","=""Low""","=""false"""
"=""mbbank banking""","=""720""","=""0.17""","=""2""","=""Low""","=""false"""
"=""mbbank logo""","=""720""","=""0""","=""2""","=""Low""","=""false"""
"=""agribank giờ làm việc""","=""590""","=""0""","=""4""","=""Low""","=""false"""
"=""mbbank quận 7""","=""590""","=""0""","=""3""","=""Low""","=""false"""
"=""mbbank vay tiêu dùng""","=""590""","=""0.79""","=""4""","=""Medium""","=""false"""
"=""mbbank web""","=""590""","=""0.66""","=""2""","=""Low""","=""false"""
"=""mbbank website""","=""590""","=""0.66""","=""2""","=""Low""","=""false"""
"=""mbbank atm""","=""590""","=""0""","=""2""","=""Low""","=""false"""
"=""sdt agribank""","=""480""","=""0""","=""2""","=""Low""","=""false"""
"=""mbbank thủ đức""","=""480""","=""0""","=""3""","=""Low""","=""false"""
"=""agribank bảo trì""","=""480""","=""0""","=""3""","=""Low""","=""true"""
"=""mbbank bảo trì hôm nay""","=""480""","=""0""","=""5""","=""Low""","=""false"""
"=""mbbank bảo trì""","=""480""","=""0""","=""3""","=""Low""","=""false"""
"=""mbbank digital banking corp""","=""480""","=""0""","=""4""","=""Low""","=""true"""
"=""mbbank tỷ giá""","=""480""","=""0""","=""3""","=""Low""","=""false"""
"=""an binh bank tuyen dung""","=""390""","=""0.16""","=""5""","=""Low""","=""false"""
"=""agribank phú yên""","=""390""","=""0""","=""3""","=""Low""","=""false"""
"=""mbbank tên tiếng anh""","=""390""","=""0""","=""4""","=""Low""","=""false"""
"=""mbbank lãi suất tiết kiệm""","=""390""","=""0""","=""5""","=""Low""","=""true"""
"=""mbbank tổng đài""","=""390""","=""0""","=""3""","=""Low""","=""false"""
"=""tổng đài abbank""","=""320""","=""0""","=""3""","=""Low""","=""true"""
"=""agribank chi nhánh""","=""320""","=""0""","=""3""","=""Low""","=""false"""
"=""mbbank gan day""","=""320""","=""0""","=""3""","=""Low""","=""false"""
"=""mbbank thái nguyên""","=""320""","=""0""","=""3""","=""Low""","=""false"""
"=""mbbank tiếng anh""","=""320""","=""0""","=""3""","=""Low""","=""false"""
"=""mbbank bình thạnh""","=""320""","=""0""","=""3""","=""Low""","=""false"""
"=""agribank gò vấp""","=""320""","=""0""","=""3""","=""Low""","=""false"""
"=""mbbank apk""","=""260""","=""0.13""","=""2""","=""Low""","=""false"""
"=""agribank chi nhánh hà nội""","=""260""","=""0""","=""5""","=""Low""","=""false"""
"=""abbank nguyễn văn cừ""","=""260""","=""0""","=""4""","=""Low""","=""false"""
"=""mbbank online đăng ký""","=""260""","=""0.56""","=""4""","=""Medium""","=""false"""
"=""mbbank thái bình""","=""260""","=""0""","=""3""","=""Low""","=""false"""
"=""agribank corporate banking đăng nhập""","=""260""","=""0""","=""5""","=""Low""","=""false"""
"=""agribank có làm việc thứ 7 không""","=""260""","=""0""","=""7""","=""Low""","=""false"""
"=""mbbank dĩ an""","=""260""","=""0""","=""3""","=""Low""","=""false"""
"=""mbbank hai bà trưng""","=""210""","=""0""","=""4""","=""Low""","=""false"""
"=""abbank quang trung""","=""210""","=""0""","=""3""","=""Low""","=""false"""
"=""mbbank quảng ngãi""","=""210""","=""0""","=""3""","=""Low""","=""false"""
"=""mbbank quận 10""","=""210""","=""0""","=""3""","=""Low""","=""false"""
"=""mbbank thanh hoá""","=""210""","=""0""","=""3""","=""Low""","=""false"""
"=""mbbank vĩnh long""","=""210""","=""0""","=""3""","=""Low""","=""false"""
"=""agribank ebanking""","=""170""","=""0""","=""2""","=""Low""","=""false"""
"=""agribank giải phóng""","=""170""","=""0""","=""3""","=""Low""","=""false"""
"=""agribank gia lai""","=""170""","=""0""","=""3""","=""Low""","=""false"""
"=""mbbank bắc ninh""","=""170""","=""0""","=""3""","=""Low""","=""false"""
"=""mbbank phú nhuận""","=""170""","=""0""","=""3""","=""Low""","=""false"""
"=""mbbank quang trung""","=""170""","=""0""","=""3""","=""Low""","=""false"""
"=""mbbank quận 5""","=""170""","=""0""","=""3""","=""Low""","=""false"""
"=""mbbank quận 3""","=""170""","=""0""","=""3""","=""Low""","=""false"""
"=""mbbank thẻ tín dụng""","=""170""","=""0.62""","=""4""","=""Medium""","=""false"""
"=""mbbank mỹ tho""","=""170""","=""0""","=""3""","=""Low""","=""false"""
"=""mbbank quận 4""","=""170""","=""0""","=""3""","=""Low""","=""false"""
"=""mbbank quận 8""","=""170""","=""0""","=""3""","=""Low""","=""false"""
"=""agribank chi nhánh thủ đức""","=""140""","=""0""","=""5""","=""Low""","=""true"""
"=""agribank chi nhánh bình thạnh""","=""140""","=""0""","=""5""","=""Low""","=""false"""
"=""mbbank lãi suất""","=""140""","=""0""","=""3""","=""Low""","=""false"""
"=""agribank mỹ đình""","=""140""","=""0""","=""3""","=""Low""","=""false"""
"=""agribank chuyển tiền chậm""","=""110""","=""0""","=""4""","=""Low""","=""false"""
"=""mbbank thời gian làm việc""","=""110""","=""0""","=""5""","=""Low""","=""false"""
"=""mbbank vay tín chấp""","=""110""","=""0.79""","=""4""","=""Medium""","=""false"""
"=""mbbank vay""","=""110""","=""0.76""","=""2""","=""Medium""","=""false"""
"=""mbbank mỹ đình""","=""110""","=""0""","=""3""","=""Low""","=""false"""
"=""mbbank hội an""","=""110""","=""0""","=""3""","=""Low""","=""false"""
"=""agribank chi nhánh hoàng mai""","=""90""","=""0""","=""5""","=""Low""","=""false"""
"=""mbbank download""","=""90""","=""0.22""","=""2""","=""Low""","=""false"""
"=""abbank nguyễn chánh""","=""90""","=""0""","=""3""","=""Low""","=""false"""
"=""ping an bank""","=""90""","=""0""","=""3""","=""Low""","=""false"""
"=""mbbank quận 1""","=""90""","=""0""","=""3""","=""Low""","=""false"""
"=""mbbank thu phí thường niên""","=""90""","=""0""","=""5""","=""Low""","=""false"""
"=""mbbank an giang""","=""90""","=""0""","=""3""","=""Low""","=""false"""
"=""mbbank tuyển dụng hội sở""","=""90""","=""0.07""","=""5""","=""Low""","=""true"""
"=""abbank banking""","=""70""","=""0""","=""2""","=""Low""","=""false"""
"=""tổng đài ngân hàng abbank""","=""70""","=""0""","=""5""","=""Low""","=""false"""
"=""mbbank api""","=""70""","=""0""","=""2""","=""Low""","=""false"""
"=""abbank hoàng cầu""","=""70""","=""0""","=""3""","=""Low""","=""false"""
"=""agribank hoi an""","=""70""","=""0""","=""3""","=""Low""","=""false"""
"=""mbbank lê trọng tấn""","=""70""","=""0""","=""4""","=""Low""","=""false"""
"=""mbbank mst""","=""70""","=""0""","=""2""","=""Low""","=""false"""
"=""mbbank vay tiền""","=""70""","=""0.77""","=""3""","=""Medium""","=""false"""
"=""mbbank vay online""","=""70""","=""0.7""","=""3""","=""Medium""","=""false"""
"=""mbbank vietstock""","=""70""","=""0""","=""2""","=""Low""","=""false"""
"=""chăm sóc khách hàng abbank""","=""50""","=""0""","=""5""","=""Low""","=""false"""
"=""số tổng đài abbank""","=""50""","=""0""","=""4""","=""Low""","=""false"""
"=""agribank chi nhánh huế""","=""50""","=""0""","=""4""","=""Low""","=""true"""
"=""agribank gia định""","=""50""","=""0""","=""3""","=""Low""","=""false"""
"=""agribank trần đăng ninh""","=""50""","=""0""","=""4""","=""Low""","=""false"""
"=""mbbank quận 6""","=""50""","=""0""","=""3""","=""Low""","=""true"""
"=""mbbank tam kỳ""","=""50""","=""0""","=""3""","=""Low""","=""false"""
"=""agribank vinh""","=""50""","=""0""","=""2""","=""Low""","=""false"""
"=""mbbank voz""","=""50""","=""0""","=""2""","=""Low""","=""false"""
"=""mbbank an phú""","=""50""","=""0""","=""3""","=""Low""","=""false"""
"=""mbbank digital""","=""50""","=""0""","=""2""","=""Low""","=""false"""
"=""mbbank visa debit""","=""50""","=""0""","=""3""","=""Low""","=""false"""
"=""abbank hội sở""","=""50""","=""0""","=""3""","=""Low""","=""false"""
"=""abbank hà nội""","=""50""","=""0""","=""3""","=""Low""","=""false"""
"=""mbbank quận 2""","=""50""","=""0""","=""3""","=""Low""","=""false"""
"=""mbbank tên đầy đủ là gì""","=""50""","=""0""","=""6""","=""Low""","=""true"""
"=""agribank gần""","=""50""","=""0""","=""2""","=""Low""","=""false"""
"=""số tổng đài ngân hàng abbank""","=""40""","=""0""","=""6""","=""Low""","=""false"""
"=""số điện thoại ngân hàng abbank""","=""40""","=""0""","=""6""","=""Low""","=""false"""
"=""thẻ ngân hàng abbank""","=""40""","=""0""","=""4""","=""Low""","=""true"""
"=""agribank giờ mở cửa""","=""40""","=""0""","=""4""","=""Low""","=""true"""
"=""agribank giữ lại bao nhiêu tiền""","=""40""","=""0""","=""6""","=""Low""","=""false"""
"=""agribank giao thủy""","=""40""","=""0""","=""3""","=""Low""","=""false"""
"=""agribank luỹ bán bích""","=""40""","=""0""","=""4""","=""Low""","=""false"""
"=""mbbank quảng ninh""","=""40""","=""0""","=""3""","=""Low""","=""false"""
"=""abbank bến thành""","=""40""","=""0""","=""3""","=""Low""","=""false"""
"=""mbbank mở tài khoản""","=""40""","=""0.75""","=""4""","=""Low""","=""false"""
"=""mbbank visa""","=""40""","=""0.41""","=""2""","=""Low""","=""false"""
"=""tên đăng nhập agribank là gì""","=""40""","=""0""","=""6""","=""Low""","=""false"""
"=""mbbank tên""","=""40""","=""0""","=""2""","=""Low""","=""false"""
"=""agribank gần tôi nhất""","=""40""","=""0""","=""4""","=""Low""","=""false"""
"=""abbank tuyển dụng giao dịch viên""","=""30""","=""0""","=""6""","=""Low""","=""false"""
"=""mbbank lê văn việt""","=""30""","=""0""","=""4""","=""Low""","=""true"""
"=""agribank nơ trang long""","=""30""","=""0""","=""4""","=""Low""","=""false"""
"=""mbbank online web""","=""30""","=""0""","=""3""","=""Low""","=""true"""
"=""mbbank quận 12""","=""30""","=""0""","=""3""","=""Low""","=""false"""
"=""mbbank thành lập năm nào""","=""30""","=""0""","=""5""","=""Low""","=""false"""
"=""mbbank thẻ""","=""30""","=""0""","=""2""","=""Low""","=""true"""
"=""mbbank mã swift""","=""30""","=""0.06""","=""3""","=""Low""","=""false"""
"=""mbbank mastercard""","=""30""","=""0""","=""2""","=""Low""","=""false"""
"=""abbank nam thăng long""","=""30""","=""0""","=""4""","=""Low""","=""false"""
"=""abbank hà đông""","=""30""","=""0""","=""3""","=""Low""","=""false"""
"=""mbbank wiki""","=""30""","=""0""","=""2""","=""Low""","=""false"""
"=""abbank online""","=""20""","=""0""","=""2""","=""Low""","=""false"""
"=""abbank internet banking""","=""20""","=""0""","=""3""","=""Low""","=""false"""
"=""internet banking abbank""","=""20""","=""0""","=""3""","=""Low""","=""false"""
"=""tuyen dung abbank""","=""20""","=""0""","=""3""","=""Low""","=""false"""
"=""mbbank app store""","=""20""","=""0""","=""3""","=""Low""","=""false"""
"=""mbbank api github""","=""20""","=""0""","=""3""","=""Low""","=""false"""
"=""mbbank doanh nghiệp online""","=""20""","=""0""","=""4""","=""Low""","=""false"""
"=""mbbank tô hiến thành""","=""20""","=""0""","=""4""","=""Low""","=""false"""
"=""login mbbank""","=""20""","=""0""","=""2""","=""Low""","=""false"""
"=""abbank nghệ an""","=""20""","=""0""","=""3""","=""Low""","=""false"""
"=""mbbank online banking""","=""20""","=""0""","=""3""","=""Low""","=""false"""
"=""mbbank thứ 7 có làm việc không""","=""20""","=""0""","=""7""","=""Low""","=""false"""
"=""mbbank uy tín không""","=""20""","=""0""","=""4""","=""Low""","=""false"""
"=""mbbank daklak""","=""20""","=""0""","=""2""","=""Low""","=""false"""
"=""mbbank login""","=""20""","=""0""","=""2""","=""Low""","=""false"""
"=""mbbank mã số thuế""","=""20""","=""0""","=""4""","=""Low""","=""false"""
"=""mbbank viết tắt""","=""20""","=""0""","=""3""","=""Low""","=""false"""
"=""abbank online banking""","=""10""","=""0""","=""3""","=""Low""","=""false"""
"=""abbank mobile banking""","=""10""","=""0""","=""3""","=""Low""","=""false"""
"=""banking abbank""","=""10""","=""0""","=""2""","=""Low""","=""false"""
"=""chuyển tiền online abbank""","=""10""","=""0""","=""4""","=""Low""","=""false"""
"=""số điện thoại abbank""","=""10""","=""0""","=""4""","=""Low""","=""false"""
"=""www abbank""","=""10""","=""0""","=""2""","=""Low""","=""false"""
"=""đăng ký thanh toán trực tuyến abbank""","=""10""","=""0""","=""7""","=""Low""","=""false"""
"=""agribank email address""","=""10""","=""0""","=""3""","=""Low""","=""false"""
"=""an american bank""","=""10""","=""0""","=""3""","=""Low""","=""false"""
"=""mbbank apkpure""","=""10""","=""0""","=""2""","=""Low""","=""true"""
"=""seb kort bank ab airplus""","=""10""","=""0""","=""5""","=""Low""","=""false"""
"=""ab fjord bank""","=""10""","=""0""","=""3""","=""Low""","=""false"""
"=""klarna bank ab german branch""","=""10""","=""0""","=""5""","=""Low""","=""false"""
"=""aib bank ireland""","=""10""","=""0""","=""3""","=""Low""","=""false"""
"=""mbbank kim ngưu""","=""10""","=""0""","=""3""","=""Low""","=""false"""
"=""mbbank laos""","=""10""","=""0""","=""2""","=""Low""","=""false"""
"=""abbank ngô gia tự""","=""10""","=""0""","=""4""","=""Low""","=""false"""
"=""mbbank online login""","=""10""","=""0""","=""3""","=""Low""","=""true"""
"=""mbbank giải phóng""","=""10""","=""0""","=""3""","=""Low""","=""false"""
"=""mbbank png""","=""10""","=""0""","=""2""","=""Low""","=""false"""
"=""klarna bank ab publ""","=""10""","=""0""","=""4""","=""Low""","=""false"""
"=""nordea bank ab publ""","=""10""","=""0""","=""4""","=""Low""","=""false"""
"=""swedbank ab""","=""10""","=""0""","=""2""","=""Low""","=""false"""
"=""abbank tuyển dụng thực tập sinh""","=""10""","=""0""","=""6""","=""Low""","=""true"""
"=""abbank tuyển dụng xử lý nợ""","=""10""","=""0""","=""6""","=""Low""","=""true"""
"=""abbank tuyển dụng it""","=""10""","=""0""","=""4""","=""Low""","=""false"""
"=""norion bank ab walley""","=""10""","=""0""","=""4""","=""Low""","=""false"""
"=""mbbank digital banking""","=""10""","=""0""","=""3""","=""Low""","=""false"""
"=""mbbank mấy giờ mở cửa""","=""10""","=""0""","=""5""","=""Low""","=""false"""
"=""mbbank map""","=""10""","=""0""","=""2""","=""Low""","=""true"""
"=""mbbank mobile""","=""10""","=""0""","=""2""","=""Low""","=""true"""
"=""abbank nam đà nẵng""","=""10""","=""0""","=""4""","=""Low""","=""false"""
"=""mbbank có bao nhiêu chi nhánh""","=""10""","=""0""","=""6""","=""Low""","=""false"""
"=""tb bank ab""","=""0""","=""0""","=""3""","=""Low""","=""false"""
"=""klarna bank ab about""","=""0""","=""0""","=""4""","=""Low""","=""false"""
"=""ab microfinance bank aba""","=""0""","=""0""","=""4""","=""Low""","=""false"""
"=""abbuchung klarna bank ab""","=""0""","=""0""","=""4""","=""Low""","=""false"""
"=""ab seb bank address""","=""0""","=""0""","=""4""","=""Low""","=""false"""
"=""klarna bank ab adresse deutschland""","=""0""","=""0""","=""5""","=""Low""","=""false"""
"=""ab affinity bank""","=""0""","=""0""","=""3""","=""Low""","=""false"""
"=""länsförsäkringar bank ab affärsservice bank""","=""0""","=""0""","=""5""","=""Low""","=""false"""
"=""ab microfinance bank ajah branch""","=""0""","=""0""","=""5""","=""Low""","=""false"""
"=""ab microfinance bank ajah branch lekki""","=""0""","=""0""","=""6""","=""Low""","=""false"""
"=""ab microfinance bank ajah""","=""0""","=""0""","=""4""","=""Low""","=""false"""
"=""ab alior bank""","=""0""","=""0""","=""3""","=""Low""","=""false"""
"=""ab alpha bank""","=""0""","=""0""","=""3""","=""Low""","=""false"""
"=""a b and amro bank""","=""0""","=""0""","=""5""","=""Low""","=""false"""
"=""ab microfinance bank akure""","=""0""","=""0""","=""4""","=""Low""","=""false"""
"=""tf bank ab aktie""","=""0""","=""0""","=""4""","=""Low""","=""false"""
"=""norion bank ab aktie""","=""0""","=""0""","=""4""","=""Low""","=""false"""
"=""nordea bank ab aktie""","=""0""","=""0""","=""4""","=""Low""","=""false"""
"=""morrow bank ab aksje""","=""0""","=""0""","=""4""","=""Low""","=""false"""
"=""klarna bank ab aktie""","=""0""","=""0""","=""4""","=""Low""","=""false"""
"=""tf bank ab akf""","=""0""","=""0""","=""4""","=""Low""","=""false"""
"=""mbbank apk download""","=""0""","=""0""","=""3""","=""Low""","=""false"""
"=""mbbank apkmirror""","=""0""","=""0""","=""2""","=""Low""","=""false"""
"=""mbbank app download apk""","=""0""","=""0""","=""4""","=""Low""","=""false"""
"=""klarna bank ab airbnb""","=""0""","=""0""","=""4""","=""Low""","=""false"""
"=""seb kort bank ab airplus eurocard""","=""0""","=""0""","=""6""","=""Low""","=""false"""
"=""ab artea bank""","=""0""","=""0""","=""3""","=""Low""","=""false"""
"=""ab artea bank swift code""","=""0""","=""0""","=""5""","=""Low""","=""false"""
"=""ab wann arbeitet bank""","=""0""","=""0""","=""4""","=""Low""","=""false"""
"=""ab luminor bank as""","=""0""","=""0""","=""4""","=""Low""","=""false"""
"=""svea bank ab autogiro""","=""0""","=""0""","=""4""","=""Low""","=""false"""
"=""ab auto bank""","=""0""","=""0""","=""3""","=""Low""","=""false"""
"=""klarna bank ab autogiro""","=""0""","=""0""","=""4""","=""Low""","=""false"""
"=""ab microfinance bank awka""","=""0""","=""0""","=""4""","=""Low""","=""false"""
"=""ab road axis bank""","=""0""","=""0""","=""4""","=""Low""","=""false"""
"=""ab road axis bank ifsc code""","=""0""","=""0""","=""6""","=""Low""","=""false"""
"=""ab road indore axis bank ifsc code""","=""0""","=""0""","=""7""","=""Low""","=""false"""
"=""ab road indore axis bank""","=""0""","=""0""","=""5""","=""Low""","=""false"""
"=""ab road branch axis bank""","=""0""","=""0""","=""5""","=""Low""","=""false"""
"=""tf bank ab avarda""","=""0""","=""0""","=""4""","=""Low""","=""false"""
"=""norion bank ab avanza""","=""0""","=""0""","=""4""","=""Low""","=""false"""
"=""morrow bank ab avanza""","=""0""","=""0""","=""4""","=""Low""","=""false"""
"=""tf bank ab berlin""","=""0""","=""0""","=""4""","=""Low""","=""false"""
"=""klarna bank ab berlin""","=""0""","=""0""","=""4""","=""Low""","=""false"""
"=""ab blood bank""","=""0""","=""0""","=""3""","=""Low""","=""false"""
"=""ab negative blood bank""","=""0""","=""0""","=""4""","=""Low""","=""false"""
"=""ab positive blood bank""","=""0""","=""0""","=""4""","=""Low""","=""false"""
"=""kotak bank ab block""","=""0""","=""0""","=""4""","=""Low""","=""false"""
"=""uco bank ab block""","=""0""","=""0""","=""4""","=""Low""","=""false"""
"=""klarna bank ab blz""","=""0""","=""0""","=""4""","=""Low""","=""false"""
"=""klarna bank ab bloomberg""","=""0""","=""0""","=""4""","=""Low""","=""false"""
"=""a b central bank""","=""0""","=""0""","=""4""","=""Low""","=""false"""
"=""abbank business account""","=""0""","=""0""","=""3""","=""Low""","=""false"""
"=""ab citadele bank""","=""0""","=""0""","=""3""","=""Low""","=""false"""
"=""mbbank cv""","=""0""","=""0""","=""2""","=""Low""","=""false"""
"=""tf bank ab dk""","=""0""","=""0""","=""4""","=""Low""","=""false"""
"=""mbbank doanh nghiệp login""","=""0""","=""0""","=""4""","=""Low""","=""false"""
"=""ab wann muss jede bank echtzeitüberweisung anbieten""","=""0""","=""0""","=""7""","=""Low""","=""false"""
"=""abc bank egypt branches""","=""0""","=""0""","=""4""","=""Low""","=""false"""
"=""nordea bank ab eesti filiaal""","=""0""","=""0""","=""5""","=""Low""","=""false"""
"=""tf bank ab eesti filiaal""","=""0""","=""0""","=""5""","=""Low""","=""false"""
"=""tf bank ab eesti""","=""0""","=""0""","=""4""","=""Low""","=""false"""
"=""resurs bank ab ellos""","=""0""","=""0""","=""4""","=""Low""","=""false"""
"=""ab microfinance bank ado ekiti""","=""0""","=""0""","=""5""","=""Low""","=""false"""
"=""ab wann hält bank einen für reich""","=""0""","=""0""","=""7""","=""Low""","=""false"""
"=""ab wann muss eine bank eine überweisung melden""","=""0""","=""0""","=""8""","=""Low""","=""false"""
"=""ab wann ist eine bank systemrelevant""","=""0""","=""0""","=""6""","=""Low""","=""false"""
"=""ab wann gibt die bank einen kredit""","=""0""","=""0""","=""7""","=""Low""","=""false"""
"=""ab wann kann die bank einen kredit kündigen""","=""0""","=""0""","=""8""","=""Low""","=""false"""
"=""ab wann bucht eine bank""","=""0""","=""0""","=""5""","=""Low""","=""false"""
"=""svea bank ab epost""","=""0""","=""0""","=""4""","=""Low""","=""false"""
"=""seb kort bank ab eurocard""","=""0""","=""0""","=""5""","=""Low""","=""false"""
"=""ab exam bank""","=""0""","=""0""","=""3""","=""Low""","=""false"""
"=""ab fjord bank kontaktai""","=""0""","=""0""","=""4""","=""Low""","=""false"""
"=""ab fjord bank rekvizitai""","=""0""","=""0""","=""4""","=""Low""","=""false"""
"=""ziklo bank ab fleet""","=""0""","=""0""","=""4""","=""Low""","=""false"""
"=""ab food bank""","=""0""","=""0""","=""3""","=""Low""","=""false"""
"=""klarna bank ab french""","=""0""","=""0""","=""4""","=""Low""","=""false"""
"=""mbbank geleximco""","=""0""","=""0""","=""2""","=""Low""","=""false"""
"=""ab wann muss bank geldeingang melden""","=""0""","=""0""","=""6""","=""Low""","=""false"""
"=""ab wann prüft bank geldeingang""","=""0""","=""0""","=""5""","=""Low""","=""false"""
"=""klarna bank ab german branch telefonnummer""","=""0""","=""0""","=""6""","=""Low""","=""false"""
"=""klarna bank ab german branch berlin""","=""0""","=""0""","=""6""","=""Low""","=""false"""
"=""resurs bank ab gjeld""","=""0""","=""0""","=""4""","=""Low""","=""false"""
"=""ab microfinance bank graduate trainee""","=""0""","=""0""","=""5""","=""Low""","=""false"""
"=""lansforsakringar bank ab green bond framework""","=""0""","=""0""","=""6""","=""Low""","=""false"""
"=""ab uttar pradesh gramin bank""","=""0""","=""0""","=""5""","=""Low""","=""false"""
"=""ab uttar pradesh gramin bank ifsc code""","=""0""","=""0""","=""7""","=""Low""","=""false"""
"=""ab road hdfc bank ifsc code""","=""0""","=""0""","=""6""","=""Low""","=""false"""
"=""ab road hdfc bank""","=""0""","=""0""","=""4""","=""Low""","=""false"""
"=""abbank hoàng mai""","=""0""","=""0""","=""3""","=""Low""","=""false"""
"=""ikano bank ab hyllie boulevard 27""","=""0""","=""0""","=""6""","=""Low""","=""false"""
"=""ikano bank ab hyllie boulevard""","=""0""","=""0""","=""5""","=""Low""","=""false"""
"=""ab microfinance bank ibadan""","=""0""","=""0""","=""4""","=""Low""","=""false"""
"=""ab microfinance bank ibadan address""","=""0""","=""0""","=""5""","=""Low""","=""false"""
"=""ab seb bank iban""","=""0""","=""0""","=""4""","=""Low""","=""false"""
"=""klarna bank ab iban""","=""0""","=""0""","=""4""","=""Low""","=""false"""
"=""klarna bank ab iban deutschland""","=""0""","=""0""","=""5""","=""Low""","=""false"""
"=""tf bank ab iban""","=""0""","=""0""","=""4""","=""Low""","=""false"""
"=""svea bank ab iban""","=""0""","=""0""","=""4""","=""Low""","=""false"""
"=""ab road icici bank""","=""0""","=""0""","=""4""","=""Low""","=""false"""
"=""ab wann denkt die bank ich bin reich""","=""0""","=""0""","=""8""","=""Low""","=""false"""
"=""ab road au bank ifsc code""","=""0""","=""0""","=""6""","=""Low""","=""false"""
"=""bank id ab""","=""0""","=""0""","=""3""","=""Low""","=""false"""
"=""ab microfinance bank ijebu ode""","=""0""","=""0""","=""5""","=""Low""","=""false"""
"=""ab microfinance bank ikeja""","=""0""","=""0""","=""4""","=""Low""","=""false"""
"=""ab microfinance bank ikorodu branch""","=""0""","=""0""","=""5""","=""Low""","=""false"""
"=""ab microfinance bank ikeja address""","=""0""","=""0""","=""5""","=""Low""","=""false"""
"=""ab microfinance bank ikorodu""","=""0""","=""0""","=""4""","=""Low""","=""false"""
"=""ab microfinance bank ikotun""","=""0""","=""0""","=""4""","=""Low""","=""false"""
"=""tf bank ab impressum""","=""0""","=""0""","=""4""","=""Low""","=""false"""
"=""klarna bank ab impressum""","=""0""","=""0""","=""4""","=""Low""","=""false"""
"=""ep bank ab impressum""","=""0""","=""0""","=""4""","=""Low""","=""false"""
"=""avarda bank ab impressum""","=""0""","=""0""","=""4""","=""Low""","=""false"""
"=""klarna bank ab ipo""","=""0""","=""0""","=""4""","=""Low""","=""false"""
"=""ab microfinance bank iyana ipaja""","=""0""","=""0""","=""5""","=""Low""","=""false"""
"=""nordea bank ab it""","=""0""","=""0""","=""4""","=""Low""","=""false"""
"=""nordea bank ab it reviews""","=""0""","=""0""","=""5""","=""Low""","=""false"""
"=""nordea bank ab it warszawa opinie""","=""0""","=""0""","=""6""","=""Low""","=""false"""
"=""nordea bank ab it opinie""","=""0""","=""0""","=""5""","=""Low""","=""false"""
"=""nordea bank ab it zdjęcia""","=""0""","=""0""","=""5""","=""Low""","=""false"""
"=""first abu dhabi bank jeddah reviews""","=""0""","=""0""","=""6""","=""Low""","=""false"""
"=""first abu dhabi bank jeddah""","=""0""","=""0""","=""5""","=""Low""","=""false"""
"=""ab oktober prüft die bank jede überweisung""","=""0""","=""0""","=""7""","=""Low""","=""false"""
"=""ab wann hält eine bank jemanden für reich""","=""0""","=""0""","=""8""","=""Low""","=""false"""
"=""ab kzi bank jsc""","=""0""","=""0""","=""4""","=""Low""","=""false"""
"=""ab kazakhstan ziraat international bank jsc""","=""0""","=""0""","=""6""","=""Low""","=""false"""
"=""ab klarna bank""","=""0""","=""0""","=""3""","=""Low""","=""false"""
"=""šiaulių bank ab klaipėda branch""","=""0""","=""0""","=""5""","=""Low""","=""false"""
"=""norion bank ab kreditkort""","=""0""","=""0""","=""4""","=""Low""","=""false"""
"=""klarna bank ab kreditupplysning""","=""0""","=""0""","=""4""","=""Low""","=""false"""
"=""avarda bank ab kreditkarte""","=""0""","=""0""","=""4""","=""Low""","=""false"""
"=""tf bank ab kreditkarte""","=""0""","=""0""","=""4""","=""Low""","=""false"""
"=""klarna bank ab kredit""","=""0""","=""0""","=""4""","=""Low""","=""false"""
"=""tf bank ab kredit""","=""0""","=""0""","=""4""","=""Low""","=""false"""
"=""tf bank ab krs""","=""0""","=""0""","=""4""","=""Low""","=""false"""
"=""klarna bank ab krs""","=""0""","=""0""","=""4""","=""Low""","=""false"""
"=""resurs bank ab kredittkort""","=""0""","=""0""","=""4""","=""Low""","=""false"""
"=""ep bank ab kredit""","=""0""","=""0""","=""4""","=""Low""","=""false"""
"=""allahabad bank ab kya ho gaya hai""","=""0""","=""0""","=""7""","=""Low""","=""false"""
"=""seb kort bank ab kyc office 106 40 stockholm""","=""0""","=""0""","=""9""","=""Low""","=""false"""
"=""ab vtb bank kz""","=""0""","=""0""","=""4""","=""Low""","=""false"""
"=""svea bank ab leasing""","=""0""","=""0""","=""4""","=""Low""","=""false"""
"=""ab welchem level bank von monopoly""","=""0""","=""0""","=""6""","=""Low""","=""false"""
"=""nordnet bank ab lei""","=""0""","=""0""","=""4""","=""Low""","=""false"""
"=""nordea bank ab lei""","=""0""","=""0""","=""4""","=""Low""","=""false"""
"=""is equitable bank ab lender""","=""0""","=""0""","=""5""","=""Low""","=""false"""
"=""is national bank ab lender""","=""0""","=""0""","=""5""","=""Low""","=""false"""
"=""ab luminor bank""","=""0""","=""0""","=""3""","=""Low""","=""false"""
"=""ab luminor bank swift""","=""0""","=""0""","=""4""","=""Low""","=""false"""
"=""ab me bank""","=""0""","=""0""","=""3""","=""Low""","=""false"""
"=""my mbbank""","=""0""","=""0""","=""2""","=""Low""","=""false"""
"=""resurs bank ab mymoney""","=""0""","=""0""","=""4""","=""Low""","=""false"""
"=""morrow bank ab ndr""","=""0""","=""0""","=""4""","=""Low""","=""false"""
"=""abbank nguyễn cảnh dị""","=""0""","=""0""","=""4""","=""Low""","=""false"""
"=""abbank nguyễn hữu thọ""","=""0""","=""0""","=""4""","=""Low""","=""false"""
"=""abbank nguyễn lương bằng""","=""0""","=""0""","=""4""","=""Low""","=""false"""
"=""ab microfinance bank nnewi""","=""0""","=""0""","=""4""","=""Low""","=""false"""
"=""ab microfinance bank nkpor""","=""0""","=""0""","=""4""","=""Low""","=""false"""
"=""ab microfinance bank nkpor photos""","=""0""","=""0""","=""5""","=""Low""","=""false"""
"=""ab nordea bank""","=""0""","=""0""","=""3""","=""Low""","=""false"""
"=""klarna bank ab nr konta""","=""0""","=""0""","=""5""","=""Low""","=""false"""
"=""ab wrf nrw bank""","=""0""","=""0""","=""4""","=""Low""","=""false"""
"=""bank ab nuf""","=""0""","=""0""","=""3""","=""Low""","=""false"""
"=""ab microfinance bank oba akran ikeja ikeja""","=""0""","=""0""","=""7""","=""Low""","=""false"""
"=""ab microfinance bank oba akran""","=""0""","=""0""","=""5""","=""Low""","=""false"""
"=""klarna bank ab oder publ""","=""0""","=""0""","=""5""","=""Low""","=""false"""
"=""tf bank ab oddział w polsce""","=""0""","=""0""","=""6""","=""Low""","=""false"""
"=""ab microfinance bank in ogun state""","=""0""","=""0""","=""6""","=""Low""","=""false"""
"=""änderung bank ab oktober""","=""0""","=""0""","=""4""","=""Low""","=""false"""
"=""bank ab oktober 2025""","=""0""","=""0""","=""4""","=""Low""","=""false"""
"=""bank ab oktober""","=""0""","=""0""","=""3""","=""Low""","=""false"""
"=""mbbank on""","=""0""","=""0""","=""2""","=""Low""","=""false"""
"=""svea bank ab omsättning""","=""0""","=""0""","=""4""","=""Low""","=""false"""
"=""northmill bank ab omdöme""","=""0""","=""0""","=""4""","=""Low""","=""false"""
"=""ziklo bank ab omsättning""","=""0""","=""0""","=""4""","=""Low""","=""false"""
"=""svea bank ab organisationsnummer""","=""0""","=""0""","=""4""","=""Low""","=""false"""
"=""klarna bank ab organisationsnummer""","=""0""","=""0""","=""4""","=""Low""","=""false"""
"=""ziklo bank ab organisationsnummer""","=""0""","=""0""","=""4""","=""Low""","=""false"""
"=""ab microfinance bank ota""","=""0""","=""0""","=""4""","=""Low""","=""false"""
"=""ab microfinance bank oshodi branch""","=""0""","=""0""","=""5""","=""Low""","=""false"""
"=""ab microfinance bank oshodi""","=""0""","=""0""","=""4""","=""Low""","=""false"""
"=""lea bank ab oslo reviews""","=""0""","=""0""","=""5""","=""Low""","=""false"""
"=""lea bank ab oslo""","=""0""","=""0""","=""4""","=""Low""","=""false"""
"=""seb kort bank ab oslofilialen norsk""","=""0""","=""0""","=""6""","=""Low""","=""false"""
"=""seb kort bank ab oslo filialen""","=""0""","=""0""","=""6""","=""Low""","=""false"""
"=""seb kort bank ab oslo filialen nuf""","=""0""","=""0""","=""7""","=""Low""","=""false"""
"=""seb kort bank ab oslofilialen norsk avdeling av utenlandsk foretak""","=""0""","=""0""","=""10""","=""Low""","=""false"""
"=""mr bank ab oy""","=""0""","=""0""","=""4""","=""Low""","=""false"""
"=""ab microfinance bank owerri""","=""0""","=""0""","=""4""","=""Low""","=""false"""
"=""ab microfinance bank owner""","=""0""","=""0""","=""4""","=""Low""","=""false"""
"=""bank pflicht ab märz""","=""0""","=""0""","=""4""","=""Low""","=""false"""
"=""ab wann darf die bank pfänden""","=""0""","=""0""","=""6""","=""Low""","=""false"""
"=""ab charge in pnb bank""","=""0""","=""0""","=""5""","=""Low""","=""false"""
"=""ab charge in pnb bank in hindi""","=""0""","=""0""","=""7""","=""Low""","=""false"""
"=""ab microfinance bank logo png""","=""0""","=""0""","=""5""","=""Low""","=""false"""
"=""klarna bank ab publ iban""","=""0""","=""0""","=""5""","=""Low""","=""false"""
"=""klarna bank ab publ telefonnummer""","=""0""","=""0""","=""5""","=""Low""","=""false"""
"=""ikano bank ab publ nuf""","=""0""","=""0""","=""5""","=""Low""","=""false"""
"=""bank ab publ""","=""0""","=""0""","=""3""","=""Low""","=""false"""
"=""tf bank ab publ eesti filiaal""","=""0""","=""0""","=""6""","=""Low""","=""false"""
"=""mbbank qr""","=""0""","=""0""","=""2""","=""Low""","=""false"""
"=""ab russia bank""","=""0""","=""0""","=""3""","=""Low""","=""false"""
"=""tf bank ab sj""","=""0""","=""0""","=""4""","=""Low""","=""false"""
"=""tf bank ab sj pa""","=""0""","=""0""","=""5""","=""Low""","=""false"""
"=""norion bank ab skatteverket""","=""0""","=""0""","=""4""","=""Low""","=""false"""
"=""landshypotek bank ab skellefteå recensioner""","=""0""","=""0""","=""5""","=""Low""","=""false"""
"=""norion bank ab skuld""","=""0""","=""0""","=""4""","=""Low""","=""false"""
"=""sme mbbank""","=""0""","=""0""","=""2""","=""Low""","=""false"""
"=""tf bank ab spółka akcyjna oddział w polsce""","=""0""","=""0""","=""8""","=""Low""","=""false"""
"=""norion bank ab spin off""","=""0""","=""0""","=""5""","=""Low""","=""false"""
"=""tf bank ab sp z oo""","=""0""","=""0""","=""6""","=""Low""","=""false"""
"=""nordea bank ab spółka akcyjna oddział w polsce""","=""0""","=""0""","=""8""","=""Low""","=""false"""
"=""ab wann kontoführungsgebühren sparda bank""","=""0""","=""0""","=""5""","=""Low""","=""false"""
"=""tf bank ab sp z oo oddział w polsce""","=""0""","=""0""","=""9""","=""Low""","=""false"""
"=""tf bank ab spółka akcyjna oddział w polsce nip""","=""0""","=""0""","=""9""","=""Low""","=""false"""
"=""ab wann bucht sparda bank""","=""0""","=""0""","=""5""","=""Low""","=""false"""
"=""klarna bank ab sveavagen 46""","=""0""","=""0""","=""5""","=""Low""","=""false"""
"=""klarna bank ab sveavagen""","=""0""","=""0""","=""4""","=""Low""","=""false"""
"=""klarna bank ab sveavägen 46 stockholm""","=""0""","=""0""","=""6""","=""Low""","=""false"""
"=""qred bank ab sverige""","=""0""","=""0""","=""4""","=""Low""","=""false"""
"=""klarna bank ab sverige""","=""0""","=""0""","=""4""","=""Low""","=""false"""
"=""tf bank ab sverige""","=""0""","=""0""","=""4""","=""Low""","=""false"""
"=""klarna bank ab sveavagen 46 iban""","=""0""","=""0""","=""6""","=""Low""","=""false"""
"=""resurs bank ab sverige""","=""0""","=""0""","=""4""","=""Low""","=""false"""
"=""tf bank ab szczecin""","=""0""","=""0""","=""4""","=""Low""","=""false"""
"=""klarna bank ab telefonnummer""","=""0""","=""0""","=""4""","=""Low""","=""false"""
"=""hinton ab td bank""","=""0""","=""0""","=""4""","=""Low""","=""false"""
"=""st paul ab td bank""","=""0""","=""0""","=""5""","=""Low""","=""false"""
"=""agribank tràng tiền""","=""0""","=""0""","=""3""","=""Low""","=""false"""
"=""ab tf bank""","=""0""","=""0""","=""3""","=""Low""","=""false"""
"=""avarda ab tf bank""","=""0""","=""0""","=""4""","=""Low""","=""false"""
"=""rediem capital ab tf bank""","=""0""","=""0""","=""5""","=""Low""","=""false"""
"=""abbank tuyển dụng 2026""","=""0""","=""0""","=""4""","=""Low""","=""false"""
"=""abbank tuyển dụng tester""","=""0""","=""0""","=""4""","=""Low""","=""false"""
"=""abbank tuyển dụng hà nội""","=""0""","=""0""","=""5""","=""Low""","=""false"""
"=""abbank tuyển dụng giám đốc chi nhánh""","=""0""","=""0""","=""7""","=""Low""","=""false"""
"=""abbank tuyển dụng business analyst""","=""0""","=""0""","=""5""","=""Low""","=""false"""
"=""ab a bank com ua""","=""0""","=""0""","=""5""","=""Low""","=""false"""
"=""ab a bank com ua auth""","=""0""","=""0""","=""6""","=""Low""","=""false"""
"=""nordea bank ab uddevalla öppettider""","=""0""","=""0""","=""5""","=""Low""","=""false"""
"=""ab union bank""","=""0""","=""0""","=""3""","=""Low""","=""false"""
"=""norion bank ab uf""","=""0""","=""0""","=""4""","=""Low""","=""false"""
"=""svea bank ab uf""","=""0""","=""0""","=""4""","=""Low""","=""false"""
"=""mbbank usd""","=""0""","=""0""","=""2""","=""Low""","=""false"""
"=""ab microfinance bank ussd code""","=""0""","=""0""","=""5""","=""Low""","=""false"""
"=""ab microfinance bank ussd""","=""0""","=""0""","=""4""","=""Low""","=""false"""
"=""klarna bank ab uk branch""","=""0""","=""0""","=""5""","=""Low""","=""false"""
"=""ab national bank uk""","=""0""","=""0""","=""4""","=""Low""","=""false"""
"=""ikano bank ab uk""","=""0""","=""0""","=""4""","=""Low""","=""false"""
"=""carnegie investment bank ab uk branch""","=""0""","=""0""","=""6""","=""Low""","=""false"""
"=""mbbank vay nhanh""","=""0""","=""0""","=""3""","=""Low""","=""false"""
"=""klarna bank ab vertrauenswürdig""","=""0""","=""0""","=""4""","=""Low""","=""false"""
"=""tf bank ab vertreter""","=""0""","=""0""","=""4""","=""Low""","=""false"""
"=""ziklo bank ab volvo""","=""0""","=""0""","=""4""","=""Low""","=""false"""
"=""ziklo bank ab volvofinans""","=""0""","=""0""","=""4""","=""Low""","=""false"""
"=""ab wann bank von monopoly""","=""0""","=""0""","=""5""","=""Low""","=""false"""
"=""tf bank ab vorstand""","=""0""","=""0""","=""4""","=""Low""","=""false"""
"=""ab 130 vmt bank""","=""0""","=""0""","=""4""","=""Low""","=""false"""
"=""ab wann bucht vr bank""","=""0""","=""0""","=""5""","=""Low""","=""false"""
"=""ab wann kontoführungsgebühren vr bank""","=""0""","=""0""","=""5""","=""Low""","=""false"""
"=""ab wann neukunde vw bank""","=""0""","=""0""","=""5""","=""Low""","=""false"""
"=""bank ab wann reich""","=""0""","=""0""","=""4""","=""Low""","=""false"""
"=""ab microfinance bank warri""","=""0""","=""0""","=""4""","=""Low""","=""false"""
"=""vw bank ab wann neukunde""","=""0""","=""0""","=""5""","=""Low""","=""false"""
"=""collector bank ab walley""","=""0""","=""0""","=""4""","=""Low""","=""false"""
"=""tf bank ab wann zinsen""","=""0""","=""0""","=""5""","=""Low""","=""false"""
"=""vr bank ab wann kontoführungsgebühren""","=""0""","=""0""","=""5""","=""Low""","=""false"""
"=""strafzinsen bank ab wann""","=""0""","=""0""","=""4""","=""Low""","=""false"""
"=""klarna bank ab what is it""","=""0""","=""0""","=""6""","=""Low""","=""false"""
"=""ab microfinance bank whatsapp number""","=""0""","=""0""","=""5""","=""Low""","=""false"""
"=""bank ab welchem kontostand reich""","=""0""","=""0""","=""5""","=""Low""","=""false"""
"=""ab microfinance bank website""","=""0""","=""0""","=""4""","=""Low""","=""false"""
"=""norion bank ab yhteystiedot""","=""0""","=""0""","=""4""","=""Low""","=""false"""
"=""svea bank ab yhteystiedot""","=""0""","=""0""","=""4""","=""Low""","=""false"""
"=""seb kort bank ab yhteystiedot""","=""0""","=""0""","=""5""","=""Low""","=""false"""
"=""resurs bank ab yhteystiedot""","=""0""","=""0""","=""4""","=""Low""","=""false"""
"=""klarna bank ab yhteystiedot""","=""0""","=""0""","=""4""","=""Low""","=""false"""
"=""nordnet bank ab zoominfo""","=""0""","=""0""","=""4""","=""Low""","=""false"""
"=""klarna bank ab zweigniederlassung deutschland""","=""0""","=""0""","=""5""","=""Low""","=""false"""
"=""mbbank business đăng nhập""","=""0""","=""0""","=""4""","=""Low""","=""false"""
"=""mbbank amc""","=""0""","=""0""","=""2""","=""Low""","=""false"""
"=""mbbank open api""","=""0""","=""0""","=""3""","=""Low""","=""false"""
"=""abbank nam định""","=""0""","=""0""","=""3""","=""Low""","=""false"""
"=""abbank ninh bình""","=""0""","=""0""","=""3""","=""Low""","=""false"""
"=""mbbank ultimate""","=""0""","=""0""","=""2""","=""Low""","=""false"""
"=""abbank hưng yên""","=""0""","=""0""","=""3""","=""Low""","=""false"""
"=""svea bank ab y tunnus""","=""0""","=""0""","=""5""","=""Low""","=""false"""
"=""klarna bank ab y tunnus""","=""0""","=""0""","=""5""","=""Low""","=""false"""
"=""amp bank ab 3000""","=""0""","=""0""","=""4""","=""Low""","=""false"""
"=""amp bank ab4000""","=""0""","=""0""","=""3""","=""Low""","=""false"""
"=""bank ab 16""","=""0""","=""0""","=""3""","=""Low""","=""false"""
"=""klarna bank ab 90492 nürnberg""","=""0""","=""0""","=""5""","=""Low""","=""false"""
"=""mbbank lãi suất bao nhiêu""","=""0""","=""0""","=""5""","=""Low""","=""false"""
"=""agribank gần tôi hiện đang mở""","=""0""","=""0""","=""6""","=""Low""","=""false"""
"=""abbank là""","=""0""","=""0""","=""2""","=""Low""","=""false"""
