Keyword,Volume,CPC,Word count,PPC Competition,Trending
"=""eximbank""","=""74000""","=""0""","=""1""","=""Low""","=""false"""
"=""eximbank atm""","=""12100""","=""0""","=""2""","=""Low""","=""true"""
"=""eximbank đà nẵng""","=""5400""","=""0""","=""3""","=""Low""","=""true"""
"=""eximbank tuyển dụng""","=""2900""","=""0.4""","=""3""","=""Low""","=""false"""
"=""eximbank tuyen dung""","=""2900""","=""0.4""","=""3""","=""Low""","=""false"""
"=""eximbank doanh nghiệp""","=""1900""","=""0""","=""3""","=""Low""","=""false"""
"=""eximbank near me""","=""1900""","=""0""","=""3""","=""Low""","=""false"""
"=""eximbank online doanh nghiệp""","=""1300""","=""0""","=""4""","=""Low""","=""false"""
"=""eximbanking""","=""1000""","=""0""","=""1""","=""Low""","=""false"""
"=""eximbank tỷ giá""","=""1000""","=""0""","=""3""","=""Low""","=""false"""
"=""eximbank hà nội""","=""1000""","=""0""","=""3""","=""Low""","=""false"""
"=""eximbank cafef""","=""720""","=""0""","=""2""","=""Low""","=""false"""
"=""eximbank bình dương""","=""720""","=""0""","=""3""","=""Low""","=""false"""
"=""eximbank logo""","=""720""","=""0""","=""2""","=""Low""","=""true"""
"=""eximbank tphcm""","=""720""","=""0""","=""2""","=""Low""","=""false"""
"=""eximbank edigi""","=""590""","=""0""","=""2""","=""Low""","=""false"""
"=""eximbank internet banking""","=""590""","=""0""","=""3""","=""Low""","=""false"""
"=""eximbank banking online""","=""590""","=""0""","=""3""","=""Low""","=""false"""
"=""eximbank online banking""","=""590""","=""0""","=""3""","=""Low""","=""false"""
"=""eximbank online""","=""480""","=""0""","=""2""","=""Low""","=""false"""
"=""eximbank hotline""","=""480""","=""0""","=""2""","=""Low""","=""false"""
"=""eximbank ebiz""","=""480""","=""0""","=""2""","=""Low""","=""false"""
"=""eximbank cmt8""","=""480""","=""0""","=""2""","=""Low""","=""false"""
"=""eximbank giá vàng""","=""480""","=""0""","=""3""","=""Low""","=""false"""
"=""eximbank phú mỹ hưng""","=""480""","=""0""","=""4""","=""Low""","=""false"""
"=""eximbank sala""","=""480""","=""0""","=""2""","=""Low""","=""false"""
"=""eximbank phạm hùng""","=""390""","=""0""","=""3""","=""Low""","=""false"""
"=""eximbank vietnam""","=""390""","=""0""","=""2""","=""Low""","=""false"""
"=""eximbank gò vấp""","=""390""","=""0""","=""3""","=""Low""","=""false"""
"=""eximbank internet banking doanh nghiệp""","=""390""","=""0""","=""5""","=""Low""","=""false"""
"=""eximbank online banking doanh nghiệp""","=""390""","=""0""","=""5""","=""Low""","=""false"""
"=""eximbank ty gia""","=""390""","=""0""","=""3""","=""Low""","=""false"""
"=""eximbank cần thơ""","=""390""","=""0""","=""3""","=""Low""","=""false"""
"=""eximbank bình thạnh""","=""320""","=""0""","=""3""","=""Low""","=""false"""
"=""eximbank biên hòa""","=""320""","=""0""","=""3""","=""Low""","=""true"""
"=""eximbank binh phu""","=""320""","=""0""","=""3""","=""Low""","=""false"""
"=""eximbank quận 1""","=""320""","=""0""","=""3""","=""Low""","=""false"""
"=""eximbank thuận an""","=""320""","=""0""","=""3""","=""Low""","=""false"""
"=""eximbank bank""","=""260""","=""0""","=""2""","=""Low""","=""false"""
"=""eximbank com vn""","=""260""","=""0""","=""3""","=""Low""","=""false"""
"=""eximbank banking""","=""260""","=""0""","=""2""","=""Low""","=""false"""
"=""eximbank chi nhánh thủ đô""","=""260""","=""0""","=""5""","=""Low""","=""false"""
"=""eximbank long an""","=""260""","=""0""","=""3""","=""Low""","=""false"""
"=""eximbank thảo điền""","=""260""","=""0""","=""3""","=""Low""","=""false"""
"=""eximbank tiền giang""","=""260""","=""0""","=""3""","=""Low""","=""false"""
"=""eximbank gần nhất""","=""260""","=""0""","=""3""","=""Low""","=""false"""
"=""eximbank doanh nghiệp đăng nhập""","=""260""","=""0""","=""5""","=""Low""","=""false"""
"=""eximbank đăng nhập""","=""210""","=""0""","=""3""","=""Low""","=""false"""
"=""eximbank banking doanh nghiệp""","=""210""","=""0""","=""4""","=""Low""","=""false"""
"=""eximbank quận 6""","=""210""","=""0""","=""3""","=""Low""","=""false"""
"=""eximbank bình phước""","=""210""","=""0""","=""3""","=""Low""","=""false"""
"=""eximbank atm near me""","=""210""","=""0""","=""4""","=""Low""","=""false"""
"=""eximbank saigon branch""","=""210""","=""0""","=""3""","=""Low""","=""false"""
"=""eximbank nguyễn duy trinh""","=""210""","=""0""","=""4""","=""Low""","=""false"""
"=""eximbank phùng khắc khoan""","=""210""","=""0""","=""4""","=""Low""","=""false"""
"=""eximbank lý thái tổ""","=""210""","=""0""","=""4""","=""Low""","=""false"""
"=""eximbank hải phòng""","=""170""","=""0""","=""3""","=""Low""","=""false"""
"=""eximbank quận 10""","=""170""","=""0""","=""3""","=""Low""","=""false"""
"=""eximbank quận 7""","=""170""","=""0""","=""3""","=""Low""","=""false"""
"=""eximbank thủ đức""","=""170""","=""0""","=""3""","=""Low""","=""false"""
"=""eximbank violet""","=""170""","=""0""","=""2""","=""Low""","=""false"""
"=""eximbank ngan hang""","=""140""","=""0""","=""3""","=""Low""","=""false"""
"=""eximbank ngân hàng""","=""140""","=""0""","=""3""","=""Low""","=""false"""
"=""eximbank edigi đăng nhập""","=""140""","=""0""","=""4""","=""Low""","=""false"""
"=""eximbank nguyễn sơn""","=""140""","=""0""","=""3""","=""Low""","=""false"""
"=""eximbank nha trang""","=""140""","=""0""","=""3""","=""Low""","=""false"""
"=""eximbank hội sở""","=""140""","=""0""","=""3""","=""Low""","=""false"""
"=""eximbank là gì""","=""140""","=""0""","=""3""","=""Low""","=""false"""
"=""eximbank com vn online doanh nghiệp""","=""140""","=""0""","=""6""","=""Low""","=""false"""
"=""eximbank night run 2026""","=""140""","=""0""","=""4""","=""Low""","=""false"""
"=""eximbank cộng hòa""","=""110""","=""0""","=""3""","=""Low""","=""false"""
"=""eximbank cashback""","=""110""","=""0""","=""2""","=""Low""","=""false"""
"=""eximbank exchange rate""","=""110""","=""0""","=""3""","=""Low""","=""false"""
"=""eximbank vietnam exchange rate""","=""110""","=""0""","=""4""","=""Low""","=""false"""
"=""eximbank huế""","=""110""","=""0""","=""2""","=""Low""","=""true"""
"=""eximbank lãi suất""","=""110""","=""0""","=""3""","=""Low""","=""false"""
"=""eximbank la ngan hang nao""","=""110""","=""0""","=""5""","=""Low""","=""false"""
"=""eximbank tên đầy đủ""","=""110""","=""0""","=""4""","=""Low""","=""true"""
"=""eximbank xã đàn""","=""110""","=""0""","=""3""","=""Low""","=""false"""
"=""eximbank 59""","=""110""","=""0""","=""2""","=""Low""","=""false"""
"=""eximbank nguyễn công trứ""","=""110""","=""0""","=""4""","=""Low""","=""false"""
"=""eximbank nguyễn văn cừ""","=""110""","=""0""","=""4""","=""Low""","=""false"""
"=""eximbank bình tân""","=""90""","=""0""","=""3""","=""Low""","=""false"""
"=""eximbank app""","=""90""","=""0""","=""2""","=""Low""","=""false"""
"=""eximbank chợ lớn""","=""90""","=""0""","=""3""","=""Low""","=""false"""
"=""eximbank giờ làm việc""","=""90""","=""0""","=""4""","=""Low""","=""false"""
"=""eximbank hoàng quốc việt""","=""90""","=""0""","=""4""","=""Low""","=""false"""
"=""eximbank mỹ tho""","=""90""","=""0""","=""3""","=""Low""","=""false"""
"=""eximbank quận 4""","=""90""","=""0""","=""3""","=""Low""","=""false"""
"=""eximbank quận 3""","=""90""","=""0""","=""3""","=""Low""","=""false"""
"=""eximbank trần hưng đạo""","=""90""","=""0""","=""4""","=""Low""","=""false"""
"=""eximbank mã chứng khoán""","=""90""","=""0""","=""4""","=""Low""","=""true"""
"=""eximbank vũng tàu""","=""90""","=""0""","=""3""","=""Low""","=""false"""
"=""eximbank marathon 2026""","=""90""","=""0""","=""3""","=""Low""","=""false"""
"=""eximbank minh phụng""","=""90""","=""0""","=""3""","=""Low""","=""false"""
"=""eximbank vạn phúc""","=""90""","=""0""","=""3""","=""Low""","=""false"""
"=""eximbank khách hàng doanh nghiệp""","=""70""","=""0""","=""5""","=""Low""","=""true"""
"=""eximbank online cá nhân""","=""70""","=""0""","=""4""","=""Low""","=""false"""
"=""eximbank tổng đài""","=""70""","=""0""","=""3""","=""Low""","=""false"""
"=""eximbank an giang""","=""70""","=""0""","=""3""","=""Low""","=""false"""
"=""eximbank chi nhánh""","=""70""","=""0""","=""3""","=""Low""","=""false"""
"=""eximbank quảng ngãi""","=""70""","=""0""","=""3""","=""Low""","=""false"""
"=""eximbank quận 5""","=""70""","=""0""","=""3""","=""Low""","=""false"""
"=""eximbank trương định""","=""70""","=""0""","=""3""","=""Low""","=""false"""
"=""eximbank viết tắt là gì""","=""70""","=""0""","=""5""","=""Low""","=""false"""
"=""eximbank có làm việc thứ 7 không""","=""70""","=""0""","=""7""","=""Low""","=""true"""
"=""eximbank dĩ an""","=""70""","=""0""","=""3""","=""Low""","=""false"""
"=""eximbank hàm nghi""","=""70""","=""0""","=""3""","=""Low""","=""false"""
"=""eximbank bình phú""","=""50""","=""0""","=""3""","=""Low""","=""false"""
"=""eximbank bùi thị xuân""","=""50""","=""0""","=""4""","=""Low""","=""false"""
"=""eximbank cầu giấy""","=""50""","=""0""","=""3""","=""Low""","=""false"""
"=""eximbank com vn tỷ giá""","=""50""","=""0""","=""5""","=""Low""","=""false"""
"=""eximbank daklak""","=""50""","=""0""","=""2""","=""Low""","=""false"""
"=""eximbank long biên""","=""50""","=""0""","=""3""","=""Low""","=""false"""
"=""eximbank nguyễn chí thanh""","=""50""","=""0""","=""4""","=""Low""","=""false"""
"=""eximbank visa platinum cash back""","=""50""","=""0""","=""5""","=""Low""","=""true"""
"=""eximbank quận 11""","=""50""","=""0""","=""3""","=""Low""","=""false"""
"=""eximbank sài gòn""","=""50""","=""0""","=""3""","=""Low""","=""false"""
"=""eximbank thẻ tín dụng""","=""50""","=""0.78""","=""4""","=""Low""","=""false"""
"=""eximbank trần não""","=""50""","=""0""","=""3""","=""Low""","=""false"""
"=""eximbank trung sơn""","=""50""","=""0""","=""3""","=""Low""","=""false"""
"=""eximbank viết tắt""","=""50""","=""0""","=""3""","=""Low""","=""false"""
"=""eximbank hà đông""","=""50""","=""0""","=""3""","=""Low""","=""false"""
"=""eximbank edigi app""","=""50""","=""0""","=""3""","=""Low""","=""true"""
"=""eximbank marathon""","=""50""","=""0""","=""2""","=""Low""","=""false"""
"=""eximbank midnight 2026""","=""50""","=""0""","=""3""","=""Low""","=""false"""
"=""eximbank night run""","=""50""","=""0""","=""3""","=""Low""","=""false"""
"=""eximbank trụ sở chính""","=""40""","=""0""","=""4""","=""Low""","=""false"""
"=""eximbank chi nhánh hà nội""","=""40""","=""0""","=""5""","=""Low""","=""false"""
"=""eximbank hanoi""","=""40""","=""0""","=""2""","=""Low""","=""false"""
"=""eximbank hóc môn""","=""40""","=""0""","=""3""","=""Low""","=""false"""
"=""eximbank hcm""","=""40""","=""0""","=""2""","=""Low""","=""false"""
"=""eximbank lãi suất tiết kiệm""","=""40""","=""0""","=""5""","=""Low""","=""false"""
"=""eximbank long khánh""","=""40""","=""0""","=""3""","=""Low""","=""false"""
"=""eximbank long thành""","=""40""","=""0""","=""3""","=""Low""","=""true"""
"=""eximbank quận 8""","=""40""","=""0""","=""3""","=""Low""","=""false"""
"=""eximbank swift code""","=""40""","=""0""","=""3""","=""Low""","=""false"""
"=""eximbank thanh hóa""","=""40""","=""0""","=""3""","=""Low""","=""false"""
"=""eximbank thanh đa""","=""40""","=""0""","=""3""","=""Low""","=""false"""
"=""eximbank tuyển dụng giao dịch viên""","=""40""","=""0.1""","=""6""","=""Low""","=""false"""
"=""eximbank vinh""","=""40""","=""0""","=""2""","=""Low""","=""false"""
"=""eximbank có biến""","=""40""","=""0""","=""3""","=""Low""","=""false"""
"=""eximbank ebiz đăng nhập""","=""40""","=""0""","=""4""","=""Low""","=""true"""
"=""eximbank hai bà trưng""","=""40""","=""0""","=""4""","=""Low""","=""false"""
"=""eximbank khdn""","=""40""","=""0""","=""2""","=""Low""","=""true"""
"=""eximbank long xuyên""","=""40""","=""0""","=""3""","=""Low""","=""false"""
"=""eximbank mst""","=""40""","=""0""","=""2""","=""Low""","=""false"""
"=""eximbank ngô gia tự""","=""40""","=""0""","=""4""","=""Low""","=""false"""
"=""eximbank ninh hoà""","=""40""","=""0""","=""3""","=""Low""","=""false"""
"=""eximbank thành lập năm nào""","=""40""","=""0""","=""5""","=""Low""","=""false"""
"=""eximbank ttdt""","=""40""","=""0""","=""2""","=""Low""","=""false"""
"=""eximbank violet hoàn tiền""","=""40""","=""0""","=""4""","=""Low""","=""false"""
"=""eximbank visa violet""","=""40""","=""0""","=""3""","=""Low""","=""false"""
"=""eximbank công bố thông tin""","=""40""","=""0""","=""5""","=""Low""","=""false"""
"=""eximbank 28 phùng khắc khoan""","=""40""","=""0""","=""5""","=""Low""","=""false"""
"=""eximbank 3 tháng 2""","=""40""","=""0""","=""4""","=""Low""","=""false"""
"=""eximbank com vn online""","=""30""","=""0""","=""4""","=""Low""","=""false"""
"=""eximbank của ai""","=""30""","=""0""","=""3""","=""Low""","=""false"""
"=""eximbank ba đình""","=""30""","=""0""","=""3""","=""Low""","=""false"""
"=""eximbank bmt""","=""30""","=""0""","=""2""","=""Low""","=""false"""
"=""eximbank career""","=""30""","=""0""","=""2""","=""Low""","=""false"""
"=""eximbank cách mạng tháng 8""","=""30""","=""0""","=""5""","=""Low""","=""false"""
"=""eximbank chi nhánh sài gòn""","=""30""","=""0""","=""5""","=""Low""","=""false"""
"=""eximbank eib""","=""30""","=""0""","=""2""","=""Low""","=""false"""
"=""eximbank gia lai""","=""30""","=""0""","=""3""","=""Low""","=""false"""
"=""eximbank kiên giang""","=""30""","=""0""","=""3""","=""Low""","=""false"""
"=""eximbank logo png""","=""30""","=""0""","=""3""","=""Low""","=""true"""
"=""eximbank nam định""","=""30""","=""0""","=""3""","=""Low""","=""false"""
"=""eximbank nghệ an""","=""30""","=""0""","=""3""","=""Low""","=""false"""
"=""eximbank ngoại tệ""","=""30""","=""0""","=""3""","=""Low""","=""false"""
"=""eximbank of china""","=""30""","=""0""","=""3""","=""Low""","=""true"""
"=""eximbank phú nhuận""","=""30""","=""0""","=""3""","=""Low""","=""false"""
"=""eximbank platinum cash back""","=""30""","=""0""","=""4""","=""Low""","=""true"""
"=""eximbank priority""","=""30""","=""0""","=""2""","=""Low""","=""false"""
"=""eximbank thái bình""","=""30""","=""0""","=""3""","=""Low""","=""false"""
"=""eximbank tower""","=""30""","=""0""","=""2""","=""Low""","=""true"""
"=""eximbank mỹ đình""","=""30""","=""0""","=""3""","=""Low""","=""false"""
"=""eximbank quận 9""","=""30""","=""0""","=""3""","=""Low""","=""false"""
"=""eximbank amc""","=""30""","=""0""","=""2""","=""Low""","=""false"""
"=""eximbank an sương""","=""30""","=""0""","=""3""","=""Low""","=""false"""
"=""eximbank biz""","=""30""","=""0""","=""2""","=""Low""","=""false"""
"=""eximbank chi nhánh quận 10""","=""30""","=""0""","=""5""","=""Low""","=""false"""
"=""eximbank ebiz doanh nghiệp""","=""30""","=""0""","=""4""","=""Low""","=""false"""
"=""eximbank hiệp thành""","=""30""","=""0""","=""3""","=""Low""","=""false"""
"=""eximbank kinh dương vương""","=""30""","=""0""","=""4""","=""Low""","=""false"""
"=""eximbank nam sài gòn""","=""30""","=""0""","=""4""","=""Low""","=""false"""
"=""eximbank run""","=""30""","=""0""","=""2""","=""Low""","=""false"""
"=""eximbank trảng bom""","=""30""","=""0""","=""3""","=""Low""","=""false"""
"=""eximbank tuyển dụng 2026""","=""30""","=""0""","=""4""","=""Low""","=""true"""
"=""eximbank 24c bà triệu""","=""30""","=""0""","=""4""","=""Low""","=""false"""
"=""eximbank bắc từ liêm""","=""30""","=""0""","=""4""","=""Low""","=""false"""
"=""eximbank cá nhân""","=""20""","=""0""","=""3""","=""Low""","=""false"""
"=""eximbank lê lợi""","=""20""","=""0""","=""3""","=""Low""","=""false"""
"=""eximbank buôn ma thuột""","=""20""","=""0""","=""4""","=""Low""","=""false"""
"=""eximbank cai lậy""","=""20""","=""0""","=""3""","=""Low""","=""false"""
"=""eximbank chủ tịch""","=""20""","=""0""","=""3""","=""Low""","=""true"""
"=""eximbank chi nhánh chợ lớn""","=""20""","=""0""","=""5""","=""Low""","=""false"""
"=""eximbank currency exchange""","=""20""","=""0""","=""3""","=""Low""","=""false"""
"=""eximbank exchange""","=""20""","=""0""","=""2""","=""Low""","=""false"""
"=""eximbank ho chi minh""","=""20""","=""0""","=""4""","=""Low""","=""false"""
"=""eximbank huỳnh tấn phát quận 7""","=""20""","=""0""","=""6""","=""Low""","=""false"""
"=""eximbank login""","=""20""","=""0""","=""2""","=""Low""","=""false"""
"=""eximbank loyalty""","=""20""","=""0""","=""2""","=""Low""","=""false"""
"=""eximbank miễn phí chuyển tiền""","=""20""","=""0""","=""5""","=""Low""","=""false"""
"=""eximbank mobile banking""","=""20""","=""0""","=""3""","=""Low""","=""false"""
"=""eximbank money exchange""","=""20""","=""0""","=""3""","=""Low""","=""false"""
"=""eximbank nguyễn oanh""","=""20""","=""0""","=""3""","=""Low""","=""false"""
"=""eximbank phú yên""","=""20""","=""0""","=""3""","=""Low""","=""false"""
"=""eximbank rate""","=""20""","=""0""","=""2""","=""Low""","=""false"""
"=""eximbank tao đàn""","=""20""","=""0""","=""3""","=""Low""","=""false"""
"=""eximbank tan son nhat""","=""20""","=""0""","=""4""","=""Low""","=""false"""
"=""eximbank chi nhánh tphcm""","=""20""","=""0""","=""4""","=""Low""","=""false"""
"=""eximbank trung chánh""","=""20""","=""0""","=""3""","=""Low""","=""false"""
"=""eximbank trường chinh""","=""20""","=""0""","=""3""","=""Low""","=""false"""
"=""eximbank vietstock""","=""20""","=""0""","=""2""","=""Low""","=""false"""
"=""eximbank bến tre""","=""20""","=""0""","=""3""","=""Low""","=""false"""
"=""eximbank cần thơ tuyển dụng""","=""20""","=""0""","=""5""","=""Low""","=""true"""
"=""eximbank sóc trăng""","=""20""","=""0""","=""3""","=""Low""","=""false"""
"=""eximbank vĩnh long""","=""20""","=""0""","=""3""","=""Low""","=""false"""
"=""eximbank làm việc mấy giờ""","=""20""","=""0""","=""5""","=""Low""","=""false"""
"=""eximbank apple pay""","=""20""","=""0""","=""3""","=""Low""","=""false"""
"=""eximbank hai bà trưng quận 1""","=""20""","=""0""","=""6""","=""Low""","=""false"""
"=""eximbank hội sở hcm""","=""20""","=""0""","=""4""","=""Low""","=""false"""
"=""eximbank huỳnh tấn phát""","=""20""","=""0""","=""4""","=""Low""","=""false"""
"=""eximbank khánh hòa""","=""20""","=""0""","=""3""","=""Low""","=""false"""
"=""eximbank lý thái tổ hà nội""","=""20""","=""0""","=""6""","=""Low""","=""false"""
"=""eximbank mai hắc đế""","=""20""","=""0""","=""4""","=""Low""","=""false"""
"=""eximbank midnight""","=""20""","=""0""","=""2""","=""Low""","=""false"""
"=""eximbank money exchange 59""","=""20""","=""0""","=""4""","=""Low""","=""false"""
"=""eximbank ninh bình""","=""20""","=""0""","=""3""","=""Low""","=""false"""
"=""eximbank ninh thuận""","=""20""","=""0""","=""3""","=""Low""","=""false"""
"=""eximbank phốt""","=""20""","=""0""","=""2""","=""Low""","=""false"""
"=""eximbank phú thọ""","=""20""","=""0""","=""3""","=""Low""","=""false"""
"=""eximbank priority visa signature""","=""20""","=""0""","=""4""","=""Low""","=""false"""
"=""eximbank run 2026""","=""20""","=""0""","=""3""","=""Low""","=""false"""
"=""eximbank signature""","=""20""","=""0""","=""2""","=""Low""","=""false"""
"=""eximbank thời gian làm việc""","=""20""","=""0""","=""5""","=""Low""","=""false"""
"=""eximbank tin tức""","=""20""","=""0""","=""3""","=""Low""","=""false"""
"=""eximbank tiếng anh""","=""20""","=""0""","=""3""","=""Low""","=""false"""
"=""eximbank trụ sở""","=""20""","=""0""","=""3""","=""Low""","=""false"""
"=""eximbank mã cổ phiếu""","=""20""","=""0""","=""4""","=""Low""","=""false"""
"=""eximbank mấy giờ làm việc""","=""20""","=""0""","=""5""","=""Low""","=""true"""
"=""eximbank mã số thuế""","=""20""","=""0""","=""4""","=""Low""","=""false"""
"=""eximbank từ nhiệm""","=""20""","=""0""","=""3""","=""Low""","=""false"""
"=""eximbank số dư tối thiểu""","=""20""","=""0""","=""5""","=""Low""","=""false"""
"=""eximbank xô viết nghệ tĩnh""","=""20""","=""0""","=""5""","=""Low""","=""false"""
"=""eximbank của nước nào""","=""20""","=""0""","=""4""","=""Low""","=""false"""
"=""eximbank 24 7""","=""10""","=""0""","=""3""","=""Low""","=""false"""
"=""eximbank chăm sóc khách hàng""","=""10""","=""0""","=""5""","=""Low""","=""false"""
"=""eximbank com""","=""10""","=""0""","=""2""","=""Low""","=""false"""
"=""eximbank com vn truy van tai khoan""","=""10""","=""0""","=""7""","=""Low""","=""false"""
"=""eximbank hỗ trợ khách hàng""","=""10""","=""0""","=""5""","=""Low""","=""false"""
"=""eximbank khách hàng cá nhân""","=""10""","=""0""","=""5""","=""Low""","=""false"""
"=""eximbank smart otp""","=""10""","=""0""","=""3""","=""Low""","=""false"""
"=""eximbank smbc""","=""10""","=""0""","=""2""","=""Low""","=""false"""
"=""eximbank số điện thoại""","=""10""","=""0""","=""4""","=""Low""","=""false"""
"=""eximbanking online""","=""10""","=""0""","=""2""","=""Low""","=""false"""
"=""eximbank adalah""","=""10""","=""0""","=""2""","=""Low""","=""false"""
"=""eximbank annual report""","=""10""","=""0""","=""3""","=""Low""","=""false"""
"=""eximbank branch""","=""10""","=""0""","=""2""","=""Low""","=""false"""
"=""eximbank can tho""","=""10""","=""0""","=""3""","=""Low""","=""true"""
"=""eximbank ceo""","=""10""","=""0""","=""2""","=""Low""","=""false"""
"=""eximbank chi nhánh bình dương""","=""10""","=""0""","=""5""","=""Low""","=""false"""
"=""eximbank cn tphcm""","=""10""","=""0""","=""3""","=""Low""","=""false"""
"=""eximbank credit""","=""10""","=""0""","=""2""","=""Low""","=""false"""
"=""eximbank credit card""","=""10""","=""0""","=""3""","=""Low""","=""false"""
"=""eximbank curs""","=""10""","=""0""","=""2""","=""Low""","=""false"""
"=""eximbank depozite""","=""10""","=""0""","=""2""","=""Low""","=""false"""
"=""eximbank digi""","=""10""","=""0""","=""2""","=""Low""","=""false"""
"=""eximbank dong nai""","=""10""","=""0""","=""3""","=""Low""","=""false"""
"=""eximbank dong thap""","=""10""","=""0""","=""3""","=""Low""","=""false"""
"=""eximbank binh duong""","=""10""","=""0""","=""3""","=""Low""","=""false"""
"=""eximbank thu duc""","=""10""","=""0""","=""3""","=""Low""","=""false"""
"=""eximbank edigi online""","=""10""","=""0""","=""3""","=""Low""","=""false"""
"=""eximbank email""","=""10""","=""0""","=""2""","=""Low""","=""false"""
"=""eximbank filiale""","=""10""","=""0""","=""2""","=""Low""","=""false"""
"=""eximbank ghana""","=""10""","=""0""","=""2""","=""Low""","=""false"""
"=""eximbank gold""","=""10""","=""0""","=""2""","=""Low""","=""false"""
"=""eximbank gov""","=""10""","=""0""","=""2""","=""Low""","=""false"""
"=""eximbank gò dầu""","=""10""","=""0""","=""3""","=""Low""","=""false"""
"=""eximbank gruppo veneto banca""","=""10""","=""0""","=""4""","=""Low""","=""false"""
"=""eximbank hoi so""","=""10""","=""0""","=""3""","=""Low""","=""false"""
"=""eximbank hungary""","=""10""","=""0""","=""2""","=""Low""","=""false"""
"=""eximbank hu""","=""10""","=""0""","=""2""","=""Low""","=""false"""
"=""eximbank iban""","=""10""","=""0""","=""2""","=""Low""","=""false"""
"=""eximbank iasi""","=""10""","=""0""","=""2""","=""Low""","=""false"""
"=""eximbank ihracata hazırlık kredisi""","=""10""","=""0""","=""4""","=""Low""","=""false"""
"=""eximbank indonesia""","=""10""","=""0""","=""2""","=""Low""","=""false"""
"=""eximbank india""","=""10""","=""0""","=""2""","=""Low""","=""false"""
"=""eximbank internet banking login""","=""10""","=""0""","=""4""","=""Low""","=""false"""
"=""eximbank job""","=""10""","=""0""","=""2""","=""Low""","=""false"""
"=""eximbank jobs""","=""10""","=""0""","=""2""","=""Low""","=""false"""
"=""eximbank of russia jsc""","=""10""","=""0""","=""4""","=""Low""","=""false"""
"=""eximbank khuyến mãi""","=""10""","=""0""","=""3""","=""Low""","=""false"""
"=""eximbank korea""","=""10""","=""0""","=""2""","=""Low""","=""false"""
"=""eximbank yönetim kurulu""","=""10""","=""0""","=""3""","=""Low""","=""false"""
"=""eximbank ky dong""","=""10""","=""0""","=""3""","=""Low""","=""false"""
"=""eximbank lac long quan""","=""10""","=""0""","=""4""","=""Low""","=""false"""
"=""eximbank leasing""","=""10""","=""0""","=""2""","=""Low""","=""false"""
"=""eximbank linkedin""","=""10""","=""0""","=""2""","=""Low""","=""false"""
"=""eximbank liễu giai""","=""10""","=""0""","=""3""","=""Low""","=""false"""
"=""eximbank ltd""","=""10""","=""0""","=""2""","=""Low""","=""false"""
"=""eximbank lý tự trọng""","=""10""","=""0""","=""4""","=""Low""","=""false"""
"=""eximbank mail""","=""10""","=""0""","=""2""","=""Low""","=""false"""
"=""eximbank malaysia""","=""10""","=""0""","=""2""","=""Low""","=""false"""
"=""eximbank mastercard""","=""10""","=""0""","=""2""","=""Low""","=""false"""
"=""eximbank md""","=""10""","=""0""","=""2""","=""Low""","=""false"""
"=""eximbank md online""","=""10""","=""0""","=""3""","=""Low""","=""false"""
"=""eximbank md verificarea contului""","=""10""","=""0""","=""4""","=""Low""","=""false"""
"=""eximbank mobile""","=""10""","=""0""","=""2""","=""Low""","=""false"""
"=""eximbank moldova""","=""10""","=""0""","=""2""","=""Low""","=""false"""
"=""eximbank phu my hung""","=""10""","=""0""","=""4""","=""Low""","=""false"""
"=""eximbank nedir""","=""10""","=""0""","=""2""","=""Low""","=""false"""
"=""eximbank news""","=""10""","=""0""","=""2""","=""Low""","=""false"""
"=""eximbank ha noi""","=""10""","=""0""","=""3""","=""Low""","=""false"""
"=""eximbank of russia""","=""10""","=""0""","=""3""","=""Low""","=""false"""
"=""eximbank of india""","=""10""","=""0""","=""3""","=""Low""","=""false"""
"=""eximbank of romania""","=""10""","=""0""","=""3""","=""Low""","=""false"""
"=""eximbank romania""","=""10""","=""0""","=""2""","=""Low""","=""false"""
"=""eximbank program de lucru""","=""10""","=""0""","=""4""","=""Low""","=""false"""
"=""eximbank ro""","=""10""","=""0""","=""2""","=""Low""","=""false"""
"=""eximbank russia""","=""10""","=""0""","=""2""","=""Low""","=""false"""
"=""eximbank shopee""","=""10""","=""0""","=""2""","=""Low""","=""false"""
"=""eximbank swift""","=""10""","=""0""","=""2""","=""Low""","=""false"""
"=""eximbank tam kỳ""","=""10""","=""0""","=""3""","=""Low""","=""false"""
"=""eximbank taiwan""","=""10""","=""0""","=""2""","=""Low""","=""false"""
"=""eximbank tan dinh""","=""10""","=""0""","=""3""","=""Low""","=""false"""
"=""eximbank tel""","=""10""","=""0""","=""2""","=""Low""","=""false"""
"=""eximbank telefon""","=""10""","=""0""","=""2""","=""Low""","=""false"""
"=""eximbank tuyển dụng thực tập sinh""","=""10""","=""0""","=""6""","=""Low""","=""false"""
"=""eximbank tvc""","=""10""","=""0""","=""2""","=""Low""","=""false"""
"=""eximbank ty gia usd""","=""10""","=""0""","=""4""","=""Low""","=""false"""
"=""eximbank tz""","=""10""","=""0""","=""2""","=""Low""","=""false"""
"=""eximbank ua""","=""10""","=""0""","=""2""","=""Low""","=""false"""
"=""eximbank uganda""","=""10""","=""0""","=""2""","=""Low""","=""false"""
"=""eximbank ukraine""","=""10""","=""0""","=""2""","=""Low""","=""false"""
"=""eximbank usa""","=""10""","=""13.86""","=""2""","=""Low""","=""false"""
"=""eximbank vay tín chấp""","=""10""","=""0.61""","=""4""","=""Medium""","=""true"""
"=""eximbank vay thế chấp""","=""10""","=""0""","=""4""","=""Low""","=""false"""
"=""eximbank vay tiêu dùng""","=""10""","=""0.87""","=""4""","=""Medium""","=""false"""
"=""eximbank việt nam""","=""10""","=""0""","=""3""","=""Low""","=""false"""
"=""eximbank vo van tan""","=""10""","=""0""","=""4""","=""Low""","=""false"""
"=""eximbank vung tau""","=""10""","=""0""","=""3""","=""Low""","=""false"""
"=""eximbank web banking""","=""10""","=""0""","=""3""","=""Low""","=""false"""
"=""eximbank wiki""","=""10""","=""0""","=""2""","=""Low""","=""false"""
"=""eximbank gửi tiết kiệm""","=""10""","=""0""","=""4""","=""Low""","=""false"""
"=""eximbank 4b tôn đức thắng""","=""10""","=""0""","=""5""","=""Low""","=""false"""
"=""eximbank edigi là gì""","=""10""","=""0""","=""4""","=""Low""","=""false"""
"=""eximbank loyalty là gì""","=""10""","=""0""","=""4""","=""Low""","=""false"""
"=""eximbank atm fee""","=""10""","=""0""","=""3""","=""Low""","=""false"""
"=""eximbank board of directors""","=""10""","=""0""","=""4""","=""Low""","=""false"""
"=""eximbank board""","=""10""","=""0""","=""2""","=""Low""","=""false"""
"=""eximbank biểu phí""","=""10""","=""0""","=""3""","=""Low""","=""false"""
"=""eximbank cashback platinum""","=""10""","=""0""","=""3""","=""Low""","=""false"""
"=""eximbank ceo navin dookeran fired""","=""10""","=""0""","=""5""","=""Low""","=""false"""
"=""eximbank mã ck""","=""10""","=""0""","=""3""","=""Low""","=""true"""
"=""eximbank cung cấp dịch vụ đầu tư nào""","=""10""","=""0""","=""8""","=""Low""","=""false"""
"=""eximbank digital""","=""10""","=""0""","=""2""","=""Low""","=""false"""
"=""eximbank digibiz""","=""10""","=""0""","=""2""","=""Low""","=""true"""
"=""eximbank duy trì số dư bao nhiêu""","=""10""","=""0""","=""7""","=""Low""","=""true"""
"=""eximbank edigi bị lỗi""","=""10""","=""0""","=""4""","=""Low""","=""false"""
"=""eximbank edigi la gì""","=""10""","=""0""","=""4""","=""Low""","=""false"""
"=""eximbank edigi banking online""","=""10""","=""0""","=""4""","=""Low""","=""false"""
"=""eximbank english name""","=""10""","=""0""","=""3""","=""Low""","=""false"""
"=""eximbank forex allocation concerns""","=""10""","=""0""","=""4""","=""Low""","=""false"""
"=""eximbank forex list""","=""10""","=""0""","=""3""","=""Low""","=""false"""
"=""eximbank giải chạy""","=""10""","=""0""","=""3""","=""Low""","=""false"""
"=""eximbank giải phóng""","=""10""","=""0""","=""3""","=""Low""","=""true"""
"=""eximbank gelex""","=""10""","=""0""","=""2""","=""Low""","=""true"""
"=""eximbank hiện đang mở""","=""10""","=""0""","=""4""","=""Low""","=""false"""
"=""eximbank hoà bình""","=""10""","=""0""","=""3""","=""Low""","=""true"""
"=""eximbank hcmc night run""","=""10""","=""0""","=""4""","=""Low""","=""false"""
"=""eximbank hcmc night run 2026""","=""10""","=""0""","=""5""","=""Low""","=""false"""
"=""eximbank cn hcm""","=""10""","=""0""","=""3""","=""Low""","=""false"""
"=""eximbank huế lý thường kiệt""","=""10""","=""0""","=""5""","=""Low""","=""false"""
"=""eximbank jcb ultimate""","=""10""","=""0""","=""3""","=""Low""","=""false"""
"=""eximbank tuyển dụng it""","=""10""","=""0""","=""4""","=""Low""","=""true"""
"=""eximbank kim biên""","=""10""","=""0""","=""3""","=""Low""","=""false"""
"=""eximbank kiểm soát đặc biệt""","=""10""","=""0""","=""5""","=""Low""","=""false"""
"=""eximbank khai trương trụ sở mới""","=""10""","=""0""","=""6""","=""Low""","=""false"""
"=""eximbank korupsi""","=""10""","=""0""","=""2""","=""Low""","=""false"""
"=""eximbank liên chiểu""","=""10""","=""0""","=""3""","=""Low""","=""false"""
"=""eximbank lms""","=""10""","=""0""","=""2""","=""Low""","=""false"""
"=""eximbank luỹ bán bích""","=""10""","=""0""","=""4""","=""Low""","=""false"""
"=""eximbank marathon 2025""","=""10""","=""0""","=""3""","=""Low""","=""false"""
"=""eximbank mail login""","=""10""","=""0""","=""3""","=""Low""","=""false"""
"=""eximbank midnight run""","=""10""","=""0""","=""3""","=""Low""","=""false"""
"=""eximbank miễn nhiệm""","=""10""","=""0""","=""3""","=""Low""","=""false"""
"=""eximbank nam đà nẵng""","=""10""","=""0""","=""4""","=""Low""","=""true"""
"=""eximbank nereye bağlı""","=""10""","=""0""","=""3""","=""Low""","=""false"""
"=""eximbank night run 2025""","=""10""","=""0""","=""4""","=""Low""","=""false"""
"=""eximbank niêm yết trên sàn chứng khoán""","=""10""","=""0""","=""7""","=""Low""","=""false"""
"=""eximbank niêm yết trên sàn chứng khoán năm nào""","=""10""","=""0""","=""9""","=""Low""","=""false"""
"=""eximbank tỷ giá nzd""","=""10""","=""0""","=""4""","=""Low""","=""false"""
"=""eximbank piatra neamt""","=""10""","=""0""","=""3""","=""Low""","=""false"""
"=""eximbank visa platinum""","=""10""","=""0""","=""3""","=""Low""","=""false"""
"=""eximbank reeskont""","=""10""","=""0""","=""2""","=""Low""","=""false"""
"=""eximbank scandal""","=""10""","=""0""","=""2""","=""Low""","=""false"""
"=""eximbank bán vàng sjc""","=""10""","=""0""","=""4""","=""Low""","=""false"""
"=""eximbank sinh trắc học""","=""10""","=""0""","=""4""","=""Low""","=""false"""
"=""eximbank sr""","=""10""","=""0""","=""2""","=""Low""","=""false"""
"=""eximbank stock""","=""10""","=""0""","=""2""","=""Low""","=""true"""
"=""eximbank swift code vietnam""","=""10""","=""0""","=""4""","=""Low""","=""false"""
"=""eximbank tam bình""","=""10""","=""0""","=""3""","=""Low""","=""true"""
"=""eximbank tuyển dụng hội sở""","=""10""","=""0""","=""5""","=""Low""","=""true"""
"=""eximbank tuấn mượt""","=""10""","=""0""","=""3""","=""Low""","=""false"""
"=""eximbank tuyển dụng hỗ trợ tín dụng""","=""10""","=""0""","=""7""","=""Low""","=""false"""
"=""eximbank vay""","=""10""","=""0""","=""2""","=""Medium""","=""false"""
"=""eximbank vay mua nhà""","=""10""","=""0""","=""4""","=""Low""","=""false"""
"=""eximbank voz""","=""10""","=""0""","=""2""","=""Low""","=""false"""
"=""eximbank web""","=""10""","=""0""","=""2""","=""Low""","=""false"""
"=""eximbank 2026""","=""10""","=""0""","=""2""","=""Low""","=""false"""
"=""eximbank 2025""","=""10""","=""0""","=""2""","=""Low""","=""false"""
"=""eximbank 35 năm""","=""10""","=""0""","=""3""","=""Low""","=""false"""
"=""eximbank 8 tỷ""","=""10""","=""0""","=""3""","=""Low""","=""false"""
"=""eximbank có bao nhiêu chi nhánh""","=""10""","=""0""","=""6""","=""Low""","=""false"""
"=""eximbank có bao nhiêu điểm giao dịch""","=""10""","=""0""","=""7""","=""Low""","=""false"""
"=""eximbank thuộc tập đoàn nào""","=""10""","=""0""","=""5""","=""Low""","=""false"""
"=""eximbank có làm việc sáng thứ 7 không""","=""10""","=""0""","=""8""","=""Low""","=""false"""
"=""eximbank có chủ tịch mới""","=""10""","=""0""","=""5""","=""Low""","=""true"""
"=""eximbank có uy tín không""","=""10""","=""0""","=""5""","=""Low""","=""false"""
"=""eximbank làm việc sáng thứ 7""","=""10""","=""0""","=""6""","=""Low""","=""false"""
"=""eximbank actionariat""","=""0""","=""0""","=""2""","=""Low""","=""false"""
"=""eximbank actionari""","=""0""","=""0""","=""2""","=""Low""","=""false"""
"=""eximbank achitare online""","=""0""","=""0""","=""3""","=""Low""","=""false"""
"=""eximbank adres""","=""0""","=""0""","=""2""","=""Low""","=""false"""
"=""eximbank adrese""","=""0""","=""0""","=""2""","=""Low""","=""false"""
"=""eximbank adana""","=""0""","=""0""","=""2""","=""Low""","=""false"""
"=""eximbank alacak sigortası""","=""0""","=""0""","=""3""","=""Low""","=""false"""
"=""eximbank alba iulia""","=""0""","=""0""","=""3""","=""Low""","=""false"""
"=""eximbank alıcı kredisi""","=""0""","=""0""","=""3""","=""Low""","=""false"""
"=""eximbank aplicatie""","=""0""","=""0""","=""2""","=""Low""","=""false"""
"=""eximbank arad""","=""0""","=""0""","=""2""","=""Low""","=""false"""
"=""eximbank argentina""","=""0""","=""0""","=""2""","=""Low""","=""false"""
"=""eximbank asigurari""","=""0""","=""0""","=""2""","=""Low""","=""false"""
"=""eximbank gümrük beyannamesi bildirim formu""","=""0""","=""0""","=""5""","=""Low""","=""false"""
"=""eximbank botanica""","=""0""","=""0""","=""2""","=""Low""","=""false"""
"=""eximbank brasov""","=""0""","=""0""","=""2""","=""Low""","=""false"""
"=""eximbank braila""","=""0""","=""0""","=""2""","=""Low""","=""false"""
"=""eximbank brasil""","=""0""","=""0""","=""2""","=""Low""","=""false"""
"=""eximbank bursa""","=""0""","=""0""","=""2""","=""Low""","=""false"""
"=""eximbank bucuresti""","=""0""","=""0""","=""2""","=""Low""","=""false"""
"=""eximbank buiucani""","=""0""","=""0""","=""2""","=""Low""","=""false"""
"=""eximbank centru""","=""0""","=""0""","=""2""","=""Low""","=""false"""
"=""eximbank ciocana""","=""0""","=""0""","=""2""","=""Low""","=""false"""
"=""eximbank cluj""","=""0""","=""0""","=""2""","=""Low""","=""false"""
"=""eximbank suport clienti""","=""0""","=""0""","=""3""","=""Low""","=""false"""
"=""eximbank credit ipotecar""","=""0""","=""0""","=""3""","=""Low""","=""false"""
"=""eximbank credit nevoi personale""","=""0""","=""0""","=""4""","=""Low""","=""false"""
"=""eximbank craiova""","=""0""","=""0""","=""2""","=""Low""","=""false"""
"=""eximbank credite persoane fizice""","=""0""","=""0""","=""4""","=""Low""","=""false"""
"=""eximbank credit online""","=""0""","=""0""","=""3""","=""Low""","=""false"""
"=""eximbank curs valutar""","=""0""","=""0""","=""3""","=""Low""","=""false"""
"=""eximbank depozite persoane fizice""","=""0""","=""0""","=""4""","=""Low""","=""false"""
"=""eximbank drochia""","=""0""","=""0""","=""2""","=""Low""","=""false"""
"=""eximbank ege bölge müdürlüğü""","=""0""","=""0""","=""4""","=""Low""","=""false"""
"=""eximbank ekşi""","=""0""","=""0""","=""2""","=""Low""","=""false"""
"=""eximbank kredi erteleme""","=""0""","=""0""","=""3""","=""Low""","=""false"""
"=""eximbank estados unidos""","=""0""","=""0""","=""3""","=""Low""","=""false"""
"=""eximbank eurobond""","=""0""","=""0""","=""2""","=""Low""","=""false"""
"=""eximbank euribor oranları""","=""0""","=""0""","=""3""","=""Low""","=""false"""
"=""eximbank başvuru evraklari""","=""0""","=""0""","=""3""","=""Low""","=""false"""
"=""eximbank faiz oranları""","=""0""","=""0""","=""3""","=""Low""","=""false"""
"=""eximbank faiz""","=""0""","=""0""","=""2""","=""Low""","=""false"""
"=""eximbank filiale buiucani""","=""0""","=""0""","=""3""","=""Low""","=""false"""
"=""eximbank filiale centru""","=""0""","=""0""","=""3""","=""Low""","=""false"""
"=""eximbank galati""","=""0""","=""0""","=""2""","=""Low""","=""false"""
"=""eximbank gaziantep""","=""0""","=""0""","=""2""","=""Low""","=""false"""
"=""eximbank genel müdürlük""","=""0""","=""0""","=""3""","=""Low""","=""false"""
"=""eximbank genel müdürü""","=""0""","=""0""","=""3""","=""Low""","=""false"""
"=""eximbank genel müdürlüğü""","=""0""","=""0""","=""3""","=""Low""","=""false"""
"=""eximbank genel müdür yardımcıları""","=""0""","=""0""","=""4""","=""Low""","=""false"""
"=""eximbank gebze""","=""0""","=""0""","=""2""","=""Low""","=""false"""
"=""eximbank gebze şubesi""","=""0""","=""0""","=""3""","=""Low""","=""false"""
"=""eximbank gov tr""","=""0""","=""0""","=""3""","=""Low""","=""false"""
"=""eximbank gov cn""","=""0""","=""0""","=""3""","=""Low""","=""false"""
"=""eximbank grigore vieru""","=""0""","=""0""","=""3""","=""Low""","=""false"""
"=""eximbank grafic de lucru""","=""0""","=""0""","=""4""","=""Low""","=""false"""
"=""eximbank gruppo veneto banca moldova""","=""0""","=""0""","=""5""","=""Low""","=""false"""
"=""eximbank hitelek""","=""0""","=""0""","=""2""","=""Low""","=""false"""
"=""eximbank ihracat kredisi""","=""0""","=""0""","=""3""","=""Low""","=""false"""
"=""eximbank ihracat kredisi faiz oranları""","=""0""","=""0""","=""5""","=""Low""","=""false"""
"=""eximbank ihracat sigortası""","=""0""","=""0""","=""3""","=""Low""","=""false"""
"=""eximbank ihracat kredileri""","=""0""","=""0""","=""3""","=""Low""","=""false"""
"=""eximbank ige""","=""0""","=""0""","=""2""","=""Low""","=""false"""
"=""eximbank ige kredisi""","=""0""","=""0""","=""3""","=""Low""","=""false"""
"=""eximbank ikitelli""","=""0""","=""0""","=""2""","=""Low""","=""false"""
"=""eximbank uk""","=""0""","=""0""","=""2""","=""Low""","=""false"""
"=""eximbank iletişim""","=""0""","=""0""","=""2""","=""Low""","=""false"""
"=""eximbank iş ilanları""","=""0""","=""0""","=""3""","=""Low""","=""false"""
"=""eximbank kredi hesaplama""","=""0""","=""0""","=""3""","=""Low""","=""false"""
"=""eximbank istanbul""","=""0""","=""0""","=""2""","=""Low""","=""false"""
"=""eximbank istoric""","=""0""","=""0""","=""2""","=""Low""","=""false"""
"=""eximbank izmir""","=""0""","=""0""","=""2""","=""Low""","=""false"""
"=""eximbank jakarta""","=""0""","=""0""","=""2""","=""Low""","=""false"""
"=""eximbank ithalat kredisi""","=""0""","=""0""","=""3""","=""Low""","=""false"""
"=""eximbank persoane juridice""","=""0""","=""0""","=""3""","=""Low""","=""false"""
"=""eximbank karir""","=""0""","=""0""","=""2""","=""Low""","=""false"""
"=""eximbank kariyer""","=""0""","=""0""","=""2""","=""Low""","=""false"""
"=""eximbank karrier""","=""0""","=""0""","=""2""","=""Low""","=""false"""
"=""eximbank kayseri""","=""0""","=""0""","=""2""","=""Low""","=""false"""
"=""eximbank kgf""","=""0""","=""0""","=""2""","=""Low""","=""false"""
"=""eximbank konya""","=""0""","=""0""","=""2""","=""Low""","=""false"""
"=""eximbank kobi ihracata hazırlık kredisi""","=""0""","=""0""","=""5""","=""Low""","=""false"""
"=""eximbank kur""","=""0""","=""0""","=""2""","=""Low""","=""false"""
"=""eximbank kurlar""","=""0""","=""0""","=""2""","=""Low""","=""false"""
"=""eximbank yönetim kurulu üyeleri""","=""0""","=""0""","=""4""","=""Low""","=""false"""
"=""eximbank kredi""","=""0""","=""0""","=""2""","=""Low""","=""false"""
"=""eximbank kredileri""","=""0""","=""0""","=""2""","=""Low""","=""false"""
"=""eximbank kredi oranları""","=""0""","=""0""","=""3""","=""Low""","=""false"""
"=""eximbank kredileri faiz oranları""","=""0""","=""0""","=""4""","=""Low""","=""false"""
"=""eximbank kredisi nedir""","=""0""","=""0""","=""3""","=""Low""","=""false"""
"=""eximbank kredi şartları""","=""0""","=""0""","=""3""","=""Low""","=""false"""
"=""eximbank kredi talep formu""","=""0""","=""0""","=""4""","=""Low""","=""false"""
"=""eximbank kredi kullanım şartları""","=""0""","=""0""","=""4""","=""Low""","=""false"""
"=""eximbank tanzania ltd""","=""0""","=""0""","=""3""","=""Low""","=""false"""
"=""eximbank md filiale""","=""0""","=""0""","=""3""","=""Low""","=""false"""
"=""eximbank md curs valutar""","=""0""","=""0""","=""4""","=""Low""","=""false"""
"=""eximbank md depozite""","=""0""","=""0""","=""3""","=""Low""","=""false"""
"=""eximbank mersin""","=""0""","=""0""","=""2""","=""Low""","=""false"""
"=""eximbank mexico""","=""0""","=""0""","=""2""","=""Low""","=""false"""
"=""eximbank moldova filiale""","=""0""","=""0""","=""3""","=""Low""","=""false"""
"=""eximbank ne iş yapar""","=""0""","=""0""","=""4""","=""Low""","=""false"""
"=""eximbank ne demek""","=""0""","=""0""","=""3""","=""Low""","=""false"""
"=""eximbank filiala nr 23""","=""0""","=""0""","=""4""","=""Low""","=""false"""
"=""eximbank filiala nr 19""","=""0""","=""0""","=""4""","=""Low""","=""false"""
"=""eximbank odakule""","=""0""","=""0""","=""2""","=""Low""","=""false"""
"=""eximbank orhei""","=""0""","=""0""","=""2""","=""Low""","=""false"""
"=""eximbank oradea""","=""0""","=""0""","=""2""","=""Low""","=""false"""
"=""eximbank ortaklık yapısı""","=""0""","=""0""","=""3""","=""Low""","=""false"""
"=""eximbank oranları""","=""0""","=""0""","=""2""","=""Low""","=""false"""
"=""eximbank orar de lucru""","=""0""","=""0""","=""4""","=""Low""","=""false"""
"=""eximbank persoane fizice""","=""0""","=""0""","=""3""","=""Low""","=""false"""
"=""eximbank personel alımı""","=""0""","=""0""","=""3""","=""Low""","=""false"""
"=""eximbank personel maaşları""","=""0""","=""0""","=""3""","=""Low""","=""false"""
"=""eximbank pareri""","=""0""","=""0""","=""2""","=""Low""","=""false"""
"=""eximbank pitesti""","=""0""","=""0""","=""2""","=""Low""","=""false"""
"=""eximbank ploiesti""","=""0""","=""0""","=""2""","=""Low""","=""false"""
"=""eximbank pmr""","=""0""","=""0""","=""2""","=""Low""","=""false"""
"=""eximbank posturi vacante""","=""0""","=""0""","=""3""","=""Low""","=""false"""
"=""eximbank program""","=""0""","=""0""","=""2""","=""Low""","=""false"""
"=""eximbank prima casa""","=""0""","=""0""","=""3""","=""Low""","=""false"""
"=""eximbank reeskont kredisi""","=""0""","=""0""","=""3""","=""Low""","=""false"""
"=""eximbank refinantare""","=""0""","=""0""","=""2""","=""Low""","=""false"""
"=""eximbank reeskont kredisi nedir""","=""0""","=""0""","=""4""","=""Low""","=""false"""
"=""eximbank riscani""","=""0""","=""0""","=""2""","=""Low""","=""false"""
"=""eximbank ru""","=""0""","=""0""","=""2""","=""Low""","=""false"""
"=""eximbank schimb valutar""","=""0""","=""0""","=""3""","=""Low""","=""false"""
"=""eximbank sevk öncesi ihracat kredisi""","=""0""","=""0""","=""5""","=""Low""","=""false"""
"=""eximbank sibiu""","=""0""","=""0""","=""2""","=""Low""","=""false"""
"=""eximbank sigorta""","=""0""","=""0""","=""2""","=""Low""","=""false"""
"=""eximbank sign in""","=""0""","=""0""","=""3""","=""Low""","=""false"""
"=""eximbank stiri""","=""0""","=""0""","=""2""","=""Low""","=""false"""
"=""eximbank staj""","=""0""","=""0""","=""2""","=""Low""","=""false"""
"=""eximbank staj başvurusu""","=""0""","=""0""","=""3""","=""Low""","=""false"""
"=""eximbank sucursale""","=""0""","=""0""","=""2""","=""Low""","=""false"""
"=""eximbank suceava""","=""0""","=""0""","=""2""","=""Low""","=""false"""
"=""eximbank sucursala 20""","=""0""","=""0""","=""3""","=""Low""","=""false"""
"=""eximbank teminat mektubu""","=""0""","=""0""","=""3""","=""Low""","=""false"""
"=""eximbank teminat mektubu örneği""","=""0""","=""0""","=""4""","=""Low""","=""false"""
"=""eximbank tl kredi faiz oranları""","=""0""","=""0""","=""5""","=""Low""","=""false"""
"=""eximbank tl faiz oranları""","=""0""","=""0""","=""4""","=""Low""","=""false"""
"=""eximbank co tz""","=""0""","=""0""","=""3""","=""Low""","=""false"""
"=""eximbank új vezérigazgató""","=""0""","=""0""","=""3""","=""Low""","=""false"""
"=""eximbank ungheni""","=""0""","=""0""","=""2""","=""Low""","=""false"""
"=""eximbank reeskont kredisi uygulama esasları""","=""0""","=""0""","=""5""","=""Low""","=""false"""
"=""eximbank uzman maaşı""","=""0""","=""0""","=""3""","=""Low""","=""false"""
"=""eximbank uzman yardımcısı maaş""","=""0""","=""0""","=""4""","=""Low""","=""false"""
"=""eximbank vezérigazgató""","=""0""","=""0""","=""2""","=""Low""","=""false"""
"=""eximbank vergi no""","=""0""","=""0""","=""3""","=""Low""","=""false"""
"=""eximbank vezetőség""","=""0""","=""0""","=""2""","=""Low""","=""false"""
"=""eximbank yatırım kredisi""","=""0""","=""0""","=""3""","=""Low""","=""false"""
"=""eximbank yenibosna""","=""0""","=""0""","=""2""","=""Low""","=""false"""
"=""eximbank çalışan yorumları""","=""0""","=""0""","=""3""","=""Low""","=""false"""
"=""eximbank yurtiçi alacak sigortası""","=""0""","=""0""","=""4""","=""Low""","=""false"""
"=""eximbank yurtdışı alacak sigortası""","=""0""","=""0""","=""4""","=""Low""","=""false"""
"=""eximbank zrt""","=""0""","=""0""","=""2""","=""Low""","=""false"""
"=""eximbank account number""","=""0""","=""0""","=""3""","=""Low""","=""false"""
"=""eximbank account""","=""0""","=""0""","=""2""","=""Low""","=""false"""
"=""eximbank actualizare date online""","=""0""","=""0""","=""4""","=""Low""","=""false"""
"=""eximbank actualizare date""","=""0""","=""0""","=""3""","=""Low""","=""false"""
"=""eximbank achizitii""","=""0""","=""0""","=""2""","=""Low""","=""false"""
"=""eximbank achitare credit""","=""0""","=""0""","=""3""","=""Low""","=""false"""
"=""eximbank acilimi""","=""0""","=""0""","=""2""","=""Low""","=""false"""
"=""eximbank address""","=""0""","=""0""","=""2""","=""Low""","=""false"""
"=""eximbank adb""","=""0""","=""0""","=""2""","=""Low""","=""false"""
"=""eximbank adresa""","=""0""","=""0""","=""2""","=""Low""","=""false"""
"=""eximbank adres istanbul""","=""0""","=""0""","=""3""","=""Low""","=""false"""
"=""eximbank adresa chisinau""","=""0""","=""0""","=""3""","=""Low""","=""false"""
"=""eximbank adı""","=""0""","=""0""","=""2""","=""Low""","=""false"""
"=""eximbank africa""","=""0""","=""0""","=""2""","=""Low""","=""false"""
"=""eximbank afrique""","=""0""","=""0""","=""2""","=""Low""","=""false"""
"=""eximbank cifra de afaceri""","=""0""","=""0""","=""4""","=""Low""","=""false"""
"=""eximbank agentii""","=""0""","=""0""","=""2""","=""Low""","=""false"""
"=""eximbank ai là chủ""","=""0""","=""0""","=""4""","=""Low""","=""false"""
"=""eximbank aiib""","=""0""","=""0""","=""2""","=""Low""","=""false"""
"=""eximbank về tay ai""","=""0""","=""0""","=""4""","=""Low""","=""false"""
"=""eximbank kime ait""","=""0""","=""0""","=""3""","=""Low""","=""false"""
"=""eximbank aktif büyüklüğü""","=""0""","=""0""","=""3""","=""Low""","=""false"""
"=""eximbank akreditif""","=""0""","=""0""","=""2""","=""Low""","=""false"""
"=""eximbank akademi""","=""0""","=""0""","=""2""","=""Low""","=""false"""
"=""eximbank alexandria""","=""0""","=""0""","=""2""","=""Low""","=""false"""
"=""eximbank alacak sigortası nedir""","=""0""","=""0""","=""4""","=""Low""","=""false"""
"=""eximbank alba iulia 168""","=""0""","=""0""","=""4""","=""Low""","=""false"""
"=""eximbank ali güney""","=""0""","=""0""","=""3""","=""Low""","=""false"""
"=""eximbank alıcı kodu öğrenme""","=""0""","=""0""","=""4""","=""Low""","=""false"""
"=""eximbank alıcı limit başvurusu""","=""0""","=""0""","=""4""","=""Low""","=""false"""
"=""eximbank alıcı kredileri""","=""0""","=""0""","=""3""","=""Low""","=""false"""
"=""eximbank amc tuyển dụng""","=""0""","=""0""","=""4""","=""Low""","=""false"""
"=""eximbank amc là gì""","=""0""","=""0""","=""4""","=""Low""","=""false"""
"=""eximbank america""","=""0""","=""0""","=""2""","=""Low""","=""false"""
"=""eximbank aml""","=""0""","=""0""","=""2""","=""Low""","=""false"""
"=""eximbank piata amzei""","=""0""","=""0""","=""3""","=""Low""","=""false"""
"=""eximbank amacı""","=""0""","=""0""","=""2""","=""Low""","=""false"""
"=""eximbank an lạc""","=""0""","=""0""","=""3""","=""Low""","=""false"""
"=""eximbank an giang tuyển dụng""","=""0""","=""0""","=""5""","=""Low""","=""false"""
"=""eximbank an phú""","=""0""","=""0""","=""3""","=""Low""","=""false"""
"=""eximbank annual report 2024""","=""0""","=""0""","=""4""","=""Low""","=""false"""
"=""eximbank annual report 2025""","=""0""","=""0""","=""4""","=""Low""","=""false"""
"=""eximbank an phú cần thơ""","=""0""","=""0""","=""5""","=""Low""","=""false"""
"=""eximbank an khánh""","=""0""","=""0""","=""3""","=""Low""","=""false"""
"=""eximbank apk""","=""0""","=""0""","=""2""","=""Low""","=""false"""
"=""eximbank api""","=""0""","=""0""","=""2""","=""Low""","=""false"""
"=""eximbank app store""","=""0""","=""0""","=""3""","=""Low""","=""false"""
"=""eximbank app download""","=""0""","=""0""","=""3""","=""Low""","=""false"""
"=""eximbank aplicatie mobila""","=""0""","=""0""","=""3""","=""Low""","=""false"""
"=""eximbank apakah bumn""","=""0""","=""0""","=""3""","=""Low""","=""false"""
"=""eximbank aplicatie telefon""","=""0""","=""0""","=""3""","=""Low""","=""false"""
"=""eximbank arad uta""","=""0""","=""0""","=""3""","=""Low""","=""false"""
"=""eximbank hesaplama araçları""","=""0""","=""0""","=""3""","=""Low""","=""false"""
"=""eximbank öğle arası""","=""0""","=""0""","=""3""","=""Low""","=""false"""
"=""eximbank sermaye artırımı""","=""0""","=""0""","=""3""","=""Low""","=""false"""
"=""eximbank timisoara aries""","=""0""","=""0""","=""3""","=""Low""","=""false"""
"=""eximbank curtea de arges""","=""0""","=""0""","=""4""","=""Low""","=""false"""
"=""eximbank duna aszfalt""","=""0""","=""0""","=""3""","=""Low""","=""false"""
"=""eximbank atm cash in""","=""0""","=""0""","=""4""","=""Low""","=""false"""
"=""eximbank aud to vnd""","=""0""","=""0""","=""4""","=""Low""","=""false"""
"=""eximbank au co""","=""0""","=""0""","=""3""","=""Low""","=""false"""
"=""eximbank aud""","=""0""","=""0""","=""2""","=""Low""","=""false"""
"=""eximbank australia""","=""0""","=""0""","=""2""","=""Low""","=""false"""
"=""eximbank autentificare""","=""0""","=""0""","=""2""","=""Low""","=""false"""
"=""eximbank aur""","=""0""","=""0""","=""2""","=""Low""","=""false"""
"=""eximbank tỷ giá aud""","=""0""","=""0""","=""4""","=""Low""","=""false"""
"=""eximbank credit auto""","=""0""","=""0""","=""3""","=""Low""","=""false"""
"=""eximbank avrupa yakası şubesi""","=""0""","=""0""","=""4""","=""Low""","=""false"""
"=""eximbank avrupa yakası""","=""0""","=""0""","=""3""","=""Low""","=""false"""
"=""eximbank declaratii de avere""","=""0""","=""0""","=""4""","=""Low""","=""false"""
"=""eximbank aviatorilor""","=""0""","=""0""","=""2""","=""Low""","=""false"""
"=""eximbank avrupa şubesi""","=""0""","=""0""","=""3""","=""Low""","=""false"""
"=""eximbank istanbul avrupa yakası şubesi""","=""0""","=""0""","=""5""","=""Low""","=""false"""
"=""eximbank aydın""","=""0""","=""0""","=""2""","=""Low""","=""false"""
"=""eximbank aydın şubesi""","=""0""","=""0""","=""3""","=""Low""","=""false"""
"=""eximbank ban lãnh đạo""","=""0""","=""0""","=""4""","=""Low""","=""false"""
"=""eximbank bao nhiêu tuổi được mở tài khoản""","=""0""","=""0""","=""8""","=""Low""","=""false"""
"=""eximbank bao cao tai chinh""","=""0""","=""0""","=""5""","=""Low""","=""false"""
"=""eximbank bank code""","=""0""","=""0""","=""3""","=""Low""","=""false"""
"=""eximbank ba tháng hai""","=""0""","=""0""","=""4""","=""Low""","=""false"""
"=""eximbank bctc""","=""0""","=""0""","=""2""","=""Low""","=""false"""
"=""eximbank bctn""","=""0""","=""0""","=""2""","=""Low""","=""false"""
"=""eximbank bctc 2025""","=""0""","=""0""","=""3""","=""Low""","=""false"""
"=""eximbank bctc 2024""","=""0""","=""0""","=""3""","=""Low""","=""false"""
"=""eximbank bd moscova""","=""0""","=""0""","=""3""","=""Low""","=""false"""
"=""eximbank berceni""","=""0""","=""0""","=""2""","=""Low""","=""false"""
"=""eximbank berta adrienn""","=""0""","=""0""","=""3""","=""Low""","=""false"""
"=""eximbank bender""","=""0""","=""0""","=""2""","=""Low""","=""false"""
"=""eximbank beszámoló""","=""0""","=""0""","=""2""","=""Low""","=""false"""
"=""eximbank bê bối""","=""0""","=""0""","=""3""","=""Low""","=""false"""
"=""eximbank nha be""","=""0""","=""0""","=""3""","=""Low""","=""false"""
"=""eximbank éves beszámoló""","=""0""","=""0""","=""3""","=""Low""","=""false"""
"=""eximbank black card""","=""0""","=""0""","=""3""","=""Low""","=""false"""
"=""eximbank blocare card""","=""0""","=""0""","=""3""","=""Low""","=""false"""
"=""eximbank bloke kaldırma""","=""0""","=""0""","=""3""","=""Low""","=""false"""
"=""eximbank bod""","=""0""","=""0""","=""2""","=""Low""","=""false"""
"=""eximbank botrány""","=""0""","=""0""","=""2""","=""Low""","=""false"""
"=""eximbank botosani""","=""0""","=""0""","=""2""","=""Low""","=""false"""
"=""eximbank bolojan""","=""0""","=""0""","=""2""","=""Low""","=""false"""
"=""eximbank botanica decebal""","=""0""","=""0""","=""3""","=""Low""","=""false"""
"=""eximbank bolivia""","=""0""","=""0""","=""2""","=""Low""","=""false"""
"=""eximbank bond""","=""0""","=""0""","=""2""","=""Low""","=""false"""
"=""eximbank biến động""","=""0""","=""0""","=""3""","=""Low""","=""false"""
"=""eximbank branches""","=""0""","=""0""","=""2""","=""Low""","=""false"""
"=""eximbank brvt""","=""0""","=""0""","=""2""","=""Low""","=""false"""
"=""eximbank briceni""","=""0""","=""0""","=""2""","=""Low""","=""false"""
"=""eximbank bsmv istisnası""","=""0""","=""0""","=""3""","=""Low""","=""false"""
"=""eximbank teminat mektubu bsmv istisnası""","=""0""","=""0""","=""5""","=""Low""","=""false"""
"=""eximbank kredilerinde bsmv""","=""0""","=""0""","=""3""","=""Low""","=""false"""
"=""eximbank business""","=""0""","=""0""","=""2""","=""Low""","=""false"""
"=""eximbank business online""","=""0""","=""0""","=""3""","=""Low""","=""false"""
"=""eximbank bui thi xuan quan 1""","=""0""","=""0""","=""6""","=""Low""","=""false"""
"=""eximbank building""","=""0""","=""0""","=""2""","=""Low""","=""false"""
"=""eximbank cam ranh""","=""0""","=""0""","=""3""","=""Low""","=""false"""
"=""eximbank cashback hoàn tiền""","=""0""","=""0""","=""4""","=""Low""","=""false"""
"=""eximbank cao lãnh""","=""0""","=""0""","=""3""","=""Low""","=""false"""
"=""eximbank centrala""","=""0""","=""0""","=""2""","=""Low""","=""false"""
"=""eximbank central""","=""0""","=""0""","=""2""","=""Low""","=""false"""
"=""eximbank centru chisinau""","=""0""","=""0""","=""3""","=""Low""","=""false"""
"=""eximbank centru ipotecar""","=""0""","=""0""","=""3""","=""Low""","=""false"""
"=""eximbank ce banca este""","=""0""","=""0""","=""4""","=""Low""","=""false"""
"=""eximbank central office""","=""0""","=""0""","=""3""","=""Low""","=""false"""
"=""eximbank ce este""","=""0""","=""0""","=""3""","=""Low""","=""false"""
"=""eximbank city night run""","=""0""","=""0""","=""4""","=""Low""","=""false"""
"=""eximbank cio""","=""0""","=""0""","=""2""","=""Low""","=""false"""
"=""eximbank ciolacu""","=""0""","=""0""","=""2""","=""Low""","=""false"""
"=""eximbank times city""","=""0""","=""0""","=""3""","=""Low""","=""false"""
"=""eximbank ck""","=""0""","=""0""","=""2""","=""Low""","=""false"""
"=""eximbank cluj napoca""","=""0""","=""0""","=""3""","=""Low""","=""false"""
"=""eximbank client bank""","=""0""","=""0""","=""3""","=""Low""","=""false"""
"=""eximbank serviciu clienti""","=""0""","=""0""","=""3""","=""Low""","=""false"""
"=""eximbank inter korean climate forum""","=""0""","=""0""","=""5""","=""Low""","=""false"""
"=""eximbank cmt8 ảnh""","=""0""","=""0""","=""3""","=""Low""","=""false"""
"=""eximbank 131 cmt8""","=""0""","=""0""","=""3""","=""Low""","=""false"""
"=""eximbank cfo""","=""0""","=""0""","=""2""","=""Low""","=""false"""
"=""eximbank cn hà nội""","=""0""","=""0""","=""4""","=""Low""","=""false"""
"=""eximbank cn chợ lớn""","=""0""","=""0""","=""4""","=""Low""","=""false"""
"=""eximbank cn quận 10""","=""0""","=""0""","=""4""","=""Low""","=""false"""
"=""eximbank cn sài gòn""","=""0""","=""0""","=""4""","=""Low""","=""false"""
"=""eximbank cn bình dương""","=""0""","=""0""","=""4""","=""Low""","=""false"""
"=""eximbank cn hòa bình""","=""0""","=""0""","=""4""","=""Low""","=""false"""
"=""eximbank cn quận 11""","=""0""","=""0""","=""4""","=""Low""","=""false"""
"=""eximbank corporate""","=""0""","=""0""","=""2""","=""Low""","=""false"""
"=""eximbank co phieu""","=""0""","=""0""","=""3""","=""Low""","=""false"""
"=""eximbank combo casa""","=""0""","=""0""","=""3""","=""Low""","=""false"""
"=""eximbank co lam viec sang thu 7""","=""0""","=""0""","=""7""","=""Low""","=""false"""
"=""eximbank cong bo thong tin""","=""0""","=""0""","=""5""","=""Low""","=""false"""
"=""eximbank co""","=""0""","=""0""","=""2""","=""Low""","=""false"""
"=""eximbank cp""","=""0""","=""0""","=""2""","=""Low""","=""false"""
"=""eximbank mã cp""","=""0""","=""0""","=""3""","=""Low""","=""false"""
"=""eximbank credit rating""","=""0""","=""0""","=""3""","=""Low""","=""false"""
"=""eximbank crescent mall""","=""0""","=""0""","=""3""","=""Low""","=""false"""
"=""eximbank credit de consum""","=""0""","=""0""","=""4""","=""Low""","=""false"""
"=""eximbank customer service""","=""0""","=""0""","=""3""","=""Low""","=""false"""
"=""eximbank cu chi""","=""0""","=""0""","=""3""","=""Low""","=""false"""
"=""eximbank cua nuoc nao""","=""0""","=""0""","=""4""","=""Low""","=""false"""
"=""eximbank currency""","=""0""","=""0""","=""2""","=""Low""","=""false"""
"=""eximbank curs valutar persoane juridice""","=""0""","=""0""","=""5""","=""Low""","=""false"""
"=""eximbank cskh""","=""0""","=""0""","=""2""","=""Low""","=""false"""
"=""eximbank csalás""","=""0""","=""0""","=""2""","=""Low""","=""false"""
"=""eximbank tuyển dụng cao""","=""0""","=""0""","=""4""","=""Low""","=""false"""
"=""eximbank cv""","=""0""","=""0""","=""2""","=""Low""","=""false"""
"=""eximbank mẫu cv""","=""0""","=""0""","=""3""","=""Low""","=""false"""
"=""eximbank da lat""","=""0""","=""0""","=""3""","=""Low""","=""false"""
"=""eximbank daklak tuyển dụng""","=""0""","=""0""","=""4""","=""Low""","=""false"""
"=""eximbank dai hoi co dong""","=""0""","=""0""","=""5""","=""Low""","=""false"""
"=""eximbank dam sen""","=""0""","=""0""","=""3""","=""Low""","=""false"""
"=""eximbank dai hoi""","=""0""","=""0""","=""3""","=""Low""","=""false"""
"=""eximbank data center""","=""0""","=""0""","=""3""","=""Low""","=""false"""
"=""eximbank debit card""","=""0""","=""0""","=""3""","=""Low""","=""false"""
"=""eximbank debit""","=""0""","=""0""","=""2""","=""Low""","=""false"""
"=""eximbank depozite euro""","=""0""","=""0""","=""3""","=""Low""","=""false"""
"=""eximbank depozit la termen""","=""0""","=""0""","=""4""","=""Low""","=""false"""
"=""eximbank deva""","=""0""","=""0""","=""2""","=""Low""","=""false"""
"=""eximbank devlet bankası mı""","=""0""","=""0""","=""4""","=""Low""","=""false"""
"=""eximbank decebal""","=""0""","=""0""","=""2""","=""Low""","=""false"""
"=""eximbank dhcd""","=""0""","=""0""","=""2""","=""Low""","=""false"""
"=""eximbank diên khánh""","=""0""","=""0""","=""3""","=""Low""","=""false"""
"=""eximbank dien bien phu""","=""0""","=""0""","=""4""","=""Low""","=""false"""
"=""eximbank digibank""","=""0""","=""0""","=""2""","=""Low""","=""false"""
"=""eximbank di an""","=""0""","=""0""","=""3""","=""Low""","=""false"""
"=""eximbank dia chi""","=""0""","=""0""","=""3""","=""Low""","=""false"""
"=""eximbank dktm nedir""","=""0""","=""0""","=""3""","=""Low""","=""false"""
"=""eximbank djibouti""","=""0""","=""0""","=""2""","=""Low""","=""false"""
"=""eximbank dj com""","=""0""","=""0""","=""3""","=""Low""","=""false"""
"=""eximbank doanh nghiệp online""","=""0""","=""0""","=""4""","=""Low""","=""false"""
"=""eximbank doanh nghiệp online banking""","=""0""","=""0""","=""5""","=""Low""","=""false"""
"=""eximbank doi tien""","=""0""","=""0""","=""3""","=""Low""","=""false"""
"=""eximbank dong da""","=""0""","=""0""","=""3""","=""Low""","=""false"""
"=""eximbank doanh""","=""0""","=""0""","=""2""","=""Low""","=""false"""
"=""eximbank drumul taberei""","=""0""","=""0""","=""3""","=""Low""","=""false"""
"=""eximbank dristor""","=""0""","=""0""","=""2""","=""Low""","=""false"""
"=""eximbank drobeta turnu severin""","=""0""","=""0""","=""4""","=""Low""","=""false"""
"=""eximbank dtt vn""","=""0""","=""0""","=""3""","=""Low""","=""false"""
"=""eximbank dse""","=""0""","=""0""","=""2""","=""Low""","=""false"""
"=""eximbank duc trong""","=""0""","=""0""","=""3""","=""Low""","=""false"""
"=""eximbank nguyễn du""","=""0""","=""0""","=""3""","=""Low""","=""false"""
"=""eximbank phí duy trì""","=""0""","=""0""","=""4""","=""Low""","=""false"""
"=""eximbank ebiz app""","=""0""","=""0""","=""3""","=""Low""","=""false"""
"=""eximbank edigi apk""","=""0""","=""0""","=""3""","=""Low""","=""false"""
"=""eximbank edigi web""","=""0""","=""0""","=""3""","=""Low""","=""false"""
"=""eximbank efast""","=""0""","=""0""","=""2""","=""Low""","=""false"""
"=""eximbank eft masrafı""","=""0""","=""0""","=""3""","=""Low""","=""false"""
"=""eximbank eft kodu""","=""0""","=""0""","=""3""","=""Low""","=""false"""
"=""eximbank ege bölge müdürü""","=""0""","=""0""","=""4""","=""Low""","=""false"""
"=""eximbank egypt""","=""0""","=""0""","=""2""","=""Low""","=""false"""
"=""eximbank ege bölge""","=""0""","=""0""","=""3""","=""Low""","=""false"""
"=""eximbank ecuador""","=""0""","=""0""","=""2""","=""Low""","=""false"""
"=""eximbank eca""","=""0""","=""0""","=""2""","=""Low""","=""false"""
"=""eximbank ejobs""","=""0""","=""0""","=""2""","=""Low""","=""false"""
"=""eximbank ekyc""","=""0""","=""0""","=""2""","=""Low""","=""false"""
"=""eximbank maaşları ekşi""","=""0""","=""0""","=""3""","=""Low""","=""false"""
"=""eximbank email login""","=""0""","=""0""","=""3""","=""Low""","=""false"""
"=""eximbank email address""","=""0""","=""0""","=""3""","=""Low""","=""false"""
"=""eximbank contact email""","=""0""","=""0""","=""3""","=""Low""","=""false"""
"=""eximbank english""","=""0""","=""0""","=""2""","=""Low""","=""false"""
"=""eximbank elearning""","=""0""","=""0""","=""2""","=""Low""","=""false"""
"=""eximbank el salvador""","=""0""","=""0""","=""3""","=""Low""","=""false"""
"=""eximbank elnöke""","=""0""","=""0""","=""2""","=""Low""","=""false"""
"=""eximbank eproc""","=""0""","=""0""","=""2""","=""Low""","=""false"""
"=""eximbank eoffice""","=""0""","=""0""","=""2""","=""Low""","=""false"""
"=""eximbank erg değeri nedir""","=""0""","=""0""","=""4""","=""Low""","=""false"""
"=""eximbank erzurum""","=""0""","=""0""","=""2""","=""Low""","=""false"""
"=""eximbank kredisi erken ödeme""","=""0""","=""0""","=""4""","=""Low""","=""false"""
"=""eximbank risk grubu erg""","=""0""","=""0""","=""4""","=""Low""","=""false"""
"=""eximbank esg""","=""0""","=""0""","=""2""","=""Low""","=""false"""
"=""eximbank eskişehir""","=""0""","=""0""","=""2""","=""Low""","=""false"""
"=""eximbank esas sözleşme""","=""0""","=""0""","=""3""","=""Low""","=""false"""
"=""eximbank este banca de stat""","=""0""","=""0""","=""5""","=""Low""","=""false"""
"=""eximbank eski genel müdürleri""","=""0""","=""0""","=""4""","=""Low""","=""false"""
"=""eximbank este de stat""","=""0""","=""0""","=""4""","=""Low""","=""false"""
"=""eximbank euro""","=""0""","=""0""","=""2""","=""Low""","=""false"""
"=""eximbank eur to vnd""","=""0""","=""0""","=""4""","=""Low""","=""false"""
"=""eximbank eur""","=""0""","=""0""","=""2""","=""Low""","=""false"""
"=""eximbank euribor""","=""0""","=""0""","=""2""","=""Low""","=""false"""
"=""eximbank euro kredi faiz oranları""","=""0""","=""0""","=""5""","=""Low""","=""false"""
"=""eximbank mua euro""","=""0""","=""0""","=""3""","=""Low""","=""false"""
"=""eximbank evraklar""","=""0""","=""0""","=""2""","=""Low""","=""false"""
"=""eximbank kredi evrakları""","=""0""","=""0""","=""3""","=""Low""","=""false"""
"=""eximbank söik başvuru evrakları""","=""0""","=""0""","=""4""","=""Low""","=""false"""
"=""eximbank vietnam export import commercial joint stock bank""","=""0""","=""0""","=""8""","=""Low""","=""false"""
"=""eximbank fb""","=""0""","=""0""","=""2""","=""Low""","=""false"""
"=""eximbank faaliyet raporu""","=""0""","=""0""","=""3""","=""Low""","=""false"""
"=""eximbank faiz oranları 2026""","=""0""","=""0""","=""4""","=""Low""","=""false"""
"=""eximbank facebook""","=""0""","=""0""","=""2""","=""Low""","=""false"""
"=""eximbank fairmont""","=""0""","=""0""","=""2""","=""Low""","=""false"""
"=""eximbank family start 2025""","=""0""","=""0""","=""4""","=""Low""","=""false"""
"=""eximbank faliment""","=""0""","=""0""","=""2""","=""Low""","=""false"""
"=""eximbank fagaras""","=""0""","=""0""","=""2""","=""Low""","=""false"""
"=""eximbank faizsiz kredi""","=""0""","=""0""","=""3""","=""Low""","=""false"""
"=""eximbank dn""","=""0""","=""0""","=""2""","=""Low""","=""false"""
"=""eximbank feljelentés""","=""0""","=""0""","=""2""","=""Low""","=""false"""
"=""eximbank fee""","=""0""","=""0""","=""2""","=""Low""","=""false"""
"=""eximbank withdrawal fee""","=""0""","=""0""","=""3""","=""Low""","=""false"""
"=""eximbank vietnam fee""","=""0""","=""0""","=""3""","=""Low""","=""false"""
"=""eximbank vietnam atm fee""","=""0""","=""0""","=""4""","=""Low""","=""false"""
"=""eximbank moscow russian federation""","=""0""","=""0""","=""4""","=""Low""","=""false"""
"=""eximbank atm withdrawal fee""","=""0""","=""0""","=""4""","=""Low""","=""false"""
"=""eximbank financial report""","=""0""","=""0""","=""3""","=""Low""","=""false"""
"=""eximbank filiale 20""","=""0""","=""0""","=""3""","=""Low""","=""false"""
"=""eximbank filiale riscani""","=""0""","=""0""","=""3""","=""Low""","=""false"""
"=""eximbank filiala 19""","=""0""","=""0""","=""3""","=""Low""","=""false"""
"=""eximbank filiala 22""","=""0""","=""0""","=""3""","=""Low""","=""false"""
"=""eximbank floresti""","=""0""","=""0""","=""2""","=""Low""","=""false"""
"=""eximbank frauda""","=""0""","=""0""","=""2""","=""Low""","=""false"""
"=""eximbank france""","=""0""","=""0""","=""2""","=""Low""","=""false"""
"=""eximbank full name""","=""0""","=""0""","=""3""","=""Low""","=""false"""
"=""eximbank functii vacante""","=""0""","=""0""","=""3""","=""Low""","=""false"""
"=""eximbank fuziune""","=""0""","=""0""","=""2""","=""Low""","=""false"""
"=""eximbank vietnam full name""","=""0""","=""0""","=""4""","=""Low""","=""false"""
"=""eximbank gan nhat""","=""0""","=""0""","=""3""","=""Low""","=""false"""
"=""eximbank gaziantep şubesi""","=""0""","=""0""","=""3""","=""Low""","=""false"""
"=""eximbank garantii de stat""","=""0""","=""0""","=""4""","=""Low""","=""false"""
"=""eximbank gaji""","=""0""","=""0""","=""2""","=""Low""","=""false"""
"=""eximbank gaj""","=""0""","=""0""","=""2""","=""Low""","=""false"""
"=""eximbank gara de nord""","=""0""","=""0""","=""4""","=""Low""","=""false"""
"=""eximbank forex""","=""0""","=""0""","=""2""","=""Low""","=""false"""
"=""eximbank focsani""","=""0""","=""0""","=""2""","=""Low""","=""false"""
"=""eximbank formlar""","=""0""","=""0""","=""2""","=""Low""","=""false"""
"=""eximbank forum""","=""0""","=""0""","=""2""","=""Low""","=""false"""
"=""eximbank forex allocation list""","=""0""","=""0""","=""4""","=""Low""","=""false"""
"=""eximbank forex allocation""","=""0""","=""0""","=""3""","=""Low""","=""false"""
"=""eximbank ghi tắt""","=""0""","=""0""","=""3""","=""Low""","=""false"""
"=""eximbank ghana address""","=""0""","=""0""","=""3""","=""Low""","=""false"""
"=""eximbank sfantu gheorghe""","=""0""","=""0""","=""3""","=""Low""","=""false"""
"=""eximbank gia kiệm""","=""0""","=""0""","=""3""","=""Low""","=""false"""
"=""eximbank giá cổ phiếu""","=""0""","=""0""","=""4""","=""Low""","=""false"""
"=""eximbank giữ lại bao nhiêu tiền""","=""0""","=""0""","=""6""","=""Low""","=""false"""
"=""eximbank giá vàng hôm nay""","=""0""","=""0""","=""5""","=""Low""","=""false"""
"=""eximbank generali""","=""0""","=""0""","=""2""","=""Low""","=""false"""
"=""eximbank genel müdürlük adres""","=""0""","=""0""","=""4""","=""Low""","=""false"""
"=""eximbank google pay""","=""0""","=""0""","=""3""","=""Low""","=""false"""
"=""eximbank golf""","=""0""","=""0""","=""2""","=""Low""","=""false"""
"=""eximbank gov pk""","=""0""","=""0""","=""3""","=""Low""","=""false"""
"=""eximbank gò công""","=""0""","=""0""","=""3""","=""Low""","=""false"""
"=""eximbank gym""","=""0""","=""0""","=""2""","=""Low""","=""false"""
"=""eximbank gm""","=""0""","=""0""","=""2""","=""Low""","=""false"""
"=""eximbank gks""","=""0""","=""0""","=""2""","=""Low""","=""false"""
"=""eximbank grab""","=""0""","=""0""","=""2""","=""Low""","=""false"""
"=""eximbank graphic""","=""0""","=""0""","=""2""","=""Low""","=""false"""
"=""eximbank risk grupları""","=""0""","=""0""","=""3""","=""Low""","=""false"""
"=""eximbank risk grubu""","=""0""","=""0""","=""3""","=""Low""","=""false"""
"=""eximbank risk grubu neye göre belirlenir""","=""0""","=""0""","=""6""","=""Low""","=""false"""
"=""eximbank risk grubu 4""","=""0""","=""0""","=""4""","=""Low""","=""false"""
"=""eximbank risk grubu 7""","=""0""","=""0""","=""4""","=""Low""","=""false"""
"=""eximbank gui tiet kiem""","=""0""","=""0""","=""4""","=""Low""","=""false"""
"=""eximbank gsp""","=""0""","=""0""","=""2""","=""Low""","=""false"""
"=""eximbank ham nghi""","=""0""","=""0""","=""3""","=""Low""","=""false"""
"=""eximbank hang xanh""","=""0""","=""0""","=""3""","=""Low""","=""false"""
"=""eximbank hàng xanh""","=""0""","=""0""","=""3""","=""Low""","=""false"""
"=""eximbank ha dong""","=""0""","=""0""","=""3""","=""Low""","=""false"""
"=""eximbank ha huy giap""","=""0""","=""0""","=""4""","=""Low""","=""false"""
"=""eximbank half marathon""","=""0""","=""0""","=""3""","=""Low""","=""false"""
"=""eximbank hau giang""","=""0""","=""0""","=""3""","=""Low""","=""false"""
"=""eximbank hđqt""","=""0""","=""0""","=""2""","=""Low""","=""false"""
"=""eximbank hiệp thành quận 12""","=""0""","=""0""","=""5""","=""Low""","=""false"""
"=""eximbank hiện tại""","=""0""","=""0""","=""3""","=""Low""","=""false"""
"=""eximbank hiện diện trên bao nhiêu tỉnh thành""","=""0""","=""0""","=""8""","=""Low""","=""false"""
"=""eximbank hizmet ihracatı""","=""0""","=""0""","=""3""","=""Low""","=""false"""
"=""eximbank tô hiến thành""","=""0""","=""0""","=""4""","=""Low""","=""false"""
"=""eximbank bảy hiền""","=""0""","=""0""","=""3""","=""Low""","=""false"""
"=""eximbank hoàng mai""","=""0""","=""0""","=""3""","=""Low""","=""false"""
"=""eximbank hoi an""","=""0""","=""0""","=""3""","=""Low""","=""false"""
"=""eximbank hoàn kiếm""","=""0""","=""0""","=""3""","=""Low""","=""false"""
"=""eximbank hoàn tiền""","=""0""","=""0""","=""3""","=""Low""","=""false"""
"=""eximbank hq""","=""0""","=""0""","=""2""","=""Low""","=""false"""
"=""eximbank hcmc""","=""0""","=""0""","=""2""","=""Low""","=""false"""
"=""eximbank chi nhánh hcm""","=""0""","=""0""","=""4""","=""Low""","=""false"""
"=""eximbank huỳnh thúc kháng""","=""0""","=""0""","=""4""","=""Low""","=""false"""
"=""eximbank huế tuyển dụng""","=""0""","=""0""","=""4""","=""Low""","=""false"""
"=""eximbank huỷ tài khoản""","=""0""","=""0""","=""4""","=""Low""","=""false"""
"=""eximbank hr""","=""0""","=""0""","=""2""","=""Low""","=""false"""
"=""eximbank ib""","=""0""","=""0""","=""2""","=""Low""","=""false"""
"=""eximbank ibrd""","=""0""","=""0""","=""2""","=""Low""","=""false"""
"=""eximbank idno""","=""0""","=""0""","=""2""","=""Low""","=""false"""
"=""eximbank icon""","=""0""","=""0""","=""2""","=""Low""","=""false"""
"=""eximbank iç anadolu bölge müdürü""","=""0""","=""0""","=""5""","=""Low""","=""false"""
"=""eximbank iç kontrol başkanı""","=""0""","=""0""","=""4""","=""Low""","=""false"""
"=""eximbank iç anadolu bölge müdürlüğü""","=""0""","=""0""","=""5""","=""Low""","=""false"""
"=""eximbank ialoveni""","=""0""","=""0""","=""2""","=""Low""","=""false"""
"=""eximbank iași reviews""","=""0""","=""0""","=""3""","=""Low""","=""false"""
"=""eximbank ifobs""","=""0""","=""0""","=""2""","=""Low""","=""false"""
"=""eximbank ihracat destek finansmanı""","=""0""","=""0""","=""4""","=""Low""","=""false"""
"=""eximbank ihracat taahhüt kapatma""","=""0""","=""0""","=""4""","=""Low""","=""false"""
"=""eximbank ihracat taahhüt kapatma cezası""","=""0""","=""0""","=""5""","=""Low""","=""false"""
"=""eximbank ihracat alacak sigortası""","=""0""","=""0""","=""4""","=""Low""","=""false"""
"=""eximbank ihracat destek hizmetleri""","=""0""","=""0""","=""4""","=""Low""","=""false"""
"=""eximbank igazgatóság""","=""0""","=""0""","=""2""","=""Low""","=""false"""
"=""eximbank ige nedir""","=""0""","=""0""","=""3""","=""Low""","=""false"""
"=""eximbank ikitelli şubesi""","=""0""","=""0""","=""3""","=""Low""","=""false"""
"=""eximbank ikitelli osb""","=""0""","=""0""","=""3""","=""Low""","=""false"""
"=""eximbank ikitelli şube müdürü""","=""0""","=""0""","=""4""","=""Low""","=""false"""
"=""eximbank ilie bolojan""","=""0""","=""0""","=""3""","=""Low""","=""false"""
"=""eximbank bursa iletişim""","=""0""","=""0""","=""3""","=""Low""","=""false"""
"=""eximbank ankara iletişim""","=""0""","=""0""","=""3""","=""Low""","=""false"""
"=""eximbank sınav ilanı""","=""0""","=""0""","=""3""","=""Low""","=""false"""
"=""eximbank taahhüt kapatma iletişim""","=""0""","=""0""","=""4""","=""Low""","=""false"""
"=""eximbank ile ihracat nasıl yapılır""","=""0""","=""0""","=""5""","=""Low""","=""false"""
"=""eximbank ilanlar""","=""0""","=""0""","=""2""","=""Low""","=""false"""
"=""eximbank iletişim no""","=""0""","=""0""","=""3""","=""Low""","=""false"""
"=""eximbank imprumut""","=""0""","=""0""","=""2""","=""Low""","=""false"""
"=""eximbank credit imobiliar""","=""0""","=""0""","=""3""","=""Low""","=""false"""
"=""eximbank ios""","=""0""","=""0""","=""2""","=""Low""","=""false"""
"=""eximbank ion mihalache""","=""0""","=""0""","=""3""","=""Low""","=""false"""
"=""eximbank ion mincu""","=""0""","=""0""","=""3""","=""Low""","=""false"""
"=""eximbank ion creanga""","=""0""","=""0""","=""3""","=""Low""","=""false"""
"=""eximbank head office""","=""0""","=""0""","=""3""","=""Low""","=""false"""
"=""eximbank headquarters""","=""0""","=""0""","=""2""","=""Low""","=""false"""
"=""eximbank hesap açma""","=""0""","=""0""","=""3""","=""Low""","=""false"""
"=""eximbank hệ thống""","=""0""","=""0""","=""3""","=""Low""","=""false"""
"=""eximbank lien he""","=""0""","=""0""","=""3""","=""Low""","=""false"""
"=""eximbank ipay""","=""0""","=""0""","=""2""","=""Low""","=""false"""
"=""eximbank ipotecar""","=""0""","=""0""","=""2""","=""Low""","=""false"""
"=""eximbank ipoteca""","=""0""","=""0""","=""2""","=""Low""","=""false"""
"=""eximbank credit ipotecar calculator""","=""0""","=""0""","=""4""","=""Low""","=""false"""
"=""eximbank refinantare credit ipotecar""","=""0""","=""0""","=""4""","=""Low""","=""false"""
"=""eximbank dobanda credit ipotecar""","=""0""","=""0""","=""4""","=""Low""","=""false"""
"=""eximbank istanbul şubeleri""","=""0""","=""0""","=""3""","=""Low""","=""false"""
"=""eximbank iskenderun şube""","=""0""","=""0""","=""3""","=""Low""","=""false"""
"=""eximbank istanbul genel müdürlüğü""","=""0""","=""0""","=""4""","=""Low""","=""false"""
"=""eximbank ismi""","=""0""","=""0""","=""2""","=""Low""","=""false"""
"=""eximbank istanbul adres""","=""0""","=""0""","=""3""","=""Low""","=""false"""
"=""eximbank tam ismi""","=""0""","=""0""","=""3""","=""Low""","=""false"""
"=""eximbank iuliu maniu""","=""0""","=""0""","=""3""","=""Low""","=""false"""
"=""eximbank alba iulia chisinau""","=""0""","=""0""","=""4""","=""Low""","=""false"""
"=""eximbank izmir şube""","=""0""","=""0""","=""3""","=""Low""","=""false"""
"=""eximbank izmir şube müdürü""","=""0""","=""0""","=""4""","=""Low""","=""false"""
"=""eximbank izmir bölge müdürü""","=""0""","=""0""","=""4""","=""Low""","=""false"""
"=""eximbank izmir şube kodu""","=""0""","=""0""","=""4""","=""Low""","=""false"""
"=""eximbank izmir telefon""","=""0""","=""0""","=""3""","=""Low""","=""false"""
"=""eximbank izmit""","=""0""","=""0""","=""2""","=""Low""","=""false"""
"=""eximbank izmir iletişim""","=""0""","=""0""","=""3""","=""Low""","=""false"""
"=""eximbank izmir bölge müdürlüğü""","=""0""","=""0""","=""4""","=""Low""","=""false"""
"=""eximbank jcb young credit""","=""0""","=""0""","=""4""","=""Low""","=""false"""
"=""eximbank jcb young debit""","=""0""","=""0""","=""4""","=""Low""","=""false"""
"=""eximbank jcb""","=""0""","=""0""","=""2""","=""Low""","=""false"""
"=""eximbank jcb platinum travel cash back""","=""0""","=""0""","=""6""","=""Low""","=""false"""
"=""eximbank jcb young""","=""0""","=""0""","=""3""","=""Low""","=""false"""
"=""eximbank japan""","=""0""","=""0""","=""2""","=""Low""","=""false"""
"=""eximbank invoice""","=""0""","=""0""","=""2""","=""Low""","=""false"""
"=""eximbank internship""","=""0""","=""0""","=""2""","=""Low""","=""false"""
"=""eximbank interest rate""","=""0""","=""0""","=""3""","=""Low""","=""false"""
"=""eximbank tg jiu""","=""0""","=""0""","=""3""","=""Low""","=""false"""
"=""eximbank itu apa""","=""0""","=""0""","=""3""","=""Low""","=""false"""
"=""eximbank italy""","=""0""","=""0""","=""2""","=""Low""","=""false"""
"=""eximbank italia""","=""0""","=""0""","=""2""","=""Low""","=""false"""
"=""eximbank joburi""","=""0""","=""0""","=""2""","=""Low""","=""false"""
"=""eximbank jpy""","=""0""","=""0""","=""2""","=""Low""","=""false"""
"=""eximbank tỷ giá jpy""","=""0""","=""0""","=""4""","=""Low""","=""false"""
"=""eximbank kazakhstan jsc""","=""0""","=""0""","=""3""","=""Low""","=""false"""
"=""eximbank of russia jsc aka exim bank""","=""0""","=""0""","=""7""","=""Low""","=""false"""
"=""eximbank juridice""","=""0""","=""0""","=""2""","=""Low""","=""false"""
"=""eximbank login persoane juridice""","=""0""","=""0""","=""4""","=""Low""","=""false"""
"=""eximbank online persoane juridice""","=""0""","=""0""","=""4""","=""Low""","=""false"""
"=""eximbank credite persoane juridice""","=""0""","=""0""","=""4""","=""Low""","=""false"""
"=""eximbank comisioane persoane juridice""","=""0""","=""0""","=""4""","=""Low""","=""false"""
"=""eximbank depozite persoane juridice""","=""0""","=""0""","=""4""","=""Low""","=""false"""
"=""eximbank contact persoane juridice""","=""0""","=""0""","=""4""","=""Low""","=""false"""
"=""eximbank md persoane juridice""","=""0""","=""0""","=""4""","=""Low""","=""false"""
"=""eximbank adresa juridica""","=""0""","=""0""","=""3""","=""Low""","=""false"""
"=""eximbank kap""","=""0""","=""0""","=""2""","=""Low""","=""false"""
"=""eximbank kamu mu""","=""0""","=""0""","=""3""","=""Low""","=""false"""
"=""eximbank kamu bankası mı""","=""0""","=""0""","=""4""","=""Low""","=""false"""
"=""eximbank kaç şubesi var""","=""0""","=""0""","=""4""","=""Low""","=""false"""
"=""eximbank kar payı oranları""","=""0""","=""0""","=""4""","=""Low""","=""false"""
"=""eximbank kayseri şubesi""","=""0""","=""0""","=""3""","=""Low""","=""false"""
"=""eximbank kcn thăng long""","=""0""","=""0""","=""4""","=""Low""","=""false"""
"=""eximbank kep adresi""","=""0""","=""0""","=""3""","=""Low""","=""false"""
"=""eximbank kefalet sigortası""","=""0""","=""0""","=""3""","=""Low""","=""false"""
"=""eximbank kep""","=""0""","=""0""","=""2""","=""Low""","=""false"""
"=""eximbank kefalet senedi""","=""0""","=""0""","=""3""","=""Low""","=""false"""
"=""eximbank kenya""","=""0""","=""0""","=""2""","=""Low""","=""false"""
"=""eximbank kim liên""","=""0""","=""0""","=""3""","=""Low""","=""false"""
"=""eximbank kiên giang tuyển dụng""","=""0""","=""0""","=""5""","=""Low""","=""false"""
"=""eximbank kim mã""","=""0""","=""0""","=""3""","=""Low""","=""false"""
"=""eximbank kiến an""","=""0""","=""0""","=""3""","=""Low""","=""false"""
"=""eximbank không thông báo biến động số dư""","=""0""","=""0""","=""8""","=""Low""","=""false"""
"=""eximbank khai trương""","=""0""","=""0""","=""3""","=""Low""","=""false"""
"=""eximbank khách hàng ưu tiên""","=""0""","=""0""","=""5""","=""Low""","=""false"""
"=""eximbank khánh hội""","=""0""","=""0""","=""3""","=""Low""","=""false"""
"=""eximbank khai trương trụ sở chính""","=""0""","=""0""","=""6""","=""Low""","=""false"""
"=""eximbank km""","=""0""","=""0""","=""2""","=""Low""","=""false"""
"=""eximbank kon tum""","=""0""","=""0""","=""3""","=""Low""","=""false"""
"=""eximbank kogalniceanu""","=""0""","=""0""","=""2""","=""Low""","=""false"""
"=""eximbank konya şubesi""","=""0""","=""0""","=""3""","=""Low""","=""false"""
"=""eximbank kocaeli""","=""0""","=""0""","=""2""","=""Low""","=""false"""
"=""eximbank kurumsal giriş""","=""0""","=""0""","=""3""","=""Low""","=""false"""
"=""eximbank kuruluş tarihi""","=""0""","=""0""","=""3""","=""Low""","=""false"""
"=""eximbank kur detayları""","=""0""","=""0""","=""3""","=""Low""","=""false"""
"=""eximbank kurumsal""","=""0""","=""0""","=""2""","=""Low""","=""false"""
"=""eximbank kuruluş""","=""0""","=""0""","=""2""","=""Low""","=""false"""
"=""eximbank kuru""","=""0""","=""0""","=""2""","=""Low""","=""false"""
"=""eximbank ky dong quan 3""","=""0""","=""0""","=""5""","=""Low""","=""false"""
"=""eximbank ky hoa""","=""0""","=""0""","=""3""","=""Low""","=""false"""
"=""eximbank ký hiệu""","=""0""","=""0""","=""3""","=""Low""","=""false"""
"=""eximbank truong vinh ky""","=""0""","=""0""","=""4""","=""Low""","=""false"""
"=""eximbank la gi""","=""0""","=""0""","=""3""","=""Low""","=""false"""
"=""eximbank lam viec den may gio""","=""0""","=""0""","=""6""","=""Low""","=""false"""
"=""eximbank lai thieu""","=""0""","=""0""","=""3""","=""Low""","=""false"""
"=""eximbank lam dong""","=""0""","=""0""","=""3""","=""Low""","=""false"""
"=""eximbank le van sy""","=""0""","=""0""","=""4""","=""Low""","=""false"""
"=""eximbank le van quoi""","=""0""","=""0""","=""4""","=""Low""","=""false"""
"=""eximbank le loi""","=""0""","=""0""","=""3""","=""Low""","=""false"""
"=""eximbank le van ninh""","=""0""","=""0""","=""4""","=""Low""","=""false"""
"=""eximbank le van viet""","=""0""","=""0""","=""4""","=""Low""","=""false"""
"=""eximbank le hong phong""","=""0""","=""0""","=""4""","=""Low""","=""false"""
"=""eximbank learning""","=""0""","=""0""","=""2""","=""Low""","=""false"""
"=""eximbank lê trọng tấn""","=""0""","=""0""","=""4""","=""Low""","=""false"""
"=""eximbank linh đàm""","=""0""","=""0""","=""3""","=""Low""","=""false"""
"=""eximbank liên hệ""","=""0""","=""0""","=""3""","=""Low""","=""false"""
"=""eximbank liên chiểu đà nẵng""","=""0""","=""0""","=""5""","=""Low""","=""false"""
"=""eximbank liên kết với bảo hiểm nào""","=""0""","=""0""","=""7""","=""Low""","=""false"""
"=""eximbank liên kết vneid""","=""0""","=""0""","=""4""","=""Low""","=""false"""
"=""eximbank krw""","=""0""","=""0""","=""2""","=""Low""","=""false"""
"=""eximbank lpei""","=""0""","=""0""","=""2""","=""Low""","=""false"""
"=""eximbank long điền""","=""0""","=""0""","=""3""","=""Low""","=""false"""
"=""eximbank tanzania ltd swift code""","=""0""","=""0""","=""5""","=""Low""","=""false"""
"=""eximbank lua dao""","=""0""","=""0""","=""3""","=""Low""","=""false"""
"=""eximbank lugoj""","=""0""","=""0""","=""2""","=""Low""","=""false"""
"=""eximbank lucretiu patrascanu""","=""0""","=""0""","=""3""","=""Low""","=""false"""
"=""eximbank lukoil""","=""0""","=""0""","=""2""","=""Low""","=""false"""
"=""eximbank lucru""","=""0""","=""0""","=""2""","=""Low""","=""false"""
"=""eximbank ten lua""","=""0""","=""0""","=""3""","=""Low""","=""false"""
"=""eximbank nguyen luong bang""","=""0""","=""0""","=""4""","=""Low""","=""false"""
"=""eximbank ly thai to""","=""0""","=""0""","=""4""","=""Low""","=""false"""
"=""eximbank ly thuong kiet""","=""0""","=""0""","=""4""","=""Low""","=""false"""
"=""eximbank lý thường kiệt mỹ tho""","=""0""","=""0""","=""6""","=""Low""","=""false"""
"=""eximbank lý thường kiệt hà nội""","=""0""","=""0""","=""6""","=""Low""","=""false"""
"=""eximbank lý thường kiệt huế""","=""0""","=""0""","=""5""","=""Low""","=""false"""
"=""eximbank map""","=""0""","=""0""","=""2""","=""Low""","=""false"""
"=""eximbank ma chung khoan""","=""0""","=""0""","=""4""","=""Low""","=""false"""
"=""eximbank mckinsey""","=""0""","=""0""","=""2""","=""Low""","=""false"""
"=""eximbank violet mcc""","=""0""","=""0""","=""3""","=""Low""","=""false"""
"=""eximbank md internet banking""","=""0""","=""0""","=""4""","=""Low""","=""false"""
"=""eximbank md credit""","=""0""","=""0""","=""3""","=""Low""","=""false"""
"=""eximbank md curs""","=""0""","=""0""","=""3""","=""Low""","=""false"""
"=""eximbank meaning""","=""0""","=""0""","=""2""","=""Low""","=""false"""
"=""eximbank metro""","=""0""","=""0""","=""2""","=""Low""","=""false"""
"=""eximbank merkez şube""","=""0""","=""0""","=""3""","=""Low""","=""false"""
"=""eximbank medan""","=""0""","=""0""","=""2""","=""Low""","=""false"""
"=""eximbank mersin şubesi""","=""0""","=""0""","=""3""","=""Low""","=""false"""
"=""eximbank merkez""","=""0""","=""0""","=""2""","=""Low""","=""false"""
"=""eximbank mevzuat""","=""0""","=""0""","=""2""","=""Low""","=""false"""
"=""eximbank mektup""","=""0""","=""0""","=""2""","=""Low""","=""false"""
"=""eximbank minh khai""","=""0""","=""0""","=""3""","=""Low""","=""false"""
"=""eximbank midnight 2025""","=""0""","=""0""","=""3""","=""Low""","=""false"""
"=""eximbank midnight run 2026""","=""0""","=""0""","=""4""","=""Low""","=""false"""
"=""eximbank miễn phí thường niên""","=""0""","=""0""","=""5""","=""Low""","=""false"""
"=""eximbank mobile app""","=""0""","=""0""","=""3""","=""Low""","=""false"""
"=""eximbank moneygram""","=""0""","=""0""","=""2""","=""Low""","=""false"""
"=""eximbank moi nhat""","=""0""","=""0""","=""3""","=""Low""","=""false"""
"=""eximbank mua vàng""","=""0""","=""0""","=""3""","=""Low""","=""false"""
"=""eximbank mua bán vàng""","=""0""","=""0""","=""4""","=""Low""","=""false"""
"=""eximbank mua ngoại tệ""","=""0""","=""0""","=""4""","=""Low""","=""false"""
"=""eximbank mua đô""","=""0""","=""0""","=""3""","=""Low""","=""false"""
"=""eximbank mua usd""","=""0""","=""0""","=""3""","=""Low""","=""false"""
"=""eximbank mua lại""","=""0""","=""0""","=""3""","=""Low""","=""false"""
"=""eximbank mua bán ngoại tệ""","=""0""","=""0""","=""5""","=""Low""","=""false"""
"=""eximbank murabaha kredisi""","=""0""","=""0""","=""3""","=""Low""","=""false"""
"=""eximbank muvafakatname""","=""0""","=""0""","=""2""","=""Low""","=""false"""
"=""eximbank nam phước""","=""0""","=""0""","=""3""","=""Low""","=""false"""
"=""eximbank nam từ liêm""","=""0""","=""0""","=""4""","=""Low""","=""false"""
"=""eximbank nam vinh""","=""0""","=""0""","=""3""","=""Low""","=""false"""
"=""eximbank napas""","=""0""","=""0""","=""2""","=""Low""","=""false"""
"=""eximbank name""","=""0""","=""0""","=""2""","=""Low""","=""false"""
"=""eximbank nam kỳ khởi nghĩa""","=""0""","=""0""","=""5""","=""Low""","=""false"""
"=""eximbank ncs""","=""0""","=""0""","=""2""","=""Low""","=""false"""
"=""eximbank my dinh""","=""0""","=""0""","=""3""","=""Low""","=""false"""
"=""eximbank mỹ tho tiền giang""","=""0""","=""0""","=""5""","=""Low""","=""false"""
"=""eximbank mỹ phước""","=""0""","=""0""","=""3""","=""Low""","=""false"""
"=""eximbank phu my""","=""0""","=""0""","=""3""","=""Low""","=""false"""
"=""eximbank phú mỹ""","=""0""","=""0""","=""3""","=""Low""","=""false"""
"=""eximbank nerede""","=""0""","=""0""","=""2""","=""Low""","=""false"""
"=""eximbank ne zaman kuruldu""","=""0""","=""0""","=""4""","=""Low""","=""false"""
"=""eximbank nevoi personale""","=""0""","=""0""","=""3""","=""Low""","=""false"""
"=""eximbank ne bankası""","=""0""","=""0""","=""3""","=""Low""","=""false"""
"=""eximbank ninh kiều""","=""0""","=""0""","=""3""","=""Low""","=""false"""
"=""eximbank night run 2026 ảnh""","=""0""","=""0""","=""5""","=""Low""","=""false"""
"=""eximbank nhà bè""","=""0""","=""0""","=""3""","=""Low""","=""false"""
"=""eximbank nhơn trạch""","=""0""","=""0""","=""3""","=""Low""","=""false"""
"=""eximbank nha trang tuyển dụng""","=""0""","=""0""","=""5""","=""Low""","=""false"""
"=""eximbank nha dau tu""","=""0""","=""0""","=""4""","=""Low""","=""false"""
"=""eximbank nomura""","=""0""","=""0""","=""2""","=""Low""","=""false"""
"=""eximbank nomura hải phòng""","=""0""","=""0""","=""4""","=""Low""","=""false"""
"=""eximbank noul bancorex""","=""0""","=""0""","=""3""","=""Low""","=""false"""
"=""eximbank nợ xấu""","=""0""","=""0""","=""3""","=""Low""","=""false"""
"=""eximbank nợ 8 tỷ""","=""0""","=""0""","=""4""","=""Low""","=""false"""
"=""eximbank nơ trang long""","=""0""","=""0""","=""4""","=""Low""","=""false"""
"=""eximbank nợ""","=""0""","=""0""","=""2""","=""Low""","=""false"""
"=""eximbank nợ thẻ tín dụng""","=""0""","=""0""","=""5""","=""Low""","=""false"""
"=""eximbank nr telefon""","=""0""","=""0""","=""3""","=""Low""","=""false"""
"=""eximbank filiala nr 20""","=""0""","=""0""","=""4""","=""Low""","=""false"""
"=""eximbank filiala nr 19 chișinău""","=""0""","=""0""","=""5""","=""Low""","=""false"""
"=""eximbank filiala nr 3""","=""0""","=""0""","=""4""","=""Low""","=""false"""
"=""eximbank nr vaslui""","=""0""","=""0""","=""3""","=""Low""","=""false"""
"=""eximbank filiala nr 19 fotografii""","=""0""","=""0""","=""5""","=""Low""","=""false"""
"=""eximbank filiala nr 23 chișinău""","=""0""","=""0""","=""5""","=""Low""","=""false"""
"=""eximbank numar de telefon""","=""0""","=""0""","=""4""","=""Low""","=""false"""
"=""eximbank numara""","=""0""","=""0""","=""2""","=""Low""","=""false"""
"=""eximbank numar""","=""0""","=""0""","=""2""","=""Low""","=""false"""
"=""eximbank number""","=""0""","=""0""","=""2""","=""Low""","=""false"""
"=""eximbank telefon numarası""","=""0""","=""0""","=""3""","=""Low""","=""false"""
"=""eximbank vergi numarası""","=""0""","=""0""","=""3""","=""Low""","=""false"""
"=""eximbank nzd""","=""0""","=""0""","=""2""","=""Low""","=""false"""
"=""eximbank nzd to vnd""","=""0""","=""0""","=""4""","=""Low""","=""false"""
"=""eximbank ocean park""","=""0""","=""0""","=""3""","=""Low""","=""false"""
"=""eximbank office""","=""0""","=""0""","=""2""","=""Low""","=""false"""
"=""eximbank of russia jsc logo""","=""0""","=""0""","=""5""","=""Low""","=""false"""
"=""eximbank of korea""","=""0""","=""0""","=""3""","=""Low""","=""false"""
"=""eximbank of thailand""","=""0""","=""0""","=""3""","=""Low""","=""false"""
"=""eximbank oficiul central""","=""0""","=""0""","=""3""","=""Low""","=""false"""
"=""eximbank müşteri olmak istiyorum""","=""0""","=""0""","=""4""","=""Low""","=""false"""
"=""eximbank online khách hàng doanh nghiệp""","=""0""","=""0""","=""6""","=""Low""","=""false"""
"=""eximbank online banking doanh nghiệp login""","=""0""","=""0""","=""6""","=""Low""","=""false"""
"=""eximbank odakule şubesi""","=""0""","=""0""","=""3""","=""Low""","=""false"""
"=""eximbank odakule telefon""","=""0""","=""0""","=""3""","=""Low""","=""false"""
"=""eximbank istanbul odakule şubesi""","=""0""","=""0""","=""4""","=""Low""","=""false"""
"=""eximbank open now""","=""0""","=""0""","=""3""","=""Low""","=""false"""
"=""eximbank operator""","=""0""","=""0""","=""2""","=""Low""","=""false"""
"=""eximbank organizasyon şeması""","=""0""","=""0""","=""3""","=""Low""","=""false"""
"=""eximbank orhei program de lucru""","=""0""","=""0""","=""5""","=""Low""","=""false"""
"=""eximbank orele de lucru""","=""0""","=""0""","=""4""","=""Low""","=""false"""
"=""eximbank orar""","=""0""","=""0""","=""2""","=""Low""","=""false"""
"=""eximbank organigrama""","=""0""","=""0""","=""2""","=""Low""","=""false"""
"=""eximbank osman çelik""","=""0""","=""0""","=""3""","=""Low""","=""false"""
"=""eximbank güzeller osb""","=""0""","=""0""","=""3""","=""Low""","=""false"""
"=""eximbank otp""","=""0""","=""0""","=""2""","=""Low""","=""false"""
"=""eximbank ott""","=""0""","=""0""","=""2""","=""Low""","=""false"""
"=""eximbank otopeni""","=""0""","=""0""","=""2""","=""Low""","=""false"""
"=""eximbank smart otp là gì""","=""0""","=""0""","=""5""","=""Low""","=""false"""
"=""eximbank smart otp doanh nghiệp""","=""0""","=""0""","=""5""","=""Low""","=""false"""
"=""eximbank owner""","=""0""","=""0""","=""2""","=""Low""","=""false"""
"=""eximbank leadership overhaul""","=""0""","=""0""","=""3""","=""Low""","=""false"""
"=""eximbank outlook""","=""0""","=""0""","=""2""","=""Low""","=""false"""
"=""eximbank pdf""","=""0""","=""0""","=""2""","=""Low""","=""false"""
"=""eximbank performans""","=""0""","=""0""","=""2""","=""Low""","=""false"""
"=""eximbank pemex""","=""0""","=""0""","=""2""","=""Low""","=""false"""
"=""eximbank peron""","=""0""","=""0""","=""2""","=""Low""","=""false"""
"=""eximbank personal""","=""0""","=""0""","=""2""","=""Low""","=""false"""
"=""eximbank personel sayısı""","=""0""","=""0""","=""3""","=""Low""","=""false"""
"=""eximbank personnel""","=""0""","=""0""","=""2""","=""Low""","=""false"""
"=""eximbank phước long""","=""0""","=""0""","=""3""","=""Low""","=""false"""
"=""eximbank pgd bình trị đông""","=""0""","=""0""","=""5""","=""Low""","=""false"""
"=""eximbank pgd bến thành""","=""0""","=""0""","=""4""","=""Low""","=""false"""
"=""eximbank pgd trung sơn""","=""0""","=""0""","=""4""","=""Low""","=""false"""
"=""eximbank pgd văn thánh""","=""0""","=""0""","=""4""","=""Low""","=""false"""
"=""eximbank pgd trung chánh""","=""0""","=""0""","=""4""","=""Low""","=""false"""
"=""eximbank pgd an sương""","=""0""","=""0""","=""4""","=""Low""","=""false"""
"=""eximbank pgd phú thọ""","=""0""","=""0""","=""4""","=""Low""","=""false"""
"=""eximbank pakistan""","=""0""","=""0""","=""2""","=""Low""","=""false"""
"=""eximbank pasteur""","=""0""","=""0""","=""2""","=""Low""","=""false"""
"=""eximbank pauza de masa""","=""0""","=""0""","=""4""","=""Low""","=""false"""
"=""eximbank pantelimon""","=""0""","=""0""","=""2""","=""Low""","=""false"""
"=""eximbank paris""","=""0""","=""0""","=""2""","=""Low""","=""false"""
"=""eximbank krong pak""","=""0""","=""0""","=""3""","=""Low""","=""false"""
"=""eximbank samsung pay""","=""0""","=""0""","=""3""","=""Low""","=""false"""
"=""eximbank piata 700""","=""0""","=""0""","=""3""","=""Low""","=""false"""
"=""eximbank pierderi""","=""0""","=""0""","=""2""","=""Low""","=""false"""
"=""eximbank timisoara piata 700""","=""0""","=""0""","=""4""","=""Low""","=""false"""
"=""eximbank cluj piata mihai viteazu""","=""0""","=""0""","=""5""","=""Low""","=""false"""
"=""eximbank platinum""","=""0""","=""0""","=""2""","=""Low""","=""false"""
"=""eximbank plus""","=""0""","=""0""","=""2""","=""Low""","=""false"""
"=""eximbank plati instant""","=""0""","=""0""","=""3""","=""Low""","=""false"""
"=""eximbank ploiesti program""","=""0""","=""0""","=""3""","=""Low""","=""false"""
"=""eximbank ploiesti contact""","=""0""","=""0""","=""3""","=""Low""","=""false"""
"=""eximbank pmh""","=""0""","=""0""","=""2""","=""Low""","=""false"""
"=""eximbank pnj""","=""0""","=""0""","=""2""","=""Low""","=""false"""
"=""eximbank png""","=""0""","=""0""","=""2""","=""Low""","=""false"""
"=""eximbank x pnj""","=""0""","=""0""","=""3""","=""Low""","=""false"""
"=""eximbank portal""","=""0""","=""0""","=""2""","=""Low""","=""false"""
"=""eximbank pos""","=""0""","=""0""","=""2""","=""Low""","=""false"""
"=""eximbank posta veche""","=""0""","=""0""","=""3""","=""Low""","=""false"""
"=""eximbank port of spain""","=""0""","=""0""","=""4""","=""Low""","=""false"""
"=""eximbank posturi""","=""0""","=""0""","=""2""","=""Low""","=""false"""
"=""eximbank port of spain photos""","=""0""","=""0""","=""5""","=""Low""","=""false"""
"=""eximbank poland""","=""0""","=""0""","=""2""","=""Low""","=""false"""
"=""eximbank priority điều kiện""","=""0""","=""0""","=""4""","=""Low""","=""false"""
"=""eximbank presedinte""","=""0""","=""0""","=""2""","=""Low""","=""false"""
"=""eximbank probleme""","=""0""","=""0""","=""2""","=""Low""","=""false"""
"=""eximbank proprietar""","=""0""","=""0""","=""2""","=""Low""","=""false"""
"=""eximbank profit""","=""0""","=""0""","=""2""","=""Low""","=""false"""
"=""eximbank punya siapa""","=""0""","=""0""","=""3""","=""Low""","=""false"""
"=""eximbank ql50""","=""0""","=""0""","=""2""","=""Low""","=""false"""
"=""eximbank qr""","=""0""","=""0""","=""2""","=""Low""","=""false"""
"=""eximbank rating""","=""0""","=""0""","=""2""","=""Low""","=""false"""
"=""eximbank race""","=""0""","=""0""","=""2""","=""Low""","=""false"""
"=""eximbank ra hà nội""","=""0""","=""0""","=""4""","=""Low""","=""false"""
"=""eximbank ra đời năm nào""","=""0""","=""0""","=""5""","=""Low""","=""false"""
"=""eximbank ranking""","=""0""","=""0""","=""2""","=""Low""","=""false"""
"=""eximbank ramnicu valcea""","=""0""","=""0""","=""3""","=""Low""","=""false"""
"=""eximbank rapps""","=""0""","=""0""","=""2""","=""Low""","=""false"""
"=""eximbank ra apps""","=""0""","=""0""","=""3""","=""Low""","=""false"""
"=""eximbank reeskont kredisi faiz oranı""","=""0""","=""0""","=""5""","=""Low""","=""false"""
"=""eximbank review""","=""0""","=""0""","=""2""","=""Low""","=""false"""
"=""eximbank review công ty""","=""0""","=""0""","=""4""","=""Low""","=""false"""
"=""eximbank reddit""","=""0""","=""0""","=""2""","=""Low""","=""false"""
"=""eximbank resita""","=""0""","=""0""","=""2""","=""Low""","=""false"""
"=""eximbank recenzii""","=""0""","=""0""","=""2""","=""Low""","=""false"""
"=""eximbank ria""","=""0""","=""0""","=""2""","=""Low""","=""false"""
"=""eximbank risk grubu 6""","=""0""","=""0""","=""4""","=""Low""","=""false"""
"=""eximbank y rise""","=""0""","=""0""","=""3""","=""Low""","=""false"""
"=""eximbank ba ria""","=""0""","=""0""","=""3""","=""Low""","=""false"""
"=""eximbank rk""","=""0""","=""0""","=""2""","=""Low""","=""false"""
"=""eximbank rm valcea""","=""0""","=""0""","=""3""","=""Low""","=""false"""
"=""eximbank romania contact""","=""0""","=""0""","=""3""","=""Low""","=""false"""
"=""eximbank rosetti""","=""0""","=""0""","=""2""","=""Low""","=""false"""
"=""eximbank romania internet banking""","=""0""","=""0""","=""4""","=""Low""","=""false"""
"=""eximbank rosiori de vede""","=""0""","=""0""","=""4""","=""Low""","=""false"""
"=""eximbank romania cariere""","=""0""","=""0""","=""3""","=""Low""","=""false"""
"=""eximbank romaneasca""","=""0""","=""0""","=""2""","=""Low""","=""false"""
"=""eximbank romania swift code""","=""0""","=""0""","=""4""","=""Low""","=""false"""
"=""eximbank romania login""","=""0""","=""0""","=""3""","=""Low""","=""false"""
"=""eximbank running""","=""0""","=""0""","=""2""","=""Low""","=""false"""
"=""eximbank run night""","=""0""","=""0""","=""3""","=""Low""","=""false"""
"=""eximbank run 2025""","=""0""","=""0""","=""3""","=""Low""","=""false"""
"=""eximbank rut duoc ngan hang nao""","=""0""","=""0""","=""6""","=""Low""","=""false"""
"=""eximbank rusia""","=""0""","=""0""","=""2""","=""Low""","=""false"""
"=""eximbank saigon pearl""","=""0""","=""0""","=""3""","=""Low""","=""false"""
"=""eximbank sa đéc""","=""0""","=""0""","=""3""","=""Low""","=""false"""
"=""eximbank sao kê""","=""0""","=""0""","=""3""","=""Low""","=""false"""
"=""eximbank sala quận 2""","=""0""","=""0""","=""4""","=""Low""","=""false"""
"=""eximbank sai phạm""","=""0""","=""0""","=""3""","=""Low""","=""false"""
"=""eximbank scbd""","=""0""","=""0""","=""2""","=""Low""","=""false"""
"=""eximbank sediul central""","=""0""","=""0""","=""3""","=""Low""","=""false"""
"=""eximbank securities""","=""0""","=""0""","=""2""","=""Low""","=""false"""
"=""eximbank sevk öncesi ihracat kredisi faiz oranı""","=""0""","=""0""","=""7""","=""Low""","=""false"""
"=""eximbank sector 6""","=""0""","=""0""","=""3""","=""Low""","=""false"""
"=""eximbank sevkiyat bildirimi""","=""0""","=""0""","=""3""","=""Low""","=""false"""
"=""eximbank sendikasyon""","=""0""","=""0""","=""2""","=""Low""","=""false"""
"=""eximbank sediu""","=""0""","=""0""","=""2""","=""Low""","=""false"""
"=""eximbank sdt""","=""0""","=""0""","=""2""","=""Low""","=""false"""
"=""eximbank chi nhánh sg""","=""0""","=""0""","=""4""","=""Low""","=""false"""
"=""eximbank slogan""","=""0""","=""0""","=""2""","=""Low""","=""false"""
"=""eximbank slobozia""","=""0""","=""0""","=""2""","=""Low""","=""false"""
"=""eximbank slatina""","=""0""","=""0""","=""2""","=""Low""","=""false"""
"=""eximbank shareholders""","=""0""","=""0""","=""2""","=""Low""","=""false"""
"=""eximbank vietnam share price""","=""0""","=""0""","=""4""","=""Low""","=""false"""
"=""eximbank sjc""","=""0""","=""0""","=""2""","=""Low""","=""false"""
"=""eximbank singapore""","=""0""","=""0""","=""2""","=""Low""","=""false"""
"=""eximbank simulare credit""","=""0""","=""0""","=""3""","=""Low""","=""false"""
"=""eximbank sigortası nedir""","=""0""","=""0""","=""3""","=""Low""","=""false"""
"=""eximbank sitesi batıkent""","=""0""","=""0""","=""3""","=""Low""","=""false"""
"=""eximbank sitesi""","=""0""","=""0""","=""2""","=""Low""","=""false"""
"=""eximbank song hành quận 2""","=""0""","=""0""","=""5""","=""Low""","=""false"""
"=""eximbank soundbox""","=""0""","=""0""","=""2""","=""Low""","=""false"""
"=""eximbank song hành""","=""0""","=""0""","=""3""","=""Low""","=""false"""
"=""eximbank soc trang""","=""0""","=""0""","=""3""","=""Low""","=""false"""
"=""eximbank so du toi thieu""","=""0""","=""0""","=""5""","=""Low""","=""false"""
"=""eximbank số tổng đài""","=""0""","=""0""","=""4""","=""Low""","=""false"""
"=""eximbank sở giao dịch 1""","=""0""","=""0""","=""5""","=""Low""","=""false"""
"=""eximbank số 10 cửa nam""","=""0""","=""0""","=""5""","=""Low""","=""false"""
"=""eximbank sổ tiết kiệm""","=""0""","=""0""","=""4""","=""Low""","=""false"""
"=""eximbank smart banking""","=""0""","=""0""","=""3""","=""Low""","=""false"""
"=""eximbank sms banking""","=""0""","=""0""","=""3""","=""Low""","=""false"""
"=""eximbank sme""","=""0""","=""0""","=""2""","=""Low""","=""false"""
"=""eximbank sms""","=""0""","=""0""","=""2""","=""Low""","=""false"""
"=""eximbank srl""","=""0""","=""0""","=""2""","=""Low""","=""false"""
"=""eximbank stand for""","=""0""","=""0""","=""3""","=""Low""","=""false"""
"=""eximbank stock price""","=""0""","=""0""","=""3""","=""Low""","=""false"""
"=""eximbank stefan cel mare""","=""0""","=""0""","=""4""","=""Low""","=""false"""
"=""eximbank stefan cel mare 171 1""","=""0""","=""0""","=""6""","=""Low""","=""false"""
"=""eximbank stefan cel mare 64""","=""0""","=""0""","=""5""","=""Low""","=""false"""
"=""eximbank straseni""","=""0""","=""0""","=""2""","=""Low""","=""false"""
"=""eximbank support""","=""0""","=""0""","=""2""","=""Low""","=""false"""
"=""eximbank sucursale bucuresti""","=""0""","=""0""","=""3""","=""Low""","=""false"""
"=""eximbank su van hanh""","=""0""","=""0""","=""4""","=""Low""","=""false"""
"=""eximbank surabaya""","=""0""","=""0""","=""2""","=""Low""","=""false"""
"=""eximbank sucursala 11""","=""0""","=""0""","=""3""","=""Low""","=""false"""
"=""eximbank sucursala 22""","=""0""","=""0""","=""3""","=""Low""","=""false"""
"=""eximbank logo svg""","=""0""","=""0""","=""3""","=""Low""","=""false"""
"=""eximbank swift bic""","=""0""","=""0""","=""3""","=""Low""","=""false"""
"=""eximbank swift kodu""","=""0""","=""0""","=""3""","=""Low""","=""false"""
"=""eximbank mã swift""","=""0""","=""0""","=""3""","=""Low""","=""false"""
"=""eximbank vietnam swift""","=""0""","=""0""","=""3""","=""Low""","=""false"""
"=""eximbank tan binh""","=""0""","=""0""","=""3""","=""Low""","=""false"""
"=""eximbank tan phu""","=""0""","=""0""","=""3""","=""Low""","=""false"""
"=""eximbank tam hiệp""","=""0""","=""0""","=""3""","=""Low""","=""false"""
"=""eximbank ten tieng anh""","=""0""","=""0""","=""4""","=""Low""","=""false"""
"=""eximbank teller app""","=""0""","=""0""","=""3""","=""Low""","=""false"""
"=""eximbank ten la gi""","=""0""","=""0""","=""4""","=""Low""","=""false"""
"=""eximbank telecentru""","=""0""","=""0""","=""2""","=""Low""","=""false"""
"=""eximbank tcmb reeskont kredisi""","=""0""","=""0""","=""4""","=""Low""","=""false"""
"=""eximbank tg mures""","=""0""","=""0""","=""3""","=""Low""","=""false"""
"=""eximbank tiết kiệm""","=""0""","=""0""","=""3""","=""Low""","=""false"""
"=""eximbank tin tức mới nhất""","=""0""","=""0""","=""5""","=""Low""","=""false"""
"=""eximbank tiền giang tuyển dụng""","=""0""","=""0""","=""5""","=""Low""","=""false"""
"=""eximbank tim""","=""0""","=""0""","=""2""","=""Low""","=""false"""
"=""eximbank tiết kiệm online""","=""0""","=""0""","=""4""","=""Low""","=""false"""
"=""eximbank ton duc thang""","=""0""","=""0""","=""4""","=""Low""","=""false"""
"=""eximbank top mấy""","=""0""","=""0""","=""3""","=""Low""","=""false"""
"=""eximbank to hien thanh""","=""0""","=""0""","=""4""","=""Low""","=""false"""
"=""eximbank toro center""","=""0""","=""0""","=""3""","=""Low""","=""false"""
"=""eximbank tô hiệu hải phòng""","=""0""","=""0""","=""5""","=""Low""","=""false"""
"=""eximbank tô hiệu""","=""0""","=""0""","=""3""","=""Low""","=""false"""
"=""eximbank tổ chức đại hội cổ đông""","=""0""","=""0""","=""7""","=""Low""","=""false"""
"=""eximbank tố hữu""","=""0""","=""0""","=""3""","=""Low""","=""false"""
"=""eximbank tl reeskont kredisi""","=""0""","=""0""","=""4""","=""Low""","=""false"""
"=""eximbank tl kredi""","=""0""","=""0""","=""3""","=""Low""","=""false"""
"=""eximbank tl""","=""0""","=""0""","=""2""","=""Low""","=""false"""
"=""eximbank söik tl""","=""0""","=""0""","=""3""","=""Low""","=""false"""
"=""eximbank tp vinh""","=""0""","=""0""","=""3""","=""Low""","=""false"""
"=""eximbank trần văn khéo""","=""0""","=""0""","=""4""","=""Low""","=""false"""
"=""eximbank tsrs""","=""0""","=""0""","=""2""","=""Low""","=""false"""
"=""eximbank tsrs raporu""","=""0""","=""0""","=""3""","=""Low""","=""false"""
"=""eximbank tt""","=""0""","=""0""","=""2""","=""Low""","=""false"""
"=""eximbank tuyển dụng ba""","=""0""","=""0""","=""4""","=""Low""","=""false"""
"=""eximbank tuyển dụng business analyst""","=""0""","=""0""","=""5""","=""Low""","=""false"""
"=""eximbank tuyển""","=""0""","=""0""","=""2""","=""Low""","=""false"""
"=""eximbank tv""","=""0""","=""0""","=""2""","=""Low""","=""false"""
"=""eximbank twd""","=""0""","=""0""","=""2""","=""Low""","=""false"""
"=""eximbank tỷ giá twd""","=""0""","=""0""","=""4""","=""Low""","=""false"""
"=""eximbank ty gia nzd""","=""0""","=""0""","=""4""","=""Low""","=""false"""
"=""eximbank ty gia aud""","=""0""","=""0""","=""4""","=""Low""","=""false"""
"=""eximbank ty gia vang""","=""0""","=""0""","=""4""","=""Low""","=""false"""
"=""eximbank ty gia euro""","=""0""","=""0""","=""4""","=""Low""","=""false"""
"=""eximbank tỷ giá yên""","=""0""","=""0""","=""4""","=""Low""","=""false"""
"=""eximbank tỷ giá baht""","=""0""","=""0""","=""4""","=""Low""","=""false"""
"=""eximbank tỷ giá đô úc""","=""0""","=""0""","=""5""","=""Low""","=""false"""
"=""eximbank udemy""","=""0""","=""0""","=""2""","=""Low""","=""false"""
"=""eximbank ug com""","=""0""","=""0""","=""3""","=""Low""","=""false"""
"=""eximbank új vezetője""","=""0""","=""0""","=""3""","=""Low""","=""false"""
"=""eximbank ueh""","=""0""","=""0""","=""2""","=""Low""","=""false"""
"=""eximbank unirii""","=""0""","=""0""","=""2""","=""Low""","=""false"""
"=""eximbank unvan""","=""0""","=""0""","=""2""","=""Low""","=""false"""
"=""eximbank ungheni contacte""","=""0""","=""0""","=""3""","=""Low""","=""false"""
"=""eximbank ungheni program de lucru""","=""0""","=""0""","=""5""","=""Low""","=""false"""
"=""eximbank unvanı""","=""0""","=""0""","=""2""","=""Low""","=""false"""
"=""eximbank unic""","=""0""","=""0""","=""2""","=""Low""","=""false"""
"=""eximbank university""","=""0""","=""0""","=""2""","=""Low""","=""false"""
"=""eximbank ungaria""","=""0""","=""0""","=""2""","=""Low""","=""false"""
"=""eximbank universitate""","=""0""","=""0""","=""2""","=""Low""","=""false"""
"=""eximbank stiri de ultima ora""","=""0""","=""0""","=""5""","=""Low""","=""false"""
"=""eximbank uluslararasi nakliyat pazarlama kredisi""","=""0""","=""0""","=""5""","=""Low""","=""false"""
"=""eximbank umraniye""","=""0""","=""0""","=""2""","=""Low""","=""false"""
"=""eximbank usd to vnd""","=""0""","=""0""","=""4""","=""Low""","=""false"""
"=""eximbank usd""","=""0""","=""0""","=""2""","=""Low""","=""false"""
"=""eximbank giá usd""","=""0""","=""0""","=""3""","=""Low""","=""false"""
"=""eximbank ust yonetim""","=""0""","=""0""","=""3""","=""Low""","=""false"""
"=""eximbank nagymező utca""","=""0""","=""0""","=""3""","=""Low""","=""false"""
"=""eximbank uu dai""","=""0""","=""0""","=""3""","=""Low""","=""false"""
"=""eximbank uu dai ca nhan""","=""0""","=""0""","=""5""","=""Low""","=""false"""
"=""eximbank uy tín không""","=""0""","=""0""","=""4""","=""Low""","=""false"""
"=""eximbank uygulama esasları""","=""0""","=""0""","=""3""","=""Low""","=""false"""
"=""eximbank van thanh""","=""0""","=""0""","=""3""","=""Low""","=""false"""
"=""eximbank vay mua xe""","=""0""","=""0""","=""4""","=""Low""","=""false"""
"=""eximbank van phu""","=""0""","=""0""","=""3""","=""Low""","=""false"""
"=""eximbank và gelex""","=""0""","=""0""","=""3""","=""Low""","=""false"""
"=""eximbank uzman yardımcısı""","=""0""","=""0""","=""3""","=""Low""","=""false"""
"=""eximbank uzman yardımcılığı""","=""0""","=""0""","=""3""","=""Low""","=""false"""
"=""eximbank uzbekistan""","=""0""","=""0""","=""2""","=""Low""","=""false"""
"=""eximbank hakan uzun""","=""0""","=""0""","=""3""","=""Low""","=""false"""
"=""eximbank uzun vadeli kredi""","=""0""","=""0""","=""4""","=""Low""","=""false"""
"=""eximbank venezuela""","=""0""","=""0""","=""2""","=""Low""","=""false"""
"=""eximbank về bộ công an""","=""0""","=""0""","=""5""","=""Low""","=""false"""
"=""eximbank vkn""","=""0""","=""0""","=""2""","=""Low""","=""false"""
"=""eximbank tudor vladimirescu""","=""0""","=""0""","=""3""","=""Low""","=""false"""
"=""eximbank vnexpress""","=""0""","=""0""","=""2""","=""Low""","=""false"""
"=""eximbank vneid""","=""0""","=""0""","=""2""","=""Low""","=""false"""
"=""eximbank vnpay""","=""0""","=""0""","=""2""","=""Low""","=""false"""
"=""eximbank usd vnd""","=""0""","=""0""","=""3""","=""Low""","=""false"""
"=""eximbank vo van ngan""","=""0""","=""0""","=""4""","=""Low""","=""false"""
"=""eximbank võ thành trang""","=""0""","=""0""","=""4""","=""Low""","=""false"""
"=""eximbank stefan voda""","=""0""","=""0""","=""3""","=""Low""","=""false"""
"=""eximbank vũ trọng phụng""","=""0""","=""0""","=""4""","=""Low""","=""false"""
"=""eximbank vụ 8 tỷ""","=""0""","=""0""","=""4""","=""Low""","=""false"""
"=""eximbank kinh duong vuong""","=""0""","=""0""","=""4""","=""Low""","=""false"""
"=""eximbank an duong vuong""","=""0""","=""0""","=""4""","=""Low""","=""false"""
"=""eximbank website""","=""0""","=""0""","=""2""","=""Low""","=""false"""
"=""eximbank webportal""","=""0""","=""0""","=""2""","=""Low""","=""false"""
"=""eximbank western union""","=""0""","=""0""","=""3""","=""Low""","=""false"""
"=""eximbank webmail""","=""0""","=""0""","=""2""","=""Low""","=""false"""
"=""eximbank webmail login""","=""0""","=""0""","=""3""","=""Low""","=""false"""
"=""eximbank có western union không""","=""0""","=""0""","=""5""","=""Low""","=""false"""
"=""eximbank đăng nhập web""","=""0""","=""0""","=""4""","=""Low""","=""false"""
"=""eximbank whatsapp""","=""0""","=""0""","=""2""","=""Low""","=""false"""
"=""eximbank world""","=""0""","=""0""","=""2""","=""Low""","=""false"""
"=""eximbank one world""","=""0""","=""0""","=""3""","=""Low""","=""false"""
"=""eximbank mastercard business world""","=""0""","=""0""","=""4""","=""Low""","=""false"""
"=""eximbank tỷ giá won""","=""0""","=""0""","=""4""","=""Low""","=""false"""
"=""eximbank nguyen xi""","=""0""","=""0""","=""3""","=""Low""","=""false"""
"=""eximbank xo viet nghe tinh""","=""0""","=""0""","=""5""","=""Low""","=""false"""
"=""eximbank xô viết nghệ tĩnh đà nẵng""","=""0""","=""0""","=""7""","=""Low""","=""false"""
"=""eximbank xsmn""","=""0""","=""0""","=""2""","=""Low""","=""false"""
"=""eximbank xuất nhập khẩu""","=""0""","=""0""","=""4""","=""Low""","=""false"""
"=""eximbank ne yapar""","=""0""","=""0""","=""3""","=""Low""","=""false"""
"=""eximbank genel müdür yardımcısı""","=""0""","=""0""","=""4""","=""Low""","=""false"""
"=""eximbank yersin""","=""0""","=""0""","=""2""","=""Low""","=""false"""
"=""eximbank yersin nha trang""","=""0""","=""0""","=""4""","=""Low""","=""false"""
"=""eximbank yeşil dönüşüm""","=""0""","=""0""","=""3""","=""Low""","=""false"""
"=""eximbank yeşil pasaport""","=""0""","=""0""","=""3""","=""Low""","=""false"""
"=""eximbank yenibosna şubesi""","=""0""","=""0""","=""3""","=""Low""","=""false"""
"=""eximbank yemek ücreti""","=""0""","=""0""","=""3""","=""Low""","=""false"""
"=""eximbank yk üyeleri""","=""0""","=""0""","=""3""","=""Low""","=""false"""
"=""eximbank yonetim kurulu""","=""0""","=""0""","=""3""","=""Low""","=""false"""
"=""eximbank yonetim""","=""0""","=""0""","=""2""","=""Low""","=""false"""
"=""eximbank yol tarifi""","=""0""","=""0""","=""3""","=""Low""","=""false"""
"=""eximbank genel müdürlük yorumları""","=""0""","=""0""","=""4""","=""Low""","=""false"""
"=""eximbank yuan""","=""0""","=""0""","=""2""","=""Low""","=""false"""
"=""eximbank yuan kredisi""","=""0""","=""0""","=""3""","=""Low""","=""false"""
"=""eximbank yurtdışı şubeleri""","=""0""","=""0""","=""3""","=""Low""","=""false"""
"=""eximbank yurtdışı kredileri""","=""0""","=""0""","=""3""","=""Low""","=""false"""
"=""eximbank zalo""","=""0""","=""0""","=""2""","=""Low""","=""false"""
"=""eximbank zalau""","=""0""","=""0""","=""2""","=""Low""","=""false"""
"=""eximbank zam""","=""0""","=""0""","=""2""","=""Low""","=""false"""
"=""eximbank zam oranı""","=""0""","=""0""","=""3""","=""Low""","=""false"""
"=""eximbank ziraat bankası""","=""0""","=""0""","=""3""","=""Low""","=""false"""
"=""eximbank yapi kredi""","=""0""","=""0""","=""3""","=""Low""","=""false"""
"=""eximbank söik yp""","=""0""","=""0""","=""3""","=""Low""","=""false"""
"=""eximbank investor relations""","=""0""","=""0""","=""3""","=""Low""","=""false"""
"=""eximbank kỳ hoà""","=""0""","=""0""","=""3""","=""Low""","=""false"""
"=""eximbank mấy giờ đóng cửa""","=""0""","=""0""","=""5""","=""Low""","=""false"""
"=""eximbank rút tiền không cần thẻ""","=""0""","=""0""","=""6""","=""Low""","=""false"""
"=""eximbank rạch giá""","=""0""","=""0""","=""3""","=""Low""","=""false"""
"=""eximbank uông bí""","=""0""","=""0""","=""3""","=""Low""","=""false"""
"=""eximbank yên thành""","=""0""","=""0""","=""3""","=""Low""","=""false"""
"=""eximbank yên bái""","=""0""","=""0""","=""3""","=""Low""","=""false"""
"=""eximbank 172 hai bà trưng""","=""0""","=""0""","=""5""","=""Low""","=""false"""
"=""eximbank 19 trần hưng đạo""","=""0""","=""0""","=""5""","=""Low""","=""false"""
"=""eximbank 116 nguyễn công trứ""","=""0""","=""0""","=""5""","=""Low""","=""false"""
"=""eximbank 15 liễu giai""","=""0""","=""0""","=""4""","=""Low""","=""false"""
"=""eximbank 160 tên lửa""","=""0""","=""0""","=""4""","=""Low""","=""false"""
"=""eximbank 141 nguyễn chí thanh""","=""0""","=""0""","=""5""","=""Low""","=""false"""
"=""eximbank 143 trung kính""","=""0""","=""0""","=""4""","=""Low""","=""false"""
"=""eximbank 191 trần não""","=""0""","=""0""","=""4""","=""Low""","=""false"""
"=""eximbank müşteri hizmetleri 0850""","=""0""","=""0""","=""4""","=""Low""","=""false"""
"=""eximbank 24 hoàng quốc việt""","=""0""","=""0""","=""5""","=""Low""","=""false"""
"=""eximbank 27 lý thái tổ""","=""0""","=""0""","=""5""","=""Low""","=""false"""
"=""eximbank 27 29 lý thái tổ""","=""0""","=""0""","=""6""","=""Low""","=""false"""
"=""eximbank 24b trương định""","=""0""","=""0""","=""4""","=""Low""","=""false"""
"=""eximbank 307 nguyễn văn trỗi""","=""0""","=""0""","=""5""","=""Low""","=""false"""
"=""eximbank 30 4 vũng tàu""","=""0""","=""0""","=""5""","=""Low""","=""false"""
"=""eximbank 3 2 cần thơ""","=""0""","=""0""","=""5""","=""Low""","=""false"""
"=""eximbank 3""","=""0""","=""0""","=""2""","=""Low""","=""false"""
"=""eximbank 383 nguyễn duy trinh""","=""0""","=""0""","=""5""","=""Low""","=""false"""
"=""eximbank 59 đường thành""","=""0""","=""0""","=""4""","=""Low""","=""false"""
"=""eximbank 57 vũ trọng phụng""","=""0""","=""0""","=""5""","=""Low""","=""false"""
"=""eximbank quầy 59""","=""0""","=""0""","=""3""","=""Low""","=""false"""
"=""eximbank giữ 50k""","=""0""","=""0""","=""3""","=""Low""","=""false"""
"=""eximbank quốc lộ 50""","=""0""","=""0""","=""4""","=""Low""","=""false"""
"=""eximbank 42 võ văn tần""","=""0""","=""0""","=""5""","=""Low""","=""false"""
"=""eximbank 4""","=""0""","=""0""","=""2""","=""Low""","=""false"""
"=""eximbank 48 trần phú""","=""0""","=""0""","=""4""","=""Low""","=""false"""
"=""eximbank cn quận 4""","=""0""","=""0""","=""4""","=""Low""","=""false"""
"=""eximbank 65 đường 3 2""","=""0""","=""0""","=""5""","=""Low""","=""false"""
"=""eximbank 63 nghi tàm""","=""0""","=""0""","=""4""","=""Low""","=""false"""
"=""eximbank pgd quận 6""","=""0""","=""0""","=""4""","=""Low""","=""false"""
"=""eximbank sucursala 6""","=""0""","=""0""","=""3""","=""Low""","=""false"""
"=""eximbank filiala 6""","=""0""","=""0""","=""3""","=""Low""","=""false"""
"=""eximbank decebal 64 2""","=""0""","=""0""","=""4""","=""Low""","=""false"""
"=""eximbank 73 lò đúc""","=""0""","=""0""","=""4""","=""Low""","=""false"""
"=""eximbank 72 lê thánh tôn""","=""0""","=""0""","=""5""","=""Low""","=""false"""
"=""eximbank 76 mai hắc đế""","=""0""","=""0""","=""5""","=""Low""","=""false"""
"=""eximbank thứ 7 có làm việc không""","=""0""","=""0""","=""7""","=""Low""","=""false"""
"=""eximbank làm thứ 7""","=""0""","=""0""","=""4""","=""Low""","=""false"""
"=""eximbank cn quận 7""","=""0""","=""0""","=""4""","=""Low""","=""false"""
"=""eximbank filiala 7""","=""0""","=""0""","=""3""","=""Low""","=""false"""
"=""eximbank xếp hạng""","=""0""","=""0""","=""3""","=""Low""","=""false"""
"=""eximbank xếp hạng tín nhiệm""","=""0""","=""0""","=""5""","=""Low""","=""false"""
"=""eximbank 88 tỷ""","=""0""","=""0""","=""3""","=""Low""","=""false"""
"=""eximbank 87a hàm nghi""","=""0""","=""0""","=""4""","=""Low""","=""false"""
"=""eximbank landmark 81""","=""0""","=""0""","=""3""","=""Low""","=""false"""
"=""eximbank bị phạt 80 tỷ""","=""0""","=""0""","=""5""","=""Low""","=""false"""
"=""eximbank sucursala 8""","=""0""","=""0""","=""3""","=""Low""","=""false"""
"=""eximbank 92c nguyễn hữu cảnh""","=""0""","=""0""","=""5""","=""Low""","=""false"""
"=""eximbank pgd quận 9""","=""0""","=""0""","=""4""","=""Low""","=""false"""
"=""eximbank filiala 9""","=""0""","=""0""","=""3""","=""Low""","=""false"""
"=""eximbank filiala 9 chisinau""","=""0""","=""0""","=""4""","=""Low""","=""false"""
"=""eximbank mastercard năm nào""","=""0""","=""0""","=""4""","=""Low""","=""false"""
"=""eximbank đọc như thế nào""","=""0""","=""0""","=""5""","=""Low""","=""false"""
"=""eximbank tên là gì""","=""0""","=""0""","=""4""","=""Low""","=""false"""
"=""eximbank là nh gì""","=""0""","=""0""","=""4""","=""Low""","=""false"""
"=""eximbank ebiz là gì""","=""0""","=""0""","=""4""","=""Low""","=""false"""
"=""eximbank bao nhiêu tuổi""","=""0""","=""0""","=""4""","=""Low""","=""false"""
"=""eximbank bao nhiêu tuổi làm được""","=""0""","=""0""","=""6""","=""Low""","=""false"""
"=""eximbank bao nhiêu tiền""","=""0""","=""0""","=""4""","=""Low""","=""false"""
"=""eximbank có bao nhiêu đơn vị kinh doanh""","=""0""","=""0""","=""8""","=""Low""","=""false"""
"=""eximbank cần bao nhiêu tiền để duy trì tài khoản""","=""0""","=""0""","=""10""","=""Low""","=""false"""
"=""eximbank có bao nhiêu phó tổng""","=""0""","=""0""","=""6""","=""Low""","=""false"""
"=""eximbank từ sơn""","=""0""","=""0""","=""3""","=""Low""","=""false"""
"=""eximbank có từ năm nào""","=""0""","=""0""","=""5""","=""Low""","=""false"""
"=""eximbank pgd bắc từ liêm""","=""0""","=""0""","=""5""","=""Low""","=""false"""
"=""eximbank thuộc sở hữu của ai""","=""0""","=""0""","=""6""","=""Low""","=""false"""
"=""eximbank của tập đoàn nào""","=""0""","=""0""","=""5""","=""Low""","=""false"""
"=""eximbank của nhà nước""","=""0""","=""0""","=""4""","=""Low""","=""false"""
"=""eximbank của đại gia nào""","=""0""","=""0""","=""5""","=""Low""","=""false"""
"=""eximbank có trên bao nhiêu tỉnh thành""","=""0""","=""0""","=""7""","=""Low""","=""false"""
"=""eximbank vành đai trong""","=""0""","=""0""","=""4""","=""Low""","=""false"""
"=""eximbank có cho vay tín chấp không""","=""0""","=""0""","=""7""","=""Low""","=""false"""
"=""eximbank có phó tổng giám đốc mới""","=""0""","=""0""","=""7""","=""Low""","=""false"""
"=""eximbank có tổng giám đốc mới""","=""0""","=""0""","=""6""","=""Low""","=""false"""
"=""eximbank làm việc đến mấy giờ""","=""0""","=""0""","=""6""","=""Low""","=""false"""
"=""eximbank không nhận được tiền""","=""0""","=""0""","=""5""","=""Low""","=""false"""
"=""eximbank không chuyển tiền được""","=""0""","=""0""","=""5""","=""Low""","=""false"""
"=""eximbank không đăng nhập được""","=""0""","=""0""","=""5""","=""Low""","=""false"""
"=""eximbank không liên kết vneid""","=""0""","=""0""","=""5""","=""Low""","=""false"""
"=""eximbank tốt không""","=""0""","=""0""","=""3""","=""Low""","=""false"""
"=""eximbank gần tôi""","=""0""","=""0""","=""3""","=""Low""","=""false"""
"=""eximbank gần""","=""0""","=""0""","=""2""","=""Low""","=""false"""
"=""eximbank làm việc thứ 7 không""","=""0""","=""0""","=""6""","=""Low""","=""false"""
"=""eximbank làm việc thứ 7""","=""0""","=""0""","=""5""","=""Low""","=""false"""
"=""eximbank làm việc""","=""0""","=""0""","=""3""","=""Low""","=""false"""
"=""eximbank lịch làm việc""","=""0""","=""0""","=""4""","=""Low""","=""false"""
"=""eximbank có làm t7 không""","=""0""","=""0""","=""5""","=""Low""","=""false"""
"=""eximbank giờ làm việc thứ 7""","=""0""","=""0""","=""6""","=""Low""","=""false"""
"=""vietnam eximbank no 59""","=""1300""","=""0""","=""4""","=""Low""","=""false"""
"=""tổng đài eximbank""","=""1000""","=""0""","=""3""","=""Low""","=""true"""
"=""ebanking eximbank""","=""590""","=""0""","=""2""","=""Low""","=""false"""
"=""hotline eximbank""","=""480""","=""0""","=""2""","=""Low""","=""false"""
"=""internet eximbank""","=""480""","=""0""","=""2""","=""Low""","=""false"""
"=""tổng đài ngân hàng eximbank""","=""170""","=""0""","=""5""","=""Low""","=""false"""
"=""nh eximbank""","=""170""","=""0""","=""2""","=""Low""","=""false"""
"=""vang eximbank""","=""170""","=""0""","=""2""","=""Low""","=""false"""
"=""số điện thoại ngân hàng eximbank""","=""140""","=""0""","=""6""","=""Low""","=""false"""
"=""số tổng đài eximbank""","=""140""","=""0""","=""4""","=""Low""","=""false"""
"=""chi nhánh eximbank""","=""140""","=""0""","=""3""","=""Low""","=""false"""
"=""giờ làm việc eximbank""","=""140""","=""0""","=""4""","=""Low""","=""false"""
"=""ngan hang eximbank online""","=""110""","=""0""","=""4""","=""Low""","=""false"""
"=""chăm sóc khách hàng eximbank""","=""90""","=""0""","=""5""","=""Low""","=""false"""
"=""swift code eximbank""","=""90""","=""0""","=""3""","=""Low""","=""true"""
"=""trụ sở eximbank""","=""90""","=""0""","=""3""","=""Low""","=""true"""
"=""tổng đài 24 7 eximbank""","=""90""","=""0""","=""5""","=""Low""","=""false"""
"=""đăng nhập eximbank""","=""90""","=""0""","=""3""","=""Low""","=""false"""
"=""chi nhánh eximbank gần nhất""","=""90""","=""0""","=""5""","=""Low""","=""false"""
"=""chi nhánh ngân hàng eximbank""","=""70""","=""0""","=""5""","=""Low""","=""false"""
"=""số tổng đài ngân hàng eximbank""","=""70""","=""0""","=""6""","=""Low""","=""false"""
"=""thông tin mới nhất về ngân hàng eximbank""","=""70""","=""0""","=""8""","=""Low""","=""false"""
"=""địa chỉ ngân hàng eximbank""","=""70""","=""0""","=""5""","=""Low""","=""false"""
"=""ty gia eximbank hcm""","=""70""","=""0""","=""4""","=""Low""","=""false"""
"=""hội sở eximbank tphcm""","=""70""","=""0""","=""4""","=""Low""","=""false"""
"=""logo eximbank png""","=""70""","=""0""","=""3""","=""Low""","=""false"""
"=""phòng giao dịch eximbank""","=""50""","=""0""","=""4""","=""Low""","=""false"""
"=""tin tức eximbank""","=""50""","=""0""","=""3""","=""Low""","=""false"""
"=""trụ sở chính eximbank""","=""50""","=""0""","=""4""","=""Low""","=""false"""
"=""www eximbank com vn""","=""50""","=""0""","=""4""","=""Low""","=""false"""
"=""atm eximbank gần nhất""","=""50""","=""0""","=""4""","=""Low""","=""false"""
"=""tỷ giá eximbank usd""","=""50""","=""0""","=""4""","=""Low""","=""true"""
"=""lãi suất eximbank 6 tháng""","=""50""","=""0""","=""5""","=""Low""","=""false"""
"=""số hotline eximbank""","=""40""","=""0""","=""3""","=""Low""","=""false"""
"=""số điện thoại eximbank""","=""40""","=""0""","=""4""","=""Low""","=""false"""
"=""số điện thoại tổng đài eximbank""","=""40""","=""0""","=""6""","=""Low""","=""false"""
"=""hotline eximbank tphcm""","=""40""","=""0""","=""3""","=""Low""","=""false"""
"=""logo eximbank vector""","=""40""","=""0""","=""3""","=""Low""","=""false"""
"=""giá euro eximbank""","=""40""","=""0""","=""3""","=""Low""","=""false"""
"=""ebank eximbank""","=""30""","=""0""","=""2""","=""Low""","=""false"""
"=""hotline ngân hàng eximbank""","=""30""","=""0""","=""4""","=""Low""","=""false"""
"=""ngân eximbank""","=""30""","=""0""","=""2""","=""Low""","=""false"""
"=""ngân hàng eximbank bình tân""","=""30""","=""0""","=""5""","=""Low""","=""false"""
"=""ngân hàng xuất nhập khẩu eximbank""","=""30""","=""0""","=""6""","=""Low""","=""true"""
"=""ngân hàng điện tử eximbank""","=""30""","=""0""","=""5""","=""Low""","=""false"""
"=""số ngân hàng eximbank""","=""30""","=""0""","=""4""","=""Low""","=""false"""
"=""số tài khoản eximbank""","=""30""","=""0""","=""4""","=""Low""","=""false"""
"=""thủ tục đóng tài khoản ngân hàng eximbank""","=""30""","=""0""","=""8""","=""Low""","=""false"""
"=""tra cứu số tài khoản eximbank""","=""30""","=""0""","=""6""","=""Low""","=""false"""
"=""tổng đài chăm sóc khách hàng eximbank""","=""30""","=""0""","=""7""","=""Low""","=""false"""
"=""địa chỉ eximbank""","=""30""","=""0""","=""3""","=""Low""","=""false"""
"=""đổi số điện thoại ngân hàng eximbank""","=""30""","=""0""","=""7""","=""Low""","=""false"""
"=""cvs eximbank com vn""","=""30""","=""0""","=""4""","=""Low""","=""false"""
"=""einvoice eximbank com vn""","=""30""","=""0""","=""4""","=""Low""","=""true"""
"=""giờ làm việc của ngân hàng eximbank""","=""20""","=""0""","=""7""","=""Low""","=""false"""
"=""số điện thoại của ngân hàng eximbank""","=""20""","=""0""","=""7""","=""Low""","=""false"""
"=""số điện thoại tổng đài ngân hàng eximbank""","=""20""","=""0""","=""8""","=""Low""","=""true"""
"=""trụ sở ngân hàng eximbank""","=""20""","=""0""","=""5""","=""Low""","=""false"""
"=""tài khoản eximbank""","=""20""","=""0""","=""3""","=""Low""","=""false"""
"=""web eximbank""","=""20""","=""0""","=""2""","=""Low""","=""false"""
"=""cso eximbank""","=""20""","=""0""","=""2""","=""Low""","=""false"""
"=""mã citad eximbank""","=""20""","=""0""","=""3""","=""Low""","=""false"""
"=""mẫu cv eximbank mới nhất""","=""20""","=""0""","=""5""","=""Low""","=""false"""
"=""einvoice eximbank""","=""20""","=""0""","=""2""","=""Low""","=""false"""
"=""hris eximbank""","=""20""","=""0""","=""2""","=""Low""","=""false"""
"=""ls eximbank""","=""20""","=""0""","=""2""","=""Low""","=""false"""
"=""mã qr eximbank""","=""20""","=""0""","=""3""","=""Low""","=""false"""
"=""mở tk eximbank online""","=""20""","=""0""","=""4""","=""Low""","=""false"""
"=""học bổng eximbank ueh""","=""20""","=""0""","=""4""","=""Low""","=""false"""
"=""các sản phẩm dịch vụ của ngân hàng eximbank""","=""10""","=""0""","=""9""","=""Low""","=""false"""
"=""dịch vụ khách hàng eximbank""","=""10""","=""0""","=""5""","=""Low""","=""false"""
"=""euro eximbank""","=""10""","=""0""","=""2""","=""Low""","=""false"""
"=""giới thiệu eximbank""","=""10""","=""0""","=""3""","=""Low""","=""false"""
"=""hệ thống eximbank""","=""10""","=""0""","=""3""","=""Low""","=""false"""
"=""hệ thống ngân hàng eximbank""","=""10""","=""0""","=""5""","=""Low""","=""false"""
"=""hỗ trợ eximbank""","=""10""","=""0""","=""3""","=""Low""","=""false"""
"=""hỗ trợ khách hàng eximbank""","=""10""","=""0""","=""5""","=""Low""","=""false"""
"=""khoá thẻ eximbank""","=""10""","=""0""","=""3""","=""Low""","=""false"""
"=""kiểm tra số tài khoản eximbank""","=""10""","=""0""","=""6""","=""Low""","=""false"""
"=""kiểm tra số tài khoản ngân hàng eximbank""","=""10""","=""0""","=""8""","=""Low""","=""false"""
"=""kiểm tra tài khoản eximbank""","=""10""","=""0""","=""5""","=""Low""","=""false"""
"=""kiểm tra tài khoản ngân hàng eximbank""","=""10""","=""0""","=""7""","=""Low""","=""false"""
"=""ký hiệu ngân hàng eximbank""","=""10""","=""0""","=""5""","=""Low""","=""false"""
"=""liên hệ eximbank""","=""10""","=""0""","=""3""","=""Low""","=""false"""
"=""liên hệ ngân hàng eximbank""","=""10""","=""0""","=""5""","=""Low""","=""false"""
"=""liên kết eximbank với momo""","=""10""","=""0""","=""5""","=""Low""","=""false"""
"=""liên kết momo với eximbank""","=""10""","=""0""","=""5""","=""Low""","=""false"""
"=""làm thẻ eximbank""","=""10""","=""0""","=""3""","=""Low""","=""false"""
"=""làm thẻ eximbank online""","=""10""","=""0""","=""4""","=""Low""","=""false"""
"=""làm thẻ ngân hàng eximbank""","=""10""","=""0""","=""5""","=""Low""","=""false"""
"=""ngan hang eximbank gan nhat""","=""10""","=""0""","=""5""","=""Low""","=""false"""
"=""ngày hết hạn thẻ eximbank""","=""10""","=""0""","=""5""","=""Low""","=""false"""
"=""ngân hàng eximbank chi nhánh""","=""10""","=""0""","=""5""","=""Low""","=""false"""
"=""ngân hàng eximbank cộng hòa""","=""10""","=""0""","=""5""","=""Low""","=""false"""
"=""ngân hàng eximbank giờ làm việc""","=""10""","=""0""","=""6""","=""Low""","=""true"""
"=""ngân hàng eximbank liên kết với ngân hàng nào""","=""10""","=""0""","=""9""","=""Low""","=""false"""
"=""ngân hàng số eximbank""","=""10""","=""0""","=""4""","=""Low""","=""false"""
"=""ngân hàng trực tuyến eximbank""","=""10""","=""0""","=""5""","=""Low""","=""false"""
"=""nhan hang eximbank""","=""10""","=""0""","=""3""","=""Low""","=""false"""
"=""smart otp eximbank""","=""10""","=""0""","=""3""","=""Low""","=""false"""
"=""smbc eximbank""","=""10""","=""0""","=""2""","=""Low""","=""false"""
"=""so dien thoai eximbank""","=""10""","=""0""","=""4""","=""Low""","=""false"""
"=""so dien thoai ngan hang eximbank""","=""10""","=""0""","=""6""","=""Low""","=""false"""
"=""swift eximbank""","=""10""","=""0""","=""2""","=""Low""","=""false"""
"=""số hotline ngân hàng eximbank""","=""10""","=""0""","=""5""","=""Low""","=""false"""
"=""số tài khoản ngân hàng eximbank""","=""10""","=""0""","=""6""","=""Low""","=""false"""
"=""số điện thoại chăm sóc khách hàng eximbank""","=""10""","=""0""","=""8""","=""Low""","=""false"""
"=""số điện thoại của eximbank""","=""10""","=""0""","=""5""","=""Low""","=""false"""
"=""số đt eximbank""","=""10""","=""0""","=""3""","=""Low""","=""false"""
"=""số đt ngân hàng eximbank""","=""10""","=""0""","=""5""","=""Low""","=""false"""
"=""thông tin eximbank""","=""10""","=""0""","=""3""","=""Low""","=""false"""
"=""thông tin ngân hàng eximbank""","=""10""","=""0""","=""5""","=""Low""","=""false"""
"=""thông tin về ngân hàng eximbank""","=""10""","=""0""","=""6""","=""Low""","=""false"""
"=""thông tín mới nhất về ngân hàng eximbank""","=""10""","=""0""","=""8""","=""Low""","=""false"""
"=""tin eximbank""","=""10""","=""0""","=""2""","=""Low""","=""false"""
"=""tiết kiệm eximbank""","=""10""","=""0""","=""3""","=""Low""","=""false"""
"=""tra số tài khoản eximbank""","=""10""","=""0""","=""5""","=""Low""","=""false"""
"=""trang web eximbank""","=""10""","=""0""","=""3""","=""Low""","=""false"""
"=""trang web ngân hàng eximbank""","=""10""","=""0""","=""5""","=""Low""","=""false"""
"=""tài khoản eximbank có mấy số""","=""10""","=""0""","=""6""","=""Low""","=""false"""
"=""tài khoản ngân hàng eximbank""","=""10""","=""0""","=""5""","=""Low""","=""false"""
"=""tài khoản số đẹp eximbank""","=""10""","=""0""","=""5""","=""Low""","=""false"""
"=""tìm hiểu về ngân hàng eximbank""","=""10""","=""0""","=""6""","=""Low""","=""false"""
"=""tìm số tài khoản ngân hàng eximbank""","=""10""","=""0""","=""7""","=""Low""","=""false"""
"=""tình hình kinh doanh của ngân hàng eximbank""","=""10""","=""0""","=""8""","=""Low""","=""false"""
"=""tổng đài của eximbank""","=""10""","=""0""","=""4""","=""Low""","=""false"""
"=""tổng đài hỗ trợ eximbank""","=""10""","=""0""","=""5""","=""Low""","=""false"""
"=""vnpay eximbank""","=""10""","=""0""","=""2""","=""Low""","=""false"""
"=""điện thoại eximbank""","=""10""","=""0""","=""3""","=""Low""","=""false"""
"=""đăng ký eximbank""","=""10""","=""0""","=""3""","=""Low""","=""false"""
"=""đăng ký eximbank online""","=""10""","=""0""","=""4""","=""Low""","=""false"""
"=""đăng ký thanh toán trực tuyến eximbank""","=""10""","=""0""","=""7""","=""Low""","=""false"""
"=""đăng ký tài khoản eximbank""","=""10""","=""0""","=""5""","=""Medium""","=""false"""
"=""đăng ký tài khoản eximbank online""","=""10""","=""0""","=""6""","=""Low""","=""false"""
"=""đăng ký tài khoản ngân hàng eximbank""","=""10""","=""0""","=""7""","=""Low""","=""false"""
"=""đổi số điện thoại eximbank""","=""10""","=""0""","=""5""","=""Low""","=""false"""
"=""atm eximbank rút tối đa bao nhiêu tiền""","=""10""","=""0""","=""8""","=""Low""","=""false"""
"=""atm eximbank quận 1""","=""10""","=""0""","=""4""","=""Low""","=""false"""
"=""ibanking eximbank""","=""10""","=""0""","=""2""","=""Low""","=""false"""
"=""korean eximbank""","=""10""","=""0""","=""2""","=""Low""","=""false"""
"=""mang luoi eximbank""","=""10""","=""0""","=""3""","=""Low""","=""false"""
"=""máy pos eximbank""","=""10""","=""0""","=""3""","=""High""","=""false"""
"=""cod utilizator eximbank""","=""10""","=""0""","=""3""","=""Low""","=""false"""
"=""vntopup eximbank""","=""10""","=""0""","=""2""","=""Low""","=""false"""
"=""thẻ vtop eximbank""","=""10""","=""0""","=""3""","=""Low""","=""false"""
"=""www eximbank internet banking""","=""10""","=""0""","=""4""","=""Low""","=""false"""
"=""www eximbank com online""","=""10""","=""0""","=""4""","=""Low""","=""false"""
"=""http www eximbank com vn""","=""10""","=""0""","=""5""","=""Low""","=""false"""
"=""thẻ eximbank không rút được tiền""","=""10""","=""0""","=""6""","=""Low""","=""false"""
"=""cic eximbank""","=""10""","=""0""","=""2""","=""Low""","=""false"""
"=""esale eximbank""","=""10""","=""0""","=""2""","=""Low""","=""false"""
"=""korea eximbank logo""","=""10""","=""0""","=""3""","=""Low""","=""false"""
"=""nhạc eximbank""","=""10""","=""0""","=""2""","=""Low""","=""false"""
"=""rbo eximbank là gì""","=""10""","=""0""","=""4""","=""Low""","=""false"""
"=""mã swift eximbank là gì""","=""10""","=""0""","=""5""","=""Low""","=""true"""
"=""giá usd eximbank hôm nay""","=""10""","=""0""","=""5""","=""Low""","=""false"""
"=""lãnh đạo eximbank xin từ nhiệm""","=""10""","=""0""","=""6""","=""Low""","=""false"""
"=""vụ eximbank 8 tỷ""","=""10""","=""0""","=""4""","=""Low""","=""false"""
"=""phó tổng eximbank từ nhiệm""","=""10""","=""0""","=""5""","=""Low""","=""false"""
"=""lãnh đạo eximbank từ nhiệm""","=""10""","=""0""","=""5""","=""Low""","=""false"""
"=""hotline của eximbank""","=""10""","=""0""","=""3""","=""Low""","=""false"""
"=""nganhangeximbank""","=""0""","=""0""","=""1""","=""Low""","=""false"""
"=""curs valutar eximbank azi""","=""0""","=""0""","=""4""","=""Low""","=""false"""
"=""bc eximbank sa""","=""0""","=""0""","=""3""","=""Low""","=""false"""
"=""steaua csm eximbank""","=""0""","=""0""","=""3""","=""Low""","=""false"""
"=""filiale eximbank chisinau""","=""0""","=""0""","=""3""","=""Low""","=""false"""
"=""fuziune eximbank banca romaneasca""","=""0""","=""0""","=""4""","=""Low""","=""false"""
"=""hrrecruit eximbank co tz""","=""0""","=""0""","=""4""","=""Low""","=""false"""
"=""generator iban eximbank""","=""0""","=""0""","=""3""","=""Low""","=""false"""
"=""paul ichim eximbank""","=""0""","=""0""","=""3""","=""Low""","=""false"""
"=""türk eximbank ikitelli osb şubesi""","=""0""","=""0""","=""5""","=""Low""","=""false"""
"=""türk eximbank istanbul""","=""0""","=""0""","=""3""","=""Low""","=""false"""
"=""türk eximbank izmir""","=""0""","=""0""","=""3""","=""Low""","=""false"""
"=""indonesia eximbank jakarta""","=""0""","=""0""","=""3""","=""Low""","=""false"""
"=""www eximbank ro""","=""0""","=""0""","=""3""","=""Low""","=""false"""
"=""www eximbank ro persoane fizice""","=""0""","=""0""","=""5""","=""Low""","=""false"""
"=""www eximbank md online""","=""0""","=""0""","=""4""","=""Low""","=""false"""
"=""www eximbank co tz""","=""0""","=""0""","=""4""","=""Low""","=""false"""
"=""www eximbank ro persoane juridice""","=""0""","=""0""","=""5""","=""Low""","=""false"""
"=""www eximbank md""","=""0""","=""0""","=""3""","=""Low""","=""false"""
"=""urbán zoltán eximbank""","=""0""","=""0""","=""3""","=""Low""","=""false"""
"=""abs eximbank""","=""0""","=""0""","=""2""","=""Low""","=""false"""
"=""abd eximbank""","=""0""","=""0""","=""2""","=""Low""","=""false"""
"=""african eximbank""","=""0""","=""0""","=""2""","=""Low""","=""false"""
"=""agentii eximbank bucuresti""","=""0""","=""0""","=""3""","=""Low""","=""false"""
"=""aga eximbank""","=""0""","=""0""","=""2""","=""Low""","=""false"""
"=""burcu aksoy eximbank""","=""0""","=""0""","=""3""","=""Low""","=""false"""
"=""aziz akın eximbank""","=""0""","=""0""","=""3""","=""Low""","=""false"""
"=""amber eximbank""","=""0""","=""0""","=""2""","=""Low""","=""false"""
"=""chủ tịch eximbank amc""","=""0""","=""0""","=""4""","=""Low""","=""false"""
"=""công ty eximbank amc""","=""0""","=""0""","=""4""","=""Low""","=""false"""
"=""fehmi aras eximbank""","=""0""","=""0""","=""3""","=""Low""","=""false"""
"=""adem arslan eximbank""","=""0""","=""0""","=""3""","=""Low""","=""false"""
"=""asuransi eximbank""","=""0""","=""0""","=""2""","=""Low""","=""false"""
"=""astana eximbank""","=""0""","=""0""","=""2""","=""Low""","=""false"""
"=""asian eximbank forum""","=""0""","=""0""","=""3""","=""Low""","=""false"""
"=""tevfik aslan eximbank""","=""0""","=""0""","=""3""","=""Low""","=""false"""
"=""atm eximbank quận 4""","=""0""","=""0""","=""4""","=""Low""","=""false"""
"=""australian eximbank""","=""0""","=""0""","=""2""","=""Low""","=""false"""
"=""avusturya eximbank""","=""0""","=""0""","=""2""","=""Low""","=""false"""
"=""avrupa eximbank""","=""0""","=""0""","=""2""","=""Low""","=""false"""
"=""türk eximbank avrupa yakası şubesi""","=""0""","=""0""","=""5""","=""Low""","=""false"""
"=""hande aydemir eximbank""","=""0""","=""0""","=""3""","=""Low""","=""false"""
"=""türk eximbank aydın irtibat ofisi fotoğraflar""","=""0""","=""0""","=""6""","=""Low""","=""false"""
"=""curs euro eximbank azi""","=""0""","=""0""","=""4""","=""Low""","=""false"""
"=""mi az eximbank""","=""0""","=""0""","=""3""","=""Low""","=""false"""
"=""kié az eximbank""","=""0""","=""0""","=""3""","=""Low""","=""false"""
"=""bc eximbank""","=""0""","=""0""","=""2""","=""Low""","=""false"""
"=""bestjobs eximbank""","=""0""","=""0""","=""2""","=""Low""","=""false"""
"=""indonesia eximbank bergerak di bidang apa""","=""0""","=""0""","=""6""","=""Low""","=""false"""
"=""lịch bloc eximbank 2026""","=""0""","=""0""","=""4""","=""Low""","=""false"""
"=""lịch bloc eximbank""","=""0""","=""0""","=""3""","=""Low""","=""false"""
"=""bpm eximbank com vn""","=""0""","=""0""","=""4""","=""Low""","=""false"""
"=""bpm eximbank""","=""0""","=""0""","=""2""","=""Low""","=""false"""
"=""curs bnr eximbank""","=""0""","=""0""","=""3""","=""Low""","=""false"""
"=""bic code eximbank""","=""0""","=""0""","=""3""","=""Low""","=""false"""
"=""program eximbank brasov""","=""0""","=""0""","=""3""","=""Low""","=""false"""
"=""program eximbank braila""","=""0""","=""0""","=""3""","=""Low""","=""false"""
"=""komodoin by eximbank""","=""0""","=""0""","=""3""","=""Low""","=""false"""
"=""cdm eximbank""","=""0""","=""0""","=""2""","=""Low""","=""false"""
"=""cdp eximbank""","=""0""","=""0""","=""2""","=""Low""","=""false"""
"=""cic eximbank com vn""","=""0""","=""0""","=""4""","=""Low""","=""false"""
"=""cifga eximbank""","=""0""","=""0""","=""2""","=""Low""","=""false"""
"=""cladirea eximbank""","=""0""","=""0""","=""2""","=""Low""","=""false"""
"=""cladirea eximbank bucuresti""","=""0""","=""0""","=""3""","=""Low""","=""false"""
"=""program eximbank cluj""","=""0""","=""0""","=""3""","=""Low""","=""false"""
"=""cms eximbank""","=""0""","=""0""","=""2""","=""Low""","=""false"""
"=""login cms eximbank com vn""","=""0""","=""0""","=""5""","=""Low""","=""false"""
"=""giá cp eximbank""","=""0""","=""0""","=""3""","=""Low""","=""false"""
"=""cpne eximbank""","=""0""","=""0""","=""2""","=""Low""","=""false"""
"=""cty eximbank""","=""0""","=""0""","=""2""","=""Low""","=""false"""
"=""cso eximbank là gì""","=""0""","=""0""","=""4""","=""Low""","=""false"""
"=""csv eximbank""","=""0""","=""0""","=""2""","=""Low""","=""false"""
"=""số cskh eximbank""","=""0""","=""0""","=""3""","=""Low""","=""false"""
"=""cvs eximbank""","=""0""","=""0""","=""2""","=""Low""","=""false"""
"=""https cvs eximbank com vn""","=""0""","=""0""","=""5""","=""Low""","=""false"""
"=""mẫu cv eximbank 2025""","=""0""","=""0""","=""4""","=""Low""","=""false"""
"=""mẫu cv eximbank 2026""","=""0""","=""0""","=""4""","=""Low""","=""false"""
"=""daotao eximbank""","=""0""","=""0""","=""2""","=""Low""","=""false"""
"=""dcs eximbank""","=""0""","=""0""","=""2""","=""Low""","=""false"""
"=""denizli eximbank""","=""0""","=""0""","=""2""","=""Low""","=""false"""
"=""https corporate eximbank dj com""","=""0""","=""0""","=""5""","=""Low""","=""false"""
"=""drama eximbank""","=""0""","=""0""","=""2""","=""Low""","=""false"""
"=""https eximbank dttt""","=""0""","=""0""","=""3""","=""Low""","=""false"""
"=""dung eximbank""","=""0""","=""0""","=""2""","=""Low""","=""false"""
"=""dvkh eximbank""","=""0""","=""0""","=""2""","=""Low""","=""false"""
"=""dvkh eximbank com vn""","=""0""","=""0""","=""4""","=""Low""","=""false"""
"=""efkan eximbank""","=""0""","=""0""","=""2""","=""Low""","=""false"""
"=""eform eximbank com vn""","=""0""","=""0""","=""4""","=""Low""","=""false"""
"=""türk eximbank ege bölge müdürlüğü yorumlar""","=""0""","=""0""","=""6""","=""Low""","=""false"""
"=""türk eximbank ege bölge müdürlüğü fotoğraflar""","=""0""","=""0""","=""6""","=""Low""","=""false"""
"=""ecm eximbank""","=""0""","=""0""","=""2""","=""Low""","=""false"""
"=""economedia eximbank""","=""0""","=""0""","=""2""","=""Low""","=""false"""
"=""ecorporate eximbank co tz""","=""0""","=""0""","=""4""","=""Low""","=""false"""
"=""cont economii eximbank""","=""0""","=""0""","=""3""","=""Low""","=""false"""
"=""türk eximbank ekşi""","=""0""","=""0""","=""3""","=""Low""","=""false"""
"=""euro eximbank ekşi""","=""0""","=""0""","=""3""","=""Low""","=""false"""
"=""elearning eximbank com vn""","=""0""","=""0""","=""4""","=""Low""","=""false"""
"=""eoffice eximbank com vn""","=""0""","=""0""","=""4""","=""Low""","=""false"""
"=""digital eoffice eximbank""","=""0""","=""0""","=""3""","=""Low""","=""false"""
"=""https eoffice eximbank com vn""","=""0""","=""0""","=""5""","=""Low""","=""false"""
"=""mustafa erdoğan eximbank""","=""0""","=""0""","=""3""","=""Low""","=""false"""
"=""fatih er eximbank""","=""0""","=""0""","=""3""","=""Low""","=""false"""
"=""özden erdem eximbank""","=""0""","=""0""","=""3""","=""Low""","=""false"""
"=""selin erdoğan eximbank""","=""0""","=""0""","=""3""","=""Low""","=""false"""
"=""esube eximbank gov tr""","=""0""","=""0""","=""4""","=""Low""","=""false"""
"=""que es eximbank""","=""0""","=""0""","=""3""","=""Low""","=""false"""
"=""fehmi eximbank""","=""0""","=""0""","=""2""","=""Low""","=""false"""
"=""filiala 11 eximbank""","=""0""","=""0""","=""3""","=""Low""","=""false"""
"=""dan florescu eximbank""","=""0""","=""0""","=""3""","=""Low""","=""false"""
"=""ftp eximbank""","=""0""","=""0""","=""2""","=""Low""","=""false"""
"=""garanti eximbank""","=""0""","=""0""","=""2""","=""Low""","=""false"""
"=""gdv eximbank""","=""0""","=""0""","=""2""","=""Low""","=""false"""
"=""lương gdv eximbank""","=""0""","=""0""","=""3""","=""Low""","=""false"""
"=""ghana eximbank photos""","=""0""","=""0""","=""3""","=""Low""","=""false"""
"=""germany eximbank""","=""0""","=""0""","=""2""","=""Low""","=""false"""
"=""indonesia eximbank glassdoor""","=""0""","=""0""","=""3""","=""Low""","=""false"""
"=""ali guney eximbank""","=""0""","=""0""","=""3""","=""Low""","=""false"""
"=""hddt eximbank""","=""0""","=""0""","=""2""","=""Low""","=""false"""
"=""trụ sở eximbank hcm""","=""0""","=""0""","=""4""","=""Low""","=""false"""
"=""hệ thống eximbank hcm""","=""0""","=""0""","=""4""","=""Low""","=""false"""
"=""huỷ eximbank""","=""0""","=""0""","=""2""","=""Low""","=""false"""
"=""hris eximbank com vn""","=""0""","=""0""","=""4""","=""Low""","=""false"""
"=""https eximbank com vn tuyển dụng""","=""0""","=""0""","=""6""","=""Low""","=""false"""
"=""ib eximbank ro""","=""0""","=""0""","=""3""","=""Low""","=""false"""
"=""ib eximbank romania""","=""0""","=""0""","=""3""","=""Low""","=""false"""
"=""cod iban eximbank""","=""0""","=""0""","=""3""","=""Low""","=""false"""
"=""suport ib eximbank ro""","=""0""","=""0""","=""4""","=""Low""","=""false"""
"=""indonesia eximbank icbc indonesia strategic collaboration""","=""0""","=""0""","=""6""","=""Low""","=""false"""
"=""program eximbank iasi""","=""0""","=""0""","=""3""","=""Low""","=""false"""
"=""simona iacob eximbank""","=""0""","=""0""","=""3""","=""Low""","=""false"""
"=""türk eximbank ikitelli osb şubesi fotoğraflar""","=""0""","=""0""","=""6""","=""Low""","=""false"""
"=""alina iordache eximbank""","=""0""","=""0""","=""3""","=""Low""","=""false"""
"=""it helpdesk eximbank""","=""0""","=""0""","=""3""","=""Low""","=""false"""
"=""indonesia eximbank head office senayan""","=""0""","=""0""","=""5""","=""Low""","=""false"""
"=""isviçre eximbank""","=""0""","=""0""","=""2""","=""Low""","=""false"""
"=""japan eximbank""","=""0""","=""0""","=""2""","=""Low""","=""false"""
"=""alamat indonesia eximbank jakarta""","=""0""","=""0""","=""4""","=""Low""","=""false"""
"=""itsm eximbank com vn""","=""0""","=""0""","=""4""","=""Low""","=""false"""
"=""indonesia eximbank itu apa""","=""0""","=""0""","=""4""","=""Low""","=""false"""
"=""italya eximbank""","=""0""","=""0""","=""2""","=""Low""","=""false"""
"=""indonesia eximbank jobstreet""","=""0""","=""0""","=""3""","=""Low""","=""false"""
"=""jscb eximbank""","=""0""","=""0""","=""2""","=""Low""","=""false"""
"=""jscb eximbank moldova""","=""0""","=""0""","=""3""","=""Low""","=""false"""
"=""korea eximbank kexim""","=""0""","=""0""","=""3""","=""Low""","=""false"""
"=""bank key eximbank""","=""0""","=""0""","=""3""","=""Low""","=""false"""
"=""türk eximbank kep adresi""","=""0""","=""0""","=""4""","=""Low""","=""false"""
"=""laporan keuangan eximbank""","=""0""","=""0""","=""3""","=""Low""","=""false"""
"=""salih keser eximbank""","=""0""","=""0""","=""3""","=""Low""","=""false"""
"=""myexim eximbank km""","=""0""","=""0""","=""3""","=""Low""","=""false"""
"=""indonesia eximbank lpei""","=""0""","=""0""","=""3""","=""Low""","=""false"""
"=""bancomat eximbank lugoj""","=""0""","=""0""","=""3""","=""Low""","=""false"""
"=""rabota md eximbank""","=""0""","=""0""","=""3""","=""Low""","=""false"""
"=""quên mk eximbank""","=""0""","=""0""","=""3""","=""Low""","=""false"""
"=""msig eximbank""","=""0""","=""0""","=""2""","=""Low""","=""false"""
"=""my eximbank""","=""0""","=""0""","=""2""","=""Low""","=""false"""
"=""nh eximbank hoi so""","=""0""","=""0""","=""4""","=""Low""","=""false"""
"=""npwp eximbank""","=""0""","=""0""","=""2""","=""Low""","=""false"""
"=""indonesia eximbank npl""","=""0""","=""0""","=""3""","=""Low""","=""false"""
"=""indonesia eximbank npwp""","=""0""","=""0""","=""3""","=""Low""","=""false"""
"=""routing number eximbank""","=""0""","=""0""","=""3""","=""Low""","=""false"""
"=""tỷ giá eximbank nz""","=""0""","=""0""","=""4""","=""Low""","=""false"""
"=""obligasi eximbank""","=""0""","=""0""","=""2""","=""Low""","=""false"""
"=""dobanzi depozite eximbank octombrie 2025""","=""0""","=""0""","=""5""","=""Low""","=""false"""
"=""erdem okur eximbank""","=""0""","=""0""","=""3""","=""Low""","=""false"""
"=""nail olpak eximbank""","=""0""","=""0""","=""3""","=""Low""","=""false"""
"=""türk eximbank odakule""","=""0""","=""0""","=""3""","=""Low""","=""false"""
"=""ojsc eximbank""","=""0""","=""0""","=""2""","=""Low""","=""false"""
"=""ott eximbank là gì""","=""0""","=""0""","=""4""","=""Low""","=""false"""
"=""voice ott eximbank""","=""0""","=""0""","=""3""","=""Low""","=""false"""
"=""smart otp eximbank bị khoá""","=""0""","=""0""","=""5""","=""Low""","=""false"""
"=""phí ott eximbank""","=""0""","=""0""","=""3""","=""Low""","=""false"""
"=""turk eximbank ownership""","=""0""","=""0""","=""3""","=""Low""","=""false"""
"=""indonesia eximbank ownership""","=""0""","=""0""","=""3""","=""Low""","=""false"""
"=""who owns eximbank""","=""0""","=""0""","=""3""","=""Low""","=""false"""
"=""overdraft eximbank""","=""0""","=""0""","=""2""","=""Low""","=""false"""
"=""korea eximbank overseas economic research institute""","=""0""","=""0""","=""6""","=""Low""","=""false"""
"=""outlook eximbank com vn""","=""0""","=""0""","=""4""","=""Low""","=""false"""
"=""mail outlook eximbank""","=""0""","=""0""","=""3""","=""Low""","=""false"""
"=""mã pin eximbank""","=""0""","=""0""","=""3""","=""Low""","=""false"""
"=""program eximbank pitesti""","=""0""","=""0""","=""3""","=""Low""","=""false"""
"=""catalin pirvu eximbank""","=""0""","=""0""","=""3""","=""Low""","=""false"""
"=""logo indonesia eximbank png""","=""0""","=""0""","=""4""","=""Low""","=""false"""
"=""nina puiu eximbank""","=""0""","=""0""","=""3""","=""Low""","=""false"""
"=""cristi puiu eximbank""","=""0""","=""0""","=""3""","=""Low""","=""false"""
"=""kantor pusat eximbank""","=""0""","=""0""","=""3""","=""Low""","=""false"""
"=""pt eximbank""","=""0""","=""0""","=""2""","=""Low""","=""false"""
"=""pt eximbank indonesia""","=""0""","=""0""","=""3""","=""Low""","=""false"""
"=""nama pt eximbank""","=""0""","=""0""","=""3""","=""Low""","=""false"""
"=""rbo eximbank""","=""0""","=""0""","=""2""","=""Low""","=""false"""
"=""rm eximbank""","=""0""","=""0""","=""2""","=""Low""","=""false"""
"=""rpa eximbank""","=""0""","=""0""","=""2""","=""Low""","=""false"""
"=""scandalul eximbank""","=""0""","=""0""","=""2""","=""Low""","=""false"""
"=""curs schimb eximbank""","=""0""","=""0""","=""3""","=""Low""","=""false"""
"=""đổi sdt eximbank""","=""0""","=""0""","=""3""","=""Low""","=""false"""
"=""sla eximbank com vn""","=""0""","=""0""","=""4""","=""Low""","=""false"""
"=""sla eximbank""","=""0""","=""0""","=""2""","=""Low""","=""false"""
"=""giá sjc eximbank""","=""0""","=""0""","=""3""","=""Low""","=""false"""
"=""vàng sjc eximbank""","=""0""","=""0""","=""3""","=""Low""","=""false"""
"=""snoop eximbank""","=""0""","=""0""","=""2""","=""Low""","=""false"""
"=""sm eximbank""","=""0""","=""0""","=""2""","=""Low""","=""false"""
"=""swift eximbank romania""","=""0""","=""0""","=""3""","=""Low""","=""false"""
"=""swift eximbank moldova""","=""0""","=""0""","=""3""","=""Low""","=""false"""
"=""indonesia eximbank syndicated loan""","=""0""","=""0""","=""4""","=""Low""","=""false"""
"=""thẻ td eximbank""","=""0""","=""0""","=""3""","=""Low""","=""false"""
"=""http tflr eximbank com tw""","=""0""","=""0""","=""5""","=""Low""","=""false"""
"=""https tf1r eximbank com tw""","=""0""","=""0""","=""5""","=""Low""","=""false"""
"=""tc eximbank""","=""0""","=""0""","=""2""","=""Low""","=""false"""
"=""tgđ eximbank""","=""0""","=""0""","=""2""","=""Low""","=""false"""
"=""tg eximbank""","=""0""","=""0""","=""2""","=""Low""","=""false"""
"=""quyền tgđ eximbank""","=""0""","=""0""","=""3""","=""Low""","=""false"""
"=""program eximbank tg mures""","=""0""","=""0""","=""4""","=""Low""","=""false"""
"=""tk eximbank""","=""0""","=""0""","=""2""","=""Low""","=""false"""
"=""mở tk eximbank""","=""0""","=""0""","=""3""","=""Low""","=""false"""
"=""huỷ tk eximbank""","=""0""","=""0""","=""3""","=""Low""","=""false"""
"=""tạo tk eximbank""","=""0""","=""0""","=""3""","=""Low""","=""false"""
"=""đóng tk eximbank""","=""0""","=""0""","=""3""","=""Low""","=""false"""
"=""xoá tk eximbank""","=""0""","=""0""","=""3""","=""Low""","=""false"""
"=""tmcp eximbank""","=""0""","=""0""","=""2""","=""Low""","=""false"""
"=""nh tmcp eximbank""","=""0""","=""0""","=""3""","=""Low""","=""false"""
"=""địa chỉ eximbank tphcm""","=""0""","=""0""","=""4""","=""Low""","=""false"""
"=""türk eximbank tsrs""","=""0""","=""0""","=""3""","=""Low""","=""false"""
"=""ty eximbank""","=""0""","=""0""","=""2""","=""Low""","=""false"""
"=""cvs uat eximbank com vn""","=""0""","=""0""","=""5""","=""Low""","=""false"""
"=""https corporate eximbank ug com""","=""0""","=""0""","=""5""","=""Low""","=""false"""
"=""ukr eximbank""","=""0""","=""0""","=""2""","=""Low""","=""false"""
"=""học bổng eximbank ueh 2025""","=""0""","=""0""","=""5""","=""Low""","=""false"""
"=""học bổng eximbank ueh 2024""","=""0""","=""0""","=""5""","=""Low""","=""false"""
"=""đổi usd eximbank""","=""0""","=""0""","=""3""","=""Low""","=""false"""
"=""utilizator eximbank""","=""0""","=""0""","=""2""","=""Low""","=""false"""
"=""id utilizator eximbank""","=""0""","=""0""","=""3""","=""Low""","=""false"""
"=""korea eximbank uzbekistan""","=""0""","=""0""","=""3""","=""Low""","=""false"""
"=""türk eximbank uzman yardımcısı""","=""0""","=""0""","=""4""","=""Low""","=""false"""
"=""bayram uzun eximbank""","=""0""","=""0""","=""3""","=""Low""","=""false"""
"=""vdi eximbank com vn""","=""0""","=""0""","=""4""","=""Low""","=""false"""
"=""türk eximbank vkn""","=""0""","=""0""","=""3""","=""Low""","=""false"""
"=""vntopup eximbank là gì""","=""0""","=""0""","=""4""","=""Low""","=""false"""
"=""vp eximbank""","=""0""","=""0""","=""2""","=""Low""","=""false"""
"=""corina vulpes eximbank""","=""0""","=""0""","=""3""","=""Low""","=""false"""
"=""dwi wahyudi eximbank""","=""0""","=""0""","=""3""","=""Low""","=""false"""
"=""ryan wahyudi eximbank""","=""0""","=""0""","=""3""","=""Low""","=""false"""
"=""pass wifi eximbank""","=""0""","=""0""","=""3""","=""Low""","=""false"""
"=""indonesia eximbank wikipedia""","=""0""","=""0""","=""3""","=""Low""","=""false"""
"=""turk eximbank wikipedia""","=""0""","=""0""","=""3""","=""Low""","=""false"""
"=""wahyu wibowo eximbank""","=""0""","=""0""","=""3""","=""Low""","=""false"""
"=""mastercard world eximbank""","=""0""","=""0""","=""3""","=""Low""","=""false"""
"=""www eximbank com online apply""","=""0""","=""0""","=""5""","=""Low""","=""false"""
"=""màu xanh eximbank""","=""0""","=""0""","=""3""","=""Low""","=""false"""
"=""xhtd eximbank""","=""0""","=""0""","=""2""","=""Low""","=""false"""
"=""taner yavuz eximbank""","=""0""","=""0""","=""3""","=""Low""","=""false"""
"=""türk eximbank yorumlar""","=""0""","=""0""","=""3""","=""Low""","=""false"""
"=""kiss zalán eximbank""","=""0""","=""0""","=""3""","=""Low""","=""false"""
"=""murat zaman eximbank""","=""0""","=""0""","=""3""","=""Low""","=""false"""
"=""zhaopin eximbank gov cn""","=""0""","=""0""","=""4""","=""Low""","=""false"""
"=""cég neve eximbank zrt""","=""0""","=""0""","=""4""","=""Low""","=""false"""
"=""8149 eximbank""","=""0""","=""0""","=""2""","=""Low""","=""false"""
"=""tại sao eximbank""","=""0""","=""0""","=""3""","=""Low""","=""false"""
"=""tại sao thẻ eximbank không rút được tiền""","=""0""","=""0""","=""8""","=""Low""","=""false"""
"=""hđqt eximbank từ nhiệm""","=""0""","=""0""","=""4""","=""Low""","=""false"""
"=""chủ tịch eximbank từ nhiệm""","=""0""","=""0""","=""5""","=""Low""","=""false"""
"=""app của eximbank""","=""0""","=""0""","=""3""","=""Low""","=""false"""
"=""slogan của eximbank""","=""0""","=""0""","=""3""","=""Low""","=""false"""
"=""đăng nhập eximbank trên web""","=""0""","=""0""","=""5""","=""Low""","=""false"""
"=""tải app eximbank trên điện thoại""","=""0""","=""0""","=""6""","=""Low""","=""false"""
"=""khoá thẻ eximbank trên app""","=""0""","=""0""","=""5""","=""Low""","=""false"""
"=""đăng nhập eximbank trên máy tính""","=""0""","=""0""","=""6""","=""Low""","=""false"""
"=""mô tả eximbank trong 3 từ""","=""0""","=""0""","=""6""","=""Low""","=""false"""
"=""ngan hang eib""","=""9900""","=""0""","=""3""","=""Low""","=""false"""
"=""ngan hang exim""","=""9900""","=""0""","=""3""","=""Low""","=""false"""
"=""ngan hàng exim""","=""9900""","=""0""","=""3""","=""Low""","=""false"""
"=""eib cafef""","=""720""","=""0""","=""2""","=""Low""","=""false"""
"=""ngan hang exim bank""","=""480""","=""0""","=""4""","=""Low""","=""false"""
"=""ngan hang ex""","=""30""","=""0""","=""3""","=""Low""","=""false"""
"=""chi nhánh ngân hàng smbc""","=""10""","=""0""","=""5""","=""Low""","=""false"""
"=""exim bank bd""","=""10""","=""0""","=""3""","=""Low""","=""false"""
"=""exim bank full form""","=""10""","=""0""","=""4""","=""Low""","=""false"""
"=""exim bank contact number""","=""10""","=""0""","=""4""","=""Low""","=""false"""
"=""exim bank plc""","=""10""","=""0""","=""3""","=""Low""","=""false"""
"=""exim bank aiser""","=""0""","=""0""","=""3""","=""Low""","=""false"""
"=""exim bank europe""","=""0""","=""0""","=""3""","=""Low""","=""false"""
"=""exim bank jamaica""","=""0""","=""0""","=""3""","=""Low""","=""false"""
"=""asian exim bank""","=""0""","=""0""","=""3""","=""Low""","=""false"""
"=""exim bank foreign exchange""","=""0""","=""0""","=""4""","=""Low""","=""false"""
"=""exim bank for eign ex change al lo ca tion list""","=""0""","=""0""","=""11""","=""Low""","=""false"""
"=""ghana exim bank ceo""","=""0""","=""0""","=""4""","=""Low""","=""false"""
"=""ghana exim bank reviews""","=""0""","=""0""","=""4""","=""Low""","=""false"""
"=""ghana exim bank liberia road accra""","=""0""","=""0""","=""6""","=""Low""","=""false"""
"=""exi̇mbank hisse""","=""0""","=""0""","=""2""","=""Low""","=""false"""
"=""exi̇mbank hesaplama""","=""0""","=""0""","=""2""","=""Low""","=""false"""
"=""exim bank sector 4""","=""0""","=""0""","=""4""","=""Low""","=""false"""
