Keyword,Volume,CPC,Word count,PPC Competition,Trending
"=""ngân hàng""","=""246000""","=""0.34""","=""2""","=""Low""","=""false"""
"=""ngân hàng viettin""","=""74000""","=""0.36""","=""3""","=""Low""","=""false"""
"=""ngân hàng tcb""","=""49500""","=""0.42""","=""3""","=""Low""","=""false"""
"=""ngân hàng vpb""","=""40500""","=""0.35""","=""3""","=""Low""","=""true"""
"=""ngân hàng mb bank""","=""22200""","=""0.29""","=""4""","=""Low""","=""false"""
"=""ngân hàng thương mại cổ phần kỹ thương việt nam""","=""22200""","=""0.46""","=""10""","=""Low""","=""false"""
"=""ngân hàng tp bank""","=""18100""","=""0.43""","=""4""","=""Low""","=""false"""
"=""ngân hàng công thương""","=""18100""","=""0.26""","=""4""","=""Low""","=""false"""
"=""ngan hang nha nuoc""","=""12100""","=""0.01""","=""4""","=""Low""","=""false"""
"=""ngân hàng nhà nước""","=""12100""","=""0.01""","=""4""","=""Low""","=""false"""
"=""ngân hàng eib""","=""9900""","=""0""","=""3""","=""Low""","=""false"""
"=""ngân hàng tmcp ngoại thương việt nam""","=""9900""","=""0.69""","=""7""","=""Low""","=""true"""
"=""ngân hàng tiên phong""","=""8100""","=""0.57""","=""4""","=""Low""","=""false"""
"=""ngân hàng tmcp sài gòn hà nội""","=""8100""","=""0""","=""7""","=""Low""","=""false"""
"=""ngân hàng công thương việt nam""","=""6600""","=""0.55""","=""6""","=""Low""","=""false"""
"=""ngân hàng ngoại thương""","=""6600""","=""0.69""","=""4""","=""Low""","=""false"""
"=""ngân hàng mb quân đội""","=""5400""","=""0.21""","=""5""","=""Low""","=""false"""
"=""ngân hàng timo""","=""5400""","=""1.45""","=""3""","=""Low""","=""false"""
"=""ngân hàng thương mại cổ phần tiên phong""","=""5400""","=""0.8""","=""8""","=""Low""","=""false"""
"=""ngân hàng ngoại thương vietcombank""","=""5400""","=""0""","=""5""","=""Low""","=""false"""
"=""ngân hàng sài gòn thương tín""","=""5400""","=""0.47""","=""6""","=""Low""","=""false"""
"=""ngân hàng shinhan bank""","=""4400""","=""0.26""","=""4""","=""Low""","=""false"""
"=""ngân hàng nông nghiệp""","=""4400""","=""0""","=""4""","=""Low""","=""false"""
"=""ngân hàng ngoại thương việt nam""","=""4400""","=""0.49""","=""6""","=""Low""","=""false"""
"=""ngân hàng tmcp an bình""","=""4400""","=""0""","=""5""","=""Low""","=""false"""
"=""ngân hàng kỹ thương""","=""3600""","=""0.39""","=""4""","=""Low""","=""false"""
"=""ngân hàng tmcp kỹ thương việt nam""","=""3600""","=""0.36""","=""7""","=""Low""","=""false"""
"=""ngân hàng quốc dân""","=""3600""","=""0.61""","=""4""","=""Low""","=""false"""
"=""ngân hàng thương mại cổ phần sài gòn hà nội""","=""3600""","=""0""","=""10""","=""Low""","=""false"""
"=""ngân hàng tmcp""","=""3600""","=""0.55""","=""3""","=""Low""","=""false"""
"=""ngân hàng tuyển dụng""","=""2900""","=""0.06""","=""4""","=""Low""","=""false"""
"=""ngân hàng quốc tế""","=""2900""","=""0.51""","=""4""","=""Low""","=""false"""
"=""ngân hàng phương đông""","=""2900""","=""1.43""","=""4""","=""Low""","=""false"""
"=""ngân hàng woori bank""","=""2900""","=""0.33""","=""4""","=""Low""","=""false"""
"=""ngân hàng số timo""","=""2900""","=""1.46""","=""4""","=""Low""","=""false"""
"=""ngân hàng quân đội mb""","=""2900""","=""0.16""","=""5""","=""Low""","=""false"""
"=""ngân hàng standard chartered""","=""2900""","=""0.03""","=""4""","=""Low""","=""true"""
"=""ngân hàng bưu điện liên việt""","=""2900""","=""0""","=""6""","=""Low""","=""false"""
"=""ngân hàng thương mại cổ phần quân đội""","=""2900""","=""0.53""","=""8""","=""Low""","=""false"""
"=""ngân hàng á châu acb""","=""2900""","=""0.55""","=""5""","=""Low""","=""true"""
"=""ngan hang""","=""2400""","=""0.42""","=""2""","=""Low""","=""false"""
"=""ngân hàng nam á bank""","=""2400""","=""0.89""","=""5""","=""Low""","=""false"""
"=""ngân hàng thương mại""","=""2400""","=""1.06""","=""4""","=""Low""","=""false"""
"=""ngân hàng tiên phong bank""","=""1900""","=""0.32""","=""5""","=""Low""","=""true"""
"=""ngân hàng kỹ thương việt nam""","=""1900""","=""0.24""","=""6""","=""Low""","=""true"""
"=""ngân hàng tmcp hàng hải việt nam""","=""1900""","=""0.41""","=""7""","=""Low""","=""true"""
"=""ngân hàng tmcp phương đông""","=""1900""","=""0""","=""5""","=""Low""","=""false"""
"=""ngân hàng tmcp tiên phong""","=""1900""","=""0.65""","=""5""","=""Low""","=""true"""
"=""ngân hàng số""","=""1600""","=""1.15""","=""3""","=""Low""","=""false"""
"=""ngân hàng acb online""","=""1600""","=""0.65""","=""4""","=""Low""","=""false"""
"=""ngân hàng thương mại cổ phần sài gòn""","=""1600""","=""0.69""","=""8""","=""Low""","=""false"""
"=""ngan hang acb online""","=""1600""","=""0.65""","=""4""","=""Low""","=""false"""
"=""ngân hàng bắc á bank""","=""1600""","=""0.41""","=""5""","=""Low""","=""true"""
"=""ngân hàng thương mại cổ phần phương đông""","=""1600""","=""0.49""","=""8""","=""Low""","=""false"""
"=""ngân hàng quân đội mb bank""","=""1300""","=""0.17""","=""6""","=""Low""","=""false"""
"=""ngân hàng sài gòn công thương""","=""1300""","=""1.36""","=""6""","=""Low""","=""true"""
"=""ngân hàng sài gòn hà nội""","=""1300""","=""0""","=""6""","=""Low""","=""true"""
"=""ngân hàng đầu tư và phát triển""","=""1300""","=""0.35""","=""7""","=""Low""","=""false"""
"=""ngan hang tmcp cong thuong""","=""1000""","=""0""","=""5""","=""Low""","=""false"""
"=""ngân hàng cimb""","=""1000""","=""0.53""","=""3""","=""Low""","=""false"""
"=""ngân hàng kiên long bank""","=""1000""","=""0.74""","=""5""","=""Low""","=""true"""
"=""ngân hàng thương mại cổ phần""","=""1000""","=""0.91""","=""6""","=""Low""","=""false"""
"=""ngân hàng thương mại cổ phần an bình""","=""1000""","=""0""","=""8""","=""Low""","=""false"""
"=""ngân hàng thương tín""","=""1000""","=""0.79""","=""4""","=""Low""","=""false"""
"=""ngân hàng tnex""","=""880""","=""0.74""","=""3""","=""Low""","=""false"""
"=""ngân hàng bưu điện""","=""880""","=""0""","=""4""","=""Low""","=""true"""
"=""ngân hàng liên việt post bank""","=""880""","=""0.01""","=""6""","=""Low""","=""true"""
"=""ngân hàng phát triển""","=""880""","=""0""","=""4""","=""Low""","=""false"""
"=""ngân hàng sài gòn bank""","=""880""","=""0""","=""5""","=""Low""","=""false"""
"=""ngân hàng thương mại cổ phần công thương""","=""880""","=""0""","=""8""","=""Low""","=""false"""
"=""ngân hàng thương mại cổ phần ngoại thương""","=""880""","=""0.92""","=""8""","=""Low""","=""false"""
"=""ngân hàng tmcp ngoại thương""","=""880""","=""0""","=""5""","=""Low""","=""false"""
"=""ngân hàng tmcp quốc dân""","=""880""","=""0.52""","=""5""","=""Low""","=""true"""
"=""ngân hàng việt nam thịnh vượng vpbank""","=""880""","=""0.31""","=""7""","=""Low""","=""false"""
"=""ngan hang dien tu sacombank""","=""720""","=""0""","=""5""","=""Low""","=""false"""
"=""ngân hàng bưu điện liên việt có an toàn không""","=""720""","=""0""","=""10""","=""Low""","=""false"""
"=""ngân hàng liên doanh việt nga""","=""720""","=""0""","=""6""","=""Low""","=""false"""
"=""ngân hàng sài gòn""","=""720""","=""0""","=""4""","=""Low""","=""false"""
"=""ngân hàng đông á bank""","=""720""","=""0""","=""5""","=""Low""","=""false"""
"=""ngân hàng lotte""","=""590""","=""3""","=""3""","=""Low""","=""false"""
"=""ngan hang ngoai thuong""","=""590""","=""0""","=""4""","=""Low""","=""false"""
"=""ngân hàng shb có an toàn không""","=""590""","=""0""","=""7""","=""Low""","=""true"""
"=""ngân hàng tech""","=""590""","=""0.41""","=""3""","=""Low""","=""true"""
"=""ngân hàng tiền phong""","=""590""","=""0.47""","=""4""","=""Low""","=""false"""
"=""ngân hàng tmcp bản việt""","=""590""","=""0.26""","=""5""","=""Low""","=""false"""
"=""ngân hàng tmcp sài gòn công thương""","=""590""","=""0""","=""7""","=""Low""","=""true"""
"=""ngân hàng vcb digibank""","=""590""","=""0.42""","=""4""","=""Low""","=""false"""
"=""ngân hàng việt bank""","=""590""","=""0""","=""4""","=""Low""","=""false"""
"=""ngân hàng việt á bank""","=""590""","=""0""","=""5""","=""Low""","=""false"""
"=""ngân hàng kbank""","=""480""","=""0.48""","=""3""","=""Low""","=""false"""
"=""ngân hàng cb bank""","=""480""","=""0""","=""4""","=""Low""","=""false"""
"=""ngân hàng hàng hải msb""","=""480""","=""0.21""","=""5""","=""Low""","=""true"""
"=""ngân hàng shb đà nẵng""","=""480""","=""0""","=""5""","=""Low""","=""false"""
"=""ngân hàng stb""","=""480""","=""0""","=""3""","=""Low""","=""false"""
"=""ngân hàng thương mại cổ phần sài gòn công thương""","=""480""","=""0""","=""10""","=""Low""","=""false"""
"=""ngân hàng tmcp quốc tế""","=""480""","=""0.98""","=""5""","=""Low""","=""true"""
"=""ngân hàng đại dương""","=""480""","=""0""","=""4""","=""Low""","=""false"""
"=""ngân hàng nhà nước tuyển dụng""","=""390""","=""0""","=""6""","=""Low""","=""false"""
"=""ngân hàng nào của nhà nước""","=""390""","=""0""","=""6""","=""Low""","=""true"""
"=""ngân hàng tmcp hàng hải""","=""390""","=""0""","=""5""","=""Low""","=""false"""
"=""ngân hàng vrb""","=""390""","=""0""","=""3""","=""Low""","=""true"""
"=""ngân hàng vtb""","=""390""","=""0""","=""3""","=""Low""","=""false"""
"=""ngân hàng xuất nhập khẩu""","=""390""","=""0""","=""5""","=""Low""","=""false"""
"=""ngân hàng đầu tư phát triển""","=""390""","=""0""","=""6""","=""Low""","=""false"""
"=""ngân hàng cho vay""","=""320""","=""0.98""","=""4""","=""Medium""","=""false"""
"=""ngân hàng hong leong""","=""320""","=""0""","=""4""","=""Low""","=""false"""
"=""ngân hàng sinopac""","=""320""","=""0""","=""3""","=""Low""","=""false"""
"=""ngân hàng tài chính""","=""260""","=""1.02""","=""4""","=""Low""","=""false"""
"=""ngân hàng cb""","=""260""","=""0""","=""3""","=""Low""","=""false"""
"=""ngân hàng mufg""","=""260""","=""0""","=""3""","=""Low""","=""false"""
"=""ngân hàng scb sacombank""","=""260""","=""0""","=""4""","=""Low""","=""false"""
"=""ngân hàng tmcp bưu điện liên việt""","=""260""","=""0""","=""7""","=""Low""","=""false"""
"=""ngân hàng điện tử sacombank""","=""260""","=""0""","=""5""","=""Low""","=""false"""
"=""ngân hàng lãi suất cao""","=""210""","=""0.25""","=""5""","=""Low""","=""false"""
"=""ngân hàng điện tử""","=""210""","=""0.56""","=""4""","=""Low""","=""false"""
"=""ngân hàng acb tuyển dụng""","=""210""","=""0.13""","=""5""","=""Low""","=""false"""
"=""ngân hàng ubank""","=""210""","=""0.45""","=""3""","=""Low""","=""false"""
"=""ngân hàng thuộc nhà nước""","=""170""","=""0""","=""5""","=""Low""","=""false"""
"=""ngân hàng điện lực""","=""140""","=""0.64""","=""4""","=""Low""","=""false"""
"=""ngân hàng thương mại cổ phần bưu điện liên việt""","=""140""","=""0""","=""10""","=""Low""","=""true"""
"=""ngân hàng viettelpay""","=""140""","=""0""","=""3""","=""Low""","=""false"""
"=""ngân hàng bắc á lãi suất""","=""110""","=""0""","=""6""","=""Low""","=""false"""
"=""ngân hàng scb hôm nay""","=""110""","=""0""","=""5""","=""Low""","=""false"""
"=""ngân hàng điện tử techcombank""","=""110""","=""0.38""","=""5""","=""Low""","=""false"""
"=""ngân hàng đông á điện tử""","=""110""","=""0""","=""6""","=""Low""","=""false"""
"=""ngân hàng shb finance""","=""90""","=""0.35""","=""4""","=""Low""","=""true"""
"=""ngân hàng mp bank""","=""90""","=""0""","=""4""","=""Low""","=""false"""
"=""ngân hàng cho vay lãi suất thấp""","=""70""","=""0.81""","=""7""","=""Medium""","=""false"""
"=""ngan hang dong a dien tu""","=""70""","=""0""","=""6""","=""Low""","=""false"""
"=""ngân hàng scb mới nhất""","=""70""","=""0""","=""5""","=""Low""","=""false"""
"=""ngân hàng sài gòn scb""","=""70""","=""0""","=""5""","=""Low""","=""false"""
"=""ngan hang dien tu dong a""","=""40""","=""0""","=""6""","=""Low""","=""false"""
"=""ngân hàng cho vay trả góp""","=""30""","=""1.62""","=""6""","=""Medium""","=""false"""
"=""ngân hàng ufj""","=""30""","=""0""","=""3""","=""Low""","=""false"""
"=""ngân hàng bản việt lãi suất""","=""20""","=""0""","=""6""","=""Low""","=""false"""
"=""ngân hàng scb có an toàn không""","=""20""","=""0""","=""7""","=""Low""","=""true"""
"=""ngân hàng sacombank trực tuyến""","=""10""","=""0""","=""5""","=""Low""","=""false"""
"=""ngân hàng scb bank""","=""10""","=""0""","=""4""","=""Low""","=""false"""
"=""ngân hàng scb lãi suất""","=""10""","=""0""","=""5""","=""Low""","=""false"""
"=""ngân hàng scb vạn thịnh phát""","=""10""","=""0""","=""6""","=""Low""","=""false"""
"=""ngân hàng tuần""","=""10""","=""0""","=""3""","=""Low""","=""false"""
"=""lãi suất ngân hàng""","=""135000""","=""0.13""","=""4""","=""Low""","=""false"""
"=""lãi suất ngân hàng agribank""","=""60500""","=""0.41""","=""5""","=""Low""","=""false"""
"=""lãi suất ngân hàng hôm nay""","=""60500""","=""0.12""","=""6""","=""Low""","=""true"""
"=""tài khoản ngân hàng""","=""27100""","=""0.44""","=""4""","=""Low""","=""false"""
"=""lãi suất ngân hàng vietcombank""","=""27100""","=""0.33""","=""5""","=""Low""","=""false"""
"=""lãi suất ngân hàng hiện nay""","=""22200""","=""0.08""","=""6""","=""Low""","=""true"""
"=""lai suat ngan hang""","=""12100""","=""0.12""","=""4""","=""Low""","=""false"""
"=""lãi suất ngân hàng bidv""","=""12100""","=""0.84""","=""5""","=""Low""","=""false"""
"=""lãi suất ngân hàng vietinbank""","=""12100""","=""0.28""","=""5""","=""Low""","=""false"""
"=""lãi suất ngân hàng sacombank""","=""9900""","=""0.37""","=""5""","=""Low""","=""false"""
"=""lãi suất vay ngân hàng hiện nay""","=""8100""","=""0.21""","=""7""","=""Low""","=""true"""
"=""tài chính ngân hàng""","=""8100""","=""0.38""","=""4""","=""Low""","=""false"""
"=""tai chinh ngan hang""","=""8100""","=""0.38""","=""4""","=""Low""","=""false"""
"=""lãi suất vay ngân hàng""","=""6600""","=""0.21""","=""5""","=""Low""","=""false"""
"=""lãi suất vay ngân hàng agribank""","=""6600""","=""0.24""","=""6""","=""Low""","=""false"""
"=""lãi suất ngân hàng vpbank""","=""6600""","=""0.49""","=""5""","=""Low""","=""true"""
"=""lãi suất ngân hàng mb""","=""6600""","=""0.26""","=""5""","=""Low""","=""false"""
"=""vay ngân hàng""","=""5400""","=""0.73""","=""3""","=""Medium""","=""false"""
"=""tổng đài ngân hàng mb""","=""5400""","=""0.03""","=""5""","=""Low""","=""false"""
"=""lãi suất ngân hàng techcombank""","=""5400""","=""0.29""","=""5""","=""Low""","=""false"""
"=""tuyển dụng ngân hàng""","=""5400""","=""0.06""","=""4""","=""Low""","=""false"""
"=""vay ngan hang""","=""5400""","=""0.73""","=""3""","=""Medium""","=""false"""
"=""tuyen dung ngan hang""","=""5400""","=""0.06""","=""4""","=""Low""","=""false"""
"=""lãi suất liên ngân hàng""","=""5400""","=""0""","=""5""","=""Low""","=""false"""
"=""big4 ngân hàng""","=""5400""","=""0""","=""3""","=""Low""","=""false"""
"=""lãi suất tiết kiệm ngân hàng""","=""4400""","=""0.27""","=""6""","=""Low""","=""true"""
"=""lãi suất các ngân hàng""","=""4400""","=""0.12""","=""5""","=""Low""","=""true"""
"=""lai suat ngan hang hom nay""","=""4400""","=""0.11""","=""6""","=""Low""","=""true"""
"=""số điện thoại ngân hàng mb""","=""3600""","=""0.01""","=""6""","=""Low""","=""false"""
"=""số điện thoại ngân hàng vietcombank""","=""3600""","=""0.02""","=""6""","=""Low""","=""false"""
"=""lãi ngân hàng""","=""3600""","=""0.11""","=""3""","=""Low""","=""false"""
"=""lãi suất ngân hàng hdbank""","=""3600""","=""0.16""","=""5""","=""Low""","=""false"""
"=""lãi suất ngân hàng hiện tại""","=""3600""","=""0.12""","=""6""","=""Low""","=""false"""
"=""số điện thoại ngân hàng agribank""","=""2900""","=""0""","=""6""","=""Low""","=""false"""
"=""lãi suất ngân hàng acb""","=""2900""","=""0.23""","=""5""","=""Low""","=""false"""
"=""tổng đài ngân hàng agribank""","=""2400""","=""0""","=""5""","=""Low""","=""false"""
"=""lãi suất ngân hàng tiết kiệm""","=""2400""","=""0.4""","=""6""","=""Low""","=""false"""
"=""lãi suất cho vay ngân hàng""","=""2400""","=""0.22""","=""6""","=""Low""","=""false"""
"=""lãi vay ngân hàng hiện nay""","=""2400""","=""1.29""","=""6""","=""Low""","=""true"""
"=""lãi ngân hàng hiện nay""","=""2400""","=""0.1""","=""5""","=""Low""","=""true"""
"=""lãi ngân hàng agribank""","=""2400""","=""0.68""","=""4""","=""Low""","=""false"""
"=""lãi suất tiết kiệm các ngân hàng""","=""2400""","=""0.24""","=""7""","=""Low""","=""false"""
"=""lãi suất ngân hàng bắc á""","=""2400""","=""0""","=""6""","=""Low""","=""false"""
"=""chi nhánh ngân hàng vietcombank""","=""2400""","=""0""","=""5""","=""Low""","=""false"""
"=""lãi suất ngân hàng bắc a""","=""2400""","=""0""","=""6""","=""Low""","=""false"""
"=""vay tiền ngân hàng""","=""1900""","=""0.78""","=""4""","=""Medium""","=""false"""
"=""số tổng đài ngân hàng mb""","=""1900""","=""0.03""","=""6""","=""Low""","=""false"""
"=""tổng đài ngân hàng vietcombank""","=""1900""","=""0.03""","=""5""","=""Low""","=""false"""
"=""tổng đài ngân hàng bidv""","=""1900""","=""0.02""","=""5""","=""Low""","=""false"""
"=""tổng đài ngân hàng acb""","=""1900""","=""0.03""","=""5""","=""Low""","=""false"""
"=""lãi suất vay ngân hàng vietcombank""","=""1900""","=""0.55""","=""6""","=""Low""","=""false"""
"=""lãi suất các ngân hàng hôm nay""","=""1900""","=""0.11""","=""7""","=""Low""","=""true"""
"=""tra số tài khoản ngân hàng""","=""1900""","=""0.48""","=""6""","=""Low""","=""true"""
"=""chi nhánh ngân hàng mb""","=""1900""","=""0""","=""5""","=""Low""","=""false"""
"=""mở tài khoản ngân hàng online""","=""1600""","=""0.92""","=""6""","=""Medium""","=""false"""
"=""vay vốn ngân hàng""","=""1600""","=""0.56""","=""4""","=""Medium""","=""false"""
"=""tổng đài ngân hàng vietinbank""","=""1600""","=""0.13""","=""5""","=""Low""","=""false"""
"=""số điện thoại ngân hàng vietinbank""","=""1600""","=""0.13""","=""6""","=""Low""","=""false"""
"=""số điện thoại ngân hàng bidv""","=""1600""","=""0.03""","=""6""","=""Low""","=""false"""
"=""số điện thoại ngân hàng sacombank""","=""1600""","=""0.03""","=""6""","=""Low""","=""false"""
"=""lãi vay ngân hàng""","=""1600""","=""0.18""","=""4""","=""Low""","=""false"""
"=""lãi suất ngân hàng vib""","=""1600""","=""0.14""","=""5""","=""Low""","=""false"""
"=""lãi suất vay ngân hàng bidv""","=""1600""","=""0""","=""6""","=""Low""","=""false"""
"=""số tài khoản ngân hàng""","=""1600""","=""0.34""","=""5""","=""Low""","=""false"""
"=""lãi suất ngân hàng shb""","=""1600""","=""0.14""","=""5""","=""Low""","=""false"""
"=""lãi suất các ngân hàng hiện nay""","=""1600""","=""0.24""","=""7""","=""Low""","=""true"""
"=""vay tín chấp ngân hàng""","=""1300""","=""1.03""","=""5""","=""Medium""","=""true"""
"=""tổng đài ngân hàng vib""","=""1300""","=""0.06""","=""5""","=""Low""","=""false"""
"=""số tổng đài ngân hàng agribank""","=""1300""","=""0""","=""6""","=""Low""","=""false"""
"=""lãi vay ngân hàng agribank""","=""1300""","=""0.18""","=""5""","=""Low""","=""false"""
"=""lãi suất ngân hàng mb bank""","=""1300""","=""0.21""","=""6""","=""Low""","=""true"""
"=""các ngân hàng nhà nước""","=""1300""","=""0.34""","=""5""","=""Low""","=""false"""
"=""lai suat ngan hang agribank""","=""1300""","=""0.22""","=""5""","=""Low""","=""false"""
"=""mã ngân hàng vietcombank""","=""1300""","=""0.02""","=""4""","=""Low""","=""false"""
"=""vay vốn ngân hàng agribank không the chấp""","=""1000""","=""0.48""","=""8""","=""Medium""","=""false"""
"=""số ngân hàng vietcombank""","=""1000""","=""0.03""","=""4""","=""Low""","=""false"""
"=""tổng đài ngân hàng mb quân đội""","=""1000""","=""0.03""","=""7""","=""Low""","=""false"""
"=""số ngân hàng mb""","=""1000""","=""0.03""","=""4""","=""Low""","=""false"""
"=""tổng đài ngân hàng sacombank""","=""1000""","=""0.03""","=""5""","=""Low""","=""false"""
"=""số tổng đài ngân hàng vietcombank""","=""1000""","=""0.02""","=""6""","=""Low""","=""true"""
"=""tổng đài ngân hàng techcombank""","=""1000""","=""0.1""","=""5""","=""Low""","=""false"""
"=""số điện thoại ngân hàng techcombank""","=""1000""","=""0""","=""6""","=""Low""","=""false"""
"=""số điện thoại ngân hàng acb""","=""1000""","=""0.03""","=""6""","=""Low""","=""false"""
"=""tổng đài ngân hàng mb bank""","=""1000""","=""0.03""","=""6""","=""Low""","=""false"""
"=""lãi suất vay ngân hàng vietinbank hiện nay""","=""1000""","=""0.51""","=""8""","=""Low""","=""false"""
"=""lãi suất ngân hàng liên việt""","=""1000""","=""0""","=""6""","=""Low""","=""false"""
"=""nạp tiền vào tài khoản ngân hàng""","=""1000""","=""0.36""","=""7""","=""Low""","=""false"""
"=""các ngân hàng""","=""1000""","=""0.74""","=""3""","=""Low""","=""true"""
"=""tải ngân hàng agribank""","=""1000""","=""0.5""","=""4""","=""Low""","=""false"""
"=""lãi suất ngân hàng pvcombank""","=""1000""","=""0""","=""5""","=""Low""","=""false"""
"=""4 ngân hàng nhà nước""","=""1000""","=""0""","=""5""","=""Low""","=""false"""
"=""chi nhánh ngân hàng bidv""","=""1000""","=""0""","=""5""","=""Low""","=""false"""
"=""msb ngân hàng""","=""1000""","=""0.21""","=""3""","=""Low""","=""true"""
"=""tin ngan hang""","=""1000""","=""0""","=""3""","=""Low""","=""false"""
"=""tin ngân hàng""","=""1000""","=""0""","=""3""","=""Low""","=""false"""
"=""vay thế chấp ngân hàng""","=""880""","=""0.43""","=""5""","=""Low""","=""false"""
"=""mở tài khoản ngân hàng mb online""","=""880""","=""0.58""","=""7""","=""Medium""","=""false"""
"=""vay ngân hàng lãi suất thấp""","=""880""","=""0.99""","=""6""","=""High""","=""true"""
"=""vay ngân hàng agribank""","=""880""","=""0.41""","=""4""","=""Low""","=""false"""
"=""tổng đài ngân hàng vpbank""","=""880""","=""0.25""","=""5""","=""Low""","=""false"""
"=""số ngân hàng agribank""","=""880""","=""0.68""","=""4""","=""Low""","=""false"""
"=""số tổng đài ngân hàng bidv""","=""880""","=""0.02""","=""6""","=""Low""","=""false"""
"=""lãi suất cho vay ngân hàng agribank""","=""880""","=""0.24""","=""7""","=""Low""","=""false"""
"=""số điện thoại các chi nhánh ngân hàng agribank""","=""880""","=""0""","=""9""","=""Low""","=""false"""
"=""lãi suất ngân hàng nông nghiệp""","=""880""","=""0.28""","=""6""","=""Low""","=""false"""
"=""lai suất ngân hàng""","=""880""","=""0.12""","=""4""","=""Low""","=""false"""
"=""chi nhánh ngân hàng agribank""","=""880""","=""0""","=""5""","=""Low""","=""false"""
"=""mã ngân hàng vietinbank""","=""880""","=""0.02""","=""4""","=""Low""","=""false"""
"=""làm thẻ ngân hàng online""","=""720""","=""0.93""","=""5""","=""Medium""","=""false"""
"=""mở tài khoản ngân hàng online mbbank""","=""720""","=""0.64""","=""7""","=""Medium""","=""false"""
"=""vay lãi suất ngân hàng""","=""720""","=""0.58""","=""5""","=""Medium""","=""false"""
"=""số ngân hàng vietinbank""","=""720""","=""0.11""","=""4""","=""Low""","=""false"""
"=""số tổng đài ngân hàng vietinbank""","=""720""","=""0.13""","=""6""","=""Low""","=""false"""
"=""lãi suất ngân hàng cho vay""","=""720""","=""0.25""","=""6""","=""Low""","=""false"""
"=""lãi suất ngân hàng bưu điện liên việt""","=""720""","=""0""","=""8""","=""Low""","=""false"""
"=""lãi suất ngân hàng đông á""","=""720""","=""0""","=""6""","=""Low""","=""false"""
"=""lãi suất ngân hàng msb""","=""720""","=""0""","=""5""","=""Low""","=""true"""
"=""lãi suất ngân hàng nam á""","=""720""","=""0""","=""6""","=""Low""","=""false"""
"=""lãi ngân hàng vietcombank""","=""720""","=""0.38""","=""4""","=""Low""","=""false"""
"=""lãi suất ngân hàng tpbank""","=""720""","=""0.13""","=""5""","=""Low""","=""false"""
"=""mã ngân hàng""","=""720""","=""0""","=""3""","=""Low""","=""false"""
"=""mã ngân hàng techcombank""","=""720""","=""0""","=""4""","=""Low""","=""false"""
"=""tiền ngân hàng""","=""720""","=""0.42""","=""3""","=""Low""","=""false"""
"=""tất cả ngân hàng""","=""720""","=""0.56""","=""4""","=""Low""","=""false"""
"=""địa chỉ ngân hàng vietcombank""","=""720""","=""0""","=""5""","=""Low""","=""false"""
"=""mở tk ngân hàng online""","=""590""","=""1.3""","=""5""","=""High""","=""false"""
"=""mở tài khoản ngân hàng""","=""590""","=""0.77""","=""5""","=""Medium""","=""false"""
"=""số điện thoại ngân hàng vpbank""","=""590""","=""0.2""","=""6""","=""Low""","=""false"""
"=""tổng đài ngân hàng acb 24 24""","=""590""","=""0""","=""7""","=""Low""","=""false"""
"=""thủ tục vay ngân hàng""","=""590""","=""0.24""","=""5""","=""Medium""","=""false"""
"=""vay ngân hàng mua nhà""","=""590""","=""0.4""","=""5""","=""Low""","=""false"""
"=""số ngân hàng bidv""","=""590""","=""0.03""","=""4""","=""Low""","=""false"""
"=""số điện thoại ngân hàng vib""","=""590""","=""0.03""","=""6""","=""Low""","=""false"""
"=""số tổng đài ngân hàng acb""","=""590""","=""0.03""","=""6""","=""Low""","=""false"""
"=""số điện thoại ngân hàng mb bank""","=""590""","=""0.01""","=""7""","=""Low""","=""false"""
"=""thẻ ngân hàng mb""","=""590""","=""0.24""","=""4""","=""Low""","=""false"""
"=""lãi tiết kiệm ngân hàng""","=""590""","=""0.15""","=""5""","=""Low""","=""false"""
"=""chi nhánh ngân hàng""","=""590""","=""0""","=""4""","=""Low""","=""false"""
"=""chi nhánh ngân hàng acb""","=""590""","=""0""","=""5""","=""Low""","=""false"""
"=""chi nhánh ngân hàng vpbank""","=""590""","=""0""","=""5""","=""Low""","=""false"""
"=""lãi suất ngân hàng eximbank""","=""590""","=""0""","=""5""","=""Low""","=""false"""
"=""lãi suất ngân hàng kiên long""","=""590""","=""0""","=""6""","=""Low""","=""false"""
"=""lãi suất tiết kiệm ngân hàng agribank""","=""590""","=""0.23""","=""7""","=""Low""","=""true"""
"=""mã ngân hàng bidv""","=""590""","=""0""","=""4""","=""Low""","=""false"""
"=""mã ngân hàng mb""","=""590""","=""0""","=""4""","=""Low""","=""false"""
"=""thẻ ngân hàng agribank""","=""590""","=""0.35""","=""4""","=""Low""","=""false"""
"=""tra cứu đầu số tài khoản ngân hàng""","=""590""","=""0""","=""8""","=""Low""","=""false"""
"=""số điện thoại tổng đài ngân hàng mb""","=""480""","=""0.03""","=""8""","=""Low""","=""true"""
"=""tổng đài ngân hàng shb""","=""480""","=""0""","=""5""","=""Low""","=""false"""
"=""vay thế chấp ngân hàng agribank""","=""480""","=""0.34""","=""6""","=""Low""","=""true"""
"=""số tổng đài ngân hàng sacombank""","=""480""","=""0.03""","=""6""","=""Low""","=""true"""
"=""số tổng đài ngân hàng techcombank""","=""480""","=""0""","=""6""","=""Low""","=""false"""
"=""lãi suất vay ngân hàng vietinbank""","=""480""","=""0.66""","=""6""","=""Low""","=""false"""
"=""số tài khoản ngân hàng đẹp""","=""480""","=""0""","=""6""","=""Low""","=""false"""
"=""tổng đài ngân hàng tp bank""","=""480""","=""0""","=""6""","=""Low""","=""false"""
"=""tiền lãi ngân hàng""","=""480""","=""0.1""","=""4""","=""Low""","=""false"""
"=""lãi suất ngân hàng bản việt""","=""480""","=""0""","=""6""","=""Low""","=""false"""
"=""tín dụng ngân hàng""","=""480""","=""0.8""","=""4""","=""Low""","=""false"""
"=""lãi suất tiết kiệm ngân hàng vietcombank""","=""480""","=""0""","=""7""","=""Low""","=""true"""
"=""lãi suất ngân hàng an bình""","=""480""","=""0""","=""6""","=""Low""","=""false"""
"=""lãi suất của các ngân hàng""","=""480""","=""0.12""","=""6""","=""Low""","=""true"""
"=""lãi suất ngân hàng vietbank""","=""480""","=""0""","=""5""","=""Low""","=""false"""
"=""lãi suất ngân hàng quân đội""","=""480""","=""0""","=""6""","=""Low""","=""false"""
"=""lãi suất ngân hàng nhà nước""","=""480""","=""0""","=""6""","=""Low""","=""false"""
"=""danh sách đầu số tài khoản của các ngân hàng""","=""480""","=""0""","=""10""","=""Low""","=""false"""
"=""lãi ngân hàng bidv""","=""480""","=""0""","=""4""","=""Low""","=""false"""
"=""lãi ngân hàng vietinbank""","=""480""","=""0""","=""4""","=""Low""","=""false"""
"=""lãi suất ngân hàng bắc á bank""","=""480""","=""0""","=""7""","=""Low""","=""false"""
"=""lãi suất ngân hàng seabank""","=""480""","=""0""","=""5""","=""Low""","=""false"""
"=""timo của ngân hàng nào""","=""480""","=""2.28""","=""5""","=""Low""","=""false"""
"=""tin tuc ngan hang""","=""480""","=""0""","=""4""","=""Low""","=""false"""
"=""tra cứu mã ngân hàng""","=""480""","=""0""","=""5""","=""Low""","=""false"""
"=""tạp chí ngân hàng""","=""480""","=""0""","=""4""","=""Low""","=""false"""
"=""địa chỉ ngân hàng mb""","=""480""","=""0""","=""5""","=""Low""","=""false"""
"=""địa chỉ ngân hàng vietinbank""","=""480""","=""0""","=""5""","=""Low""","=""false"""
"=""địa chỉ ngân hàng vpbank""","=""480""","=""0""","=""5""","=""Low""","=""false"""
"=""mở thẻ ngân hàng online""","=""390""","=""1""","=""5""","=""High""","=""false"""
"=""mở tài khoản ngân hàng vietcombank""","=""390""","=""0.62""","=""6""","=""Low""","=""false"""
"=""làm tài khoản ngân hàng online""","=""390""","=""0.75""","=""6""","=""Medium""","=""false"""
"=""tài khoản ngân hàng số đẹp""","=""390""","=""0.72""","=""6""","=""Low""","=""false"""
"=""số điện thoại của ngân hàng vietcombank""","=""390""","=""0.02""","=""7""","=""Low""","=""false"""
"=""số tổng đài ngân hàng vpbank""","=""390""","=""0.16""","=""6""","=""Low""","=""false"""
"=""số điện thoại của ngân hàng agribank""","=""390""","=""0""","=""7""","=""Low""","=""false"""
"=""số điện thoại tổng đài ngân hàng agribank""","=""390""","=""0""","=""8""","=""Low""","=""false"""
"=""số ngân hàng sacombank""","=""390""","=""0.03""","=""4""","=""Low""","=""false"""
"=""tổng đài ngân hàng msb""","=""390""","=""0""","=""5""","=""Low""","=""false"""
"=""lãi suất vay ngân hàng mb""","=""390""","=""0.23""","=""6""","=""Low""","=""false"""
"=""thẻ ngân hàng techcombank""","=""390""","=""0.79""","=""4""","=""Low""","=""false"""
"=""lãi suất ngân hàng vay""","=""390""","=""1.16""","=""5""","=""Low""","=""true"""
"=""lãi suất vay ngân hàng acb""","=""390""","=""0.44""","=""6""","=""Low""","=""false"""
"=""số thẻ ngân hàng""","=""390""","=""0.36""","=""4""","=""Low""","=""true"""
"=""thẻ ngân hàng bidv""","=""390""","=""0.3""","=""4""","=""Low""","=""false"""
"=""lãi suất ngân hàng bưu điện""","=""390""","=""0""","=""6""","=""Low""","=""false"""
"=""bảo lãnh ngân hàng""","=""390""","=""30.91""","=""4""","=""Low""","=""false"""
"=""chi nhánh ngân hàng vib""","=""390""","=""0.78""","=""5""","=""Low""","=""false"""
"=""lai suat ngan hang bidv""","=""390""","=""0""","=""5""","=""Low""","=""false"""
"=""lãi suất ngân hàng abbank""","=""390""","=""0""","=""5""","=""Low""","=""false"""
"=""lãi suất ngân hàng pg bank""","=""390""","=""0""","=""6""","=""Low""","=""false"""
"=""lãi suất ngân hàng việt á""","=""390""","=""0""","=""6""","=""Low""","=""false"""
"=""mã ngân hàng agribank""","=""390""","=""0""","=""4""","=""Low""","=""false"""
"=""paypal liên kết với ngân hàng nào""","=""390""","=""1.16""","=""7""","=""Low""","=""true"""
"=""thẻ ngân hàng vietinbank""","=""390""","=""0.29""","=""4""","=""Low""","=""false"""
"=""số tổng đài ngân hàng vib""","=""320""","=""0.06""","=""6""","=""Low""","=""false"""
"=""số điện thoại của ngân hàng mb""","=""320""","=""0""","=""7""","=""Low""","=""false"""
"=""số điện thoại ngân hàng hdbank""","=""320""","=""0.03""","=""6""","=""Low""","=""false"""
"=""số điện thoại tổng đài ngân hàng vietcombank""","=""320""","=""0.02""","=""8""","=""Low""","=""false"""
"=""lãi vay ngân hàng vietcombank""","=""320""","=""1.05""","=""5""","=""Low""","=""false"""
"=""lãi suất tiền vay ngân hàng agribank""","=""320""","=""0.09""","=""7""","=""Low""","=""false"""
"=""lãi suất vay thế chấp ngân hàng agribank""","=""320""","=""0""","=""8""","=""Low""","=""false"""
"=""chi nhánh ngân hàng sacombank""","=""320""","=""0""","=""5""","=""Low""","=""false"""
"=""danh sách ngân hàng""","=""320""","=""0.67""","=""4""","=""Low""","=""false"""
"=""lai suat cac ngan hang""","=""320""","=""0.12""","=""5""","=""Low""","=""true"""
"=""lai suat ngan hang acb""","=""320""","=""0""","=""5""","=""Low""","=""false"""
"=""lai suat ngan hang sacombank""","=""320""","=""0""","=""5""","=""Low""","=""true"""
"=""lãi suất ngân hàng bảo việt""","=""320""","=""0""","=""6""","=""Low""","=""false"""
"=""lãi suất ngân hàng nam á bank""","=""320""","=""0""","=""7""","=""Low""","=""true"""
"=""mã ngân hàng sacombank""","=""320""","=""0""","=""4""","=""Low""","=""false"""
"=""những ngân hàng nhà nước""","=""320""","=""0""","=""5""","=""Low""","=""false"""
"=""số điện thoại ngân hàng""","=""320""","=""0""","=""5""","=""Low""","=""false"""
"=""vay tiền ngân hàng trả góp""","=""260""","=""0.88""","=""6""","=""Medium""","=""false"""
"=""vay tín dụng ngân hàng""","=""260""","=""1.07""","=""5""","=""Medium""","=""false"""
"=""vay ngân hàng online""","=""260""","=""1.3""","=""4""","=""Medium""","=""false"""
"=""hỗ trợ vay vốn ngân hàng""","=""260""","=""0.6""","=""6""","=""Low""","=""true"""
"=""vay ngân hàng vietinbank""","=""260""","=""0.45""","=""4""","=""Medium""","=""false"""
"=""vay tiền ngân hàng agribank""","=""260""","=""0.47""","=""5""","=""Medium""","=""false"""
"=""mở tài khoản ngân hàng agribank""","=""260""","=""0.44""","=""6""","=""Low""","=""true"""
"=""vay ngân hàng không thế chấp""","=""260""","=""0.54""","=""6""","=""Medium""","=""false"""
"=""tổng đài ngân hàng quân đội""","=""260""","=""0""","=""6""","=""Low""","=""false"""
"=""số đt ngân hàng vietcombank""","=""260""","=""0.03""","=""5""","=""Low""","=""false"""
"=""thẻ ngân hàng mb bank""","=""260""","=""0.38""","=""5""","=""Low""","=""false"""
"=""lãi suất cho vay của các ngân hàng""","=""260""","=""0.71""","=""8""","=""Low""","=""false"""
"=""tổng đài ngân hàng shinhan""","=""260""","=""0""","=""5""","=""Low""","=""false"""
"=""số điện thoại tổng đài ngân hàng bidv""","=""260""","=""0.02""","=""8""","=""Low""","=""false"""
"=""số điện thoại của ngân hàng bidv""","=""260""","=""0.02""","=""7""","=""Low""","=""false"""
"=""số điện thoại của ngân hàng sacombank""","=""260""","=""0.01""","=""7""","=""Low""","=""false"""
"=""lai suat vay ngan hang""","=""260""","=""0.17""","=""5""","=""Low""","=""false"""
"=""lãi suất vay ngân hàng sacombank""","=""260""","=""0.26""","=""6""","=""Low""","=""false"""
"=""tài khoản ngân hàng agribank""","=""260""","=""0.41""","=""5""","=""Low""","=""true"""
"=""lãi suất tiết kiệm ngân hàng acb""","=""260""","=""0""","=""7""","=""Low""","=""true"""
"=""lãi suất cho vay ngân hàng vietcombank""","=""260""","=""0""","=""7""","=""Low""","=""false"""
"=""lai suat ngan hang vietinbank""","=""260""","=""0""","=""5""","=""Low""","=""false"""
"=""lãi suất ngân hàng 1 năm""","=""260""","=""0""","=""6""","=""Low""","=""false"""
"=""lãi suất tiết kiệm ngân hàng vietinbank""","=""260""","=""0""","=""7""","=""Low""","=""true"""
"=""tra cứu tài khoản ngân hàng""","=""260""","=""0""","=""6""","=""Low""","=""false"""
"=""địa chỉ ngân hàng mb bank""","=""260""","=""0""","=""6""","=""Low""","=""true"""
"=""vay vốn ngân hàng agribank""","=""210""","=""0.33""","=""5""","=""Low""","=""false"""
"=""mở thẻ ngân hàng""","=""210""","=""0.7""","=""4""","=""Medium""","=""false"""
"=""vay ngân hàng lãi suất""","=""210""","=""0.23""","=""5""","=""Medium""","=""false"""
"=""nên mở tài khoản ngân hàng nào""","=""210""","=""0.84""","=""7""","=""Low""","=""false"""
"=""số đt ngân hàng mb""","=""210""","=""0.01""","=""5""","=""Low""","=""false"""
"=""vay lãi ngân hàng""","=""210""","=""0.46""","=""4""","=""Medium""","=""false"""
"=""số điện thoại ngân hàng shinhan""","=""210""","=""0""","=""6""","=""Low""","=""false"""
"=""lãi suất ngân hàng shinhan""","=""210""","=""0.11""","=""5""","=""Low""","=""false"""
"=""liên kết momo với ngân hàng""","=""210""","=""0""","=""6""","=""Low""","=""false"""
"=""số tài khoản ngân hàng vietcombank""","=""210""","=""0""","=""6""","=""Low""","=""false"""
"=""tra cứu số tài khoản ngân hàng""","=""210""","=""0""","=""7""","=""Low""","=""false"""
"=""số tài khoản ngân hàng mb bank""","=""210""","=""0.39""","=""7""","=""Low""","=""false"""
"=""thẻ ngân hàng acb""","=""210""","=""0.64""","=""4""","=""Low""","=""true"""
"=""liên kết tài khoản ngân hàng với shopee""","=""210""","=""0.02""","=""8""","=""Low""","=""false"""
"=""lãi ngân hàng sacombank""","=""210""","=""0""","=""4""","=""Low""","=""true"""
"=""lãi suất tiết kiệm ngân hàng sacombank""","=""210""","=""0""","=""7""","=""Low""","=""true"""
"=""nghiệp vụ ngân hàng""","=""210""","=""0""","=""4""","=""Low""","=""false"""
"=""nên dùng ngân hàng nào""","=""210""","=""1.29""","=""5""","=""Low""","=""true"""
"=""số tk ngân hàng""","=""210""","=""0""","=""4""","=""Low""","=""true"""
"=""tra cứu chi nhánh ngân hàng mbbank""","=""210""","=""0""","=""7""","=""Low""","=""false"""
"=""vay ngân hàng acb""","=""170""","=""0.59""","=""4""","=""Medium""","=""false"""
"=""mở thẻ ngân hàng vietcombank""","=""170""","=""0.69""","=""5""","=""Low""","=""false"""
"=""thủ tục vay ngân hàng agribank""","=""170""","=""0.26""","=""6""","=""Low""","=""false"""
"=""số đt ngân hàng agribank""","=""170""","=""0""","=""5""","=""Low""","=""false"""
"=""liên kết ngân hàng momo""","=""170""","=""0""","=""5""","=""Low""","=""false"""
"=""số điện thoại ngân hàng msb""","=""170""","=""0""","=""6""","=""Low""","=""false"""
"=""lãi suất huy đông ngân hàng""","=""170""","=""0.01""","=""6""","=""Low""","=""false"""
"=""kiểm tra tài khoản ngân hàng""","=""170""","=""0""","=""6""","=""Low""","=""false"""
"=""lãi suất cơ bản của ngân hàng nhà nước""","=""170""","=""0""","=""9""","=""Low""","=""false"""
"=""lãi suất ngân hàng oceanbank""","=""170""","=""0""","=""5""","=""Low""","=""false"""
"=""tìm hiểu về ngân hàng mb bank""","=""170""","=""0""","=""7""","=""Low""","=""false"""
"=""vay trả góp ngân hàng""","=""140""","=""0.98""","=""5""","=""Medium""","=""false"""
"=""vay trả góp ngân hàng agribank""","=""140""","=""0.6""","=""6""","=""Low""","=""false"""
"=""lãi suất ngân hàng scb""","=""140""","=""0""","=""5""","=""Low""","=""false"""
"=""làm tài khoản ngân hàng""","=""140""","=""0.67""","=""5""","=""Medium""","=""false"""
"=""thủ tục vay tiền ngân hàng""","=""140""","=""0.28""","=""6""","=""Medium""","=""false"""
"=""hồ sơ vay vốn ngân hàng""","=""140""","=""0.52""","=""6""","=""Low""","=""false"""
"=""lãi suất vay ngân hàng theo tháng""","=""140""","=""0.55""","=""7""","=""Low""","=""false"""
"=""tổng đài ngân hàng tiên phong""","=""140""","=""0""","=""6""","=""Low""","=""false"""
"=""thủ tục vay vốn ngân hàng agribank""","=""140""","=""0.2""","=""7""","=""Low""","=""false"""
"=""lãi suất tiền vay ngân hàng""","=""140""","=""0.44""","=""6""","=""Low""","=""true"""
"=""số đt ngân hàng bidv""","=""140""","=""0.02""","=""5""","=""Low""","=""false"""
"=""lãi ngân hàng 1 năm""","=""140""","=""0""","=""5""","=""Low""","=""false"""
"=""lãi suất tiết kiệm ngân hàng techcombank""","=""140""","=""0""","=""7""","=""Low""","=""false"""
"=""số tài khoản ngân hàng agribank""","=""140""","=""0""","=""6""","=""Low""","=""false"""
"=""chức năng của ngân hàng thương mại""","=""140""","=""0""","=""7""","=""Low""","=""false"""
"=""danh sách ngân hàng nhà nước""","=""140""","=""0""","=""6""","=""Low""","=""false"""
"=""kiểm soát viên ngân hàng""","=""140""","=""0.02""","=""5""","=""Low""","=""false"""
"=""lãi suất ngân hàng gp bank""","=""140""","=""0""","=""6""","=""Low""","=""true"""
"=""mã chi nhánh ngân hàng vietcombank""","=""140""","=""0""","=""6""","=""Low""","=""false"""
"=""tin tài chính ngân hàng""","=""140""","=""0""","=""5""","=""Low""","=""false"""
"=""mở tài khoản ngân hàng online bidv""","=""110""","=""0.64""","=""7""","=""Medium""","=""false"""
"=""mở tài khoản ngân hàng techcombank online""","=""110""","=""0.62""","=""7""","=""Medium""","=""true"""
"=""thủ tục vay vốn ngân hàng""","=""110""","=""0.27""","=""6""","=""Medium""","=""false"""
"=""vay ngân hàng sacombank""","=""110""","=""0.41""","=""4""","=""Medium""","=""false"""
"=""làm thẻ ngân hàng agribank""","=""110""","=""0.43""","=""5""","=""Low""","=""false"""
"=""mở tài khoản ngân hàng vietinbank online""","=""110""","=""0.58""","=""7""","=""Medium""","=""false"""
"=""lãi suất vay ngân hàng hdbank""","=""110""","=""0.23""","=""6""","=""Low""","=""false"""
"=""lãi suất ngân hàng tiên phong""","=""110""","=""0""","=""6""","=""Low""","=""false"""
"=""lãi suất ngân hàng scb mới nhất""","=""110""","=""0""","=""7""","=""Low""","=""true"""
"=""chuyển tiền từ paypal về ngân hàng""","=""110""","=""0.01""","=""7""","=""Low""","=""true"""
"=""tra số tài khoản ngân hàng vietcombank""","=""110""","=""0""","=""7""","=""Low""","=""false"""
"=""chi nhánh ngân hàng scb""","=""110""","=""0""","=""5""","=""Low""","=""false"""
"=""lãi suất ngân hàng năm 2022""","=""110""","=""0""","=""6""","=""Low""","=""false"""
"=""tra số tài khoản ngân hàng agribank""","=""110""","=""0""","=""7""","=""Low""","=""false"""
"=""tuyển dụng ngân hàng nhà nước""","=""110""","=""0""","=""6""","=""Low""","=""false"""
"=""làm thẻ ngân hàng techcombank""","=""90""","=""0.6""","=""5""","=""Low""","=""false"""
"=""tổng đài ngân hàng đông á""","=""90""","=""0""","=""6""","=""Low""","=""false"""
"=""làm thẻ ngân hàng vietinbank""","=""90""","=""0.33""","=""5""","=""Low""","=""false"""
"=""số điện thoại ngân hàng đông á""","=""90""","=""0""","=""7""","=""Low""","=""false"""
"=""số điện thoại ngân hàng mirae asset""","=""90""","=""0.06""","=""7""","=""Low""","=""false"""
"=""vay ngân hàng mua đất""","=""90""","=""0.71""","=""5""","=""Low""","=""false"""
"=""nên mở thẻ ngân hàng nào""","=""90""","=""1.18""","=""6""","=""Low""","=""false"""
"=""chuyển tiền từ momo sang tài khoản ngân hàng""","=""90""","=""0""","=""9""","=""Low""","=""false"""
"=""kiểm tra tài khoản ngân hàng agribank""","=""90""","=""0""","=""7""","=""Low""","=""false"""
"=""lãi suất ngân hàng cb bank""","=""90""","=""0""","=""6""","=""Low""","=""false"""
"=""lãi suất ngân hàng đông a""","=""90""","=""0""","=""6""","=""Low""","=""false"""
"=""mở tài khoản ngân hàng online vietcombank""","=""70""","=""0.62""","=""7""","=""Medium""","=""false"""
"=""vay tiền ngân hàng vietinbank""","=""70""","=""0.65""","=""5""","=""Medium""","=""false"""
"=""vay vốn ngân hàng vietinbank""","=""70""","=""0.36""","=""5""","=""Medium""","=""false"""
"=""số điện thoại ngân hàng tiên phong""","=""70""","=""0""","=""7""","=""Low""","=""false"""
"=""làm the ngân hàng online mb""","=""70""","=""0.47""","=""6""","=""Medium""","=""false"""
"=""làm thẻ ngân hàng bidv""","=""70""","=""0.42""","=""5""","=""Low""","=""true"""
"=""số điện thoại ngân hàng quân đội""","=""70""","=""0""","=""7""","=""Low""","=""false"""
"=""tổng đài ngân hàng scb""","=""70""","=""0""","=""5""","=""Low""","=""false"""
"=""liên kết tài khoản ngân hàng với momo""","=""70""","=""0""","=""8""","=""Low""","=""false"""
"=""chức năng của ngân hàng trung ương""","=""70""","=""0""","=""7""","=""Low""","=""false"""
"=""lãi suất ngân hàng xây dựng""","=""70""","=""0""","=""6""","=""Low""","=""false"""
"=""mở tài khoản ngân hàng sacombank online""","=""50""","=""0.82""","=""7""","=""Medium""","=""true"""
"=""mở tài khoản online không cần đến ngân hàng""","=""50""","=""0.95""","=""9""","=""High""","=""false"""
"=""làm thẻ ngân hàng mb bank""","=""50""","=""0.35""","=""6""","=""Low""","=""false"""
"=""làm the ngân hàng online agribank""","=""50""","=""0.59""","=""6""","=""Low""","=""false"""
"=""lãi suất ngân hàng 2022""","=""50""","=""0""","=""5""","=""Low""","=""true"""
"=""chuyển tiền liên ngân hàng""","=""50""","=""0""","=""5""","=""Low""","=""false"""
"=""lai suat ngan hang dong a""","=""50""","=""0""","=""6""","=""Low""","=""false"""
"=""vay tiền ngân hàng shb""","=""40""","=""0.58""","=""5""","=""Medium""","=""true"""
"=""lãi suất ngân hàng 2023""","=""40""","=""0""","=""5""","=""Low""","=""true"""
"=""chuyển khoản liên ngân hàng""","=""40""","=""0""","=""5""","=""Low""","=""false"""
"=""chuyển tiền từ ngân hàng sang momo""","=""40""","=""0""","=""7""","=""Low""","=""false"""
"=""đầu số tài khoản ngân hàng""","=""40""","=""0""","=""6""","=""Low""","=""false"""
"=""làm the ngân hàng online bidv""","=""30""","=""0.48""","=""6""","=""Medium""","=""false"""
"=""vay vốn ngân hàng sacombank""","=""30""","=""0.36""","=""5""","=""Medium""","=""false"""
"=""lãi suất ngân hàng agribank 2023""","=""30""","=""0""","=""6""","=""Low""","=""false"""
"=""kiểm tra tài khoản ngân hàng vietcombank""","=""30""","=""0""","=""7""","=""Low""","=""false"""
"=""lai suat ngan hang scb""","=""30""","=""0""","=""5""","=""Low""","=""false"""
"=""vụ ngân hàng scb""","=""30""","=""0""","=""4""","=""Low""","=""false"""
"=""vay tiền ngân hàng sacombank""","=""20""","=""0.42""","=""5""","=""Medium""","=""true"""
"=""lai suat ngan hang thang 12 2022""","=""20""","=""0""","=""7""","=""Low""","=""false"""
"=""lãi suất vay ngân hàng 2022""","=""20""","=""0""","=""6""","=""Low""","=""false"""
"=""lai suat ngan hang thang 2 2022""","=""20""","=""0""","=""7""","=""Low""","=""false"""
"=""lai suat ngan hang thang 3 2022""","=""20""","=""0""","=""7""","=""Low""","=""false"""
"=""lãi suất ngân hàng tháng 10 2022""","=""20""","=""0""","=""7""","=""Low""","=""false"""
"=""thông tin về ngân hàng shb""","=""20""","=""0""","=""6""","=""Low""","=""true"""
"=""tra số tài khoản ngân hàng bidv""","=""20""","=""0""","=""7""","=""Low""","=""false"""
"=""vay tiền ngân hàng agribank không cần the chấp""","=""10""","=""0.7""","=""9""","=""Medium""","=""true"""
"=""làm the ngân hàng agribank""","=""10""","=""0""","=""5""","=""Low""","=""false"""
"=""lãi suất vay ngân hàng agribank 2022""","=""10""","=""0""","=""7""","=""Low""","=""false"""
"=""vay ngân hàng tp bank""","=""10""","=""0""","=""5""","=""Medium""","=""false"""
"=""lãi suất vay ngân hàng shinhan bank 2022""","=""10""","=""0""","=""8""","=""Low""","=""false"""
"=""mã chứng khoán ngân hàng scb""","=""10""","=""0""","=""6""","=""Low""","=""false"""
"=""lãi suất vay ngân hàng bidv 2022""","=""10""","=""0""","=""7""","=""Low""","=""false"""
"=""lai suat ngan hang thang 11 2022""","=""10""","=""0""","=""7""","=""Low""","=""false"""
"=""thẻ ngân hàng tp bank""","=""10""","=""0""","=""5""","=""Low""","=""false"""
"=""lãi suất vay ngân hàng vietcombank 2022""","=""10""","=""0""","=""7""","=""Low""","=""false"""
"=""lai suat ngan hang thang 8 2022""","=""10""","=""0""","=""7""","=""Low""","=""false"""
"=""bằng lãi suất ngân hàng""","=""10""","=""0""","=""5""","=""Low""","=""false"""
"=""lai suat ngan hang thang 10 2022""","=""10""","=""0""","=""7""","=""Low""","=""false"""
"=""lai suat ngan hang agribank thang 10 2022""","=""10""","=""0""","=""8""","=""Low""","=""false"""
"=""lai suat ngan hang thang 4 2022""","=""10""","=""0""","=""7""","=""Low""","=""false"""
"=""lai suat ngan hang thang 5 2022""","=""10""","=""0""","=""7""","=""Low""","=""false"""
"=""lai suat ngan hang thang 6 2022""","=""10""","=""0""","=""7""","=""Low""","=""false"""
"=""lai suat ngan hang thang 7 2022""","=""10""","=""0""","=""7""","=""Low""","=""false"""
"=""lai suat ngan hang thang 9 2022""","=""10""","=""0""","=""7""","=""Low""","=""false"""
"=""lãi ngân hàng agribank 2022""","=""10""","=""0""","=""5""","=""Low""","=""false"""
"=""lãi suất các ngân hàng tháng 10 2022""","=""10""","=""0""","=""8""","=""Low""","=""false"""
"=""lãi suất các ngân hàng tháng 11 2022""","=""10""","=""0""","=""8""","=""Low""","=""false"""
"=""lãi suất ngân hàng agribank 2022""","=""10""","=""0""","=""6""","=""Low""","=""false"""
"=""lãi suất ngân hàng agribank tháng 10 2022""","=""10""","=""0""","=""8""","=""Low""","=""false"""
"=""lãi suất ngân hàng agribank tháng 11 2022""","=""10""","=""0""","=""8""","=""Low""","=""false"""
"=""lãi suất ngân hàng agribank tháng 12 2022""","=""10""","=""0""","=""8""","=""Low""","=""false"""
"=""lãi suất ngân hàng bidv 2022""","=""10""","=""0""","=""6""","=""Low""","=""false"""
"=""lãi suất ngân hàng bidv tháng 10 2022""","=""10""","=""0""","=""8""","=""Low""","=""false"""
"=""lãi suất ngân hàng bidv tháng 11 2022""","=""10""","=""0""","=""8""","=""Low""","=""false"""
"=""lãi suất ngân hàng liên việt 2022""","=""10""","=""0""","=""7""","=""Low""","=""false"""
"=""lãi suất ngân hàng mb 2022""","=""10""","=""0""","=""6""","=""Low""","=""false"""
"=""lãi suất ngân hàng sacombank 2022""","=""10""","=""0""","=""6""","=""Low""","=""false"""
"=""lãi suất ngân hàng sacombank tháng 10 2022""","=""10""","=""0""","=""8""","=""Low""","=""false"""
"=""lãi suất ngân hàng techcombank 2022""","=""10""","=""0""","=""6""","=""Low""","=""false"""
"=""lãi suất ngân hàng techcombank tháng 10 2022""","=""10""","=""0""","=""8""","=""Low""","=""false"""
"=""lãi suất ngân hàng techcombank tháng 11 2022""","=""10""","=""0""","=""8""","=""Low""","=""false"""
"=""lãi suất ngân hàng tháng 11 2022""","=""10""","=""0""","=""7""","=""Low""","=""false"""
"=""lãi suất ngân hàng tháng 12 2022""","=""10""","=""0""","=""7""","=""Low""","=""false"""
"=""lãi suất ngân hàng tháng 5 2022""","=""10""","=""0""","=""7""","=""Low""","=""false"""
"=""lãi suất ngân hàng tháng 9 2022""","=""10""","=""0""","=""7""","=""Low""","=""false"""
"=""lãi suất ngân hàng tp bank""","=""10""","=""0""","=""6""","=""Low""","=""false"""
"=""lãi suất ngân hàng vietcombank 2022""","=""10""","=""0""","=""6""","=""Low""","=""false"""
"=""lãi suất ngân hàng vietinbank 2022""","=""10""","=""0""","=""6""","=""Low""","=""false"""
"=""lãi suất ngân hàng vietinbank tháng 11 2022""","=""10""","=""0""","=""8""","=""Low""","=""false"""
"=""lãi suất tiết kiệm ngân hàng scb""","=""10""","=""0""","=""7""","=""Low""","=""false"""
"=""lãi suất vay ngân hàng agribank 1 2022""","=""10""","=""0""","=""8""","=""Low""","=""false"""
"=""lãi suất vay ngân hàng vietinbank 2022""","=""10""","=""0""","=""7""","=""Low""","=""false"""
"=""thanh tra ngân hàng scb""","=""10""","=""0""","=""5""","=""Low""","=""false"""
"=""thông tin mới nhất về ngân hàng scb""","=""10""","=""0""","=""8""","=""Low""","=""false"""
"=""thông tin ngân hàng scb""","=""10""","=""0""","=""5""","=""Low""","=""false"""
"=""thông tin về ngân hàng scb""","=""10""","=""0""","=""6""","=""Low""","=""false"""
"=""tin mới nhất về ngân hàng scb""","=""10""","=""0""","=""7""","=""Low""","=""false"""
"=""tin tức mới nhất về ngân hàng scb""","=""10""","=""0""","=""8""","=""Low""","=""false"""
"=""tin tức ngân hàng scb""","=""10""","=""0""","=""5""","=""Low""","=""false"""
"=""tin tức ngân hàng scb hôm nay""","=""10""","=""0""","=""7""","=""Low""","=""false"""
"=""tra số tài khoản ngân hàng của người khác""","=""10""","=""0""","=""9""","=""Low""","=""false"""
"=""trả cứu lãi suất ngân hàng""","=""10""","=""0""","=""6""","=""Low""","=""false"""
"=""tìm thông tin người qua số tài khoản ngân hàng""","=""10""","=""0""","=""10""","=""Low""","=""false"""
"=""tuyển dụng ngân hàng 2022""","=""0""","=""0""","=""5""","=""Low""","=""false"""
"=""lãi suất ngân hàng mb tháng 10 2022""","=""0""","=""0""","=""8""","=""Low""","=""false"""
"=""lãi suất ngân hàng mb tháng 11 2022""","=""0""","=""0""","=""8""","=""Low""","=""false"""
"=""vietcom""","=""823000""","=""0.6""","=""1""","=""Low""","=""false"""
"=""chuyển khoản""","=""550000""","=""0.57""","=""2""","=""Low""","=""true"""
"=""techcom bank""","=""450000""","=""0.55""","=""2""","=""Low""","=""false"""
"=""vietin""","=""450000""","=""0.25""","=""1""","=""Low""","=""false"""
"=""vietin bank""","=""450000""","=""0.25""","=""2""","=""Low""","=""false"""
"=""atm vcb""","=""201000""","=""0""","=""2""","=""Low""","=""false"""
"=""vietcombank atm""","=""201000""","=""0""","=""2""","=""Low""","=""false"""
"=""atm bidv""","=""165000""","=""0""","=""2""","=""Low""","=""false"""
"=""online acb""","=""135000""","=""0.76""","=""2""","=""Low""","=""false"""
"=""vietinbank atm""","=""135000""","=""0""","=""2""","=""Low""","=""false"""
"=""mb bank atm""","=""90500""","=""0.27""","=""3""","=""Low""","=""false"""
"=""vietinbank efast""","=""90500""","=""0""","=""2""","=""Low""","=""false"""
"=""lãi suất""","=""74000""","=""0.18""","=""2""","=""Low""","=""false"""
"=""tiên phong bank""","=""74000""","=""0.69""","=""3""","=""Low""","=""false"""
"=""tien phong bank""","=""74000""","=""0.69""","=""3""","=""Low""","=""false"""
"=""chuyển tiền mb bank""","=""60500""","=""0""","=""4""","=""Low""","=""false"""
"=""atm acb""","=""49500""","=""0.33""","=""2""","=""Low""","=""false"""
"=""vcb digibank""","=""40500""","=""0.51""","=""2""","=""Low""","=""false"""
"=""efast vietinbank""","=""40500""","=""0""","=""2""","=""Low""","=""false"""
"=""pv combank""","=""33100""","=""0.27""","=""2""","=""Low""","=""true"""
"=""tổng đài vietcombank""","=""27100""","=""0.03""","=""3""","=""Low""","=""false"""
"=""tổng đài vcb""","=""27100""","=""0.03""","=""3""","=""Low""","=""false"""
"=""vietinbank ipay""","=""27100""","=""0.14""","=""2""","=""Low""","=""false"""
"=""ngân""","=""27100""","=""0.96""","=""1""","=""Low""","=""false"""
"=""vcb digibiz""","=""27100""","=""0""","=""2""","=""Low""","=""false"""
"=""vietcombank digibiz""","=""27100""","=""0""","=""2""","=""Low""","=""false"""
"=""tổng đài mb bank""","=""22200""","=""0.03""","=""4""","=""Low""","=""false"""
"=""tổng đài techcombank""","=""22200""","=""0.11""","=""3""","=""Low""","=""false"""
"=""biz mbbank""","=""18100""","=""0.67""","=""2""","=""Low""","=""false"""
"=""tổng đài bidv""","=""14800""","=""0.02""","=""3""","=""Low""","=""false"""
"=""tổng đài vpbank""","=""14800""","=""0.26""","=""3""","=""Low""","=""false"""
"=""vay tín chấp""","=""12100""","=""1.45""","=""3""","=""Medium""","=""false"""
"=""tổng đài mb""","=""12100""","=""0.03""","=""3""","=""Low""","=""false"""
"=""vpbank neo""","=""12100""","=""0.45""","=""2""","=""Low""","=""false"""
"=""tổng đài vietinbank""","=""12100""","=""0.13""","=""3""","=""Low""","=""false"""
"=""tổng đài sacombank""","=""12100""","=""0.03""","=""3""","=""Low""","=""false"""
"=""tổng đài vib""","=""12100""","=""0.03""","=""3""","=""Low""","=""false"""
"=""vay tin chap""","=""12100""","=""1.45""","=""3""","=""Medium""","=""false"""
"=""mb bank online""","=""12100""","=""0.43""","=""3""","=""Low""","=""false"""
"=""atm vib""","=""12100""","=""0.23""","=""2""","=""Low""","=""false"""
"=""techcombank hội sở""","=""12100""","=""0""","=""3""","=""Low""","=""false"""
"=""tổng đài agribank""","=""9900""","=""0.03""","=""3""","=""Low""","=""false"""
"=""lãi suất vietcombank""","=""9900""","=""0.44""","=""3""","=""Low""","=""false"""
"=""atm tpbank""","=""9900""","=""0""","=""2""","=""Low""","=""false"""
"=""lãi suất vcb""","=""9900""","=""0.44""","=""3""","=""Low""","=""false"""
"=""tổng đài acb""","=""8100""","=""0.03""","=""3""","=""Low""","=""false"""
"=""cake by vpbank""","=""8100""","=""0.71""","=""3""","=""Low""","=""false"""
"=""lãi suất agribank""","=""8100""","=""0.3""","=""3""","=""Low""","=""false"""
"=""mã swift vietcombank""","=""8100""","=""0.02""","=""3""","=""Low""","=""false"""
"=""tpbank biz""","=""8100""","=""5.96""","=""2""","=""Low""","=""false"""
"=""vay tiêu dùng""","=""6600""","=""1.45""","=""3""","=""Medium""","=""false"""
"=""lãi suất tiết kiệm""","=""6600""","=""0.27""","=""4""","=""Low""","=""false"""
"=""techcombank tuyển dụng""","=""6600""","=""0.12""","=""3""","=""Low""","=""false"""
"=""chi nhánh vietcombank""","=""6600""","=""0""","=""3""","=""Low""","=""false"""
"=""số tổng đài vietcombank""","=""5400""","=""0.02""","=""4""","=""Low""","=""false"""
"=""tổng đài tpbank""","=""5400""","=""0.29""","=""3""","=""Low""","=""false"""
"=""lãi""","=""5400""","=""0.58""","=""1""","=""Low""","=""false"""
"=""vietcombank digibank""","=""5400""","=""0.66""","=""2""","=""Low""","=""false"""
"=""số tổng đài vcb""","=""5400""","=""0.02""","=""4""","=""Low""","=""false"""
"=""lãi suất vietinbank""","=""5400""","=""0.46""","=""3""","=""Low""","=""false"""
"=""hdbank tuyển dụng""","=""5400""","=""0.09""","=""3""","=""Low""","=""false"""
"=""tải agribank""","=""5400""","=""0""","=""2""","=""Low""","=""false"""
"=""vietinbank tuyển dụng""","=""5400""","=""0.39""","=""3""","=""Low""","=""false"""
"=""lãi suất bidv""","=""5400""","=""0""","=""3""","=""Low""","=""false"""
"=""acb com vn online""","=""5400""","=""0.6""","=""4""","=""Low""","=""true"""
"=""mã swift""","=""5400""","=""0.02""","=""2""","=""Low""","=""false"""
"=""mã swift mb bank""","=""5400""","=""0.01""","=""4""","=""Low""","=""false"""
"=""số tổng đài mb""","=""4400""","=""0.03""","=""4""","=""Low""","=""false"""
"=""số điện thoại tổng đài vietcombank 24 24""","=""4400""","=""0.02""","=""8""","=""Low""","=""false"""
"=""lãi suất techcombank""","=""4400""","=""0.39""","=""3""","=""Low""","=""false"""
"=""acb tuyển dụng""","=""4400""","=""0.16""","=""3""","=""Low""","=""false"""
"=""lãi suất sacombank""","=""4400""","=""0.4""","=""3""","=""Low""","=""true"""
"=""bảo việt bank""","=""4400""","=""0.97""","=""3""","=""Low""","=""false"""
"=""chi nhánh mb bank""","=""4400""","=""0""","=""4""","=""Low""","=""false"""
"=""swift code vietcombank""","=""4400""","=""0.02""","=""3""","=""Low""","=""false"""
"=""khoản vay""","=""3600""","=""0.78""","=""2""","=""Low""","=""false"""
"=""techcombank doanh nghiệp""","=""3600""","=""4.22""","=""3""","=""Low""","=""false"""
"=""vib tuyển dụng""","=""3600""","=""0.07""","=""3""","=""Low""","=""false"""
"=""agribank tuyển dụng""","=""3600""","=""0.37""","=""3""","=""Low""","=""true"""
"=""vietinbank online""","=""3600""","=""0.13""","=""2""","=""Low""","=""true"""
"=""lãi suất hdbank""","=""3600""","=""0.27""","=""3""","=""Low""","=""false"""
"=""tổng đài hsbc""","=""3600""","=""0.35""","=""3""","=""Low""","=""false"""
"=""lãi suất mb bank""","=""3600""","=""0.18""","=""4""","=""Low""","=""false"""
"=""mb smartbank""","=""3600""","=""0.37""","=""2""","=""Low""","=""false"""
"=""thẻ tín dụng tpbank""","=""2900""","=""1.1""","=""4""","=""Medium""","=""false"""
"=""vpbank online""","=""2900""","=""0.52""","=""2""","=""Low""","=""false"""
"=""số tổng đài agribank""","=""2900""","=""0.03""","=""4""","=""Low""","=""false"""
"=""vay thế chấp""","=""2900""","=""0.84""","=""3""","=""Medium""","=""false"""
"=""số tổng đài techcombank""","=""2900""","=""0.05""","=""4""","=""Low""","=""false"""
"=""chăm sóc khách hàng vietcombank""","=""2900""","=""0.02""","=""5""","=""Low""","=""false"""
"=""tổng đài hdbank""","=""2900""","=""0""","=""3""","=""Low""","=""false"""
"=""tổng đài sacombank 24 24""","=""2900""","=""0.02""","=""5""","=""Low""","=""false"""
"=""lãi suất vpbank""","=""2900""","=""0.35""","=""3""","=""Low""","=""true"""
"=""tổng đài msb""","=""2900""","=""0""","=""3""","=""Low""","=""true"""
"=""sacombank online""","=""2900""","=""0.71""","=""2""","=""Low""","=""false"""
"=""tải vietinbank""","=""2900""","=""0.29""","=""2""","=""Low""","=""false"""
"=""lãi suất vp bank""","=""2900""","=""0.35""","=""4""","=""Low""","=""true"""
"=""lãi suất tiết kiệm vietcombank""","=""2900""","=""0.36""","=""5""","=""Low""","=""false"""
"=""an bình bank""","=""2900""","=""0.3""","=""3""","=""Low""","=""false"""
"=""mã swift bidv""","=""2900""","=""0.01""","=""3""","=""Low""","=""false"""
"=""mã swift techcombank""","=""2900""","=""0.01""","=""3""","=""Low""","=""false"""
"=""mã swift vietinbank""","=""2900""","=""0.01""","=""3""","=""Low""","=""false"""
"=""swift code techcombank""","=""2900""","=""0.01""","=""3""","=""Low""","=""false"""
"=""vietinbank doanh nghiệp""","=""2900""","=""0""","=""3""","=""Low""","=""false"""
"=""số tổng đài mb bank""","=""2400""","=""0.03""","=""5""","=""Low""","=""false"""
"=""số tổng đài vietinbank""","=""2400""","=""0.13""","=""4""","=""Low""","=""false"""
"=""số tổng đài bidv""","=""2400""","=""0.03""","=""4""","=""Low""","=""false"""
"=""tổng đài bidv 24 7""","=""2400""","=""0.03""","=""5""","=""Low""","=""false"""
"=""số tổng đài sacombank""","=""2400""","=""0.03""","=""4""","=""Low""","=""false"""
"=""tổng đài chăm sóc khách hàng mb bank""","=""2400""","=""0.03""","=""8""","=""Low""","=""false"""
"=""tổng đài shb""","=""2400""","=""0.06""","=""3""","=""Low""","=""false"""
"=""techcombank online""","=""2400""","=""0.64""","=""2""","=""Low""","=""false"""
"=""mở tài khoản vietcombank online""","=""2400""","=""0.74""","=""5""","=""Low""","=""false"""
"=""thẻ techcombank""","=""2400""","=""0.77""","=""2""","=""Low""","=""true"""
"=""chăm sóc khách hàng bidv""","=""2400""","=""0.03""","=""5""","=""Low""","=""false"""
"=""tổng đài chăm sóc khách hàng vietcombank""","=""2400""","=""0.02""","=""7""","=""Low""","=""false"""
"=""chăm sóc khách hàng vpbank""","=""2400""","=""0.01""","=""5""","=""Low""","=""false"""
"=""bidv online""","=""2400""","=""0.36""","=""2""","=""Low""","=""false"""
"=""lãi suất acb""","=""2400""","=""0""","=""3""","=""Low""","=""false"""
"=""vietcombank online""","=""2400""","=""0.68""","=""2""","=""Low""","=""false"""
"=""pvcombank tuyển dụng""","=""2400""","=""0.12""","=""3""","=""Low""","=""false"""
"=""chủ tịch acb""","=""2400""","=""0""","=""3""","=""Low""","=""false"""
"=""isacombank com vn""","=""2400""","=""0""","=""3""","=""Low""","=""false"""
"=""vcb cashup""","=""2400""","=""0""","=""2""","=""Low""","=""false"""
"=""vcb online""","=""2400""","=""0.68""","=""2""","=""Low""","=""false"""
"=""vay tín chấp online""","=""1900""","=""1.5""","=""4""","=""Medium""","=""false"""
"=""cho vay""","=""1900""","=""0.83""","=""2""","=""Medium""","=""false"""
"=""số tổng đài vpbank""","=""1900""","=""0.31""","=""4""","=""Low""","=""false"""
"=""vay tnex""","=""1900""","=""0.85""","=""2""","=""Medium""","=""false"""
"=""tpbank mobile""","=""1900""","=""0.49""","=""2""","=""Low""","=""false"""
"=""số tài khoản""","=""1900""","=""0.38""","=""3""","=""Low""","=""false"""
"=""chi nhánh bidv""","=""1900""","=""0""","=""3""","=""Low""","=""false"""
"=""chi nhánh mb""","=""1900""","=""0""","=""3""","=""Low""","=""false"""
"=""e sacombank""","=""1900""","=""0""","=""2""","=""Low""","=""false"""
"=""efast vietin""","=""1900""","=""0""","=""2""","=""Low""","=""false"""
"=""lãi suất mb""","=""1900""","=""0""","=""3""","=""Low""","=""false"""
"=""mã swift agribank""","=""1900""","=""0.01""","=""3""","=""Low""","=""false"""
"=""nhnn""","=""1900""","=""0""","=""1""","=""Low""","=""false"""
"=""vcb cafef""","=""1900""","=""0.48""","=""2""","=""Low""","=""false"""
"=""viet bank""","=""1900""","=""0.56""","=""2""","=""Low""","=""true"""
"=""vietbank tuyển dụng""","=""1900""","=""0.28""","=""3""","=""Low""","=""false"""
"=""vay vốn""","=""1600""","=""0.8""","=""2""","=""Medium""","=""false"""
"=""số điện thoại vietcombank""","=""1600""","=""0.03""","=""4""","=""Low""","=""false"""
"=""mở tài khoản techcombank online""","=""1600""","=""0.88""","=""5""","=""Low""","=""false"""
"=""số tổng đài vpbank 24 24""","=""1600""","=""0.37""","=""6""","=""Low""","=""false"""
"=""thẻ vib""","=""1600""","=""0.42""","=""2""","=""Low""","=""false"""
"=""chăm sóc khách hàng agribank""","=""1600""","=""0""","=""5""","=""Low""","=""false"""
"=""mở tài khoản mb online""","=""1600""","=""0.65""","=""5""","=""Low""","=""false"""
"=""tổng đài shinhan""","=""1600""","=""0.11""","=""3""","=""Low""","=""false"""
"=""tổng đài seabank""","=""1600""","=""0""","=""3""","=""Low""","=""false"""
"=""tổng đài tpbank 24 7""","=""1600""","=""0.14""","=""5""","=""Low""","=""false"""
"=""tổng đài tp bank""","=""1600""","=""0.53""","=""4""","=""Low""","=""false"""
"=""chăm sóc khách hàng sacombank""","=""1600""","=""0.03""","=""5""","=""Low""","=""false"""
"=""lãi suất tiết kiệm techcombank""","=""1600""","=""0""","=""5""","=""Low""","=""true"""
"=""lãi suất vay mua nhà""","=""1600""","=""0.27""","=""5""","=""Low""","=""false"""
"=""lãi suất vib""","=""1600""","=""0.03""","=""3""","=""Low""","=""false"""
"=""shinhan bank tuyển dụng""","=""1600""","=""0.08""","=""4""","=""Low""","=""false"""
"=""cake vpbank""","=""1600""","=""0.62""","=""2""","=""Low""","=""false"""
"=""smartbanking bidv""","=""1600""","=""0.05""","=""2""","=""Low""","=""false"""
"=""chi nhánh vpbank""","=""1600""","=""0.64""","=""3""","=""Low""","=""true"""
"=""hdbank online""","=""1600""","=""0.53""","=""2""","=""Low""","=""false"""
"=""vpbank diamond""","=""1600""","=""1.49""","=""2""","=""Low""","=""false"""
"=""lãi suất tiết kiệm bidv""","=""1600""","=""0""","=""5""","=""Low""","=""false"""
"=""nam a bank tuyển dụng""","=""1600""","=""0.14""","=""5""","=""Low""","=""false"""
"=""tải bidv""","=""1600""","=""0.03""","=""2""","=""Low""","=""false"""
"=""vay tpbank""","=""1300""","=""0.82""","=""2""","=""Medium""","=""true"""
"=""số điện thoại tổng đài vietcombank""","=""1300""","=""0.02""","=""6""","=""Low""","=""false"""
"=""neo vpbank""","=""1300""","=""0.67""","=""2""","=""Low""","=""false"""
"=""vay mua nhà""","=""1300""","=""0.44""","=""3""","=""Low""","=""false"""
"=""tổng đài shinhan bank""","=""1300""","=""0.14""","=""4""","=""Low""","=""false"""
"=""thẻ mb bank""","=""1300""","=""0.36""","=""3""","=""Low""","=""false"""
"=""agribank online""","=""1300""","=""0""","=""2""","=""Low""","=""false"""
"=""lãi suất cho vay""","=""1300""","=""1.18""","=""4""","=""Low""","=""false"""
"=""napas 247""","=""1300""","=""0""","=""2""","=""Low""","=""false"""
"=""abbank tuyển dụng""","=""1300""","=""0.24""","=""3""","=""Low""","=""true"""
"=""acb swift code""","=""1300""","=""0.01""","=""3""","=""Low""","=""false"""
"=""chi nhánh agribank""","=""1300""","=""0""","=""3""","=""Low""","=""false"""
"=""dang nhap mb""","=""1300""","=""0""","=""3""","=""Low""","=""false"""
"=""liên việt bank""","=""1300""","=""0.72""","=""3""","=""Low""","=""false"""
"=""lãi suất pvcombank""","=""1300""","=""0""","=""3""","=""Low""","=""false"""
"=""lãi suất tiết kiệm agribank""","=""1300""","=""0""","=""5""","=""Low""","=""false"""
"=""pgbank tuyển dụng""","=""1300""","=""0.2""","=""3""","=""Low""","=""false"""
"=""swift code mbbank""","=""1300""","=""0.01""","=""3""","=""Low""","=""false"""
"=""swift code vietinbank""","=""1300""","=""0.01""","=""3""","=""Low""","=""false"""
"=""thẻ vietinbank""","=""1300""","=""0.57""","=""2""","=""Low""","=""true"""
"=""mở tài khoản vietinbank online""","=""1000""","=""0.7""","=""5""","=""Low""","=""false"""
"=""vay tiêu dùng trả góp""","=""1000""","=""1.4""","=""5""","=""Medium""","=""false"""
"=""vay shb""","=""1000""","=""0.72""","=""2""","=""Medium""","=""false"""
"=""mở tài khoản bidv online""","=""1000""","=""0.89""","=""5""","=""Low""","=""false"""
"=""số tài khoản đẹp""","=""1000""","=""0""","=""4""","=""Low""","=""false"""
"=""thẻ tín dụng hdbank""","=""1000""","=""0.57""","=""4""","=""Medium""","=""false"""
"=""số tổng đài vib""","=""1000""","=""0.04""","=""4""","=""Low""","=""false"""
"=""tổng đài vib bank""","=""1000""","=""0.05""","=""4""","=""Low""","=""false"""
"=""chăm sóc khách hàng vietinbank""","=""1000""","=""0.11""","=""5""","=""Low""","=""false"""
"=""tổng đài eximbank""","=""1000""","=""0""","=""3""","=""Low""","=""true"""
"=""số tổng đài hd saison""","=""1000""","=""0.06""","=""5""","=""Low""","=""false"""
"=""tài khoản mb bank""","=""1000""","=""0.35""","=""4""","=""Low""","=""false"""
"=""số tổng đài acb""","=""1000""","=""0.03""","=""4""","=""Low""","=""false"""
"=""chăm sóc khách hàng acb""","=""1000""","=""0""","=""5""","=""Low""","=""false"""
"=""tổng đài nam á bank""","=""1000""","=""0""","=""5""","=""Low""","=""false"""
"=""tải vietinbank ipay""","=""1000""","=""0.49""","=""3""","=""Low""","=""true"""
"=""lãi suất vay""","=""1000""","=""0.65""","=""3""","=""Low""","=""false"""
"=""tải ứng dụng agribank""","=""1000""","=""0""","=""4""","=""Low""","=""false"""
"=""lãi suất vay vietcombank""","=""1000""","=""0.79""","=""4""","=""Low""","=""false"""
"=""thẻ đen vietinbank""","=""1000""","=""0""","=""3""","=""Low""","=""false"""
"=""lãi suất shb""","=""1000""","=""0""","=""3""","=""Low""","=""false"""
"=""atm đông á""","=""1000""","=""0""","=""3""","=""Low""","=""false"""
"=""bắc á bank tuyển dụng""","=""1000""","=""0.17""","=""5""","=""Low""","=""false"""
"=""cdm vpbank""","=""1000""","=""0""","=""2""","=""Low""","=""false"""
"=""dang nhap acb""","=""1000""","=""0""","=""3""","=""Low""","=""false"""
"=""hsbc com vn""","=""1000""","=""0.42""","=""3""","=""Low""","=""false"""
"=""liên việt""","=""1000""","=""0""","=""2""","=""Low""","=""false"""
"=""lãi suất huy động""","=""1000""","=""0.13""","=""4""","=""Low""","=""false"""
"=""lãi suất tiết kiệm sacombank""","=""1000""","=""0""","=""5""","=""Low""","=""false"""
"=""online mbbank""","=""1000""","=""0.56""","=""2""","=""Low""","=""false"""
"=""pgd vietcombank""","=""1000""","=""0""","=""2""","=""Low""","=""false"""
"=""thẻ agribank""","=""1000""","=""0.36""","=""2""","=""Low""","=""false"""
"=""thẻ bidv""","=""1000""","=""0.37""","=""2""","=""Low""","=""false"""
"=""vietcombank chi nhánh""","=""1000""","=""0""","=""3""","=""Low""","=""false"""
"=""vietcombank lãi suất""","=""1000""","=""0.32""","=""3""","=""Low""","=""false"""
"=""vpbank vietnam""","=""1000""","=""0.53""","=""2""","=""Low""","=""false"""
"=""mở tài khoản vietcombank""","=""880""","=""0.72""","=""4""","=""Low""","=""false"""
"=""vay lãi suất thấp""","=""880""","=""1.21""","=""4""","=""High""","=""false"""
"=""tpfico""","=""880""","=""1.27""","=""1""","=""Medium""","=""false"""
"=""mở tài khoản acb online""","=""880""","=""1.06""","=""5""","=""Low""","=""false"""
"=""vietcombank tổng đài""","=""880""","=""0""","=""3""","=""Low""","=""false"""
"=""số điện thoại tổng đài agribank""","=""880""","=""0""","=""6""","=""Low""","=""false"""
"=""số điện thoại tổng đài sacombank""","=""880""","=""0.03""","=""6""","=""Low""","=""false"""
"=""số điện thoại techcombank""","=""880""","=""0""","=""4""","=""Low""","=""false"""
"=""mở thẻ vietcombank online""","=""880""","=""0.73""","=""4""","=""Low""","=""false"""
"=""thẻ tpbank""","=""880""","=""1.37""","=""2""","=""Low""","=""false"""
"=""nhân viên chăm sóc khách hàng vietinbank""","=""880""","=""0""","=""7""","=""Low""","=""false"""
"=""thẻ mb""","=""880""","=""0.26""","=""2""","=""Low""","=""true"""
"=""lai suat tiet kiem""","=""880""","=""0""","=""4""","=""Low""","=""false"""
"=""lãi suất cho vay vietcombank""","=""880""","=""0""","=""5""","=""Low""","=""false"""
"=""tài khoản agribank""","=""880""","=""0""","=""3""","=""Low""","=""false"""
"=""woori bank tuyển dụng""","=""880""","=""0.17""","=""4""","=""Low""","=""true"""
"=""standard chartered tuyển dụng""","=""880""","=""0.34""","=""4""","=""Low""","=""false"""
"=""lãi suất tpbank""","=""880""","=""0.41""","=""3""","=""Low""","=""false"""
"=""bao viet bank""","=""880""","=""1.67""","=""3""","=""Low""","=""false"""
"=""dang nhap vcb""","=""880""","=""0""","=""3""","=""Low""","=""false"""
"=""hạn mức chuyển tiền vietcombank""","=""880""","=""0""","=""5""","=""Low""","=""false"""
"=""lai suat sacombank""","=""880""","=""0""","=""3""","=""Low""","=""true"""
"=""lai suat vcb""","=""880""","=""0""","=""3""","=""Low""","=""false"""
"=""lai suat vietcombank""","=""880""","=""0""","=""3""","=""Low""","=""false"""
"=""lãi suất bắc á""","=""880""","=""0""","=""4""","=""Low""","=""false"""
"=""lãi suất bắc á bank""","=""880""","=""0""","=""5""","=""Low""","=""false"""
"=""mã swift sacombank""","=""880""","=""0.02""","=""3""","=""Low""","=""false"""
"=""swift code bidv""","=""880""","=""0.01""","=""3""","=""Low""","=""false"""
"=""sài gòn bank""","=""880""","=""2.65""","=""3""","=""Low""","=""true"""
"=""thoibaonganhang""","=""880""","=""0""","=""1""","=""Low""","=""true"""
"=""tmcp quân đội""","=""880""","=""0""","=""3""","=""Low""","=""false"""
"=""tuyển dụng agribank""","=""880""","=""0""","=""3""","=""Low""","=""true"""
"=""tuyển dụng hdbank""","=""880""","=""0.08""","=""3""","=""Low""","=""false"""
"=""tại agribank""","=""880""","=""0""","=""2""","=""Low""","=""false"""
"=""vietcombank doanh nghiệp""","=""880""","=""0""","=""3""","=""Low""","=""false"""
"=""vpbank doanh nghiệp""","=""880""","=""0.35""","=""3""","=""Low""","=""false"""
"=""mở tài khoản techcombank""","=""720""","=""0.93""","=""4""","=""Low""","=""false"""
"=""mở thẻ techcombank""","=""720""","=""0.74""","=""3""","=""Low""","=""false"""
"=""mở tài khoản online""","=""720""","=""0.94""","=""4""","=""Medium""","=""false"""
"=""vay tiêu dùng mb bank""","=""720""","=""0.85""","=""5""","=""Medium""","=""true"""
"=""làm thẻ vietcombank online""","=""720""","=""0.61""","=""4""","=""Low""","=""false"""
"=""số điện thoại mb bank""","=""720""","=""0.03""","=""5""","=""Low""","=""false"""
"=""số tổng đài tpbank""","=""720""","=""0""","=""4""","=""Low""","=""false"""
"=""tổng đài mb quân đội""","=""720""","=""0.03""","=""5""","=""Low""","=""false"""
"=""số điện thoại sacombank""","=""720""","=""0.02""","=""4""","=""Low""","=""false"""
"=""tài khoản số đẹp mbbank""","=""720""","=""0""","=""5""","=""Low""","=""true"""
"=""số điện thoại tổng đài mb""","=""720""","=""0.03""","=""6""","=""Low""","=""false"""
"=""thẻ đen vpbank""","=""720""","=""2.33""","=""3""","=""Low""","=""true"""
"=""chăm sóc khách hàng vib""","=""720""","=""0.03""","=""5""","=""Low""","=""false"""
"=""vpbank tổng đài""","=""720""","=""0.23""","=""3""","=""Low""","=""false"""
"=""số tài khoản mb bank""","=""720""","=""0""","=""5""","=""Low""","=""true"""
"=""techcombank lãi suất""","=""720""","=""0""","=""3""","=""Low""","=""false"""
"=""thẻ đen mb bank""","=""720""","=""0.45""","=""4""","=""Low""","=""false"""
"=""lãi suất tiết kiệm vpbank""","=""720""","=""0.34""","=""5""","=""Low""","=""true"""
"=""số tài khoản mb đẹp""","=""720""","=""0""","=""5""","=""Low""","=""true"""
"=""thẻ đen acb""","=""720""","=""0""","=""3""","=""Low""","=""false"""
"=""19009247""","=""720""","=""0""","=""1""","=""Low""","=""false"""
"=""agribank lãi suất""","=""720""","=""0""","=""3""","=""Low""","=""true"""
"=""bidv chi nhánh""","=""720""","=""0""","=""3""","=""Low""","=""false"""
"=""bidv lãi suất""","=""720""","=""0""","=""3""","=""Low""","=""true"""
"=""chi nhánh sacombank""","=""720""","=""0""","=""3""","=""Low""","=""false"""
"=""chi nhánh vib""","=""720""","=""0""","=""3""","=""Low""","=""false"""
"=""hd bank lãi suất""","=""720""","=""0.24""","=""4""","=""Low""","=""false"""
"=""lai suat agribank""","=""720""","=""0""","=""3""","=""Low""","=""false"""
"=""lai suat bidv""","=""720""","=""0""","=""3""","=""Low""","=""false"""
"=""lãi agribank""","=""720""","=""0""","=""2""","=""Low""","=""false"""
"=""lãi suất msb""","=""720""","=""0""","=""3""","=""Low""","=""true"""
"=""lãi suất nam á bank""","=""720""","=""0""","=""5""","=""Low""","=""false"""
"=""smartbank mb""","=""720""","=""0""","=""2""","=""Low""","=""false"""
"=""tai vietcombank""","=""720""","=""0.44""","=""2""","=""Low""","=""false"""
"=""tuyển dụng acb""","=""720""","=""0.14""","=""3""","=""Low""","=""false"""
"=""tổng đài pvcombank""","=""720""","=""0""","=""3""","=""Low""","=""false"""
"=""uy nhiem chi acb""","=""720""","=""0""","=""4""","=""Low""","=""false"""
"=""vcb rate""","=""720""","=""0""","=""2""","=""Low""","=""false"""
"=""vietcombank rate""","=""720""","=""0""","=""2""","=""Low""","=""false"""
"=""website vietcombank""","=""720""","=""0.39""","=""2""","=""Low""","=""false"""
"=""vay vốn kinh doanh""","=""590""","=""1.09""","=""4""","=""Medium""","=""false"""
"=""vay tín chấp mb bank""","=""590""","=""0.81""","=""5""","=""Medium""","=""false"""
"=""mở tài khoản mb bank online""","=""590""","=""0.77""","=""6""","=""Medium""","=""true"""
"=""số điện thoại agribank""","=""590""","=""0""","=""4""","=""Low""","=""false"""
"=""mở tài khoản vpbank online""","=""590""","=""0.75""","=""5""","=""Medium""","=""false"""
"=""vay vib""","=""590""","=""0.71""","=""2""","=""Medium""","=""true"""
"=""vay tp bank""","=""590""","=""0.84""","=""3""","=""Medium""","=""false"""
"=""số điện thoại vietinbank""","=""590""","=""0.13""","=""4""","=""Low""","=""false"""
"=""hỗ trợ mbbank""","=""590""","=""0""","=""3""","=""Low""","=""false"""
"=""mb bank vay tiêu dùng""","=""590""","=""0.79""","=""5""","=""Medium""","=""false"""
"=""mở tài khoản vietinbank""","=""590""","=""0.44""","=""4""","=""Low""","=""false"""
"=""số điện thoại tổng đài vietinbank""","=""590""","=""0.13""","=""6""","=""Low""","=""false"""
"=""vay agribank""","=""590""","=""0.53""","=""2""","=""Low""","=""false"""
"=""tổng đài sacombank 24 7""","=""590""","=""0.03""","=""5""","=""Low""","=""false"""
"=""số điện thoại tổng đài bidv""","=""590""","=""0.02""","=""6""","=""Low""","=""false"""
"=""số điện thoại tổng đài techcombank""","=""590""","=""0""","=""6""","=""Low""","=""false"""
"=""mở tk vietcombank online""","=""590""","=""0.8""","=""4""","=""Low""","=""false"""
"=""tổng đài chăm sóc khách hàng bidv""","=""590""","=""0.03""","=""7""","=""Low""","=""false"""
"=""tài khoản vietcombank""","=""590""","=""0.4""","=""3""","=""Low""","=""false"""
"=""vib tổng đài""","=""590""","=""0.02""","=""3""","=""Low""","=""false"""
"=""vpbank lãi suất""","=""590""","=""0.37""","=""3""","=""Low""","=""true"""
"=""tpbank hỗ trợ trực tuyến""","=""590""","=""2.68""","=""5""","=""Low""","=""false"""
"=""viêtcombank""","=""590""","=""0.53""","=""1""","=""Low""","=""false"""
"=""ứng dụng vietcombank""","=""590""","=""0.35""","=""3""","=""Low""","=""false"""
"=""lãi suất tiết kiệm acb""","=""590""","=""0""","=""5""","=""Low""","=""false"""
"=""024 73056600""","=""590""","=""0""","=""2""","=""Low""","=""true"""
"=""chi nhánh tpbank""","=""590""","=""0""","=""3""","=""Low""","=""false"""
"=""dang nhap mb bank""","=""590""","=""0""","=""4""","=""Low""","=""false"""
"=""digibank vcb""","=""590""","=""0.66""","=""2""","=""Low""","=""false"""
"=""lãi suất vietbank""","=""590""","=""0""","=""3""","=""Low""","=""false"""
"=""mb bank chi nhánh""","=""590""","=""0""","=""4""","=""Low""","=""false"""
"=""nh vietinbank""","=""590""","=""0.13""","=""2""","=""Low""","=""false"""
"=""sacombank lãi suất""","=""590""","=""0""","=""3""","=""Low""","=""true"""
"=""swift vietcombank""","=""590""","=""0.02""","=""2""","=""Low""","=""false"""
"=""tai sacombank""","=""590""","=""0.79""","=""2""","=""Low""","=""false"""
"=""thẻ đen bidv""","=""590""","=""0""","=""3""","=""Low""","=""false"""
"=""tuyển dụng vib""","=""590""","=""0.02""","=""3""","=""Low""","=""false"""
"=""tổng đài standard chartered""","=""590""","=""0.02""","=""4""","=""Low""","=""false"""
"=""vietinbank vn efast""","=""590""","=""0""","=""3""","=""Low""","=""false"""
"=""mở tài khoản mb bank""","=""480""","=""0.52""","=""5""","=""Low""","=""false"""
"=""vay tiền lãi suất thấp""","=""480""","=""1.03""","=""5""","=""High""","=""false"""
"=""vay tín chấp tpbank""","=""480""","=""0.92""","=""4""","=""Medium""","=""false"""
"=""hỗ trợ vay vốn""","=""480""","=""0.66""","=""4""","=""Medium""","=""false"""
"=""vay tiền mb bank""","=""480""","=""0.75""","=""4""","=""Medium""","=""false"""
"=""mở tài khoản tpbank online""","=""480""","=""0.82""","=""5""","=""Medium""","=""false"""
"=""vay tiêu dùng online""","=""480""","=""1.24""","=""4""","=""Medium""","=""true"""
"=""mở tài khoản mb""","=""480""","=""0.47""","=""4""","=""Low""","=""false"""
"=""vay tín chấp vietinbank""","=""480""","=""0.79""","=""4""","=""Medium""","=""false"""
"=""số điện thoại tổng đài mb bank""","=""480""","=""0.03""","=""7""","=""Low""","=""false"""
"=""mở tk mb online""","=""480""","=""0.62""","=""4""","=""Medium""","=""false"""
"=""the tin dung vib""","=""480""","=""0""","=""4""","=""Low""","=""false"""
"=""tài khoản vietinbank""","=""480""","=""0.39""","=""3""","=""Low""","=""false"""
"=""tpbank fico""","=""480""","=""1.11""","=""2""","=""Medium""","=""false"""
"=""tài khoản số đẹp""","=""480""","=""0""","=""4""","=""Low""","=""false"""
"=""vay tín chấp agribank""","=""480""","=""0.62""","=""4""","=""Medium""","=""false"""
"=""vay tín chấp vib""","=""480""","=""0.73""","=""4""","=""Medium""","=""false"""
"=""tpbank online""","=""480""","=""0.64""","=""2""","=""Low""","=""false"""
"=""mở thẻ vietinbank online""","=""480""","=""0.63""","=""4""","=""Low""","=""false"""
"=""số điện thoại bidv""","=""480""","=""0.03""","=""4""","=""Low""","=""false"""
"=""tổng đài chăm sóc khách hàng agribank""","=""480""","=""0""","=""7""","=""Low""","=""false"""
"=""tổng đài acb bank""","=""480""","=""0""","=""4""","=""Low""","=""false"""
"=""tài khoản mb""","=""480""","=""0.25""","=""3""","=""Low""","=""false"""
"=""shinhan bank online""","=""480""","=""0.56""","=""3""","=""Low""","=""false"""
"=""tài khoản techcombank""","=""480""","=""0.9""","=""3""","=""Low""","=""false"""
"=""sacombank tổng đài""","=""480""","=""0""","=""3""","=""Low""","=""false"""
"=""vay thế chấp agribank""","=""480""","=""0.35""","=""4""","=""Low""","=""false"""
"=""bidv tổng đài""","=""480""","=""0.03""","=""3""","=""Low""","=""false"""
"=""thẻ đen vib""","=""480""","=""0.01""","=""3""","=""Low""","=""true"""
"=""lãi suất vay agribank""","=""480""","=""0.25""","=""4""","=""Low""","=""false"""
"=""tra cứu khoản vay tpbank""","=""480""","=""0""","=""5""","=""Low""","=""false"""
"=""02838247247""","=""480""","=""0""","=""1""","=""Low""","=""false"""
"=""acb cá nhân""","=""480""","=""0""","=""3""","=""Low""","=""false"""
"=""agribank swift code""","=""480""","=""0""","=""3""","=""Low""","=""false"""
"=""bank code vietcombank""","=""480""","=""0""","=""3""","=""Low""","=""false"""
"=""bidv cá nhân""","=""480""","=""0.45""","=""3""","=""Low""","=""false"""
"=""bidv smart""","=""480""","=""0.27""","=""2""","=""Low""","=""false"""
"=""bidv swift code""","=""480""","=""0.07""","=""3""","=""Low""","=""true"""
"=""hội sở sacombank""","=""480""","=""0""","=""3""","=""Low""","=""false"""
"=""lai suat acb""","=""480""","=""0""","=""3""","=""Low""","=""false"""
"=""lãi suất abbank""","=""480""","=""0""","=""3""","=""Low""","=""false"""
"=""lãi suất eximbank""","=""480""","=""0""","=""3""","=""Low""","=""false"""
"=""lãi suất không kỳ hạn""","=""480""","=""0""","=""5""","=""Low""","=""false"""
"=""lãi vietcombank""","=""480""","=""0""","=""2""","=""Low""","=""true"""
"=""mã swift code vietcombank""","=""480""","=""0.01""","=""4""","=""Low""","=""false"""
"=""nh vietcombank""","=""480""","=""0.19""","=""2""","=""Low""","=""false"""
"=""sacombank swift code""","=""480""","=""0.02""","=""3""","=""Low""","=""false"""
"=""vcb digibank vietcombank com vn""","=""480""","=""0.4""","=""5""","=""Low""","=""false"""
"=""vietinbank lãi suất""","=""480""","=""0""","=""3""","=""Low""","=""false"""
"=""vay tiêu dùng sacombank""","=""390""","=""0.87""","=""4""","=""Medium""","=""true"""
"=""tổng đài agribank 24 24""","=""390""","=""0""","=""5""","=""Low""","=""false"""
"=""vay tiền trả góp vietinbank""","=""390""","=""0.84""","=""5""","=""Medium""","=""false"""
"=""mở thẻ mb bank""","=""390""","=""0.61""","=""4""","=""Low""","=""true"""
"=""mở thẻ vpbank online""","=""390""","=""0.99""","=""4""","=""Medium""","=""false"""
"=""vay vietinbank""","=""390""","=""0.7""","=""2""","=""Medium""","=""false"""
"=""tổng đài vpbank neo""","=""390""","=""0.18""","=""4""","=""Low""","=""false"""
"=""số vietcombank""","=""390""","=""0.03""","=""2""","=""Low""","=""false"""
"=""số điện thoại vpbank""","=""390""","=""0.31""","=""4""","=""Low""","=""false"""
"=""hỗ trợ vietcombank""","=""390""","=""0.03""","=""3""","=""Low""","=""false"""
"=""thẻ visa tpbank""","=""390""","=""1.05""","=""3""","=""Low""","=""false"""
"=""số điện thoại mb""","=""390""","=""0.03""","=""4""","=""Low""","=""false"""
"=""mb bank tổng đài""","=""390""","=""0""","=""4""","=""Low""","=""false"""
"=""mở thẻ mb online""","=""390""","=""0.62""","=""4""","=""Medium""","=""false"""
"=""tài khoản mb số đẹp""","=""390""","=""0""","=""5""","=""Low""","=""true"""
"=""số tổng đài msb""","=""390""","=""0""","=""4""","=""Low""","=""false"""
"=""thẻ đen tpbank""","=""390""","=""0""","=""3""","=""Low""","=""false"""
"=""lãi suất tiết kiệm vib""","=""390""","=""0.03""","=""5""","=""Low""","=""false"""
"=""ứng dụng vietinbank""","=""390""","=""0.23""","=""3""","=""Low""","=""false"""
"=""tiền phong bank""","=""390""","=""0.54""","=""3""","=""Low""","=""false"""
"=""chuyển khoản vietcombank""","=""390""","=""0.39""","=""3""","=""Low""","=""true"""
"=""dang nhap bidv""","=""390""","=""0""","=""3""","=""Low""","=""false"""
"=""hsbc tổng đài""","=""390""","=""0""","=""3""","=""Low""","=""false"""
"=""kiểm tra số tài khoản bằng điện thoại""","=""390""","=""0""","=""8""","=""Low""","=""false"""
"=""lai suat vietinbank""","=""390""","=""0""","=""3""","=""Low""","=""false"""
"=""lãi suất seabank""","=""390""","=""0""","=""3""","=""Low""","=""false"""
"=""nh công thương""","=""390""","=""0""","=""3""","=""Low""","=""false"""
"=""shb online doanh nghiệp""","=""390""","=""0""","=""4""","=""Low""","=""true"""
"=""swift bic vietcombank""","=""390""","=""0""","=""3""","=""Low""","=""false"""
"=""swift code vpbank""","=""390""","=""0""","=""3""","=""Low""","=""false"""
"=""số tài khoản vietinbank""","=""390""","=""0""","=""4""","=""Low""","=""false"""
"=""số đẹp mb bank""","=""390""","=""0""","=""4""","=""Low""","=""true"""
"=""thanh toán hd saison""","=""390""","=""0""","=""4""","=""Low""","=""false"""
"=""vpbank chi nhánh""","=""390""","=""0""","=""3""","=""Low""","=""false"""
"=""á châu bank""","=""390""","=""0""","=""3""","=""Low""","=""false"""
"=""vay tiêu dùng tpbank""","=""320""","=""0.88""","=""4""","=""Medium""","=""false"""
"=""vay tiêu dùng tín chấp""","=""320""","=""1.17""","=""5""","=""Medium""","=""false"""
"=""mở tài khoản vpbank""","=""320""","=""0.73""","=""4""","=""Medium""","=""true"""
"=""mở tk techcombank online""","=""320""","=""0.83""","=""4""","=""Medium""","=""true"""
"=""tài chính shinhan""","=""320""","=""0.36""","=""3""","=""Medium""","=""false"""
"=""mở thẻ tpbank online""","=""320""","=""1.66""","=""4""","=""Medium""","=""false"""
"=""mở thẻ tpbank""","=""320""","=""1.63""","=""3""","=""Medium""","=""false"""
"=""mở tài khoản bidv""","=""320""","=""0.62""","=""4""","=""Low""","=""false"""
"=""shb vay tiêu dùng""","=""320""","=""0.66""","=""4""","=""Medium""","=""false"""
"=""vay sacombank""","=""320""","=""0.67""","=""2""","=""Medium""","=""true"""
"=""làm thẻ mb online""","=""320""","=""0.54""","=""4""","=""Medium""","=""false"""
"=""vay acb""","=""320""","=""0.75""","=""2""","=""Medium""","=""false"""
"=""mở tài khoản sacombank online""","=""320""","=""0.85""","=""5""","=""Low""","=""false"""
"=""vay tiêu dùng vietinbank""","=""320""","=""0.75""","=""4""","=""Medium""","=""false"""
"=""tổng đài hỗ trợ vietcombank""","=""320""","=""0.04""","=""5""","=""Low""","=""false"""
"=""mở tài khoản online vietcombank""","=""320""","=""0.79""","=""5""","=""Low""","=""false"""
"=""vay tín chấp mb""","=""320""","=""0.81""","=""4""","=""Medium""","=""false"""
"=""mở tk bidv online""","=""320""","=""0.82""","=""4""","=""Low""","=""false"""
"=""tổng đài scb""","=""320""","=""0""","=""3""","=""Low""","=""false"""
"=""số mb bank""","=""320""","=""0.03""","=""3""","=""Low""","=""false"""
"=""số điện thoại tổng đài vpbank""","=""320""","=""0""","=""6""","=""Low""","=""false"""
"=""tổng đài tiên phong bank""","=""320""","=""0""","=""5""","=""Low""","=""false"""
"=""lãi suất vay vietinbank""","=""320""","=""0.55""","=""4""","=""Low""","=""false"""
"=""chuyển tiền vietcombank""","=""320""","=""0""","=""3""","=""Low""","=""false"""
"=""vib lãi suất""","=""320""","=""0.04""","=""3""","=""Low""","=""false"""
"=""việtcombank""","=""320""","=""0.48""","=""1""","=""Low""","=""false"""
"=""acb lãi suất""","=""320""","=""0""","=""3""","=""Low""","=""true"""
"=""acb tuyen dung""","=""320""","=""0.31""","=""3""","=""Low""","=""false"""
"=""chuyển tiền bidv""","=""320""","=""0""","=""3""","=""Low""","=""false"""
"=""các chi nhánh vietcombank""","=""320""","=""0""","=""4""","=""Low""","=""false"""
"=""efast vietinbank mới nhất""","=""320""","=""0""","=""4""","=""Low""","=""false"""
"=""giờ mở cửa vietcombank""","=""320""","=""0""","=""4""","=""Low""","=""false"""
"=""hạn mức chuyển khoản mb""","=""320""","=""0""","=""5""","=""Low""","=""false"""
"=""i sacombank""","=""320""","=""0""","=""2""","=""Low""","=""false"""
"=""lienviet24h""","=""320""","=""0""","=""1""","=""Low""","=""false"""
"=""lienvietpostbank tuyển dụng""","=""320""","=""0.04""","=""3""","=""Low""","=""false"""
"=""liên việt 24h""","=""320""","=""0""","=""3""","=""Low""","=""false"""
"=""lãi suất tp bank""","=""320""","=""0""","=""4""","=""Low""","=""false"""
"=""mã giới thiệu tpbank""","=""320""","=""0.84""","=""4""","=""Low""","=""false"""
"=""nh sacombank""","=""320""","=""0""","=""2""","=""Low""","=""false"""
"=""nh techcombank""","=""320""","=""0.33""","=""2""","=""Low""","=""false"""
"=""sacombank viết tắt""","=""320""","=""0""","=""3""","=""Low""","=""false"""
"=""swift code tpbank""","=""320""","=""0""","=""3""","=""Low""","=""false"""
"=""thẻ atm agribank""","=""320""","=""0""","=""3""","=""Low""","=""false"""
"=""trả góp sacombank""","=""320""","=""0""","=""3""","=""Low""","=""false"""
"=""vietbank online""","=""320""","=""0""","=""2""","=""Low""","=""false"""
"=""vietcombank cá nhân""","=""320""","=""0""","=""3""","=""Low""","=""true"""
"=""vay tiền tín chấp""","=""260""","=""1.33""","=""4""","=""Medium""","=""false"""
"=""làm thẻ mb bank online""","=""260""","=""0.61""","=""5""","=""Medium""","=""false"""
"=""cho vay tín chấp""","=""260""","=""1.03""","=""4""","=""Medium""","=""false"""
"=""tpbank thẻ tín dụng""","=""260""","=""1.19""","=""4""","=""Medium""","=""false"""
"=""tổng đài hỗ trợ mb bank""","=""260""","=""0.03""","=""6""","=""Low""","=""false"""
"=""mở thẻ vietinbank""","=""260""","=""0.39""","=""3""","=""Low""","=""false"""
"=""làm thẻ vietinbank online""","=""260""","=""0.48""","=""4""","=""Low""","=""false"""
"=""tổng đài vietcombank 24 7""","=""260""","=""0""","=""5""","=""Low""","=""false"""
"=""mã giới thiệu vpbank""","=""260""","=""0.43""","=""4""","=""Low""","=""true"""
"=""mở thẻ bidv online""","=""260""","=""0.73""","=""4""","=""Medium""","=""false"""
"=""số điện thoại chăm sóc khách hàng vietcombank""","=""260""","=""0.02""","=""8""","=""Low""","=""false"""
"=""vay tiền mua nhà""","=""260""","=""0.6""","=""4""","=""Low""","=""false"""
"=""số chăm sóc khách hàng mb""","=""260""","=""0""","=""6""","=""Low""","=""false"""
"=""số tổng đài agribank 24 24""","=""260""","=""0""","=""6""","=""Low""","=""false"""
"=""chăm sóc khách hàng tpbank""","=""260""","=""0""","=""5""","=""Low""","=""false"""
"=""mở thẻ acb online""","=""260""","=""0.78""","=""4""","=""Low""","=""false"""
"=""vay mua ô tô""","=""260""","=""0.29""","=""4""","=""Low""","=""false"""
"=""tài khoản vpbank""","=""260""","=""0.69""","=""3""","=""Low""","=""false"""
"=""số tài khoản vietcombank""","=""260""","=""0""","=""4""","=""Low""","=""false"""
"=""scb tuyển dụng""","=""260""","=""0.28""","=""3""","=""Low""","=""true"""
"=""lai suat vpbank""","=""260""","=""0.38""","=""3""","=""Low""","=""true"""
"=""tài khoản bidv""","=""260""","=""0.44""","=""3""","=""Low""","=""false"""
"=""thanh toán khoản vay""","=""260""","=""0.29""","=""4""","=""Low""","=""false"""
"=""kiểm tra khoản vay tpbank""","=""260""","=""1.37""","=""5""","=""Low""","=""false"""
"=""lai suat tien gui""","=""260""","=""0.01""","=""4""","=""Low""","=""true"""
"=""ứng dụng sacombank""","=""260""","=""0""","=""3""","=""Low""","=""true"""
"=""bảo lãnh bảo hành""","=""260""","=""0""","=""4""","=""Low""","=""false"""
"=""bảo lãnh thanh toán""","=""260""","=""26.3""","=""4""","=""Low""","=""false"""
"=""chuyển tiền agribank""","=""260""","=""0""","=""3""","=""Low""","=""false"""
"=""chuyển tiền mặt vào tài khoản""","=""260""","=""0""","=""6""","=""Low""","=""false"""
"=""dang nhap sacombank""","=""260""","=""0""","=""3""","=""Low""","=""false"""
"=""dang nhap techcombank""","=""260""","=""0""","=""3""","=""Low""","=""false"""
"=""eximbank com vn""","=""260""","=""0""","=""3""","=""Low""","=""false"""
"=""kiểm tra số tài khoản agribank qua điện thoại""","=""260""","=""0""","=""9""","=""Low""","=""false"""
"=""kiểm tra tài khoản agribank trên điện thoại""","=""260""","=""0""","=""8""","=""Low""","=""false"""
"=""lienviet""","=""260""","=""0""","=""1""","=""Low""","=""false"""
"=""lãi suất nam á""","=""260""","=""0""","=""4""","=""Low""","=""false"""
"=""lãi suất saigonbank""","=""260""","=""0""","=""3""","=""Low""","=""false"""
"=""shb lãi suất""","=""260""","=""0""","=""3""","=""Low""","=""false"""
"=""thẻ atm vietinbank""","=""260""","=""0""","=""3""","=""Low""","=""false"""
"=""tiết kiệm vietcombank""","=""260""","=""0""","=""3""","=""Low""","=""true"""
"=""tổng đài citibank""","=""260""","=""0""","=""3""","=""Low""","=""false"""
"=""vietcombank ipay""","=""260""","=""0""","=""2""","=""Low""","=""false"""
"=""đóng tài khoản mb bank""","=""260""","=""0""","=""5""","=""Low""","=""false"""
"=""vay online mb bank""","=""210""","=""0.9""","=""4""","=""Medium""","=""false"""
"=""vay tiền tpbank""","=""210""","=""0.8""","=""3""","=""Medium""","=""false"""
"=""mở tài khoản vib online""","=""210""","=""1.41""","=""5""","=""Medium""","=""false"""
"=""vay tiền vietinbank""","=""210""","=""0.69""","=""3""","=""Medium""","=""true"""
"=""vay tín chấp sacombank""","=""210""","=""0.76""","=""4""","=""Medium""","=""false"""
"=""vay tin dung""","=""210""","=""0.09""","=""3""","=""Low""","=""false"""
"=""vay tiền agribank""","=""210""","=""0.52""","=""3""","=""Medium""","=""false"""
"=""vay tiêu dùng mb""","=""210""","=""0.8""","=""4""","=""Medium""","=""false"""
"=""mở tài khoản agribank""","=""210""","=""0.48""","=""4""","=""Low""","=""false"""
"=""tài khoản số đẹp techcombank""","=""210""","=""0.97""","=""5""","=""Low""","=""false"""
"=""quy trình thẩm định vay tín chấp tpbank""","=""210""","=""0.86""","=""8""","=""Low""","=""false"""
"=""tra cứu khoản vay shinhan""","=""210""","=""0.14""","=""5""","=""Low""","=""false"""
"=""liên hệ mb bank""","=""210""","=""0.16""","=""4""","=""Low""","=""false"""
"=""số điện thoại của vietcombank""","=""210""","=""0.01""","=""5""","=""Low""","=""false"""
"=""liên hệ vietcombank""","=""210""","=""0.04""","=""3""","=""Low""","=""false"""
"=""tổng đài hỗ trợ techcombank""","=""210""","=""0""","=""5""","=""Low""","=""false"""
"=""mở thẻ bidv""","=""210""","=""0.59""","=""3""","=""Low""","=""false"""
"=""haiha chuyen tien""","=""210""","=""1.42""","=""3""","=""Low""","=""false"""
"=""tổng đài vpbank 24 7""","=""210""","=""0.08""","=""5""","=""Low""","=""true"""
"=""hỗ trợ bidv""","=""210""","=""0.04""","=""3""","=""Low""","=""false"""
"=""chăm sóc khách hàng msb""","=""210""","=""0""","=""5""","=""Low""","=""false"""
"=""bưu điện liên việt""","=""210""","=""0""","=""4""","=""Low""","=""false"""
"=""chuyển khoản agribank""","=""210""","=""0""","=""3""","=""Low""","=""true"""
"=""chuyển tiền vào tài khoản""","=""210""","=""0""","=""5""","=""Low""","=""true"""
"=""dang nhap vietinbank""","=""210""","=""0""","=""3""","=""Low""","=""false"""
"=""emb mbbank""","=""210""","=""0""","=""2""","=""Low""","=""true"""
"=""msb lãi suất""","=""210""","=""0""","=""3""","=""Low""","=""true"""
"=""sai gon bank""","=""210""","=""0""","=""3""","=""Low""","=""false"""
"=""seanet vn""","=""210""","=""0""","=""2""","=""Low""","=""false"""
"=""trang chủ techcombank""","=""210""","=""0""","=""3""","=""Low""","=""false"""
"=""trang chủ vietcombank""","=""210""","=""0""","=""3""","=""Low""","=""true"""
"=""làm thẻ atm online""","=""170""","=""0.79""","=""4""","=""Medium""","=""false"""
"=""vay tiền không thế chấp""","=""170""","=""0.92""","=""5""","=""Medium""","=""false"""
"=""mở tk online""","=""170""","=""1.01""","=""3""","=""High""","=""false"""
"=""mở thẻ mb bank online""","=""170""","=""0.7""","=""5""","=""Medium""","=""false"""
"=""làm thẻ vietcombank""","=""170""","=""0.51""","=""3""","=""Low""","=""false"""
"=""vay vốn nhanh""","=""170""","=""0.94""","=""3""","=""Medium""","=""false"""
"=""vay hdbank""","=""170""","=""0.73""","=""2""","=""Medium""","=""true"""
"=""vay tpfico""","=""170""","=""0.97""","=""2""","=""Medium""","=""false"""
"=""mở tk vpbank online""","=""170""","=""0.82""","=""4""","=""Medium""","=""false"""
"=""làm thẻ bidv online""","=""170""","=""0.72""","=""4""","=""Low""","=""false"""
"=""vay vốn agribank""","=""170""","=""0.45""","=""3""","=""Low""","=""false"""
"=""số điện thoại chăm sóc khách hàng bidv""","=""170""","=""0.04""","=""8""","=""Low""","=""false"""
"=""tp bank online""","=""170""","=""0.47""","=""3""","=""Low""","=""false"""
"=""tài khoản sacombank""","=""170""","=""0""","=""3""","=""Low""","=""false"""
"=""tổng đài liên việt""","=""170""","=""0""","=""4""","=""Low""","=""false"""
"=""thẻ atm mb bank""","=""170""","=""0""","=""4""","=""Low""","=""false"""
"=""dang nhap vpbank""","=""170""","=""0""","=""3""","=""Low""","=""false"""
"=""bidv vietnam""","=""170""","=""0.51""","=""2""","=""Low""","=""false"""
"=""chuyển tiền sacombank bằng điện thoại""","=""170""","=""0""","=""6""","=""Low""","=""false"""
"=""các chi nhánh mb bank""","=""170""","=""0""","=""5""","=""Low""","=""false"""
"=""hạn mức chuyển khoản vietcombank""","=""170""","=""0""","=""5""","=""Low""","=""false"""
"=""lãi suất liên việt""","=""170""","=""0""","=""4""","=""Low""","=""false"""
"=""thẻ atm bidv""","=""170""","=""0""","=""3""","=""Low""","=""false"""
"=""tra cứu khoản vay tpbank fico""","=""170""","=""0""","=""6""","=""Low""","=""false"""
"=""vpbank doanh nghiệp online""","=""170""","=""0.87""","=""4""","=""Low""","=""false"""
"=""làm thẻ techcombank""","=""140""","=""0.77""","=""3""","=""Low""","=""false"""
"=""mở the tín dụng tpbank online""","=""140""","=""1.11""","=""6""","=""High""","=""false"""
"=""mở thẻ vib online""","=""140""","=""1.2""","=""4""","=""Medium""","=""false"""
"=""mở tài khoản vib""","=""140""","=""0.89""","=""4""","=""Medium""","=""false"""
"=""tpbank vay tín chấp""","=""140""","=""0.95""","=""4""","=""Medium""","=""false"""
"=""vay tiền sacombank online""","=""140""","=""0.91""","=""4""","=""Medium""","=""false"""
"=""vay vốn tiêu dùng""","=""140""","=""0.87""","=""4""","=""Medium""","=""false"""
"=""vay tiền shb""","=""140""","=""0.79""","=""3""","=""Medium""","=""true"""
"=""mở tài khoản online techcombank""","=""140""","=""0.7""","=""5""","=""Low""","=""false"""
"=""mở tk vietcombank""","=""140""","=""0.6""","=""3""","=""Low""","=""false"""
"=""làm thẻ mb""","=""140""","=""0.36""","=""3""","=""Low""","=""false"""
"=""sacombank vay tiêu dùng""","=""140""","=""0.73""","=""4""","=""Medium""","=""false"""
"=""vay tiền tnex""","=""140""","=""1.02""","=""3""","=""Medium""","=""true"""
"=""shb vay tín chấp""","=""140""","=""0.9""","=""4""","=""Medium""","=""false"""
"=""vay tiêu dùng sacombank pay""","=""140""","=""0.88""","=""5""","=""Low""","=""true"""
"=""vay tiền bidv""","=""140""","=""0.66""","=""3""","=""Medium""","=""false"""
"=""tổng đài tpbank fico""","=""140""","=""0""","=""4""","=""Low""","=""false"""
"=""hỗ trợ khách hàng mb bank""","=""140""","=""0.03""","=""6""","=""Low""","=""false"""
"=""làm thẻ sacombank online""","=""140""","=""0.63""","=""4""","=""Low""","=""false"""
"=""tổng đài chăm sóc khách hàng sacombank""","=""140""","=""0.03""","=""7""","=""Low""","=""false"""
"=""làm thẻ acb online""","=""140""","=""0.71""","=""4""","=""Low""","=""false"""
"=""tổng đài hỗ trợ bidv""","=""140""","=""0.03""","=""5""","=""Low""","=""false"""
"=""làm thẻ vietinbank""","=""140""","=""0.4""","=""3""","=""Low""","=""false"""
"=""số tổng đài shinhan""","=""140""","=""0""","=""4""","=""Low""","=""false"""
"=""làm thẻ agribank""","=""140""","=""0.54""","=""3""","=""Low""","=""false"""
"=""hỗ trợ agribank""","=""140""","=""0""","=""3""","=""Low""","=""false"""
"=""hỗ trợ khách hàng vietcombank""","=""140""","=""0.04""","=""5""","=""Low""","=""false"""
"=""vay vốn sinh viên agribank""","=""140""","=""0""","=""5""","=""Low""","=""false"""
"=""lãi suất scb""","=""140""","=""0""","=""3""","=""Low""","=""false"""
"=""baovietbank vn""","=""140""","=""0""","=""2""","=""Low""","=""false"""
"=""hạn mức chuyển khoản techcombank""","=""140""","=""0""","=""5""","=""Low""","=""false"""
"=""khách hàng ưu tiên vpbank""","=""140""","=""0""","=""5""","=""Low""","=""false"""
"=""kiểm tra tiền trong tài khoản""","=""140""","=""0""","=""6""","=""Low""","=""true"""
"=""kiểm tra tài khoản agribank""","=""140""","=""0""","=""5""","=""Low""","=""false"""
"=""lãi suất đông á""","=""140""","=""0""","=""4""","=""Low""","=""false"""
"=""msign sacombank""","=""140""","=""0""","=""2""","=""Low""","=""true"""
"=""nạp tiền vetc qua bidv""","=""140""","=""0""","=""5""","=""Low""","=""false"""
"=""sbv tuyển dụng""","=""140""","=""0""","=""3""","=""Low""","=""false"""
"=""sgttvnvx""","=""140""","=""0""","=""1""","=""Low""","=""false"""
"=""số tài khoản agribank""","=""140""","=""0""","=""4""","=""Low""","=""false"""
"=""số tài khoản bidv""","=""140""","=""0""","=""4""","=""Low""","=""false"""
"=""số tài khoản momo""","=""140""","=""0""","=""4""","=""Low""","=""true"""
"=""tra cứu số tài khoản vietcombank""","=""140""","=""0""","=""6""","=""Low""","=""false"""
"=""làm thẻ tín dụng tpbank""","=""110""","=""1.45""","=""5""","=""High""","=""false"""
"=""làm thẻ mb bank""","=""110""","=""0.48""","=""4""","=""Low""","=""false"""
"=""vay tiền mb bank online""","=""110""","=""0.87""","=""5""","=""Medium""","=""false"""
"=""mở tài khoản sacombank""","=""110""","=""0.67""","=""4""","=""Low""","=""false"""
"=""vay tiền hd bank""","=""110""","=""0.89""","=""4""","=""High""","=""false"""
"=""tổng đài techcombank 24 7""","=""110""","=""0""","=""5""","=""Low""","=""false"""
"=""vay tiền tp bank""","=""110""","=""0.77""","=""4""","=""High""","=""false"""
"=""vay sinh viên tpbank""","=""110""","=""1.05""","=""4""","=""Low""","=""false"""
"=""làm thẻ atm vietcombank""","=""110""","=""0.79""","=""4""","=""Low""","=""false"""
"=""tp bank fico""","=""110""","=""1.04""","=""3""","=""Medium""","=""false"""
"=""tổng đài hỗ trợ agribank""","=""110""","=""0""","=""5""","=""Low""","=""false"""
"=""làm thẻ agribank online""","=""110""","=""0.8""","=""4""","=""Low""","=""false"""
"=""mở thẻ agribank""","=""110""","=""0.78""","=""3""","=""Low""","=""false"""
"=""tài khoản số đẹp vpbank""","=""110""","=""0""","=""5""","=""Low""","=""false"""
"=""my vib""","=""110""","=""0.43""","=""2""","=""Low""","=""false"""
"=""mb bank com""","=""110""","=""0""","=""3""","=""Low""","=""false"""
"=""cafef vib""","=""110""","=""0""","=""2""","=""Low""","=""false"""
"=""chuyển tiền sacombank""","=""110""","=""0""","=""3""","=""Low""","=""false"""
"=""chuyển tiền techcombank""","=""110""","=""0""","=""3""","=""Low""","=""false"""
"=""chuyển tiền vietinbank""","=""110""","=""0""","=""3""","=""Low""","=""false"""
"=""customercare vpbank com vn""","=""110""","=""0.6""","=""4""","=""Low""","=""false"""
"=""hạn mức chuyển tiền vietinbank""","=""110""","=""0""","=""5""","=""Low""","=""true"""
"=""khoá thẻ mb""","=""110""","=""0""","=""3""","=""Low""","=""false"""
"=""kiểm tra số tài khoản bidv trên mạng""","=""110""","=""0""","=""8""","=""Low""","=""false"""
"=""lãi suất bản việt""","=""110""","=""0""","=""4""","=""Low""","=""false"""
"=""ngày phát hành thẻ""","=""110""","=""0""","=""4""","=""Low""","=""false"""
"=""online vpbank com vn""","=""110""","=""0""","=""4""","=""Low""","=""false"""
"=""số thẻ vietcombank""","=""110""","=""0""","=""3""","=""Low""","=""false"""
"=""tải smartbanking bidv""","=""110""","=""0""","=""3""","=""Low""","=""false"""
"=""mở thẻ atm online""","=""90""","=""0.89""","=""4""","=""Medium""","=""false"""
"=""mở thẻ tín dụng tpbank online""","=""90""","=""1.8""","=""6""","=""Medium""","=""false"""
"=""vay tiền sacombank""","=""90""","=""0.64""","=""3""","=""Medium""","=""false"""
"=""mở tài khoản mb bank theo số điện thoại""","=""90""","=""0.31""","=""9""","=""Low""","=""false"""
"=""vay vốn mb bank""","=""90""","=""0.57""","=""4""","=""Medium""","=""false"""
"=""vay tín dụng mb bank""","=""90""","=""0.75""","=""5""","=""Medium""","=""false"""
"=""số tổng đài sacombank 24 24""","=""90""","=""0.02""","=""6""","=""Low""","=""false"""
"=""số điện thoại hỗ trợ mb bank""","=""90""","=""0.03""","=""7""","=""Low""","=""false"""
"=""mở the sacombank online""","=""90""","=""0.8""","=""4""","=""Low""","=""false"""
"=""vietcombank số điện thoại""","=""90""","=""0""","=""4""","=""Low""","=""false"""
"=""làm thẻ bidv""","=""90""","=""0.48""","=""3""","=""Low""","=""false"""
"=""làm thẻ tpbank online""","=""90""","=""1.71""","=""4""","=""Medium""","=""false"""
"=""neo vpbank online""","=""90""","=""0.53""","=""3""","=""Low""","=""false"""
"=""digi vietcombank""","=""90""","=""0""","=""2""","=""Low""","=""false"""
"=""hạn mức chuyển tiền techcombank""","=""90""","=""0""","=""5""","=""Low""","=""false"""
"=""lãi suất oceanbank""","=""90""","=""0""","=""3""","=""Low""","=""false"""
"=""mã qr mb bank""","=""90""","=""0""","=""4""","=""Medium""","=""false"""
"=""thẻ mb bank mới""","=""90""","=""0""","=""4""","=""Low""","=""false"""
"=""tnex msb""","=""90""","=""0.66""","=""2""","=""Low""","=""false"""
"=""vietinbank có 2 tài khoản thanh toán""","=""90""","=""0""","=""7""","=""Low""","=""false"""
"=""vpbank neo online""","=""90""","=""0.54""","=""3""","=""Low""","=""true"""
"=""mở tk mb bank""","=""70""","=""0.61""","=""4""","=""Low""","=""false"""
"=""làm thẻ vpbank online""","=""70""","=""0.91""","=""4""","=""Medium""","=""false"""
"=""mở tài khoản chứng khoán vpbank""","=""70""","=""0.55""","=""6""","=""Medium""","=""false"""
"=""kiểm tra hồ sơ vay tpbank""","=""70""","=""0""","=""6""","=""Low""","=""false"""
"=""chuyen tien nhanh""","=""70""","=""0""","=""3""","=""Low""","=""false"""
"=""liên kết momo""","=""70""","=""0""","=""3""","=""Low""","=""true"""
"=""dang nhap vib""","=""70""","=""0""","=""3""","=""Low""","=""false"""
"=""eximbank online cá nhân""","=""70""","=""0""","=""4""","=""Low""","=""false"""
"=""hạn mức chuyển khoản bidv""","=""70""","=""0""","=""5""","=""Low""","=""false"""
"=""kiểm tra tài khoản vietcombank""","=""70""","=""0""","=""5""","=""Low""","=""false"""
"=""lãi suất cb bank""","=""70""","=""0""","=""4""","=""Low""","=""false"""
"=""mã công ty mb bank""","=""70""","=""0""","=""5""","=""Low""","=""false"""
"=""scb lãi suất""","=""70""","=""0""","=""3""","=""Low""","=""false"""
"=""smart bank mb bank""","=""70""","=""0""","=""4""","=""Low""","=""false"""
"=""smartbank mbbank""","=""70""","=""0""","=""2""","=""Low""","=""false"""
"=""số tài khoản sacombank""","=""70""","=""0""","=""4""","=""Low""","=""false"""
"=""tổng đài vpbank thẻ tín dụng""","=""50""","=""0.1""","=""6""","=""Low""","=""false"""
"=""fico tpbank""","=""50""","=""1.03""","=""2""","=""Medium""","=""false"""
"=""công ty tài chính fico tpbank""","=""50""","=""0.68""","=""6""","=""Low""","=""false"""
"=""hạn mức chuyển khoản agribank""","=""50""","=""0""","=""5""","=""Low""","=""false"""
"=""sacombank pay và mbanking khác nhau như the nào""","=""50""","=""0""","=""9""","=""Low""","=""false"""
"=""scb vạn thịnh phát""","=""50""","=""0""","=""4""","=""Low""","=""false"""
"=""số thẻ atm""","=""50""","=""0""","=""3""","=""Low""","=""false"""
"=""thông tin sacombank""","=""50""","=""0""","=""3""","=""Low""","=""false"""
"=""thẻ mb mới""","=""50""","=""0""","=""3""","=""Low""","=""false"""
"=""tiền chuyển khoản bị treo""","=""50""","=""0""","=""5""","=""Low""","=""false"""
"=""vay vốn tín chấp tpbank""","=""40""","=""0.81""","=""5""","=""Medium""","=""false"""
"=""the tin dung tp bank""","=""40""","=""0""","=""5""","=""Low""","=""false"""
"=""cho vay cá nhân vietinbank""","=""40""","=""0""","=""5""","=""Low""","=""false"""
"=""vay mua nhà trả góp""","=""40""","=""0""","=""5""","=""Low""","=""false"""
"=""thẻ online plus vib""","=""40""","=""0""","=""4""","=""Low""","=""false"""
"=""tại mb bank""","=""40""","=""0""","=""3""","=""Low""","=""false"""
"=""vpbank online cá nhân""","=""40""","=""0.52""","=""4""","=""Low""","=""true"""
"=""vpbank com vn online""","=""40""","=""0.81""","=""4""","=""Low""","=""false"""
"=""the mb bank""","=""40""","=""0""","=""3""","=""Low""","=""false"""
"=""dang nhap dong a""","=""40""","=""0""","=""4""","=""Low""","=""false"""
"=""nạp tiền vào thẻ atm""","=""40""","=""0""","=""5""","=""Low""","=""false"""
"=""phát hành thẻ mb bank""","=""40""","=""0""","=""5""","=""Low""","=""false"""
"=""pvcombank online""","=""40""","=""0""","=""2""","=""Low""","=""true"""
"=""số thẻ agribank""","=""40""","=""0""","=""3""","=""Low""","=""false"""
"=""số thẻ mb bank""","=""40""","=""0""","=""4""","=""Low""","=""false"""
"=""tổng đài msb hàng hải""","=""40""","=""0""","=""5""","=""Low""","=""true"""
"=""vietin efast""","=""40""","=""0""","=""2""","=""Low""","=""false"""
"=""vạn thịnh phát scb""","=""40""","=""0""","=""4""","=""Low""","=""false"""
"=""đông á điện tử""","=""40""","=""0""","=""4""","=""Low""","=""false"""
"=""làm thẻ atm mb bank""","=""30""","=""0""","=""5""","=""Low""","=""false"""
"=""làm thẻ tp bank""","=""30""","=""1.37""","=""4""","=""Low""","=""false"""
"=""mở thẻ sacombank online""","=""30""","=""0.58""","=""4""","=""Low""","=""false"""
"=""thẻ tp bank""","=""30""","=""0""","=""3""","=""Low""","=""false"""
"=""i2b vpbank""","=""30""","=""0""","=""2""","=""Low""","=""false"""
"=""kiểm tra số tài khoản vietcombank""","=""30""","=""0""","=""6""","=""Low""","=""false"""
"=""kiểm tra tài khoản sacombank""","=""30""","=""0""","=""5""","=""Low""","=""true"""
"=""lãi suất scb mới nhất""","=""30""","=""0""","=""5""","=""Low""","=""false"""
"=""thẻ ufj""","=""30""","=""0""","=""2""","=""Low""","=""true"""
"=""mở the techcombank online""","=""20""","=""0.5""","=""4""","=""Medium""","=""false"""
"=""mở tài khoản sacombank pay""","=""20""","=""0""","=""5""","=""Low""","=""false"""
"=""tổng đài tpfico""","=""20""","=""0""","=""3""","=""Low""","=""false"""
"=""abbank online""","=""20""","=""0""","=""2""","=""Low""","=""false"""
"=""tài khoản mb bank số đẹp""","=""20""","=""0""","=""6""","=""Low""","=""false"""
"=""hỗ trợ cho vay""","=""20""","=""1.14""","=""4""","=""Medium""","=""false"""
"=""in thẻ mb bank""","=""20""","=""0""","=""4""","=""Low""","=""false"""
"=""khachhang sacombank""","=""20""","=""0""","=""2""","=""Low""","=""false"""
"=""lai suat scb""","=""20""","=""0""","=""3""","=""Low""","=""false"""
"=""lãi suất techcombank 2022""","=""20""","=""0""","=""4""","=""Low""","=""false"""
"=""scb cafef""","=""20""","=""0""","=""2""","=""Low""","=""false"""
"=""taikhoan vpbank com vn""","=""20""","=""0.47""","=""4""","=""Low""","=""false"""
"=""vay tiền qua the vietcombank""","=""10""","=""0""","=""5""","=""High""","=""false"""
"=""vpbank online i2b""","=""10""","=""0""","=""3""","=""Low""","=""false"""
"=""hong lan chuyen tien""","=""10""","=""0""","=""4""","=""Low""","=""false"""
"=""vay tiền qua the atm vietinbank""","=""10""","=""0""","=""6""","=""Low""","=""false"""
"=""acb online dịch vụ thẻ""","=""10""","=""0""","=""5""","=""Low""","=""false"""
"=""taikhoan vpbank""","=""10""","=""0""","=""2""","=""Low""","=""false"""
"=""mở tài khoản scb online""","=""10""","=""0""","=""5""","=""Low""","=""false"""
"=""acb tuyển dụng 2022""","=""10""","=""0""","=""4""","=""Low""","=""false"""
"=""agribank tuyển dụng 2022""","=""10""","=""0""","=""4""","=""Low""","=""false"""
"=""chuyển tiền ngoài vietcombank""","=""10""","=""0""","=""4""","=""Low""","=""false"""
"=""dangkytructuyen acb""","=""10""","=""0""","=""2""","=""Low""","=""false"""
"=""lãi scb""","=""10""","=""0""","=""2""","=""Low""","=""false"""
"=""lãi suất acb 2022""","=""10""","=""0""","=""4""","=""Low""","=""false"""
"=""lãi suất agribank 2022""","=""10""","=""0""","=""4""","=""Low""","=""false"""
"=""lãi suất agribank tháng 10 2022""","=""10""","=""0""","=""6""","=""Low""","=""false"""
"=""lãi suất agribank tháng 11 2022""","=""10""","=""0""","=""6""","=""Low""","=""false"""
"=""lãi suất bidv 2022""","=""10""","=""0""","=""4""","=""Low""","=""false"""
"=""lãi suất bidv tháng 10 2022""","=""10""","=""0""","=""6""","=""Low""","=""false"""
"=""lãi suất sacombank 2022""","=""10""","=""0""","=""4""","=""Low""","=""false"""
"=""lãi suất sacombank tháng 10 2022""","=""10""","=""0""","=""6""","=""Low""","=""false"""
"=""lãi suất vietinbank 2022""","=""10""","=""0""","=""4""","=""Low""","=""false"""
"=""lãi suất vpbank 2022""","=""10""","=""0""","=""4""","=""Low""","=""false"""
"=""mã khách hàng momo vietcombank""","=""10""","=""0""","=""5""","=""Low""","=""false"""
"=""scb hôm nay""","=""10""","=""0""","=""3""","=""Low""","=""false"""
"=""techcombank chuyển tiền chậm""","=""10""","=""0""","=""4""","=""Low""","=""false"""
"=""techcombank có chuyển khoản dưới 50k được không""","=""10""","=""0""","=""8""","=""Low""","=""false"""
"=""thẻ ubank""","=""10""","=""0""","=""2""","=""Low""","=""false"""
"=""vietcombank chuyển tiền chậm""","=""10""","=""0""","=""4""","=""Low""","=""false"""
"=""định danh thẻ mb bank""","=""10""","=""0""","=""5""","=""Low""","=""false"""
"=""lãi suất techcombank tháng 10 2022""","=""0""","=""0""","=""6""","=""Low""","=""false"""
"=""techcombank tuyển dụng 2022""","=""0""","=""0""","=""4""","=""Low""","=""false"""
"=""vib tuyển dụng 2022""","=""0""","=""0""","=""4""","=""Low""","=""false"""
