Keyword,Volume,CPC,Word count,PPC Competition,Trending
"=""shinhan bank""","=""74000""","=""0.47""","=""2""","=""Low""","=""false"""
"=""shinhan bank usa""","=""74000""","=""0.47""","=""3""","=""Low""","=""false"""
"=""shinhan bank vietnam""","=""2400""","=""0.42""","=""3""","=""Low""","=""false"""
"=""shinhan bank vn""","=""2400""","=""0.42""","=""3""","=""Low""","=""false"""
"=""shinhan bank near me""","=""1900""","=""0""","=""4""","=""Low""","=""false"""
"=""shinhan bank tuyển dụng""","=""1600""","=""0.08""","=""4""","=""Low""","=""false"""
"=""shinhan bank atm""","=""1600""","=""0""","=""3""","=""Low""","=""false"""
"=""shinhan bank tuyen dung""","=""1600""","=""0.08""","=""4""","=""Low""","=""false"""
"=""shinhan bank hotline""","=""590""","=""0""","=""3""","=""Low""","=""false"""
"=""shinhan bank online""","=""480""","=""0.56""","=""3""","=""Low""","=""false"""
"=""shinhan bank hà nội""","=""480""","=""0.32""","=""4""","=""Low""","=""false"""
"=""shinhan bank ha noi""","=""480""","=""0.32""","=""4""","=""Low""","=""false"""
"=""shinhan bank hanoi""","=""390""","=""0""","=""3""","=""Low""","=""false"""
"=""shinhan bank hải phòng""","=""320""","=""0.36""","=""4""","=""Low""","=""true"""
"=""shinhan bank đà nẵng""","=""320""","=""0.35""","=""4""","=""Low""","=""false"""
"=""shinhan bank da nang branch""","=""320""","=""0""","=""5""","=""Low""","=""false"""
"=""shinhan bank gần nhất""","=""320""","=""0""","=""4""","=""Low""","=""false"""
"=""shinhan bank saigon branch""","=""320""","=""0""","=""4""","=""Low""","=""false"""
"=""shinhan bank quận 7""","=""260""","=""0""","=""4""","=""Low""","=""false"""
"=""shinhan bank career""","=""210""","=""0.33""","=""3""","=""Low""","=""false"""
"=""shinhan bank hoan kiem branch""","=""210""","=""0""","=""5""","=""Low""","=""false"""
"=""shinhan bank logo""","=""210""","=""0""","=""3""","=""Low""","=""true"""
"=""shinhan bank statement""","=""210""","=""0""","=""3""","=""Low""","=""true"""
"=""shinhan bank cần thơ""","=""170""","=""0.34""","=""4""","=""Low""","=""false"""
"=""shinhan bank app""","=""170""","=""0.21""","=""3""","=""Low""","=""false"""
"=""shinhan bank tỷ giá""","=""170""","=""0""","=""4""","=""Low""","=""false"""
"=""shinhan bank bình dương""","=""170""","=""0""","=""4""","=""Low""","=""false"""
"=""shinhan bank vietnam 2p 1""","=""170""","=""0""","=""5""","=""Low""","=""true"""
"=""shinhan bank của nước nào""","=""140""","=""0""","=""5""","=""Low""","=""true"""
"=""shinhan bank bắc ninh""","=""140""","=""0.24""","=""4""","=""Low""","=""false"""
"=""shinhan bank cua nuoc nao""","=""140""","=""0""","=""5""","=""Low""","=""true"""
"=""shinhan bank việt nam""","=""140""","=""0.34""","=""4""","=""Low""","=""false"""
"=""shinhan bank nha trang""","=""140""","=""0""","=""4""","=""Low""","=""false"""
"=""shinhan bank quận 1""","=""140""","=""0""","=""4""","=""Low""","=""false"""
"=""shinhan bank biên hòa""","=""110""","=""0""","=""4""","=""Low""","=""false"""
"=""shinhan bank chi nhánh""","=""110""","=""0""","=""4""","=""Low""","=""false"""
"=""shinhan bank giờ làm việc""","=""110""","=""0""","=""5""","=""Low""","=""false"""
"=""shinhan bank gò vấp""","=""110""","=""0""","=""4""","=""Low""","=""true"""
"=""shinhan bank vietnam ltd""","=""110""","=""0""","=""4""","=""Low""","=""false"""
"=""shinhan bank vay tín chấp""","=""110""","=""0.52""","=""5""","=""Medium""","=""false"""
"=""shinhan bank vietnam limited""","=""110""","=""0""","=""4""","=""Low""","=""false"""
"=""shinhan bank cộng hòa""","=""110""","=""0""","=""4""","=""Low""","=""false"""
"=""shinhan bank thẻ tín dụng""","=""90""","=""0.5""","=""5""","=""Low""","=""true"""
"=""shinhan bank hội sở""","=""90""","=""0""","=""4""","=""Low""","=""false"""
"=""shinhan bank phú mỹ hưng""","=""90""","=""0""","=""5""","=""Low""","=""false"""
"=""shinhan bank trần duy hưng""","=""90""","=""0""","=""5""","=""Low""","=""false"""
"=""shinhan bank atm near me""","=""90""","=""0""","=""5""","=""Low""","=""false"""
"=""shinhan bank internet banking""","=""90""","=""0""","=""4""","=""Low""","=""false"""
"=""shinhan bank lãi suất vay""","=""90""","=""0.18""","=""5""","=""Low""","=""false"""
"=""shinhan bank thái nguyên""","=""90""","=""0""","=""4""","=""Low""","=""false"""
"=""shinhan bank quận 2""","=""90""","=""0""","=""4""","=""Low""","=""false"""
"=""shinhan bank swift code""","=""90""","=""0""","=""4""","=""Low""","=""false"""
"=""shinhan bank thủ đức""","=""90""","=""0""","=""4""","=""Low""","=""false"""
"=""shinhan bank tên đầy đủ""","=""90""","=""0""","=""5""","=""Low""","=""false"""
"=""shinhan bank vũng tàu""","=""90""","=""0""","=""4""","=""Low""","=""false"""
"=""shinhan bank tổng đài""","=""70""","=""0""","=""4""","=""Low""","=""false"""
"=""shinhan bank america""","=""70""","=""0""","=""3""","=""Low""","=""false"""
"=""shinhan bank of america""","=""70""","=""0""","=""4""","=""Low""","=""false"""
"=""shinhan bank online banking""","=""70""","=""0""","=""4""","=""Low""","=""false"""
"=""shinhan bank chi nhánh hà nội""","=""70""","=""0""","=""6""","=""Low""","=""false"""
"=""shinhan bank com vn đăng nhập""","=""70""","=""0""","=""6""","=""Low""","=""false"""
"=""shinhan bank foreign exchange rate""","=""70""","=""0""","=""5""","=""Low""","=""false"""
"=""shinhan bank exchange rate""","=""70""","=""0""","=""4""","=""Low""","=""false"""
"=""shinhan bank in korea""","=""70""","=""0""","=""4""","=""Low""","=""false"""
"=""shinhan bank korea""","=""70""","=""0""","=""3""","=""Low""","=""false"""
"=""shinhan bank đăng nhập""","=""70""","=""0""","=""4""","=""Low""","=""false"""
"=""shinhan bank và shinhan finance có khác nhau không""","=""70""","=""0""","=""9""","=""Low""","=""false"""
"=""shinhan bank south korea""","=""70""","=""0""","=""4""","=""Low""","=""false"""
"=""shinhan bank vay""","=""70""","=""0.52""","=""3""","=""Medium""","=""true"""
"=""shinhan bank võ thị sáu biên hòa""","=""70""","=""0""","=""7""","=""Low""","=""false"""
"=""shinhan bank bình thạnh""","=""70""","=""0""","=""4""","=""Low""","=""false"""
"=""shinhan bank mỹ đình""","=""70""","=""0""","=""4""","=""Low""","=""false"""
"=""shinhan bank vĩnh phúc""","=""70""","=""0""","=""4""","=""Low""","=""false"""
"=""shinhan bank nghệ an""","=""50""","=""0""","=""4""","=""Low""","=""false"""
"=""shinhan bank long an""","=""50""","=""0""","=""4""","=""Low""","=""false"""
"=""shinhan bank credit card""","=""50""","=""1.13""","=""4""","=""Low""","=""false"""
"=""shinhan bank dong nai branch""","=""50""","=""0""","=""5""","=""Low""","=""false"""
"=""shinhan bank mst""","=""50""","=""0""","=""3""","=""Low""","=""true"""
"=""shinhan bank nguyễn văn trỗi""","=""50""","=""0""","=""5""","=""Low""","=""false"""
"=""shinhan bank quận 5""","=""50""","=""0""","=""4""","=""Low""","=""false"""
"=""shinhan bank quận 12""","=""50""","=""0""","=""4""","=""Low""","=""false"""
"=""shinhan bank lãi suất tiết kiệm""","=""50""","=""0""","=""6""","=""Low""","=""true"""
"=""shinhan bank tuyển dụng tphcm""","=""50""","=""0""","=""5""","=""Low""","=""false"""
"=""shinhan bank tphcm""","=""50""","=""0""","=""3""","=""Low""","=""false"""
"=""shinhan bank vay mua nhà""","=""50""","=""1.5""","=""5""","=""Low""","=""false"""
"=""shinhan bank cầu giấy""","=""50""","=""0""","=""4""","=""Low""","=""false"""
"=""shinhan bank hà đông""","=""50""","=""0""","=""4""","=""Low""","=""false"""
"=""shinhan bank hải dương""","=""50""","=""0""","=""4""","=""Low""","=""false"""
"=""shinhan bank mẫu đơn""","=""50""","=""0""","=""4""","=""Low""","=""false"""
"=""shinhan bank phạm hùng""","=""40""","=""0""","=""4""","=""Low""","=""false"""
"=""shinhan bank địa chỉ""","=""40""","=""0""","=""4""","=""Low""","=""false"""
"=""shinhan bank royal city""","=""40""","=""0""","=""4""","=""Low""","=""false"""
"=""shinhan bank hai bà trưng""","=""40""","=""0""","=""5""","=""Low""","=""false"""
"=""shinhan bank keangnam""","=""40""","=""0""","=""3""","=""Low""","=""false"""
"=""shinhan bank long biên""","=""40""","=""0""","=""4""","=""Low""","=""true"""
"=""shinhan bank mascot""","=""40""","=""0""","=""3""","=""Low""","=""true"""
"=""shinhan bank hà nam""","=""40""","=""0""","=""4""","=""Low""","=""false"""
"=""shinhan bank nguyễn thị minh khai""","=""40""","=""0""","=""6""","=""Low""","=""false"""
"=""shinhan bank phổ yên""","=""40""","=""0""","=""4""","=""Low""","=""false"""
"=""shinhan bank quận 10""","=""40""","=""0""","=""4""","=""Low""","=""false"""
"=""shinhan bank quận 3""","=""40""","=""0""","=""4""","=""Low""","=""false"""
"=""shinhan bank quận 4""","=""40""","=""0""","=""4""","=""Low""","=""false"""
"=""shinhan bank thanh hóa""","=""40""","=""0""","=""4""","=""Low""","=""true"""
"=""shinhan bank tuyển dụng thực tập sinh""","=""40""","=""0.03""","=""7""","=""Low""","=""false"""
"=""shinhan bank tỷ giá ngoại tệ""","=""40""","=""0""","=""6""","=""Low""","=""false"""
"=""shinhan bank viết tắt""","=""40""","=""0""","=""4""","=""Low""","=""false"""
"=""shinhan bank vietnam swift code""","=""40""","=""0""","=""5""","=""Low""","=""false"""
"=""shinhan bank có mất phí duy trì không""","=""40""","=""0""","=""8""","=""Low""","=""false"""
"=""shinhan bank hưng yên""","=""40""","=""0""","=""4""","=""Low""","=""false"""
"=""shinhan bank lý thường kiệt""","=""40""","=""0""","=""5""","=""Low""","=""false"""
"=""shinhan bank sóng thần""","=""30""","=""0""","=""4""","=""Low""","=""false"""
"=""shinhan bank thẻ""","=""30""","=""0""","=""3""","=""Low""","=""false"""
"=""shinhan bank tràng duệ""","=""30""","=""0""","=""4""","=""Low""","=""false"""
"=""shinhan bank visa""","=""30""","=""0""","=""3""","=""Low""","=""true"""
"=""shinhan bank daklak""","=""30""","=""0""","=""3""","=""Low""","=""false"""
"=""shinhan bank card""","=""30""","=""0""","=""3""","=""Low""","=""true"""
"=""shinhan bank debit card""","=""30""","=""0""","=""4""","=""Low""","=""false"""
"=""shinhan bank lê duẩn""","=""30""","=""0""","=""4""","=""Low""","=""false"""
"=""shinhan bank vietnam exchange rate""","=""30""","=""0""","=""5""","=""Low""","=""false"""
"=""shinhan bank hcm""","=""30""","=""0""","=""3""","=""Low""","=""false"""
"=""shinhan bank hoàn kiếm""","=""30""","=""0""","=""4""","=""Low""","=""false"""
"=""shinhan bank huế""","=""30""","=""0.31""","=""3""","=""Low""","=""false"""
"=""shinhan bank kiên giang""","=""30""","=""0""","=""4""","=""Low""","=""false"""
"=""shinhan bank lãi suất""","=""30""","=""0""","=""4""","=""Low""","=""true"""
"=""shinhan bank long thành""","=""30""","=""0""","=""4""","=""Low""","=""false"""
"=""shinhan bank logo png""","=""30""","=""0""","=""4""","=""Low""","=""false"""
"=""shinhan bank mễ trì""","=""30""","=""0""","=""4""","=""Low""","=""true"""
"=""shinhan bank nhơn trạch""","=""30""","=""0""","=""4""","=""Low""","=""false"""
"=""shinhan bank phú nhuận""","=""30""","=""0""","=""4""","=""Low""","=""true"""
"=""shinhan bank quy nhơn""","=""30""","=""0""","=""4""","=""Low""","=""false"""
"=""shinhan bank ninh bình""","=""30""","=""0""","=""4""","=""Low""","=""false"""
"=""shinhan bank quảng ninh""","=""30""","=""0""","=""4""","=""Low""","=""false"""
"=""shinhan bank quận 9""","=""30""","=""0""","=""4""","=""Low""","=""true"""
"=""shinhan bank review""","=""30""","=""0""","=""3""","=""Low""","=""false"""
"=""shinhan bank thái bình""","=""30""","=""0""","=""4""","=""Low""","=""false"""
"=""shinhan bank thời gian làm việc""","=""30""","=""0""","=""6""","=""Low""","=""false"""
"=""shinhan bank trần thái tông""","=""30""","=""0""","=""5""","=""Low""","=""false"""
"=""shinhan bank vay tiêu dùng""","=""30""","=""0.39""","=""5""","=""Medium""","=""true"""
"=""shinhan bank vay thế chấp""","=""30""","=""0""","=""5""","=""Low""","=""false"""
"=""shinhan bank bắc giang""","=""30""","=""0""","=""4""","=""Low""","=""true"""
"=""shinhan bank là gì""","=""30""","=""0""","=""4""","=""Low""","=""false"""
"=""shinhan bank quận 11""","=""30""","=""0""","=""4""","=""Low""","=""false"""
"=""shinhan bank 20 cộng hòa""","=""30""","=""0""","=""5""","=""Low""","=""false"""
"=""shinhan bank 99 mễ trì""","=""30""","=""0""","=""5""","=""Low""","=""true"""
"=""shinhan bank việt tắt là gì""","=""30""","=""0""","=""6""","=""Low""","=""false"""
"=""shinhan bank làm việc đến mấy giờ""","=""30""","=""0""","=""7""","=""Low""","=""false"""
"=""shinhan bank bao nhiêu tuổi vay được""","=""30""","=""0.22""","=""7""","=""Low""","=""false"""
"=""shinhan bank bà triệu""","=""30""","=""0""","=""4""","=""Low""","=""false"""
"=""shinhan bank supreme""","=""30""","=""0""","=""3""","=""Low""","=""false"""
"=""shinhan bank the mett""","=""30""","=""0""","=""4""","=""Low""","=""false"""
"=""shinhan bank thủ thiêm""","=""30""","=""0""","=""4""","=""Low""","=""false"""
"=""shinhan bank có làm thứ 7 không""","=""30""","=""0""","=""7""","=""Low""","=""true"""
"=""shinhan bank an dương vương""","=""20""","=""0""","=""5""","=""Low""","=""false"""
"=""shinhan bank an đông""","=""20""","=""0""","=""4""","=""Low""","=""false"""
"=""shinhan bank có uy tín không""","=""20""","=""0""","=""6""","=""Low""","=""false"""
"=""shinhan bank lexington""","=""20""","=""0""","=""3""","=""Low""","=""true"""
"=""shinhan bank tuyển dụng thẩm định""","=""20""","=""0""","=""6""","=""Low""","=""true"""
"=""shinhan bank america login""","=""20""","=""0""","=""4""","=""Low""","=""false"""
"=""shinhan bank của ai""","=""20""","=""0""","=""4""","=""Low""","=""false"""
"=""shinhan bank binh duong""","=""20""","=""0""","=""4""","=""Low""","=""false"""
"=""shinhan bank da nang""","=""20""","=""0""","=""4""","=""Low""","=""false"""
"=""shinhan bank ho chi minh""","=""20""","=""0""","=""5""","=""Low""","=""false"""
"=""shinhan bank phu my hung""","=""20""","=""0""","=""5""","=""Low""","=""false"""
"=""shinhan bank chuyển khoản có mặt phí không""","=""20""","=""0""","=""8""","=""Low""","=""false"""
"=""shinhan bank lotte""","=""20""","=""0""","=""3""","=""Low""","=""false"""
"=""shinhan bank login""","=""20""","=""0""","=""3""","=""Low""","=""false"""
"=""shinhan bank mplaza""","=""20""","=""0""","=""3""","=""Low""","=""false"""
"=""shinhan bank mỹ tho""","=""20""","=""0""","=""4""","=""Low""","=""false"""
"=""shinhan bank nam định""","=""20""","=""0""","=""4""","=""Low""","=""false"""
"=""shinhan bank vay online""","=""20""","=""0""","=""4""","=""Medium""","=""false"""
"=""shinhan bank và shinhan finance""","=""20""","=""0""","=""5""","=""Low""","=""false"""
"=""shinhan bank sol""","=""20""","=""0""","=""3""","=""Low""","=""true"""
"=""shinhan bank tuyển dụng telesale""","=""20""","=""0""","=""5""","=""Low""","=""false"""
"=""shinhan bank trụ sở chính""","=""20""","=""0""","=""5""","=""Low""","=""false"""
"=""shinhan bank trường chinh""","=""20""","=""0""","=""4""","=""Low""","=""false"""
"=""shinhan bank tỷ giá won""","=""20""","=""0""","=""5""","=""Low""","=""false"""
"=""shinhan bank vay mua xe""","=""20""","=""0""","=""5""","=""Low""","=""false"""
"=""shinhan bank vietnam tuyển dụng""","=""20""","=""0""","=""5""","=""Low""","=""false"""
"=""shinhan bank wiki""","=""20""","=""0""","=""3""","=""Low""","=""false"""
"=""shinhan bank dĩ an""","=""20""","=""0""","=""4""","=""Low""","=""false"""
"=""shinhan bank số điện thoại""","=""20""","=""0""","=""5""","=""Low""","=""false"""
"=""shinhan bank rút được bao nhiêu tiền 1 ngày""","=""20""","=""0""","=""9""","=""Low""","=""false"""
"=""shinhan bank quận 6""","=""20""","=""0""","=""4""","=""Low""","=""false"""
"=""shinhan bank có cho vay nợ xấu không""","=""20""","=""0""","=""8""","=""Low""","=""false"""
"=""shinhan bank apple pay""","=""20""","=""0""","=""4""","=""Low""","=""false"""
"=""shinhan bank central park""","=""20""","=""0""","=""4""","=""Low""","=""false"""
"=""shinhan bank times city""","=""20""","=""0""","=""4""","=""Low""","=""false"""
"=""shinhan bank doanh nghiệp""","=""20""","=""0""","=""4""","=""Low""","=""false"""
"=""shinhan bank tràng duệ hải phòng""","=""20""","=""0""","=""6""","=""Low""","=""true"""
"=""shinhan bank hotline 24 7""","=""20""","=""0""","=""5""","=""Low""","=""true"""
"=""shinhan bank lotte liễu giai""","=""20""","=""0""","=""5""","=""Low""","=""false"""
"=""shinhan bank ngoại giao đoàn""","=""20""","=""0""","=""5""","=""Low""","=""false"""
"=""shinhan bank phú mỹ""","=""20""","=""0""","=""4""","=""Low""","=""true"""
"=""shinhan bank lãi suất vay mua nhà""","=""20""","=""0""","=""7""","=""Low""","=""true"""
"=""shinhan bank voz""","=""20""","=""0""","=""3""","=""Low""","=""false"""
"=""shinhan bank gần tôi""","=""20""","=""0""","=""4""","=""Low""","=""true"""
"=""shinhan bank quận 8""","=""20""","=""0""","=""4""","=""Low""","=""false"""
"=""shinhan bank có nghỉ trưa không""","=""20""","=""0""","=""6""","=""Low""","=""false"""
"=""shinhan bank 3 2""","=""10""","=""0""","=""4""","=""Low""","=""false"""
"=""shinhan bank agoda""","=""10""","=""0""","=""3""","=""Low""","=""false"""
"=""shinhan bank chăm sóc khách hàng""","=""10""","=""0""","=""6""","=""Low""","=""false"""
"=""shinhan bank com""","=""10""","=""0""","=""3""","=""Low""","=""false"""
"=""shinhan bank cong hoa""","=""10""","=""0""","=""4""","=""Low""","=""false"""
"=""shinhan bank duy tân""","=""10""","=""0""","=""4""","=""Low""","=""false"""
"=""shinhan bank hỗ trợ khách hàng""","=""10""","=""0""","=""6""","=""Low""","=""false"""
"=""shinhan bank khuyến mãi""","=""10""","=""0""","=""4""","=""Low""","=""false"""
"=""shinhan bank làm thẻ tín dụng""","=""10""","=""0""","=""6""","=""High""","=""false"""
"=""shinhan bank mastercard""","=""10""","=""0""","=""3""","=""Low""","=""false"""
"=""shinhan bank phốt""","=""10""","=""0""","=""3""","=""Low""","=""true"""
"=""shinhan bank samsung""","=""10""","=""0""","=""3""","=""Low""","=""false"""
"=""shinhan bank the tin dung""","=""10""","=""0""","=""5""","=""Low""","=""false"""
"=""shinhan bank thẻ tín dụng ưu đãi""","=""10""","=""0""","=""7""","=""Low""","=""false"""
"=""shinhan bank thẻ visa""","=""10""","=""0""","=""4""","=""Low""","=""false"""
"=""shinhan bank tiki""","=""10""","=""0""","=""3""","=""Low""","=""false"""
"=""shinhan bank tran duy hung""","=""10""","=""0""","=""5""","=""Low""","=""false"""
"=""shinhan bank tran duy hung branch""","=""10""","=""0""","=""6""","=""Low""","=""false"""
"=""shinhan bank tuyển dụng chăm sóc khách hàng""","=""10""","=""0""","=""8""","=""Low""","=""false"""
"=""shinhan bank tín dụng""","=""10""","=""0.54""","=""4""","=""Medium""","=""false"""
"=""shinhan bank ông ích khiêm""","=""10""","=""0""","=""5""","=""Low""","=""false"""
"=""shinhan bank ưu đãi""","=""10""","=""0""","=""4""","=""Low""","=""false"""
"=""shinhan bank ưu đãi thẻ tín dụng""","=""10""","=""0""","=""7""","=""Low""","=""false"""
"=""shinhan bank account opening""","=""10""","=""0""","=""4""","=""Low""","=""false"""
"=""shinhan bank account number format""","=""10""","=""0""","=""5""","=""Low""","=""false"""
"=""shinhan bank account number""","=""10""","=""0""","=""4""","=""Low""","=""false"""
"=""shinhan bank account""","=""10""","=""0""","=""3""","=""Low""","=""false"""
"=""shinhan bank address""","=""10""","=""0""","=""3""","=""Low""","=""false"""
"=""shinhan bank adalah""","=""10""","=""0""","=""3""","=""Low""","=""false"""
"=""shinhan bank address in korea""","=""10""","=""0""","=""5""","=""Low""","=""false"""
"=""shinhan bank ahmedabad""","=""10""","=""0""","=""3""","=""Low""","=""false"""
"=""shinhan bank america routing number""","=""10""","=""0""","=""5""","=""Low""","=""false"""
"=""shinhan bank america careers""","=""10""","=""0""","=""4""","=""Low""","=""false"""
"=""shinhan bank america locations""","=""10""","=""0""","=""4""","=""Low""","=""false"""
"=""shinhan bank an giang""","=""10""","=""0""","=""4""","=""Low""","=""false"""
"=""shinhan bank annual report""","=""10""","=""0""","=""4""","=""Low""","=""false"""
"=""shinhan bank app english""","=""10""","=""0""","=""4""","=""Low""","=""false"""
"=""shinhan bank australia""","=""10""","=""0""","=""3""","=""Low""","=""false"""
"=""shinhan bank atlanta""","=""10""","=""0""","=""3""","=""Low""","=""false"""
"=""shinhan bank basketball""","=""10""","=""0""","=""3""","=""Low""","=""false"""
"=""shinhan bank biểu phí""","=""10""","=""0""","=""4""","=""Low""","=""true"""
"=""shinhan bank bic""","=""10""","=""0""","=""3""","=""Low""","=""false"""
"=""shinhan bank branches in india""","=""10""","=""0""","=""5""","=""Low""","=""false"""
"=""shinhan bank branches""","=""10""","=""0""","=""3""","=""Low""","=""false"""
"=""shinhan bank branch code""","=""10""","=""0""","=""4""","=""Low""","=""false"""
"=""shinhan bank buena park""","=""10""","=""0""","=""4""","=""Low""","=""false"""
"=""shinhan bank board of directors""","=""10""","=""0""","=""5""","=""Low""","=""false"""
"=""shinhan bank ceo""","=""10""","=""0""","=""3""","=""Low""","=""false"""
"=""shinhan bank centec tower""","=""10""","=""0""","=""4""","=""Low""","=""false"""
"=""shinhan bank vinhomes central park""","=""10""","=""0""","=""5""","=""Low""","=""false"""
"=""shinhan bank cd rates""","=""10""","=""0""","=""4""","=""High""","=""false"""
"=""shinhan bank cd""","=""10""","=""0""","=""3""","=""Low""","=""false"""
"=""shinhan bank cgv""","=""10""","=""0""","=""3""","=""Low""","=""false"""
"=""shinhan bank chi nhánh trần duy hưng""","=""10""","=""0""","=""7""","=""Low""","=""false"""
"=""shinhan bank cho vay tín chấp""","=""10""","=""0.42""","=""6""","=""Medium""","=""true"""
"=""shinhan bank chi nhánh hải phòng""","=""10""","=""0""","=""6""","=""Low""","=""false"""
"=""shinhan bank code""","=""10""","=""0""","=""3""","=""Low""","=""false"""
"=""shinhan bank contact number""","=""10""","=""0""","=""4""","=""Low""","=""false"""
"=""shinhan bank credit card for foreigners""","=""10""","=""0""","=""6""","=""Low""","=""false"""
"=""shinhan bank customer service""","=""10""","=""0""","=""4""","=""Low""","=""false"""
"=""shinhan bank customer service english""","=""10""","=""0""","=""5""","=""Low""","=""false"""
"=""shinhan bank currency exchange""","=""10""","=""0""","=""4""","=""Low""","=""false"""
"=""shinhan bank daegu""","=""10""","=""0""","=""3""","=""Low""","=""false"""
"=""shinhan bank cash back""","=""10""","=""0""","=""4""","=""Low""","=""false"""
"=""shinhan bank cambodia""","=""10""","=""0""","=""3""","=""Low""","=""false"""
"=""shinhan bank canada""","=""10""","=""0""","=""3""","=""Low""","=""false"""
"=""shinhan bank cambodia plc""","=""10""","=""0""","=""4""","=""Low""","=""false"""
"=""shinhan bank car loan""","=""10""","=""0""","=""4""","=""Low""","=""false"""
"=""shinhan bank careers india""","=""10""","=""0""","=""4""","=""Low""","=""false"""
"=""shinhan bank deutschland""","=""10""","=""0""","=""3""","=""Low""","=""false"""
"=""shinhan bank digital certificate""","=""10""","=""0""","=""4""","=""Low""","=""false"""
"=""shinhan bank dollar exchange rate""","=""10""","=""0""","=""5""","=""Low""","=""false"""
"=""shinhan bank dong nai""","=""10""","=""0""","=""4""","=""Low""","=""false"""
"=""shinhan bank drx""","=""10""","=""0""","=""3""","=""Low""","=""false"""
"=""shinhan bank thu duc""","=""10""","=""0""","=""4""","=""Low""","=""false"""
"=""shinhan bank banking""","=""10""","=""0""","=""3""","=""Low""","=""false"""
"=""shinhan bank email""","=""10""","=""0""","=""3""","=""Low""","=""false"""
"=""shinhan bank english customer service""","=""10""","=""0""","=""5""","=""Low""","=""false"""
"=""shinhan bank english""","=""10""","=""0""","=""3""","=""Low""","=""false"""
"=""shinhan bank europe gmbh""","=""10""","=""0""","=""4""","=""Low""","=""false"""
"=""shinhan bank europe""","=""10""","=""0""","=""3""","=""Low""","=""false"""
"=""shinhan bank event""","=""10""","=""0""","=""3""","=""Low""","=""false"""
"=""shinhan bank finance""","=""10""","=""0.2""","=""3""","=""Medium""","=""false"""
"=""shinhan bank financial""","=""10""","=""0.2""","=""3""","=""Medium""","=""false"""
"=""shinhan bank fixed deposit rates""","=""10""","=""0""","=""5""","=""Low""","=""false"""
"=""shinhan bank for foreigners""","=""10""","=""0""","=""4""","=""Low""","=""false"""
"=""shinhan bank frankfurt""","=""10""","=""0""","=""3""","=""Low""","=""false"""
"=""shinhan bank exchange""","=""10""","=""0""","=""3""","=""Low""","=""false"""
"=""shinhan bank exchange rate korea""","=""10""","=""0""","=""5""","=""Low""","=""false"""
"=""shinhan bank giờ mở cửa""","=""10""","=""0""","=""5""","=""Low""","=""false"""
"=""shinhan bank giới thiệu bạn bè""","=""10""","=""0""","=""6""","=""Low""","=""false"""
"=""shinhan bank giới thiệu""","=""10""","=""0""","=""4""","=""Low""","=""false"""
"=""shinhan bank golden palace""","=""10""","=""0""","=""4""","=""Low""","=""false"""
"=""shinhan bank global""","=""10""","=""0""","=""3""","=""Low""","=""false"""
"=""shinhan bank hai phong""","=""10""","=""0""","=""4""","=""Low""","=""false"""
"=""shinhan bank hcmc branch""","=""10""","=""0""","=""4""","=""Low""","=""false"""
"=""shinhan bank hcmc""","=""10""","=""0""","=""3""","=""Low""","=""false"""
"=""shinhan bank head office""","=""10""","=""0""","=""4""","=""Low""","=""false"""
"=""shinhan bank headquarters""","=""10""","=""0""","=""3""","=""Low""","=""false"""
"=""shinhan bank hong kong""","=""10""","=""0""","=""4""","=""Low""","=""false"""
"=""shinhan bank home loan interest rate""","=""10""","=""0""","=""6""","=""Low""","=""false"""
"=""shinhan bank hong kong branch""","=""10""","=""0""","=""5""","=""Low""","=""false"""
"=""shinhan bank home loan""","=""10""","=""0""","=""4""","=""Low""","=""false"""
"=""shinhan bank hk""","=""10""","=""0""","=""3""","=""Low""","=""false"""
"=""shinhan bank hq""","=""10""","=""0""","=""3""","=""Low""","=""false"""
"=""shinhan bank phu my hung branch""","=""10""","=""0""","=""6""","=""Low""","=""false"""
"=""shinhan bank hyderabad""","=""10""","=""0""","=""3""","=""Low""","=""false"""
"=""shinhan bank iban""","=""10""","=""0""","=""3""","=""Low""","=""false"""
"=""shinhan bank iban number""","=""10""","=""0""","=""4""","=""Low""","=""false"""
"=""shinhan bank india""","=""10""","=""0""","=""3""","=""Low""","=""true"""
"=""shinhan bank indonesia""","=""10""","=""0""","=""3""","=""Low""","=""false"""
"=""shinhan bank india careers""","=""10""","=""0""","=""4""","=""Low""","=""false"""
"=""shinhan bank interest rates""","=""10""","=""0""","=""4""","=""Low""","=""false"""
"=""shinhan bank japan""","=""10""","=""0""","=""3""","=""Low""","=""false"""
"=""shinhan bank jakarta""","=""10""","=""0""","=""3""","=""Low""","=""false"""
"=""shinhan bank new jeans""","=""10""","=""0""","=""4""","=""Low""","=""false"""
"=""shinhan bank job""","=""10""","=""0""","=""3""","=""Low""","=""false"""
"=""shinhan bank tra cứu khoản vay""","=""10""","=""0""","=""6""","=""Low""","=""false"""
"=""shinhan bank mở tài khoản""","=""10""","=""0.49""","=""5""","=""Low""","=""false"""
"=""shinhan bank kazakhstan""","=""10""","=""0""","=""3""","=""Low""","=""false"""
"=""shinhan bank kz""","=""10""","=""0""","=""3""","=""Low""","=""false"""
"=""shinhan bank kantor pusat""","=""10""","=""0""","=""4""","=""Low""","=""false"""
"=""shinhan bank kartu kredit""","=""10""","=""0""","=""4""","=""Low""","=""false"""
"=""shinhan bank korea swift code""","=""10""","=""0""","=""5""","=""Low""","=""false"""
"=""shinhan bank swift code korea""","=""10""","=""0""","=""5""","=""Low""","=""false"""
"=""shinhan bank korea address""","=""10""","=""0""","=""4""","=""Low""","=""false"""
"=""shinhan bank korea customer service english""","=""10""","=""0""","=""6""","=""Low""","=""false"""
"=""shinhan bank korea exchange rate""","=""10""","=""0""","=""5""","=""Low""","=""false"""
"=""shinhan bank landmark 4""","=""10""","=""0""","=""4""","=""Low""","=""false"""
"=""shinhan bank le duan""","=""10""","=""0""","=""4""","=""Low""","=""false"""
"=""shinhan bank linkedin""","=""10""","=""0""","=""3""","=""Low""","=""false"""
"=""shinhan bank liễu giai""","=""10""","=""0""","=""4""","=""Low""","=""false"""
"=""shinhan bank lua dao""","=""10""","=""0""","=""4""","=""Low""","=""false"""
"=""shinhan bank manila branch""","=""10""","=""0""","=""4""","=""Low""","=""false"""
"=""shinhan bank manila""","=""10""","=""0""","=""3""","=""Low""","=""false"""
"=""shinhan bank malaysia""","=""10""","=""0""","=""3""","=""Low""","=""false"""
"=""shinhan bank mail""","=""10""","=""0""","=""3""","=""Low""","=""false"""
"=""shinhan bank mexico""","=""10""","=""0""","=""3""","=""Low""","=""false"""
"=""shinhan bank mễ trì từ liêm hà nội""","=""10""","=""0""","=""8""","=""Low""","=""false"""
"=""shinhan bank mississauga""","=""10""","=""0""","=""3""","=""Low""","=""false"""
"=""shinhan bank mortgage rates""","=""10""","=""0""","=""4""","=""Low""","=""false"""
"=""shinhan bank mobile banking""","=""10""","=""0""","=""4""","=""Low""","=""false"""
"=""shinhan bank mumbai""","=""10""","=""0""","=""3""","=""Low""","=""false"""
"=""shinhan bank mumbai branch""","=""10""","=""0""","=""4""","=""Low""","=""false"""
"=""shinhan bank mua lại anz""","=""10""","=""0""","=""5""","=""Low""","=""false"""
"=""shinhan bank mua lại prudential""","=""10""","=""0""","=""5""","=""Low""","=""false"""
"=""shinhan bank myanmar""","=""10""","=""0""","=""3""","=""Low""","=""false"""
"=""shinhan bank new delhi""","=""10""","=""0""","=""4""","=""Low""","=""false"""
"=""shinhan bank net banking""","=""10""","=""0""","=""4""","=""Low""","=""false"""
"=""shinhan bank new york""","=""10""","=""0""","=""4""","=""Low""","=""false"""
"=""shinhan bank ny""","=""10""","=""0""","=""3""","=""Low""","=""false"""
"=""shinhan bank bắc ninh tuyển dụng""","=""10""","=""0""","=""6""","=""Low""","=""false"""
"=""shinhan bank phí thường niên""","=""10""","=""0""","=""5""","=""Low""","=""false"""
"=""shinhan bank nguyễn văn linh""","=""10""","=""0""","=""5""","=""Low""","=""false"""
"=""shinhan bank canada north york branch""","=""10""","=""0""","=""6""","=""Low""","=""false"""
"=""shinhan bank nyc""","=""10""","=""0""","=""3""","=""Low""","=""false"""
"=""shinhan bank of india""","=""10""","=""0""","=""4""","=""Low""","=""false"""
"=""shinhan bank of korea""","=""10""","=""0""","=""4""","=""Low""","=""false"""
"=""shinhan bank home loan rate of interest""","=""10""","=""0""","=""7""","=""Low""","=""false"""
"=""shinhan bank routing number""","=""10""","=""0""","=""4""","=""Low""","=""false"""
"=""shinhan bank online login""","=""10""","=""0""","=""4""","=""Low""","=""false"""
"=""shinhan bank opening hours""","=""10""","=""0""","=""4""","=""Low""","=""false"""
"=""shinhan bank open saturday""","=""10""","=""0""","=""4""","=""Low""","=""false"""
"=""shinhan bank open account""","=""10""","=""0""","=""4""","=""Low""","=""false"""
"=""shinhan bank vay mua oto""","=""10""","=""0""","=""5""","=""Low""","=""false"""
"=""shinhan bank vay mua ô tô""","=""10""","=""0""","=""6""","=""Low""","=""false"""
"=""shinhan bank personal loan""","=""10""","=""0""","=""4""","=""Low""","=""false"""
"=""shinhan bank personal loan interest rate""","=""10""","=""0""","=""6""","=""Low""","=""false"""
"=""shinhan bank personal loan calculator""","=""10""","=""0""","=""5""","=""Low""","=""false"""
"=""shinhan bank phnom penh""","=""10""","=""0""","=""4""","=""Low""","=""false"""
"=""shinhan bank overseas remittance""","=""10""","=""0""","=""4""","=""Low""","=""false"""
"=""shinhan bank phú thọ""","=""10""","=""0""","=""4""","=""Low""","=""false"""
"=""shinhan bank pune""","=""10""","=""0""","=""3""","=""Low""","=""false"""
"=""shinhan bank poonamallee""","=""10""","=""0""","=""3""","=""Low""","=""false"""
"=""shinhan bank recruitment""","=""10""","=""0""","=""3""","=""Low""","=""false"""
"=""shinhan bank rating""","=""10""","=""0""","=""3""","=""Low""","=""false"""
"=""shinhan bank salary""","=""10""","=""0""","=""3""","=""Low""","=""false"""
"=""shinhan bank sala""","=""10""","=""0""","=""3""","=""Low""","=""false"""
"=""shinhan bank san diego""","=""10""","=""0""","=""4""","=""Low""","=""false"""
"=""shinhan bank savings account interest rate""","=""10""","=""0""","=""6""","=""Low""","=""false"""
"=""shinhan bank saigon""","=""10""","=""0""","=""3""","=""Low""","=""false"""
"=""shinhan bank s birds live score""","=""10""","=""0""","=""6""","=""Low""","=""false"""
"=""shinhan bank seoul""","=""10""","=""0""","=""3""","=""Low""","=""false"""
"=""shinhan bank seoul address""","=""10""","=""0""","=""4""","=""Low""","=""false"""
"=""shinhan bank seoul swift code""","=""10""","=""0""","=""5""","=""Low""","=""false"""
"=""shinhan bank swift code seoul""","=""10""","=""0""","=""5""","=""Low""","=""false"""
"=""shinhan bank seoul korea""","=""10""","=""0""","=""4""","=""Low""","=""false"""
"=""shinhan bank seoul korea address""","=""10""","=""0""","=""5""","=""Low""","=""false"""
"=""shinhan bank singapore""","=""10""","=""0""","=""3""","=""Low""","=""false"""
"=""shinhan bank singapore branch""","=""10""","=""0""","=""4""","=""Low""","=""false"""
"=""shinhan bank share price""","=""10""","=""0""","=""4""","=""Low""","=""false"""
"=""shinhan bank stock""","=""10""","=""0""","=""3""","=""Low""","=""false"""
"=""shinhan bank subsidiaries""","=""10""","=""0""","=""3""","=""Low""","=""false"""
"=""shinhan bank sydney""","=""10""","=""0""","=""3""","=""Low""","=""false"""
"=""shinhan bank sydney branch""","=""10""","=""0""","=""4""","=""Low""","=""false"""
"=""shinhan bank swift code vietnam""","=""10""","=""0""","=""5""","=""Low""","=""false"""
"=""shinhan bank swift""","=""10""","=""0""","=""3""","=""Low""","=""false"""
"=""shinhan bank swift code south korea""","=""10""","=""0""","=""6""","=""Low""","=""false"""
"=""shinhan bank south korea address""","=""10""","=""0""","=""5""","=""Low""","=""false"""
"=""shinhan bank south korea swift code""","=""10""","=""0""","=""6""","=""Low""","=""false"""
"=""shinhan bank song than""","=""10""","=""0""","=""4""","=""Low""","=""false"""
"=""shinhan bank vung tau""","=""10""","=""0""","=""4""","=""Low""","=""false"""
"=""shinhan bank terdekat""","=""10""","=""0""","=""3""","=""Low""","=""false"""
"=""shinhan bank toronto""","=""10""","=""0""","=""3""","=""Low""","=""false"""
"=""shinhan bank trả góp""","=""10""","=""0""","=""4""","=""Low""","=""false"""
"=""shinhan bank tiền giang""","=""10""","=""0""","=""4""","=""Low""","=""false"""
"=""shinhan bank tuyển dụng hà nội""","=""10""","=""0""","=""6""","=""Low""","=""false"""
"=""shinhan bank tuyển dụng giao dịch viên""","=""10""","=""0""","=""7""","=""Low""","=""false"""
"=""shinhan bank tuyển dụng part time""","=""10""","=""0""","=""6""","=""Low""","=""false"""
"=""shinhan bank uk""","=""10""","=""0""","=""3""","=""Low""","=""false"""
"=""shinhan bank western union""","=""10""","=""0""","=""4""","=""Low""","=""false"""
"=""shinhan bank việt trì""","=""10""","=""0""","=""4""","=""Low""","=""false"""
"=""shinhan bank logo vector""","=""10""","=""0""","=""4""","=""Low""","=""false"""
"=""shinhan bank an duong vuong""","=""10""","=""0""","=""5""","=""Low""","=""false"""
"=""shinhan bank website""","=""10""","=""0""","=""3""","=""Low""","=""false"""
"=""shinhan bank working hours""","=""10""","=""0""","=""4""","=""Low""","=""false"""
"=""shinhan bank yangon branch""","=""10""","=""0""","=""4""","=""Low""","=""false"""
"=""shinhan bank yangon""","=""10""","=""0""","=""3""","=""Low""","=""false"""
"=""shinhan bank new york branch""","=""10""","=""0""","=""5""","=""Low""","=""false"""
"=""shinhan bank mở thẻ tín dụng""","=""10""","=""0.77""","=""6""","=""Medium""","=""false"""
"=""shinhan bank sài gòn""","=""10""","=""0""","=""4""","=""Low""","=""false"""
"=""shinhan bank số tổng đài""","=""10""","=""0""","=""5""","=""Low""","=""false"""
"=""shinhan bank trả góp 0""","=""10""","=""0""","=""5""","=""Low""","=""false"""
"=""shinhan bank đường 3 2""","=""10""","=""0""","=""5""","=""Low""","=""false"""
"=""shinhan bank làm việc thứ 7""","=""10""","=""0""","=""6""","=""Low""","=""false"""
"=""shinhan bank yên phong""","=""10""","=""0""","=""4""","=""Low""","=""false"""
"=""shinhan bank rút được bao nhiêu tiền""","=""10""","=""0""","=""7""","=""Low""","=""false"""
"=""shinhan bank có hỗ trợ nợ xấu không""","=""10""","=""0""","=""8""","=""Low""","=""false"""
"=""shinhan bank có tốt không""","=""10""","=""0""","=""5""","=""Low""","=""false"""
"=""shinhan bank ambassador""","=""10""","=""0""","=""3""","=""Low""","=""false"""
"=""shinhan bank annual report 2024""","=""10""","=""0""","=""5""","=""Low""","=""false"""
"=""shinhan bank annual report 2025""","=""10""","=""0""","=""5""","=""Low""","=""false"""
"=""shinhan bank apk""","=""10""","=""0""","=""3""","=""Low""","=""false"""
"=""shinhan bank apa""","=""10""","=""0""","=""3""","=""Low""","=""false"""
"=""shinhan bank atm fee""","=""10""","=""0""","=""4""","=""Low""","=""false"""
"=""shinhan bank bao nhiêu tuổi được mở tài khoản""","=""10""","=""0""","=""9""","=""Low""","=""false"""
"=""shinhan bank s birds w bnk sum w""","=""10""","=""0""","=""8""","=""Low""","=""false"""
"=""shinhan bank branch code korea""","=""10""","=""0""","=""5""","=""Low""","=""false"""
"=""shinhan bank brand ambassador""","=""10""","=""0""","=""4""","=""Low""","=""false"""
"=""shinhan bank code 3 digit""","=""10""","=""0""","=""5""","=""Low""","=""false"""
"=""shinhan bank customer care""","=""10""","=""0""","=""4""","=""Low""","=""false"""
"=""shinhan bank calmette""","=""10""","=""0""","=""3""","=""Low""","=""false"""
"=""shinhan bank dongdaemun""","=""10""","=""0""","=""3""","=""Low""","=""false"""
"=""shinhan bank email address""","=""10""","=""0""","=""4""","=""Low""","=""false"""
"=""shinhan bank english customer service number korea""","=""10""","=""0""","=""7""","=""Low""","=""false"""
"=""shinhan bank cha eun woo""","=""10""","=""0""","=""5""","=""Low""","=""false"""
"=""shinhan bank vietnam withdrawal fee""","=""10""","=""0""","=""5""","=""Low""","=""false"""
"=""shinhan bank withdrawal fee""","=""10""","=""0""","=""4""","=""Low""","=""false"""
"=""shinhan bank full name""","=""10""","=""0""","=""4""","=""Low""","=""false"""
"=""shinhan bank exchange rate today""","=""10""","=""0""","=""5""","=""Low""","=""false"""
"=""shinhan bank giờ nghỉ trưa""","=""10""","=""0""","=""5""","=""Low""","=""false"""
"=""shinhan bank glassdoor""","=""10""","=""0""","=""3""","=""Low""","=""false"""
"=""shinhan bank head office mumbai""","=""10""","=""0""","=""5""","=""Low""","=""false"""
"=""shinhan bank vietnam head office""","=""10""","=""0""","=""5""","=""Low""","=""false"""
"=""shinhan bank hi point""","=""10""","=""0""","=""4""","=""Low""","=""false"""
"=""shinhan bank hsbc""","=""10""","=""0""","=""3""","=""Low""","=""false"""
"=""shinhan bank kim soo hyun""","=""10""","=""0""","=""5""","=""Low""","=""false"""
"=""shinhan bank is from which country""","=""10""","=""0""","=""6""","=""Low""","=""false"""
"=""shinhan bank tuyển dụng it""","=""10""","=""0""","=""5""","=""Low""","=""false"""
"=""shinhan bank intern""","=""10""","=""0""","=""3""","=""Low""","=""false"""
"=""shinhan bank internship""","=""10""","=""0""","=""3""","=""Low""","=""false"""
"=""shinhan bank jeonju""","=""10""","=""0""","=""3""","=""Low""","=""false"""
"=""shinhan bank s birds vs kb stars""","=""10""","=""0""","=""7""","=""Low""","=""false"""
"=""shinhan bank kc solo""","=""10""","=""0""","=""4""","=""Low""","=""false"""
"=""shinhan bank kc jakarta central""","=""10""","=""0""","=""5""","=""Low""","=""false"""
"=""shinhan bank mã chứng khoán""","=""10""","=""0""","=""5""","=""Low""","=""false"""
"=""shinhan bank landmark""","=""10""","=""0""","=""3""","=""Low""","=""false"""
"=""shinhan bank model""","=""10""","=""0""","=""3""","=""Low""","=""false"""
"=""shinhan bank myeongdong""","=""10""","=""0""","=""3""","=""Low""","=""false"""
"=""shinhan bank news""","=""10""","=""0""","=""3""","=""Low""","=""false"""
"=""shinhan bank newjeans""","=""10""","=""0""","=""3""","=""Low""","=""false"""
"=""shinhan bank number""","=""10""","=""0""","=""3""","=""Low""","=""false"""
"=""shinhan bank online doanh nghiệp""","=""10""","=""0""","=""5""","=""Low""","=""false"""
"=""shinhan bank online account opening""","=""10""","=""0""","=""5""","=""Low""","=""false"""
"=""shinhan bank open""","=""10""","=""0""","=""3""","=""Low""","=""false"""
"=""shinhan bank origin country""","=""10""","=""0""","=""4""","=""Low""","=""false"""
"=""shinhan bank origin""","=""10""","=""0""","=""3""","=""Low""","=""false"""
"=""shinhan bank owner""","=""10""","=""0""","=""3""","=""Low""","=""false"""
"=""shinhan bank phòng giao dịch""","=""10""","=""0""","=""5""","=""Low""","=""false"""
"=""shinhan bank pico plaza""","=""10""","=""0""","=""4""","=""Low""","=""false"""
"=""shinhan bank platinum""","=""10""","=""0""","=""3""","=""Low""","=""false"""
"=""shinhan bank poonamallee branch""","=""10""","=""0""","=""4""","=""Low""","=""false"""
"=""shinhan bank review công ty""","=""10""","=""0""","=""5""","=""Low""","=""true"""
"=""shinhan bank revenue""","=""10""","=""0""","=""3""","=""Low""","=""false"""
"=""shinhan bank sinh trắc học""","=""10""","=""0""","=""5""","=""Low""","=""false"""
"=""shinhan bank sonadezi""","=""10""","=""0""","=""3""","=""Low""","=""false"""
"=""shinhan bank uzbekistan""","=""10""","=""0""","=""3""","=""Low""","=""false"""
"=""shinhan bank vs hana bank""","=""10""","=""0""","=""5""","=""Low""","=""false"""
"=""shinhan bank vs samsung life""","=""10""","=""0""","=""5""","=""Low""","=""false"""
"=""shinhan bank which country""","=""10""","=""0""","=""4""","=""Low""","=""false"""
"=""shinhan bank long xuyên""","=""10""","=""0""","=""4""","=""Low""","=""false"""
"=""shinhan bank yuna""","=""10""","=""0""","=""3""","=""Low""","=""false"""
"=""shinhan bank mấy giờ làm việc""","=""10""","=""0""","=""6""","=""Low""","=""false"""
"=""shinhan bank thứ 7 có làm việc không""","=""10""","=""0""","=""8""","=""Low""","=""false"""
"=""shinhan bank có liên kết với shopee được không""","=""10""","=""0""","=""9""","=""Low""","=""false"""
"=""shinhan bank là của ai""","=""10""","=""0""","=""5""","=""Low""","=""false"""
"=""shinhan bank alpharetta ga""","=""0""","=""0""","=""4""","=""Low""","=""false"""
"=""shinhan bank america fort lee""","=""0""","=""0""","=""5""","=""Low""","=""false"""
"=""shinhan bank america cd rates""","=""0""","=""0""","=""5""","=""Low""","=""false"""
"=""shinhan bank america duluth""","=""0""","=""0""","=""4""","=""Low""","=""false"""
"=""shinhan bank america credit card""","=""0""","=""0""","=""5""","=""Low""","=""false"""
"=""shinhan bank ansan""","=""0""","=""0""","=""3""","=""Low""","=""false"""
"=""shinhan bank incheon airport""","=""0""","=""0""","=""4""","=""Low""","=""false"""
"=""shinhan bank bayside""","=""0""","=""0""","=""3""","=""Low""","=""false"""
"=""shinhan bank bandung""","=""0""","=""0""","=""3""","=""Low""","=""false"""
"=""shinhan bank bts""","=""0""","=""0""","=""3""","=""Low""","=""false"""
"=""shinhan bank customer service english korea""","=""0""","=""0""","=""6""","=""Low""","=""false"""
"=""shinhan bank delhi""","=""0""","=""0""","=""3""","=""Low""","=""false"""
"=""shinhan bank europe gmbh frankfurt""","=""0""","=""0""","=""5""","=""Low""","=""false"""
"=""shinhan bank fd rates""","=""0""","=""0""","=""4""","=""Low""","=""false"""
"=""shinhan bank fd rates india""","=""0""","=""0""","=""5""","=""Low""","=""false"""
"=""shinhan bank flushing""","=""0""","=""0""","=""3""","=""Low""","=""false"""
"=""shinhan bank america flushing""","=""0""","=""0""","=""4""","=""Low""","=""false"""
"=""shinhan bank fort lee""","=""0""","=""0""","=""4""","=""Low""","=""false"""
"=""shinhan bank gachibowli""","=""0""","=""0""","=""3""","=""Low""","=""false"""
"=""shinhan bank hedera""","=""0""","=""0""","=""3""","=""Low""","=""false"""
"=""shinhan bank ifsc code""","=""0""","=""0""","=""4""","=""Low""","=""false"""
"=""shinhan bank irvine""","=""0""","=""0""","=""3""","=""Low""","=""false"""
"=""shinhan bank america irvine""","=""0""","=""0""","=""4""","=""Low""","=""false"""
"=""shinhan bank itaewon""","=""0""","=""0""","=""3""","=""Low""","=""false"""
"=""shinhan bank karir""","=""0""","=""0""","=""3""","=""Low""","=""false"""
"=""shinhan bank karawang""","=""0""","=""0""","=""3""","=""Low""","=""false"""
"=""shinhan bank korea routing number""","=""0""","=""0""","=""5""","=""Low""","=""false"""
"=""shinhan bank medan""","=""0""","=""0""","=""3""","=""Low""","=""false"""
"=""shinhan bank mortgage""","=""0""","=""0""","=""3""","=""Low""","=""false"""
"=""shinhan bank mumbai address""","=""0""","=""0""","=""4""","=""Low""","=""false"""
"=""shinhan bank mumbai careers""","=""0""","=""0""","=""4""","=""Low""","=""false"""
"=""shinhan bank north york""","=""0""","=""0""","=""4""","=""Low""","=""false"""
"=""shinhan bank palisades park nj""","=""0""","=""0""","=""5""","=""Low""","=""false"""
"=""shinhan bank america palisades park nj""","=""0""","=""0""","=""6""","=""Low""","=""false"""
"=""shinhan bank of canada""","=""0""","=""0""","=""4""","=""Low""","=""false"""
"=""shinhan bank america olympic branch""","=""0""","=""0""","=""5""","=""Low""","=""false"""
"=""shinhan bank routing number korea""","=""0""","=""0""","=""5""","=""Low""","=""false"""
"=""shinhan bank palisades park""","=""0""","=""0""","=""4""","=""Low""","=""false"""
"=""shinhan bank semarang""","=""0""","=""0""","=""3""","=""Low""","=""false"""
"=""shinhan bank sriperumbudur""","=""0""","=""0""","=""3""","=""Low""","=""false"""
"=""shinhan bank tegal""","=""0""","=""0""","=""3""","=""Low""","=""false"""
"=""shinhan bank yeouido""","=""0""","=""0""","=""3""","=""Low""","=""false"""
"=""shinhan bank code 088""","=""0""","=""0""","=""4""","=""Low""","=""false"""
"=""shinhan bank about""","=""0""","=""0""","=""3""","=""Low""","=""false"""
"=""shinhan bank about us""","=""0""","=""0""","=""4""","=""Low""","=""false"""
"=""shinhan bank abbreviation""","=""0""","=""0""","=""3""","=""Low""","=""false"""
"=""shinhan bank aba number""","=""0""","=""0""","=""4""","=""Low""","=""false"""
"=""shinhan bank america aba""","=""0""","=""0""","=""4""","=""Low""","=""false"""
"=""shinhan bank account opening online""","=""0""","=""0""","=""5""","=""Low""","=""false"""
"=""shinhan bank account for foreigners""","=""0""","=""0""","=""5""","=""Low""","=""false"""
"=""shinhan bank academy""","=""0""","=""0""","=""3""","=""Low""","=""false"""
"=""shinhan bank account statement""","=""0""","=""0""","=""4""","=""Low""","=""false"""
"=""shinhan bank account opening zero balance""","=""0""","=""0""","=""6""","=""Low""","=""false"""
"=""shinhan bank limited account""","=""0""","=""0""","=""4""","=""Low""","=""false"""
"=""shinhan bank address seoul""","=""0""","=""0""","=""4""","=""Low""","=""false"""
"=""shinhan bank address south korea""","=""0""","=""0""","=""5""","=""Low""","=""false"""
"=""shinhan bank advertisement""","=""0""","=""0""","=""3""","=""Low""","=""false"""
"=""shinhan bank ada dimana saja""","=""0""","=""0""","=""5""","=""Low""","=""false"""
"=""shinhan bank ad""","=""0""","=""0""","=""3""","=""Low""","=""false"""
"=""shinhan bank adresse""","=""0""","=""0""","=""3""","=""Low""","=""false"""
"=""shinhan bank adverse news""","=""0""","=""0""","=""4""","=""Low""","=""false"""
"=""shinhan bank aeon mall""","=""0""","=""0""","=""4""","=""Low""","=""false"""
"=""shinhan bank aeon""","=""0""","=""0""","=""3""","=""Low""","=""false"""
"=""shinhan bank ahmedabad branch""","=""0""","=""0""","=""4""","=""Low""","=""false"""
"=""shinhan bank ahmedabad reviews""","=""0""","=""0""","=""4""","=""Low""","=""false"""
"=""shinhan bank ahmedabad ifsc code""","=""0""","=""0""","=""5""","=""Low""","=""false"""
"=""shinhan bank ahmedabad contact number""","=""0""","=""0""","=""5""","=""Low""","=""false"""
"=""shinhan bank ahmedabad address""","=""0""","=""0""","=""4""","=""Low""","=""false"""
"=""shinhan bank ahmedabad branch photos""","=""0""","=""0""","=""5""","=""Low""","=""false"""
"=""shinhan bank almaty""","=""0""","=""0""","=""3""","=""Low""","=""false"""
"=""shinhan bank alamat""","=""0""","=""0""","=""3""","=""Low""","=""false"""
"=""shinhan bank america alpharetta""","=""0""","=""0""","=""4""","=""Low""","=""false"""
"=""shinhan bank indonesia alamat""","=""0""","=""0""","=""4""","=""Low""","=""false"""
"=""shinhan bank aktie""","=""0""","=""0""","=""3""","=""Low""","=""false"""
"=""shinhan bank app store""","=""0""","=""0""","=""4""","=""Low""","=""false"""
"=""shinhan bank application""","=""0""","=""0""","=""3""","=""Low""","=""false"""
"=""shinhan bank apps""","=""0""","=""0""","=""3""","=""Low""","=""false"""
"=""shinhan bank api""","=""0""","=""0""","=""3""","=""Low""","=""false"""
"=""shinhan bank app download""","=""0""","=""0""","=""4""","=""Low""","=""false"""
"=""shinhan bank asset size""","=""0""","=""0""","=""4""","=""Low""","=""false"""
"=""shinhan bank assistant manager salary""","=""0""","=""0""","=""5""","=""Low""","=""false"""
"=""shinhan bank aum""","=""0""","=""0""","=""3""","=""Low""","=""false"""
"=""shinhan bank audit report""","=""0""","=""0""","=""4""","=""Low""","=""false"""
"=""shinhan bank auto loan""","=""0""","=""0""","=""4""","=""Low""","=""false"""
"=""shinhan bank auditor""","=""0""","=""0""","=""3""","=""Low""","=""false"""
"=""shinhan bank internal audit""","=""0""","=""0""","=""4""","=""Low""","=""false"""
"=""shinhan bank avp salary""","=""0""","=""0""","=""4""","=""Low""","=""false"""
"=""shinhan bank atm hanoi""","=""0""","=""0""","=""4""","=""Low""","=""false"""
"=""shinhan bank atm withdrawal fee""","=""0""","=""0""","=""5""","=""Low""","=""false"""
"=""shinhan bank atm fee korea""","=""0""","=""0""","=""5""","=""Low""","=""false"""
"=""shinhan bank atm card""","=""0""","=""0""","=""4""","=""Low""","=""false"""
"=""shinhan bank ai""","=""0""","=""0""","=""3""","=""Low""","=""false"""
"=""shinhan bank ai branch""","=""0""","=""0""","=""4""","=""Low""","=""false"""
"=""shinhan bank ai engineer""","=""0""","=""0""","=""4""","=""Low""","=""false"""
"=""shinhan bank airport""","=""0""","=""0""","=""3""","=""Low""","=""false"""
"=""shinhan bank korean air""","=""0""","=""0""","=""4""","=""Low""","=""false"""
"=""shinhan bank gimpo airport""","=""0""","=""0""","=""4""","=""Low""","=""false"""
"=""shinhan bank atm incheon airport""","=""0""","=""0""","=""5""","=""Low""","=""false"""
"=""shinhan bank bangalore""","=""0""","=""0""","=""3""","=""Low""","=""false"""
"=""shinhan bank bctc""","=""0""","=""0""","=""3""","=""Low""","=""false"""
"=""shinhan bank bc""","=""0""","=""0""","=""3""","=""Low""","=""false"""
"=""shinhan bank bgc""","=""0""","=""0""","=""3""","=""Low""","=""false"""
"=""shinhan bank bloomberg""","=""0""","=""0""","=""3""","=""Low""","=""false"""
"=""shinhan bank northern blvd""","=""0""","=""0""","=""4""","=""Low""","=""false"""
"=""shinhan bank bic swift""","=""0""","=""0""","=""4""","=""Low""","=""false"""
"=""shinhan bank binh duong new city""","=""0""","=""0""","=""6""","=""Low""","=""false"""
"=""shinhan bank biên hòa tuyển dụng""","=""0""","=""0""","=""6""","=""Low""","=""false"""
"=""shinhan bank binh thanh""","=""0""","=""0""","=""4""","=""Low""","=""false"""
"=""shinhan bank binh tan""","=""0""","=""0""","=""4""","=""Low""","=""false"""
"=""shinhan bank vs bnk sum""","=""0""","=""0""","=""5""","=""Low""","=""false"""
"=""shinhan bank s birds vs bnk sum""","=""0""","=""0""","=""7""","=""Low""","=""false"""
"=""shinhan bank branch near me""","=""0""","=""0""","=""5""","=""Low""","=""false"""
"=""shinhan bank branch in mumbai""","=""0""","=""0""","=""5""","=""Low""","=""false"""
"=""shinhan bank break time""","=""0""","=""0""","=""4""","=""Low""","=""false"""
"=""shinhan bank branches in hyderabad""","=""0""","=""0""","=""5""","=""Low""","=""false"""
"=""shinhan bank branches in tamilnadu""","=""0""","=""0""","=""5""","=""Low""","=""false"""
"=""shinhan bank bmt""","=""0""","=""0""","=""3""","=""Low""","=""false"""
"=""shinhan bank bsb""","=""0""","=""0""","=""3""","=""Low""","=""false"""
"=""shinhan bank buku berapa""","=""0""","=""0""","=""4""","=""Low""","=""false"""
"=""shinhan bank busan""","=""0""","=""0""","=""3""","=""Low""","=""false"""
"=""shinhan bank business center""","=""0""","=""0""","=""4""","=""Low""","=""false"""
"=""shinhan bank business""","=""0""","=""0""","=""3""","=""Low""","=""false"""
"=""shinhan bank business online""","=""0""","=""0""","=""4""","=""Low""","=""false"""
"=""shinhan bank building""","=""0""","=""0""","=""3""","=""Low""","=""false"""
"=""shinhan bank business review""","=""0""","=""0""","=""4""","=""Low""","=""false"""
"=""shinhan bank bucheon""","=""0""","=""0""","=""3""","=""Low""","=""false"""
"=""shinhan bank bukit darmo""","=""0""","=""0""","=""4""","=""Low""","=""false"""
"=""shinhan bank bod""","=""0""","=""0""","=""3""","=""Low""","=""false"""
"=""shinhan bank bogor""","=""0""","=""0""","=""3""","=""Low""","=""false"""
"=""shinhan bank book""","=""0""","=""0""","=""3""","=""Low""","=""false"""
"=""shinhan bank bond""","=""0""","=""0""","=""3""","=""Low""","=""false"""
"=""shinhan bank bonus""","=""0""","=""0""","=""3""","=""Low""","=""false"""
"=""shinhan bank park bo gum""","=""0""","=""0""","=""5""","=""Low""","=""false"""
"=""shinhan bank trảng bom""","=""0""","=""0""","=""4""","=""Low""","=""false"""
"=""shinhan bank certificate""","=""0""","=""0""","=""3""","=""Low""","=""false"""
"=""shinhan bank centec""","=""0""","=""0""","=""3""","=""Low""","=""false"""
"=""shinhan bank celebrity endorser issues""","=""0""","=""0""","=""5""","=""Low""","=""false"""
"=""shinhan bank ceo india""","=""0""","=""0""","=""4""","=""Low""","=""false"""
"=""shinhan bank lotte center""","=""0""","=""0""","=""4""","=""Low""","=""false"""
"=""shinhan bank cd rates today""","=""0""","=""0""","=""5""","=""Low""","=""false"""
"=""shinhan bank ca cd rate""","=""0""","=""0""","=""5""","=""Low""","=""false"""
"=""shinhan bank america cd""","=""0""","=""0""","=""4""","=""Low""","=""false"""
"=""shinhan bank cfo""","=""0""","=""0""","=""3""","=""Low""","=""false"""
"=""shinhan bank canada cfo""","=""0""","=""0""","=""4""","=""Low""","=""false"""
"=""shinhan bank america cfo""","=""0""","=""0""","=""4""","=""Low""","=""false"""
"=""shinhan bank cikarang""","=""0""","=""0""","=""3""","=""Low""","=""false"""
"=""shinhan bank citad code""","=""0""","=""0""","=""4""","=""Low""","=""false"""
"=""shinhan bank citad""","=""0""","=""0""","=""3""","=""Low""","=""false"""
"=""shinhan bank city""","=""0""","=""0""","=""3""","=""Low""","=""false"""
"=""shinhan bank ci""","=""0""","=""0""","=""3""","=""Low""","=""false"""
"=""shinhan bank cilegon""","=""0""","=""0""","=""3""","=""Low""","=""false"""
"=""shinhan bank cin number""","=""0""","=""0""","=""4""","=""Low""","=""false"""
"=""shinhan bank cin""","=""0""","=""0""","=""3""","=""Low""","=""false"""
"=""shinhan bank closing time""","=""0""","=""0""","=""4""","=""Low""","=""false"""
"=""shinhan bank close account""","=""0""","=""0""","=""4""","=""Low""","=""false"""
"=""shinhan bank close time""","=""0""","=""0""","=""4""","=""Low""","=""false"""
"=""shinhan bank chi nhánh tphcm""","=""0""","=""0""","=""5""","=""Low""","=""false"""
"=""shinhan bank chi nhánh gò vấp""","=""0""","=""0""","=""6""","=""Low""","=""false"""
"=""shinhan bank chi nhánh đông sài gòn""","=""0""","=""0""","=""7""","=""Low""","=""false"""
"=""shinhan bank chuyển tiền quốc tế""","=""0""","=""0""","=""6""","=""Low""","=""false"""
"=""shinhan bank charmvit""","=""0""","=""0""","=""3""","=""Low""","=""false"""
"=""shinhan bank cms""","=""0""","=""0""","=""3""","=""Low""","=""false"""
"=""shinhan bank co ltd annual report""","=""0""","=""0""","=""6""","=""Low""","=""false"""
"=""shinhan bank country of origin""","=""0""","=""0""","=""5""","=""Low""","=""false"""
"=""shinhan bank corporate login""","=""0""","=""0""","=""4""","=""Low""","=""false"""
"=""shinhan bank country""","=""0""","=""0""","=""3""","=""Low""","=""false"""
"=""shinhan bank mã ck""","=""0""","=""0""","=""4""","=""Low""","=""false"""
"=""shinhan bank cskh""","=""0""","=""0""","=""3""","=""Low""","=""false"""
"=""shinhan bank csr""","=""0""","=""0""","=""3""","=""Low""","=""false"""
"=""shinhan bank cs""","=""0""","=""0""","=""3""","=""Low""","=""false"""
"=""shinhan bank tuyển dụng cskh""","=""0""","=""0""","=""5""","=""Low""","=""false"""
"=""shinhan bank cv""","=""0""","=""0""","=""3""","=""Low""","=""false"""
"=""shinhan bank mẫu cv""","=""0""","=""0""","=""4""","=""Low""","=""false"""
"=""shinhan bank credit""","=""0""","=""0""","=""3""","=""Low""","=""false"""
"=""shinhan bank crescent mall""","=""0""","=""0""","=""4""","=""Low""","=""false"""
"=""shinhan bank crescent plaza""","=""0""","=""0""","=""4""","=""Low""","=""false"""
"=""shinhan bank crypto""","=""0""","=""0""","=""3""","=""Low""","=""false"""
"=""shinhan bank credit card vietnam""","=""0""","=""0""","=""5""","=""Low""","=""false"""
"=""shinhan bank currency exchange rate""","=""0""","=""0""","=""5""","=""Low""","=""false"""
"=""shinhan bank cup""","=""0""","=""0""","=""3""","=""Low""","=""false"""
"=""shinhan bank currency""","=""0""","=""0""","=""3""","=""Low""","=""false"""
"=""shinhan bank cua ai""","=""0""","=""0""","=""4""","=""Low""","=""false"""
"=""shinhan bank data analyst""","=""0""","=""0""","=""4""","=""Low""","=""false"""
"=""shinhan bank dang nhap""","=""0""","=""0""","=""4""","=""Low""","=""false"""
"=""shinhan bank da lat""","=""0""","=""0""","=""4""","=""Low""","=""false"""
"=""shinhan bank dali tower""","=""0""","=""0""","=""4""","=""Low""","=""false"""
"=""shinhan bank dali""","=""0""","=""0""","=""3""","=""Low""","=""false"""
"=""shinhan bank daejeon""","=""0""","=""0""","=""3""","=""Low""","=""false"""
"=""shinhan bank canada swift code""","=""0""","=""0""","=""5""","=""Low""","=""false"""
"=""shinhan bank deposit rates""","=""0""","=""0""","=""4""","=""Low""","=""false"""
"=""shinhan bank deposit""","=""0""","=""0""","=""3""","=""Low""","=""false"""
"=""shinhan bank deposit interest rate""","=""0""","=""0""","=""5""","=""Low""","=""false"""
"=""shinhan bank delhi ifsc code""","=""0""","=""0""","=""5""","=""Low""","=""false"""
"=""shinhan bank debit card activation""","=""0""","=""0""","=""5""","=""Low""","=""false"""
"=""shinhan bank delhi address""","=""0""","=""0""","=""4""","=""Low""","=""false"""
"=""shinhan bank details""","=""0""","=""0""","=""3""","=""Low""","=""false"""
"=""shinhan bank district 1""","=""0""","=""0""","=""4""","=""Low""","=""false"""
"=""shinhan bank digital""","=""0""","=""0""","=""3""","=""Low""","=""false"""
"=""shinhan bank di an""","=""0""","=""0""","=""4""","=""Low""","=""false"""
"=""shinhan bank dia chi""","=""0""","=""0""","=""4""","=""Low""","=""false"""
"=""shinhan bank district 7""","=""0""","=""0""","=""4""","=""Low""","=""false"""
"=""shinhan bank directors""","=""0""","=""0""","=""3""","=""Low""","=""false"""
"=""shinhan bank dimana""","=""0""","=""0""","=""3""","=""Low""","=""false"""
"=""shinhan bank digital kta""","=""0""","=""0""","=""4""","=""Low""","=""false"""
"=""shinhan bank di korea""","=""0""","=""0""","=""4""","=""Low""","=""false"""
"=""shinhan bank dong sai gon""","=""0""","=""0""","=""5""","=""Low""","=""false"""
"=""shinhan bank dongdaemun branch""","=""0""","=""0""","=""4""","=""Low""","=""false"""
"=""shinhan bank download""","=""0""","=""0""","=""3""","=""Low""","=""false"""
"=""shinhan bank dongguk university""","=""0""","=""0""","=""4""","=""Low""","=""false"""
"=""shinhan bank dong saigon branch reviews""","=""0""","=""0""","=""6""","=""Low""","=""false"""
"=""shinhan bank dragon pass""","=""0""","=""0""","=""4""","=""Low""","=""false"""
"=""shinhan bank cn phạm hùng""","=""0""","=""0""","=""5""","=""Low""","=""false"""
"=""shinhan bank ecopark""","=""0""","=""0""","=""3""","=""Low""","=""false"""
"=""shinhan bank employee reviews""","=""0""","=""0""","=""4""","=""Low""","=""false"""
"=""shinhan bank email id""","=""0""","=""0""","=""4""","=""Low""","=""false"""
"=""shinhan bank employee benefits""","=""0""","=""0""","=""4""","=""Low""","=""false"""
"=""shinhan bank emart""","=""0""","=""0""","=""3""","=""Low""","=""false"""
"=""shinhan bank empress tower""","=""0""","=""0""","=""4""","=""Low""","=""false"""
"=""shinhan bank embezzlement""","=""0""","=""0""","=""3""","=""Low""","=""false"""
"=""shinhan bank emi calculator""","=""0""","=""0""","=""4""","=""Low""","=""false"""
"=""shinhan bank english customer service number 24 hours""","=""0""","=""0""","=""8""","=""Low""","=""false"""
"=""shinhan bank english customer service number""","=""0""","=""0""","=""6""","=""Low""","=""false"""
"=""shinhan bank english customer service number korea 24 hours""","=""0""","=""0""","=""9""","=""Low""","=""false"""
"=""shinhan bank korea english customer service""","=""0""","=""0""","=""6""","=""Low""","=""false"""
"=""shinhan bank episode""","=""0""","=""0""","=""3""","=""Low""","=""false"""
"=""shinhan bank error""","=""0""","=""0""","=""3""","=""Low""","=""false"""
"=""shinhan bank esg""","=""0""","=""0""","=""3""","=""Low""","=""false"""
"=""shinhan bank esg report""","=""0""","=""0""","=""4""","=""Low""","=""false"""
"=""shinhan bank esports""","=""0""","=""0""","=""3""","=""Low""","=""false"""
"=""shinhan bank established year""","=""0""","=""0""","=""4""","=""Low""","=""false"""
"=""shinhan bank esg framework""","=""0""","=""0""","=""4""","=""Low""","=""false"""
"=""shinhan bank established""","=""0""","=""0""","=""3""","=""Low""","=""false"""
"=""shinhan bank donde esta""","=""0""","=""0""","=""4""","=""Low""","=""false"""
"=""shinhan bank que es""","=""0""","=""0""","=""4""","=""Low""","=""false"""
"=""shinhan bank es hsbc""","=""0""","=""0""","=""4""","=""Low""","=""false"""
"=""shinhan bank de donde es""","=""0""","=""0""","=""5""","=""Low""","=""false"""
"=""shinhan bank europe gmbh address""","=""0""","=""0""","=""5""","=""Low""","=""false"""
"=""shinhan bank eunwoo""","=""0""","=""0""","=""3""","=""Low""","=""false"""
"=""shinhan bank tỷ giá euro""","=""0""","=""0""","=""5""","=""Low""","=""false"""
"=""shinhan bank etown""","=""0""","=""0""","=""3""","=""Low""","=""false"""
"=""shinhan bank ewha""","=""0""","=""0""","=""3""","=""Low""","=""false"""
"=""shinhan bank fb""","=""0""","=""0""","=""3""","=""Low""","=""false"""
"=""shinhan bank facebook""","=""0""","=""0""","=""3""","=""Low""","=""false"""
"=""shinhan bank fax number""","=""0""","=""0""","=""4""","=""Low""","=""false"""
"=""shinhan bank vietnam facebook""","=""0""","=""0""","=""4""","=""Low""","=""false"""
"=""shinhan bank fdic""","=""0""","=""0""","=""3""","=""Low""","=""false"""
"=""shinhan bank fee""","=""0""","=""0""","=""3""","=""Low""","=""false"""
"=""shinhan bank vietnam fee""","=""0""","=""0""","=""4""","=""Low""","=""false"""
"=""shinhan bank transaction fee""","=""0""","=""0""","=""4""","=""Low""","=""false"""
"=""shinhan bank atm fee vietnam""","=""0""","=""0""","=""5""","=""Low""","=""false"""
"=""shinhan bank atm fee foreign card""","=""0""","=""0""","=""6""","=""Low""","=""false"""
"=""shinhan bank transfer fee""","=""0""","=""0""","=""4""","=""Low""","=""false"""
"=""shinhan bank financial statements""","=""0""","=""0""","=""4""","=""Low""","=""false"""
"=""shinhan bank financial report""","=""0""","=""0""","=""4""","=""Low""","=""false"""
"=""shinhan bank fixed deposit""","=""0""","=""0""","=""4""","=""Low""","=""false"""
"=""shinhan bank financial statements 2024""","=""0""","=""0""","=""5""","=""Low""","=""false"""
"=""shinhan bank finance center branch""","=""0""","=""0""","=""5""","=""Low""","=""false"""
"=""shinhan bank financial statements 2025""","=""0""","=""0""","=""5""","=""Low""","=""false"""
"=""shinhan bank financials""","=""0""","=""0""","=""3""","=""Low""","=""false"""
"=""shinhan bank flushing ny""","=""0""","=""0""","=""4""","=""Low""","=""false"""
"=""shinhan bank america flushing branch""","=""0""","=""0""","=""5""","=""Low""","=""false"""
"=""shinhan bank america flushing ny""","=""0""","=""0""","=""5""","=""Low""","=""false"""
"=""shinhan bank form""","=""0""","=""0""","=""3""","=""Low""","=""false"""
"=""shinhan bank founder""","=""0""","=""0""","=""3""","=""Low""","=""false"""
"=""shinhan bank font""","=""0""","=""0""","=""3""","=""Low""","=""false"""
"=""shinhan bank fortune""","=""0""","=""0""","=""3""","=""Low""","=""false"""
"=""shinhan bank foreign branch""","=""0""","=""0""","=""4""","=""Low""","=""false"""
"=""shinhan bank foreign language call center""","=""0""","=""0""","=""6""","=""Low""","=""false"""
"=""shinhan bank forbes""","=""0""","=""0""","=""3""","=""Low""","=""false"""
"=""shinhan bank from which country""","=""0""","=""0""","=""5""","=""Low""","=""false"""
"=""shinhan bank france""","=""0""","=""0""","=""3""","=""Low""","=""false"""
"=""shinhan bank from""","=""0""","=""0""","=""3""","=""Low""","=""false"""
"=""shinhan bank framework""","=""0""","=""0""","=""3""","=""Low""","=""false"""
"=""shinhan bank sustainable finance framework""","=""0""","=""0""","=""5""","=""Low""","=""false"""
"=""shinhan bank transition framework""","=""0""","=""0""","=""4""","=""Low""","=""false"""
"=""shinhan bank san francisco""","=""0""","=""0""","=""4""","=""Low""","=""false"""
"=""shinhan bank fukuoka""","=""0""","=""0""","=""3""","=""Low""","=""false"""
"=""shinhan bank full form""","=""0""","=""0""","=""4""","=""Low""","=""false"""
"=""shinhan bank vietnam full name""","=""0""","=""0""","=""5""","=""Low""","=""false"""
"=""shinhan bank career future""","=""0""","=""0""","=""4""","=""Low""","=""false"""
"=""shinhan bank cambodia full name""","=""0""","=""0""","=""5""","=""Low""","=""false"""
"=""shinhan bank fx rate""","=""0""","=""0""","=""4""","=""Low""","=""false"""
"=""shinhan bank fx""","=""0""","=""0""","=""3""","=""Low""","=""false"""
"=""shinhan bank ft com""","=""0""","=""0""","=""4""","=""Low""","=""false"""
"=""shinhan bank gangnam""","=""0""","=""0""","=""3""","=""Low""","=""false"""
"=""shinhan bank gachibowli reviews""","=""0""","=""0""","=""4""","=""Low""","=""false"""
"=""shinhan bank gachibowli photos""","=""0""","=""0""","=""4""","=""Low""","=""false"""
"=""shinhan bank gangwon retail banking""","=""0""","=""0""","=""5""","=""Low""","=""false"""
"=""shinhan bank gachibowli by owner""","=""0""","=""0""","=""5""","=""Low""","=""false"""
"=""shinhan bank gaji""","=""0""","=""0""","=""3""","=""Low""","=""false"""
"=""shinhan bank golden gate""","=""0""","=""0""","=""4""","=""Low""","=""false"""
"=""shinhan bank gcash""","=""0""","=""0""","=""3""","=""Low""","=""false"""
"=""shinhan bank external rating""","=""0""","=""0""","=""4""","=""Low""","=""false"""
"=""shinhan bank stock exchange""","=""0""","=""0""","=""4""","=""Low""","=""false"""
"=""shinhan bank germany""","=""0""","=""0""","=""3""","=""Low""","=""false"""
"=""shinhan bank georgia""","=""0""","=""0""","=""3""","=""Low""","=""false"""
"=""shinhan bank gebühren""","=""0""","=""0""","=""3""","=""Low""","=""false"""
"=""shinhan bank debit card pin generation""","=""0""","=""0""","=""6""","=""Low""","=""false"""
"=""shinhan bank gia lai""","=""0""","=""0""","=""4""","=""Low""","=""false"""
"=""shinhan bank gimhae""","=""0""","=""0""","=""3""","=""Low""","=""false"""
"=""shinhan bank giờ hoạt động""","=""0""","=""0""","=""5""","=""Low""","=""false"""
"=""shinhan bank gom nợ""","=""0""","=""0""","=""4""","=""Low""","=""false"""
"=""shinhan bank google pay""","=""0""","=""0""","=""4""","=""Low""","=""false"""
"=""shinhan bank gold""","=""0""","=""0""","=""3""","=""Low""","=""false"""
"=""shinhan bank good""","=""0""","=""0""","=""3""","=""Low""","=""false"""
"=""shinhan bank google maps""","=""0""","=""0""","=""4""","=""Low""","=""false"""
"=""shinhan bank gò vấp tuyển dụng""","=""0""","=""0""","=""6""","=""Low""","=""false"""
"=""shinhan bank group""","=""0""","=""0""","=""3""","=""Low""","=""false"""
"=""shinhan bank grand plaza""","=""0""","=""0""","=""4""","=""Low""","=""false"""
"=""shinhan bank gresik""","=""0""","=""0""","=""3""","=""Low""","=""false"""
"=""shinhan bank green bond framework""","=""0""","=""0""","=""5""","=""Low""","=""false"""
"=""shinhan bank financial group""","=""0""","=""0""","=""4""","=""Low""","=""false"""
"=""shinhan bank gst number""","=""0""","=""0""","=""4""","=""Low""","=""false"""
"=""shinhan bank india gst number""","=""0""","=""0""","=""5""","=""Low""","=""false"""
"=""shinhan bank gurgaon""","=""0""","=""0""","=""3""","=""Low""","=""false"""
"=""shinhan bank jung gu seoul""","=""0""","=""0""","=""5""","=""Low""","=""false"""
"=""shinhan bank jung gu""","=""0""","=""0""","=""4""","=""Low""","=""false"""
"=""shinhan bank gwanghwamun""","=""0""","=""0""","=""3""","=""Low""","=""false"""
"=""shinhan bank global atm""","=""0""","=""0""","=""4""","=""Low""","=""false"""
"=""shinhan bank global network""","=""0""","=""0""","=""4""","=""Low""","=""false"""
"=""shinhan bank global ranking""","=""0""","=""0""","=""4""","=""Low""","=""false"""
"=""shinhan bank global rating""","=""0""","=""0""","=""4""","=""Low""","=""false"""
"=""shinhan bank sol global""","=""0""","=""0""","=""4""","=""Low""","=""false"""
"=""shinhan bank canada glassdoor""","=""0""","=""0""","=""4""","=""Low""","=""false"""
"=""shinhan bank gyeonggi do""","=""0""","=""0""","=""4""","=""Low""","=""false"""
"=""shinhan bank hanoi branch""","=""0""","=""0""","=""4""","=""Low""","=""false"""
"=""shinhan bank ha dong""","=""0""","=""0""","=""4""","=""Low""","=""false"""
"=""shinhan bank hai bà trưng quận 1""","=""0""","=""0""","=""7""","=""Low""","=""false"""
"=""shinhan bank hai duong""","=""0""","=""0""","=""4""","=""Low""","=""false"""
"=""shinhan bank hallmark""","=""0""","=""0""","=""3""","=""Low""","=""false"""
"=""shinhan bank han jardin""","=""0""","=""0""","=""4""","=""Low""","=""false"""
"=""shinhan bank hanoi swift code""","=""0""","=""0""","=""5""","=""Low""","=""false"""
"=""shinhan bank cn hcm""","=""0""","=""0""","=""4""","=""Low""","=""false"""
"=""shinhan bank địa chỉ hcm""","=""0""","=""0""","=""5""","=""Low""","=""false"""
"=""shinhan bank thẻ ghi nợ""","=""0""","=""0""","=""5""","=""Low""","=""false"""
"=""shinhan bank head office korea""","=""0""","=""0""","=""5""","=""Low""","=""false"""
"=""shinhan bank head office address""","=""0""","=""0""","=""5""","=""Low""","=""false"""
"=""shinhan bank helpline""","=""0""","=""0""","=""3""","=""Low""","=""false"""
"=""shinhan bank head office photos""","=""0""","=""0""","=""5""","=""Low""","=""false"""
"=""shinhan bank vietnam head office address""","=""0""","=""0""","=""6""","=""Low""","=""false"""
"=""shinhan bank hiring""","=""0""","=""0""","=""3""","=""Low""","=""false"""
"=""shinhan bank history""","=""0""","=""0""","=""3""","=""Low""","=""false"""
"=""shinhan bank hiện đang mở""","=""0""","=""0""","=""5""","=""Low""","=""false"""
"=""shinhan bank high yield savings""","=""0""","=""0""","=""5""","=""Low""","=""false"""
"=""shinhan bank ký hiệu""","=""0""","=""0""","=""4""","=""Low""","=""false"""
"=""shinhan bank bảo hiểm""","=""0""","=""0""","=""4""","=""Low""","=""false"""
"=""shinhan bank bán bảo hiểm gì""","=""0""","=""0""","=""6""","=""Low""","=""false"""
"=""shinhan bank hoàng mai""","=""0""","=""0""","=""4""","=""Low""","=""false"""
"=""shinhan bank hoàng hoa thám""","=""0""","=""0""","=""5""","=""Low""","=""false"""
"=""shinhan bank hkma""","=""0""","=""0""","=""3""","=""Low""","=""false"""
"=""shinhan bank hk branch""","=""0""","=""0""","=""4""","=""Low""","=""false"""
"=""shinhan bank hq address""","=""0""","=""0""","=""4""","=""Low""","=""false"""
"=""shinhan bank america hq""","=""0""","=""0""","=""4""","=""Low""","=""false"""
"=""shinhan bank canada hq""","=""0""","=""0""","=""4""","=""Low""","=""false"""
"=""shinhan bank hr""","=""0""","=""0""","=""3""","=""Low""","=""false"""
"=""shinhan bank hung yen""","=""0""","=""0""","=""4""","=""Low""","=""false"""
"=""shinhan bank huỷ thẻ""","=""0""","=""0""","=""4""","=""Low""","=""false"""
"=""shinhan bank hungary""","=""0""","=""0""","=""3""","=""Low""","=""false"""
"=""shinhan bank pham hung branch""","=""0""","=""0""","=""5""","=""Low""","=""false"""
"=""shinhan bank hà huy tập""","=""0""","=""0""","=""5""","=""Low""","=""false"""
"=""shinhan bank pham hung""","=""0""","=""0""","=""4""","=""Low""","=""false"""
"=""shinhan bank hyderabad ifsc code""","=""0""","=""0""","=""5""","=""Low""","=""false"""
"=""shinhan bank hyundai""","=""0""","=""0""","=""3""","=""Low""","=""false"""
"=""shinhan bank hyderabad address""","=""0""","=""0""","=""4""","=""Low""","=""false"""
"=""shinhan bank hyderabad careers""","=""0""","=""0""","=""4""","=""Low""","=""false"""
"=""shinhan bank jung sang hyuk""","=""0""","=""0""","=""5""","=""Low""","=""false"""
"=""shinhan bank icon""","=""0""","=""0""","=""3""","=""Low""","=""false"""
"=""shinhan bank ong ich khiem""","=""0""","=""0""","=""5""","=""Low""","=""false"""
"=""shinhan bank id""","=""0""","=""0""","=""3""","=""Low""","=""false"""
"=""shinhan bank user id""","=""0""","=""0""","=""4""","=""Low""","=""false"""
"=""shinhan bank iban code""","=""0""","=""0""","=""4""","=""Low""","=""false"""
"=""shinhan bank iban number korea""","=""0""","=""0""","=""5""","=""Low""","=""false"""
"=""shinhan bank vietnam iban number""","=""0""","=""0""","=""5""","=""Low""","=""false"""
"=""shinhan bank south korea iban""","=""0""","=""0""","=""5""","=""Low""","=""false"""
"=""shinhan bank south extension ii reviews""","=""0""","=""0""","=""6""","=""Low""","=""false"""
"=""shinhan bank south extension ii""","=""0""","=""0""","=""5""","=""Low""","=""false"""
"=""shinhan bank ifsc code chennai""","=""0""","=""0""","=""5""","=""Low""","=""false"""
"=""shinhan bank ifsc code delhi""","=""0""","=""0""","=""5""","=""Low""","=""false"""
"=""shinhan bank ifsc code mumbai""","=""0""","=""0""","=""5""","=""Low""","=""false"""
"=""shinhan bank ifsc""","=""0""","=""0""","=""3""","=""Low""","=""false"""
"=""shinhan bank ifsc code pune""","=""0""","=""0""","=""5""","=""Low""","=""false"""
"=""shinhan bank poonamallee ifsc code""","=""0""","=""0""","=""5""","=""Low""","=""false"""
"=""shinhan bank india ifsc code""","=""0""","=""0""","=""5""","=""Low""","=""false"""
"=""shinhan bank ig""","=""0""","=""0""","=""3""","=""Low""","=""false"""
"=""shinhan bank hdfc credila""","=""0""","=""0""","=""4""","=""Low""","=""false"""
"=""shinhan bank ios""","=""0""","=""0""","=""3""","=""Low""","=""false"""
"=""shinhan bank is private or government""","=""0""","=""0""","=""6""","=""Low""","=""false"""
"=""shinhan bank korea bank""","=""0""","=""0""","=""4""","=""Low""","=""false"""
"=""shinhan bank ir""","=""0""","=""0""","=""3""","=""Low""","=""false"""
"=""shinhan bank irvine ca""","=""0""","=""0""","=""4""","=""Low""","=""false"""
"=""shinhan bank iran""","=""0""","=""0""","=""3""","=""Low""","=""false"""
"=""shinhan bank it""","=""0""","=""0""","=""3""","=""Low""","=""false"""
"=""shinhan bank itu apa""","=""0""","=""0""","=""4""","=""Low""","=""false"""
"=""shinhan bank it manager""","=""0""","=""0""","=""4""","=""Low""","=""false"""
"=""shinhan bank itzy""","=""0""","=""0""","=""3""","=""Low""","=""false"""
"=""shinhan bank it head""","=""0""","=""0""","=""4""","=""Low""","=""false"""
"=""shinhan bank yuna itzy""","=""0""","=""0""","=""4""","=""Low""","=""false"""
"=""shinhan bank in south korea""","=""0""","=""0""","=""5""","=""Low""","=""false"""
"=""shinhan bank japan swift code""","=""0""","=""0""","=""5""","=""Low""","=""false"""
"=""shinhan bank japan address""","=""0""","=""0""","=""4""","=""Low""","=""false"""
"=""shinhan bank japan ltd""","=""0""","=""0""","=""4""","=""Low""","=""false"""
"=""shinhan bank jakarta selatan""","=""0""","=""0""","=""4""","=""Low""","=""false"""
"=""shinhan bank jakarta central""","=""0""","=""0""","=""4""","=""Low""","=""false"""
"=""shinhan bank japan annual report""","=""0""","=""0""","=""5""","=""Low""","=""false"""
"=""shinhan bank ipay""","=""0""","=""0""","=""3""","=""Low""","=""false"""
"=""shinhan bank jeju""","=""0""","=""0""","=""3""","=""Low""","=""false"""
"=""shinhan bank jepang""","=""0""","=""0""","=""3""","=""Low""","=""false"""
"=""shinhan bank kebon jeruk""","=""0""","=""0""","=""4""","=""Low""","=""false"""
"=""shinhan bank new jersey""","=""0""","=""0""","=""4""","=""Low""","=""false"""
"=""shinhan bank nj""","=""0""","=""0""","=""3""","=""Low""","=""false"""
"=""shinhan bank job vacancy""","=""0""","=""0""","=""4""","=""Low""","=""false"""
"=""shinhan bank job openings""","=""0""","=""0""","=""4""","=""Low""","=""false"""
"=""shinhan bank jogja""","=""0""","=""0""","=""3""","=""Low""","=""false"""
"=""shinhan bank joint account""","=""0""","=""0""","=""4""","=""Low""","=""false"""
"=""shinhan bank canada jobs""","=""0""","=""0""","=""4""","=""Low""","=""false"""
"=""shinhan bank singapore jobs""","=""0""","=""0""","=""4""","=""Low""","=""false"""
"=""shinhan bank america jobs""","=""0""","=""0""","=""4""","=""Low""","=""false"""
"=""shinhan bank london jobs""","=""0""","=""0""","=""4""","=""Low""","=""false"""
"=""shinhan bank india jobs""","=""0""","=""0""","=""4""","=""Low""","=""false"""
"=""shinhan bank kazakhstan jsc""","=""0""","=""0""","=""4""","=""Low""","=""false"""
"=""shinhan bank vs kb stars""","=""0""","=""0""","=""5""","=""Low""","=""false"""
"=""shinhan bank key""","=""0""","=""0""","=""3""","=""Low""","=""false"""
"=""shinhan bank kelapa gading""","=""0""","=""0""","=""4""","=""Low""","=""false"""
"=""shinhan bank chi nhánh keangnam""","=""0""","=""0""","=""5""","=""Low""","=""false"""
"=""shinhan bank laporan keuangan""","=""0""","=""0""","=""4""","=""Low""","=""false"""
"=""shinhan bank russey keo""","=""0""","=""0""","=""4""","=""Low""","=""false"""
"=""shinhan bank indonesia laporan keuangan""","=""0""","=""0""","=""5""","=""Low""","=""false"""
"=""shinhan bank kc jakarta central photos""","=""0""","=""0""","=""6""","=""Low""","=""false"""
"=""shinhan bank không chuyển khoản được""","=""0""","=""0""","=""6""","=""Low""","=""false"""
"=""shinhan bank không thông báo biến động số dư""","=""0""","=""0""","=""9""","=""Low""","=""false"""
"=""shinhan bank mở tài khoản online""","=""0""","=""0""","=""6""","=""Low""","=""false"""
"=""shinhan bank quên mật khẩu""","=""0""","=""0""","=""5""","=""Low""","=""false"""
"=""shinhan bank tất toán khoản vay""","=""0""","=""0""","=""6""","=""Low""","=""false"""
"=""shinhan bank kantor pusat reviews""","=""0""","=""0""","=""5""","=""Low""","=""false"""
"=""shinhan bank karawaci""","=""0""","=""0""","=""3""","=""Low""","=""false"""
"=""shinhan bank kangwon national university""","=""0""","=""0""","=""5""","=""Low""","=""false"""
"=""shinhan bank kiểm tra khoản vay""","=""0""","=""0""","=""6""","=""Low""","=""false"""
"=""shinhan bank kidzania""","=""0""","=""0""","=""3""","=""Low""","=""false"""
"=""shinhan bank điều kiện vay""","=""0""","=""0""","=""5""","=""Low""","=""false"""
"=""shinhan bank tiết kiệm""","=""0""","=""0""","=""4""","=""Low""","=""false"""
"=""shinhan bank united kingdom""","=""0""","=""0""","=""4""","=""Low""","=""false"""
"=""shinhan bank kpo""","=""0""","=""0""","=""3""","=""Low""","=""false"""
"=""shinhan bank konkuk university""","=""0""","=""0""","=""4""","=""Low""","=""false"""
"=""shinhan bank korea contact number""","=""0""","=""0""","=""5""","=""Low""","=""false"""
"=""shinhan bank korea login""","=""0""","=""0""","=""4""","=""Low""","=""false"""
"=""shinhan bank kr""","=""0""","=""0""","=""3""","=""Low""","=""false"""
"=""shinhan bank kredit mobil""","=""0""","=""0""","=""4""","=""Low""","=""false"""
"=""shinhan bank usd to krw""","=""0""","=""0""","=""5""","=""Low""","=""false"""
"=""shinhan bank chung ku seoul kr""","=""0""","=""0""","=""6""","=""Low""","=""false"""
"=""shinhan bank kta""","=""0""","=""0""","=""3""","=""Low""","=""false"""
"=""shinhan bank kudus""","=""0""","=""0""","=""3""","=""Low""","=""false"""
"=""shinhan bank kurs""","=""0""","=""0""","=""3""","=""Low""","=""false"""
"=""shinhan bank chung ku seoul""","=""0""","=""0""","=""5""","=""Low""","=""false"""
"=""shinhan bank chung ku""","=""0""","=""0""","=""4""","=""Low""","=""false"""
"=""shinhan bank kc bali kuta""","=""0""","=""0""","=""5""","=""Low""","=""false"""
"=""shinhan bank kyc""","=""0""","=""0""","=""3""","=""Low""","=""false"""
"=""shinhan bank kyc associate""","=""0""","=""0""","=""4""","=""Low""","=""false"""
"=""shinhan bank landmark 81""","=""0""","=""0""","=""4""","=""Low""","=""false"""
"=""shinhan bank landmark 72""","=""0""","=""0""","=""4""","=""Low""","=""false"""
"=""shinhan bank la""","=""0""","=""0""","=""3""","=""Low""","=""false"""
"=""shinhan bank lai suat tiet kiem""","=""0""","=""0""","=""6""","=""Low""","=""false"""
"=""shinhan bank lei""","=""0""","=""0""","=""3""","=""Low""","=""false"""
"=""shinhan bank le thai to""","=""0""","=""0""","=""5""","=""Low""","=""false"""
"=""shinhan bank leasing""","=""0""","=""0""","=""3""","=""Low""","=""false"""
"=""shinhan bank legal name""","=""0""","=""0""","=""4""","=""Low""","=""false"""
"=""shinhan bank lei code""","=""0""","=""0""","=""4""","=""Low""","=""false"""
"=""shinhan bank lê văn sỹ""","=""0""","=""0""","=""5""","=""Low""","=""false"""
"=""shinhan bank liên hệ""","=""0""","=""0""","=""4""","=""Low""","=""false"""
"=""shinhan bank listed""","=""0""","=""0""","=""3""","=""Low""","=""false"""
"=""shinhan bank limited""","=""0""","=""0""","=""3""","=""Low""","=""false"""
"=""shinhan bank ltd""","=""0""","=""0""","=""3""","=""Low""","=""false"""
"=""shinhan bank linh vật""","=""0""","=""0""","=""4""","=""Low""","=""false"""
"=""shinhan bank linh đàm""","=""0""","=""0""","=""4""","=""Low""","=""false"""
"=""shinhan bank lippo cikarang""","=""0""","=""0""","=""4""","=""Low""","=""false"""
"=""shinhan bank long khánh""","=""0""","=""0""","=""4""","=""Low""","=""false"""
"=""shinhan bank lunch time""","=""0""","=""0""","=""4""","=""Low""","=""false"""
"=""shinhan bank china ltd""","=""0""","=""0""","=""4""","=""Low""","=""false"""
"=""shinhan bank co ltd board of directors""","=""0""","=""0""","=""7""","=""Low""","=""false"""
"=""shinhan bank co ltd address""","=""0""","=""0""","=""5""","=""Low""","=""false"""
"=""shinhan bank market cap""","=""0""","=""0""","=""4""","=""Low""","=""false"""
"=""shinhan bank map""","=""0""","=""0""","=""3""","=""Low""","=""false"""
"=""shinhan bank mai chí thọ""","=""0""","=""0""","=""5""","=""Low""","=""false"""
"=""shinhan bank mau don""","=""0""","=""0""","=""4""","=""Low""","=""false"""
"=""shinhan bank ly thuong kiet""","=""0""","=""0""","=""5""","=""Low""","=""false"""
"=""shinhan bank ly thai to""","=""0""","=""0""","=""5""","=""Low""","=""false"""
"=""shinhan bank lý thường kiệt hà nội""","=""0""","=""0""","=""7""","=""Low""","=""false"""
"=""shinhan bank mclr rate""","=""0""","=""0""","=""4""","=""Low""","=""false"""
"=""shinhan bank mclr""","=""0""","=""0""","=""3""","=""Low""","=""false"""
"=""shinhan bank md india""","=""0""","=""0""","=""4""","=""Low""","=""false"""
"=""shinhan bank metropole""","=""0""","=""0""","=""3""","=""Low""","=""false"""
"=""shinhan bank melbourne""","=""0""","=""0""","=""3""","=""Low""","=""false"""
"=""shinhan bank mett""","=""0""","=""0""","=""3""","=""Low""","=""false"""
"=""shinhan bank merger""","=""0""","=""0""","=""3""","=""Low""","=""false"""
"=""shinhan bank meaning""","=""0""","=""0""","=""3""","=""Low""","=""false"""
"=""shinhan bank mê linh hà nội""","=""0""","=""0""","=""6""","=""Low""","=""false"""
"=""shinhan bank micr code""","=""0""","=""0""","=""4""","=""Low""","=""false"""
"=""shinhan bank minh khai""","=""0""","=""0""","=""4""","=""Low""","=""false"""
"=""shinhan bank minimum balance""","=""0""","=""0""","=""4""","=""Low""","=""false"""
"=""shinhan bank minh sáng plaza""","=""0""","=""0""","=""5""","=""Low""","=""false"""
"=""shinhan bank minh long""","=""0""","=""0""","=""4""","=""Low""","=""false"""
"=""shinhan bank miễn phí thường niên""","=""0""","=""0""","=""6""","=""Low""","=""false"""
"=""shinhan bank milik siapa""","=""0""","=""0""","=""4""","=""Low""","=""false"""
"=""shinhan bank minion card""","=""0""","=""0""","=""4""","=""Low""","=""false"""
"=""shinhan bank mobile app""","=""0""","=""0""","=""4""","=""Low""","=""false"""
"=""shinhan bank money exchange""","=""0""","=""0""","=""4""","=""Low""","=""false"""
"=""shinhan bank momo""","=""0""","=""0""","=""3""","=""Low""","=""false"""
"=""shinhan bank mobile""","=""0""","=""0""","=""3""","=""Low""","=""false"""
"=""shinhan bank vietnam mst""","=""0""","=""0""","=""4""","=""Low""","=""false"""
"=""shinhan bank vn mst""","=""0""","=""0""","=""4""","=""Low""","=""false"""
"=""shinhan bank mumbai ifsc code""","=""0""","=""0""","=""5""","=""Low""","=""false"""
"=""shinhan bank mumbai office""","=""0""","=""0""","=""4""","=""Low""","=""false"""
"=""shinhan bank mumbai vacancy""","=""0""","=""0""","=""4""","=""Low""","=""false"""
"=""shinhan bank mua nợ""","=""0""","=""0""","=""4""","=""Low""","=""false"""
"=""shinhan bank my life""","=""0""","=""0""","=""4""","=""Low""","=""false"""
"=""shinhan bank my dinh""","=""0""","=""0""","=""4""","=""Low""","=""false"""
"=""shinhan bank mycareersfuture""","=""0""","=""0""","=""3""","=""Low""","=""false"""
"=""shinhan bank myeongdong corporate finance center""","=""0""","=""0""","=""6""","=""Low""","=""false"""
"=""shinhan bank myeongdong branch""","=""0""","=""0""","=""4""","=""Low""","=""false"""
"=""shinhan bank nam sài gòn""","=""0""","=""0""","=""5""","=""Low""","=""false"""
"=""shinhan bank nam kỳ khởi nghĩa""","=""0""","=""0""","=""6""","=""Low""","=""false"""
"=""shinhan bank name""","=""0""","=""0""","=""3""","=""Low""","=""false"""
"=""shinhan bank nam từ liêm""","=""0""","=""0""","=""5""","=""Low""","=""false"""
"=""shinhan bank napas""","=""0""","=""0""","=""3""","=""Low""","=""false"""
"=""shinhan bank is nbfc or not""","=""0""","=""0""","=""6""","=""Low""","=""false"""
"=""shinhan bank is nbfc""","=""0""","=""0""","=""4""","=""Low""","=""false"""
"=""shinhan bank near me open now""","=""0""","=""0""","=""6""","=""Low""","=""false"""
"=""shinhan bank negative news""","=""0""","=""0""","=""4""","=""Low""","=""false"""
"=""shinhan bank net worth""","=""0""","=""0""","=""4""","=""Low""","=""false"""
"=""shinhan bank new city""","=""0""","=""0""","=""4""","=""Low""","=""false"""
"=""shinhan bank nhà bè""","=""0""","=""0""","=""4""","=""Low""","=""false"""
"=""shinhan bank ninh thuận""","=""0""","=""0""","=""4""","=""Low""","=""false"""
"=""shinhan bank cn bắc ninh""","=""0""","=""0""","=""5""","=""Low""","=""false"""
"=""shinhan bank chi nhánh ninh bình""","=""0""","=""0""","=""6""","=""Low""","=""false"""
"=""shinhan bank nguyễn cơ thạch""","=""0""","=""0""","=""5""","=""Low""","=""false"""
"=""shinhan bank npwp""","=""0""","=""0""","=""3""","=""Low""","=""false"""
"=""shinhan bank npl""","=""0""","=""0""","=""3""","=""Low""","=""false"""
"=""shinhan bank indonesia npwp""","=""0""","=""0""","=""4""","=""Low""","=""false"""
"=""shinhan bank northern""","=""0""","=""0""","=""3""","=""Low""","=""false"""
"=""shinhan bank noida""","=""0""","=""0""","=""3""","=""Low""","=""false"""
"=""shinhan bank north korea""","=""0""","=""0""","=""4""","=""Low""","=""false"""
"=""shinhan bank nợ xấu có vay được không""","=""0""","=""0""","=""8""","=""Low""","=""false"""
"=""shinhan bank america northern branch""","=""0""","=""0""","=""5""","=""Low""","=""false"""
"=""shinhan bank america nj""","=""0""","=""0""","=""4""","=""Low""","=""false"""
"=""shinhan bank fort lee nj""","=""0""","=""0""","=""5""","=""Low""","=""false"""
"=""shinhan bank ntmk""","=""0""","=""0""","=""3""","=""Low""","=""false"""
"=""shinhan bank ny branch""","=""0""","=""0""","=""4""","=""Low""","=""false"""
"=""shinhan bank america nyc""","=""0""","=""0""","=""4""","=""Low""","=""false"""
"=""shinhan bank america ny""","=""0""","=""0""","=""4""","=""Low""","=""false"""
"=""shinhan bank america new york""","=""0""","=""0""","=""5""","=""Low""","=""false"""
"=""shinhan bank bayside ny""","=""0""","=""0""","=""4""","=""Low""","=""false"""
"=""shinhan bank routing number ny""","=""0""","=""0""","=""5""","=""Low""","=""false"""
"=""shinhan bank america new york ny""","=""0""","=""0""","=""6""","=""Low""","=""false"""
"=""shinhan bank ocean park""","=""0""","=""0""","=""4""","=""Low""","=""false"""
"=""shinhan bank office""","=""0""","=""0""","=""3""","=""Low""","=""false"""
"=""shinhan bank olympic""","=""0""","=""0""","=""3""","=""Low""","=""false"""
"=""shinhan bank olympic branch""","=""0""","=""0""","=""4""","=""Low""","=""false"""
"=""shinhan bank kantor pusat oleh pemilik""","=""0""","=""0""","=""6""","=""Low""","=""false"""
"=""shinhan bank nuoc nao""","=""0""","=""0""","=""4""","=""Low""","=""false"""
"=""shinhan bank number of employees""","=""0""","=""0""","=""5""","=""Low""","=""false"""
"=""shinhan bank number of branches""","=""0""","=""0""","=""5""","=""Low""","=""false"""
"=""shinhan bank korea number""","=""0""","=""0""","=""4""","=""Low""","=""false"""
"=""shinhan bank open on saturday""","=""0""","=""0""","=""5""","=""Low""","=""false"""
"=""shinhan bank opening time""","=""0""","=""0""","=""4""","=""Low""","=""false"""
"=""shinhan bank open sunday""","=""0""","=""0""","=""4""","=""Low""","=""false"""
"=""shinhan bank open today""","=""0""","=""0""","=""4""","=""Low""","=""false"""
"=""shinhan bank operating hours""","=""0""","=""0""","=""4""","=""Low""","=""false"""
"=""shinhan bank opening hours today""","=""0""","=""0""","=""5""","=""Low""","=""false"""
"=""shinhan bank open now""","=""0""","=""0""","=""4""","=""Low""","=""false"""
"=""shinhan bank otp""","=""0""","=""0""","=""3""","=""Low""","=""false"""
"=""shinhan bank vay oto""","=""0""","=""0""","=""4""","=""Low""","=""false"""
"=""shinhan bank passbook""","=""0""","=""0""","=""3""","=""Low""","=""false"""
"=""shinhan bank paris""","=""0""","=""0""","=""3""","=""Low""","=""false"""
"=""shinhan bank paypal""","=""0""","=""0""","=""3""","=""Low""","=""false"""
"=""shinhan bank parent company""","=""0""","=""0""","=""4""","=""Low""","=""false"""
"=""shinhan bank pan number""","=""0""","=""0""","=""4""","=""Low""","=""false"""
"=""shinhan bank pan""","=""0""","=""0""","=""3""","=""Low""","=""false"""
"=""shinhan bank parent""","=""0""","=""0""","=""3""","=""Low""","=""false"""
"=""shinhan bank ownership""","=""0""","=""0""","=""3""","=""Low""","=""false"""
"=""shinhan bank owned by""","=""0""","=""0""","=""4""","=""Low""","=""false"""
"=""shinhan bank ownership structure""","=""0""","=""0""","=""4""","=""Low""","=""false"""
"=""shinhan bank state owned""","=""0""","=""0""","=""4""","=""Low""","=""false"""
"=""shinhan bank peninsula corporate park""","=""0""","=""0""","=""5""","=""Low""","=""false"""
"=""shinhan bank personal banking""","=""0""","=""0""","=""4""","=""Low""","=""false"""
"=""shinhan bank penalty""","=""0""","=""0""","=""3""","=""Low""","=""false"""
"=""shinhan bank overseas remittance fee""","=""0""","=""0""","=""5""","=""Low""","=""false"""
"=""shinhan bank overseas branches""","=""0""","=""0""","=""4""","=""Low""","=""false"""
"=""shinhan bank overview""","=""0""","=""0""","=""3""","=""Low""","=""false"""
"=""shinhan bank overseas""","=""0""","=""0""","=""3""","=""Low""","=""false"""
"=""shinhan bank phú quốc""","=""0""","=""0""","=""4""","=""Low""","=""false"""
"=""shinhan bank phủ lý""","=""0""","=""0""","=""4""","=""Low""","=""false"""
"=""shinhan bank pico""","=""0""","=""0""","=""3""","=""Low""","=""false"""
"=""shinhan bank pinjaman""","=""0""","=""0""","=""3""","=""Low""","=""false"""
"=""shinhan bank pinjol apa""","=""0""","=""0""","=""4""","=""Low""","=""false"""
"=""shinhan bank pillar 3 disclosure""","=""0""","=""0""","=""5""","=""Low""","=""false"""
"=""shinhan bank pillar 3""","=""0""","=""0""","=""4""","=""Low""","=""false"""
"=""shinhan bank pgd thống nhất""","=""0""","=""0""","=""5""","=""Low""","=""false"""
"=""shinhan bank pgd thủ thiêm""","=""0""","=""0""","=""5""","=""Low""","=""false"""
"=""shinhan bank pgd hà đông""","=""0""","=""0""","=""5""","=""Low""","=""false"""
"=""shinhan bank pgd cầu giấy""","=""0""","=""0""","=""5""","=""Low""","=""false"""
"=""shinhan bank pgd quận 9""","=""0""","=""0""","=""5""","=""Low""","=""false"""
"=""shinhan bank pgd""","=""0""","=""0""","=""3""","=""Low""","=""false"""
"=""shinhan bank pgd mỹ đình""","=""0""","=""0""","=""5""","=""Low""","=""false"""
"=""shinhan bank pgd phú mỹ hưng""","=""0""","=""0""","=""6""","=""Low""","=""false"""
"=""shinhan bank platinum cash back card""","=""0""","=""0""","=""6""","=""Low""","=""false"""
"=""shinhan bank platinum card""","=""0""","=""0""","=""4""","=""Low""","=""false"""
"=""shinhan bank pleiku""","=""0""","=""0""","=""3""","=""Low""","=""false"""
"=""shinhan bank plc""","=""0""","=""0""","=""3""","=""Low""","=""false"""
"=""shinhan bank visa platinum""","=""0""","=""0""","=""4""","=""Low""","=""false"""
"=""shinhan bank pmh""","=""0""","=""0""","=""3""","=""Low""","=""false"""
"=""shinhan bank pronunciation""","=""0""","=""0""","=""3""","=""Low""","=""false"""
"=""shinhan bank profile""","=""0""","=""0""","=""3""","=""Low""","=""false"""
"=""shinhan bank priority""","=""0""","=""0""","=""3""","=""Low""","=""false"""
"=""shinhan bank products""","=""0""","=""0""","=""3""","=""Low""","=""false"""
"=""shinhan bank promotion""","=""0""","=""0""","=""3""","=""Low""","=""false"""
"=""shinhan bank private banking""","=""0""","=""0""","=""4""","=""Low""","=""false"""
"=""shinhan bank private wealth management""","=""0""","=""0""","=""5""","=""Low""","=""false"""
"=""shinhan bank premier""","=""0""","=""0""","=""3""","=""Low""","=""false"""
"=""shinhan bank president""","=""0""","=""0""","=""3""","=""Low""","=""false"""
"=""shinhan bank prime rate""","=""0""","=""0""","=""4""","=""Low""","=""false"""
"=""shinhan bank png""","=""0""","=""0""","=""3""","=""Low""","=""false"""
"=""shinhan bank pt""","=""0""","=""0""","=""3""","=""Low""","=""false"""
"=""shinhan bank pt apa""","=""0""","=""0""","=""4""","=""Low""","=""false"""
"=""shinhan bank pwm""","=""0""","=""0""","=""3""","=""Low""","=""false"""
"=""shinhan bank vietnam pwm""","=""0""","=""0""","=""4""","=""Low""","=""false"""
"=""shinhan bank pune reviews""","=""0""","=""0""","=""4""","=""Low""","=""false"""
"=""shinhan bank pune ifsc code""","=""0""","=""0""","=""5""","=""Low""","=""false"""
"=""shinhan bank pune branch""","=""0""","=""0""","=""4""","=""Low""","=""false"""
"=""shinhan bank pune photos""","=""0""","=""0""","=""4""","=""Low""","=""false"""
"=""shinhan bank pune address""","=""0""","=""0""","=""4""","=""Low""","=""false"""
"=""shinhan bank pusat""","=""0""","=""0""","=""3""","=""Low""","=""false"""
"=""shinhan bank punya siapa""","=""0""","=""0""","=""4""","=""Low""","=""false"""
"=""shinhan bank pune contact number""","=""0""","=""0""","=""5""","=""Low""","=""false"""
"=""shinhan bank pune linkedin""","=""0""","=""0""","=""4""","=""Low""","=""false"""
"=""shinhan bank pyeongtaek""","=""0""","=""0""","=""3""","=""Low""","=""false"""
"=""shinhan bank qr code""","=""0""","=""0""","=""4""","=""Low""","=""false"""
"=""shinhan bank poonamallee branch ifsc code""","=""0""","=""0""","=""6""","=""Low""","=""false"""
"=""shinhan bank poonamallee branch address""","=""0""","=""0""","=""5""","=""Low""","=""false"""
"=""shinhan bank poland""","=""0""","=""0""","=""3""","=""Low""","=""false"""
"=""shinhan bank pos""","=""0""","=""0""","=""3""","=""Low""","=""false"""
"=""shinhan bank point""","=""0""","=""0""","=""3""","=""Low""","=""false"""
"=""shinhan bank postal code""","=""0""","=""0""","=""4""","=""Low""","=""false"""
"=""shinhan bank poonamallee branch chennai tamil nadu""","=""0""","=""0""","=""7""","=""Low""","=""false"""
"=""shinhan bank polska""","=""0""","=""0""","=""3""","=""Low""","=""false"""
"=""shinhan bank reddit""","=""0""","=""0""","=""3""","=""Low""","=""false"""
"=""shinhan bank report""","=""0""","=""0""","=""3""","=""Low""","=""false"""
"=""shinhan bank remittance""","=""0""","=""0""","=""3""","=""Low""","=""false"""
"=""shinhan bank republic of korea""","=""0""","=""0""","=""5""","=""Low""","=""false"""
"=""shinhan bank receipt""","=""0""","=""0""","=""3""","=""Low""","=""false"""
"=""shinhan bank regulated""","=""0""","=""0""","=""3""","=""Low""","=""false"""
"=""shinhan bank ranking""","=""0""","=""0""","=""3""","=""Low""","=""false"""
"=""shinhan bank rate of interest""","=""0""","=""0""","=""5""","=""Low""","=""false"""
"=""shinhan bank ranking in korea""","=""0""","=""0""","=""5""","=""Low""","=""false"""
"=""shinhan bank rangareddy branch""","=""0""","=""0""","=""4""","=""Low""","=""false"""
"=""shinhan bank rangareddy""","=""0""","=""0""","=""3""","=""Low""","=""false"""
"=""shinhan bank riverpark""","=""0""","=""0""","=""3""","=""Low""","=""false"""
"=""shinhan bank royal""","=""0""","=""0""","=""3""","=""Low""","=""false"""
"=""shinhan bank routing""","=""0""","=""0""","=""3""","=""Low""","=""false"""
"=""shinhan bank roi home loan""","=""0""","=""0""","=""5""","=""Low""","=""false"""
"=""shinhan bank roi""","=""0""","=""0""","=""3""","=""Low""","=""false"""
"=""shinhan bank vietnam routing number""","=""0""","=""0""","=""5""","=""Low""","=""false"""
"=""shinhan bank run""","=""0""","=""0""","=""3""","=""Low""","=""false"""
"=""shinhan bank russia""","=""0""","=""0""","=""3""","=""Low""","=""false"""
"=""shinhan bank rtgs form""","=""0""","=""0""","=""4""","=""Low""","=""false"""
"=""shinhan bank sao kê""","=""0""","=""0""","=""4""","=""Low""","=""false"""
"=""shinhan bank sai phạm""","=""0""","=""0""","=""4""","=""Low""","=""false"""
"=""shinhan bank sao kê ngày nào""","=""0""","=""0""","=""6""","=""Low""","=""false"""
"=""shinhan bank scholarship""","=""0""","=""0""","=""3""","=""Low""","=""false"""
"=""shinhan bank schedule""","=""0""","=""0""","=""3""","=""Low""","=""false"""
"=""shinhan bank scandal""","=""0""","=""0""","=""3""","=""Low""","=""false"""
"=""shinhan bank score""","=""0""","=""0""","=""3""","=""Low""","=""false"""
"=""shinhan bank s birds live score today""","=""0""","=""0""","=""7""","=""Low""","=""false"""
"=""shinhan bank seoul bic""","=""0""","=""0""","=""4""","=""Low""","=""false"""
"=""shinhan bank seoul swift""","=""0""","=""0""","=""4""","=""Low""","=""false"""
"=""shinhan bank securities""","=""0""","=""0""","=""3""","=""Low""","=""false"""
"=""shinhan bank seoul korea swift code""","=""0""","=""0""","=""6""","=""Low""","=""false"""
"=""shinhan bank sdt""","=""0""","=""0""","=""3""","=""Low""","=""false"""
"=""shinhan bank sdt tổng đài""","=""0""","=""0""","=""5""","=""Low""","=""false"""
"=""shinhan bank sdg financing framework""","=""0""","=""0""","=""5""","=""Low""","=""false"""
"=""shinhan bank sg""","=""0""","=""0""","=""3""","=""Low""","=""false"""
"=""shinhan bank signature""","=""0""","=""0""","=""3""","=""Low""","=""false"""
"=""shinhan bank singapore swift code""","=""0""","=""0""","=""5""","=""Low""","=""false"""
"=""shinhan bank singapore address""","=""0""","=""0""","=""4""","=""Low""","=""false"""
"=""shinhan bank sinchon""","=""0""","=""0""","=""3""","=""Low""","=""false"""
"=""shinhan bank singapore contact number""","=""0""","=""0""","=""5""","=""Low""","=""false"""
"=""shinhan bank site""","=""0""","=""0""","=""3""","=""Low""","=""false"""
"=""shinhan bank sinh lời tự động""","=""0""","=""0""","=""6""","=""Low""","=""false"""
"=""shinhan bank smartcredit""","=""0""","=""0""","=""3""","=""Low""","=""false"""
"=""shinhan bank snu""","=""0""","=""0""","=""3""","=""Low""","=""false"""
"=""shinhan bank slogan""","=""0""","=""0""","=""3""","=""Low""","=""false"""
"=""shinhan bank shareholders""","=""0""","=""0""","=""3""","=""Low""","=""false"""
"=""shinhan bank shb""","=""0""","=""0""","=""3""","=""Low""","=""false"""
"=""shinhan bank và shb""","=""0""","=""0""","=""4""","=""Low""","=""false"""
"=""shinhan bank shinhan bank""","=""0""","=""0""","=""4""","=""Low""","=""false"""
"=""shinhan bank stock price""","=""0""","=""0""","=""4""","=""Low""","=""false"""
"=""shinhan bank statement download""","=""0""","=""0""","=""4""","=""Low""","=""false"""
"=""shinhan bank stock code""","=""0""","=""0""","=""4""","=""Low""","=""false"""
"=""shinhan bank student loan""","=""0""","=""0""","=""4""","=""Low""","=""false"""
"=""shinhan bank stamp""","=""0""","=""0""","=""3""","=""Low""","=""false"""
"=""shinhan bank supreme visa""","=""0""","=""0""","=""4""","=""Low""","=""false"""
"=""shinhan bank support""","=""0""","=""0""","=""3""","=""Low""","=""false"""
"=""shinhan bank super sol newjeans""","=""0""","=""0""","=""5""","=""Low""","=""false"""
"=""shinhan bank logo svg""","=""0""","=""0""","=""4""","=""Low""","=""false"""
"=""shinhan bank swift code shbkkrse""","=""0""","=""0""","=""5""","=""Low""","=""false"""
"=""shinhan bank swift bic""","=""0""","=""0""","=""4""","=""Low""","=""false"""
"=""shinhan bank swift bic code""","=""0""","=""0""","=""5""","=""Low""","=""false"""
"=""shinhan bank swift code address""","=""0""","=""0""","=""5""","=""Low""","=""false"""
"=""shinhan bank sol travel""","=""0""","=""0""","=""4""","=""Low""","=""false"""
"=""shinhan bank sol app""","=""0""","=""0""","=""4""","=""Low""","=""false"""
"=""shinhan bank sort code""","=""0""","=""0""","=""4""","=""Low""","=""false"""
"=""shinhan bank south saigon""","=""0""","=""0""","=""4""","=""Low""","=""false"""
"=""shinhan bank taiwan""","=""0""","=""0""","=""3""","=""Low""","=""false"""
"=""shinhan bank tam kỳ""","=""0""","=""0""","=""4""","=""Low""","=""false"""
"=""shinhan bank tan phu""","=""0""","=""0""","=""4""","=""Low""","=""false"""
"=""shinhan bank tay ninh""","=""0""","=""0""","=""4""","=""Low""","=""false"""
"=""shinhan bank tangerang""","=""0""","=""0""","=""3""","=""Low""","=""false"""
"=""shinhan bank taguig""","=""0""","=""0""","=""3""","=""Low""","=""false"""
"=""shinhan bank tashkent""","=""0""","=""0""","=""3""","=""Low""","=""false"""
"=""shinhan bank tay ho""","=""0""","=""0""","=""4""","=""Low""","=""false"""
"=""shinhan bank ten day du""","=""0""","=""0""","=""5""","=""Low""","=""false"""
"=""shinhan bank teller""","=""0""","=""0""","=""3""","=""Low""","=""false"""
"=""shinhan bank term deposit""","=""0""","=""0""","=""4""","=""Low""","=""false"""
"=""shinhan bank texas""","=""0""","=""0""","=""3""","=""Low""","=""false"""
"=""shinhan bank tuyển dụng tester""","=""0""","=""0""","=""5""","=""Low""","=""false"""
"=""shinhan bank management team""","=""0""","=""0""","=""4""","=""Low""","=""false"""
"=""shinhan bank thành phố mới bình dương""","=""0""","=""0""","=""7""","=""Low""","=""false"""
"=""shinhan bank tp mới bình dương""","=""0""","=""0""","=""6""","=""Low""","=""false"""
"=""shinhan bank topcv""","=""0""","=""0""","=""3""","=""Low""","=""false"""
"=""shinhan bank thanh toán thẻ tín dụng""","=""0""","=""0""","=""7""","=""Low""","=""false"""
"=""shinhan bank trung sơn""","=""0""","=""0""","=""4""","=""Low""","=""false"""
"=""shinhan bank trụ sở""","=""0""","=""0""","=""4""","=""Low""","=""false"""
"=""shinhan bank tiếng anh""","=""0""","=""0""","=""4""","=""Low""","=""false"""
"=""shinhan bank tiếng hàn""","=""0""","=""0""","=""4""","=""Low""","=""false"""
"=""shinhan bank time""","=""0""","=""0""","=""3""","=""Low""","=""false"""
"=""shinhan bank tin dung""","=""0""","=""0""","=""4""","=""Low""","=""false"""
"=""shinhan bank ty gia""","=""0""","=""0""","=""4""","=""Low""","=""false"""
"=""shinhan bank tin tức""","=""0""","=""0""","=""4""","=""Low""","=""false"""
"=""shinhan bank tiếng việt""","=""0""","=""0""","=""4""","=""Low""","=""false"""
"=""shinhan bank tuyển dụng intern""","=""0""","=""0""","=""5""","=""Low""","=""false"""
"=""shinhan bank tuyển dụng tiếng hàn""","=""0""","=""0""","=""6""","=""Low""","=""false"""
"=""shinhan bank tuyển dụng xử lý nợ""","=""0""","=""0""","=""7""","=""Low""","=""false"""
"=""shinhan bank tp thủ dầu một bình dương""","=""0""","=""0""","=""8""","=""Low""","=""false"""
"=""shinhan bank tại tphcm""","=""0""","=""0""","=""4""","=""Low""","=""false"""
"=""shinhan bank cn tphcm""","=""0""","=""0""","=""4""","=""Low""","=""false"""
"=""shinhan bank tỷ giá usd""","=""0""","=""0""","=""5""","=""Low""","=""false"""
"=""shinhan bank tỷ giá đô""","=""0""","=""0""","=""5""","=""Low""","=""false"""
"=""shinhan bank tỷ giá hôm nay""","=""0""","=""0""","=""6""","=""Low""","=""false"""
"=""shinhan bank tỷ giá hối đoái""","=""0""","=""0""","=""6""","=""Low""","=""false"""
"=""shinhan bank vietnam ty gia""","=""0""","=""0""","=""5""","=""Low""","=""false"""
"=""shinhan bank công ty""","=""0""","=""0""","=""4""","=""Low""","=""false"""
"=""shinhan bank uae""","=""0""","=""0""","=""3""","=""Low""","=""false"""
"=""shinhan bank uen""","=""0""","=""0""","=""3""","=""Low""","=""false"""
"=""shinhan bank uijeongbu""","=""0""","=""0""","=""3""","=""Low""","=""false"""
"=""shinhan bank uk investment""","=""0""","=""0""","=""4""","=""Low""","=""false"""
"=""shinhan bank careers uk""","=""0""","=""0""","=""4""","=""Low""","=""false"""
"=""shinhan bank uniform""","=""0""","=""0""","=""3""","=""Low""","=""false"""
"=""shinhan bank united states""","=""0""","=""0""","=""4""","=""Low""","=""false"""
"=""shinhan bank university""","=""0""","=""0""","=""3""","=""Low""","=""false"""
"=""shinhan bank hongik university""","=""0""","=""0""","=""4""","=""Low""","=""false"""
"=""shinhan bank ewha womans university branch""","=""0""","=""0""","=""6""","=""Low""","=""false"""
"=""shinhan bank upi""","=""0""","=""0""","=""3""","=""Low""","=""false"""
"=""shinhan bank sign up""","=""0""","=""0""","=""4""","=""Low""","=""false"""
"=""shinhan bank usd to vnd""","=""0""","=""0""","=""5""","=""Low""","=""false"""
"=""shinhan bank usd""","=""0""","=""0""","=""3""","=""Low""","=""false"""
"=""shinhan bank usd exchange rate""","=""0""","=""0""","=""5""","=""Low""","=""false"""
"=""shinhan bank usa locations""","=""0""","=""0""","=""4""","=""Low""","=""false"""
"=""shinhan bank usa patriot act certification""","=""0""","=""0""","=""6""","=""Low""","=""false"""
"=""shinhan bank usa careers""","=""0""","=""0""","=""4""","=""Low""","=""false"""
"=""shinhan bank usd account""","=""0""","=""0""","=""4""","=""Low""","=""false"""
"=""shinhan bank uz""","=""0""","=""0""","=""3""","=""Low""","=""false"""
"=""shinhan bank uy tín không""","=""0""","=""0""","=""5""","=""Low""","=""false"""
"=""shinhan bank có uy tín k""","=""0""","=""0""","=""6""","=""Low""","=""false"""
"=""shinhan bank vay mua xe vinfast""","=""0""","=""0""","=""6""","=""Low""","=""false"""
"=""shinhan bank vay cần gì""","=""0""","=""0""","=""5""","=""Low""","=""false"""
"=""shinhan bank ulsan""","=""0""","=""0""","=""3""","=""Low""","=""false"""
"=""shinhan bank kantor pusat ulasan""","=""0""","=""0""","=""5""","=""Low""","=""false"""
"=""shinhan bank visa signature""","=""0""","=""0""","=""4""","=""Low""","=""false"""
"=""shinhan bank võ thị sáu""","=""0""","=""0""","=""5""","=""Low""","=""false"""
"=""shinhan bank võ chí công""","=""0""","=""0""","=""5""","=""Low""","=""false"""
"=""shinhan bank vs""","=""0""","=""0""","=""3""","=""Low""","=""false"""
"=""shinhan bank vs bucheon hana""","=""0""","=""0""","=""5""","=""Low""","=""false"""
"=""shinhan bank vs shinhan finance""","=""0""","=""0""","=""5""","=""Low""","=""false"""
"=""shinhan bank wahid hasyim""","=""0""","=""0""","=""4""","=""Low""","=""false"""
"=""shinhan bank vlu""","=""0""","=""0""","=""3""","=""Low""","=""false"""
"=""shinhan bank web""","=""0""","=""0""","=""3""","=""Low""","=""false"""
"=""shinhan bank webmail""","=""0""","=""0""","=""3""","=""Low""","=""false"""
"=""shinhan bank wealth management""","=""0""","=""0""","=""4""","=""Low""","=""false"""
"=""shinhan bank weekend banking international customers""","=""0""","=""0""","=""6""","=""Low""","=""false"""
"=""shinhan bank weekend""","=""0""","=""0""","=""3""","=""Low""","=""false"""
"=""shinhan bank korea website""","=""0""","=""0""","=""4""","=""Low""","=""false"""
"=""shinhan bank lotte westlake""","=""0""","=""0""","=""4""","=""Low""","=""false"""
"=""shinhan bank where""","=""0""","=""0""","=""3""","=""Low""","=""false"""
"=""shinhan bank logo white""","=""0""","=""0""","=""4""","=""Low""","=""false"""
"=""shinhan bank wkbl""","=""0""","=""0""","=""3""","=""Low""","=""false"""
"=""shinhan bank work culture""","=""0""","=""0""","=""4""","=""Low""","=""false"""
"=""shinhan bank world ranking""","=""0""","=""0""","=""4""","=""Low""","=""false"""
"=""shinhan bank won""","=""0""","=""0""","=""3""","=""Low""","=""false"""
"=""shinhan bank working days""","=""0""","=""0""","=""4""","=""Low""","=""false"""
"=""shinhan bank wolter""","=""0""","=""0""","=""3""","=""Low""","=""false"""
"=""shinhan bank world go championship""","=""0""","=""0""","=""5""","=""Low""","=""false"""
"=""shinhan bank đổi won""","=""0""","=""0""","=""4""","=""Low""","=""false"""
"=""shinhan bank wrocław""","=""0""","=""0""","=""3""","=""Low""","=""false"""
"=""shinhan bank xamvn""","=""0""","=""0""","=""3""","=""Low""","=""false"""
"=""shinhan bank withdrawal limit""","=""0""","=""0""","=""4""","=""Low""","=""false"""
"=""shinhan bank wise""","=""0""","=""0""","=""3""","=""Low""","=""false"""
"=""shinhan bank wire transfer""","=""0""","=""0""","=""4""","=""Low""","=""false"""
"=""shinhan bank wire instructions""","=""0""","=""0""","=""4""","=""Low""","=""false"""
"=""shinhan bank wire transfer fee""","=""0""","=""0""","=""5""","=""Low""","=""false"""
"=""shinhan bank wire routing number""","=""0""","=""0""","=""5""","=""Low""","=""false"""
"=""shinhan bank vietnam wiki""","=""0""","=""0""","=""4""","=""Low""","=""false"""
"=""shinhan bank vay mua xe cũ""","=""0""","=""0""","=""6""","=""Low""","=""false"""
"=""shinhan bank lãi xuất""","=""0""","=""0""","=""4""","=""Low""","=""false"""
"=""shinhan bank yamamoto shinji""","=""0""","=""0""","=""4""","=""Low""","=""false"""
"=""shinhan bank yangon branch photos""","=""0""","=""0""","=""5""","=""Low""","=""false"""
"=""shinhan bank yahoo finance""","=""0""","=""0""","=""4""","=""Low""","=""false"""
"=""shinhan bank youtube""","=""0""","=""0""","=""3""","=""Low""","=""false"""
"=""shinhan bank yongsan""","=""0""","=""0""","=""3""","=""Low""","=""false"""
"=""shinhan bank yogyakarta""","=""0""","=""0""","=""3""","=""Low""","=""false"""
"=""shinhan bank new york branch address""","=""0""","=""0""","=""6""","=""Low""","=""false"""
"=""shinhan bank canada north york""","=""0""","=""0""","=""5""","=""Low""","=""false"""
"=""shinhan bank zalo""","=""0""","=""0""","=""3""","=""Low""","=""false"""
"=""shinhan bank zelle""","=""0""","=""0""","=""3""","=""Low""","=""false"""
"=""shinhan bank zero balance account""","=""0""","=""0""","=""5""","=""Low""","=""false"""
"=""shinhan bank zero balance account opening online""","=""0""","=""0""","=""7""","=""Low""","=""false"""
"=""shinhan bank new zealand""","=""0""","=""0""","=""4""","=""Low""","=""false"""
"=""shinhan bank zip code""","=""0""","=""0""","=""4""","=""Low""","=""false"""
"=""shinhan bank zone""","=""0""","=""0""","=""3""","=""Low""","=""false"""
"=""shinhan bank zoominfo""","=""0""","=""0""","=""3""","=""Low""","=""false"""
"=""shinhan bank revenue zoominfo""","=""0""","=""0""","=""4""","=""Low""","=""false"""
"=""shinhan bank emart gò vấp""","=""0""","=""0""","=""5""","=""Low""","=""false"""
"=""shinhan bank bắc sài gòn""","=""0""","=""0""","=""5""","=""Low""","=""false"""
"=""shinhan bank mở cửa mấy giờ""","=""0""","=""0""","=""6""","=""Low""","=""false"""
"=""shinhan bank mã số thuế""","=""0""","=""0""","=""5""","=""Low""","=""false"""
"=""shinhan bank khu công nghệ cao""","=""0""","=""0""","=""6""","=""Low""","=""false"""
"=""shinhan bank rạch giá""","=""0""","=""0""","=""4""","=""Low""","=""false"""
"=""shinhan bank rate""","=""0""","=""0""","=""3""","=""Low""","=""false"""
"=""shinhan bank wolfsberg""","=""0""","=""0""","=""3""","=""Low""","=""false"""
"=""shinhan bank 088""","=""0""","=""0""","=""3""","=""Low""","=""false"""
"=""shinhan bank 15 trần bạch đằng""","=""0""","=""0""","=""6""","=""Low""","=""false"""
"=""shinhan bank 117 trần duy hưng""","=""0""","=""0""","=""6""","=""Low""","=""false"""
"=""shinhan bank 105 tôn dật tiên""","=""0""","=""0""","=""6""","=""Low""","=""false"""
"=""shinhan bank 14 lê thái tổ""","=""0""","=""0""","=""6""","=""Low""","=""false"""
"=""shinhan bank 1 ngày chuyển được bao nhiêu tiền""","=""0""","=""0""","=""9""","=""Low""","=""false"""
"=""shinhan bank 33 bà triệu""","=""0""","=""0""","=""5""","=""Low""","=""false"""
"=""shinhan bank 365 cashback""","=""0""","=""0""","=""4""","=""Low""","=""false"""
"=""shinhan bank 39 le duan""","=""0""","=""0""","=""5""","=""Low""","=""false"""
"=""shinhan bank 365""","=""0""","=""0""","=""3""","=""Low""","=""false"""
"=""shinhan bank 3 tháng 2""","=""0""","=""0""","=""5""","=""Low""","=""false"""
"=""shinhan bank 39a ngô quyền""","=""0""","=""0""","=""5""","=""Low""","=""false"""
"=""shinhan bank 3 digit code""","=""0""","=""0""","=""5""","=""Low""","=""false"""
"=""shinhan bank 20 sejong daero 9 gil jung gu""","=""0""","=""0""","=""9""","=""Low""","=""false"""
"=""shinhan bank 20 sejong daero 9 gil jung gu seoul""","=""0""","=""0""","=""10""","=""Low""","=""false"""
"=""shinhan bank 219 trung kính""","=""0""","=""0""","=""5""","=""Low""","=""false"""
"=""shinhan bank 2025""","=""0""","=""0""","=""3""","=""Low""","=""false"""
"=""shinhan bank 2024 annual report""","=""0""","=""0""","=""5""","=""Low""","=""false"""
"=""shinhan bank 253 nguyễn văn trỗi""","=""0""","=""0""","=""6""","=""Low""","=""false"""
"=""shinhan bank 41 lý thái tổ""","=""0""","=""0""","=""6""","=""Low""","=""false"""
"=""shinhan bank 47 nguyễn văn linh""","=""0""","=""0""","=""6""","=""Low""","=""false"""
"=""shinhan bank chi nhánh quận 4""","=""0""","=""0""","=""6""","=""Low""","=""false"""
"=""shinhan bank chi nhánh quận 6""","=""0""","=""0""","=""6""","=""Low""","=""false"""
"=""shinhan bank 72 nguyễn thị minh khai""","=""0""","=""0""","=""7""","=""Low""","=""false"""
"=""shinhan bank quận 7 tuyển dụng""","=""0""","=""0""","=""6""","=""Low""","=""false"""
"=""shinhan bank thứ 7""","=""0""","=""0""","=""4""","=""Low""","=""false"""
"=""shinhan bank chi nhánh quận 7""","=""0""","=""0""","=""6""","=""Low""","=""false"""
"=""shinhan bank 54 liễu giai""","=""0""","=""0""","=""5""","=""Low""","=""false"""
"=""shinhan bank chi nhánh quận 5""","=""0""","=""0""","=""6""","=""Low""","=""false"""
"=""shinhan bank fortune 500""","=""0""","=""0""","=""4""","=""Low""","=""false"""
"=""shinhan bank 8 bishopsgate""","=""0""","=""0""","=""4""","=""Low""","=""false"""
"=""shinhan bank trong vòng 8 1 km""","=""0""","=""0""","=""7""","=""Low""","=""false"""
"=""shinhan bank chi nhánh landmark 81""","=""0""","=""0""","=""6""","=""Low""","=""false"""
"=""shinhan bank 99 nguyễn thị minh khai""","=""0""","=""0""","=""7""","=""Low""","=""false"""
"=""shinhan bank nước nào""","=""0""","=""0""","=""4""","=""Low""","=""false"""
"=""shinhan bank yên bái""","=""0""","=""0""","=""4""","=""Low""","=""false"""
"=""shinhan bank có bao nhiêu chi nhánh""","=""0""","=""0""","=""7""","=""Low""","=""false"""
"=""shinhan bank có bao nhiêu chi nhánh tại việt nam""","=""0""","=""0""","=""10""","=""Low""","=""false"""
"=""shinhan bank lãi suất bao nhiêu""","=""0""","=""0""","=""6""","=""Low""","=""false"""
"=""shinhan bank tên là gì""","=""0""","=""0""","=""5""","=""Low""","=""false"""
"=""shinhan bank là công ty gì""","=""0""","=""0""","=""6""","=""Low""","=""false"""
"=""shinhan bank của""","=""0""","=""0""","=""3""","=""Low""","=""false"""
"=""shinhan bank thuộc tập đoàn nào""","=""0""","=""0""","=""6""","=""Low""","=""false"""
"=""shinhan bank thuộc nước nào""","=""0""","=""0""","=""5""","=""Low""","=""false"""
"=""shinhan bank trên duy hưng""","=""0""","=""0""","=""5""","=""Low""","=""false"""
"=""shinhan bank có những chi nhánh nào""","=""0""","=""0""","=""7""","=""Low""","=""false"""
"=""shinhan bank có an toàn không""","=""0""","=""0""","=""6""","=""Low""","=""false"""
"=""shinhan bank có lừa đảo không""","=""0""","=""0""","=""6""","=""Low""","=""false"""
"=""shinhan bank có làm việc sáng thứ 7 không""","=""0""","=""0""","=""9""","=""Low""","=""false"""
"=""shinhan bank gần""","=""0""","=""0""","=""3""","=""Low""","=""false"""
"=""shinhan bank với shinhan finance""","=""0""","=""0""","=""5""","=""Low""","=""false"""
"=""shinhan bank với shinhan finance khác nhau như thế nào""","=""0""","=""0""","=""10""","=""Low""","=""false"""
"=""shinhan bank không đăng nhập được""","=""0""","=""0""","=""6""","=""Low""","=""false"""
"=""shinhan bank tuyển dụng không yêu cầu kinh nghiệm""","=""0""","=""0""","=""9""","=""Low""","=""false"""
"=""shinhan bank có lớn không""","=""0""","=""0""","=""5""","=""Low""","=""false"""
"=""shinhan bank có app không""","=""0""","=""0""","=""5""","=""Low""","=""false"""
"=""shinhan bank vay dễ không""","=""0""","=""0""","=""5""","=""Low""","=""false"""
"=""shinhan bank làm việc mấy giờ""","=""0""","=""0""","=""6""","=""Low""","=""false"""
"=""shinhan bank làm việc từ mấy giờ""","=""0""","=""0""","=""7""","=""Low""","=""false"""
"=""shinhan bank làm việc""","=""0""","=""0""","=""4""","=""Low""","=""false"""
"=""shinhan bank có làm sáng thứ 7 không""","=""0""","=""0""","=""8""","=""Low""","=""false"""
"=""shinhan bank lịch làm việc""","=""0""","=""0""","=""5""","=""Low""","=""false"""
"=""shinhan bank có làm chủ nhật không""","=""0""","=""0""","=""7""","=""Low""","=""false"""
"=""shinhan bank có apple pay không""","=""0""","=""0""","=""6""","=""Low""","=""false"""
"=""shinhan bank có làm t7 không""","=""0""","=""0""","=""6""","=""Low""","=""false"""
"=""shinhan bank từ sơn""","=""0""","=""0""","=""4""","=""Low""","=""false"""
"=""shinhan bank từ sơn bắc ninh""","=""0""","=""0""","=""6""","=""Low""","=""false"""
"=""shinhan bank bắc từ liêm""","=""0""","=""0""","=""5""","=""Low""","=""false"""
"=""shinhan bank vay từ bao nhiêu tuổi""","=""0""","=""0""","=""7""","=""Low""","=""false"""
"=""ngân hàng shinhan bank""","=""4400""","=""0.26""","=""4""","=""Low""","=""false"""
"=""atm shinhan bank""","=""4400""","=""0""","=""3""","=""Low""","=""false"""
"=""tổng đài shinhan bank""","=""1300""","=""0.14""","=""4""","=""Low""","=""false"""
"=""hotline shinhan bank""","=""590""","=""0""","=""3""","=""Low""","=""false"""
"=""thẻ tín dụng shinhan bank""","=""390""","=""0.5""","=""5""","=""Low""","=""true"""
"=""tổng đài shinhan bank miễn phí""","=""320""","=""0""","=""6""","=""Low""","=""false"""
"=""thẻ shinhan bank""","=""260""","=""0.39""","=""3""","=""Low""","=""false"""
"=""app shinhan bank""","=""170""","=""0.23""","=""3""","=""Low""","=""false"""
"=""tổng đài ngân hàng shinhan bank""","=""140""","=""0""","=""6""","=""Low""","=""false"""
"=""online shinhan bank com vn""","=""110""","=""0""","=""5""","=""Low""","=""false"""
"=""tải shinhan bank""","=""90""","=""0.17""","=""3""","=""Low""","=""false"""
"=""swift code shinhan bank""","=""90""","=""0""","=""4""","=""Low""","=""false"""
"=""tài app shinhan bank""","=""90""","=""0.3""","=""4""","=""Low""","=""false"""
"=""tổng đài chăm sóc khách hàng shinhan bank""","=""90""","=""0""","=""8""","=""Low""","=""false"""
"=""địa chỉ ngân hàng shinhan bank""","=""90""","=""0""","=""6""","=""Low""","=""false"""
"=""tỷ giá shinhan bank online""","=""90""","=""0""","=""5""","=""Low""","=""false"""
"=""chăm sóc khách hàng shinhan bank""","=""70""","=""0""","=""6""","=""Low""","=""false"""
"=""hội sở shinhan bank""","=""70""","=""0""","=""4""","=""Low""","=""false"""
"=""làm thẻ ngân hàng shinhan bank online""","=""50""","=""0.41""","=""7""","=""Medium""","=""false"""
"=""thẻ ngân hàng shinhan bank""","=""50""","=""0""","=""5""","=""Low""","=""true"""
"=""app ngân hàng shinhan bank""","=""40""","=""0.18""","=""5""","=""Low""","=""true"""
"=""hotline ngân hàng shinhan bank""","=""40""","=""0""","=""5""","=""Low""","=""false"""
"=""nh shinhan bank""","=""40""","=""0""","=""3""","=""Low""","=""false"""
"=""the visa shinhan bank""","=""40""","=""0""","=""4""","=""Low""","=""false"""
"=""tài khoản shinhan bank""","=""40""","=""0""","=""4""","=""Low""","=""true"""
"=""địa chỉ shinhan bank""","=""40""","=""0""","=""4""","=""Low""","=""true"""
"=""mở thẻ shinhan bank online""","=""40""","=""0.48""","=""5""","=""Medium""","=""true"""
"=""mã swift shinhan bank là gì""","=""40""","=""0""","=""6""","=""Low""","=""false"""
"=""thẻ atm shinhan bank""","=""30""","=""0""","=""4""","=""Low""","=""true"""
"=""thẻ mastercard shinhan bank""","=""30""","=""0""","=""4""","=""Low""","=""false"""
"=""tải app ngân hàng shinhan bank""","=""30""","=""0.15""","=""6""","=""Low""","=""true"""
"=""tổng đài shinhan bank tphcm""","=""30""","=""0""","=""5""","=""Low""","=""false"""
"=""m otp shinhan bank là gì""","=""30""","=""0""","=""6""","=""Low""","=""false"""
"=""bank code shinhan bank""","=""20""","=""0""","=""4""","=""Low""","=""true"""
"=""công ty shinhan bank""","=""20""","=""0""","=""4""","=""Low""","=""false"""
"=""công ty tài chính shinhan bank""","=""20""","=""0.22""","=""6""","=""Medium""","=""false"""
"=""hỗ trợ shinhan bank""","=""20""","=""0""","=""4""","=""Low""","=""false"""
"=""liên hệ shinhan bank""","=""20""","=""0""","=""4""","=""Low""","=""true"""
"=""làm thẻ tín dụng shinhan bank""","=""20""","=""0.55""","=""6""","=""Medium""","=""true"""
"=""the tin dung shinhan bank""","=""20""","=""0""","=""5""","=""Low""","=""false"""
"=""tuyển dụng ngân hàng shinhan bank""","=""20""","=""0.01""","=""6""","=""Low""","=""false"""
"=""tài khoản ngân hàng shinhan bank""","=""20""","=""0""","=""6""","=""Low""","=""true"""
"=""tín dụng shinhan bank""","=""20""","=""0.62""","=""4""","=""Medium""","=""false"""
"=""hotline shinhan bank hcm""","=""20""","=""0""","=""4""","=""Low""","=""true"""
"=""smartcredit shinhan bank là gì""","=""20""","=""0""","=""5""","=""Low""","=""false"""
"=""cách chuyển khoản shinhan bank không mất phí""","=""20""","=""0""","=""8""","=""Low""","=""true"""
"=""lãi suất shinhan bank hiện tại""","=""20""","=""0""","=""6""","=""Low""","=""false"""
"=""mở tk shinhan bank online""","=""20""","=""0.6""","=""5""","=""Low""","=""false"""
"=""vay shinhan bank voz""","=""20""","=""0""","=""4""","=""Low""","=""false"""
"=""thẻ debit shinhan bank là gì""","=""20""","=""0""","=""6""","=""Low""","=""false"""
"=""làm thẻ tín dụng online shinhan bank""","=""10""","=""0""","=""7""","=""Low""","=""false"""
"=""agoda shinhan bank""","=""10""","=""0""","=""3""","=""Low""","=""false"""
"=""app của shinhan bank""","=""10""","=""0""","=""4""","=""Low""","=""false"""
"=""cty shinhan bank""","=""10""","=""0""","=""3""","=""Low""","=""false"""
"=""các ngân hàng liên kết với shinhan bank""","=""10""","=""0""","=""8""","=""Low""","=""false"""
"=""hotline của shinhan bank""","=""10""","=""0""","=""4""","=""Low""","=""false"""
"=""hồ sơ làm thẻ tín dụng shinhan bank""","=""10""","=""0""","=""8""","=""Low""","=""false"""
"=""hỗ trợ khách hàng shinhan bank""","=""10""","=""0""","=""6""","=""Low""","=""false"""
"=""liên hệ ngân hàng shinhan bank""","=""10""","=""0""","=""6""","=""Low""","=""false"""
"=""liên kết momo với shinhan bank""","=""10""","=""0""","=""6""","=""Low""","=""false"""
"=""làm the atm shinhan bank online""","=""10""","=""0""","=""6""","=""Low""","=""false"""
"=""làm the ngân hàng shinhan bank online""","=""10""","=""0""","=""7""","=""Low""","=""false"""
"=""làm thẻ atm ngân hàng shinhan bank""","=""10""","=""0""","=""7""","=""Low""","=""false"""
"=""làm thẻ atm shinhan bank""","=""10""","=""0""","=""5""","=""Low""","=""false"""
"=""làm thẻ atm shinhan bank online""","=""10""","=""0""","=""6""","=""Low""","=""false"""
"=""làm thẻ ngân hàng shinhan bank""","=""10""","=""0""","=""6""","=""Low""","=""false"""
"=""làm thẻ shinhan bank""","=""10""","=""0""","=""4""","=""Medium""","=""false"""
"=""làm thẻ shinhan bank online""","=""10""","=""0.4""","=""5""","=""Medium""","=""false"""
"=""làm thẻ tín dụng của shinhan bank""","=""10""","=""0""","=""7""","=""Low""","=""false"""
"=""làm thẻ tín dụng ngân hàng shinhan bank""","=""10""","=""0""","=""8""","=""Low""","=""false"""
"=""làm thẻ visa ngân hàng shinhan bank""","=""10""","=""0""","=""7""","=""Low""","=""false"""
"=""làm thẻ visa shinhan bank""","=""10""","=""0.33""","=""5""","=""Medium""","=""false"""
"=""mo the tin dung shinhan bank""","=""10""","=""0""","=""6""","=""Low""","=""false"""
"=""ngân hàng liên kết với shinhan bank""","=""10""","=""0""","=""7""","=""Low""","=""false"""
"=""ngân hàng shinhan bank 59""","=""10""","=""0""","=""5""","=""Low""","=""false"""
"=""ngân hàng shinhan bank phú mỹ hưng""","=""10""","=""0""","=""7""","=""Low""","=""false"""
"=""ngân hàng shinhan bank tràng duệ""","=""10""","=""0""","=""6""","=""Low""","=""false"""
"=""ngân hàng shinhan bank trần duy hưng""","=""10""","=""0""","=""7""","=""Low""","=""false"""
"=""ngân hàng shinhan bank tuyển dụng""","=""10""","=""0""","=""6""","=""Low""","=""false"""
"=""ngân hàng shinhan bank tổng đài""","=""10""","=""0""","=""6""","=""Low""","=""false"""
"=""ngân hàng trực tuyến shinhan bank""","=""10""","=""0""","=""6""","=""Low""","=""false"""
"=""nhân viên thẩm định tín dụng shinhan bank""","=""10""","=""0""","=""8""","=""Low""","=""false"""
"=""những ngân hàng liên kết với shinhan bank""","=""10""","=""0""","=""8""","=""Low""","=""false"""
"=""quy trình tín dụng của ngân hàng shinhan bank""","=""10""","=""0""","=""9""","=""Low""","=""false"""
"=""swift code ngân hàng shinhan bank""","=""10""","=""0""","=""6""","=""Low""","=""false"""
"=""swift shinhan bank""","=""10""","=""0""","=""3""","=""Low""","=""false"""
"=""the atm shinhan bank""","=""10""","=""0""","=""4""","=""Low""","=""false"""
"=""the ngan hang shinhan bank""","=""10""","=""0""","=""5""","=""Low""","=""false"""
"=""the shinhan bank""","=""10""","=""0""","=""3""","=""Low""","=""false"""
"=""thông tin ngân hàng shinhan bank""","=""10""","=""0""","=""6""","=""Low""","=""false"""
"=""thông tin về ngân hàng shinhan bank""","=""10""","=""0""","=""7""","=""Low""","=""false"""
"=""thông tin về shinhan bank""","=""10""","=""0""","=""5""","=""Low""","=""false"""
"=""thẻ napas shinhan bank""","=""10""","=""0""","=""4""","=""Low""","=""false"""
"=""thẻ tín dụng của shinhan bank""","=""10""","=""0""","=""6""","=""Low""","=""false"""
"=""thẻ tín dụng ngân hàng shinhan bank""","=""10""","=""0""","=""7""","=""Medium""","=""false"""
"=""thẻ tín dụng visa shinhan bank""","=""10""","=""0""","=""6""","=""Low""","=""false"""
"=""thẻ visa credit shinhan bank""","=""10""","=""0""","=""5""","=""Low""","=""false"""
"=""thẻ visa của shinhan bank""","=""10""","=""0""","=""5""","=""Low""","=""false"""
"=""thủ tục làm thẻ tín dụng shinhan bank""","=""10""","=""0""","=""8""","=""Low""","=""false"""
"=""thủ tục làm thẻ visa shinhan bank""","=""10""","=""0""","=""7""","=""Low""","=""false"""
"=""trang chủ shinhan bank""","=""10""","=""0""","=""4""","=""Low""","=""false"""
"=""trang web shinhan bank""","=""10""","=""0""","=""4""","=""Low""","=""false"""
"=""tuyen dung shinhan bank""","=""10""","=""0""","=""4""","=""Low""","=""false"""
"=""tài chính shinhan bank""","=""10""","=""0""","=""4""","=""Low""","=""false"""
"=""tìm hiểu về ngân hàng shinhan bank""","=""10""","=""0""","=""7""","=""Low""","=""false"""
"=""tìm hiểu về shinhan bank""","=""10""","=""0""","=""5""","=""Low""","=""false"""
"=""tải app shinhan bank""","=""10""","=""0""","=""4""","=""Low""","=""false"""
"=""tổng đài chăm sóc khách hàng của shinhan bank""","=""10""","=""0""","=""9""","=""Low""","=""false"""
"=""tổng đài của ngân hàng shinhan bank""","=""10""","=""0""","=""7""","=""Low""","=""false"""
"=""tổng đài của shinhan bank""","=""10""","=""0""","=""5""","=""Low""","=""false"""
"=""tổng đài hỗ trợ ngân hàng shinhan bank""","=""10""","=""0""","=""8""","=""Low""","=""false"""
"=""tổng đài hỗ trợ shinhan bank""","=""10""","=""0""","=""6""","=""Low""","=""true"""
"=""tổng đài thẻ shinhan bank""","=""10""","=""0""","=""5""","=""Low""","=""false"""
"=""tổng đài thẻ tín dụng shinhan bank""","=""10""","=""0""","=""7""","=""Low""","=""false"""
"=""visa shinhan bank""","=""10""","=""0""","=""3""","=""Low""","=""false"""
"=""website shinhan bank""","=""10""","=""0""","=""3""","=""Low""","=""false"""
"=""zalo shinhan bank""","=""10""","=""0""","=""3""","=""Low""","=""false"""
"=""điều kiện làm thẻ shinhan bank""","=""10""","=""0""","=""6""","=""Low""","=""false"""
"=""điều kiện làm thẻ tín dụng shinhan bank""","=""10""","=""0""","=""8""","=""Medium""","=""false"""
"=""ưu đãi shinhan bank""","=""10""","=""0""","=""4""","=""Low""","=""false"""
"=""ưu đãi thẻ tín dụng shinhan bank""","=""10""","=""0""","=""7""","=""Low""","=""false"""
"=""ưu đãi visa shinhan bank""","=""10""","=""0""","=""5""","=""Low""","=""false"""
"=""cvc shinhan bank""","=""10""","=""0""","=""3""","=""Low""","=""false"""
"=""hội sở shinhan bank hcm""","=""10""","=""0""","=""5""","=""Low""","=""false"""
"=""chi nhánh shinhan bank hcm""","=""10""","=""0""","=""5""","=""Low""","=""false"""
"=""iban number shinhan bank""","=""10""","=""0""","=""4""","=""Low""","=""false"""
"=""ib shinhan bank""","=""10""","=""0""","=""3""","=""Low""","=""false"""
"=""sms shinhan bank""","=""10""","=""0""","=""3""","=""Low""","=""false"""
"=""telesale shinhan bank""","=""10""","=""0""","=""3""","=""Low""","=""false"""
"=""twice shinhan bank""","=""10""","=""0""","=""3""","=""Low""","=""false"""
"=""www shinhan bank""","=""10""","=""0""","=""3""","=""Low""","=""false"""
"=""email shinhan bank""","=""10""","=""0""","=""3""","=""Low""","=""false"""
"=""stk shinhan bank có bao nhiêu số""","=""10""","=""0""","=""7""","=""Low""","=""false"""
"=""digital card shinhan bank là gì""","=""10""","=""0""","=""6""","=""Low""","=""false"""
"=""đổi mã pin shinhan bank trên điện thoại""","=""10""","=""0""","=""8""","=""Low""","=""false"""
"=""cách chuyển tiền shinhan bank trên điện thoại""","=""10""","=""0""","=""8""","=""Low""","=""false"""
"=""is shinhan bank good""","=""10""","=""0""","=""4""","=""Low""","=""false"""
"=""alamat shinhan bank jakarta""","=""0""","=""0""","=""4""","=""Low""","=""false"""
"=""www shinhan bank korea""","=""0""","=""0""","=""4""","=""Low""","=""false"""
"=""about shinhan bank india""","=""0""","=""0""","=""4""","=""Low""","=""false"""
"=""alamat shinhan bank korea""","=""0""","=""0""","=""4""","=""Low""","=""false"""
"=""bic code shinhan bank""","=""0""","=""0""","=""4""","=""Low""","=""false"""
"=""cc shinhan bank""","=""0""","=""0""","=""3""","=""Low""","=""false"""
"=""cdm shinhan bank""","=""0""","=""0""","=""3""","=""Low""","=""false"""
"=""ctv shinhan bank""","=""0""","=""0""","=""3""","=""Low""","=""false"""
"=""cvv shinhan bank""","=""0""","=""0""","=""3""","=""Low""","=""false"""
"=""credit rating shinhan bank""","=""0""","=""0""","=""4""","=""Low""","=""false"""
"=""dfc shinhan bank""","=""0""","=""0""","=""3""","=""Low""","=""false"""
"=""ekyc shinhan bank""","=""0""","=""0""","=""3""","=""Low""","=""false"""
"=""rezensionen für shinhan bank europe gmbh""","=""0""","=""0""","=""6""","=""Low""","=""false"""
"=""gdv shinhan bank""","=""0""","=""0""","=""3""","=""Low""","=""false"""
"=""tỷ giá shinhan bank exchange rate""","=""0""","=""0""","=""6""","=""Low""","=""false"""
"=""is shinhan bank good for foreigners""","=""0""","=""0""","=""6""","=""Low""","=""false"""
"=""guntur shinhan bank""","=""0""","=""0""","=""3""","=""Low""","=""false"""
"=""does shinhan bank have global atm""","=""0""","=""0""","=""6""","=""Low""","=""false"""
"=""trụ sở shinhan bank hcm""","=""0""","=""0""","=""5""","=""Low""","=""false"""
"=""tuyển dụng shinhan bank hcm""","=""0""","=""0""","=""5""","=""Low""","=""false"""
"=""gmail shinhan bank""","=""0""","=""0""","=""3""","=""Low""","=""false"""
"=""https shinhan bank""","=""0""","=""0""","=""3""","=""Low""","=""false"""
"=""is shinhan bank open on saturday""","=""0""","=""0""","=""6""","=""Low""","=""false"""
"=""is shinhan bank""","=""0""","=""0""","=""3""","=""Low""","=""false"""
"=""sbj shinhan bank japan""","=""0""","=""0""","=""4""","=""Low""","=""false"""
"=""kb stars w shinhan bank s birds w""","=""0""","=""0""","=""8""","=""Low""","=""false"""
"=""kpi shinhan bank""","=""0""","=""0""","=""3""","=""Low""","=""false"""
"=""kurs shinhan bank hari ini""","=""0""","=""0""","=""5""","=""Low""","=""false"""
"=""ls shinhan bank""","=""0""","=""0""","=""3""","=""Low""","=""false"""
"=""moneygram shinhan bank""","=""0""","=""0""","=""3""","=""Low""","=""false"""
"=""mtv shinhan bank""","=""0""","=""0""","=""3""","=""Low""","=""false"""
"=""is shinhan bank government owned""","=""0""","=""0""","=""5""","=""Low""","=""false"""
"=""pengajuan shinhan bank""","=""0""","=""0""","=""3""","=""Low""","=""false"""
"=""samsung pay shinhan bank""","=""0""","=""0""","=""4""","=""Low""","=""false"""
"=""scmc shinhan bank""","=""0""","=""0""","=""3""","=""Low""","=""false"""
"=""spr shinhan bank""","=""0""","=""0""","=""3""","=""Low""","=""false"""
"=""spr6m shinhan bank""","=""0""","=""0""","=""3""","=""Low""","=""false"""
"=""tk shinhan bank""","=""0""","=""0""","=""3""","=""Low""","=""false"""
"=""địa chỉ shinhan bank tphcm""","=""0""","=""0""","=""5""","=""Low""","=""false"""
"=""trụ sở shinhan bank tphcm""","=""0""","=""0""","=""5""","=""Low""","=""false"""
"=""unc shinhan bank""","=""0""","=""0""","=""3""","=""Low""","=""false"""
"=""vay shinhan bank có uy tín không""","=""0""","=""0""","=""7""","=""Low""","=""false"""
"=""ulasan shinhan bank kc tegal randugunting""","=""0""","=""0""","=""6""","=""Low""","=""false"""
"=""review shinhan bank voz""","=""0""","=""0""","=""4""","=""Low""","=""false"""
"=""vay tín chấp shinhan bank voz""","=""0""","=""0""","=""6""","=""Low""","=""false"""
"=""thẻ tín dụng shinhan bank voz""","=""0""","=""0""","=""6""","=""Low""","=""false"""
"=""vay thế chấp shinhan bank voz""","=""0""","=""0""","=""6""","=""Low""","=""false"""
"=""woori bank và shinhan bank""","=""0""","=""0""","=""5""","=""Low""","=""false"""
"=""www shinhan bank india com""","=""0""","=""0""","=""5""","=""Low""","=""false"""
"=""does shinhan bank have zelle""","=""0""","=""0""","=""5""","=""Low""","=""false"""
"=""có nên vay shinhan bank không""","=""0""","=""0""","=""6""","=""Low""","=""false"""
"=""cách đăng nhập shinhan bank trên điện thoại khác""","=""0""","=""0""","=""9""","=""Low""","=""false"""
"=""cách đăng nhập shinhan bank trên điện thoại""","=""0""","=""0""","=""8""","=""Low""","=""false"""
"=""so sánh shinhan bank và shinhan finance""","=""0""","=""0""","=""7""","=""Low""","=""false"""
"=""so sánh woori bank và shinhan bank""","=""0""","=""0""","=""7""","=""Low""","=""false"""
"=""nha trang có shinhan bank không""","=""0""","=""0""","=""6""","=""Low""","=""false"""
"=""shinhan""","=""74000""","=""0.47""","=""1""","=""Low""","=""false"""
"=""shinhanvina bank""","=""74000""","=""0.47""","=""2""","=""Low""","=""false"""
"=""ngân hàng shinhan""","=""14800""","=""0.23""","=""3""","=""Low""","=""false"""
"=""shinhanbank vn""","=""2400""","=""0.42""","=""2""","=""Low""","=""false"""
"=""tổng đài shinhan""","=""1600""","=""0.11""","=""3""","=""Low""","=""false"""
"=""shinhan atm""","=""1300""","=""0""","=""2""","=""Low""","=""false"""
"=""shinhan online""","=""1000""","=""0.37""","=""2""","=""Low""","=""false"""
"=""online shinhan""","=""1000""","=""0.37""","=""2""","=""Low""","=""false"""
"=""thẻ tín dụng shinhan""","=""880""","=""0.49""","=""4""","=""Low""","=""true"""
"=""công ty tài chính shinhan""","=""720""","=""0.21""","=""5""","=""Low""","=""false"""
"=""ngan hang shinhan""","=""590""","=""0.25""","=""3""","=""Low""","=""false"""
"=""atm shinhan""","=""590""","=""0""","=""2""","=""Low""","=""false"""
"=""hotline shinhan""","=""480""","=""0""","=""2""","=""Low""","=""false"""
"=""shinhan tuyển dụng""","=""480""","=""0.06""","=""3""","=""Low""","=""false"""
"=""shinhan hotline""","=""480""","=""0""","=""2""","=""Low""","=""false"""
"=""tài chính shinhan""","=""320""","=""0.36""","=""3""","=""Medium""","=""false"""
"=""cong ty shinhan""","=""320""","=""0.19""","=""3""","=""Low""","=""false"""
"=""tổng đài ngân hàng shinhan""","=""260""","=""0""","=""5""","=""Low""","=""false"""
"=""thẻ shinhan""","=""260""","=""0""","=""2""","=""Low""","=""true"""
"=""ngân hàng shinhan phạm hùng""","=""260""","=""0""","=""5""","=""Low""","=""false"""
"=""cty shinhan""","=""140""","=""0.2""","=""2""","=""Low""","=""true"""
"=""online shinhan com vn""","=""140""","=""0.37""","=""4""","=""Low""","=""true"""
"=""shinhan trần duy hưng""","=""140""","=""0""","=""4""","=""Low""","=""false"""
"=""app shinhan""","=""110""","=""0.17""","=""2""","=""Low""","=""false"""
"=""shinhan com vn online""","=""110""","=""0""","=""4""","=""Low""","=""false"""
"=""địa chỉ ngân hàng shinhan""","=""110""","=""0""","=""5""","=""Low""","=""false"""
"=""shinhan thẻ tín dụng""","=""90""","=""0.54""","=""4""","=""Low""","=""true"""
"=""app ngân hàng shinhan""","=""90""","=""0.16""","=""4""","=""Low""","=""true"""
"=""chăm sóc khách hàng shinhan""","=""90""","=""0.1""","=""5""","=""Low""","=""false"""
"=""chăm sóc khách hàng shinhanbank""","=""70""","=""0""","=""5""","=""Low""","=""false"""
"=""shinhan app""","=""70""","=""0.25""","=""2""","=""Low""","=""false"""
"=""shinhan hội sở""","=""70""","=""0""","=""3""","=""Low""","=""true"""
"=""shinhan phạm hùng""","=""70""","=""0""","=""3""","=""Low""","=""false"""
"=""shinhan tổng đài""","=""70""","=""0""","=""3""","=""Low""","=""false"""
"=""the visa shinhan""","=""70""","=""0""","=""3""","=""Low""","=""false"""
"=""thẻ ngân hàng shinhan""","=""70""","=""0""","=""4""","=""Low""","=""false"""
"=""tuyển dụng shinhan""","=""70""","=""0.11""","=""3""","=""Low""","=""false"""
"=""the tin dung shinhan""","=""50""","=""0""","=""4""","=""Low""","=""true"""
"=""hotline ngan hang shinhan""","=""50""","=""0""","=""4""","=""Low""","=""false"""
"=""hotline ngân hàng shinhan""","=""50""","=""0""","=""4""","=""Low""","=""false"""
"=""ngân hàng shinhan có uy tín không""","=""50""","=""0.84""","=""7""","=""Low""","=""true"""
"=""ngân hàng shinhan tuyển dụng""","=""50""","=""0.02""","=""5""","=""Low""","=""false"""
"=""shinhan an đông""","=""50""","=""0""","=""3""","=""Low""","=""false"""
"=""shinhan ngân hàng""","=""50""","=""0.35""","=""3""","=""Low""","=""false"""
"=""shinhan sóng thần""","=""50""","=""0""","=""3""","=""Low""","=""false"""
"=""ngân hàng tài chính shinhan""","=""40""","=""0.59""","=""5""","=""Low""","=""false"""
"=""ngân hàng shin""","=""40""","=""0.16""","=""3""","=""Low""","=""false"""
"=""shinhan central park""","=""40""","=""0""","=""3""","=""Low""","=""true"""
"=""thẻ atm shinhan""","=""40""","=""0""","=""3""","=""Low""","=""false"""
"=""tập đoàn shinhan""","=""40""","=""0""","=""3""","=""Low""","=""false"""
"=""ưu đãi thẻ shinhan""","=""40""","=""0""","=""4""","=""Low""","=""false"""
"=""shinhan credit""","=""30""","=""0.44""","=""2""","=""Low""","=""false"""
"=""tín dụng shinhan""","=""30""","=""0.48""","=""3""","=""Medium""","=""false"""
"=""nh shinhan""","=""30""","=""0.38""","=""2""","=""Low""","=""true"""
"=""bảo hiểm shinhan""","=""30""","=""0""","=""3""","=""Low""","=""false"""
"=""cgv shinhan""","=""30""","=""0""","=""2""","=""Low""","=""true"""
"=""nhân viên chăm sóc khách hàng mb bank""","=""30""","=""0""","=""8""","=""Low""","=""false"""
"=""shinhan cong hoa""","=""30""","=""0""","=""3""","=""Low""","=""false"""
"=""shinhan thẻ""","=""30""","=""0""","=""2""","=""Low""","=""false"""
"=""shinhan tài chính""","=""30""","=""0.27""","=""3""","=""Medium""","=""false"""
"=""thẻ shinhan visa""","=""30""","=""0""","=""3""","=""Low""","=""false"""
"=""tập đoàn tài chính shinhan""","=""30""","=""0""","=""5""","=""Low""","=""true"""
"=""tổng đài tài chính shinhan""","=""30""","=""0.07""","=""5""","=""Low""","=""true"""
"=""ưu đãi thẻ tín dụng shinhan""","=""30""","=""0""","=""6""","=""Low""","=""false"""
"=""làm thẻ tín dụng shinhan""","=""20""","=""0.59""","=""5""","=""Medium""","=""false"""
"=""công ty tài chính hd bank""","=""20""","=""0""","=""6""","=""Low""","=""false"""
"=""ngan hang hanshin""","=""20""","=""0.1""","=""3""","=""Low""","=""false"""
"=""ngân hàng shinhan phú mỹ hưng""","=""20""","=""0""","=""6""","=""Low""","=""false"""
"=""ngân hàng shinhan sóng thần""","=""20""","=""0""","=""5""","=""Low""","=""false"""
"=""ngân hàng shinhan trần duy hưng""","=""20""","=""0""","=""6""","=""Low""","=""false"""
"=""shinhan an dương vương""","=""20""","=""0""","=""4""","=""Low""","=""false"""
"=""shinhan centec""","=""20""","=""0""","=""2""","=""Low""","=""false"""
"=""shinhan emart""","=""20""","=""0""","=""2""","=""Low""","=""false"""
"=""shinhan mastercard""","=""20""","=""0""","=""2""","=""Low""","=""false"""
"=""shinhan shopee""","=""20""","=""0""","=""2""","=""Low""","=""false"""
"=""shinhan tín dụng""","=""20""","=""0.46""","=""3""","=""Low""","=""false"""
"=""shinhan tản đà""","=""20""","=""0""","=""3""","=""Low""","=""true"""
"=""shinhan visa""","=""20""","=""0.45""","=""2""","=""Low""","=""true"""
"=""shinhan ông ích khiêm""","=""20""","=""0""","=""4""","=""Low""","=""false"""
"=""svfc shinhan""","=""20""","=""0.15""","=""2""","=""Low""","=""false"""
"=""the shinhan""","=""20""","=""0""","=""2""","=""Low""","=""true"""
"=""thẻ tín dụng ngân hàng shinhan""","=""20""","=""0""","=""6""","=""Low""","=""false"""
"=""tài khoản shinhan""","=""20""","=""0""","=""3""","=""Low""","=""false"""
"=""tổng đài cty tài chính shinhan""","=""20""","=""0.1""","=""6""","=""Low""","=""false"""
"=""làm thẻ tín dụng shinhan online""","=""10""","=""0""","=""6""","=""High""","=""false"""
"=""the tín dụng shinhan""","=""10""","=""0""","=""4""","=""Medium""","=""false"""
"=""app shinhan thẻ tín dụng""","=""10""","=""0""","=""5""","=""Low""","=""false"""
"=""app thẻ tín dụng shinhan""","=""10""","=""0""","=""5""","=""Low""","=""false"""
"=""baemin shinhan""","=""10""","=""0""","=""2""","=""Low""","=""false"""
"=""bảo hiểm nhân thọ shinhan""","=""10""","=""0""","=""5""","=""Low""","=""false"""
"=""công ty tài chính shinhan tuyển dụng thẩm định""","=""10""","=""0""","=""9""","=""Low""","=""false"""
"=""hanshin bank""","=""10""","=""0""","=""2""","=""Low""","=""false"""
"=""hỗ trợ shinhan""","=""10""","=""0""","=""3""","=""Low""","=""false"""
"=""khuyến mãi shinhan""","=""10""","=""0""","=""3""","=""Low""","=""false"""
"=""khuyến mãi thẻ shinhan""","=""10""","=""0""","=""4""","=""Low""","=""false"""
"=""lazada shinhan""","=""10""","=""0""","=""2""","=""Low""","=""false"""
"=""liên hệ ngân hàng shinhan""","=""10""","=""0""","=""5""","=""Low""","=""false"""
"=""liên kết shinhan với momo""","=""10""","=""0""","=""5""","=""Low""","=""false"""
"=""làm thẻ nam á bank""","=""10""","=""0""","=""5""","=""Low""","=""false"""
"=""làm thẻ ngân hàng shinhan""","=""10""","=""0""","=""5""","=""Medium""","=""false"""
"=""làm thẻ shinhan""","=""10""","=""0.36""","=""3""","=""Medium""","=""false"""
"=""làm thẻ shinhan online""","=""10""","=""0""","=""4""","=""Low""","=""false"""
"=""mo the shinhan""","=""10""","=""0.52""","=""3""","=""Medium""","=""false"""
"=""mo the tin dung shinhan""","=""10""","=""0""","=""5""","=""Low""","=""false"""
"=""ngan hang shanghai bank""","=""10""","=""0""","=""4""","=""Low""","=""false"""
"=""ngan hang truc tuyen shinhan""","=""10""","=""0""","=""5""","=""Low""","=""false"""
"=""ngan shinhan""","=""10""","=""0""","=""2""","=""Low""","=""false"""
"=""ngân hàng quốc tế shinhan""","=""10""","=""0""","=""5""","=""Low""","=""false"""
"=""ngân hàng shin han bank""","=""10""","=""0""","=""5""","=""Low""","=""false"""
"=""ngân hàng shinhan hotline""","=""10""","=""0""","=""4""","=""Low""","=""false"""
"=""ngân hàng trực tuyến shinhan""","=""10""","=""0""","=""5""","=""Low""","=""false"""
"=""nhân viên tín dụng ngân hàng shinhan""","=""10""","=""0""","=""7""","=""Low""","=""false"""
"=""online shinhan com""","=""10""","=""0""","=""3""","=""Low""","=""false"""
"=""shinhan 3 2""","=""10""","=""0""","=""3""","=""Low""","=""false"""
"=""shinhan anz""","=""10""","=""0""","=""2""","=""Low""","=""false"""
"=""shinhan baemin""","=""10""","=""0""","=""2""","=""Low""","=""false"""
"=""shinhan credit com""","=""10""","=""0""","=""3""","=""Low""","=""false"""
"=""shinhan khuyến mãi""","=""10""","=""0""","=""3""","=""Low""","=""false"""
"=""shinhan ngan hang""","=""10""","=""0""","=""3""","=""Low""","=""false"""
"=""shinhan the tin dung""","=""10""","=""0""","=""4""","=""Low""","=""true"""
"=""shinhan tiki""","=""10""","=""0""","=""2""","=""Low""","=""false"""
"=""shinhan tuyển dụng thẩm định""","=""10""","=""0""","=""5""","=""Low""","=""false"""
"=""shinhan vinhomes central park""","=""10""","=""0""","=""4""","=""Low""","=""false"""
"=""shinhan ưu đãi""","=""10""","=""0""","=""3""","=""Low""","=""false"""
"=""shinhan ưu đãi thẻ tín dụng""","=""10""","=""0""","=""6""","=""Low""","=""false"""
"=""shinhanvina""","=""10""","=""0""","=""1""","=""Low""","=""false"""
"=""shopee shinhan""","=""10""","=""0""","=""2""","=""Low""","=""false"""
"=""thẻ credit shinhan""","=""10""","=""0""","=""3""","=""Low""","=""false"""
"=""thẻ shinhan ưu đãi""","=""10""","=""0""","=""4""","=""Low""","=""false"""
"=""thẻ tín dụng shinhan khuyến mãi""","=""10""","=""0""","=""6""","=""Low""","=""false"""
"=""thẻ tín dụng shinhan ưu đãi""","=""10""","=""0""","=""6""","=""Low""","=""false"""
"=""thẻ visa ngân hàng shinhan""","=""10""","=""0""","=""5""","=""Low""","=""false"""
"=""thủ tục làm thẻ tín dụng shinhan""","=""10""","=""0""","=""7""","=""Low""","=""false"""
"=""trang chủ ngân hàng shinhan""","=""10""","=""0""","=""5""","=""Low""","=""false"""
"=""trang chủ shinhan""","=""10""","=""0""","=""3""","=""Low""","=""false"""
"=""tuyen dung shinhanbank""","=""10""","=""0""","=""3""","=""Low""","=""false"""
"=""tuyển dụng ngân hàng shinhan""","=""10""","=""0""","=""5""","=""Low""","=""false"""
"=""tìm hiểu về ngân hàng shinhan""","=""10""","=""0""","=""6""","=""Low""","=""false"""
"=""tổng đài chăm sóc khách hàng shinhan""","=""10""","=""0""","=""7""","=""Low""","=""false"""
"=""tổng đài của ngân hàng shinhan""","=""10""","=""0""","=""6""","=""Low""","=""false"""
"=""tổng đài ngân hàng phát triển nông thôn""","=""10""","=""0""","=""8""","=""Low""","=""false"""
"=""tổng đài thẻ tín dụng shinhan""","=""10""","=""0""","=""6""","=""Low""","=""false"""
"=""tổng đài tư vấn ngân hàng shinhan""","=""10""","=""0""","=""7""","=""Low""","=""false"""
"=""visa shinhan""","=""10""","=""0""","=""2""","=""Low""","=""false"""
"=""điều kiện làm thẻ tín dụng shinhan""","=""10""","=""0""","=""7""","=""Low""","=""false"""
"=""địa chỉ công ty tài chính shinhan""","=""10""","=""0""","=""7""","=""Low""","=""false"""
"=""ưu đãi shinhan""","=""10""","=""0""","=""3""","=""Low""","=""false"""
"=""shinhan sol bank kbo league""","=""10""","=""0""","=""5""","=""Low""","=""false"""
"=""bốc phốt ngân hàng shinhan""","=""0""","=""0""","=""5""","=""Low""","=""false"""
"=""công ty tài chính prudential trực thuộc ngân hàng shinhan""","=""0""","=""0""","=""10""","=""Low""","=""false"""
"=""http shinhan credit com""","=""0""","=""0""","=""4""","=""Low""","=""false"""
"=""http shinhan credit top""","=""0""","=""0""","=""4""","=""Low""","=""false"""
"=""shinhan credit top""","=""0""","=""0""","=""3""","=""Low""","=""false"""
"=""bank shinhan pinjol""","=""0""","=""0""","=""3""","=""Low""","=""false"""
"=""bank shinhan bsd""","=""0""","=""0""","=""3""","=""Low""","=""false"""
"=""bank shinhan jembatan lima""","=""0""","=""0""","=""4""","=""Low""","=""false"""
"=""bank shinhan jember""","=""0""","=""0""","=""3""","=""Low""","=""false"""
"=""2025 shinhan sol bank kbo league""","=""0""","=""0""","=""6""","=""Low""","=""false"""
"=""bank shinhan kbmi""","=""0""","=""0""","=""3""","=""Low""","=""false"""
"=""bank shinhan kerja sama dengan pinjol apa""","=""0""","=""0""","=""7""","=""Low""","=""false"""
"=""kode bank shinhan ke bca""","=""0""","=""0""","=""5""","=""Low""","=""false"""
"=""bank shinhan kredivo""","=""0""","=""0""","=""3""","=""Low""","=""false"""
"=""bank of shinhan""","=""0""","=""0""","=""3""","=""Low""","=""false"""
"=""pemilik bank shinhan""","=""0""","=""0""","=""3""","=""Low""","=""false"""
"=""bank shinhan pinjol apa online""","=""0""","=""0""","=""5""","=""Low""","=""false"""
"=""bank shinhan pinjaman apa""","=""0""","=""0""","=""4""","=""Low""","=""false"""
"=""bank shinhan indonesia pinjol apa""","=""0""","=""0""","=""5""","=""Low""","=""false"""
"=""bank shinhan indonesia pt""","=""0""","=""0""","=""4""","=""Low""","=""false"""
"=""bank shinhan tbk""","=""0""","=""0""","=""3""","=""Low""","=""false"""
