Keyword,Volume,CPC,Word count,PPC Competition,Trending
"=""techcombank""","=""450000""","=""0.55""","=""1""","=""Low""","=""false"""
"=""techcombank atm""","=""165000""","=""0.33""","=""2""","=""Low""","=""false"""
"=""techcombank business""","=""18100""","=""1.54""","=""2""","=""Low""","=""false"""
"=""techcombank near me""","=""18100""","=""0""","=""3""","=""Low""","=""false"""
"=""techcombank hội sở""","=""12100""","=""0""","=""3""","=""Low""","=""false"""
"=""techcombank sms""","=""9900""","=""0""","=""2""","=""Low""","=""true"""
"=""techcombank tuyen dung""","=""6600""","=""0.12""","=""3""","=""Low""","=""false"""
"=""techcombank tuyển dụng""","=""6600""","=""0.12""","=""3""","=""Low""","=""false"""
"=""techcombank gần nhất""","=""6600""","=""0.5""","=""3""","=""Low""","=""false"""
"=""techcombank doanh nghiệp""","=""3600""","=""4.22""","=""3""","=""Low""","=""false"""
"=""techcombank bình dương""","=""3600""","=""0.48""","=""3""","=""Low""","=""false"""
"=""techcombank business đăng nhập""","=""3600""","=""1.34""","=""4""","=""Low""","=""true"""
"=""techcombank hà nội""","=""3600""","=""0.4""","=""3""","=""Low""","=""false"""
"=""techcombank logo""","=""3600""","=""0""","=""2""","=""Low""","=""false"""
"=""techcombank swift code""","=""2900""","=""0.01""","=""3""","=""Low""","=""false"""
"=""techcombank banking""","=""2900""","=""0.37""","=""2""","=""Low""","=""false"""
"=""techcombank banking online""","=""2900""","=""0.37""","=""3""","=""Low""","=""false"""
"=""techcombank online banking""","=""2900""","=""0.37""","=""3""","=""Low""","=""false"""
"=""techcombank đà nẵng""","=""2900""","=""0.48""","=""3""","=""Low""","=""true"""
"=""techcombank ho chi minh city international marathon""","=""2900""","=""0""","=""7""","=""Low""","=""false"""
"=""techcombank internet banking""","=""2900""","=""0.37""","=""3""","=""Low""","=""false"""
"=""techcombank trần duy hưng""","=""2900""","=""0""","=""4""","=""Low""","=""false"""
"=""techcombank hải phòng""","=""2900""","=""0.58""","=""3""","=""Low""","=""false"""
"=""techcombank online""","=""2400""","=""0.64""","=""2""","=""Low""","=""false"""
"=""techcombank linh đàm""","=""2400""","=""0""","=""3""","=""Low""","=""false"""
"=""techcombank pasteur""","=""2400""","=""0""","=""2""","=""Low""","=""false"""
"=""techcombank quang trung""","=""2400""","=""0""","=""3""","=""Low""","=""false"""
"=""techcombank mobile""","=""2400""","=""0.3""","=""2""","=""Low""","=""true"""
"=""techcombank bình thạnh""","=""2400""","=""0""","=""3""","=""Low""","=""false"""
"=""techcombank cdm""","=""2400""","=""0""","=""2""","=""Low""","=""false"""
"=""techcombank đăng nhập""","=""2400""","=""0.32""","=""3""","=""Low""","=""true"""
"=""techcombank dĩ an""","=""2400""","=""0.71""","=""3""","=""Low""","=""false"""
"=""techcombank nha trang""","=""2400""","=""0.85""","=""3""","=""Low""","=""true"""
"=""techcombank hải dương""","=""2400""","=""0.75""","=""3""","=""Low""","=""false"""
"=""techcombank cần thơ""","=""2400""","=""0.52""","=""3""","=""Low""","=""false"""
"=""techcombank phú mỹ hưng""","=""1900""","=""0""","=""4""","=""Low""","=""false"""
"=""techcombank trần não""","=""1900""","=""0""","=""3""","=""Low""","=""false"""
"=""techcombank an phú""","=""1900""","=""0""","=""3""","=""Low""","=""false"""
"=""techcombank cổ phiếu""","=""1900""","=""0.28""","=""3""","=""Low""","=""false"""
"=""techcombank hotline""","=""1900""","=""0""","=""2""","=""Low""","=""false"""
"=""techcombank hoàng quốc việt""","=""1900""","=""0""","=""4""","=""Low""","=""true"""
"=""techcombank hoàng đạo thuý""","=""1900""","=""0""","=""4""","=""Low""","=""false"""
"=""techcombank bắc ninh""","=""1900""","=""0.4""","=""3""","=""Low""","=""false"""
"=""techcombank long biên""","=""1900""","=""0""","=""3""","=""Low""","=""true"""
"=""techcombank nam định""","=""1900""","=""0""","=""3""","=""Low""","=""false"""
"=""techcombank quận 5""","=""1900""","=""0""","=""3""","=""Low""","=""true"""
"=""techcombank thủ đức""","=""1900""","=""0""","=""3""","=""Low""","=""false"""
"=""techcombank bắc giang""","=""1900""","=""0""","=""3""","=""Low""","=""false"""
"=""techcombank chợ lớn""","=""1600""","=""0""","=""3""","=""Low""","=""false"""
"=""techcombank an lạc""","=""1600""","=""0""","=""3""","=""Low""","=""false"""
"=""techcombank biên hòa""","=""1600""","=""0.72""","=""3""","=""Low""","=""false"""
"=""techcombank hưng yên""","=""1600""","=""0""","=""3""","=""Low""","=""true"""
"=""techcombank lê đức thọ""","=""1600""","=""0""","=""4""","=""Low""","=""false"""
"=""techcombank lê văn sỹ""","=""1600""","=""0""","=""4""","=""Low""","=""false"""
"=""techcombank nguyễn ảnh thủ""","=""1600""","=""0""","=""4""","=""Low""","=""true"""
"=""techcombank priority""","=""1600""","=""0""","=""2""","=""Low""","=""false"""
"=""techcombank vũng tàu""","=""1600""","=""0""","=""3""","=""Low""","=""false"""
"=""techcombank marathon 2025""","=""1600""","=""0""","=""3""","=""Low""","=""false"""
"=""techcombank lĩnh nam""","=""1300""","=""0""","=""3""","=""Low""","=""false"""
"=""techcombank the manor""","=""1300""","=""0""","=""3""","=""Low""","=""false"""
"=""techcombank thắng lợi""","=""1300""","=""0""","=""3""","=""Low""","=""false"""
"=""techcombank trường chinh""","=""1300""","=""0""","=""3""","=""Low""","=""false"""
"=""techcombank tô ký""","=""1300""","=""0""","=""3""","=""Low""","=""false"""
"=""techcombank võ văn ngân""","=""1300""","=""0""","=""4""","=""Low""","=""false"""
"=""techcombank tỷ giá""","=""1300""","=""0""","=""3""","=""Low""","=""false"""
"=""techcombank ba đình""","=""1300""","=""0""","=""3""","=""Low""","=""false"""
"=""techcombank hai bà trưng""","=""1300""","=""0""","=""4""","=""Low""","=""false"""
"=""techcombank huế""","=""1300""","=""0.51""","=""2""","=""Low""","=""false"""
"=""techcombank keangnam""","=""1300""","=""0""","=""2""","=""Low""","=""true"""
"=""techcombank nghệ an""","=""1300""","=""0""","=""3""","=""Low""","=""false"""
"=""techcombank ninh bình""","=""1300""","=""0.64""","=""3""","=""Low""","=""false"""
"=""techcombank phú nhuận""","=""1300""","=""0""","=""3""","=""Low""","=""false"""
"=""techcombank quận 1""","=""1300""","=""0""","=""3""","=""Low""","=""false"""
"=""techcombank securities""","=""1300""","=""0.09""","=""2""","=""Low""","=""false"""
"=""techcombank thanh hóa""","=""1300""","=""0""","=""3""","=""Low""","=""false"""
"=""techcombank thái nguyên""","=""1300""","=""0.64""","=""3""","=""Low""","=""true"""
"=""techcombank cầu giấy""","=""1300""","=""0""","=""3""","=""Low""","=""false"""
"=""techcombank từ liêm""","=""1300""","=""0""","=""3""","=""Low""","=""false"""
"=""techcombank an hưng""","=""1000""","=""0""","=""3""","=""Low""","=""false"""
"=""techcombank bà triệu""","=""1000""","=""0""","=""3""","=""Low""","=""false"""
"=""techcombank lạc long quân""","=""1000""","=""0""","=""4""","=""Low""","=""true"""
"=""techcombank xa la""","=""1000""","=""0""","=""3""","=""Low""","=""false"""
"=""techcombank tên đầy đủ""","=""1000""","=""0""","=""4""","=""Low""","=""true"""
"=""techcombank củ chi""","=""1000""","=""0""","=""3""","=""Low""","=""true"""
"=""techcombank hiệp bình phước""","=""1000""","=""0""","=""4""","=""Low""","=""true"""
"=""techcombank marathon""","=""1000""","=""0""","=""2""","=""Low""","=""false"""
"=""techcombank mỹ phước""","=""1000""","=""0""","=""3""","=""Low""","=""false"""
"=""techcombank nguyễn sơn""","=""1000""","=""0""","=""3""","=""Low""","=""true"""
"=""techcombank quận 7""","=""1000""","=""0""","=""3""","=""Low""","=""false"""
"=""techcombank trần thái tông""","=""1000""","=""0""","=""4""","=""Low""","=""false"""
"=""techcombank hà đông""","=""1000""","=""0""","=""3""","=""Low""","=""false"""
"=""techcombank ruby""","=""1000""","=""0""","=""2""","=""Low""","=""true"""
"=""techcombank bao tri""","=""880""","=""0""","=""3""","=""Low""","=""false"""
"=""techcombank bình tiên""","=""880""","=""0""","=""3""","=""Low""","=""false"""
"=""techcombank cao thắng""","=""880""","=""0""","=""3""","=""Low""","=""false"""
"=""techcombank giờ làm việc""","=""880""","=""0""","=""4""","=""Low""","=""false"""
"=""techcombank hoàng cầu""","=""880""","=""0""","=""3""","=""Low""","=""false"""
"=""techcombank phạm văn đồng""","=""880""","=""0""","=""4""","=""Low""","=""false"""
"=""techcombank đỗ xuân hợp""","=""880""","=""0""","=""4""","=""Low""","=""false"""
"=""techcombank an giang""","=""880""","=""0""","=""3""","=""Low""","=""false"""
"=""techcombank app""","=""880""","=""0.38""","=""2""","=""Low""","=""true"""
"=""techcombank everyday""","=""880""","=""0.57""","=""2""","=""Low""","=""false"""
"=""techcombank gò vấp""","=""880""","=""0""","=""3""","=""Low""","=""false"""
"=""techcombank bảo trì""","=""880""","=""0""","=""3""","=""Low""","=""false"""
"=""techcombank kiến an""","=""880""","=""0""","=""3""","=""Low""","=""false"""
"=""techcombank quy nhơn""","=""880""","=""1.13""","=""3""","=""Low""","=""true"""
"=""techcombank tiền giang""","=""880""","=""0""","=""3""","=""Low""","=""false"""
"=""techcombank visa signature""","=""880""","=""0.71""","=""3""","=""Low""","=""false"""
"=""techcombank vietnam""","=""880""","=""0.59""","=""2""","=""Low""","=""false"""
"=""techcombank việt trì""","=""880""","=""0""","=""3""","=""Low""","=""false"""
"=""techcombank grand marina""","=""880""","=""0""","=""3""","=""Low""","=""false"""
"=""techcombank ocean city""","=""880""","=""0""","=""3""","=""Low""","=""false"""
"=""techcombank lãi suất""","=""720""","=""0""","=""3""","=""Low""","=""false"""
"=""techcombank bình phú""","=""720""","=""0""","=""3""","=""Low""","=""false"""
"=""techcombank huỳnh tấn phát""","=""720""","=""0""","=""4""","=""Low""","=""true"""
"=""techcombank là ngân hàng nào""","=""720""","=""1.35""","=""5""","=""Low""","=""true"""
"=""techcombank phan văn trị""","=""720""","=""0""","=""4""","=""Low""","=""false"""
"=""techcombank trung sơn""","=""720""","=""0""","=""3""","=""Low""","=""true"""
"=""techcombank career""","=""720""","=""0.14""","=""2""","=""Low""","=""false"""
"=""techcombank khương mai""","=""720""","=""0""","=""3""","=""Low""","=""true"""
"=""techcombank long an""","=""720""","=""0""","=""3""","=""Low""","=""true"""
"=""techcombank long thành""","=""720""","=""0""","=""3""","=""Low""","=""false"""
"=""techcombank sunrise city""","=""720""","=""0""","=""3""","=""Low""","=""false"""
"=""techcombank tổng đài""","=""720""","=""0""","=""3""","=""Low""","=""false"""
"=""techcombank trương định""","=""720""","=""0""","=""3""","=""Low""","=""false"""
"=""techcombank dương nội""","=""720""","=""0""","=""3""","=""Low""","=""false"""
"=""techcombank vĩnh long""","=""720""","=""0""","=""3""","=""Low""","=""false"""
"=""techcombank s2 01""","=""720""","=""0""","=""3""","=""Low""","=""false"""
"=""techcombank ca nhan""","=""590""","=""0.45""","=""3""","=""Low""","=""true"""
"=""techcombank chi nhanh""","=""590""","=""0""","=""3""","=""Low""","=""false"""
"=""techcombank chùa láng""","=""590""","=""0""","=""3""","=""Low""","=""false"""
"=""techcombank cá nhân""","=""590""","=""0.45""","=""3""","=""Low""","=""true"""
"=""techcombank tô hiệu""","=""590""","=""0""","=""3""","=""Low""","=""false"""
"=""techcombank văn cao""","=""590""","=""0""","=""3""","=""Low""","=""false"""
"=""techcombank agoda""","=""590""","=""0.43""","=""2""","=""Low""","=""false"""
"=""techcombank rewards""","=""590""","=""0.7""","=""2""","=""Low""","=""false"""
"=""techcombank chi nhánh""","=""590""","=""0""","=""3""","=""Low""","=""false"""
"=""techcombank green bay""","=""590""","=""0""","=""3""","=""Low""","=""true"""
"=""techcombank hiệp phú""","=""590""","=""0""","=""3""","=""Low""","=""false"""
"=""techcombank hoàng mai""","=""590""","=""0""","=""3""","=""Low""","=""true"""
"=""techcombank kiên giang""","=""590""","=""0""","=""3""","=""Low""","=""false"""
"=""techcombank long khánh""","=""590""","=""0""","=""3""","=""Low""","=""false"""
"=""techcombank lê quang định""","=""590""","=""0""","=""4""","=""Low""","=""false"""
"=""techcombank ngọc khánh""","=""590""","=""0""","=""3""","=""Low""","=""false"""
"=""techcombank nhuệ giang""","=""590""","=""0""","=""3""","=""Low""","=""false"""
"=""techcombank phú quốc""","=""590""","=""0""","=""3""","=""Low""","=""false"""
"=""techcombank pleiku""","=""590""","=""0""","=""2""","=""Low""","=""false"""
"=""techcombank quận 12""","=""590""","=""0""","=""3""","=""Low""","=""false"""
"=""techcombank quảng ngãi""","=""590""","=""0.42""","=""3""","=""Low""","=""true"""
"=""techcombank sala""","=""590""","=""0""","=""2""","=""Low""","=""false"""
"=""techcombank suncity""","=""590""","=""0""","=""2""","=""Low""","=""false"""
"=""techcombank tam hiệp""","=""590""","=""0""","=""3""","=""Low""","=""false"""
"=""techcombank thảo điền""","=""590""","=""0""","=""3""","=""Low""","=""true"""
"=""techcombank vinh""","=""590""","=""0.53""","=""2""","=""Low""","=""false"""
"=""techcombank visa""","=""590""","=""0.53""","=""2""","=""Low""","=""false"""
"=""techcombank sóc trăng""","=""590""","=""0""","=""3""","=""Low""","=""false"""
"=""techcombank từ sơn""","=""590""","=""0""","=""3""","=""Low""","=""true"""
"=""techcombank lumiere""","=""590""","=""0""","=""2""","=""Low""","=""false"""
"=""techcombank thụy khuê""","=""480""","=""0""","=""3""","=""Low""","=""false"""
"=""techcombank trần điền""","=""480""","=""0""","=""3""","=""Low""","=""false"""
"=""techcombank đội cấn""","=""480""","=""0""","=""3""","=""Low""","=""false"""
"=""techcombank ấp bắc""","=""480""","=""0""","=""3""","=""Low""","=""false"""
"=""techcombank chi nhánh hà nội""","=""480""","=""0""","=""5""","=""Low""","=""false"""
"=""techcombank chứng khoán""","=""480""","=""0.16""","=""3""","=""Low""","=""false"""
"=""techcombank gamuda""","=""480""","=""0""","=""2""","=""Low""","=""false"""
"=""techcombank invest""","=""480""","=""0.09""","=""2""","=""Low""","=""false"""
"=""techcombank lê duẩn""","=""480""","=""0""","=""3""","=""Low""","=""false"""
"=""techcombank minh khai""","=""480""","=""0""","=""3""","=""Low""","=""true"""
"=""techcombank nam sài gòn""","=""480""","=""0""","=""4""","=""Low""","=""true"""
"=""techcombank phú thọ""","=""480""","=""0""","=""3""","=""Low""","=""false"""
"=""techcombank private""","=""480""","=""0""","=""2""","=""Low""","=""false"""
"=""techcombank quận 8""","=""480""","=""0""","=""3""","=""Low""","=""false"""
"=""techcombank quận 2""","=""480""","=""0""","=""3""","=""Low""","=""false"""
"=""techcombank spark""","=""480""","=""0.84""","=""2""","=""Low""","=""false"""
"=""techcombank thẻ tín dụng""","=""480""","=""0.6""","=""4""","=""Low""","=""false"""
"=""techcombank thái bình""","=""480""","=""0""","=""3""","=""Low""","=""true"""
"=""techcombank tphcm""","=""480""","=""0.54""","=""2""","=""Low""","=""false"""
"=""techcombank tên tiếng anh""","=""480""","=""0""","=""4""","=""Low""","=""false"""
"=""techcombank yên bái""","=""480""","=""0""","=""3""","=""Low""","=""true"""
"=""techcombank hà tĩnh""","=""480""","=""0""","=""3""","=""Low""","=""false"""
"=""techcombank có làm việc thứ 7 không""","=""480""","=""0""","=""7""","=""Low""","=""false"""
"=""techcombank dream city""","=""480""","=""0""","=""3""","=""Low""","=""false"""
"=""techcombank global city""","=""480""","=""0""","=""3""","=""Low""","=""false"""
"=""techcombank grand park""","=""480""","=""0""","=""3""","=""Low""","=""false"""
"=""techcombank diamond island""","=""480""","=""0""","=""3""","=""Low""","=""false"""
"=""techcombank sinh lời tự động""","=""480""","=""0.52""","=""5""","=""Low""","=""false"""
"=""techcombank 24 7""","=""390""","=""0""","=""3""","=""Low""","=""false"""
"=""techcombank lạc trung""","=""390""","=""0""","=""3""","=""Low""","=""false"""
"=""techcombank trần đăng ninh""","=""390""","=""0""","=""4""","=""Low""","=""true"""
"=""techcombank văn thánh""","=""390""","=""0""","=""3""","=""Low""","=""false"""
"=""techcombank đào tấn""","=""390""","=""0""","=""3""","=""Low""","=""false"""
"=""techcombank bmt""","=""390""","=""0""","=""2""","=""Low""","=""false"""
"=""techcombank chia cổ tức""","=""390""","=""0""","=""4""","=""Low""","=""false"""
"=""techcombank com""","=""390""","=""0.36""","=""2""","=""Low""","=""false"""
"=""techcombank đức hòa""","=""390""","=""0""","=""3""","=""Low""","=""true"""
"=""techcombank inspire""","=""390""","=""0""","=""2""","=""Low""","=""false"""
"=""techcombank là gì""","=""390""","=""0""","=""3""","=""Low""","=""false"""
"=""techcombank ninh hiệp""","=""390""","=""0""","=""3""","=""Low""","=""true"""
"=""techcombank quận 4""","=""390""","=""0""","=""3""","=""Low""","=""false"""
"=""techcombank signature""","=""390""","=""0""","=""2""","=""Low""","=""true"""
"=""techcombank swift""","=""390""","=""0""","=""2""","=""Low""","=""false"""
"=""techcombank smart city""","=""390""","=""0""","=""3""","=""Low""","=""false"""
"=""techcombank có mất phí hàng tháng không""","=""390""","=""2.6""","=""7""","=""Low""","=""false"""
"=""techcombank marathon 2026""","=""390""","=""0.22""","=""3""","=""Low""","=""false"""
"=""techcombank business app""","=""320""","=""250.45""","=""3""","=""Low""","=""false"""
"=""techcombank bảo trì hôm nay""","=""320""","=""0""","=""5""","=""Low""","=""false"""
"=""techcombank hotline 24 7""","=""320""","=""0""","=""4""","=""Low""","=""false"""
"=""techcombank web""","=""320""","=""0.52""","=""2""","=""Low""","=""true"""
"=""techcombank apk""","=""320""","=""0.62""","=""2""","=""Low""","=""true"""
"=""techcombank bến tre""","=""320""","=""0.82""","=""3""","=""Low""","=""false"""
"=""techcombank bank code""","=""320""","=""0""","=""3""","=""Low""","=""false"""
"=""techcombank future gen""","=""320""","=""0""","=""3""","=""Low""","=""true"""
"=""techcombank gia lai""","=""320""","=""0""","=""3""","=""Low""","=""false"""
"=""techcombank inspire là gì""","=""320""","=""0""","=""4""","=""Low""","=""false"""
"=""techcombank mỹ tho""","=""320""","=""0""","=""3""","=""Low""","=""false"""
"=""techcombank priority visa signature""","=""320""","=""0""","=""4""","=""Low""","=""true"""
"=""techcombank tiếng anh""","=""320""","=""0""","=""3""","=""Low""","=""false"""
"=""techcombank lào cai""","=""320""","=""0""","=""3""","=""Low""","=""false"""
"=""techcombank cdm near me""","=""320""","=""0""","=""4""","=""Low""","=""false"""
"=""techcombank future gen 2026""","=""320""","=""0""","=""4""","=""Low""","=""false"""
"=""techcombank green park""","=""320""","=""0""","=""3""","=""Low""","=""false"""
"=""techcombank park city""","=""320""","=""0""","=""3""","=""Low""","=""false"""
"=""techcombank visa eco""","=""320""","=""0.46""","=""3""","=""Low""","=""false"""
"=""techcombank online doanh nghiệp""","=""260""","=""1.47""","=""4""","=""Low""","=""false"""
"=""techcombank chăm sóc khách hàng""","=""260""","=""0""","=""5""","=""Low""","=""false"""
"=""techcombank phan đăng lưu""","=""260""","=""0""","=""4""","=""Low""","=""false"""
"=""techcombank an khánh""","=""260""","=""0""","=""3""","=""Low""","=""true"""
"=""techcombank app mới""","=""260""","=""0.3""","=""3""","=""Low""","=""true"""
"=""techcombank business banking""","=""260""","=""0.92""","=""3""","=""Low""","=""false"""
"=""techcombank cskh""","=""260""","=""0""","=""2""","=""Low""","=""false"""
"=""techcombank của ai""","=""260""","=""0""","=""3""","=""Low""","=""false"""
"=""techcombank đăng nhập doanh nghiệp""","=""260""","=""250.57""","=""5""","=""Low""","=""true"""
"=""techcombank doanh nghiệp đăng nhập""","=""260""","=""250.55""","=""5""","=""Low""","=""true"""
"=""techcombank gia định""","=""260""","=""0""","=""3""","=""Low""","=""false"""
"=""techcombank kim liên""","=""260""","=""0""","=""3""","=""Low""","=""true"""
"=""techcombank lê trọng tấn""","=""260""","=""0""","=""4""","=""Low""","=""false"""
"=""techcombank mobile app""","=""260""","=""0.25""","=""3""","=""Low""","=""true"""
"=""techcombank nguyễn oanh""","=""260""","=""0""","=""3""","=""Low""","=""false"""
"=""techcombank phú yên""","=""260""","=""0""","=""3""","=""Low""","=""false"""
"=""techcombank trà vinh""","=""260""","=""0""","=""3""","=""Low""","=""false"""
"=""techcombank tuyên quang""","=""260""","=""0""","=""3""","=""Low""","=""false"""
"=""techcombank có làm thứ 7 không""","=""260""","=""0""","=""6""","=""Low""","=""true"""
"=""techcombank uông bí""","=""260""","=""0""","=""3""","=""Low""","=""false"""
"=""techcombank 119 trần duy hưng""","=""260""","=""0""","=""5""","=""Low""","=""false"""
"=""techcombank cityland""","=""260""","=""0""","=""2""","=""Low""","=""false"""
"=""techcombank private lounge""","=""260""","=""0""","=""3""","=""Low""","=""false"""
"=""techcombank starbucks""","=""260""","=""0""","=""2""","=""Low""","=""false"""
"=""techcombank cộng hòa""","=""210""","=""0""","=""3""","=""Low""","=""false"""
"=""techcombank lý thường kiệt""","=""210""","=""0""","=""4""","=""Low""","=""false"""
"=""techcombank thẻ""","=""210""","=""0.39""","=""2""","=""Low""","=""false"""
"=""techcombank business web""","=""210""","=""0.78""","=""3""","=""Low""","=""true"""
"=""techcombank credit card""","=""210""","=""0.53""","=""3""","=""Low""","=""false"""
"=""techcombank job""","=""210""","=""0.09""","=""2""","=""Low""","=""false"""
"=""techcombank jobs""","=""210""","=""0.09""","=""2""","=""Low""","=""false"""
"=""techcombank life""","=""210""","=""0""","=""2""","=""Low""","=""true"""
"=""techcombank lê văn thọ""","=""210""","=""0""","=""4""","=""Low""","=""true"""
"=""techcombank mastercard""","=""210""","=""0.52""","=""2""","=""Low""","=""false"""
"=""techcombank mobile banking""","=""210""","=""0.29""","=""3""","=""Low""","=""true"""
"=""techcombank nhà bè""","=""210""","=""0""","=""3""","=""Low""","=""false"""
"=""techcombank ninh thuận""","=""210""","=""0""","=""3""","=""Low""","=""false"""
"=""techcombank priority điều kiện""","=""210""","=""0""","=""4""","=""Low""","=""false"""
"=""techcombank rạch giá""","=""210""","=""0""","=""3""","=""Low""","=""false"""
"=""techcombank rút tiền không cần thẻ""","=""210""","=""0""","=""6""","=""Low""","=""false"""
"=""techcombank times city""","=""210""","=""0""","=""3""","=""Low""","=""true"""
"=""techcombank tuyển dụng hà nội""","=""210""","=""0.07""","=""5""","=""Low""","=""true"""
"=""techcombank viết tắt""","=""210""","=""0""","=""3""","=""Low""","=""false"""
"=""techcombank làm việc mấy giờ""","=""210""","=""0""","=""5""","=""Low""","=""false"""
"=""techcombank làm việc đến mấy giờ""","=""210""","=""0""","=""6""","=""Low""","=""false"""
"=""techcombank eco""","=""210""","=""0""","=""2""","=""Low""","=""false"""
"=""techcombank oneu""","=""210""","=""0.63""","=""2""","=""Low""","=""true"""
"=""techcombank starcity""","=""210""","=""0""","=""2""","=""Low""","=""false"""
"=""techcombank số điện thoại""","=""170""","=""0""","=""4""","=""Low""","=""false"""
"=""techcombank business doanh nghiệp""","=""170""","=""0.52""","=""4""","=""Low""","=""false"""
"=""techcombank xã đàn""","=""170""","=""0""","=""3""","=""Low""","=""false"""
"=""techcombank business online""","=""170""","=""1.28""","=""3""","=""Low""","=""false"""
"=""techcombank chi nhánh hà thành""","=""170""","=""0""","=""5""","=""Low""","=""false"""
"=""techcombank chi nhánh đông đô""","=""170""","=""0""","=""5""","=""Low""","=""false"""
"=""techcombank chi nhánh sài gòn""","=""170""","=""0""","=""5""","=""Low""","=""false"""
"=""techcombank full name""","=""170""","=""0""","=""3""","=""Low""","=""false"""
"=""techcombank hoàn kiếm""","=""170""","=""0""","=""3""","=""Low""","=""false"""
"=""techcombank login""","=""170""","=""0""","=""2""","=""Low""","=""false"""
"=""techcombank logo png""","=""170""","=""0""","=""3""","=""Low""","=""false"""
"=""techcombank lê văn quới""","=""170""","=""0""","=""4""","=""Low""","=""false"""
"=""techcombank mst""","=""170""","=""0""","=""2""","=""Low""","=""true"""
"=""techcombank run""","=""170""","=""0""","=""2""","=""Low""","=""false"""
"=""techcombank thường tín""","=""170""","=""0""","=""3""","=""Low""","=""false"""
"=""techcombank tower""","=""170""","=""0""","=""2""","=""Low""","=""false"""
"=""techcombank võ văn tần""","=""170""","=""0""","=""4""","=""Low""","=""false"""
"=""techcombank có thu phí thường niên không""","=""170""","=""0""","=""7""","=""Low""","=""false"""
"=""techcombank everyday hoàn tiền""","=""170""","=""0""","=""4""","=""Low""","=""false"""
"=""techcombank insurance""","=""170""","=""0""","=""2""","=""Low""","=""true"""
"=""techcombank private visa infinite""","=""170""","=""0""","=""4""","=""Low""","=""false"""
"=""techcombank bao nhiêu tuổi mở được""","=""170""","=""0""","=""6""","=""Low""","=""false"""
"=""techcombank sư vạn hạnh""","=""140""","=""0""","=""4""","=""Low""","=""false"""
"=""techcombank thái hà""","=""140""","=""0""","=""3""","=""Low""","=""false"""
"=""techcombank thời gian làm việc""","=""140""","=""0""","=""5""","=""Low""","=""false"""
"=""techcombank bến lức""","=""140""","=""0""","=""3""","=""Low""","=""false"""
"=""techcombank cao lãnh""","=""140""","=""0""","=""3""","=""Low""","=""false"""
"=""techcombank cam ranh""","=""140""","=""0""","=""3""","=""Low""","=""false"""
"=""techcombank com vn đăng nhập""","=""140""","=""0""","=""5""","=""Low""","=""false"""
"=""techcombank ciputra""","=""140""","=""0""","=""2""","=""Low""","=""true"""
"=""techcombank ecopark""","=""140""","=""0""","=""2""","=""Low""","=""false"""
"=""techcombank english name""","=""140""","=""0""","=""3""","=""Low""","=""false"""
"=""techcombank exchange rate""","=""140""","=""0""","=""3""","=""Low""","=""false"""
"=""techcombank internet banking doanh nghiệp""","=""140""","=""250.52""","=""5""","=""Low""","=""false"""
"=""techcombank marathon hanoi""","=""140""","=""0""","=""3""","=""Low""","=""false"""
"=""techcombank my dinh""","=""140""","=""0""","=""3""","=""Low""","=""false"""
"=""techcombank nguyễn văn cừ""","=""140""","=""0""","=""4""","=""Low""","=""false"""
"=""techcombank nguyễn thị thập""","=""140""","=""0""","=""4""","=""Low""","=""false"""
"=""techcombank royal city""","=""140""","=""0""","=""3""","=""Low""","=""false"""
"=""techcombank thành lập năm nào""","=""140""","=""0""","=""5""","=""Low""","=""false"""
"=""techcombank trần hưng đạo""","=""140""","=""0""","=""4""","=""Low""","=""false"""
"=""techcombank tuyển dụng thực tập sinh""","=""140""","=""0.09""","=""6""","=""Low""","=""true"""
"=""techcombank tuyển dụng tphcm""","=""140""","=""0.1""","=""4""","=""Low""","=""false"""
"=""techcombank vay tiêu dùng""","=""140""","=""1""","=""4""","=""Medium""","=""false"""
"=""techcombank mở cửa mấy giờ""","=""140""","=""0""","=""5""","=""Low""","=""false"""
"=""techcombank lãi suất gửi tiết kiệm""","=""140""","=""0""","=""6""","=""Low""","=""true"""
"=""techcombank biz""","=""140""","=""4.25""","=""2""","=""Low""","=""false"""
"=""techcombank celadon city""","=""140""","=""0""","=""3""","=""Low""","=""true"""
"=""techcombank hapulico""","=""140""","=""0""","=""2""","=""Low""","=""true"""
"=""techcombank iphone 17""","=""140""","=""0""","=""3""","=""Low""","=""false"""
"=""techcombank run 2025""","=""140""","=""0""","=""3""","=""Low""","=""false"""
"=""techcombank tuyển dụng back office""","=""140""","=""0.05""","=""5""","=""Low""","=""false"""
"=""techcombank tên là gì""","=""140""","=""0""","=""4""","=""Low""","=""false"""
"=""techcombank amc""","=""110""","=""0""","=""2""","=""Low""","=""false"""
"=""techcombank hỗ trợ""","=""110""","=""0""","=""3""","=""Low""","=""false"""
"=""techcombank phạm hùng""","=""110""","=""0""","=""3""","=""Low""","=""false"""
"=""techcombank trần quang khải""","=""110""","=""0""","=""4""","=""Low""","=""false"""
"=""techcombank xô viết nghệ tĩnh""","=""110""","=""0""","=""5""","=""Low""","=""false"""
"=""techcombank an dương vương""","=""110""","=""0""","=""4""","=""Low""","=""false"""
"=""techcombank apple pay""","=""110""","=""0""","=""3""","=""Low""","=""false"""
"=""techcombank business là gì""","=""110""","=""0.88""","=""4""","=""Low""","=""false"""
"=""techcombank enjoy everyday""","=""110""","=""0""","=""3""","=""Low""","=""false"""
"=""techcombank giờ mở cửa""","=""110""","=""0""","=""4""","=""Low""","=""false"""
"=""techcombank ipo""","=""110""","=""0""","=""2""","=""Low""","=""false"""
"=""techcombank kim giang""","=""110""","=""0""","=""3""","=""Low""","=""true"""
"=""techcombank kon tum""","=""110""","=""0""","=""3""","=""Low""","=""false"""
"=""techcombank long xuyên""","=""110""","=""0""","=""3""","=""Low""","=""true"""
"=""techcombank luỹ bán bích""","=""110""","=""0""","=""4""","=""Low""","=""false"""
"=""techcombank lê văn việt""","=""110""","=""0""","=""4""","=""Low""","=""false"""
"=""techcombank name""","=""110""","=""0""","=""2""","=""Low""","=""false"""
"=""techcombank platinum""","=""110""","=""0""","=""2""","=""Low""","=""false"""
"=""techcombank qr pay""","=""110""","=""0""","=""3""","=""Low""","=""false"""
"=""techcombank stock""","=""110""","=""0""","=""2""","=""Low""","=""false"""
"=""techcombank tam trinh""","=""110""","=""0""","=""3""","=""Low""","=""false"""
"=""techcombank tên gì""","=""110""","=""0""","=""3""","=""Low""","=""true"""
"=""techcombank vay""","=""110""","=""0.55""","=""2""","=""Medium""","=""false"""
"=""techcombank wiki""","=""110""","=""0""","=""2""","=""Low""","=""false"""
"=""techcombank mấy giờ đóng cửa""","=""110""","=""0""","=""5""","=""Low""","=""true"""
"=""techcombank làm việc từ mấy giờ""","=""110""","=""0""","=""6""","=""Low""","=""false"""
"=""techcombank làm việc thứ 7 không""","=""110""","=""0""","=""6""","=""Low""","=""false"""
"=""techcombank atm cdm""","=""110""","=""0""","=""3""","=""Low""","=""false"""
"=""techcombank central park""","=""110""","=""0""","=""3""","=""Low""","=""false"""
"=""techcombank future gen 2025""","=""110""","=""0""","=""4""","=""Low""","=""false"""
"=""techcombank không thông báo biến động số dư""","=""110""","=""0""","=""8""","=""Low""","=""false"""
"=""techcombank ocean park 1""","=""110""","=""0""","=""4""","=""Low""","=""true"""
"=""techcombank thanh oai""","=""110""","=""0""","=""3""","=""Low""","=""false"""
"=""techcombank tuyển dụng hội sở""","=""110""","=""0.05""","=""5""","=""Low""","=""true"""
"=""techcombank 3 2""","=""90""","=""0""","=""3""","=""Low""","=""false"""
"=""techcombank api""","=""90""","=""0""","=""2""","=""Low""","=""false"""
"=""techcombank doanh nghiệp online""","=""90""","=""250.52""","=""4""","=""Low""","=""false"""
"=""techcombank liên hệ""","=""90""","=""0""","=""3""","=""Low""","=""false"""
"=""techcombank ngân hàng kỹ thương""","=""90""","=""0""","=""5""","=""Low""","=""true"""
"=""techcombank ocean park""","=""90""","=""0""","=""3""","=""Low""","=""false"""
"=""techcombank tcb""","=""90""","=""0.23""","=""2""","=""Low""","=""false"""
"=""techcombank địa chỉ""","=""90""","=""0""","=""3""","=""Low""","=""false"""
"=""techcombank ưu đãi""","=""90""","=""0""","=""3""","=""Low""","=""false"""
"=""techcombank hanoi""","=""90""","=""0""","=""2""","=""Low""","=""false"""
"=""techcombank hcm""","=""90""","=""0""","=""2""","=""Low""","=""false"""
"=""techcombank infinite""","=""90""","=""0""","=""2""","=""Low""","=""true"""
"=""techcombank lê đại hành""","=""90""","=""0""","=""4""","=""Low""","=""false"""
"=""techcombank mobile apk""","=""90""","=""0""","=""3""","=""Low""","=""true"""
"=""techcombank minh phụng""","=""90""","=""0""","=""3""","=""Low""","=""false"""
"=""techcombank smart otp""","=""90""","=""0""","=""3""","=""Low""","=""false"""
"=""techcombank phí thường niên""","=""90""","=""0""","=""4""","=""Low""","=""false"""
"=""techcombank sdt""","=""90""","=""0""","=""2""","=""Low""","=""false"""
"=""techcombank saigon tower""","=""90""","=""0""","=""3""","=""Low""","=""false"""
"=""techcombank securities tuyển dụng""","=""90""","=""0""","=""4""","=""Low""","=""false"""
"=""techcombank tam kỳ""","=""90""","=""0""","=""3""","=""Low""","=""true"""
"=""techcombank tcbs""","=""90""","=""0.23""","=""2""","=""Low""","=""false"""
"=""techcombank vay mua nhà""","=""90""","=""0.92""","=""4""","=""Low""","=""false"""
"=""techcombank visa everyday""","=""90""","=""0.46""","=""3""","=""Low""","=""true"""
"=""techcombank yên mỹ""","=""90""","=""0""","=""3""","=""Low""","=""false"""
"=""techcombank gần""","=""90""","=""0""","=""2""","=""Low""","=""false"""
"=""techcombank apk mod vô hạn tiền""","=""90""","=""0""","=""6""","=""Low""","=""true"""
"=""techcombank doanh nghiệp hotline""","=""90""","=""0""","=""4""","=""Low""","=""false"""
"=""techcombank eco credit""","=""90""","=""0""","=""3""","=""Low""","=""false"""
"=""techcombank future gen 2027""","=""90""","=""0""","=""4""","=""Low""","=""true"""
"=""techcombank lounge""","=""90""","=""0""","=""2""","=""Low""","=""false"""
"=""techcombank lumiere quận 2""","=""90""","=""0""","=""4""","=""Low""","=""true"""
"=""techcombank rewards là gì""","=""90""","=""0""","=""4""","=""Low""","=""false"""
"=""techcombank signature priority""","=""90""","=""0""","=""3""","=""Low""","=""false"""
"=""techcombank starbucks 2026""","=""90""","=""0""","=""3""","=""Low""","=""false"""
"=""techcombank visa platinum là thẻ gì""","=""90""","=""0""","=""6""","=""Low""","=""true"""
"=""techcombank gần tôi nhất""","=""90""","=""0""","=""4""","=""Low""","=""false"""
"=""techcombank bảo trì đến máy giờ""","=""70""","=""0""","=""6""","=""Low""","=""false"""
"=""techcombank cao bằng""","=""70""","=""0""","=""3""","=""Low""","=""false"""
"=""techcombank online cá nhân""","=""70""","=""0.81""","=""4""","=""Low""","=""false"""
"=""techcombank thuộc tập đoàn nào""","=""70""","=""0""","=""5""","=""Low""","=""false"""
"=""techcombank voz""","=""70""","=""0""","=""2""","=""Low""","=""false"""
"=""techcombank vành đai trong""","=""70""","=""0""","=""4""","=""Low""","=""false"""
"=""techcombank atm gần nhất""","=""70""","=""0""","=""4""","=""Low""","=""false"""
"=""techcombank biểu phí""","=""70""","=""0""","=""3""","=""Low""","=""true"""
"=""techcombank buôn ma thuột""","=""70""","=""0""","=""4""","=""Low""","=""false"""
"=""techcombank cai lậy""","=""70""","=""0""","=""3""","=""Low""","=""false"""
"=""techcombank cashback""","=""70""","=""0""","=""2""","=""Low""","=""false"""
"=""techcombank crm""","=""70""","=""0""","=""2""","=""Low""","=""false"""
"=""techcombank daklak""","=""70""","=""0""","=""2""","=""Low""","=""false"""
"=""techcombank debit""","=""70""","=""0""","=""2""","=""Low""","=""false"""
"=""techcombank debit card""","=""70""","=""0""","=""3""","=""Low""","=""false"""
"=""techcombank giải chạy""","=""70""","=""0""","=""3""","=""Low""","=""false"""
"=""techcombank hòa bình""","=""70""","=""0""","=""3""","=""Low""","=""false"""
"=""techcombank icon""","=""70""","=""0""","=""2""","=""Low""","=""false"""
"=""techcombank không vào được""","=""70""","=""0""","=""4""","=""Low""","=""false"""
"=""techcombank không đăng nhập được""","=""70""","=""0""","=""5""","=""Low""","=""false"""
"=""techcombank ko vào được""","=""70""","=""0""","=""4""","=""Low""","=""false"""
"=""techcombank lagi""","=""70""","=""0""","=""2""","=""Low""","=""false"""
"=""techcombank mobile là gì""","=""70""","=""0.94""","=""4""","=""Low""","=""false"""
"=""techcombank nhổn""","=""70""","=""0""","=""2""","=""Low""","=""false"""
"=""techcombank png""","=""70""","=""0""","=""2""","=""Low""","=""false"""
"=""techcombank sadec""","=""70""","=""0""","=""2""","=""Low""","=""false"""
"=""techcombank sao kê online""","=""70""","=""0""","=""4""","=""Low""","=""true"""
"=""techcombank signature visa""","=""70""","=""0""","=""3""","=""Low""","=""false"""
"=""techcombank shopee""","=""70""","=""0""","=""2""","=""Low""","=""false"""
"=""techcombank swift code hanoi""","=""70""","=""0""","=""4""","=""Low""","=""false"""
"=""techcombank tuyển dụng giao dịch viên""","=""70""","=""0.08""","=""6""","=""Low""","=""false"""
"=""techcombank tỷ giá usd""","=""70""","=""0""","=""4""","=""Low""","=""false"""
"=""techcombank gửi tiết kiệm""","=""70""","=""0""","=""4""","=""Low""","=""true"""
"=""techcombank số tổng đài""","=""70""","=""0""","=""4""","=""Low""","=""false"""
"=""techcombank yên phong""","=""70""","=""0""","=""3""","=""Low""","=""false"""
"=""techcombank 330 bà triệu""","=""70""","=""0""","=""4""","=""Low""","=""false"""
"=""techcombank 23 lê duẩn""","=""70""","=""0""","=""4""","=""Low""","=""true"""
"=""techcombank 6 quang trung""","=""70""","=""0""","=""4""","=""Low""","=""false"""
"=""techcombank có làm việc sáng thứ 7 không""","=""70""","=""0""","=""8""","=""Low""","=""false"""
"=""techcombank có uy tín không""","=""70""","=""0""","=""5""","=""Low""","=""false"""
"=""techcombank có nghỉ trưa không""","=""70""","=""0""","=""5""","=""Low""","=""true"""
"=""techcombank làm việc thứ 7 đến mấy giờ""","=""70""","=""0""","=""8""","=""Low""","=""false"""
"=""techcombank anh trai vượt ngàn chông gai""","=""70""","=""0""","=""7""","=""Low""","=""true"""
"=""techcombank chia cổ tức 2026""","=""70""","=""0""","=""5""","=""Low""","=""false"""
"=""techcombank hanoi international marathon""","=""70""","=""0""","=""4""","=""Low""","=""false"""
"=""techcombank life tuyển dụng""","=""70""","=""0""","=""4""","=""Low""","=""false"""
"=""techcombank lumiere riverside""","=""70""","=""0""","=""3""","=""Low""","=""false"""
"=""techcombank open""","=""70""","=""0""","=""2""","=""Low""","=""false"""
"=""techcombank phước long""","=""70""","=""0""","=""3""","=""Low""","=""true"""
"=""techcombank poster""","=""70""","=""0""","=""2""","=""Low""","=""true"""
"=""techcombank trip""","=""70""","=""0.43""","=""2""","=""Low""","=""false"""
"=""techcombank 2025""","=""70""","=""0""","=""2""","=""Low""","=""false"""
"=""techcombank đăng ký online""","=""50""","=""0.85""","=""4""","=""Low""","=""false"""
"=""techcombank bank""","=""50""","=""0""","=""2""","=""Low""","=""false"""
"=""techcombank chi nhánh hà tây""","=""50""","=""0""","=""5""","=""Low""","=""false"""
"=""techcombank english""","=""50""","=""0""","=""2""","=""Low""","=""false"""
"=""techcombank hỗ trợ khách hàng""","=""50""","=""0""","=""5""","=""Low""","=""false"""
"=""techcombank napas""","=""50""","=""0""","=""2""","=""Low""","=""false"""
"=""techcombank tin tức""","=""50""","=""0""","=""3""","=""Low""","=""false"""
"=""techcombank vinhomes""","=""50""","=""0""","=""2""","=""Low""","=""false"""
"=""techcombank amc tuyển dụng""","=""50""","=""0""","=""4""","=""Low""","=""false"""
"=""techcombank atm nộp tiền""","=""50""","=""0""","=""4""","=""Low""","=""true"""
"=""techcombank bao nhiêu tuổi""","=""50""","=""0""","=""4""","=""Low""","=""true"""
"=""techcombank ceo""","=""50""","=""0""","=""2""","=""Low""","=""true"""
"=""techcombank credit""","=""50""","=""0""","=""2""","=""Low""","=""false"""
"=""techcombank download""","=""50""","=""0.44""","=""2""","=""Low""","=""true"""
"=""techcombank facebook""","=""50""","=""0""","=""2""","=""Low""","=""true"""
"=""techcombank fast mobile""","=""50""","=""0""","=""3""","=""Low""","=""true"""
"=""techcombank ibank""","=""50""","=""0""","=""2""","=""Low""","=""true"""
"=""techcombank ipo tcbs""","=""50""","=""0""","=""3""","=""Low""","=""false"""
"=""techcombank jcb""","=""50""","=""0""","=""2""","=""Low""","=""false"""
"=""techcombank kỹ thương việt nam""","=""50""","=""0""","=""5""","=""Low""","=""false"""
"=""techcombank liên phường""","=""50""","=""0""","=""3""","=""Low""","=""false"""
"=""techcombank metropolis""","=""50""","=""0""","=""2""","=""Low""","=""false"""
"=""techcombank mycash""","=""50""","=""0""","=""2""","=""Low""","=""false"""
"=""techcombank nam kỳ khởi nghĩa""","=""50""","=""0""","=""5""","=""Low""","=""false"""
"=""techcombank nguyễn oanh gò vấp""","=""50""","=""0""","=""5""","=""Low""","=""true"""
"=""techcombank quốc oai""","=""50""","=""0""","=""3""","=""Low""","=""false"""
"=""techcombank otp""","=""50""","=""0""","=""2""","=""Low""","=""true"""
"=""techcombank priority signature""","=""50""","=""0""","=""3""","=""Low""","=""false"""
"=""techcombank sao kê""","=""50""","=""0""","=""3""","=""Low""","=""false"""
"=""techcombank share price""","=""50""","=""0""","=""3""","=""Low""","=""false"""
"=""techcombank slogan""","=""50""","=""0""","=""2""","=""Low""","=""false"""
"=""techcombank swift bic""","=""50""","=""0""","=""3""","=""Low""","=""false"""
"=""techcombank tuy hòa""","=""50""","=""0""","=""3""","=""Low""","=""true"""
"=""techcombank apk bản cũ""","=""50""","=""0""","=""4""","=""Low""","=""true"""
"=""techcombank business hotline""","=""50""","=""0""","=""3""","=""Low""","=""false"""
"=""techcombank cgv""","=""50""","=""0""","=""2""","=""Low""","=""true"""
"=""techcombank epos""","=""50""","=""0""","=""2""","=""Low""","=""true"""
"=""techcombank haidilao""","=""50""","=""0""","=""2""","=""Low""","=""false"""
"=""techcombank intern""","=""50""","=""0""","=""2""","=""Low""","=""true"""
"=""techcombank lounge nội bài""","=""50""","=""0""","=""4""","=""Low""","=""true"""
"=""techcombank marathon hà nội 2026""","=""50""","=""0""","=""5""","=""Low""","=""true"""
"=""techcombank management trainee""","=""50""","=""0""","=""3""","=""Low""","=""false"""
"=""techcombank mod vô hạn tiền""","=""50""","=""0""","=""5""","=""Low""","=""false"""
"=""techcombank ocean park 2""","=""50""","=""0""","=""4""","=""Low""","=""true"""
"=""techcombank spark hoàn tiền""","=""50""","=""0""","=""4""","=""Low""","=""true"""
"=""techcombank u point""","=""50""","=""0""","=""3""","=""Low""","=""true"""
"=""techcombank 119 trần duy hưng cầu giấy hà nội""","=""50""","=""0""","=""9""","=""Low""","=""false"""
"=""techcombank của tập đoàn nào""","=""50""","=""0""","=""5""","=""Low""","=""false"""
"=""techcombank có phí duy trì tài khoản không""","=""50""","=""0""","=""8""","=""Low""","=""true"""
"=""techcombank có mất phí gì không""","=""50""","=""0""","=""6""","=""Low""","=""true"""
"=""techcombank cafef""","=""40""","=""0""","=""2""","=""Low""","=""false"""
"=""techcombank chi nhánh linh đàm""","=""40""","=""0""","=""5""","=""Low""","=""false"""
"=""techcombank cmt8""","=""40""","=""0""","=""2""","=""Low""","=""true"""
"=""techcombank giới thiệu""","=""40""","=""0""","=""3""","=""Low""","=""false"""
"=""techcombank hỗ trợ online""","=""40""","=""0""","=""4""","=""Low""","=""false"""
"=""techcombank kỹ thương""","=""40""","=""0""","=""3""","=""Low""","=""true"""
"=""techcombank làm việc thứ 7""","=""40""","=""0""","=""5""","=""Low""","=""false"""
"=""techcombank masan""","=""40""","=""0""","=""2""","=""Low""","=""false"""
"=""techcombank vinhomes central park""","=""40""","=""0""","=""4""","=""Low""","=""false"""
"=""techcombank đang bảo trì""","=""40""","=""0""","=""4""","=""Low""","=""false"""
"=""techcombank address""","=""40""","=""0""","=""2""","=""Low""","=""true"""
"=""techcombank annual report""","=""40""","=""0""","=""3""","=""Low""","=""false"""
"=""techcombank bic""","=""40""","=""0""","=""2""","=""Low""","=""true"""
"=""techcombank capital""","=""40""","=""0""","=""2""","=""Low""","=""false"""
"=""techcombank code""","=""40""","=""0""","=""2""","=""Low""","=""false"""
"=""techcombank ck""","=""40""","=""0""","=""2""","=""Low""","=""false"""
"=""techcombank future gen review""","=""40""","=""0""","=""4""","=""Low""","=""false"""
"=""techcombank hcmc marathon""","=""40""","=""0""","=""3""","=""Low""","=""false"""
"=""techcombank ipay""","=""40""","=""0""","=""2""","=""Low""","=""false"""
"=""techcombank livebank""","=""40""","=""0""","=""2""","=""Low""","=""false"""
"=""techcombank nhơn trạch""","=""40""","=""0""","=""3""","=""Low""","=""false"""
"=""techcombank no trang long""","=""40""","=""0""","=""4""","=""Low""","=""false"""
"=""techcombank signature ưu đãi""","=""40""","=""0""","=""4""","=""Low""","=""false"""
"=""techcombank tiết kiệm""","=""40""","=""0""","=""3""","=""Low""","=""false"""
"=""techcombank tiền hải""","=""40""","=""0""","=""3""","=""Low""","=""false"""
"=""techcombank ti gia""","=""40""","=""0""","=""3""","=""Low""","=""false"""
"=""techcombank 119 trần duy hưng thuộc chi nhánh nào""","=""40""","=""0""","=""9""","=""Low""","=""false"""
"=""techcombank 1 ngày rút được bao nhiêu tiền""","=""40""","=""0""","=""8""","=""Low""","=""false"""
"=""techcombank bắc từ liêm""","=""40""","=""0""","=""4""","=""Low""","=""false"""
"=""techcombank ai""","=""40""","=""0""","=""2""","=""Low""","=""false"""
"=""techcombank bao nhiêu tuổi làm được""","=""40""","=""0""","=""6""","=""Low""","=""false"""
"=""techcombank eco visa""","=""40""","=""0""","=""3""","=""Low""","=""false"""
"=""techcombank english full name""","=""40""","=""0""","=""4""","=""Low""","=""false"""
"=""techcombank family""","=""40""","=""0""","=""2""","=""Low""","=""false"""
"=""techcombank full name english""","=""40""","=""0""","=""4""","=""Low""","=""false"""
"=""techcombank hcmc international marathon 2025""","=""40""","=""0""","=""5""","=""Low""","=""false"""
"=""techcombank hcmc marathon 2025""","=""40""","=""0""","=""4""","=""Low""","=""false"""
"=""techcombank life insurance""","=""40""","=""0""","=""3""","=""Low""","=""false"""
"=""techcombank merchant portal""","=""40""","=""0""","=""3""","=""Low""","=""true"""
"=""techcombank merchant""","=""40""","=""0""","=""2""","=""Low""","=""true"""
"=""techcombank next gen""","=""40""","=""0""","=""3""","=""Low""","=""false"""
"=""techcombank ninh hòa""","=""40""","=""0""","=""3""","=""Low""","=""false"""
"=""techcombank priority visa signature debit""","=""40""","=""0""","=""5""","=""Low""","=""false"""
"=""techcombank relationship management associate 2026""","=""40""","=""0""","=""5""","=""Low""","=""false"""
"=""techcombank shopcash""","=""40""","=""0.58""","=""2""","=""Low""","=""true"""
"=""techcombank tiếng việt""","=""40""","=""0""","=""3""","=""Low""","=""false"""
"=""techcombank 2026""","=""40""","=""0""","=""2""","=""Low""","=""true"""
"=""techcombank business mobile""","=""30""","=""250.44""","=""3""","=""Low""","=""true"""
"=""techcombank có bao nhiều chi nhánh""","=""30""","=""0""","=""6""","=""Low""","=""false"""
"=""techcombank iban""","=""30""","=""0""","=""2""","=""Low""","=""false"""
"=""techcombank khách hàng doanh nghiệp""","=""30""","=""4.3""","=""5""","=""Low""","=""false"""
"=""techcombank liễu giai""","=""30""","=""0""","=""3""","=""Low""","=""false"""
"=""techcombank làm việc""","=""30""","=""0""","=""3""","=""Low""","=""false"""
"=""techcombank thông tin""","=""30""","=""0""","=""3""","=""Low""","=""false"""
"=""techcombank vnpay""","=""30""","=""0""","=""2""","=""Low""","=""false"""
"=""techcombank bctc""","=""30""","=""0""","=""2""","=""Low""","=""true"""
"=""techcombank ba vì""","=""30""","=""0""","=""3""","=""Low""","=""false"""
"=""techcombank branch code""","=""30""","=""0""","=""3""","=""Low""","=""false"""
"=""techcombank branch""","=""30""","=""0""","=""2""","=""Low""","=""false"""
"=""techcombank black card""","=""30""","=""0""","=""3""","=""Low""","=""true"""
"=""techcombank citad code""","=""30""","=""0""","=""3""","=""Low""","=""false"""
"=""techcombank cn quang trung""","=""30""","=""0""","=""4""","=""Low""","=""false"""
"=""techcombank cn sài gòn""","=""30""","=""0""","=""4""","=""Low""","=""true"""
"=""techcombank cn đông đô""","=""30""","=""0""","=""4""","=""Low""","=""false"""
"=""techcombank customer service""","=""30""","=""0""","=""3""","=""Low""","=""true"""
"=""techcombank di linh""","=""30""","=""0""","=""3""","=""Low""","=""false"""
"=""techcombank eakar""","=""30""","=""0""","=""2""","=""Low""","=""false"""
"=""techcombank efast""","=""30""","=""0""","=""2""","=""Low""","=""false"""
"=""techcombank hai bà trưng hà nội""","=""30""","=""0""","=""6""","=""Low""","=""false"""
"=""techcombank head office""","=""30""","=""0""","=""3""","=""Low""","=""false"""
"=""techcombank không vào được app""","=""30""","=""0""","=""5""","=""Low""","=""false"""
"=""techcombank khánh hòa""","=""30""","=""0""","=""3""","=""Low""","=""false"""
"=""techcombank kim mã""","=""30""","=""0""","=""3""","=""Low""","=""false"""
"=""techcombank landmark 81""","=""30""","=""0""","=""3""","=""Low""","=""false"""
"=""techcombank linh đàm thuộc chi nhánh nào""","=""30""","=""0""","=""7""","=""Low""","=""false"""
"=""techcombank lý tự trọng hải phòng""","=""30""","=""0""","=""6""","=""Low""","=""true"""
"=""techcombank marathon hcm""","=""30""","=""0""","=""3""","=""Low""","=""false"""
"=""techcombank mobile apkpure""","=""30""","=""0""","=""3""","=""Low""","=""true"""
"=""techcombank mỹ hào hưng yên""","=""30""","=""0""","=""5""","=""Low""","=""false"""
"=""techcombank nam từ liêm""","=""30""","=""0""","=""4""","=""Low""","=""true"""
"=""techcombank pc""","=""30""","=""0""","=""2""","=""Low""","=""true"""
"=""techcombank review""","=""30""","=""0""","=""2""","=""Low""","=""false"""
"=""techcombank sapa""","=""30""","=""0""","=""2""","=""Low""","=""false"""
"=""techcombank style""","=""30""","=""0""","=""2""","=""Low""","=""true"""
"=""techcombank support""","=""30""","=""0""","=""2""","=""Low""","=""false"""
"=""techcombank smart banking""","=""30""","=""0""","=""3""","=""Low""","=""true"""
"=""techcombank talent""","=""30""","=""0""","=""2""","=""Low""","=""true"""
"=""techcombank tam điệp""","=""30""","=""0""","=""3""","=""Low""","=""false"""
"=""techcombank symphony""","=""30""","=""0""","=""2""","=""Low""","=""false"""
"=""techcombank le van sy""","=""30""","=""0""","=""4""","=""Low""","=""false"""
"=""techcombank usd to vnd""","=""30""","=""0""","=""4""","=""Low""","=""true"""
"=""techcombank usd""","=""30""","=""0""","=""2""","=""Low""","=""false"""
"=""techcombank ưu đãi thẻ tín dụng""","=""30""","=""0""","=""6""","=""Low""","=""false"""
"=""techcombank vay tiền""","=""30""","=""0.57""","=""3""","=""Medium""","=""false"""
"=""techcombank vay online""","=""30""","=""0.71""","=""3""","=""Medium""","=""false"""
"=""techcombank yên phong bắc ninh""","=""30""","=""0""","=""5""","=""Low""","=""false"""
"=""techcombank 168 ngọc khánh""","=""30""","=""0""","=""4""","=""Low""","=""false"""
"=""techcombank của nước nào""","=""30""","=""0""","=""4""","=""Low""","=""true"""
"=""techcombank của masan""","=""30""","=""0""","=""3""","=""Low""","=""false"""
"=""techcombank ambassador""","=""30""","=""0""","=""2""","=""Low""","=""true"""
"=""techcombank management associate""","=""30""","=""0""","=""3""","=""Low""","=""false"""
"=""techcombank atm nạp tiền""","=""30""","=""0""","=""4""","=""Low""","=""false"""
"=""techcombank auto earning""","=""30""","=""0""","=""3""","=""Low""","=""false"""
"=""techcombank bnh tuổi mở được""","=""30""","=""0""","=""5""","=""Low""","=""true"""
"=""techcombank brand guideline""","=""30""","=""0""","=""3""","=""Low""","=""false"""
"=""techcombank cdm là gì""","=""30""","=""0""","=""4""","=""Low""","=""false"""
"=""techcombank cdm gần nhất""","=""30""","=""0""","=""4""","=""Low""","=""true"""
"=""techcombank cdm hà nội""","=""30""","=""0""","=""4""","=""Low""","=""false"""
"=""techcombank concert""","=""30""","=""0""","=""2""","=""Low""","=""false"""
"=""techcombank citad""","=""30""","=""0""","=""2""","=""Low""","=""false"""
"=""techcombank crypto""","=""30""","=""0""","=""2""","=""Low""","=""false"""
"=""techcombank doanh nghiệp banking""","=""30""","=""0""","=""4""","=""Low""","=""false"""
"=""techcombank eco card""","=""30""","=""0""","=""3""","=""Low""","=""false"""
"=""techcombank english name swift code""","=""30""","=""0""","=""5""","=""Low""","=""false"""
"=""techcombank exchange rate today""","=""30""","=""0""","=""4""","=""Low""","=""false"""
"=""techcombank family banking""","=""30""","=""0""","=""3""","=""Low""","=""false"""
"=""techcombank future gen voz""","=""30""","=""0""","=""4""","=""Low""","=""false"""
"=""techcombank giờ hoạt động""","=""30""","=""0""","=""4""","=""Low""","=""false"""
"=""techcombank hiện đang mở""","=""30""","=""0""","=""4""","=""Low""","=""false"""
"=""techcombank headquarters hanoi""","=""30""","=""0""","=""3""","=""Low""","=""false"""
"=""techcombank inspire max là gì""","=""30""","=""0""","=""5""","=""Low""","=""false"""
"=""techcombank ios""","=""30""","=""0""","=""2""","=""Low""","=""false"""
"=""techcombank khánh hội quận 4""","=""30""","=""0""","=""5""","=""Low""","=""false"""
"=""techcombank mua ngoại tệ""","=""30""","=""0""","=""4""","=""Low""","=""false"""
"=""techcombank ra đời năm nào""","=""30""","=""0""","=""5""","=""Low""","=""false"""
"=""techcombank rainbow""","=""30""","=""0""","=""2""","=""Low""","=""false"""
"=""techcombank rewards 2026""","=""30""","=""0""","=""3""","=""Low""","=""false"""
"=""techcombank relationship management associate""","=""30""","=""0""","=""4""","=""Low""","=""false"""
"=""techcombank run 2026""","=""30""","=""0""","=""3""","=""Low""","=""false"""
"=""techcombank securities ipo""","=""30""","=""0""","=""3""","=""Low""","=""false"""
"=""techcombank securities login""","=""30""","=""0""","=""3""","=""Low""","=""false"""
"=""techcombank softpos""","=""30""","=""0""","=""2""","=""Low""","=""false"""
"=""techcombank soobin""","=""30""","=""0""","=""2""","=""Low""","=""false"""
"=""techcombank starbucks 25k""","=""30""","=""0""","=""3""","=""Low""","=""false"""
"=""techcombank summit""","=""30""","=""0""","=""2""","=""Low""","=""false"""
"=""techcombank swift code vietnam""","=""30""","=""0""","=""4""","=""Low""","=""false"""
"=""techcombank trả cổ tức 2026""","=""30""","=""0""","=""5""","=""Low""","=""false"""
"=""techcombank vneid""","=""30""","=""0""","=""2""","=""Low""","=""false"""
"=""techcombank vpbank""","=""30""","=""0""","=""2""","=""Low""","=""false"""
"=""techcombank xuyên mộc""","=""30""","=""0""","=""3""","=""Low""","=""false"""
"=""techcombank rút tiền không cần thẻ được không""","=""30""","=""0""","=""8""","=""Low""","=""true"""
"=""techcombank rút tiền không thẻ""","=""30""","=""0""","=""5""","=""Low""","=""true"""
"=""techcombank 32 nguyễn du""","=""30""","=""0""","=""4""","=""Low""","=""true"""
"=""techcombank 165 thái hà""","=""30""","=""0""","=""4""","=""Low""","=""false"""
"=""techcombank bao nhiêu tuổi vay được""","=""30""","=""0""","=""6""","=""Low""","=""false"""
"=""techcombank làm thứ 7 không""","=""30""","=""0""","=""5""","=""Low""","=""false"""
"=""techcombank làm thẻ online""","=""20""","=""0.55""","=""4""","=""Medium""","=""false"""
"=""techcombank đăng ký tài khoản online""","=""20""","=""0.51""","=""6""","=""Low""","=""true"""
"=""techcombank chi nhánh bà triệu""","=""20""","=""0""","=""5""","=""Low""","=""false"""
"=""techcombank cho doanh nghiệp""","=""20""","=""250.42""","=""4""","=""Low""","=""false"""
"=""techcombank ib""","=""20""","=""0""","=""2""","=""Low""","=""false"""
"=""techcombank khuyến mãi""","=""20""","=""0""","=""3""","=""Low""","=""false"""
"=""techcombank khách hàng cá nhân""","=""20""","=""0""","=""5""","=""Low""","=""false"""
"=""techcombank liên kết với ngân hàng nào""","=""20""","=""0""","=""7""","=""Low""","=""false"""
"=""techcombank paypal""","=""20""","=""0""","=""2""","=""Low""","=""false"""
"=""techcombank phát mãi tài sản""","=""20""","=""0""","=""5""","=""Low""","=""false"""
"=""techcombank số điện thoại hỗ trợ""","=""20""","=""0""","=""6""","=""Low""","=""false"""
"=""techcombank vinhomes ocean park""","=""20""","=""0""","=""4""","=""Low""","=""false"""
"=""techcombank vị trí""","=""20""","=""0""","=""3""","=""Low""","=""false"""
"=""techcombank app store""","=""20""","=""0""","=""3""","=""Low""","=""false"""
"=""techcombank artemis""","=""20""","=""0""","=""2""","=""Low""","=""false"""
"=""techcombank atm quận 1""","=""20""","=""0""","=""4""","=""Low""","=""true"""
"=""techcombank box""","=""20""","=""0""","=""2""","=""Low""","=""false"""
"=""techcombank branch name""","=""20""","=""0""","=""3""","=""Low""","=""true"""
"=""techcombank code 9999""","=""20""","=""0""","=""3""","=""Low""","=""true"""
"=""techcombank cn hà thành""","=""20""","=""0""","=""4""","=""Low""","=""false"""
"=""techcombank cn gia định""","=""20""","=""0""","=""4""","=""Low""","=""false"""
"=""techcombank dalat""","=""20""","=""0""","=""2""","=""Low""","=""false"""
"=""techcombank đăng ký""","=""20""","=""0.58""","=""3""","=""Medium""","=""false"""
"=""techcombank debit visa""","=""20""","=""0""","=""3""","=""Low""","=""false"""
"=""techcombank diên khánh""","=""20""","=""0""","=""3""","=""Low""","=""false"""
"=""techcombank digital""","=""20""","=""0""","=""2""","=""Low""","=""false"""
"=""techcombank ebank""","=""20""","=""0""","=""2""","=""Low""","=""false"""
"=""techcombank fast ebank""","=""20""","=""0""","=""3""","=""Low""","=""false"""
"=""techcombank email""","=""20""","=""0""","=""2""","=""Low""","=""false"""
"=""techcombank everyday card""","=""20""","=""0""","=""3""","=""Low""","=""false"""
"=""techcombank atm fees""","=""20""","=""0""","=""3""","=""Low""","=""false"""
"=""techcombank financial statement""","=""20""","=""0""","=""3""","=""Low""","=""false"""
"=""techcombank thẻ ghi nợ""","=""20""","=""0""","=""4""","=""Low""","=""false"""
"=""techcombank gold""","=""20""","=""0""","=""2""","=""Low""","=""false"""
"=""techcombank grab""","=""20""","=""0""","=""2""","=""Low""","=""false"""
"=""techcombank headquarters""","=""20""","=""0""","=""2""","=""Low""","=""false"""
"=""techcombank hoàng đạo thúy thuộc chi nhánh nào""","=""20""","=""0""","=""8""","=""Low""","=""true"""
"=""techcombank huỳnh thúc kháng""","=""20""","=""0""","=""4""","=""Low""","=""false"""
"=""techcombank hcmc international marathon""","=""20""","=""0""","=""4""","=""Low""","=""false"""
"=""techcombank hcmc""","=""20""","=""0""","=""2""","=""Low""","=""false"""
"=""techcombank ir""","=""20""","=""0""","=""2""","=""Low""","=""false"""
"=""techcombank kinh dương vương""","=""20""","=""0""","=""4""","=""Low""","=""false"""
"=""techcombank ký hiệu là gì""","=""20""","=""0""","=""5""","=""Low""","=""false"""
"=""techcombank miễn phí thường niên""","=""20""","=""0""","=""5""","=""Low""","=""false"""
"=""techcombank như quỳnh""","=""20""","=""0""","=""3""","=""Low""","=""false"""
"=""techcombank nợ xấu""","=""20""","=""0""","=""3""","=""Low""","=""false"""
"=""techcombank routing number""","=""20""","=""0""","=""3""","=""Low""","=""false"""
"=""techcombank platinum visa""","=""20""","=""0""","=""3""","=""Low""","=""false"""
"=""techcombank visa platinum""","=""20""","=""0""","=""3""","=""Low""","=""false"""
"=""techcombank platinum credit card""","=""20""","=""0""","=""4""","=""Low""","=""false"""
"=""techcombank platinum debit""","=""20""","=""0""","=""3""","=""Low""","=""false"""
"=""techcombank qr""","=""20""","=""0""","=""2""","=""Low""","=""false"""
"=""techcombank qr code""","=""20""","=""0""","=""3""","=""Low""","=""false"""
"=""techcombank rate""","=""20""","=""0""","=""2""","=""Low""","=""false"""
"=""techcombank rut duoc ngan hang nao""","=""20""","=""0""","=""6""","=""Low""","=""false"""
"=""techcombank royal""","=""20""","=""0""","=""2""","=""Low""","=""false"""
"=""techcombank saigon""","=""20""","=""0""","=""2""","=""Low""","=""false"""
"=""techcombank signature là gì""","=""20""","=""0""","=""4""","=""Low""","=""false"""
"=""techcombank signature hoàn tiền""","=""20""","=""0""","=""4""","=""Low""","=""true"""
"=""techcombank stock price""","=""20""","=""0""","=""3""","=""Low""","=""false"""
"=""techcombank tp vinh""","=""20""","=""0""","=""3""","=""Low""","=""false"""
"=""techcombank techcombank""","=""20""","=""0.44""","=""2""","=""Low""","=""false"""
"=""techcombank western union""","=""20""","=""0""","=""3""","=""Low""","=""false"""
"=""techcombank vườn lài""","=""20""","=""0""","=""3""","=""Low""","=""false"""
"=""techcombank winmart""","=""20""","=""0""","=""2""","=""Low""","=""false"""
"=""techcombank nguyễn xiển""","=""20""","=""0""","=""3""","=""Low""","=""false"""
"=""techcombank yên viên""","=""20""","=""0""","=""3""","=""Low""","=""true"""
"=""techcombank 181 nguyễn lương bằng""","=""20""","=""0""","=""5""","=""Low""","=""false"""
"=""techcombank 98 hoàng quốc việt""","=""20""","=""0""","=""5""","=""Low""","=""false"""
"=""techcombank của vingroup""","=""20""","=""0""","=""3""","=""Low""","=""false"""
"=""techcombank dưới 18 tuổi""","=""20""","=""0""","=""4""","=""Low""","=""false"""
"=""techcombank không chuyển khoản được""","=""20""","=""0""","=""5""","=""Low""","=""false"""
"=""techcombank làm việc sáng thứ 7""","=""20""","=""0""","=""6""","=""Low""","=""false"""
"=""techcombank aeon""","=""20""","=""0""","=""2""","=""Low""","=""false"""
"=""techcombank annual report 2025""","=""20""","=""0""","=""4""","=""Low""","=""false"""
"=""techcombank apkpure""","=""20""","=""0""","=""2""","=""Low""","=""true"""
"=""techcombank atvncg""","=""20""","=""0""","=""2""","=""Low""","=""true"""
"=""techcombank biểu mẫu""","=""20""","=""0""","=""3""","=""Low""","=""false"""
"=""techcombank bic swift""","=""20""","=""0""","=""3""","=""Low""","=""true"""
"=""techcombank campus ambassador""","=""20""","=""0""","=""3""","=""Low""","=""true"""
"=""techcombank mã ck""","=""20""","=""0""","=""3""","=""Low""","=""false"""
"=""techcombank credit cards""","=""20""","=""0""","=""3""","=""Low""","=""false"""
"=""techcombank cn chợ lớn""","=""20""","=""0""","=""4""","=""Low""","=""false"""
"=""techcombank cv""","=""20""","=""0""","=""2""","=""Low""","=""false"""
"=""techcombank debit priority""","=""20""","=""0""","=""3""","=""Low""","=""false"""
"=""techcombank eco debit card""","=""20""","=""0""","=""4""","=""Low""","=""false"""
"=""techcombank eco visa debit""","=""20""","=""0""","=""4""","=""Low""","=""true"""
"=""techcombank eco debit""","=""20""","=""0""","=""3""","=""Low""","=""false"""
"=""techcombank enjoy everyday hoàn tiền""","=""20""","=""0""","=""5""","=""Low""","=""false"""
"=""techcombank esg""","=""20""","=""0""","=""2""","=""Low""","=""false"""
"=""techcombank everyday phí thường niên""","=""20""","=""0""","=""5""","=""Low""","=""true"""
"=""techcombank everyday credit card""","=""20""","=""0""","=""4""","=""Low""","=""true"""
"=""techcombank everyday cashback""","=""20""","=""0""","=""3""","=""Low""","=""false"""
"=""techcombank withdrawal fee""","=""20""","=""0""","=""3""","=""Low""","=""false"""
"=""techcombank font""","=""20""","=""0""","=""2""","=""Low""","=""false"""
"=""techcombank golden gate""","=""20""","=""0""","=""3""","=""Low""","=""false"""
"=""techcombank google play""","=""20""","=""0""","=""3""","=""Low""","=""false"""
"=""techcombank hanoi international marathon 2026""","=""20""","=""0""","=""5""","=""Low""","=""false"""
"=""techcombank headquarters ho chi minh city""","=""20""","=""0""","=""6""","=""Low""","=""false"""
"=""techcombank ho chi minh city international marathon 2026""","=""20""","=""0""","=""8""","=""Low""","=""false"""
"=""techcombank marathon hn 2026""","=""20""","=""0""","=""4""","=""Low""","=""true"""
"=""techcombank ipa""","=""20""","=""0""","=""2""","=""Low""","=""true"""
"=""techcombank keynote""","=""20""","=""0""","=""2""","=""Low""","=""false"""
"=""techcombank kinh môn""","=""20""","=""0""","=""3""","=""Low""","=""true"""
"=""techcombank lumiere thảo điền""","=""20""","=""0""","=""4""","=""Low""","=""false"""
"=""techcombank marathon hcm 2026""","=""20""","=""0""","=""4""","=""Low""","=""true"""
"=""techcombank mastercard spark""","=""20""","=""0""","=""3""","=""Low""","=""false"""
"=""techcombank metro""","=""20""","=""0""","=""2""","=""Low""","=""false"""
"=""techcombank minh khai hà nội""","=""20""","=""0""","=""5""","=""Low""","=""false"""
"=""techcombank mt""","=""20""","=""0""","=""2""","=""Low""","=""false"""
"=""techcombank swift number""","=""20""","=""0""","=""3""","=""Low""","=""false"""
"=""techcombank office""","=""20""","=""0""","=""2""","=""Low""","=""false"""
"=""techcombank oneu là gì""","=""20""","=""0""","=""4""","=""Low""","=""true"""
"=""techcombank open api""","=""20""","=""0""","=""3""","=""Low""","=""false"""
"=""techcombank opening hours""","=""20""","=""0""","=""3""","=""Low""","=""false"""
"=""techcombank pnj""","=""20""","=""0""","=""2""","=""Low""","=""false"""
"=""techcombank platinum card""","=""20""","=""0""","=""3""","=""Low""","=""true"""
"=""techcombank pos""","=""20""","=""0.55""","=""2""","=""Low""","=""false"""
"=""techcombank priority quyền lợi""","=""20""","=""0""","=""4""","=""Low""","=""false"""
"=""techcombank rewards là chương trình dành cho đối tượng nào""","=""20""","=""0""","=""10""","=""Low""","=""false"""
"=""techcombank rma""","=""20""","=""0""","=""2""","=""Low""","=""false"""
"=""techcombank shop""","=""20""","=""0""","=""2""","=""Low""","=""true"""
"=""techcombank securities logo""","=""20""","=""0""","=""3""","=""Low""","=""false"""
"=""techcombank sunshine city""","=""20""","=""0""","=""3""","=""Low""","=""false"""
"=""techcombank swift code address""","=""20""","=""0""","=""4""","=""Low""","=""false"""
"=""techcombank spark mcc""","=""20""","=""0""","=""3""","=""Low""","=""false"""
"=""techcombank spark apple pay""","=""20""","=""0""","=""4""","=""Low""","=""false"""
"=""techcombank tiên lãng""","=""20""","=""0""","=""3""","=""Low""","=""true"""
"=""techcombank topcv""","=""20""","=""0""","=""2""","=""Low""","=""false"""
"=""techcombank tt phố mới quế võ bắc ninh""","=""20""","=""0""","=""8""","=""Low""","=""false"""
"=""techcombank upoint""","=""20""","=""0""","=""2""","=""Low""","=""true"""
"=""techcombank username""","=""20""","=""0""","=""2""","=""Low""","=""false"""
"=""techcombank uy tín không""","=""20""","=""0""","=""4""","=""Low""","=""true"""
"=""techcombank web banking""","=""20""","=""0""","=""3""","=""Low""","=""true"""
"=""techcombank web login""","=""20""","=""0""","=""3""","=""Low""","=""false"""
"=""techcombank zalo""","=""20""","=""0""","=""2""","=""Low""","=""true"""
"=""techcombank yên lạc""","=""20""","=""0""","=""3""","=""Low""","=""false"""
"=""techcombank yên định""","=""20""","=""0""","=""3""","=""Low""","=""false"""
"=""techcombank 3 tháng 2""","=""20""","=""0""","=""4""","=""Low""","=""false"""
"=""techcombank 17 tuổi mở được không""","=""20""","=""0""","=""6""","=""Low""","=""false"""
"=""techcombank 275 võ nguyên giáp""","=""20""","=""0""","=""5""","=""Low""","=""false"""
"=""techcombank từ bao nhiêu tuổi""","=""20""","=""0""","=""5""","=""Low""","=""false"""
"=""techcombank không gửi mã otp""","=""20""","=""0""","=""5""","=""Low""","=""false"""
"=""techcombank làm thẻ""","=""10""","=""0""","=""3""","=""Low""","=""false"""
"=""techcombank 191 bà triệu""","=""10""","=""0""","=""4""","=""Low""","=""false"""
"=""techcombank cam kết""","=""10""","=""0""","=""3""","=""Low""","=""false"""
"=""techcombank chợ mơ""","=""10""","=""0""","=""3""","=""Low""","=""true"""
"=""techcombank com vn cá nhân""","=""10""","=""0""","=""5""","=""Low""","=""false"""
"=""techcombank dịch vụ khách hàng""","=""10""","=""0""","=""5""","=""Low""","=""false"""
"=""techcombank fb""","=""10""","=""0""","=""2""","=""Low""","=""false"""
"=""techcombank giám đốc điều hành""","=""10""","=""0""","=""5""","=""Low""","=""false"""
"=""techcombank ib doanh nghiệp""","=""10""","=""0""","=""4""","=""Low""","=""false"""
"=""techcombank id""","=""10""","=""0""","=""2""","=""Low""","=""false"""
"=""techcombank itviec""","=""10""","=""0""","=""2""","=""Low""","=""false"""
"=""techcombank ký hiệu""","=""10""","=""0""","=""3""","=""Low""","=""false"""
"=""techcombank liên kết momo""","=""10""","=""0""","=""4""","=""Low""","=""false"""
"=""techcombank momo""","=""10""","=""0""","=""2""","=""Low""","=""false"""
"=""techcombank mới""","=""10""","=""0""","=""2""","=""Low""","=""false"""
"=""techcombank ngan hang dien tu""","=""10""","=""0""","=""5""","=""Low""","=""false"""
"=""techcombank ngân hàng điện tử""","=""10""","=""0""","=""5""","=""Low""","=""false"""
"=""techcombank online cho doanh nghiệp""","=""10""","=""0""","=""5""","=""Low""","=""false"""
"=""techcombank thế hệ mới""","=""10""","=""0""","=""4""","=""Low""","=""false"""
"=""techcombank world cup""","=""10""","=""0""","=""3""","=""Low""","=""false"""
"=""techcombank điện tử""","=""10""","=""0""","=""3""","=""Low""","=""false"""
"=""techcombank ứng dụng mới""","=""10""","=""0""","=""4""","=""Low""","=""false"""
"=""techcombank account number""","=""10""","=""0""","=""3""","=""Low""","=""false"""
"=""techcombank advisor""","=""10""","=""0""","=""2""","=""Low""","=""false"""
"=""techcombank amc là gì""","=""10""","=""0""","=""4""","=""Low""","=""true"""
"=""techcombank aspire""","=""10""","=""0""","=""2""","=""Low""","=""false"""
"=""techcombank au co""","=""10""","=""0""","=""3""","=""Low""","=""false"""
"=""techcombank aws""","=""10""","=""0""","=""2""","=""Low""","=""false"""
"=""techcombank bê bối""","=""10""","=""0""","=""3""","=""Low""","=""false"""
"=""techcombank bond""","=""10""","=""0""","=""2""","=""Low""","=""false"""
"=""techcombank classic""","=""10""","=""0""","=""2""","=""Low""","=""true"""
"=""techcombank code 10201""","=""10""","=""0""","=""3""","=""Low""","=""false"""
"=""techcombank ck có mất phí không""","=""10""","=""0""","=""6""","=""Low""","=""false"""
"=""techcombank ck tối thiểu bao nhiêu tiền""","=""10""","=""0""","=""7""","=""Low""","=""false"""
"=""techcombank credit rating""","=""10""","=""0""","=""3""","=""Low""","=""false"""
"=""techcombank cn hcm""","=""10""","=""0""","=""3""","=""Low""","=""true"""
"=""techcombank cv form""","=""10""","=""0""","=""3""","=""Low""","=""false"""
"=""techcombank data engineer""","=""10""","=""0""","=""3""","=""Low""","=""false"""
"=""techcombank debit visa platinum""","=""10""","=""0""","=""4""","=""Low""","=""false"""
"=""techcombank dreamcard""","=""10""","=""0""","=""2""","=""Low""","=""false"""
"=""techcombank ebanking doanh nghiệp""","=""10""","=""0""","=""4""","=""Low""","=""true"""
"=""techcombank ekyc""","=""10""","=""0""","=""2""","=""Low""","=""false"""
"=""techcombank phát hành esop""","=""10""","=""0""","=""4""","=""Low""","=""false"""
"=""techcombank fast access""","=""10""","=""0""","=""3""","=""Low""","=""true"""
"=""techcombank zero fee""","=""10""","=""0""","=""3""","=""Low""","=""false"""
"=""techcombank finance""","=""10""","=""0""","=""2""","=""Low""","=""false"""
"=""techcombank financial""","=""10""","=""0""","=""2""","=""Low""","=""false"""
"=""techcombank fresher""","=""10""","=""0""","=""2""","=""Low""","=""false"""
"=""techcombank singapore""","=""10""","=""0""","=""2""","=""Low""","=""false"""
"=""techcombank sg""","=""10""","=""0""","=""2""","=""Low""","=""false"""
"=""techcombank green star""","=""10""","=""0""","=""3""","=""Low""","=""false"""
"=""techcombank gui tiet kiem""","=""10""","=""0""","=""4""","=""Low""","=""false"""
"=""techcombank lai suat gui tiet kiem""","=""10""","=""0""","=""6""","=""Low""","=""false"""
"=""techcombank head office hanoi""","=""10""","=""0""","=""4""","=""Low""","=""false"""
"=""techcombank huỳnh tấn phát quận 7""","=""10""","=""0""","=""6""","=""Low""","=""false"""
"=""techcombank hp""","=""10""","=""0""","=""2""","=""Low""","=""false"""
"=""techcombank ironman""","=""10""","=""0""","=""2""","=""Low""","=""false"""
"=""techcombank hsbc""","=""10""","=""0""","=""2""","=""Low""","=""false"""
"=""techcombank keangnam thuộc chi nhánh nào""","=""10""","=""0""","=""6""","=""Low""","=""false"""
"=""techcombank kim ngưu""","=""10""","=""0""","=""3""","=""Low""","=""false"""
"=""techcombank ky thuong""","=""10""","=""0""","=""3""","=""Low""","=""false"""
"=""techcombank ky hoa""","=""10""","=""0""","=""3""","=""Low""","=""false"""
"=""techcombank lua dao""","=""10""","=""0""","=""3""","=""Low""","=""false"""
"=""techcombank ly thai to""","=""10""","=""0""","=""4""","=""Low""","=""false"""
"=""techcombank lý nam đế""","=""10""","=""0""","=""4""","=""Low""","=""false"""
"=""techcombank hay mbbank""","=""10""","=""0""","=""3""","=""Low""","=""false"""
"=""techcombank mobile bị lỗi""","=""10""","=""0""","=""4""","=""Low""","=""false"""
"=""techcombank mua vàng online""","=""10""","=""0""","=""4""","=""Low""","=""false"""
"=""techcombank nam định tuyển dụng""","=""10""","=""0""","=""5""","=""Low""","=""true"""
"=""techcombank news""","=""10""","=""0""","=""2""","=""Low""","=""false"""
"=""techcombank nha trang tuyển dụng""","=""10""","=""0""","=""5""","=""Low""","=""false"""
"=""techcombank ninh bình tuyển dụng""","=""10""","=""0.04""","=""5""","=""Low""","=""true"""
"=""techcombank ninh kiều""","=""10""","=""0""","=""3""","=""Low""","=""false"""
"=""techcombank ninh hiệp thuộc chi nhánh nào""","=""10""","=""0""","=""7""","=""Low""","=""false"""
"=""techcombank noi bai""","=""10""","=""0""","=""3""","=""Low""","=""false"""
"=""techcombank nuốt thẻ""","=""10""","=""0""","=""3""","=""Low""","=""false"""
"=""techcombank otp app""","=""10""","=""0""","=""3""","=""Low""","=""false"""
"=""techcombank pay""","=""10""","=""0""","=""2""","=""Low""","=""false"""
"=""techcombank payment""","=""10""","=""0""","=""2""","=""Low""","=""false"""
"=""techcombank pasteur thuộc chi nhánh nào""","=""10""","=""0""","=""6""","=""Low""","=""false"""
"=""techcombank platinum là gì""","=""10""","=""0""","=""4""","=""Low""","=""false"""
"=""techcombank platinum vietnam airlines""","=""10""","=""0""","=""4""","=""Low""","=""false"""
"=""techcombank plus""","=""10""","=""0""","=""2""","=""Low""","=""false"""
"=""techcombank quét qr""","=""10""","=""0""","=""3""","=""Low""","=""false"""
"=""techcombank race""","=""10""","=""0""","=""2""","=""Low""","=""false"""
"=""techcombank rating""","=""10""","=""0""","=""2""","=""Low""","=""false"""
"=""techcombank ba ria""","=""10""","=""0""","=""3""","=""Low""","=""false"""
"=""techcombank hcmc run""","=""10""","=""0""","=""3""","=""Low""","=""false"""
"=""techcombank royal city thuộc chi nhánh nào""","=""10""","=""0""","=""7""","=""Low""","=""false"""
"=""techcombank securities là gì""","=""10""","=""0""","=""4""","=""Low""","=""true"""
"=""techcombank so dien thoai""","=""10""","=""0""","=""4""","=""Low""","=""false"""
"=""techcombank soc trang""","=""10""","=""0""","=""3""","=""Low""","=""false"""
"=""techcombank su van hanh""","=""10""","=""0""","=""4""","=""Low""","=""false"""
"=""techcombank sms banking""","=""10""","=""0""","=""3""","=""Low""","=""false"""
"=""techcombank tcinvest""","=""10""","=""0""","=""2""","=""Low""","=""false"""
"=""techcombank to ky""","=""10""","=""0""","=""3""","=""Low""","=""false"""
"=""techcombank tower hanoi""","=""10""","=""0""","=""3""","=""Low""","=""false"""
"=""techcombank ton duc thang""","=""10""","=""0""","=""4""","=""Low""","=""false"""
"=""techcombank tvc""","=""10""","=""0""","=""2""","=""Low""","=""false"""
"=""techcombank unionpay""","=""10""","=""0""","=""2""","=""Low""","=""false"""
"=""techcombank vũ phạm hàm thuộc chi nhánh nào""","=""10""","=""0""","=""8""","=""Low""","=""false"""
"=""techcombank google wallet""","=""10""","=""0""","=""3""","=""Low""","=""false"""
"=""techcombank why not""","=""10""","=""0""","=""3""","=""Low""","=""false"""
"=""techcombank winlife""","=""10""","=""0""","=""2""","=""Low""","=""false"""
"=""techcombank xa la thuộc chi nhánh nào""","=""10""","=""0""","=""7""","=""Low""","=""false"""
"=""techcombank li xi""","=""10""","=""0""","=""3""","=""Low""","=""false"""
"=""techcombank phu yen""","=""10""","=""0""","=""3""","=""Low""","=""false"""
"=""techcombank hung yen""","=""10""","=""0""","=""3""","=""Low""","=""false"""
"=""techcombank com vn zerofee""","=""10""","=""0""","=""4""","=""Low""","=""false"""
"=""techcombank trả góp 0""","=""10""","=""0""","=""4""","=""Low""","=""false"""
"=""techcombank 29t2 hoàng đạo thúy""","=""10""","=""0""","=""5""","=""Low""","=""false"""
"=""techcombank 79 trần thái tông""","=""10""","=""0""","=""5""","=""Low""","=""false"""
"=""techcombank 78 nguyễn trãi""","=""10""","=""0""","=""4""","=""Low""","=""false"""
"=""techcombank 74 bà triệu""","=""10""","=""0""","=""4""","=""Low""","=""false"""
"=""techcombank 78 nguyễn trãi thuộc chi nhánh nào""","=""10""","=""0""","=""8""","=""Low""","=""false"""
"=""techcombank 71 tô hiệu hải phòng""","=""10""","=""0""","=""6""","=""Low""","=""false"""
"=""techcombank 467 nguyễn trãi""","=""10""","=""0""","=""4""","=""Low""","=""false"""
"=""techcombank 99a cộng hòa""","=""10""","=""0""","=""4""","=""Low""","=""true"""
"=""techcombank 9 11 tôn đức thắng""","=""10""","=""0""","=""6""","=""Low""","=""false"""
"=""techcombank 97 trần hưng đạo""","=""10""","=""0""","=""5""","=""Low""","=""false"""
"=""techcombank 58 võ văn tần""","=""10""","=""0""","=""5""","=""Low""","=""false"""
"=""techcombank khi nào làm việc""","=""10""","=""0""","=""5""","=""Low""","=""false"""
"=""techcombank viết tắt như thế nào""","=""10""","=""0""","=""6""","=""Low""","=""false"""
"=""techcombank từ sơn bắc ninh""","=""10""","=""0""","=""5""","=""Low""","=""true"""
"=""techcombank từ liêm hà nội""","=""10""","=""0""","=""5""","=""Low""","=""false"""
"=""techcombank le trong tan""","=""10""","=""0""","=""4""","=""Low""","=""false"""
"=""techcombank aeon mall""","=""10""","=""0""","=""3""","=""Low""","=""false"""
"=""techcombank account number how many digits""","=""10""","=""0""","=""6""","=""Low""","=""false"""
"=""techcombank address ho chi minh""","=""10""","=""0""","=""5""","=""Low""","=""false"""
"=""techcombank address hanoi""","=""10""","=""0""","=""3""","=""Low""","=""false"""
"=""techcombank agoda 2026""","=""10""","=""0""","=""3""","=""Low""","=""true"""
"=""techcombank agoda 2025""","=""10""","=""0""","=""3""","=""Low""","=""false"""
"=""techcombank airport lounge""","=""10""","=""0""","=""3""","=""Low""","=""false"""
"=""techcombank aia""","=""10""","=""0""","=""2""","=""Low""","=""false"""
"=""techcombank an hoà""","=""10""","=""0""","=""3""","=""Low""","=""false"""
"=""techcombank alipay""","=""10""","=""0""","=""2""","=""Low""","=""false"""
"=""techcombank app ios""","=""10""","=""0""","=""3""","=""Low""","=""true"""
"=""techcombank ảo""","=""10""","=""0""","=""2""","=""Low""","=""false"""
"=""techcombank management associate 2026""","=""10""","=""0""","=""4""","=""Low""","=""false"""
"=""techcombank rm associate""","=""10""","=""0""","=""3""","=""Low""","=""false"""
"=""techcombank be greater""","=""10""","=""0""","=""3""","=""Low""","=""false"""
"=""techcombank bao nhiêu tuổi mở được tài khoản""","=""10""","=""0""","=""8""","=""Low""","=""true"""
"=""techcombank bn tuổi""","=""10""","=""0""","=""3""","=""Low""","=""false"""
"=""techcombank blockchain""","=""10""","=""0""","=""2""","=""Low""","=""false"""
"=""techcombank campus ambassador 2026""","=""10""","=""0""","=""4""","=""Low""","=""true"""
"=""techcombank cdbl""","=""10""","=""0""","=""2""","=""Low""","=""false"""
"=""techcombank cellphones""","=""10""","=""0""","=""2""","=""Low""","=""false"""
"=""techcombank cloud""","=""10""","=""0""","=""2""","=""Low""","=""false"""
"=""techcombank crypto exchange""","=""10""","=""0""","=""3""","=""Low""","=""false"""
"=""techcombank currency exchange""","=""10""","=""0""","=""3""","=""Low""","=""false"""
"=""techcombank developer api""","=""10""","=""0""","=""3""","=""Low""","=""false"""
"=""techcombank developer""","=""10""","=""0""","=""2""","=""Low""","=""false"""
"=""techcombank digibank""","=""10""","=""0""","=""2""","=""Low""","=""false"""
"=""techcombank diêm điền""","=""10""","=""0""","=""3""","=""Low""","=""false"""
"=""techcombank gaanf ddaay""","=""10""","=""0""","=""3""","=""Low""","=""false"""
"=""techcombank do ai sáng lập""","=""10""","=""0""","=""5""","=""Low""","=""true"""
"=""techcombank duy tiên hà nam""","=""10""","=""0""","=""5""","=""Low""","=""false"""
"=""techcombank eco starbucks""","=""10""","=""0""","=""3""","=""Low""","=""false"""
"=""techcombank eco visa platinum""","=""10""","=""0""","=""4""","=""Low""","=""false"""
"=""techcombank expo""","=""10""","=""0""","=""2""","=""Low""","=""false"""
"=""techcombank fanpage""","=""10""","=""0""","=""2""","=""Low""","=""false"""
"=""techcombank fake""","=""10""","=""0""","=""2""","=""Low""","=""false"""
"=""techcombank everyday hoàn phí thường niên""","=""10""","=""0""","=""6""","=""Low""","=""true"""
"=""techcombank everyday hoàn tiền shopee""","=""10""","=""0""","=""5""","=""Low""","=""false"""
"=""techcombank fees""","=""10""","=""0""","=""2""","=""Low""","=""false"""
"=""techcombank fest""","=""10""","=""0""","=""2""","=""Low""","=""false"""
"=""techcombank financial report""","=""10""","=""0""","=""3""","=""Low""","=""false"""
"=""techcombank rewards flash sale""","=""10""","=""0""","=""4""","=""Low""","=""false"""
"=""techcombank founder""","=""10""","=""0""","=""2""","=""Low""","=""true"""
"=""techcombank founded""","=""10""","=""0""","=""2""","=""Low""","=""true"""
"=""techcombank private elite""","=""10""","=""0""","=""3""","=""Low""","=""true"""
"=""techcombank green bond framework""","=""10""","=""0""","=""4""","=""Low""","=""false"""
"=""techcombank future gen 2026 timeline""","=""10""","=""0""","=""5""","=""Low""","=""true"""
"=""techcombank future gen lương""","=""10""","=""0""","=""4""","=""Low""","=""true"""
"=""techcombank gardenia""","=""10""","=""0""","=""2""","=""Low""","=""false"""
"=""techcombank gen future""","=""10""","=""0""","=""3""","=""Low""","=""false"""
"=""techcombank giải chạy 2026""","=""10""","=""0""","=""4""","=""Low""","=""false"""
"=""techcombank gia bình bắc ninh""","=""10""","=""0""","=""5""","=""Low""","=""true"""
"=""techcombank gold trader""","=""10""","=""0""","=""3""","=""Low""","=""false"""
"=""techcombank hanoi marathon 2026""","=""10""","=""0""","=""4""","=""Low""","=""true"""
"=""techcombank happy monday""","=""10""","=""0""","=""3""","=""Low""","=""false"""
"=""techcombank hiệp bình""","=""10""","=""0""","=""3""","=""Low""","=""true"""
"=""techcombank hiệp bình chánh""","=""10""","=""0""","=""4""","=""Low""","=""false"""
"=""techcombank head office address""","=""10""","=""0""","=""4""","=""Low""","=""false"""
"=""techcombank hq""","=""10""","=""0""","=""2""","=""Low""","=""false"""
"=""techcombank huế giờ làm việc""","=""10""","=""0""","=""5""","=""Low""","=""false"""
"=""techcombank huế tuyển dụng""","=""10""","=""0""","=""4""","=""Low""","=""false"""
"=""techcombank huế địa chỉ""","=""10""","=""0""","=""4""","=""Low""","=""false"""
"=""techcombank hcmc marathon 2026""","=""10""","=""0""","=""4""","=""Low""","=""true"""
"=""techcombank hcm 2025""","=""10""","=""0""","=""3""","=""Low""","=""false"""
"=""techcombank keangnam phạm hùng keangnam yên hoà cầu giấy hà nội""","=""10""","=""0""","=""11""","=""Low""","=""false"""
"=""techcombank kangnam""","=""10""","=""0""","=""2""","=""Low""","=""true"""
"=""techcombank kim bài thanh oai""","=""10""","=""0""","=""5""","=""Low""","=""true"""
"=""techcombank kim bài""","=""10""","=""0""","=""3""","=""Low""","=""true"""
"=""techcombank ko thông báo biến động số dư""","=""10""","=""0""","=""8""","=""Low""","=""false"""
"=""techcombank ko đăng nhập được""","=""10""","=""0""","=""5""","=""Low""","=""false"""
"=""techcombank ko chuyển khoản được""","=""10""","=""0""","=""5""","=""Low""","=""false"""
"=""techcombank kỳ anh hà tĩnh""","=""10""","=""0""","=""5""","=""Low""","=""false"""
"=""techcombank kỷ niệm 30 năm""","=""10""","=""0""","=""5""","=""Low""","=""false"""
"=""techcombank và mbbank cái nào tốt hơn""","=""10""","=""0""","=""7""","=""Low""","=""true"""
"=""techcombank mua vàng""","=""10""","=""0""","=""3""","=""Low""","=""false"""
"=""techcombank mua iphone 17""","=""10""","=""0""","=""4""","=""Low""","=""false"""
"=""techcombank name in english""","=""10""","=""0""","=""4""","=""Low""","=""false"""
"=""techcombank nfc""","=""10""","=""0""","=""2""","=""Low""","=""false"""
"=""techcombank ninh giang""","=""10""","=""0""","=""3""","=""Low""","=""false"""
"=""techcombank nickname""","=""10""","=""0""","=""2""","=""Low""","=""false"""
"=""techcombank iban number""","=""10""","=""0""","=""3""","=""Low""","=""false"""
"=""techcombank ocean park tuyển dụng""","=""10""","=""0""","=""5""","=""Low""","=""false"""
"=""techcombank online web""","=""10""","=""0""","=""3""","=""Low""","=""true"""
"=""techcombank one mount""","=""10""","=""0""","=""3""","=""Low""","=""false"""
"=""techcombank organizational structure""","=""10""","=""0""","=""3""","=""Low""","=""false"""
"=""techcombank quốc oai hà nội""","=""10""","=""0""","=""5""","=""Low""","=""false"""
"=""techcombank voice ott""","=""10""","=""0""","=""3""","=""Low""","=""false"""
"=""techcombank owner""","=""10""","=""0""","=""2""","=""Low""","=""false"""
"=""techcombank overseas talent roadshow""","=""10""","=""0""","=""4""","=""Low""","=""false"""
"=""techcombank overseas talent roadshow 2025""","=""10""","=""0""","=""5""","=""Low""","=""false"""
"=""techcombank open account foreigner""","=""10""","=""0""","=""4""","=""Low""","=""false"""
"=""techcombank recruitment""","=""10""","=""0""","=""2""","=""Low""","=""true"""
"=""techcombank report""","=""10""","=""0""","=""2""","=""Low""","=""false"""
"=""techcombank run 2025 hcm""","=""10""","=""0""","=""4""","=""Low""","=""false"""
"=""techcombank rma 2026""","=""10""","=""0""","=""3""","=""Low""","=""false"""
"=""techcombank rm""","=""10""","=""0""","=""2""","=""Low""","=""false"""
"=""techcombank routing number vietnam""","=""10""","=""0""","=""4""","=""Low""","=""false"""
"=""techcombank roadshow 2025""","=""10""","=""0""","=""3""","=""Low""","=""false"""
"=""techcombank roadshow""","=""10""","=""0""","=""2""","=""Low""","=""false"""
"=""techcombank sđt tổng đài""","=""10""","=""0""","=""4""","=""Low""","=""true"""
"=""techcombank sao kê tài khoản""","=""10""","=""0""","=""5""","=""Low""","=""false"""
"=""techcombank sinh lời tự động là sao""","=""10""","=""0""","=""7""","=""Low""","=""false"""
"=""techcombank sinh lời tự động bao nhiêu phần trăm""","=""10""","=""0""","=""9""","=""Low""","=""false"""
"=""techcombank shopeepay""","=""10""","=""0""","=""2""","=""Low""","=""false"""
"=""techcombank shopee 2026""","=""10""","=""0""","=""3""","=""Low""","=""false"""
"=""techcombank securities bảng giá""","=""10""","=""0""","=""4""","=""Low""","=""false"""
"=""techcombank slide""","=""10""","=""0""","=""2""","=""Low""","=""false"""
"=""techcombank soundbox""","=""10""","=""0""","=""2""","=""Medium""","=""false"""
"=""techcombank song hành quận 2""","=""10""","=""0""","=""5""","=""Low""","=""false"""
"=""techcombank sort code""","=""10""","=""0""","=""3""","=""Low""","=""false"""
"=""techcombank starbucks visa""","=""10""","=""0""","=""3""","=""Low""","=""false"""
"=""techcombank summit 2025""","=""10""","=""0""","=""3""","=""Low""","=""true"""
"=""techcombank swift bic code""","=""10""","=""0""","=""4""","=""Low""","=""false"""
"=""techcombank sme""","=""10""","=""0""","=""2""","=""Low""","=""false"""
"=""techcombank spark ưu đãi""","=""10""","=""0""","=""4""","=""Low""","=""false"""
"=""techcombank spark và everyday""","=""10""","=""0""","=""4""","=""Low""","=""false"""
"=""techcombank spark card""","=""10""","=""0""","=""3""","=""Low""","=""false"""
"=""techcombank spark phí thường niên""","=""10""","=""0""","=""5""","=""Low""","=""false"""
"=""techcombank spark mastercard""","=""10""","=""0""","=""3""","=""Low""","=""false"""
"=""techcombank tshop""","=""10""","=""0""","=""2""","=""Low""","=""true"""
"=""techcombank usd rate""","=""10""","=""0""","=""3""","=""Low""","=""false"""
"=""techcombank ưu đãi mở thẻ""","=""10""","=""0""","=""5""","=""Low""","=""false"""
"=""techcombank vay tiêu dùng tín chấp""","=""10""","=""0.87""","=""6""","=""Medium""","=""false"""
"=""techcombank vay tín chấp theo lương""","=""10""","=""0.89""","=""6""","=""Medium""","=""true"""
"=""techcombank vnvc""","=""10""","=""0""","=""2""","=""Low""","=""false"""
"=""techcombank và vpbank""","=""10""","=""0""","=""3""","=""Low""","=""false"""
"=""techcombank vé máy bay""","=""10""","=""1.01""","=""4""","=""Low""","=""true"""
"=""techcombank vé concert""","=""10""","=""0""","=""3""","=""Low""","=""false"""
"=""techcombank vé atvncg""","=""10""","=""0""","=""3""","=""Low""","=""false"""
"=""techcombank apple wallet""","=""10""","=""0""","=""3""","=""Low""","=""false"""
"=""techcombank wise""","=""10""","=""0""","=""2""","=""Low""","=""false"""
"=""techcombank world cup 2026""","=""10""","=""0""","=""4""","=""Low""","=""false"""
"=""techcombank working hours""","=""10""","=""0""","=""3""","=""Low""","=""false"""
"=""techcombank wrapped""","=""10""","=""0""","=""2""","=""Low""","=""false"""
"=""techcombank có xoá được lịch sử giao dịch không""","=""10""","=""0""","=""9""","=""Low""","=""true"""
"=""techcombank youtube""","=""10""","=""0""","=""2""","=""Low""","=""false"""
"=""techcombank yên lạc vĩnh phúc""","=""10""","=""0""","=""5""","=""Low""","=""false"""
"=""techcombank 259 võ nguyên giáp""","=""10""","=""0""","=""5""","=""Low""","=""false"""
"=""techcombank 69 xã đàn""","=""10""","=""0""","=""4""","=""Low""","=""true"""
"=""techcombank 6 quang trung hoàn kiếm hà nội""","=""10""","=""0""","=""8""","=""Low""","=""false"""
"=""techcombank khi nào nghỉ tết""","=""10""","=""0""","=""5""","=""Low""","=""false"""
"=""techcombank khi nào mở cửa""","=""10""","=""0""","=""5""","=""Low""","=""false"""
"=""techcombank bao nhiêu tuổi được làm thẻ online""","=""10""","=""0""","=""8""","=""Low""","=""false"""
"=""techcombank của phạm nhật vượng""","=""10""","=""0""","=""5""","=""Low""","=""false"""
"=""techcombank thuộc masan""","=""10""","=""0""","=""3""","=""Low""","=""false"""
"=""techcombank trong vòng 1 6 km""","=""10""","=""0""","=""6""","=""Low""","=""false"""
"=""techcombank trong vòng 400m""","=""10""","=""0""","=""4""","=""Low""","=""false"""
"=""techcombank dưới 18 tuổi có chuyển khoản được không""","=""10""","=""0""","=""9""","=""Low""","=""false"""
"=""techcombank không bật được xác thực khuôn mặt""","=""10""","=""0""","=""8""","=""Low""","=""true"""
"=""techcombank không hiện lịch sử giao dịch""","=""10""","=""0""","=""7""","=""Low""","=""true"""
"=""techcombank không truy cập được""","=""10""","=""0""","=""5""","=""Low""","=""false"""
"=""techcombank làm việc từ mấy giờ chiều""","=""10""","=""0""","=""7""","=""Low""","=""false"""
"=""techcombank làm online được không""","=""10""","=""0""","=""5""","=""Low""","=""false"""
"=""techcombank rewards dành cho đối tượng nào""","=""10""","=""0""","=""7""","=""Low""","=""false"""
"=""techcombank rewards dành cho khách hàng nào""","=""10""","=""0""","=""7""","=""Low""","=""false"""
"=""techcombank bảo trì 2022""","=""0""","=""0""","=""4""","=""Low""","=""false"""
"=""techcombank phát mại tài sản 2022""","=""0""","=""0""","=""6""","=""Low""","=""false"""
"=""techcombank aeon long biên""","=""0""","=""0""","=""4""","=""Low""","=""false"""
"=""techcombank aeon hà đông""","=""0""","=""0""","=""4""","=""Low""","=""false"""
"=""techcombank aeon mall long biên""","=""0""","=""0""","=""5""","=""Low""","=""false"""
"=""techcombank account""","=""0""","=""0""","=""2""","=""Low""","=""false"""
"=""techcombank acfc""","=""0""","=""0""","=""2""","=""Low""","=""false"""
"=""techcombank academy""","=""0""","=""0""","=""2""","=""Low""","=""false"""
"=""techcombank address for international transfer""","=""0""","=""0""","=""5""","=""Low""","=""false"""
"=""techcombank adobe""","=""0""","=""0""","=""2""","=""Low""","=""false"""
"=""techcombank ads""","=""0""","=""0""","=""2""","=""Low""","=""false"""
"=""techcombank address vietnam""","=""0""","=""0""","=""3""","=""Low""","=""false"""
"=""techcombank address in english""","=""0""","=""0""","=""4""","=""Low""","=""false"""
"=""techcombank adm""","=""0""","=""0""","=""2""","=""Low""","=""false"""
"=""techcombank affina""","=""0""","=""0""","=""2""","=""Low""","=""false"""
"=""techcombank affiliate""","=""0""","=""0""","=""2""","=""Low""","=""false"""
"=""techcombank affina care""","=""0""","=""0""","=""3""","=""Low""","=""false"""
"=""techcombank agm""","=""0""","=""0""","=""2""","=""Low""","=""false"""
"=""techcombank agoda visa""","=""0""","=""0""","=""3""","=""Low""","=""false"""
"=""techcombank agoda 20""","=""0""","=""0""","=""3""","=""Low""","=""false"""
"=""techcombank agm 2026""","=""0""","=""0""","=""3""","=""Low""","=""false"""
"=""techcombank agile""","=""0""","=""0""","=""2""","=""Low""","=""false"""
"=""techcombank agile center""","=""0""","=""0""","=""3""","=""Low""","=""false"""
"=""techcombank about us""","=""0""","=""0""","=""3""","=""Low""","=""false"""
"=""techcombank abbreviation""","=""0""","=""0""","=""2""","=""Low""","=""false"""
"=""techcombank ai làm chủ""","=""0""","=""0""","=""4""","=""Low""","=""false"""
"=""techcombank ai thành lập""","=""0""","=""0""","=""4""","=""Low""","=""false"""
"=""techcombank ai engineer""","=""0""","=""0""","=""3""","=""Low""","=""false"""
"=""techcombank ai là chủ tịch""","=""0""","=""0""","=""5""","=""Low""","=""false"""
"=""techcombank ai challenge""","=""0""","=""0""","=""3""","=""Low""","=""false"""
"=""techcombank ai thực chiến""","=""0""","=""0""","=""4""","=""Low""","=""false"""
"=""techcombank ai intern""","=""0""","=""0""","=""3""","=""Low""","=""false"""
"=""techcombank aktie""","=""0""","=""0""","=""2""","=""Low""","=""false"""
"=""techcombank amc địa chỉ""","=""0""","=""0""","=""4""","=""Low""","=""false"""
"=""techcombank amex""","=""0""","=""0""","=""2""","=""Low""","=""false"""
"=""techcombank amc mã số thuế""","=""0""","=""0""","=""5""","=""Low""","=""false"""
"=""techcombank amazon q developer""","=""0""","=""0""","=""4""","=""Low""","=""false"""
"=""techcombank amc miền nam""","=""0""","=""0""","=""4""","=""Low""","=""false"""
"=""techcombank alias""","=""0""","=""0""","=""2""","=""Low""","=""false"""
"=""techcombank alex""","=""0""","=""0""","=""2""","=""Low""","=""false"""
"=""techcombank tuyển dụng alm""","=""0""","=""0""","=""4""","=""Low""","=""false"""
"=""techcombank liên kết alipay""","=""0""","=""0""","=""4""","=""Low""","=""false"""
"=""techcombank thanh toán alipay""","=""0""","=""0""","=""4""","=""Low""","=""false"""
"=""techcombank archdaily""","=""0""","=""0""","=""2""","=""Low""","=""false"""
"=""techcombank arm""","=""0""","=""0""","=""2""","=""Low""","=""false"""
"=""techcombank solution architect""","=""0""","=""0""","=""3""","=""Low""","=""false"""
"=""techcombank tòa artemis""","=""0""","=""0""","=""3""","=""Low""","=""false"""
"=""techcombank ảo ipa""","=""0""","=""0""","=""3""","=""Low""","=""false"""
"=""techcombank asset management""","=""0""","=""0""","=""3""","=""Low""","=""false"""
"=""techcombank associate""","=""0""","=""0""","=""2""","=""Low""","=""false"""
"=""techcombank assessment center""","=""0""","=""0""","=""3""","=""Low""","=""false"""
"=""techcombank asset size""","=""0""","=""0""","=""3""","=""Low""","=""false"""
"=""techcombank asset""","=""0""","=""0""","=""2""","=""Low""","=""false"""
"=""techcombank total assets""","=""0""","=""0""","=""3""","=""Low""","=""false"""
"=""techcombank atm quận 7""","=""0""","=""0""","=""4""","=""Low""","=""false"""
"=""techcombank the sun avenue""","=""0""","=""0""","=""4""","=""Low""","=""false"""
"=""techcombank avis""","=""0""","=""0""","=""2""","=""Low""","=""false"""
"=""techcombank aud to vnd""","=""0""","=""0""","=""4""","=""Low""","=""false"""
"=""techcombank aud""","=""0""","=""0""","=""2""","=""Low""","=""false"""
"=""techcombank aum""","=""0""","=""0""","=""2""","=""Low""","=""false"""
"=""techcombank auto banking""","=""0""","=""0""","=""3""","=""Low""","=""false"""
"=""techcombank australia""","=""0""","=""0""","=""2""","=""Low""","=""false"""
"=""techcombank auto earning là gì""","=""0""","=""0""","=""5""","=""Low""","=""false"""
"=""techcombank ayunpa""","=""0""","=""0""","=""2""","=""Low""","=""false"""
"=""techcombank aws case study""","=""0""","=""0""","=""4""","=""Low""","=""false"""
"=""techcombank stevie award""","=""0""","=""0""","=""3""","=""Low""","=""false"""
"=""techcombank bctc 2025""","=""0""","=""0""","=""3""","=""Low""","=""false"""
"=""techcombank bctc 2024""","=""0""","=""0""","=""3""","=""Low""","=""false"""
"=""techcombank bctn""","=""0""","=""0""","=""2""","=""Low""","=""false"""
"=""techcombank bca""","=""0""","=""0""","=""2""","=""Low""","=""false"""
"=""techcombank bd""","=""0""","=""0""","=""2""","=""Low""","=""false"""
"=""techcombank beta""","=""0""","=""0""","=""2""","=""Low""","=""false"""
"=""techcombank behance""","=""0""","=""0""","=""2""","=""Low""","=""false"""
"=""techcombank best bank in vietnam""","=""0""","=""0""","=""5""","=""Low""","=""false"""
"=""techcombank best place to work""","=""0""","=""0""","=""5""","=""Low""","=""false"""
"=""techcombank nha be""","=""0""","=""0""","=""3""","=""Low""","=""false"""
"=""techcombank bhd""","=""0""","=""0""","=""2""","=""Low""","=""false"""
"=""techcombank bn tuổi làm được""","=""0""","=""0""","=""5""","=""Low""","=""false"""
"=""techcombank bnh tuổi""","=""0""","=""0""","=""3""","=""Low""","=""false"""
"=""techcombank cần bn tuổi""","=""0""","=""0""","=""4""","=""Low""","=""false"""
"=""techcombank lãi suất bn""","=""0""","=""0""","=""4""","=""Low""","=""false"""
"=""techcombank board of management""","=""0""","=""0""","=""4""","=""Low""","=""false"""
"=""techcombank board of directors""","=""0""","=""0""","=""4""","=""Low""","=""false"""
"=""techcombank bond fund""","=""0""","=""0""","=""3""","=""Low""","=""false"""
"=""techcombank booking""","=""0""","=""0""","=""2""","=""Low""","=""false"""
"=""techcombank booth""","=""0""","=""0""","=""2""","=""Low""","=""false"""
"=""techcombank board""","=""0""","=""0""","=""2""","=""Low""","=""false"""
"=""techcombank bod""","=""0""","=""0""","=""2""","=""Low""","=""false"""
"=""techcombank bootloader""","=""0""","=""0""","=""2""","=""Low""","=""false"""
"=""techcombank bmt tuyển dụng""","=""0""","=""0""","=""4""","=""Low""","=""false"""
"=""techcombank bsb""","=""0""","=""0""","=""2""","=""Low""","=""false"""
"=""techcombank branch near me""","=""0""","=""0""","=""4""","=""Low""","=""false"""
"=""techcombank brand identity""","=""0""","=""0""","=""3""","=""Low""","=""false"""
"=""techcombank branding""","=""0""","=""0""","=""2""","=""Low""","=""false"""
"=""techcombank branch address""","=""0""","=""0""","=""3""","=""Low""","=""false"""
"=""techcombank brvt""","=""0""","=""0""","=""2""","=""Low""","=""false"""
"=""techcombank brochure""","=""0""","=""0""","=""2""","=""Low""","=""false"""
"=""techcombank blog""","=""0""","=""0""","=""2""","=""Low""","=""false"""
"=""techcombank bloomberg""","=""0""","=""0""","=""2""","=""Low""","=""false"""
"=""techcombank black""","=""0""","=""0""","=""2""","=""Low""","=""false"""
"=""techcombank bld""","=""0""","=""0""","=""2""","=""Low""","=""false"""
"=""techcombank làm blockchain""","=""0""","=""0""","=""3""","=""Low""","=""false"""
"=""techcombank cbtt""","=""0""","=""0""","=""2""","=""Low""","=""false"""
"=""techcombank cbi""","=""0""","=""0""","=""2""","=""Low""","=""false"""
"=""techcombank cctg bảo lộc""","=""0""","=""0""","=""4""","=""Low""","=""false"""
"=""techcombank cccd hết hạn""","=""0""","=""0""","=""4""","=""Low""","=""false"""
"=""techcombank cctg""","=""0""","=""0""","=""2""","=""Low""","=""false"""
"=""techcombank cci""","=""0""","=""0""","=""2""","=""Low""","=""false"""
"=""techcombank near by""","=""0""","=""0""","=""3""","=""Low""","=""false"""
"=""techcombank cfo""","=""0""","=""0""","=""2""","=""Low""","=""false"""
"=""techcombank cfd""","=""0""","=""0""","=""2""","=""Low""","=""false"""
"=""techcombank cdm quận 1""","=""0""","=""0""","=""4""","=""Low""","=""false"""
"=""techcombank cd bảo lộc""","=""0""","=""0""","=""4""","=""Low""","=""false"""
"=""techcombank cdm quận 7""","=""0""","=""0""","=""4""","=""Low""","=""false"""
"=""techcombank celadon""","=""0""","=""0""","=""2""","=""Low""","=""false"""
"=""techcombank ceo salary""","=""0""","=""0""","=""3""","=""Low""","=""false"""
"=""techcombank certificate of deposit""","=""0""","=""0""","=""4""","=""Low""","=""false"""
"=""techcombank cenvi""","=""0""","=""0""","=""2""","=""Low""","=""false"""
"=""techcombank ceo jens lottner""","=""0""","=""0""","=""4""","=""Low""","=""false"""
"=""techcombank và cgv""","=""0""","=""0""","=""3""","=""Low""","=""false"""
"=""techcombank x cgv""","=""0""","=""0""","=""3""","=""Low""","=""false"""
"=""techcombank ưu đãi cgv""","=""0""","=""0""","=""4""","=""Low""","=""false"""
"=""techcombank tặng vé cgv""","=""0""","=""0""","=""4""","=""Low""","=""false"""
"=""techcombank click to pay""","=""0""","=""0""","=""4""","=""Low""","=""false"""
"=""techcombank closing time""","=""0""","=""0""","=""3""","=""Low""","=""false"""
"=""techcombank cloud first""","=""0""","=""0""","=""3""","=""Low""","=""false"""
"=""techcombank classic visa""","=""0""","=""0""","=""3""","=""Low""","=""false"""
"=""techcombank visa classic hoàn tiền""","=""0""","=""0""","=""5""","=""Low""","=""false"""
"=""techcombank visa classic debit""","=""0""","=""0""","=""4""","=""Low""","=""false"""
"=""techcombank core values""","=""0""","=""0""","=""3""","=""Low""","=""false"""
"=""techcombank cio""","=""0""","=""0""","=""2""","=""Low""","=""false"""
"=""techcombank cibg""","=""0""","=""0""","=""2""","=""Low""","=""false"""
"=""techcombank cic""","=""0""","=""0""","=""2""","=""Low""","=""false"""
"=""techcombank cityland gò vấp""","=""0""","=""0""","=""4""","=""Low""","=""false"""
"=""techcombank circle k""","=""0""","=""0""","=""3""","=""Low""","=""false"""
"=""techcombank city""","=""0""","=""0""","=""2""","=""Low""","=""false"""
"=""techcombank ck tối đa bao nhiêu tiền""","=""0""","=""0""","=""7""","=""Low""","=""false"""
"=""techcombank ck lỗi""","=""0""","=""0""","=""3""","=""Low""","=""false"""
"=""techcombank mã ck là gì""","=""0""","=""0""","=""5""","=""Low""","=""false"""
"=""techcombank cp""","=""0""","=""0""","=""2""","=""Low""","=""false"""
"=""techcombank mã cp""","=""0""","=""0""","=""3""","=""Low""","=""false"""
"=""techcombank credit everyday""","=""0""","=""0""","=""3""","=""Low""","=""false"""
"=""techcombank credit card signature""","=""0""","=""0""","=""4""","=""Low""","=""false"""
"=""techcombank crescent mall""","=""0""","=""0""","=""3""","=""Low""","=""false"""
"=""techcombank cto""","=""0""","=""0""","=""2""","=""Low""","=""false"""
"=""techcombank cty""","=""0""","=""0""","=""2""","=""Low""","=""false"""
"=""techcombank ct2 ngô thì nhậm""","=""0""","=""0""","=""5""","=""Low""","=""false"""
"=""techcombank ctm""","=""0""","=""0""","=""2""","=""Low""","=""false"""
"=""techcombank ct1 vimeco""","=""0""","=""0""","=""3""","=""Low""","=""false"""
"=""techcombank cth""","=""0""","=""0""","=""2""","=""Low""","=""false"""
"=""techcombank ct2 ngô thì nhậm hà đông hà nội""","=""0""","=""0""","=""9""","=""Low""","=""false"""
"=""techcombank cn hội sở""","=""0""","=""0""","=""4""","=""Low""","=""false"""
"=""techcombank cn phú nhuận""","=""0""","=""0""","=""4""","=""Low""","=""false"""
"=""techcombank cn ba đình""","=""0""","=""0""","=""4""","=""Low""","=""false"""
"=""techcombank csr""","=""0""","=""0""","=""2""","=""Low""","=""false"""
"=""techcombank cs""","=""0""","=""0""","=""2""","=""Low""","=""false"""
"=""techcombank cskh email""","=""0""","=""0""","=""3""","=""Low""","=""false"""
"=""techcombank csm""","=""0""","=""0""","=""2""","=""Low""","=""false"""
"=""techcombank cskh doanh nghiệp""","=""0""","=""0""","=""4""","=""Low""","=""false"""
"=""techcombank cua bac""","=""0""","=""0""","=""3""","=""Low""","=""false"""
"=""techcombank currency rate""","=""0""","=""0""","=""3""","=""Low""","=""false"""
"=""techcombank culture""","=""0""","=""0""","=""2""","=""Low""","=""false"""
"=""techcombank currency""","=""0""","=""0""","=""2""","=""Low""","=""false"""
"=""techcombank cua nuoc nao""","=""0""","=""0""","=""4""","=""Low""","=""false"""
"=""techcombank cuộc thi""","=""0""","=""0""","=""3""","=""Low""","=""false"""
"=""techcombank cvv""","=""0""","=""0""","=""2""","=""Low""","=""false"""
"=""techcombank daklak tuyển dụng""","=""0""","=""0""","=""4""","=""Low""","=""false"""
"=""techcombank dafc""","=""0""","=""0""","=""2""","=""Low""","=""false"""
"=""techcombank tuyển dụng dba""","=""0""","=""0""","=""4""","=""Low""","=""false"""
"=""techcombank dcm""","=""0""","=""0""","=""2""","=""Low""","=""false"""
"=""techcombank ko vao dc""","=""0""","=""0""","=""4""","=""Low""","=""false"""
"=""techcombank debit signature""","=""0""","=""0""","=""3""","=""Low""","=""false"""
"=""techcombank design""","=""0""","=""0""","=""2""","=""Low""","=""false"""
"=""techcombank deposit rate""","=""0""","=""0""","=""3""","=""Low""","=""false"""
"=""techcombank digibiz""","=""0""","=""0""","=""2""","=""Low""","=""false"""
"=""techcombank diamond""","=""0""","=""0""","=""2""","=""Low""","=""false"""
"=""techcombank dms""","=""0""","=""0""","=""2""","=""Low""","=""false"""
"=""techcombank dda""","=""0""","=""0""","=""2""","=""Low""","=""false"""
"=""techcombank teen ddaayf ddur""","=""0""","=""0""","=""4""","=""Low""","=""false"""
"=""techcombank dn""","=""0""","=""0""","=""2""","=""Low""","=""false"""
"=""techcombank dna""","=""0""","=""0""","=""2""","=""Low""","=""false"""
"=""techcombank dnse""","=""0""","=""0""","=""2""","=""Low""","=""false"""
"=""techcombank doanh""","=""0""","=""0""","=""2""","=""Low""","=""false"""
"=""techcombank số dt""","=""0""","=""0""","=""3""","=""Low""","=""false"""
"=""techcombank duy xuyên""","=""0""","=""0""","=""3""","=""Low""","=""false"""
"=""techcombank duc trong""","=""0""","=""0""","=""3""","=""Low""","=""false"""
"=""techcombank duong noi""","=""0""","=""0""","=""3""","=""Low""","=""false"""
"=""techcombank du no giam dan""","=""0""","=""0""","=""5""","=""Low""","=""false"""
"=""techcombank duyên hải trà vinh""","=""0""","=""0""","=""5""","=""Low""","=""false"""
"=""techcombank duong day nong""","=""0""","=""0""","=""4""","=""Low""","=""false"""
"=""techcombank drama""","=""0""","=""0""","=""2""","=""Low""","=""false"""
"=""techcombank dragon pass""","=""0""","=""0""","=""3""","=""Low""","=""false"""
"=""techcombank jcb dream card""","=""0""","=""0""","=""4""","=""Low""","=""false"""
"=""techcombank mời g dragon""","=""0""","=""0""","=""4""","=""Low""","=""false"""
"=""techcombank chi nhánh dream city""","=""0""","=""0""","=""5""","=""Low""","=""false"""
"=""techcombank eahleo""","=""0""","=""0""","=""2""","=""Low""","=""false"""
"=""techcombank earnings""","=""0""","=""0""","=""2""","=""Low""","=""false"""
"=""techcombank earnings call""","=""0""","=""0""","=""3""","=""Low""","=""false"""
"=""techcombank ebitda""","=""0""","=""0""","=""2""","=""Low""","=""false"""
"=""techcombank eib""","=""0""","=""0""","=""2""","=""Low""","=""false"""
"=""techcombank email hỗ trợ""","=""0""","=""0""","=""4""","=""Low""","=""false"""
"=""techcombank email address""","=""0""","=""0""","=""3""","=""Low""","=""false"""
"=""techcombank employees""","=""0""","=""0""","=""2""","=""Low""","=""false"""
"=""techcombank employer branding""","=""0""","=""0""","=""3""","=""Low""","=""false"""
"=""techcombank emart""","=""0""","=""0""","=""2""","=""Low""","=""false"""
"=""techcombank email chăm sóc khách hàng""","=""0""","=""0""","=""6""","=""Low""","=""false"""
"=""techcombank email format""","=""0""","=""0""","=""3""","=""Low""","=""false"""
"=""techcombank enjoy""","=""0""","=""0""","=""2""","=""Low""","=""false"""
"=""techcombank enterprise value""","=""0""","=""0""","=""3""","=""Low""","=""false"""
"=""techcombank english address""","=""0""","=""0""","=""3""","=""Low""","=""false"""
"=""techcombank epos app""","=""0""","=""0""","=""3""","=""Low""","=""false"""
"=""techcombank epos chấp nhận thanh toán những thẻ nào""","=""0""","=""0""","=""9""","=""Low""","=""false"""
"=""techcombank epos là gì""","=""0""","=""0""","=""4""","=""Low""","=""false"""
"=""techcombank epos ios""","=""0""","=""0""","=""3""","=""Low""","=""false"""
"=""techcombank epass""","=""0""","=""0""","=""2""","=""Low""","=""false"""
"=""techcombank eps""","=""0""","=""0""","=""2""","=""Low""","=""false"""
"=""techcombank error 9999""","=""0""","=""0""","=""3""","=""Low""","=""false"""
"=""techcombank erp""","=""0""","=""0""","=""2""","=""Low""","=""false"""
"=""techcombank etf""","=""0""","=""0""","=""2""","=""Low""","=""false"""
"=""techcombank etax""","=""0""","=""0""","=""2""","=""Low""","=""false"""
"=""techcombank etown""","=""0""","=""0""","=""2""","=""Low""","=""false"""
"=""techcombank etax mobile""","=""0""","=""0""","=""3""","=""Low""","=""false"""
"=""techcombank trên etax""","=""0""","=""0""","=""3""","=""Low""","=""false"""
"=""techcombank esop""","=""0""","=""0""","=""2""","=""Low""","=""false"""
"=""techcombank esg report""","=""0""","=""0""","=""3""","=""Low""","=""false"""
"=""techcombank estella""","=""0""","=""0""","=""2""","=""Low""","=""false"""
"=""techcombank esop 2025""","=""0""","=""0""","=""3""","=""Low""","=""false"""
"=""techcombank esg 2024""","=""0""","=""0""","=""3""","=""Low""","=""false"""
"=""techcombank esport""","=""0""","=""0""","=""2""","=""Low""","=""false"""
"=""techcombank real estate""","=""0""","=""0""","=""3""","=""Low""","=""false"""
"=""techcombank exchange""","=""0""","=""0""","=""2""","=""Low""","=""false"""
"=""techcombank executive team""","=""0""","=""0""","=""3""","=""Low""","=""false"""
"=""techcombank exchange rate usd""","=""0""","=""0""","=""4""","=""Low""","=""false"""
"=""techcombank external rating""","=""0""","=""0""","=""3""","=""Low""","=""false"""
"=""techcombank expat salary""","=""0""","=""0""","=""3""","=""Low""","=""false"""
"=""techcombank euro to vnd""","=""0""","=""0""","=""4""","=""Low""","=""false"""
"=""techcombank euro""","=""0""","=""0""","=""2""","=""Low""","=""false"""
"=""techcombank euroland""","=""0""","=""0""","=""2""","=""Low""","=""false"""
"=""techcombank mua euro""","=""0""","=""0""","=""3""","=""Low""","=""false"""
"=""techcombank đổi euro""","=""0""","=""0""","=""3""","=""Low""","=""false"""
"=""techcombank fake ipa""","=""0""","=""0""","=""3""","=""Low""","=""false"""
"=""techcombank face id""","=""0""","=""0""","=""3""","=""Low""","=""false"""
"=""techcombank everyday tích điểm""","=""0""","=""0""","=""4""","=""Low""","=""false"""
"=""techcombank everyday visa""","=""0""","=""0""","=""3""","=""Low""","=""false"""
"=""techcombank fee atm""","=""0""","=""0""","=""3""","=""Low""","=""false"""
"=""techcombank fest 2025""","=""0""","=""0""","=""3""","=""Low""","=""false"""
"=""techcombank fee vietnam""","=""0""","=""0""","=""3""","=""Low""","=""false"""
"=""techcombank feb""","=""0""","=""0""","=""2""","=""Low""","=""false"""
"=""techcombank feedback""","=""0""","=""0""","=""2""","=""Low""","=""false"""
"=""techcombank financial statement 2025""","=""0""","=""0""","=""4""","=""Low""","=""false"""
"=""techcombank fixed deposit rate""","=""0""","=""0""","=""4""","=""Low""","=""false"""
"=""techcombank financial statement 2024""","=""0""","=""0""","=""4""","=""Low""","=""false"""
"=""techcombank fitch rating""","=""0""","=""0""","=""3""","=""Low""","=""false"""
"=""techcombank fitch""","=""0""","=""0""","=""2""","=""Low""","=""false"""
"=""techcombank fintech""","=""0""","=""0""","=""2""","=""Low""","=""false"""
"=""techcombank flash deal""","=""0""","=""0""","=""3""","=""Low""","=""false"""
"=""techcombank flexible savings""","=""0""","=""0""","=""3""","=""Low""","=""false"""
"=""techcombank flagship""","=""0""","=""0""","=""2""","=""Low""","=""false"""
"=""techcombank online flexible savings""","=""0""","=""0""","=""4""","=""Low""","=""false"""
"=""techcombank tuyển dụng flutter""","=""0""","=""0""","=""4""","=""Low""","=""false"""
"=""techcombank form cv""","=""0""","=""0""","=""3""","=""Low""","=""false"""
"=""techcombank foreign exchange rate""","=""0""","=""0""","=""4""","=""Low""","=""false"""
"=""techcombank foreign exchange""","=""0""","=""0""","=""3""","=""Low""","=""false"""
"=""techcombank forex""","=""0""","=""0""","=""2""","=""Low""","=""false"""
"=""techcombank fx""","=""0""","=""0""","=""2""","=""Low""","=""false"""
"=""techcombank for business""","=""0""","=""0""","=""3""","=""Low""","=""false"""
"=""techcombank foreign transaction fee""","=""0""","=""0""","=""4""","=""Low""","=""false"""
"=""techcombank foster and partners""","=""0""","=""0""","=""4""","=""Low""","=""false"""
"=""techcombank elite""","=""0""","=""0""","=""2""","=""Low""","=""false"""
"=""techcombank elp""","=""0""","=""0""","=""2""","=""Low""","=""false"""
"=""techcombank travel elite""","=""0""","=""0""","=""3""","=""Low""","=""false"""
"=""techcombank fpt""","=""0""","=""0""","=""2""","=""Low""","=""false"""
"=""techcombank fpt shop""","=""0""","=""0""","=""3""","=""Low""","=""false"""
"=""techcombank và fpt""","=""0""","=""0""","=""3""","=""Low""","=""false"""
"=""techcombank hợp tác fpt""","=""0""","=""0""","=""4""","=""Low""","=""false"""
"=""techcombank fdi""","=""0""","=""0""","=""2""","=""Low""","=""false"""
"=""techcombank tuyển dụng fdi""","=""0""","=""0""","=""4""","=""Low""","=""false"""
"=""techcombank fresher 2026""","=""0""","=""0""","=""3""","=""Low""","=""false"""
"=""techcombank free upsize starbucks""","=""0""","=""0""","=""4""","=""Low""","=""false"""
"=""techcombank friend banking""","=""0""","=""0""","=""3""","=""Low""","=""false"""
"=""techcombank free metro""","=""0""","=""0""","=""3""","=""Low""","=""false"""
"=""techcombank free""","=""0""","=""0""","=""2""","=""Low""","=""false"""
"=""techcombank tuyển fresher""","=""0""","=""0""","=""3""","=""Low""","=""false"""
"=""techcombank tuyển dụng frontend""","=""0""","=""0""","=""4""","=""Low""","=""false"""
"=""techcombank fx rate""","=""0""","=""0""","=""3""","=""Low""","=""false"""
"=""techcombank g dragon""","=""0""","=""0""","=""3""","=""Low""","=""false"""
"=""techcombank tuyển gdv""","=""0""","=""0""","=""3""","=""Low""","=""false"""
"=""techcombank gamuda hà nội""","=""0""","=""0""","=""4""","=""Low""","=""false"""
"=""techcombank gang thép thái nguyên""","=""0""","=""0""","=""5""","=""Low""","=""false"""
"=""techcombank gan toi""","=""0""","=""0""","=""3""","=""Low""","=""false"""
"=""techcombank gần tôi""","=""0""","=""0""","=""3""","=""Low""","=""false"""
"=""techcombank game""","=""0""","=""0""","=""2""","=""Low""","=""false"""
"=""techcombank gbp to vnd""","=""0""","=""0""","=""4""","=""Low""","=""false"""
"=""techcombank tỷ giá gbp""","=""0""","=""0""","=""4""","=""Low""","=""false"""
"=""techcombank general insurance""","=""0""","=""0""","=""3""","=""Low""","=""false"""
"=""techcombank geleximco""","=""0""","=""0""","=""2""","=""Low""","=""false"""
"=""techcombank general management""","=""0""","=""0""","=""3""","=""Low""","=""false"""
"=""techcombank genai""","=""0""","=""0""","=""2""","=""Low""","=""false"""
"=""techcombank geleximco lê trọng tấn""","=""0""","=""0""","=""5""","=""Low""","=""false"""
"=""techcombank gen z""","=""0""","=""0""","=""3""","=""Low""","=""false"""
"=""techcombank gen""","=""0""","=""0""","=""2""","=""Low""","=""false"""
"=""techcombank gg map""","=""0""","=""0""","=""3""","=""Low""","=""false"""
"=""techcombank ghi tắt""","=""0""","=""0""","=""3""","=""Low""","=""false"""
"=""techcombank thẻ ghi nợ quốc tế""","=""0""","=""0""","=""6""","=""Low""","=""false"""
"=""techcombank thẻ ghi nợ nội địa""","=""0""","=""0""","=""6""","=""Low""","=""false"""
"=""techcombank có thẻ ghi nợ không""","=""0""","=""0""","=""6""","=""Low""","=""false"""
"=""techcombank glassdoor""","=""0""","=""0""","=""2""","=""Low""","=""false"""
"=""techcombank global""","=""0""","=""0""","=""2""","=""Low""","=""false"""
"=""techcombank global finance""","=""0""","=""0""","=""3""","=""Low""","=""false"""
"=""techcombank global name""","=""0""","=""0""","=""3""","=""Low""","=""false"""
"=""techcombank marathon global city""","=""0""","=""0""","=""4""","=""Low""","=""false"""
"=""techcombank chi nhánh global city""","=""0""","=""0""","=""5""","=""Low""","=""false"""
"=""techcombank gmail""","=""0""","=""0""","=""2""","=""Low""","=""false"""
"=""techcombank gms""","=""0""","=""0""","=""2""","=""Low""","=""false"""
"=""techcombank golf""","=""0""","=""0""","=""2""","=""Low""","=""false"""
"=""techcombank google map""","=""0""","=""0""","=""3""","=""Low""","=""false"""
"=""techcombank google pay""","=""0""","=""0""","=""3""","=""Low""","=""false"""
"=""techcombank go dau""","=""0""","=""0""","=""3""","=""Low""","=""false"""
"=""techcombank gogi""","=""0""","=""0""","=""2""","=""Low""","=""false"""
"=""techcombank group""","=""0""","=""0""","=""2""","=""Low""","=""false"""
"=""techcombank grand park quận 9""","=""0""","=""0""","=""5""","=""Low""","=""false"""
"=""techcombank graduate program""","=""0""","=""0""","=""3""","=""Low""","=""false"""
"=""techcombank gs1""","=""0""","=""0""","=""2""","=""Low""","=""false"""
"=""techcombank gts""","=""0""","=""0""","=""2""","=""Low""","=""false"""
"=""techcombank guideline""","=""0""","=""0""","=""2""","=""Low""","=""false"""
"=""techcombank user guide""","=""0""","=""0""","=""3""","=""Low""","=""false"""
"=""techcombank tien gui""","=""0""","=""0""","=""3""","=""Low""","=""false"""
"=""techcombank business user guide""","=""0""","=""0""","=""4""","=""Low""","=""false"""
"=""techcombank gv""","=""0""","=""0""","=""2""","=""Low""","=""false"""
"=""techcombank hay mbbank tốt hơn""","=""0""","=""0""","=""5""","=""Low""","=""false"""
"=""techcombank hdqt""","=""0""","=""0""","=""2""","=""Low""","=""false"""
"=""techcombank và hdbank""","=""0""","=""0""","=""3""","=""Low""","=""false"""
"=""techcombank hiệp thành""","=""0""","=""0""","=""3""","=""Low""","=""false"""
"=""techcombank him lam""","=""0""","=""0""","=""3""","=""Low""","=""false"""
"=""techcombank hiện đang thực hiện giao dịch bao nhiêu loại ngoại tệ""","=""0""","=""0""","=""12""","=""Low""","=""false"""
"=""techcombank hiệp hòa""","=""0""","=""0""","=""3""","=""Low""","=""false"""
"=""techcombank health insurance""","=""0""","=""0""","=""3""","=""Low""","=""false"""
"=""techcombank headquarters ho chi minh city foster partners""","=""0""","=""0""","=""8""","=""Low""","=""false"""
"=""techcombank help""","=""0""","=""0""","=""2""","=""Low""","=""false"""
"=""techcombank healthcare""","=""0""","=""0""","=""2""","=""Low""","=""false"""
"=""techcombank hqv""","=""0""","=""0""","=""2""","=""Low""","=""false"""
"=""techcombank hq hanoi""","=""0""","=""0""","=""3""","=""Low""","=""false"""
"=""techcombank hq address""","=""0""","=""0""","=""3""","=""Low""","=""false"""
"=""techcombank hr""","=""0""","=""0""","=""2""","=""Low""","=""false"""
"=""techcombank hr connect""","=""0""","=""0""","=""3""","=""Low""","=""false"""
"=""techcombank hr intern""","=""0""","=""0""","=""3""","=""Low""","=""false"""
"=""techcombank tuyển dụng hrbp""","=""0""","=""0""","=""4""","=""Low""","=""false"""
"=""techcombank hkd""","=""0""","=""0""","=""2""","=""Low""","=""false"""
"=""techcombank hủy thẻ tín dụng""","=""0""","=""0""","=""5""","=""Low""","=""false"""
"=""techcombank hcm tuyển dụng""","=""0""","=""0""","=""4""","=""Low""","=""false"""
"=""techcombank hcm 2026""","=""0""","=""0""","=""3""","=""Low""","=""false"""
"=""techcombank hn 2025""","=""0""","=""0""","=""3""","=""Low""","=""false"""
"=""techcombank marathon hn 2025""","=""0""","=""0""","=""4""","=""Low""","=""false"""
"=""techcombank marathon hn""","=""0""","=""0""","=""3""","=""Low""","=""false"""
"=""techcombank international marathon hn 2026""","=""0""","=""0""","=""5""","=""Low""","=""false"""
"=""techcombank international marathon hn 2025""","=""0""","=""0""","=""5""","=""Low""","=""false"""
"=""techcombank ic number""","=""0""","=""0""","=""3""","=""Low""","=""false"""
"=""techcombank icon png""","=""0""","=""0""","=""3""","=""Low""","=""false"""
"=""techcombank identification code""","=""0""","=""0""","=""3""","=""Low""","=""false"""
"=""techcombank ido""","=""0""","=""0""","=""2""","=""Low""","=""false"""
"=""techcombank bank id""","=""0""","=""0""","=""3""","=""Low""","=""false"""
"=""techcombank bank identification code""","=""0""","=""0""","=""4""","=""Low""","=""false"""
"=""techcombank ifrs""","=""0""","=""0""","=""2""","=""Low""","=""false"""
"=""techcombank ifsc code""","=""0""","=""0""","=""3""","=""Low""","=""false"""
"=""techcombank ifc""","=""0""","=""0""","=""2""","=""Low""","=""false"""
"=""techcombank basel iii""","=""0""","=""0""","=""3""","=""Low""","=""false"""
"=""techcombank image""","=""0""","=""0""","=""2""","=""Low""","=""false"""
"=""techcombank imperia""","=""0""","=""0""","=""2""","=""Low""","=""false"""
"=""techcombank vin imperia hải phòng""","=""0""","=""0""","=""5""","=""Low""","=""false"""
"=""techcombank ios app""","=""0""","=""0""","=""3""","=""Low""","=""false"""
"=""techcombank mobile ios""","=""0""","=""0""","=""3""","=""Low""","=""false"""
"=""techcombank hỗ trợ ios mấy""","=""0""","=""0""","=""5""","=""Low""","=""false"""
"=""techcombank tuyển dụng ios""","=""0""","=""0""","=""4""","=""Low""","=""false"""
"=""techcombank yêu cầu ios bao nhiêu""","=""0""","=""0""","=""6""","=""Low""","=""false"""
"=""techcombank ipo 2018""","=""0""","=""0""","=""3""","=""Low""","=""false"""
"=""techcombank iphone""","=""0""","=""0""","=""2""","=""Low""","=""false"""
"=""techcombank ipo năm nào""","=""0""","=""0""","=""4""","=""Low""","=""false"""
"=""techcombank ipo khi nào""","=""0""","=""0""","=""4""","=""Low""","=""false"""
"=""techcombank ip17""","=""0""","=""0""","=""2""","=""Low""","=""false"""
"=""techcombank isushi""","=""0""","=""0""","=""2""","=""Low""","=""false"""
"=""techcombank isave""","=""0""","=""0""","=""2""","=""Low""","=""false"""
"=""techcombank issue""","=""0""","=""0""","=""2""","=""Low""","=""false"""
"=""techcombank it tuyển dụng""","=""0""","=""0""","=""4""","=""Low""","=""false"""
"=""techcombank it talent""","=""0""","=""0""","=""3""","=""Low""","=""false"""
"=""techcombank it""","=""0""","=""0""","=""2""","=""Low""","=""false"""
"=""techcombank it voz""","=""0""","=""0""","=""3""","=""Low""","=""false"""
"=""techcombank it review""","=""0""","=""0""","=""3""","=""Low""","=""false"""
"=""techcombank it division""","=""0""","=""0""","=""3""","=""Low""","=""false"""
"=""techcombank it career""","=""0""","=""0""","=""3""","=""Low""","=""false"""
"=""techcombank it job""","=""0""","=""0""","=""3""","=""Low""","=""false"""
"=""techcombank java""","=""0""","=""0""","=""2""","=""Low""","=""false"""
"=""techcombank java dev""","=""0""","=""0""","=""3""","=""Low""","=""false"""
"=""techcombank japan""","=""0""","=""0""","=""2""","=""Low""","=""false"""
"=""techcombank han jardin""","=""0""","=""0""","=""3""","=""Low""","=""false"""
"=""techcombank tuyển java""","=""0""","=""0""","=""3""","=""Low""","=""false"""
"=""techcombank tuyển dụng java developer""","=""0""","=""0""","=""5""","=""Low""","=""false"""
"=""techcombank có thẻ jcb không""","=""0""","=""0""","=""5""","=""Low""","=""false"""
"=""techcombank jd""","=""0""","=""0""","=""2""","=""Low""","=""false"""
"=""techcombank jens lottner""","=""0""","=""0""","=""3""","=""Low""","=""false"""
"=""techcombank hsc""","=""0""","=""0""","=""2""","=""Low""","=""false"""
"=""techcombank hso""","=""0""","=""0""","=""2""","=""Low""","=""false"""
"=""techcombank hsc là gì""","=""0""","=""0""","=""4""","=""Low""","=""false"""
"=""techcombank và hsbc""","=""0""","=""0""","=""3""","=""Low""","=""false"""
"=""techcombank vn hsc""","=""0""","=""0""","=""3""","=""Low""","=""false"""
"=""techcombank jpy""","=""0""","=""0""","=""2""","=""Low""","=""false"""
"=""techcombank jpy to vnd""","=""0""","=""0""","=""4""","=""Low""","=""false"""
"=""techcombank tỷ giá jpy""","=""0""","=""0""","=""4""","=""Low""","=""false"""
"=""techcombank jsc""","=""0""","=""0""","=""2""","=""Low""","=""false"""
"=""techcombank junior""","=""0""","=""0""","=""2""","=""Low""","=""false"""
"=""techcombank cư jut""","=""0""","=""0""","=""3""","=""Low""","=""false"""
"=""techcombank joint stock""","=""0""","=""0""","=""3""","=""Low""","=""false"""
"=""techcombank joint account""","=""0""","=""0""","=""3""","=""Low""","=""false"""
"=""techcombank joint stock company""","=""0""","=""0""","=""4""","=""Low""","=""false"""
"=""techcombank joint stock commercial bank""","=""0""","=""0""","=""5""","=""Low""","=""false"""
"=""techcombank job intern""","=""0""","=""0""","=""3""","=""Low""","=""false"""
"=""techcombank securities joint stock company""","=""0""","=""0""","=""5""","=""Low""","=""false"""
"=""techcombank vietnam jobs""","=""0""","=""0""","=""3""","=""Low""","=""false"""
"=""techcombank key visual""","=""0""","=""0""","=""3""","=""Low""","=""false"""
"=""techcombank keynote 2024""","=""0""","=""0""","=""3""","=""Low""","=""false"""
"=""techcombank keangnam giờ làm việc""","=""0""","=""0""","=""5""","=""Low""","=""false"""
"=""techcombank keangnam hà nội""","=""0""","=""0""","=""4""","=""Low""","=""false"""
"=""techcombank keangnam ảnh""","=""0""","=""0""","=""3""","=""Low""","=""false"""
"=""techcombank key talent""","=""0""","=""0""","=""3""","=""Low""","=""false"""
"=""techcombank khi nào chia cổ tức""","=""0""","=""0""","=""6""","=""Low""","=""false"""
"=""techcombank katinat""","=""0""","=""0""","=""2""","=""Low""","=""false"""
"=""techcombank bắc kan""","=""0""","=""0""","=""3""","=""Low""","=""false"""
"=""techcombank chang kang kung""","=""0""","=""0""","=""4""","=""Low""","=""false"""
"=""techcombank chi nhánh kangnam""","=""0""","=""0""","=""4""","=""Low""","=""false"""
"=""techcombank klook""","=""0""","=""0""","=""2""","=""Low""","=""false"""
"=""techcombank kqkd""","=""0""","=""0""","=""2""","=""Low""","=""false"""
"=""techcombank krong pak""","=""0""","=""0""","=""3""","=""Low""","=""false"""
"=""techcombank krông pắc đắk lắk""","=""0""","=""0""","=""5""","=""Low""","=""false"""
"=""techcombank krông năng đắk lắk""","=""0""","=""0""","=""5""","=""Low""","=""false"""
"=""techcombank tỷ giá krw""","=""0""","=""0""","=""4""","=""Low""","=""false"""
"=""techcombank ko truy cập được""","=""0""","=""0""","=""5""","=""Low""","=""false"""
"=""techcombank ko vào được app""","=""0""","=""0""","=""5""","=""Low""","=""false"""
"=""techcombank ko bật được xác thực khuôn mặt""","=""0""","=""0""","=""8""","=""Low""","=""false"""
"=""techcombank ko gửi mã otp""","=""0""","=""0""","=""5""","=""Low""","=""false"""
"=""techcombank ky anh""","=""0""","=""0""","=""3""","=""Low""","=""false"""
"=""techcombank liên hệ tổng đài""","=""0""","=""0""","=""5""","=""Low""","=""false"""
"=""techcombank ls""","=""0""","=""0""","=""2""","=""Low""","=""false"""
"=""techcombank lumiere ảnh""","=""0""","=""0""","=""3""","=""Low""","=""false"""
"=""techcombank luc nam""","=""0""","=""0""","=""3""","=""Low""","=""false"""
"=""techcombank ly tu trong""","=""0""","=""0""","=""4""","=""Low""","=""false"""
"=""techcombank lý thường kiệt hóc môn""","=""0""","=""0""","=""6""","=""Low""","=""false"""
"=""techcombank lý thường kiệt hà nội""","=""0""","=""0""","=""6""","=""Low""","=""false"""
"=""techcombank lý thái tổ bắc ninh""","=""0""","=""0""","=""6""","=""Low""","=""false"""
"=""techcombank lý thường kiệt huế""","=""0""","=""0""","=""5""","=""Low""","=""false"""
"=""techcombank mcc""","=""0""","=""0""","=""2""","=""Low""","=""false"""
"=""techcombank mcc loại trừ""","=""0""","=""0""","=""4""","=""Low""","=""false"""
"=""techcombank mcp""","=""0""","=""0""","=""2""","=""Low""","=""false"""
"=""techcombank mb""","=""0""","=""0""","=""2""","=""Low""","=""false"""
"=""techcombank mbbank""","=""0""","=""0""","=""2""","=""Low""","=""false"""
"=""techcombank và mb bank""","=""0""","=""0""","=""4""","=""Low""","=""false"""
"=""techcombank rút mb được không""","=""0""","=""0""","=""5""","=""Low""","=""false"""
"=""techcombank hay mb""","=""0""","=""0""","=""3""","=""Low""","=""false"""
"=""techcombank mdp""","=""0""","=""0""","=""2""","=""Low""","=""false"""
"=""techcombank mobifone mdp""","=""0""","=""0""","=""3""","=""Low""","=""false"""
"=""techcombank metropolis liễu giai""","=""0""","=""0""","=""4""","=""Low""","=""false"""
"=""techcombank merchant one""","=""0""","=""0""","=""3""","=""Low""","=""false"""
"=""techcombank meaning""","=""0""","=""0""","=""2""","=""Low""","=""false"""
"=""techcombank me tri""","=""0""","=""0""","=""3""","=""Low""","=""false"""
"=""techcombank membership""","=""0""","=""0""","=""2""","=""Low""","=""false"""
"=""techcombank meme""","=""0""","=""0""","=""2""","=""Low""","=""false"""
"=""techcombank mgm""","=""0""","=""0""","=""2""","=""Low""","=""false"""
"=""techcombank quên mk""","=""0""","=""0""","=""3""","=""Low""","=""false"""
"=""techcombank lvb""","=""0""","=""0""","=""2""","=""Low""","=""false"""
"=""techcombank mobile apk download""","=""0""","=""0""","=""4""","=""Low""","=""false"""
"=""techcombank mobile không vào được""","=""0""","=""0""","=""5""","=""Low""","=""false"""
"=""techcombank mpos""","=""0""","=""0""","=""2""","=""Low""","=""false"""
"=""techcombank michelin""","=""0""","=""0""","=""2""","=""Low""","=""false"""
"=""techcombank miễn phí giao dịch ngoại tệ""","=""0""","=""0""","=""7""","=""Low""","=""false"""
"=""techcombank misa""","=""0""","=""0""","=""2""","=""Low""","=""false"""
"=""techcombank miễn phí metro""","=""0""","=""0""","=""4""","=""Low""","=""false"""
"=""techcombank miễn phí chuyển tiền quốc tế""","=""0""","=""0""","=""7""","=""Low""","=""false"""
"=""techcombank millennium""","=""0""","=""0""","=""2""","=""Low""","=""false"""
"=""techcombank tuyển mt""","=""0""","=""0""","=""3""","=""Low""","=""false"""
"=""techcombank mua vé máy bay""","=""0""","=""0""","=""5""","=""Low""","=""false"""
"=""techcombank mua vé xem phim""","=""0""","=""0""","=""5""","=""Low""","=""false"""
"=""techcombank mua đô""","=""0""","=""0""","=""3""","=""Low""","=""false"""
"=""techcombank mua nợ""","=""0""","=""0""","=""3""","=""Low""","=""false"""
"=""techcombank mua usd""","=""0""","=""0""","=""3""","=""Low""","=""false"""
"=""techcombank mua bán ngoại tệ""","=""0""","=""0""","=""5""","=""Low""","=""false"""
"=""techcombank mycash lãi suất""","=""0""","=""0""","=""4""","=""Low""","=""false"""
"=""techcombank mycash là gì""","=""0""","=""0""","=""4""","=""Low""","=""false"""
"=""techcombank my sharepoint""","=""0""","=""0""","=""3""","=""Low""","=""false"""
"=""techcombank my own greatness""","=""0""","=""0""","=""4""","=""Low""","=""false"""
"=""techcombank nam định ảnh""","=""0""","=""0""","=""4""","=""Low""","=""false"""
"=""techcombank nam phước""","=""0""","=""0""","=""3""","=""Low""","=""false"""
"=""techcombank neo""","=""0""","=""0""","=""2""","=""Low""","=""false"""
"=""techcombank next gen 2026""","=""0""","=""0""","=""4""","=""Low""","=""false"""
"=""techcombank near here""","=""0""","=""0""","=""3""","=""Low""","=""false"""
"=""techcombank nearby""","=""0""","=""0""","=""2""","=""Low""","=""false"""
"=""techcombank net worth""","=""0""","=""0""","=""3""","=""Low""","=""false"""
"=""techcombank next gen 2025""","=""0""","=""0""","=""4""","=""Low""","=""false"""
"=""techcombank có cần nfc không""","=""0""","=""0""","=""5""","=""Low""","=""false"""
"=""techcombank nhập mã giới thiệu""","=""0""","=""0""","=""5""","=""Low""","=""false"""
"=""techcombank securities mst""","=""0""","=""0""","=""3""","=""Low""","=""false"""
"=""techcombank hội sở mst""","=""0""","=""0""","=""4""","=""Low""","=""false"""
"=""techcombank sài gòn mst""","=""0""","=""0""","=""4""","=""Low""","=""false"""
"=""techcombank quang trung mst""","=""0""","=""0""","=""4""","=""Low""","=""false"""
"=""techcombank ninh thuận tuyển dụng""","=""0""","=""0""","=""5""","=""Low""","=""false"""
"=""techcombank nkkn""","=""0""","=""0""","=""2""","=""Low""","=""false"""
"=""techcombank non life insurance""","=""0""","=""0""","=""4""","=""Low""","=""false"""
"=""techcombank noti""","=""0""","=""0""","=""2""","=""Low""","=""false"""
"=""techcombank noi bai lounge""","=""0""","=""0""","=""4""","=""Low""","=""false"""
"=""techcombank notification""","=""0""","=""0""","=""2""","=""Low""","=""false"""
"=""techcombank non life insurance tuyển dụng""","=""0""","=""0""","=""6""","=""Low""","=""false"""
"=""techcombank nop thue""","=""0""","=""0""","=""3""","=""Low""","=""false"""
"=""techcombank npl""","=""0""","=""0""","=""2""","=""Low""","=""false"""
"=""techcombank nps""","=""0""","=""0""","=""2""","=""Low""","=""false"""
"=""techcombank ntmk""","=""0""","=""0""","=""2""","=""Low""","=""false"""
"=""techcombank ntd""","=""0""","=""0""","=""2""","=""Low""","=""false"""
"=""techcombank nuốt tiền""","=""0""","=""0""","=""3""","=""Low""","=""false"""
"=""techcombank number""","=""0""","=""0""","=""2""","=""Low""","=""false"""
"=""techcombank nuoc ngoai""","=""0""","=""0""","=""3""","=""Low""","=""false"""
"=""techcombank number of employees""","=""0""","=""0""","=""4""","=""Low""","=""false"""
"=""techcombank tỷ giá nzd""","=""0""","=""0""","=""4""","=""Low""","=""false"""
"=""techcombank office hanoi""","=""0""","=""0""","=""3""","=""Low""","=""false"""
"=""techcombank official name""","=""0""","=""0""","=""3""","=""Low""","=""false"""
"=""techcombank office ho chi minh""","=""0""","=""0""","=""5""","=""Low""","=""false"""
"=""techcombank offer""","=""0""","=""0""","=""2""","=""Low""","=""false"""
"=""techcombank old version""","=""0""","=""0""","=""3""","=""Low""","=""false"""
"=""techcombank apk old version""","=""0""","=""0""","=""4""","=""Low""","=""false"""
"=""techcombank có ok không""","=""0""","=""0""","=""4""","=""Low""","=""false"""
"=""techcombank ocp""","=""0""","=""0""","=""2""","=""Low""","=""false"""
"=""techcombank ocp2""","=""0""","=""0""","=""2""","=""Low""","=""false"""
"=""techcombank ocean park 3""","=""0""","=""0""","=""4""","=""Low""","=""false"""
"=""techcombank ocean""","=""0""","=""0""","=""2""","=""Low""","=""false"""
"=""techcombank one ui là gì""","=""0""","=""0""","=""5""","=""Low""","=""false"""
"=""techcombank ooh""","=""0""","=""0""","=""2""","=""Low""","=""false"""
"=""techcombank omon""","=""0""","=""0""","=""2""","=""Low""","=""false"""
"=""techcombank omakase""","=""0""","=""0""","=""2""","=""Low""","=""false"""
"=""techcombank org chart""","=""0""","=""0""","=""3""","=""Low""","=""false"""
"=""techcombank origin""","=""0""","=""0""","=""2""","=""Low""","=""false"""
"=""techcombank oracle""","=""0""","=""0""","=""2""","=""Low""","=""false"""
"=""techcombank oa""","=""0""","=""0""","=""2""","=""Low""","=""false"""
"=""techcombank zalo oa""","=""0""","=""0""","=""3""","=""Low""","=""false"""
"=""techcombank thanh oai hà nội""","=""0""","=""0""","=""5""","=""Low""","=""false"""
"=""techcombank quảng oai""","=""0""","=""0""","=""3""","=""Low""","=""false"""
"=""techcombank nguyễn oanh thuộc chi nhánh nào""","=""0""","=""0""","=""7""","=""Low""","=""false"""
"=""techcombank internal otp""","=""0""","=""0""","=""3""","=""Low""","=""false"""
"=""techcombank int otp là gì""","=""0""","=""0""","=""5""","=""Low""","=""false"""
"=""techcombank ownership""","=""0""","=""0""","=""2""","=""Low""","=""false"""
"=""techcombank ownership structure""","=""0""","=""0""","=""3""","=""Low""","=""false"""
"=""techcombank product owner""","=""0""","=""0""","=""3""","=""Low""","=""false"""
"=""techcombank vietnam owner""","=""0""","=""0""","=""3""","=""Low""","=""false"""
"=""techcombank overview""","=""0""","=""0""","=""2""","=""Low""","=""false"""
"=""techcombank overseas talent roadshow 2024""","=""0""","=""0""","=""5""","=""Low""","=""false"""
"=""techcombank overseas talent roadshow 2026""","=""0""","=""0""","=""5""","=""Low""","=""false"""
"=""techcombank overseas""","=""0""","=""0""","=""2""","=""Low""","=""false"""
"=""techcombank outage""","=""0""","=""0""","=""2""","=""Low""","=""false"""
"=""techcombank share outstanding""","=""0""","=""0""","=""3""","=""Low""","=""false"""
"=""techcombank partnership""","=""0""","=""0""","=""2""","=""Low""","=""false"""
"=""techcombank payment gateway""","=""0""","=""0""","=""3""","=""Low""","=""false"""
"=""techcombank park""","=""0""","=""0""","=""2""","=""Low""","=""false"""
"=""techcombank paris""","=""0""","=""0""","=""2""","=""Low""","=""false"""
"=""techcombank app pc""","=""0""","=""0""","=""3""","=""Low""","=""false"""
"=""techcombank open account foreigner requirements""","=""0""","=""0""","=""5""","=""Low""","=""false"""
"=""techcombank open account""","=""0""","=""0""","=""3""","=""Low""","=""false"""
"=""techcombank open banking""","=""0""","=""0""","=""3""","=""Low""","=""false"""
"=""techcombank open time""","=""0""","=""0""","=""3""","=""Low""","=""false"""
"=""techcombank opera""","=""0""","=""0""","=""2""","=""Low""","=""false"""
"=""techcombank openai""","=""0""","=""0""","=""2""","=""Low""","=""false"""
"=""techcombank pdf""","=""0""","=""0""","=""2""","=""Low""","=""false"""
"=""techcombank pdl""","=""0""","=""0""","=""2""","=""Low""","=""false"""
"=""techcombank everyday pdf""","=""0""","=""0""","=""3""","=""Low""","=""false"""
"=""techcombank pil""","=""0""","=""0""","=""2""","=""Low""","=""false"""
"=""techcombank pizza 4p""","=""0""","=""0""","=""3""","=""Low""","=""false"""
"=""techcombank pioneering innovation in vietnam""","=""0""","=""0""","=""5""","=""Low""","=""false"""
"=""techcombank pickleball""","=""0""","=""0""","=""2""","=""Low""","=""false"""
"=""techcombank pi network""","=""0""","=""0""","=""3""","=""Low""","=""false"""
"=""techcombank picture""","=""0""","=""0""","=""2""","=""Low""","=""false"""
"=""techcombank pi""","=""0""","=""0""","=""2""","=""Low""","=""false"""
"=""techcombank pin""","=""0""","=""0""","=""2""","=""Low""","=""false"""
"=""techcombank warburg pincus""","=""0""","=""0""","=""3""","=""Low""","=""false"""
"=""techcombank pgd""","=""0""","=""0""","=""2""","=""Low""","=""false"""
"=""techcombank pgd an hưng""","=""0""","=""0""","=""4""","=""Low""","=""false"""
"=""techcombank pgd an lạc""","=""0""","=""0""","=""4""","=""Low""","=""false"""
"=""techcombank pgd nguyễn cơ thạch""","=""0""","=""0""","=""5""","=""Low""","=""false"""
"=""techcombank pgd lĩnh nam""","=""0""","=""0""","=""4""","=""Low""","=""false"""
"=""techcombank pgd bàu cát""","=""0""","=""0""","=""4""","=""Low""","=""false"""
"=""techcombank pgd trần thái tông thuộc chi nhánh nào""","=""0""","=""0""","=""9""","=""Low""","=""false"""
"=""techcombank pnp""","=""0""","=""0""","=""2""","=""Low""","=""false"""
"=""techcombank png logo""","=""0""","=""0""","=""3""","=""Low""","=""false"""
"=""techcombank và pnj""","=""0""","=""0""","=""3""","=""Low""","=""false"""
"=""techcombank x pnj""","=""0""","=""0""","=""3""","=""Low""","=""false"""
"=""techcombank tuần lễ pnp""","=""0""","=""0""","=""4""","=""Low""","=""false"""
"=""techcombank pmh""","=""0""","=""0""","=""2""","=""Low""","=""false"""
"=""techcombank tuyển pm""","=""0""","=""0""","=""3""","=""Low""","=""false"""
"=""techcombank tuyển dụng pm""","=""0""","=""0""","=""4""","=""Low""","=""false"""
"=""techcombank chi nhánh pmh""","=""0""","=""0""","=""4""","=""Low""","=""false"""
"=""techcombank ppt""","=""0""","=""0""","=""2""","=""Low""","=""false"""
"=""techcombank pleiku gia lai""","=""0""","=""0""","=""4""","=""Low""","=""false"""
"=""techcombank portal""","=""0""","=""0""","=""2""","=""Low""","=""false"""
"=""techcombank point""","=""0""","=""0""","=""2""","=""Low""","=""false"""
"=""techcombank podcast""","=""0""","=""0""","=""2""","=""Low""","=""false"""
"=""techcombank powerpoint""","=""0""","=""0""","=""2""","=""Low""","=""false"""
"=""techcombank post""","=""0""","=""0""","=""2""","=""Low""","=""false"""
"=""techcombank portfolio""","=""0""","=""0""","=""2""","=""Low""","=""false"""
"=""techcombank pq""","=""0""","=""0""","=""2""","=""Low""","=""false"""
"=""techcombank tuyển dụng pqa""","=""0""","=""0""","=""4""","=""Low""","=""false"""
"=""techcombank psm""","=""0""","=""0""","=""2""","=""Low""","=""false"""
"=""techcombank pvi""","=""0""","=""0""","=""2""","=""Low""","=""false"""
"=""techcombank pxl""","=""0""","=""0""","=""2""","=""Low""","=""false"""
"=""techcombank pxa""","=""0""","=""0""","=""2""","=""Low""","=""false"""
"=""techcombank tuyển dụng qc""","=""0""","=""0""","=""4""","=""Low""","=""false"""
"=""techcombank pearl plaza""","=""0""","=""0""","=""3""","=""Low""","=""false"""
"=""techcombank people""","=""0""","=""0""","=""2""","=""Low""","=""false"""
"=""techcombank pentest""","=""0""","=""0""","=""2""","=""Low""","=""false"""
"=""techcombank saigon pearl""","=""0""","=""0""","=""3""","=""Low""","=""false"""
"=""techcombank chief people officer""","=""0""","=""0""","=""4""","=""Low""","=""false"""
"=""techcombank tuyển dụng qa""","=""0""","=""0""","=""4""","=""Low""","=""false"""
"=""techcombank qn""","=""0""","=""0""","=""2""","=""Low""","=""false"""
"=""techcombank ql50""","=""0""","=""0""","=""2""","=""Low""","=""false"""
"=""techcombank ql13""","=""0""","=""0""","=""2""","=""Low""","=""false"""
"=""techcombank qr cửa hàng""","=""0""","=""0""","=""4""","=""Low""","=""false"""
"=""techcombank quét qr thái lan""","=""0""","=""0""","=""5""","=""Low""","=""false"""
"=""techcombank ranking in vietnam""","=""0""","=""0""","=""4""","=""Low""","=""false"""
"=""techcombank race 2025""","=""0""","=""0""","=""3""","=""Low""","=""false"""
"=""techcombank ranking""","=""0""","=""0""","=""2""","=""Low""","=""false"""
"=""techcombank ra mắt công ty bảo hiểm""","=""0""","=""0""","=""7""","=""Low""","=""false"""
"=""techcombank qpon""","=""0""","=""0""","=""2""","=""Low""","=""false"""
"=""techcombank rcc""","=""0""","=""0""","=""2""","=""Low""","=""false"""
"=""techcombank rgb""","=""0""","=""0""","=""2""","=""Low""","=""false"""
"=""techcombank riverside""","=""0""","=""0""","=""2""","=""Low""","=""false"""
"=""techcombank risk management""","=""0""","=""0""","=""3""","=""Low""","=""false"""
"=""techcombank rinh lộc""","=""0""","=""0""","=""3""","=""Low""","=""false"""
"=""techcombank rinh lộc tết ngay""","=""0""","=""0""","=""5""","=""Low""","=""false"""
"=""techcombank rinh lời sinh lộc""","=""0""","=""0""","=""5""","=""Low""","=""false"""
"=""techcombank vinhomes riverside""","=""0""","=""0""","=""3""","=""Low""","=""false"""
"=""techcombank runner""","=""0""","=""0""","=""2""","=""Low""","=""false"""
"=""techcombank rut tien khong the""","=""0""","=""0""","=""5""","=""Low""","=""false"""
"=""techcombank rmb""","=""0""","=""0""","=""2""","=""Low""","=""false"""
"=""techcombank root""","=""0""","=""0""","=""2""","=""Low""","=""false"""
"=""techcombank roadshow 2026""","=""0""","=""0""","=""3""","=""Low""","=""false"""
"=""techcombank royal city hà nội""","=""0""","=""0""","=""5""","=""Low""","=""false"""
"=""techcombank scandal""","=""0""","=""0""","=""2""","=""Low""","=""false"""
"=""techcombank scf""","=""0""","=""0""","=""2""","=""Low""","=""false"""
"=""techcombank data scientist""","=""0""","=""0""","=""3""","=""Low""","=""false"""
"=""techcombank credit score""","=""0""","=""0""","=""3""","=""Low""","=""false"""
"=""techcombank tuyển dụng scrum master""","=""0""","=""0""","=""5""","=""Low""","=""false"""
"=""techcombank back to school""","=""0""","=""0""","=""4""","=""Low""","=""false"""
"=""techcombank sdt hỗ trợ""","=""0""","=""0""","=""4""","=""Low""","=""false"""
"=""techcombank sao kê ngày mấy""","=""0""","=""0""","=""5""","=""Low""","=""false"""
"=""techcombank sao đỏ""","=""0""","=""0""","=""3""","=""Low""","=""false"""
"=""techcombank sgd to vnd""","=""0""","=""0""","=""4""","=""Low""","=""false"""
"=""techcombank sgd""","=""0""","=""0""","=""2""","=""Low""","=""false"""
"=""techcombank tỷ giá sgd""","=""0""","=""0""","=""4""","=""Low""","=""false"""
"=""techcombank sinh lời tự động có an toàn không""","=""0""","=""0""","=""9""","=""Low""","=""false"""
"=""techcombank shopeevip""","=""0""","=""0""","=""2""","=""Low""","=""false"""
"=""techcombank shopdeal""","=""0""","=""0""","=""2""","=""Low""","=""false"""
"=""techcombank shareholders""","=""0""","=""0""","=""2""","=""Low""","=""false"""
"=""techcombank sharepoint""","=""0""","=""0""","=""2""","=""Low""","=""false"""
"=""techcombank security tuyển dụng""","=""0""","=""0""","=""4""","=""Low""","=""false"""
"=""techcombank securities tuyển dụng thực tập sinh""","=""0""","=""0""","=""7""","=""Low""","=""false"""
"=""techcombank seller""","=""0""","=""0""","=""2""","=""Low""","=""false"""
"=""techcombank slide template""","=""0""","=""0""","=""3""","=""Low""","=""false"""
"=""techcombank slogan sinh lời tự động""","=""0""","=""0""","=""6""","=""Low""","=""false"""
"=""techcombank slogan english""","=""0""","=""0""","=""3""","=""Low""","=""false"""
"=""techcombank sky center""","=""0""","=""0""","=""3""","=""Low""","=""false"""
"=""techcombank sjc""","=""0""","=""0""","=""2""","=""Low""","=""false"""
"=""techcombank song an""","=""0""","=""0""","=""3""","=""Low""","=""false"""
"=""techcombank song hành""","=""0""","=""0""","=""3""","=""Low""","=""false"""
"=""techcombank soobin hoàng sơn""","=""0""","=""0""","=""4""","=""Low""","=""false"""
"=""techcombank ssi""","=""0""","=""0""","=""2""","=""Low""","=""false"""
"=""techcombank store noti""","=""0""","=""0""","=""3""","=""Low""","=""false"""
"=""techcombank sustainability report""","=""0""","=""0""","=""3""","=""Low""","=""false"""
"=""techcombank sustainability report 2025""","=""0""","=""0""","=""4""","=""Low""","=""false"""
"=""techcombank sunrise""","=""0""","=""0""","=""2""","=""Low""","=""false"""
"=""techcombank svg""","=""0""","=""0""","=""2""","=""Low""","=""false"""
"=""techcombank swift code tên tiếng anh""","=""0""","=""0""","=""6""","=""Low""","=""false"""
"=""techcombank smartpos""","=""0""","=""0""","=""2""","=""Low""","=""false"""
"=""techcombank smart atm""","=""0""","=""0""","=""3""","=""Low""","=""false"""
"=""techcombank smart""","=""0""","=""0""","=""2""","=""Low""","=""false"""
"=""techcombank talent program""","=""0""","=""0""","=""3""","=""Low""","=""false"""
"=""techcombank tcb 26""","=""0""","=""0""","=""3""","=""Low""","=""false"""
"=""techcombank tclife""","=""0""","=""0""","=""2""","=""Low""","=""false"""
"=""techcombank tcgi""","=""0""","=""0""","=""2""","=""Low""","=""false"""
"=""techcombank tcex""","=""0""","=""0""","=""2""","=""Low""","=""false"""
"=""techcombank tca""","=""0""","=""0""","=""2""","=""Low""","=""false"""
"=""techcombank tcgins""","=""0""","=""0""","=""2""","=""Low""","=""false"""
"=""techcombank tcli""","=""0""","=""0""","=""2""","=""Low""","=""false"""
"=""techcombank spark là thẻ gì""","=""0""","=""0""","=""5""","=""Low""","=""false"""
"=""techcombank tfg""","=""0""","=""0""","=""2""","=""Low""","=""false"""
"=""techcombank future gen tfg""","=""0""","=""0""","=""4""","=""Low""","=""false"""
"=""techcombank tdh""","=""0""","=""0""","=""2""","=""Low""","=""false"""
"=""techcombank tdm""","=""0""","=""0""","=""2""","=""Low""","=""false"""
"=""techcombank tgdd""","=""0""","=""0""","=""2""","=""Low""","=""false"""
"=""techcombank tk số đẹp""","=""0""","=""0""","=""4""","=""Low""","=""false"""
"=""techcombank tkc""","=""0""","=""0""","=""2""","=""Low""","=""false"""
"=""techcombank symphony long biên""","=""0""","=""0""","=""4""","=""Low""","=""false"""
"=""techcombank syndicated loan""","=""0""","=""0""","=""3""","=""Low""","=""false"""
"=""techcombank design system""","=""0""","=""0""","=""3""","=""Low""","=""false"""
"=""techcombank vinhomes symphony""","=""0""","=""0""","=""3""","=""Low""","=""false"""
"=""techcombank nguyen sy sach""","=""0""","=""0""","=""4""","=""Low""","=""false"""
"=""techcombank tmcp""","=""0""","=""0""","=""2""","=""Low""","=""false"""
"=""techcombank nh tmcp ky thuong""","=""0""","=""0""","=""5""","=""Low""","=""false"""
"=""techcombank là tmcp gì""","=""0""","=""0""","=""4""","=""Low""","=""false"""
"=""techcombank nh tmcp ky thuong viet nam""","=""0""","=""0""","=""7""","=""Low""","=""false"""
"=""techcombank tphcm tuyển dụng""","=""0""","=""0""","=""4""","=""Low""","=""false"""
"=""techcombank tp hưng yên""","=""0""","=""0""","=""4""","=""Low""","=""false"""
"=""techcombank tp vinh nghệ an""","=""0""","=""0""","=""5""","=""Low""","=""false"""
"=""techcombank tp bắc ninh""","=""0""","=""0""","=""4""","=""Low""","=""false"""
"=""techcombank tp hải dương""","=""0""","=""0""","=""4""","=""Low""","=""false"""
"=""techcombank tiếng trung là gì""","=""0""","=""0""","=""5""","=""Low""","=""false"""
"=""techcombank top mấy""","=""0""","=""0""","=""3""","=""Low""","=""false"""
"=""techcombank top mấy việt nam""","=""0""","=""0""","=""5""","=""Low""","=""false"""
"=""techcombank toà nhà viettel""","=""0""","=""0""","=""4""","=""Low""","=""false"""
"=""techcombank tower le duan""","=""0""","=""0""","=""4""","=""Low""","=""false"""
"=""techcombank telesale""","=""0""","=""0""","=""2""","=""Low""","=""false"""
"=""techcombank tuyên quang tuyển dụng""","=""0""","=""0""","=""5""","=""Low""","=""false"""
"=""techcombank tỷ giá twd""","=""0""","=""0""","=""4""","=""Low""","=""false"""
"=""techcombank tx phú thọ phú thọ""","=""0""","=""0""","=""6""","=""Low""","=""false"""
"=""techcombank tx an nhơn bình định""","=""0""","=""0""","=""6""","=""Low""","=""false"""
"=""techcombank ty gia euro""","=""0""","=""0""","=""4""","=""Low""","=""false"""
"=""techcombank ty gia hoi doai""","=""0""","=""0""","=""5""","=""Low""","=""false"""
"=""techcombank ty gia do uc""","=""0""","=""0""","=""5""","=""Low""","=""false"""
"=""techcombank ty gia do""","=""0""","=""0""","=""4""","=""Low""","=""false"""
"=""techcombank ty gia hom nay""","=""0""","=""0""","=""5""","=""Low""","=""false"""
"=""techcombank ty gia aud""","=""0""","=""0""","=""4""","=""Low""","=""false"""
"=""techcombank tỷ""","=""0""","=""0""","=""2""","=""Low""","=""false"""
"=""techcombank tỷ giá won""","=""0""","=""0""","=""4""","=""Low""","=""false"""
"=""techcombank tshop là gì""","=""0""","=""0""","=""4""","=""Low""","=""false"""
"=""techcombank tsq""","=""0""","=""0""","=""2""","=""Low""","=""false"""
"=""techcombank tsq mỗ lao""","=""0""","=""0""","=""4""","=""Low""","=""false"""
"=""techcombank tsn""","=""0""","=""0""","=""2""","=""Low""","=""false"""
"=""techcombank tts""","=""0""","=""0""","=""2""","=""Low""","=""false"""
"=""techcombank tt kẻ sặt bình giang hải dương""","=""0""","=""0""","=""8""","=""Low""","=""false"""
"=""techcombank tt ban mien bac""","=""0""","=""0""","=""5""","=""Low""","=""false"""
"=""techcombank ttc""","=""0""","=""0""","=""2""","=""Low""","=""false"""
"=""techcombank tuyển tts""","=""0""","=""0""","=""3""","=""Low""","=""false"""
"=""techcombank ui""","=""0""","=""0""","=""2""","=""Low""","=""false"""
"=""techcombank ui ux""","=""0""","=""0""","=""3""","=""Low""","=""false"""
"=""techcombank app ui""","=""0""","=""0""","=""3""","=""Low""","=""false"""
"=""techcombank tuyển dụng ui ux""","=""0""","=""0""","=""5""","=""Low""","=""false"""
"=""techcombank uk""","=""0""","=""0""","=""2""","=""Low""","=""false"""
"=""techcombank ub""","=""0""","=""0""","=""2""","=""Low""","=""false"""
"=""techcombank uong bi""","=""0""","=""0""","=""3""","=""Low""","=""false"""
"=""techcombank uob""","=""0""","=""0""","=""2""","=""Low""","=""false"""
"=""techcombank update""","=""0""","=""0""","=""2""","=""Low""","=""false"""
"=""techcombank uniqlo""","=""0""","=""0""","=""2""","=""Low""","=""false"""
"=""techcombank ung văn khiêm""","=""0""","=""0""","=""4""","=""Low""","=""false"""
"=""techcombank uniform""","=""0""","=""0""","=""2""","=""Low""","=""false"""
"=""techcombank unlock bootloader""","=""0""","=""0""","=""3""","=""Low""","=""false"""
"=""techcombank university""","=""0""","=""0""","=""2""","=""Low""","=""false"""
"=""techcombank có western union không""","=""0""","=""0""","=""5""","=""Low""","=""false"""
"=""techcombank usd exchange rate""","=""0""","=""0""","=""4""","=""Low""","=""false"""
"=""techcombank usd account""","=""0""","=""0""","=""3""","=""Low""","=""false"""
"=""techcombank usd to vnd rate""","=""0""","=""0""","=""5""","=""Low""","=""false"""
"=""techcombank usb debugging""","=""0""","=""0""","=""3""","=""Low""","=""false"""
"=""techcombank usd tỷ giá""","=""0""","=""0""","=""4""","=""Low""","=""false"""
"=""techcombank út tịch""","=""0""","=""0""","=""3""","=""Low""","=""false"""
"=""techcombank urbox""","=""0""","=""0""","=""2""","=""Low""","=""false"""
"=""techcombank uu dai agoda""","=""0""","=""0""","=""4""","=""Low""","=""false"""
"=""techcombank uu dai ca nhan""","=""0""","=""0""","=""5""","=""Low""","=""false"""
"=""techcombank ưu đãi starbuck""","=""0""","=""0""","=""4""","=""Low""","=""false"""
"=""techcombank ưu đãi ẩm thực""","=""0""","=""0""","=""5""","=""Low""","=""false"""
"=""techcombank ưu đãi shopee""","=""0""","=""0""","=""4""","=""Low""","=""false"""
"=""techcombank ưu đãi vé máy bay""","=""0""","=""0""","=""6""","=""Low""","=""false"""
"=""techcombank vay trả góp""","=""0""","=""0""","=""4""","=""Low""","=""false"""
"=""techcombank vay doanh nghiệp""","=""0""","=""0""","=""4""","=""Low""","=""false"""
"=""techcombank vay hộ kinh doanh""","=""0""","=""0""","=""5""","=""Low""","=""false"""
"=""techcombank uy tín""","=""0""","=""0""","=""3""","=""Low""","=""false"""
"=""techcombank ủy nhiệm chi""","=""0""","=""0""","=""4""","=""Low""","=""false"""
"=""techcombank tuyển dụng ux designer""","=""0""","=""0""","=""5""","=""Low""","=""false"""
"=""techcombank vcn phước hải""","=""0""","=""0""","=""4""","=""Low""","=""false"""
"=""techcombank vna""","=""0""","=""0""","=""2""","=""Low""","=""false"""
"=""techcombank vna visa platinum""","=""0""","=""0""","=""4""","=""Low""","=""false"""
"=""techcombank vnexpress""","=""0""","=""0""","=""2""","=""Low""","=""false"""
"=""techcombank vnd to usd""","=""0""","=""0""","=""4""","=""Low""","=""false"""
"=""techcombank vn swift code""","=""0""","=""0""","=""4""","=""Low""","=""false"""
"=""techcombank vnd to aud""","=""0""","=""0""","=""4""","=""Low""","=""false"""
"=""techcombank voucher""","=""0""","=""0""","=""2""","=""Low""","=""false"""
"=""techcombank vo nguyen giap""","=""0""","=""0""","=""4""","=""Low""","=""false"""
"=""techcombank voucher shopee""","=""0""","=""0""","=""3""","=""Low""","=""false"""
"=""techcombank von dieu le""","=""0""","=""0""","=""4""","=""Low""","=""false"""
"=""techcombank vo thi sau""","=""0""","=""0""","=""4""","=""Low""","=""false"""
"=""techcombank voice""","=""0""","=""0""","=""2""","=""Low""","=""false"""
"=""techcombank vrun""","=""0""","=""0""","=""2""","=""Low""","=""false"""
"=""techcombank và bidv""","=""0""","=""0""","=""3""","=""Low""","=""false"""
"=""techcombank và vietinbank""","=""0""","=""0""","=""3""","=""Low""","=""false"""
"=""techcombank và acb""","=""0""","=""0""","=""3""","=""Low""","=""false"""
"=""techcombank visa starbuck""","=""0""","=""0""","=""3""","=""Low""","=""false"""
"=""techcombank và trip""","=""0""","=""0""","=""3""","=""Low""","=""false"""
"=""techcombank vtcbvnvx""","=""0""","=""0""","=""2""","=""Low""","=""false"""
"=""techcombank vtv""","=""0""","=""0""","=""2""","=""Low""","=""false"""
"=""techcombank vu pham ham""","=""0""","=""0""","=""4""","=""Low""","=""false"""
"=""techcombank vu trong phung""","=""0""","=""0""","=""4""","=""Low""","=""false"""
"=""techcombank vụ bản""","=""0""","=""0""","=""3""","=""Low""","=""false"""
"=""techcombank vụ bản nam định""","=""0""","=""0""","=""5""","=""Low""","=""false"""
"=""techcombank lai vung""","=""0""","=""0""","=""3""","=""Low""","=""false"""
"=""techcombank vector""","=""0""","=""0""","=""2""","=""Low""","=""false"""
"=""techcombank vetc""","=""0""","=""0""","=""2""","=""Low""","=""false"""
"=""techcombank verification code""","=""0""","=""0""","=""3""","=""Low""","=""false"""
"=""techcombank ve bo cong an""","=""0""","=""0""","=""5""","=""Low""","=""false"""
"=""techcombank vé xem phim""","=""0""","=""0""","=""4""","=""Low""","=""false"""
"=""techcombank về chúng tôi""","=""0""","=""0""","=""4""","=""Low""","=""false"""
"=""techcombank wealth management""","=""0""","=""0""","=""3""","=""Low""","=""false"""
"=""techcombank webhook""","=""0""","=""0""","=""2""","=""Low""","=""false"""
"=""techcombank welcome kit""","=""0""","=""0""","=""3""","=""Low""","=""false"""
"=""techcombank web đăng nhập""","=""0""","=""0""","=""4""","=""Low""","=""false"""
"=""techcombank wealth""","=""0""","=""0""","=""2""","=""Low""","=""false"""
"=""techcombank web app""","=""0""","=""0""","=""3""","=""Low""","=""false"""
"=""techcombank wallpaper""","=""0""","=""0""","=""2""","=""Low""","=""false"""
"=""techcombank wacc""","=""0""","=""0""","=""2""","=""Low""","=""false"""
"=""techcombank warburg""","=""0""","=""0""","=""2""","=""Low""","=""false"""
"=""techcombank white logo""","=""0""","=""0""","=""3""","=""Low""","=""false"""
"=""techcombank white night""","=""0""","=""0""","=""3""","=""Low""","=""false"""
"=""techcombank which country""","=""0""","=""0""","=""3""","=""Low""","=""false"""
"=""techcombank inspire why not""","=""0""","=""0""","=""4""","=""Low""","=""false"""
"=""techcombank withdrawal limit""","=""0""","=""0""","=""3""","=""Low""","=""false"""
"=""techcombank wire transfer""","=""0""","=""0""","=""3""","=""Low""","=""false"""
"=""techcombank wiki english""","=""0""","=""0""","=""3""","=""Low""","=""false"""
"=""techcombank widget""","=""0""","=""0""","=""2""","=""Low""","=""false"""
"=""techcombank wincommerce""","=""0""","=""0""","=""2""","=""Low""","=""false"""
"=""techcombank working hours today""","=""0""","=""0""","=""4""","=""Low""","=""false"""
"=""techcombank xa la hà nội""","=""0""","=""0""","=""5""","=""Low""","=""false"""
"=""techcombank xa lộ hà nội""","=""0""","=""0""","=""5""","=""Low""","=""false"""
"=""techcombank xa la hà đông""","=""0""","=""0""","=""5""","=""Low""","=""false"""
"=""techcombank xanh""","=""0""","=""0""","=""2""","=""Low""","=""false"""
"=""techcombank xanh sm""","=""0""","=""0""","=""3""","=""Low""","=""false"""
"=""techcombank xa la ảnh""","=""0""","=""0""","=""4""","=""Low""","=""false"""
"=""techcombank xanh bình an""","=""0""","=""0""","=""4""","=""Low""","=""false"""
"=""techcombank xem lịch sử giao dịch""","=""0""","=""0""","=""6""","=""Low""","=""false"""
"=""techcombank xem biến động số dư""","=""0""","=""0""","=""6""","=""Low""","=""false"""
"=""techcombank xem số thẻ""","=""0""","=""0""","=""4""","=""Low""","=""false"""
"=""techcombank xem sao kê""","=""0""","=""0""","=""4""","=""Low""","=""false"""
"=""techcombank xem chi nhánh""","=""0""","=""0""","=""4""","=""Low""","=""false"""
"=""techcombank xem thông tin thẻ""","=""0""","=""0""","=""5""","=""Low""","=""false"""
"=""techcombank xem ai chuyển tiền cho mình""","=""0""","=""0""","=""7""","=""Low""","=""false"""
"=""techcombank xé túi mù""","=""0""","=""0""","=""4""","=""Low""","=""false"""
"=""techcombank nguyen xi""","=""0""","=""0""","=""3""","=""Low""","=""false"""
"=""techcombank gần nguyễn xiển""","=""0""","=""0""","=""4""","=""Low""","=""false"""
"=""techcombank xoá lịch sử giao dịch""","=""0""","=""0""","=""6""","=""Low""","=""false"""
"=""techcombank xoá tài khoản""","=""0""","=""0""","=""4""","=""Low""","=""false"""
"=""techcombank xô viết nghệ tĩnh thanh đa""","=""0""","=""0""","=""7""","=""Low""","=""false"""
"=""techcombank xô viết nghệ tĩnh bình thạnh""","=""0""","=""0""","=""7""","=""Low""","=""false"""
"=""techcombank xổ số miền bắc""","=""0""","=""0""","=""5""","=""Low""","=""false"""
"=""techcombank yahoo finance""","=""0""","=""0""","=""3""","=""Low""","=""false"""
"=""techcombank ybox""","=""0""","=""0""","=""2""","=""Low""","=""false"""
"=""techcombank tuyển dụng ybox""","=""0""","=""0""","=""4""","=""Low""","=""false"""
"=""techcombank yeah1""","=""0""","=""0""","=""2""","=""Low""","=""false"""
"=""techcombank year end party""","=""0""","=""0""","=""4""","=""Low""","=""false"""
"=""techcombank yen phong""","=""0""","=""0""","=""3""","=""Low""","=""false"""
"=""techcombank yen to vnd""","=""0""","=""0""","=""4""","=""Low""","=""false"""
"=""techcombank yen my""","=""0""","=""0""","=""3""","=""Low""","=""false"""
"=""techcombank yep""","=""0""","=""0""","=""2""","=""Low""","=""false"""
"=""techcombank yen""","=""0""","=""0""","=""2""","=""Low""","=""false"""
"=""techcombank young talent""","=""0""","=""0""","=""3""","=""Low""","=""false"""
"=""techcombank one you""","=""0""","=""0""","=""3""","=""Low""","=""false"""
"=""techcombank zip code""","=""0""","=""0""","=""3""","=""Low""","=""false"""
"=""techcombank u point là gì""","=""0""","=""0""","=""5""","=""Low""","=""false"""
"=""techcombank x agoda""","=""0""","=""0""","=""3""","=""Low""","=""false"""
"=""techcombank 06 quang trung""","=""0""","=""0""","=""4""","=""Low""","=""false"""
"=""techcombank 06 quang trung hoàn kiếm hà nội""","=""0""","=""0""","=""8""","=""Low""","=""false"""
"=""techcombank s2 05""","=""0""","=""0""","=""3""","=""Low""","=""false"""
"=""techcombank lỗi 06""","=""0""","=""0""","=""3""","=""Low""","=""false"""
"=""techcombank 32 nguyễn du quận 1""","=""0""","=""0""","=""6""","=""Low""","=""false"""
"=""techcombank 340 huỳnh tấn phát""","=""0""","=""0""","=""5""","=""Low""","=""false"""
"=""techcombank 30 4 cần thơ""","=""0""","=""0""","=""5""","=""Low""","=""false"""
"=""techcombank 3 2 hcm""","=""0""","=""0""","=""4""","=""Low""","=""false"""
"=""techcombank 30 4 vũng tàu""","=""0""","=""0""","=""5""","=""Low""","=""false"""
"=""techcombank 16 tuổi mở online được không""","=""0""","=""0""","=""7""","=""Low""","=""false"""
"=""techcombank 23 lê duẩn quận 1""","=""0""","=""0""","=""6""","=""Low""","=""false"""
"=""techcombank 2 in 1""","=""0""","=""0""","=""4""","=""Low""","=""false"""
"=""techcombank 225 xô viết nghệ tĩnh""","=""0""","=""0""","=""6""","=""Low""","=""false"""
"=""techcombank 71 chùa láng""","=""0""","=""0""","=""4""","=""Low""","=""false"""
"=""techcombank 72 nguyễn trãi""","=""0""","=""0""","=""4""","=""Low""","=""false"""
"=""techcombank 73 hoàng cầu""","=""0""","=""0""","=""4""","=""Low""","=""false"""
"=""techcombank 78 hậu giang""","=""0""","=""0""","=""4""","=""Low""","=""false"""
"=""techcombank 8049""","=""0""","=""0""","=""2""","=""Low""","=""false"""
"=""techcombank 83 nguyễn thị minh khai đà nẵng""","=""0""","=""0""","=""8""","=""Low""","=""false"""
"=""techcombank 826 trường chinh""","=""0""","=""0""","=""4""","=""Low""","=""false"""
"=""techcombank 857 trần hưng đạo""","=""0""","=""0""","=""5""","=""Low""","=""false"""
"=""techcombank 80 hậu giang""","=""0""","=""0""","=""4""","=""Low""","=""false"""
"=""techcombank 8 cửa bắc""","=""0""","=""0""","=""4""","=""Low""","=""false"""
"=""techcombank 80 năm""","=""0""","=""0""","=""3""","=""Low""","=""false"""
"=""techcombank 414 nguyễn văn cừ""","=""0""","=""0""","=""5""","=""Low""","=""false"""
"=""techcombank 452 nguyễn thị minh khai""","=""0""","=""0""","=""6""","=""Low""","=""false"""
"=""techcombank 42km""","=""0""","=""0""","=""2""","=""Low""","=""false"""
"=""techcombank 493 trương định""","=""0""","=""0""","=""4""","=""Low""","=""false"""
"=""techcombank 40 phố nhổn""","=""0""","=""0""","=""4""","=""Low""","=""false"""
"=""techcombank 42 lý thái tổ""","=""0""","=""0""","=""5""","=""Low""","=""false"""
"=""techcombank 97 nguyễn văn trỗi""","=""0""","=""0""","=""5""","=""Low""","=""false"""
"=""techcombank 9999""","=""0""","=""0""","=""2""","=""Low""","=""false"""
"=""techcombank 98 tôn đức thắng hà nội""","=""0""","=""0""","=""7""","=""Low""","=""false"""
"=""techcombank 9704""","=""0""","=""0""","=""2""","=""Low""","=""false"""
"=""techcombank 56 vũ phạm hàm""","=""0""","=""0""","=""5""","=""Low""","=""false"""
"=""techcombank 50k""","=""0""","=""0""","=""2""","=""Low""","=""false"""
"=""techcombank 52 vương thừa vũ""","=""0""","=""0""","=""5""","=""Low""","=""false"""
"=""techcombank 5b phổ quang""","=""0""","=""0""","=""4""","=""Low""","=""false"""
"=""techcombank 52 nguyễn chí thanh""","=""0""","=""0""","=""5""","=""Low""","=""false"""
"=""techcombank 5km""","=""0""","=""0""","=""2""","=""Low""","=""false"""
"=""techcombank 500k""","=""0""","=""0""","=""2""","=""Low""","=""false"""
"=""techcombank 5 years strategy""","=""0""","=""0""","=""4""","=""Low""","=""false"""
"=""techcombank 6 quang trung hà nội""","=""0""","=""0""","=""6""","=""Low""","=""false"""
"=""techcombank 6 số""","=""0""","=""0""","=""3""","=""Low""","=""false"""
"=""techcombank 694 huỳnh tấn phát""","=""0""","=""0""","=""5""","=""Low""","=""false"""
"=""techcombank 62 hậu giang""","=""0""","=""0""","=""4""","=""Low""","=""false"""
"=""techcombank 63 hoàng cầu""","=""0""","=""0""","=""4""","=""Low""","=""false"""
"=""techcombank 602 điện biên phủ""","=""0""","=""0""","=""5""","=""Low""","=""false"""
"=""techcombank 6 nguyễn khắc viện""","=""0""","=""0""","=""5""","=""Low""","=""false"""
"=""techcombank khi nào đóng cửa""","=""0""","=""0""","=""5""","=""Low""","=""false"""
"=""techcombank khi nào hết bảo trì""","=""0""","=""0""","=""6""","=""Low""","=""false"""
"=""techcombank là gì của masan""","=""0""","=""0""","=""5""","=""Low""","=""false"""
"=""techcombank nào làm việc thứ 7""","=""0""","=""0""","=""6""","=""Low""","=""false"""
"=""techcombank trần nào""","=""0""","=""0""","=""3""","=""Low""","=""false"""
"=""techcombank nước nào""","=""0""","=""0""","=""3""","=""Low""","=""false"""
"=""techcombank như thế nào""","=""0""","=""0""","=""4""","=""Low""","=""false"""
"=""techcombank viết như thế nào""","=""0""","=""0""","=""5""","=""Low""","=""false"""
"=""techcombank đọc như thế nào""","=""0""","=""0""","=""5""","=""Low""","=""false"""
"=""techcombank sinh lời như thế nào""","=""0""","=""0""","=""6""","=""Low""","=""false"""
"=""techcombank có thể rút tiền không cần thẻ không""","=""0""","=""0""","=""9""","=""Low""","=""false"""
"=""techcombank có thể nạp tiền không cần thẻ không""","=""0""","=""0""","=""9""","=""Low""","=""false"""
"=""techcombank có thể nhận tiền từ nước ngoài không""","=""0""","=""0""","=""9""","=""Low""","=""false"""
"=""techcombank của""","=""0""","=""0""","=""2""","=""Low""","=""false"""
"=""techcombank vốn của ai""","=""0""","=""0""","=""4""","=""Low""","=""false"""
"=""techcombank từ thiện""","=""0""","=""0""","=""3""","=""Low""","=""false"""
"=""techcombank từ sơn tuyển dụng""","=""0""","=""0""","=""5""","=""Low""","=""false"""
"=""techcombank từ sơn ảnh""","=""0""","=""0""","=""4""","=""Low""","=""false"""
"=""techcombank thuộc chi nhánh nào""","=""0""","=""0""","=""5""","=""Low""","=""false"""
"=""techcombank thuộc bộ công an""","=""0""","=""0""","=""5""","=""Low""","=""false"""
"=""techcombank thuộc""","=""0""","=""0""","=""2""","=""Low""","=""false"""
"=""techcombank thuộc sở hữu của ai""","=""0""","=""0""","=""6""","=""Low""","=""false"""
"=""techcombank thuộc công ty nào""","=""0""","=""0""","=""5""","=""Low""","=""false"""
"=""techcombank trên máy tính""","=""0""","=""0""","=""4""","=""Low""","=""false"""
"=""techcombank trên etax mobile""","=""0""","=""0""","=""4""","=""Low""","=""false"""
"=""techcombank trong tiếng anh""","=""0""","=""0""","=""4""","=""Low""","=""false"""
"=""techcombank trong paypal""","=""0""","=""0""","=""3""","=""Low""","=""false"""
"=""techcombank trong vinhomes grand park""","=""0""","=""0""","=""5""","=""Low""","=""false"""
"=""techcombank dưới 18 tuổi có làm được không""","=""0""","=""0""","=""8""","=""Low""","=""false"""
"=""techcombank không cho chụp màn hình""","=""0""","=""0""","=""6""","=""Low""","=""false"""
"=""techcombank với vietcombank cái nào tốt hơn""","=""0""","=""0""","=""7""","=""Low""","=""false"""
"=""techcombank với starbuck""","=""0""","=""0""","=""3""","=""Low""","=""false"""
"=""techcombank với vingroup""","=""0""","=""0""","=""3""","=""Low""","=""false"""
"=""techcombank với mb bank""","=""0""","=""0""","=""4""","=""Low""","=""false"""
"=""techcombank ký với bên thứ 3 là gì thế nào""","=""0""","=""0""","=""10""","=""Low""","=""false"""
"=""techcombank nên chọn thẻ nào""","=""0""","=""0""","=""5""","=""Low""","=""false"""
"=""techcombank nên mở thẻ tín dụng nào""","=""0""","=""0""","=""7""","=""Low""","=""false"""
"=""techcombank có nên dùng""","=""0""","=""0""","=""4""","=""Low""","=""false"""
"=""techcombank để tiền sinh lời""","=""0""","=""0""","=""5""","=""Low""","=""false"""
"=""techcombank gọi để làm gì""","=""0""","=""0""","=""5""","=""Low""","=""false"""
"=""techcombank có phải để tiền trong tài khoản không""","=""0""","=""0""","=""9""","=""Low""","=""false"""
"=""techcombank hay vietcombank tốt hơn""","=""0""","=""0""","=""5""","=""Low""","=""false"""
"=""techcombank hay vietinbank tốt hơn""","=""0""","=""0""","=""5""","=""Low""","=""false"""
"=""techcombank không có thông báo biến động số dư""","=""0""","=""0""","=""9""","=""Low""","=""false"""
"=""techcombank không có thẻ rút tiền được không""","=""0""","=""0""","=""8""","=""Low""","=""false"""
"=""techcombank không có thông báo""","=""0""","=""0""","=""5""","=""Low""","=""false"""
"=""techcombank dành cho bao nhiêu tuổi""","=""0""","=""0""","=""6""","=""Low""","=""false"""
"=""techcombank dành cho doanh nghiệp""","=""0""","=""0""","=""5""","=""Low""","=""false"""
"=""techcombank có dành cho người dưới 18 tuổi không""","=""0""","=""0""","=""9""","=""Low""","=""false"""
"=""atm techcombank""","=""165000""","=""0.33""","=""2""","=""Low""","=""false"""
"=""ngân hàng techcombank""","=""49500""","=""0.42""","=""3""","=""Low""","=""false"""
"=""hotline techcombank""","=""6600""","=""0""","=""2""","=""Low""","=""false"""
"=""lãi suất ngân hàng techcombank""","=""5400""","=""0.29""","=""5""","=""Low""","=""false"""
"=""lãi suất techcombank""","=""4400""","=""0.39""","=""3""","=""Low""","=""false"""
"=""chi nhanh techcombank""","=""3600""","=""0""","=""3""","=""Low""","=""false"""
"=""ngân hàng kỹ thương techcombank""","=""2900""","=""0""","=""5""","=""Low""","=""false"""
"=""thẻ techcombank""","=""2400""","=""0.77""","=""2""","=""Low""","=""true"""
"=""chăm sóc khách hàng techcombank""","=""1900""","=""0.17""","=""5""","=""Low""","=""false"""
"=""thẻ đen techcombank""","=""1900""","=""0.73""","=""3""","=""Low""","=""true"""
"=""giờ làm việc techcombank""","=""1900""","=""0""","=""4""","=""Low""","=""false"""
"=""business techcombank""","=""1300""","=""1.3""","=""2""","=""Low""","=""false"""
"=""tuyen dung techcombank""","=""1300""","=""0.07""","=""3""","=""Low""","=""false"""
"=""số điện thoại ngân hàng techcombank""","=""1000""","=""0""","=""6""","=""Low""","=""false"""
"=""chi nhánh ngân hàng techcombank""","=""1000""","=""0""","=""5""","=""Low""","=""false"""
"=""số điện thoại techcombank""","=""880""","=""0""","=""4""","=""Low""","=""false"""
"=""lãi suất ngân hàng techcombank hôm nay""","=""880""","=""0.3""","=""7""","=""Low""","=""true"""
"=""số hotline techcombank""","=""720""","=""0""","=""3""","=""Low""","=""false"""
"=""ck techcombank""","=""720""","=""0""","=""2""","=""Low""","=""false"""
"=""lãi suất techcombank hôm nay""","=""720""","=""0""","=""5""","=""Low""","=""true"""
"=""tin nhắn techcombank""","=""720""","=""0""","=""3""","=""Low""","=""false"""
"=""giờ làm việc ngân hàng techcombank""","=""590""","=""0""","=""6""","=""Low""","=""false"""
"=""ib techcombank""","=""590""","=""0""","=""2""","=""Low""","=""false"""
"=""thời gian làm việc techcombank""","=""590""","=""0""","=""5""","=""Low""","=""false"""
"=""địa chỉ ngân hàng techcombank""","=""590""","=""0""","=""5""","=""Low""","=""false"""
"=""số ngân hàng techcombank""","=""480""","=""0""","=""4""","=""Low""","=""false"""
"=""tài khoản techcombank""","=""480""","=""0.9""","=""3""","=""Low""","=""false"""
"=""sinh nhật techcombank""","=""480""","=""0""","=""3""","=""Low""","=""false"""
"=""homebanking techcombank là gì""","=""480""","=""0""","=""4""","=""Low""","=""false"""
"=""thẻ ngân hàng techcombank""","=""390""","=""0.79""","=""4""","=""Low""","=""false"""
"=""giao diện techcombank""","=""390""","=""0""","=""3""","=""Low""","=""false"""
"=""giờ làm việc của techcombank""","=""390""","=""0""","=""5""","=""Low""","=""false"""
"=""swift techcombank""","=""390""","=""0""","=""2""","=""Low""","=""false"""
"=""làm thẻ techcombank online""","=""320""","=""0.92""","=""4""","=""Medium""","=""false"""
"=""số techcombank""","=""320""","=""0""","=""2""","=""Low""","=""false"""
"=""thẻ techcombank mới""","=""320""","=""0""","=""3""","=""Low""","=""false"""
"=""web techcombank""","=""320""","=""0.52""","=""2""","=""Low""","=""true"""
"=""cskh techcombank online""","=""320""","=""0""","=""3""","=""Low""","=""false"""
"=""số tài khoản techcombank""","=""260""","=""0""","=""4""","=""Low""","=""false"""
"=""cafef techcombank""","=""260""","=""0""","=""2""","=""Low""","=""false"""
"=""lãi suất ngân hàng techcombank hiện nay""","=""260""","=""0""","=""7""","=""Low""","=""false"""
"=""tại techcombank""","=""260""","=""0.19""","=""2""","=""Low""","=""false"""
"=""địa chỉ techcombank""","=""260""","=""0""","=""3""","=""Low""","=""false"""
"=""cskh techcombank 24 7""","=""260""","=""0""","=""4""","=""Low""","=""false"""
"=""pgd techcombank""","=""260""","=""0""","=""2""","=""Low""","=""false"""
"=""đăng ký techcombank online""","=""210""","=""0.78""","=""4""","=""Medium""","=""false"""
"=""hỗ trợ techcombank""","=""210""","=""0""","=""3""","=""Low""","=""false"""
"=""lãi ngân hàng techcombank""","=""210""","=""0""","=""4""","=""Low""","=""false"""
"=""hotline ngân hàng techcombank""","=""210""","=""0""","=""4""","=""Low""","=""false"""
"=""hotline techcombank cá nhân""","=""210""","=""0""","=""4""","=""Low""","=""false"""
"=""thẻ napas techcombank""","=""210""","=""0""","=""3""","=""Low""","=""false"""
"=""hotline techcombank doanh nghiệp""","=""210""","=""0""","=""4""","=""Low""","=""false"""
"=""thanh toán khoản vay techcombank""","=""210""","=""2.52""","=""5""","=""Low""","=""false"""
"=""thanh toán tiền điện bằng thẻ tín dụng techcombank""","=""210""","=""0""","=""9""","=""Low""","=""false"""
"=""thẻ thanh toán techcombank""","=""210""","=""0""","=""4""","=""Low""","=""false"""
"=""đăng nhập techcombank trên máy tính""","=""210""","=""0""","=""6""","=""Low""","=""false"""
"=""mycash techcombank là gì""","=""210""","=""0""","=""4""","=""Low""","=""false"""
"=""đăng ký tài khoản techcombank online""","=""170""","=""0.82""","=""6""","=""Medium""","=""false"""
"=""số điện thoại của ngân hàng techcombank""","=""170""","=""0""","=""7""","=""Low""","=""true"""
"=""số điện thoại của techcombank""","=""170""","=""0""","=""5""","=""Low""","=""true"""
"=""liên hệ techcombank""","=""170""","=""0""","=""3""","=""Low""","=""false"""
"=""các chi nhánh techcombank""","=""170""","=""0""","=""4""","=""Low""","=""false"""
"=""giờ làm việc của ngân hàng techcombank""","=""170""","=""0""","=""7""","=""Low""","=""false"""
"=""hotline techcombank 24 7""","=""170""","=""0""","=""4""","=""Low""","=""false"""
"=""lãi techcombank""","=""170""","=""0""","=""2""","=""Low""","=""false"""
"=""ngân techcombank""","=""170""","=""0.34""","=""2""","=""Low""","=""false"""
"=""swift bic techcombank""","=""170""","=""0""","=""3""","=""Low""","=""false"""
"=""số hotline ngân hàng techcombank""","=""170""","=""0""","=""5""","=""Low""","=""false"""
"=""thời gian làm việc của ngân hàng techcombank""","=""170""","=""0""","=""8""","=""Low""","=""false"""
"=""thời gian làm việc của techcombank""","=""170""","=""0""","=""6""","=""Low""","=""false"""
"=""thời gian làm việc ngân hàng techcombank""","=""170""","=""0""","=""7""","=""Low""","=""false"""
"=""đăng nhập techcombank trên thiết bị mới""","=""170""","=""0""","=""7""","=""Low""","=""true"""
"=""vn com techcombank bb app""","=""170""","=""0.24""","=""5""","=""Low""","=""false"""
"=""làm thẻ techcombank""","=""140""","=""0.77""","=""3""","=""Low""","=""false"""
"=""số chăm sóc khách hàng techcombank""","=""140""","=""0""","=""6""","=""Low""","=""false"""
"=""tk techcombank""","=""140""","=""1.15""","=""2""","=""Low""","=""true"""
"=""business id techcombank""","=""140""","=""0""","=""3""","=""Low""","=""true"""
"=""hỗ trợ techcombank online""","=""140""","=""0""","=""4""","=""Low""","=""false"""
"=""lãi suất của techcombank""","=""140""","=""0""","=""4""","=""Low""","=""false"""
"=""lãi suất ngân hàng techcombank hiện tại""","=""140""","=""0""","=""7""","=""Low""","=""true"""
"=""ngân hàng techcombank giờ làm việc""","=""140""","=""0""","=""6""","=""Low""","=""false"""
"=""nhân viên techcombank""","=""140""","=""0""","=""3""","=""Low""","=""false"""
"=""nạp tiền techcombank""","=""140""","=""0""","=""3""","=""Low""","=""true"""
"=""số hotline của techcombank""","=""140""","=""0""","=""4""","=""Low""","=""true"""
"=""ưu đãi techcombank""","=""140""","=""0""","=""3""","=""Low""","=""false"""
"=""đăng nhập techcombank trên web""","=""140""","=""0""","=""5""","=""Low""","=""false"""
"=""đăng ký techcombank""","=""110""","=""0.64""","=""3""","=""Low""","=""false"""
"=""đăng ký tài khoản techcombank""","=""110""","=""0.72""","=""5""","=""Low""","=""false"""
"=""làm thẻ ngân hàng techcombank online""","=""110""","=""0.77""","=""6""","=""Medium""","=""false"""
"=""vay von techcombank""","=""110""","=""0.51""","=""3""","=""Medium""","=""false"""
"=""tài khoản ngân hàng techcombank""","=""110""","=""0.62""","=""5""","=""Low""","=""false"""
"=""số đt techcombank""","=""110""","=""0""","=""3""","=""Low""","=""false"""
"=""công ty techcombank""","=""110""","=""0""","=""3""","=""Low""","=""false"""
"=""giao dịch techcombank""","=""110""","=""0""","=""3""","=""Low""","=""false"""
"=""hỗ trợ techcombank 24 7""","=""110""","=""0""","=""5""","=""Low""","=""false"""
"=""khách hàng ưu tiên techcombank""","=""110""","=""0""","=""5""","=""Low""","=""false"""
"=""ngân hàng techcombank bảo trì""","=""110""","=""0""","=""5""","=""Low""","=""false"""
"=""ngân hàng techcombank online""","=""110""","=""0.66""","=""4""","=""Low""","=""false"""
"=""ngân hàng điện tử techcombank""","=""110""","=""0.38""","=""5""","=""Low""","=""false"""
"=""tài khoản doanh nghiệp techcombank""","=""110""","=""250.49""","=""5""","=""Low""","=""false"""
"=""ưu đãi thẻ techcombank""","=""110""","=""0""","=""4""","=""Low""","=""false"""
"=""dki techcombank""","=""110""","=""0.64""","=""2""","=""Low""","=""false"""
"=""prm techcombank là gì""","=""110""","=""0""","=""4""","=""Low""","=""false"""
"=""upoint techcombank là gì""","=""110""","=""0""","=""4""","=""Low""","=""false"""
"=""upoint techcombank""","=""110""","=""0""","=""2""","=""Low""","=""false"""
"=""đăng ký thẻ techcombank online""","=""90""","=""0.65""","=""5""","=""Medium""","=""false"""
"=""làm thẻ ngân hàng techcombank""","=""90""","=""0.6""","=""5""","=""Low""","=""false"""
"=""số tài khoản techcombank 10 số""","=""90""","=""0""","=""6""","=""Low""","=""false"""
"=""số điện thoại chăm sóc khách hàng techcombank""","=""90""","=""0""","=""8""","=""Low""","=""true"""
"=""tài khoản đồng sở hữu techcombank""","=""90""","=""0""","=""6""","=""Low""","=""false"""
"=""hotline của techcombank""","=""90""","=""0""","=""3""","=""Low""","=""false"""
"=""hotline doanh nghiệp techcombank""","=""90""","=""0""","=""4""","=""Low""","=""true"""
"=""hỗ trợ khách hàng techcombank""","=""90""","=""0""","=""5""","=""Low""","=""true"""
"=""màn hình giao dịch techcombank""","=""90""","=""0""","=""5""","=""Low""","=""false"""
"=""ngân hàng kỹ thương việt nam techcombank""","=""90""","=""0""","=""7""","=""Low""","=""false"""
"=""ngân hàng số techcombank""","=""90""","=""0.63""","=""4""","=""Low""","=""false"""
"=""ngân hàng techcombank hotline""","=""90""","=""0""","=""4""","=""Low""","=""false"""
"=""số tài khoản ngân hàng techcombank""","=""90""","=""0""","=""6""","=""Low""","=""false"""
"=""tcb techcombank""","=""90""","=""0""","=""2""","=""Low""","=""false"""
"=""bill ck techcombank""","=""90""","=""0""","=""3""","=""Low""","=""true"""
"=""cskh techcombank zalo""","=""90""","=""0""","=""3""","=""Low""","=""false"""
"=""cv techcombank 2026""","=""90""","=""0""","=""3""","=""Low""","=""false"""
"=""cách làm thẻ techcombank online""","=""70""","=""0.68""","=""5""","=""Low""","=""false"""
"=""đăng ký thẻ techcombank""","=""70""","=""0.66""","=""4""","=""Medium""","=""false"""
"=""đăng ký tk techcombank online""","=""70""","=""0.85""","=""5""","=""Low""","=""false"""
"=""đăng ký tài khoản ngân hàng techcombank online""","=""70""","=""0.76""","=""8""","=""Medium""","=""false"""
"=""phát hành thẻ techcombank online""","=""70""","=""0""","=""5""","=""Low""","=""false"""
"=""thẻ tín dụng doanh nghiệp techcombank""","=""70""","=""126.42""","=""6""","=""Low""","=""false"""
"=""api techcombank""","=""70""","=""0""","=""2""","=""Low""","=""false"""
"=""bảo trì techcombank""","=""70""","=""0""","=""3""","=""Low""","=""false"""
"=""giao dịch thành công techcombank""","=""70""","=""0""","=""5""","=""Low""","=""false"""
"=""giới thiệu techcombank""","=""70""","=""0""","=""3""","=""Low""","=""false"""
"=""hàng techcombank""","=""70""","=""0.48""","=""2""","=""Low""","=""false"""
"=""hướng dẫn sử dụng techcombank business""","=""70""","=""17.04""","=""6""","=""Low""","=""false"""
"=""iban techcombank""","=""70""","=""0""","=""2""","=""Low""","=""false"""
"=""lãi suất của ngân hàng techcombank""","=""70""","=""0""","=""6""","=""Low""","=""false"""
"=""lãi suất ngân hàng techcombank online""","=""70""","=""0""","=""6""","=""Low""","=""false"""
"=""lãi suất techcombank online""","=""70""","=""0""","=""4""","=""Low""","=""true"""
"=""mật khẩu techcombank""","=""70""","=""0""","=""3""","=""Low""","=""false"""
"=""ngân hàng điện tử techcombank doanh nghiệp""","=""70""","=""0.28""","=""7""","=""Low""","=""false"""
"=""routing number techcombank""","=""70""","=""0""","=""3""","=""Low""","=""false"""
"=""số thẻ techcombank""","=""70""","=""0""","=""3""","=""Low""","=""false"""
"=""sự kiện techcombank""","=""70""","=""0""","=""3""","=""Low""","=""false"""
"=""the techcombank""","=""70""","=""0""","=""2""","=""Low""","=""false"""
"=""thẻ techcombank napas""","=""70""","=""0""","=""3""","=""Low""","=""false"""
"=""thẻ đen techcombank điều kiện""","=""70""","=""0""","=""5""","=""Low""","=""true"""
"=""vốn điều lệ techcombank""","=""70""","=""0""","=""4""","=""Low""","=""false"""
"=""điều kiện thẻ đen techcombank""","=""70""","=""0""","=""5""","=""Low""","=""true"""
"=""sdt techcombank hà nội""","=""70""","=""0""","=""4""","=""Low""","=""true"""
"=""sao kê techcombank trên app""","=""70""","=""0""","=""5""","=""Low""","=""false"""
"=""làm tài khoản techcombank online""","=""50""","=""0.76""","=""5""","=""Low""","=""true"""
"=""đăng ký ngân hàng techcombank online""","=""50""","=""0.7""","=""6""","=""Medium""","=""true"""
"=""cách đăng ký tài khoản techcombank online""","=""50""","=""0.71""","=""7""","=""Low""","=""false"""
"=""cách đăng ký tài khoản techcombank""","=""50""","=""0.52""","=""6""","=""Low""","=""false"""
"=""cách đăng xuất tài khoản techcombank trên điện thoại""","=""50""","=""0""","=""9""","=""Low""","=""false"""
"=""bank techcombank""","=""50""","=""0""","=""2""","=""Low""","=""false"""
"=""chăm sóc khách hàng của techcombank""","=""50""","=""0""","=""6""","=""Low""","=""false"""
"=""các chi nhánh ngân hàng techcombank""","=""50""","=""0""","=""6""","=""Low""","=""false"""
"=""cách nạp tiền techcombank""","=""50""","=""0""","=""4""","=""Low""","=""false"""
"=""cách nạp tiền vào techcombank""","=""50""","=""0""","=""5""","=""Low""","=""true"""
"=""cách nạp tiền vào thẻ techcombank""","=""50""","=""0""","=""6""","=""Low""","=""false"""
"=""f st mobile techcombank""","=""50""","=""0.24""","=""4""","=""Low""","=""true"""
"=""giao dịch viên techcombank""","=""50""","=""0""","=""4""","=""Low""","=""false"""
"=""giám đốc ngân hàng techcombank""","=""50""","=""0""","=""5""","=""Low""","=""false"""
"=""giới thiệu về techcombank""","=""50""","=""0""","=""4""","=""Low""","=""false"""
"=""giờ giao dịch techcombank""","=""50""","=""0""","=""4""","=""Low""","=""false"""
"=""ib techcombank doanh nghiệp""","=""50""","=""0""","=""4""","=""Low""","=""false"""
"=""khách hàng doanh nghiệp techcombank""","=""50""","=""250.44""","=""5""","=""Low""","=""false"""
"=""ký hiệu ngân hàng techcombank""","=""50""","=""0""","=""5""","=""Low""","=""false"""
"=""liên hệ ngân hàng techcombank""","=""50""","=""0""","=""5""","=""Low""","=""false"""
"=""lãi suất tín dụng techcombank""","=""50""","=""0""","=""5""","=""Low""","=""false"""
"=""masan techcombank""","=""50""","=""0""","=""2""","=""Low""","=""false"""
"=""ngân hàng techcombank chi nhánh""","=""50""","=""0""","=""5""","=""Low""","=""false"""
"=""phát hành thẻ techcombank""","=""50""","=""0""","=""4""","=""Low""","=""false"""
"=""số của techcombank""","=""50""","=""0""","=""3""","=""Low""","=""false"""
"=""số hỗ trợ techcombank""","=""50""","=""0""","=""4""","=""Low""","=""false"""
"=""số tk techcombank""","=""50""","=""0""","=""3""","=""Low""","=""false"""
"=""số điện thoại chăm sóc khách hàng của techcombank""","=""50""","=""0""","=""9""","=""Low""","=""false"""
"=""số điện thoại hỗ trợ techcombank""","=""50""","=""0""","=""6""","=""Low""","=""false"""
"=""thẻ jcb techcombank""","=""50""","=""0""","=""3""","=""Low""","=""false"""
"=""thẻ nội địa techcombank""","=""50""","=""0""","=""4""","=""Low""","=""false"""
"=""thẻ đen visa techcombank""","=""50""","=""0""","=""4""","=""Low""","=""false"""
"=""tài khoản ngoại tệ techcombank""","=""50""","=""0""","=""5""","=""Low""","=""false"""
"=""tài khoản techcombank online""","=""50""","=""0.85""","=""4""","=""Low""","=""false"""
"=""vnpay techcombank""","=""50""","=""0""","=""2""","=""Low""","=""true"""
"=""vốn hóa techcombank""","=""50""","=""0""","=""3""","=""Low""","=""false"""
"=""hội sở techcombank hà nội""","=""50""","=""0""","=""5""","=""Low""","=""false"""
"=""iam techcombank com vn""","=""50""","=""0""","=""4""","=""Low""","=""false"""
"=""sao kê techcombank trên web""","=""50""","=""0""","=""5""","=""Low""","=""true"""
"=""đăng nhập techcombank trên thiết bị khác""","=""50""","=""0""","=""7""","=""Low""","=""false"""
"=""tải app techcombank trên điện thoại""","=""50""","=""0.22""","=""6""","=""Low""","=""true"""
"=""cv techcombank 2025""","=""50""","=""0""","=""3""","=""Low""","=""false"""
"=""elp techcombank com vn""","=""50""","=""0""","=""4""","=""Low""","=""true"""
"=""ub techcombank là gì""","=""50""","=""0""","=""4""","=""Low""","=""false"""
"=""tại sao techcombank không thông báo biến động số dư""","=""50""","=""0""","=""10""","=""Low""","=""false"""
"=""làm thẻ online techcombank""","=""40""","=""0.57""","=""4""","=""Medium""","=""false"""
"=""cách làm thẻ ngân hàng techcombank online""","=""40""","=""0.77""","=""7""","=""Low""","=""false"""
"=""đăng ký ngân hàng techcombank""","=""40""","=""0.69""","=""5""","=""Medium""","=""false"""
"=""cách đăng ký tài khoản ngân hàng techcombank online""","=""40""","=""0.71""","=""9""","=""Low""","=""false"""
"=""ngân hàng techcombank số điện thoại""","=""40""","=""0""","=""6""","=""Low""","=""false"""
"=""lãi suất online techcombank""","=""40""","=""0""","=""4""","=""Low""","=""true"""
"=""8049 techcombank""","=""40""","=""0""","=""2""","=""Low""","=""false"""
"=""amc techcombank""","=""40""","=""0""","=""2""","=""Low""","=""true"""
"=""app techcombank bảo trì""","=""40""","=""0""","=""4""","=""Low""","=""false"""
"=""chăm sóc khách hàng ngân hàng techcombank""","=""40""","=""0""","=""7""","=""Low""","=""false"""
"=""cách nạp tiền vetc qua techcombank""","=""40""","=""0""","=""6""","=""Low""","=""false"""
"=""cách nạp tiền vào tài khoản techcombank""","=""40""","=""0""","=""7""","=""Low""","=""false"""
"=""cách đăng ký techcombank online""","=""40""","=""0.92""","=""5""","=""Low""","=""true"""
"=""cách đăng xuất techcombank""","=""40""","=""0""","=""4""","=""Low""","=""false"""
"=""danh sách chi nhánh techcombank""","=""40""","=""0""","=""5""","=""Low""","=""false"""
"=""hệ thống ngân hàng techcombank""","=""40""","=""0""","=""5""","=""Low""","=""false"""
"=""hệ thống techcombank""","=""40""","=""0""","=""3""","=""Low""","=""false"""
"=""hỗ trợ ngân hàng techcombank""","=""40""","=""0""","=""5""","=""Low""","=""true"""
"=""lãi suất 6 tháng techcombank""","=""40""","=""0""","=""5""","=""Low""","=""true"""
"=""ngân hàng techcombank quang trung""","=""40""","=""0""","=""5""","=""Low""","=""false"""
"=""nhân viên ngân hàng techcombank""","=""40""","=""0""","=""5""","=""Low""","=""false"""
"=""nạp tiền vetc qua techcombank""","=""40""","=""0""","=""5""","=""Low""","=""false"""
"=""số hotline của ngân hàng techcombank""","=""40""","=""0""","=""6""","=""Low""","=""true"""
"=""số điện thoại hotline techcombank""","=""40""","=""0""","=""5""","=""Low""","=""false"""
"=""thanh toán điện nước bằng thẻ tín dụng techcombank""","=""40""","=""0""","=""9""","=""Low""","=""false"""
"=""thông tin ngân hàng techcombank""","=""40""","=""0""","=""5""","=""Low""","=""false"""
"=""điện thoại techcombank""","=""40""","=""0""","=""3""","=""Low""","=""false"""
"=""otp techcombank""","=""40""","=""0""","=""2""","=""Low""","=""true"""
"=""smart otp techcombank là gì""","=""40""","=""0""","=""5""","=""Low""","=""false"""
"=""sdt techcombank tphcm""","=""40""","=""0""","=""3""","=""Low""","=""false"""
"=""mycash techcombank lãi suất bao nhiêu""","=""40""","=""0""","=""6""","=""Low""","=""false"""
"=""đăng ký tài khoản ngân hàng techcombank""","=""30""","=""0.6""","=""7""","=""Medium""","=""false"""
"=""cách đăng ký techcombank""","=""30""","=""0.57""","=""4""","=""Low""","=""true"""
"=""vay tiền qua techcombank""","=""30""","=""0.56""","=""4""","=""Medium""","=""false"""
"=""điều kiện làm thẻ đen techcombank""","=""30""","=""0""","=""6""","=""Low""","=""false"""
"=""chương trình techcombank""","=""30""","=""0""","=""3""","=""Low""","=""false"""
"=""các chi nhánh của techcombank""","=""30""","=""0""","=""5""","=""Low""","=""false"""
"=""các sản phẩm của techcombank""","=""30""","=""0""","=""5""","=""Low""","=""false"""
"=""cập nhật techcombank""","=""30""","=""0""","=""3""","=""Low""","=""true"""
"=""giám đốc chi nhánh techcombank""","=""30""","=""0""","=""5""","=""Low""","=""true"""
"=""giới thiệu về ngân hàng techcombank""","=""30""","=""0""","=""6""","=""Low""","=""false"""
"=""giờ làm techcombank""","=""30""","=""0""","=""3""","=""Low""","=""false"""
"=""ib techcombank com vn cá nhân""","=""30""","=""0""","=""6""","=""Low""","=""false"""
"=""lãi suất tk techcombank""","=""30""","=""0""","=""4""","=""Low""","=""false"""
"=""lợi nhuận techcombank""","=""30""","=""0""","=""3""","=""Low""","=""false"""
"=""máy nạp tiền techcombank""","=""30""","=""0""","=""4""","=""Low""","=""false"""
"=""ngan hang ky thuong vietnam techcombank""","=""30""","=""0""","=""6""","=""Low""","=""false"""
"=""ngân hàng techcombank linh đàm""","=""30""","=""0""","=""5""","=""Low""","=""false"""
"=""ngân hàng techcombank lãi suất""","=""30""","=""0""","=""5""","=""Low""","=""false"""
"=""ngân hàng techcombank thời gian làm việc""","=""30""","=""0""","=""7""","=""Low""","=""false"""
"=""ngân hàng thương mại cổ phần techcombank""","=""30""","=""0""","=""7""","=""Low""","=""false"""
"=""nạp tiền vào techcombank""","=""30""","=""0""","=""4""","=""Low""","=""false"""
"=""nạp tiền vào thẻ techcombank""","=""30""","=""0""","=""5""","=""Low""","=""false"""
"=""số chăm sóc khách hàng của techcombank""","=""30""","=""0""","=""7""","=""Low""","=""true"""
"=""số của ngân hàng techcombank""","=""30""","=""0""","=""5""","=""Low""","=""false"""
"=""số thẻ ngân hàng techcombank""","=""30""","=""0""","=""5""","=""Low""","=""false"""
"=""thanh toán tiền điện bằng the tín dụng techcombank""","=""30""","=""0""","=""9""","=""Low""","=""false"""
"=""thông tin techcombank""","=""30""","=""0""","=""3""","=""Low""","=""false"""
"=""thẻ của techcombank""","=""30""","=""0""","=""3""","=""Low""","=""false"""
"=""thẻ visa đen techcombank""","=""30""","=""0""","=""4""","=""Low""","=""false"""
"=""thẻ vàng techcombank""","=""30""","=""0""","=""3""","=""Low""","=""false"""
"=""thẻ đen của techcombank""","=""30""","=""0""","=""4""","=""Low""","=""false"""
"=""truy vấn giao dịch techcombank""","=""30""","=""0""","=""5""","=""Low""","=""false"""
"=""tài khoản thanh toán techcombank""","=""30""","=""0""","=""5""","=""Low""","=""false"""
"=""tư vấn techcombank""","=""30""","=""0""","=""3""","=""Low""","=""false"""
"=""điện thoại ngân hàng techcombank""","=""30""","=""0""","=""5""","=""Low""","=""false"""
"=""đăng ký vay techcombank""","=""30""","=""0.67""","=""4""","=""Medium""","=""false"""
"=""đầu số ngân hàng techcombank""","=""30""","=""0""","=""5""","=""Low""","=""false"""
"=""autobill techcombank""","=""30""","=""0""","=""2""","=""Low""","=""false"""
"=""https techcombank com""","=""30""","=""0.38""","=""3""","=""Low""","=""false"""
"=""hsbc và techcombank""","=""30""","=""0""","=""3""","=""Low""","=""false"""
"=""stk techcombank bao nhiêu số""","=""30""","=""0""","=""5""","=""Low""","=""true"""
"=""unc techcombank""","=""30""","=""0""","=""2""","=""Low""","=""true"""
"=""vpbank và techcombank""","=""30""","=""0""","=""3""","=""Low""","=""true"""
"=""giá euro techcombank hôm nay""","=""30""","=""0""","=""5""","=""Low""","=""false"""
"=""tk techcombank bị khoá""","=""30""","=""0""","=""4""","=""Low""","=""false"""
"=""hỗ trợ techcombank zalo""","=""30""","=""0""","=""4""","=""Low""","=""false"""
"=""tại sao techcombank thu phí thường niên""","=""30""","=""0""","=""7""","=""Low""","=""false"""
"=""tại sao techcombank không bật được xác thực khuôn mặt""","=""30""","=""0""","=""10""","=""Low""","=""true"""
"=""liên kết techcombank với vneid""","=""30""","=""0""","=""5""","=""Low""","=""false"""
"=""đăng ký thẻ ngân hàng techcombank""","=""20""","=""0.57""","=""6""","=""Medium""","=""false"""
"=""đăng ký thẻ ngân hàng techcombank online""","=""20""","=""0.62""","=""7""","=""Medium""","=""false"""
"=""đăng ký tk techcombank""","=""20""","=""0.63""","=""4""","=""Medium""","=""true"""
"=""cách làm thẻ ngân hàng techcombank""","=""20""","=""0.9""","=""6""","=""Low""","=""true"""
"=""đăng ký làm thẻ techcombank online""","=""20""","=""0.64""","=""6""","=""Medium""","=""false"""
"=""làm thẻ ngân hàng online techcombank""","=""20""","=""0.84""","=""6""","=""Medium""","=""false"""
"=""đăng ký online techcombank""","=""20""","=""0.77""","=""4""","=""Medium""","=""false"""
"=""mo tai khoan techcombank""","=""20""","=""0.65""","=""4""","=""Low""","=""false"""
"=""cách làm thẻ techcombank""","=""20""","=""0.64""","=""4""","=""Low""","=""false"""
"=""số đt ngân hàng techcombank""","=""20""","=""0""","=""5""","=""Low""","=""false"""
"=""1903 techcombank chi nhánh nào""","=""20""","=""0""","=""5""","=""Low""","=""false"""
"=""app techcombank cho doanh nghiệp""","=""20""","=""1.39""","=""5""","=""Low""","=""false"""
"=""business id techcombank com vn""","=""20""","=""0""","=""5""","=""Low""","=""true"""
"=""chăm sóc kh techcombank""","=""20""","=""0""","=""4""","=""Low""","=""false"""
"=""chăm sóc techcombank""","=""20""","=""0""","=""3""","=""Low""","=""false"""
"=""các vị trí trong ngân hàng techcombank""","=""20""","=""0""","=""7""","=""Low""","=""false"""
"=""cách nạp tiền vào tài khoản ngân hàng techcombank""","=""20""","=""0""","=""9""","=""Low""","=""false"""
"=""cách phát hành thẻ techcombank online""","=""20""","=""0""","=""6""","=""Low""","=""false"""
"=""cách đăng ký ngân hàng techcombank""","=""20""","=""0.46""","=""6""","=""Low""","=""false"""
"=""cách đăng ký thẻ techcombank online""","=""20""","=""0""","=""6""","=""Low""","=""false"""
"=""dịch vụ techcombank""","=""20""","=""0""","=""3""","=""Low""","=""false"""
"=""giao diện mới techcombank""","=""20""","=""0""","=""4""","=""Low""","=""false"""
"=""giới thiệu ngân hàng techcombank""","=""20""","=""0""","=""5""","=""Low""","=""false"""
"=""id techcombank""","=""20""","=""0""","=""2""","=""Low""","=""false"""
"=""khách hàng cá nhân techcombank""","=""20""","=""0""","=""5""","=""Low""","=""false"""
"=""liên kết momo với techcombank""","=""20""","=""0""","=""5""","=""Low""","=""false"""
"=""liên kết shopeepay với techcombank""","=""20""","=""0""","=""5""","=""Low""","=""false"""
"=""liên kết techcombank với momo""","=""20""","=""0""","=""5""","=""Low""","=""false"""
"=""liên kết techcombank với shopee""","=""20""","=""0""","=""5""","=""Low""","=""false"""
"=""làm techcombank online""","=""20""","=""0.52""","=""3""","=""Low""","=""false"""
"=""lãi suất techcombank 2022""","=""20""","=""0""","=""4""","=""Low""","=""false"""
"=""mật khẩu techcombank có mấy số""","=""20""","=""0""","=""6""","=""Low""","=""false"""
"=""mật khẩu thẻ techcombank mấy số""","=""20""","=""0""","=""6""","=""Low""","=""false"""
"=""napas techcombank""","=""20""","=""0""","=""2""","=""Low""","=""false"""
"=""ngân hàng techcombank bảo trì đến máy giờ""","=""20""","=""0""","=""8""","=""Low""","=""false"""
"=""nhân sự techcombank""","=""20""","=""0""","=""3""","=""Low""","=""false"""
"=""nạp tiền vào tài khoản ngân hàng techcombank""","=""20""","=""0""","=""8""","=""Low""","=""false"""
"=""nạp tiền vào tài khoản techcombank""","=""20""","=""0""","=""6""","=""Low""","=""false"""
"=""sản phẩm của techcombank""","=""20""","=""0""","=""4""","=""Low""","=""false"""
"=""số điện ngân hàng techcombank""","=""20""","=""0""","=""5""","=""Low""","=""false"""
"=""số điện thoại hỗ trợ ngân hàng techcombank""","=""20""","=""0""","=""8""","=""Low""","=""false"""
"=""thanh lý tài sản techcombank""","=""20""","=""0""","=""5""","=""Low""","=""false"""
"=""the den techcombank""","=""20""","=""0""","=""3""","=""Low""","=""false"""
"=""thông tin về ngân hàng techcombank""","=""20""","=""0""","=""6""","=""Low""","=""false"""
"=""thông tin về techcombank""","=""20""","=""0""","=""4""","=""Low""","=""false"""
"=""thẻ ngân hàng techcombank visa""","=""20""","=""0""","=""5""","=""Low""","=""false"""
"=""thẻ thanh toán nội địa techcombank""","=""20""","=""0""","=""6""","=""Low""","=""false"""
"=""thẻ đen ngân hàng techcombank""","=""20""","=""0""","=""5""","=""Low""","=""true"""
"=""tin tức techcombank""","=""20""","=""0""","=""3""","=""Low""","=""false"""
"=""tiền lãi ngân hàng techcombank""","=""20""","=""0""","=""5""","=""Low""","=""false"""
"=""trung tâm thanh toán techcombank""","=""20""","=""0""","=""5""","=""Low""","=""false"""
"=""trung tâm thẻ techcombank""","=""20""","=""0""","=""4""","=""Low""","=""false"""
"=""đăng ký techcombank mobile""","=""20""","=""0.58""","=""4""","=""Low""","=""false"""
"=""đầu số techcombank""","=""20""","=""0""","=""3""","=""Low""","=""false"""
"=""đầu số tài khoản techcombank""","=""20""","=""0""","=""5""","=""Low""","=""false"""
"=""ưu đãi thẻ visa techcombank""","=""20""","=""0""","=""5""","=""Low""","=""false"""
"=""giá euro techcombank""","=""20""","=""0""","=""3""","=""Low""","=""false"""
"=""phòng gd techcombank""","=""20""","=""0""","=""3""","=""Low""","=""false"""
"=""mã gt techcombank""","=""20""","=""0""","=""3""","=""Low""","=""false"""
"=""iam techcombank""","=""20""","=""0""","=""2""","=""Low""","=""false"""
"=""đổi mk techcombank""","=""20""","=""0""","=""3""","=""Low""","=""false"""
"=""hủy otp techcombank""","=""20""","=""0""","=""3""","=""Low""","=""false"""
"=""rbo techcombank""","=""20""","=""0""","=""2""","=""Low""","=""false"""
"=""rbo techcombank là gì""","=""20""","=""0""","=""4""","=""Low""","=""false"""
"=""td techcombank""","=""20""","=""0""","=""2""","=""Low""","=""false"""
"=""vnd tgtt techcombank la gì""","=""20""","=""0""","=""5""","=""Low""","=""true"""
"=""mẫu unc techcombank""","=""20""","=""0""","=""3""","=""Low""","=""true"""
"=""www techcombank com vn quét mã qr""","=""20""","=""0.42""","=""7""","=""Low""","=""false"""
"=""tại sao techcombank không đăng nhập được""","=""20""","=""0""","=""7""","=""Low""","=""false"""
"=""lịch bloc techcombank 2026""","=""20""","=""0""","=""4""","=""Low""","=""false"""
"=""ty gia euro techcombank""","=""20""","=""0""","=""4""","=""Low""","=""false"""
"=""mcc techcombank spark""","=""20""","=""0""","=""3""","=""Low""","=""true"""
"=""store noti techcombank pc""","=""20""","=""0""","=""4""","=""Low""","=""false"""
"=""qlrr techcombank""","=""20""","=""0""","=""2""","=""Low""","=""false"""
"=""qlrr techcombank là gì""","=""20""","=""0""","=""4""","=""Low""","=""false"""
"=""sdt techcombank doanh nghiệp""","=""20""","=""0""","=""4""","=""Low""","=""false"""
"=""tại sao techcombank không vào được""","=""20""","=""0""","=""6""","=""Low""","=""false"""
"=""làm sao biết tài khoản techcombank thuộc chi nhánh nào""","=""20""","=""0""","=""10""","=""Low""","=""false"""
"=""tạo tk techcombank dưới 18 tuổi""","=""20""","=""0""","=""6""","=""Low""","=""false"""
"=""liên kết techcombank với apple pay""","=""20""","=""0""","=""6""","=""Low""","=""false"""
"=""liên kết techcombank với shopee pay""","=""20""","=""0""","=""6""","=""Low""","=""false"""
"=""so sánh thẻ techcombank visa eco và platinum""","=""20""","=""0""","=""8""","=""Low""","=""true"""
"=""đăng ký làm thẻ techcombank""","=""10""","=""0""","=""5""","=""Low""","=""false"""
"=""làm the ngân hàng online techcombank""","=""10""","=""0.66""","=""6""","=""Medium""","=""false"""
"=""đăng ký tài khoản online techcombank""","=""10""","=""1.24""","=""6""","=""Medium""","=""false"""
"=""đăng ký tài khoản ngân hàng online techcombank""","=""10""","=""0.78""","=""8""","=""Medium""","=""true"""
"=""đăng ký the techcombank online""","=""10""","=""0""","=""5""","=""Low""","=""false"""
"=""dk techcombank online""","=""10""","=""0.8""","=""3""","=""Medium""","=""false"""
"=""làm the techcombank online""","=""10""","=""0""","=""4""","=""Low""","=""false"""
"=""đăng ký ngân hàng điện tử techcombank""","=""10""","=""0""","=""7""","=""Low""","=""false"""
"=""hướng dẫn làm thẻ techcombank online""","=""10""","=""0.84""","=""6""","=""Low""","=""false"""
"=""làm tài khoản ngân hàng techcombank""","=""10""","=""0""","=""6""","=""Low""","=""false"""
"=""đăng ký tk ngân hàng techcombank""","=""10""","=""0""","=""6""","=""Medium""","=""false"""
"=""làm thẻ đen techcombank""","=""10""","=""0""","=""4""","=""Low""","=""false"""
"=""làm tài khoản techcombank""","=""10""","=""0.74""","=""4""","=""Low""","=""false"""
"=""thẻ ứng tiền của techcombank""","=""10""","=""0""","=""5""","=""Low""","=""false"""
"=""đăng ký làm the techcombank online""","=""10""","=""0""","=""6""","=""Low""","=""false"""
"=""tài khoản số điện thoại techcombank""","=""10""","=""0""","=""6""","=""Low""","=""false"""
"=""cách làm thẻ đen techcombank""","=""10""","=""0""","=""5""","=""Low""","=""false"""
"=""1903 là chi nhánh techcombank nào""","=""10""","=""0""","=""6""","=""Low""","=""false"""
"=""6 số đầu thẻ techcombank""","=""10""","=""0""","=""5""","=""Low""","=""false"""
"=""app thẻ tín dụng techcombank""","=""10""","=""0""","=""5""","=""Low""","=""false"""
"=""bằng lãi suất ngân hàng techcombank""","=""10""","=""0""","=""6""","=""Low""","=""false"""
"=""các dịch vụ của techcombank""","=""10""","=""0""","=""5""","=""Low""","=""false"""
"=""các sản phẩm dịch vụ của techcombank""","=""10""","=""0""","=""7""","=""Low""","=""false"""
"=""cách liên hệ với ngân hàng techcombank""","=""10""","=""0""","=""7""","=""Low""","=""true"""
"=""cách liên kết shopeepay với techcombank""","=""10""","=""0""","=""6""","=""Low""","=""false"""
"=""cách sử dụng app techcombank mới""","=""10""","=""0""","=""6""","=""Low""","=""false"""
"=""cách sử dụng techcombank""","=""10""","=""0""","=""4""","=""Low""","=""false"""
"=""cách sử dụng techcombank mobile""","=""10""","=""0""","=""5""","=""Low""","=""false"""
"=""cách thanh toán the tín dụng techcombank""","=""10""","=""0""","=""7""","=""Low""","=""false"""
"=""cách thanh toán thẻ tín dụng techcombank trên app mới""","=""10""","=""0""","=""10""","=""Low""","=""false"""
"=""cách truy vấn tài khoản techcombank""","=""10""","=""0""","=""6""","=""Low""","=""false"""
"=""cách đăng ký ngân hàng điện tử techcombank""","=""10""","=""0""","=""8""","=""Low""","=""false"""
"=""cách đăng ký techcombank mobile""","=""10""","=""0""","=""5""","=""Low""","=""false"""
"=""cách đăng ký techcombank trên điện thoại""","=""10""","=""0""","=""7""","=""Low""","=""false"""
"=""cách đăng ký thẻ ngân hàng techcombank""","=""10""","=""0.34""","=""7""","=""Medium""","=""false"""
"=""cách đăng xuất techcombank trên điện thoại""","=""10""","=""0""","=""7""","=""Low""","=""false"""
"=""có nên dùng techcombank""","=""10""","=""0""","=""4""","=""Low""","=""false"""
"=""có nên làm thẻ techcombank""","=""10""","=""0""","=""5""","=""Low""","=""false"""
"=""dịch vụ chăm sóc khách hàng techcombank""","=""10""","=""0""","=""7""","=""Low""","=""false"""
"=""dịch vụ chứng minh tài chính techcombank""","=""10""","=""0""","=""7""","=""Low""","=""false"""
"=""dịch vụ khách hàng techcombank""","=""10""","=""0""","=""5""","=""Low""","=""false"""
"=""dịch vụ ngân hàng techcombank""","=""10""","=""0""","=""5""","=""Low""","=""false"""
"=""dịch vụ thẻ techcombank""","=""10""","=""0""","=""4""","=""Low""","=""false"""
"=""e techcombank""","=""10""","=""0""","=""2""","=""Low""","=""false"""
"=""f st mobile và techcombank mobile""","=""10""","=""0""","=""6""","=""Low""","=""false"""
"=""f st techcombank""","=""10""","=""0""","=""3""","=""Low""","=""false"""
"=""giao diện mới của techcombank""","=""10""","=""0""","=""5""","=""Low""","=""false"""
"=""giờ làm việc techcombank 2022""","=""10""","=""0""","=""5""","=""Low""","=""false"""
"=""hướng dẫn sử dụng app techcombank""","=""10""","=""0""","=""6""","=""Low""","=""false"""
"=""hướng dẫn sử dụng techcombank""","=""10""","=""0""","=""5""","=""Low""","=""false"""
"=""hướng dẫn sử dụng techcombank mobile""","=""10""","=""0""","=""6""","=""Low""","=""false"""
"=""hướng dẫn thanh toán thẻ tín dụng techcombank""","=""10""","=""0""","=""8""","=""Low""","=""true"""
"=""hướng dẫn đăng ký techcombank online""","=""10""","=""0""","=""6""","=""Low""","=""false"""
"=""hướng dẫn đăng ký tài khoản techcombank online""","=""10""","=""0""","=""8""","=""Low""","=""true"""
"=""hỗ trợ tín dụng techcombank""","=""10""","=""0""","=""5""","=""Low""","=""false"""
"=""hợp đồng tín dụng techcombank""","=""10""","=""0""","=""5""","=""Low""","=""false"""
"=""i2b techcombank""","=""10""","=""0""","=""2""","=""Low""","=""false"""
"=""ib techcombank com vn servlet browserservlet""","=""10""","=""0""","=""6""","=""Low""","=""false"""
"=""in techcombank""","=""10""","=""0""","=""2""","=""Low""","=""false"""
"=""ký hiệu techcombank""","=""10""","=""0""","=""3""","=""Low""","=""false"""
"=""lim tower techcombank""","=""10""","=""0""","=""3""","=""Low""","=""false"""
"=""liên kết tài khoản techcombank với tcbs""","=""10""","=""0""","=""7""","=""Low""","=""false"""
"=""làm thẻ mastercard techcombank""","=""10""","=""0.38""","=""4""","=""Medium""","=""false"""
"=""lãi ngân hàng techcombank 2022""","=""10""","=""0""","=""5""","=""Low""","=""false"""
"=""lãi suất ngân hàng techcombank 2021""","=""10""","=""0""","=""6""","=""Low""","=""false"""
"=""lãi suất ngân hàng techcombank 2022""","=""10""","=""0""","=""6""","=""Low""","=""false"""
"=""lãi suất ngân hàng techcombank 2023""","=""10""","=""0""","=""6""","=""Low""","=""false"""
"=""lãi suất ngân hàng techcombank tháng 1 2022""","=""10""","=""0""","=""8""","=""Low""","=""false"""
"=""lãi suất ngân hàng techcombank tháng 1 2023""","=""10""","=""0""","=""8""","=""Low""","=""false"""
"=""lãi suất ngân hàng techcombank tháng 10 2021""","=""10""","=""0""","=""8""","=""Low""","=""false"""
"=""lãi suất ngân hàng techcombank tháng 10 2022""","=""10""","=""0""","=""8""","=""Low""","=""false"""
"=""lãi suất ngân hàng techcombank tháng 11 2021""","=""10""","=""0""","=""8""","=""Low""","=""false"""
"=""lãi suất ngân hàng techcombank tháng 11 2022""","=""10""","=""0""","=""8""","=""Low""","=""false"""
"=""lãi suất ngân hàng techcombank tháng 12 2022""","=""10""","=""0""","=""8""","=""Low""","=""false"""
"=""lãi suất ngân hàng techcombank tháng 2 2022""","=""10""","=""0""","=""8""","=""Low""","=""false"""
"=""lãi suất ngân hàng techcombank tháng 3 2022""","=""10""","=""0""","=""8""","=""Low""","=""false"""
"=""lãi suất ngân hàng techcombank tháng 4 2022""","=""10""","=""0""","=""8""","=""Low""","=""false"""
"=""lãi suất ngân hàng techcombank tháng 5 2022""","=""10""","=""0""","=""8""","=""Low""","=""false"""
"=""lãi suất ngân hàng techcombank tháng 6 2022""","=""10""","=""0""","=""8""","=""Low""","=""false"""
"=""lãi suất ngân hàng techcombank tháng 7 2022""","=""10""","=""0""","=""8""","=""Low""","=""false"""
"=""lãi suất ngân hàng techcombank tháng 8 2022""","=""10""","=""0""","=""8""","=""Low""","=""false"""
"=""lãi suất ngân hàng techcombank tháng 9 2022""","=""10""","=""0""","=""8""","=""Low""","=""false"""
"=""lãi suất techcombank tháng 12 2022""","=""10""","=""0""","=""6""","=""Low""","=""false"""
"=""lãi suất techcombank tháng 7 2022""","=""10""","=""0""","=""6""","=""Low""","=""false"""
"=""lãi suất techcombank tháng 8 2022""","=""10""","=""0""","=""6""","=""Low""","=""false"""
"=""lãi suất techcombank tháng 9 2022""","=""10""","=""0""","=""6""","=""Low""","=""false"""
"=""lãi suất the tín dụng techcombank""","=""10""","=""0""","=""6""","=""Low""","=""false"""
"=""lãi techcombank 2022""","=""10""","=""0""","=""3""","=""Low""","=""false"""
"=""lợi nhuận techcombank 2021""","=""10""","=""0""","=""4""","=""Low""","=""false"""
"=""momo techcombank""","=""10""","=""0""","=""2""","=""Low""","=""false"""
"=""mô hình kinh doanh của techcombank""","=""10""","=""0""","=""6""","=""Low""","=""false"""
"=""mật khẩu techcombank mấy số""","=""10""","=""0""","=""5""","=""Low""","=""false"""
"=""ngan hang dien tu techcombank""","=""10""","=""0""","=""5""","=""Low""","=""false"""
"=""ngân hàng techcombank làm việc thứ 7""","=""10""","=""0""","=""7""","=""Low""","=""false"""
"=""ngân hàng điện tử doanh nghiệp techcombank""","=""10""","=""0""","=""7""","=""Low""","=""false"""
"=""nạp tiền vndirect techcombank""","=""10""","=""0""","=""4""","=""Low""","=""false"""
"=""quy trình tín dụng của ngân hàng techcombank""","=""10""","=""0""","=""8""","=""Low""","=""false"""
"=""quản lý thu chi techcombank""","=""10""","=""0""","=""5""","=""Low""","=""false"""
"=""quản lý thẻ tín dụng techcombank""","=""10""","=""0""","=""6""","=""Low""","=""false"""
"=""số lượng nhân viên techcombank""","=""10""","=""0""","=""5""","=""Low""","=""false"""
"=""số thẻ của techcombank""","=""10""","=""0""","=""4""","=""Low""","=""false"""
"=""số thẻ techcombank 9704""","=""10""","=""0""","=""4""","=""Low""","=""false"""
"=""số tài khoản techcombank bằng số điện thoại""","=""10""","=""0""","=""8""","=""Low""","=""false"""
"=""số điện thoại chăm sóc khách hàng ngân hàng techcombank""","=""10""","=""0""","=""10""","=""Low""","=""true"""
"=""số điện thoại hỗ trợ của techcombank""","=""10""","=""0""","=""7""","=""Low""","=""true"""
"=""số điện thoại hỗ trợ khách hàng techcombank""","=""10""","=""0""","=""8""","=""Low""","=""false"""
"=""số điện thoại thẻ tín dụng techcombank""","=""10""","=""0""","=""7""","=""Low""","=""false"""
"=""số điện thoại tư vấn techcombank""","=""10""","=""0""","=""6""","=""Low""","=""false"""
"=""thanh toán hóa đơn điện bằng thẻ tín dụng techcombank""","=""10""","=""0""","=""10""","=""Low""","=""false"""
"=""thanh toán the tín dụng techcombank""","=""10""","=""0""","=""6""","=""Low""","=""false"""
"=""thanh toán thẻ tín dụng trên app techcombank""","=""10""","=""0""","=""8""","=""Low""","=""false"""
"=""thanh toán thẻ visa techcombank""","=""10""","=""0""","=""5""","=""Low""","=""false"""
"=""thanh toán tiền điện qua ngân hàng techcombank""","=""10""","=""0""","=""8""","=""Low""","=""false"""
"=""thanh toán tín dụng techcombank""","=""10""","=""0""","=""5""","=""Low""","=""false"""
"=""the đen techcombank""","=""10""","=""0""","=""3""","=""Low""","=""false"""
"=""thông tin liên hệ techcombank""","=""10""","=""0""","=""5""","=""Low""","=""false"""
"=""thẻ techcombank nội địa""","=""10""","=""0""","=""4""","=""Low""","=""false"""
"=""thẻ techcombank online""","=""10""","=""0""","=""3""","=""Low""","=""false"""
"=""thẻ techcombank thường""","=""10""","=""0""","=""3""","=""Low""","=""false"""
"=""thẻ techcombank world cup""","=""10""","=""0""","=""4""","=""Low""","=""false"""
"=""thẻ world cup techcombank""","=""10""","=""0""","=""4""","=""Low""","=""false"""
"=""thẻ đen techcombank cần bao nhiều tiền""","=""10""","=""0""","=""7""","=""Low""","=""false"""
"=""thời gian thanh toán thẻ tín dụng techcombank""","=""10""","=""0""","=""8""","=""Low""","=""false"""
"=""tin tức ngân hàng techcombank""","=""10""","=""0""","=""5""","=""Low""","=""false"""
"=""trung tâm chăm sóc khách hàng techcombank""","=""10""","=""0""","=""7""","=""Low""","=""false"""
"=""trung tâm thẻ tín dụng techcombank""","=""10""","=""0""","=""6""","=""Low""","=""false"""
"=""truy vấn tài khoản techcombank""","=""10""","=""0""","=""5""","=""Low""","=""false"""
"=""tài khoản mobile techcombank""","=""10""","=""0""","=""4""","=""Low""","=""false"""
"=""tài khoản online techcombank""","=""10""","=""0""","=""4""","=""Low""","=""false"""
"=""tài khoản techcombank trên 2 triệu""","=""10""","=""0""","=""6""","=""Low""","=""false"""
"=""tình hình ngân hàng techcombank""","=""10""","=""0""","=""5""","=""Low""","=""false"""
"=""tình hình techcombank""","=""10""","=""0""","=""3""","=""Low""","=""false"""
"=""vay vốn sinh viên techcombank""","=""10""","=""0""","=""5""","=""Low""","=""false"""
"=""vụ ngân hàng techcombank""","=""10""","=""0""","=""4""","=""Low""","=""false"""
"=""vụ techcombank""","=""10""","=""0""","=""2""","=""Low""","=""false"""
"=""www techcombank""","=""10""","=""0""","=""2""","=""Low""","=""false"""
"=""điều kiện để có thẻ đen techcombank""","=""10""","=""0""","=""7""","=""Low""","=""true"""
"=""điện thoại hỗ trợ techcombank""","=""10""","=""0""","=""5""","=""Low""","=""false"""
"=""đăng ký online thẻ techcombank""","=""10""","=""1.21""","=""5""","=""Medium""","=""false"""
"=""đăng ký phát hành thẻ techcombank""","=""10""","=""0""","=""6""","=""Low""","=""false"""
"=""đăng ký phát hành thẻ techcombank online""","=""10""","=""0""","=""7""","=""Low""","=""false"""
"=""đăng ký tin nhắn techcombank""","=""10""","=""0""","=""5""","=""Low""","=""false"""
"=""đầu số thẻ techcombank""","=""10""","=""0""","=""4""","=""Low""","=""false"""
"=""đầu số tài khoản ngân hàng techcombank""","=""10""","=""0""","=""7""","=""Low""","=""false"""
"=""ưu đãi the tín dụng techcombank 2022""","=""10""","=""0""","=""7""","=""Low""","=""false"""
"=""ứng dụng mới của techcombank""","=""10""","=""0""","=""5""","=""Low""","=""false"""
"=""ứng tiền techcombank""","=""10""","=""0""","=""3""","=""Low""","=""false"""
"=""bypass techcombank""","=""10""","=""0""","=""2""","=""Low""","=""false"""
"=""cv techcombank excel""","=""10""","=""0""","=""3""","=""Low""","=""false"""
"=""dt techcombank""","=""10""","=""0""","=""2""","=""Low""","=""false"""
"=""dvkh techcombank 24 7""","=""10""","=""0""","=""4""","=""Low""","=""false"""
"=""elearning techcombank""","=""10""","=""0""","=""2""","=""Low""","=""false"""
"=""icopy techcombank""","=""10""","=""0""","=""2""","=""Low""","=""false"""
"=""ifund techcombank""","=""10""","=""0""","=""2""","=""Low""","=""false"""
"=""iwealth techcombank""","=""10""","=""0""","=""2""","=""Low""","=""false"""
"=""kpi techcombank""","=""10""","=""0""","=""2""","=""Low""","=""false"""
"=""mcd techcombank com vn""","=""10""","=""0""","=""4""","=""Low""","=""false"""
"=""mk techcombank mấy số""","=""10""","=""0""","=""4""","=""Low""","=""true"""
"=""mk techcombank""","=""10""","=""0""","=""2""","=""Low""","=""false"""
"=""nap tien techcombank""","=""10""","=""0""","=""3""","=""Low""","=""false"""
"=""pfs techcombank là gì""","=""10""","=""0""","=""4""","=""Low""","=""false"""
"=""pfs techcombank""","=""10""","=""0""","=""2""","=""Low""","=""false"""
"=""phí qltk techcombank""","=""10""","=""0""","=""3""","=""Low""","=""false"""
"=""lương rbo techcombank""","=""10""","=""0""","=""3""","=""Low""","=""false"""
"=""sdt techcombank đà nẵng""","=""10""","=""0""","=""4""","=""Low""","=""true"""
"=""vnd tgtt techcombank""","=""10""","=""0""","=""3""","=""Low""","=""false"""
"=""vietcombank và techcombank""","=""10""","=""0""","=""3""","=""Low""","=""false"""
"=""atm techcombank vung tau""","=""10""","=""0""","=""4""","=""Low""","=""false"""
"=""www techcombank com vn zerofee""","=""10""","=""0""","=""5""","=""Low""","=""false"""
"=""zalopay techcombank""","=""10""","=""0""","=""2""","=""Low""","=""false"""
"=""làm thế nào để có thẻ đen techcombank""","=""10""","=""0""","=""8""","=""Low""","=""false"""
"=""khi nào techcombank hoàn phí thường niên""","=""10""","=""0""","=""7""","=""Low""","=""false"""
"=""app techcombank trên máy tính""","=""10""","=""0""","=""5""","=""Low""","=""false"""
"=""tài khoản techcombank dưới 2 triệu""","=""10""","=""0""","=""6""","=""Low""","=""false"""
"=""so sánh techcombank và vietcombank""","=""10""","=""0""","=""5""","=""Low""","=""false"""
"=""so sánh techcombank và bidv""","=""10""","=""0""","=""5""","=""Low""","=""false"""
"=""so sánh techcombank và tpbank""","=""10""","=""0""","=""5""","=""Low""","=""false"""
"=""bảo hiểm techcombank affina""","=""10""","=""0.49""","=""4""","=""Low""","=""true"""
"=""agoda techcombank signature""","=""10""","=""0""","=""3""","=""Low""","=""false"""
"=""đổi avatar techcombank""","=""10""","=""0""","=""3""","=""Low""","=""true"""
"=""bctc techcombank 2023""","=""10""","=""0""","=""3""","=""Low""","=""false"""
"=""bh techcombank""","=""10""","=""0""","=""2""","=""Low""","=""false"""
"=""bhsk techcombank""","=""10""","=""0""","=""2""","=""Low""","=""false"""
"=""atm techcombank bmt""","=""10""","=""0""","=""3""","=""Low""","=""false"""
"=""cctg techcombank là gì""","=""10""","=""0""","=""4""","=""Low""","=""false"""
"=""mua cctg techcombank""","=""10""","=""0""","=""3""","=""Low""","=""true"""
"=""cskh techcombank tuyển dụng""","=""10""","=""0""","=""4""","=""Low""","=""false"""
"=""cv techcombank mới nhất""","=""10""","=""0""","=""4""","=""Low""","=""true"""
"=""cvc techcombank""","=""10""","=""0""","=""2""","=""Low""","=""false"""
"=""toongr ddaif techcombank""","=""10""","=""0""","=""3""","=""Low""","=""false"""
"=""dhcd techcombank""","=""10""","=""0""","=""2""","=""Low""","=""false"""
"=""eprm techcombank""","=""10""","=""0""","=""2""","=""Low""","=""false"""
"=""khối gts techcombank""","=""10""","=""0""","=""3""","=""Low""","=""false"""
"=""rm hh techcombank""","=""10""","=""0""","=""3""","=""Low""","=""false"""
"=""tk hkd techcombank""","=""10""","=""0""","=""3""","=""Low""","=""false"""
"=""mcc techcombank everyday""","=""10""","=""0""","=""3""","=""Low""","=""false"""
"=""quên mk techcombank phải làm sao""","=""10""","=""0""","=""6""","=""Low""","=""false"""
"=""quét nfc techcombank""","=""10""","=""0""","=""3""","=""Low""","=""false"""
"=""sao kê techcombank pdf""","=""10""","=""0""","=""4""","=""Low""","=""false"""
"=""rgb techcombank""","=""10""","=""0""","=""2""","=""Low""","=""false"""
"=""rma techcombank là gì""","=""10""","=""0""","=""4""","=""Low""","=""false"""
"=""srbo techcombank là gì""","=""10""","=""0""","=""4""","=""Low""","=""false"""
"=""logo techcombank svg""","=""10""","=""0""","=""3""","=""Low""","=""true"""
"=""tgđ techcombank""","=""10""","=""0""","=""2""","=""Low""","=""true"""
"=""tgtt techcombank la gì""","=""10""","=""0""","=""4""","=""Low""","=""false"""
"=""tk techcombank bị lỗi""","=""10""","=""0""","=""4""","=""Low""","=""true"""
"=""qlrr tt techcombank com vn""","=""10""","=""0""","=""5""","=""Low""","=""false"""
"=""one ui techcombank""","=""10""","=""0""","=""3""","=""Low""","=""true"""
"=""upoint techcombank để làm gì""","=""10""","=""0""","=""5""","=""Low""","=""true"""
"=""9pay techcombank""","=""10""","=""0""","=""2""","=""Low""","=""false"""
"=""tại sao techcombank không chuyển tiền được""","=""10""","=""0""","=""7""","=""Low""","=""false"""
"=""tại sao techcombank gọi điện""","=""10""","=""0""","=""5""","=""Low""","=""false"""
"=""tại sao techcombank không bật được face id""","=""10""","=""0""","=""8""","=""Low""","=""false"""
"=""vì sao techcombank bị lỗi""","=""10""","=""0""","=""5""","=""Low""","=""false"""
"=""làm sao để biết thẻ techcombank thuộc chi nhánh nào""","=""10""","=""0""","=""10""","=""Low""","=""false"""
"=""khi nào techcombank chia cổ tức""","=""10""","=""0""","=""6""","=""Low""","=""false"""
"=""atm techcombank trong vòng 800m""","=""10""","=""0""","=""5""","=""Low""","=""false"""
"=""điểm techcombank để làm gì""","=""10""","=""0""","=""5""","=""Low""","=""false"""
"=""ib techcombank cho doanh nghiệp""","=""0""","=""0""","=""5""","=""Low""","=""false"""
"=""lãi suất techcombank tháng 10 2022""","=""0""","=""0""","=""6""","=""Low""","=""false"""
"=""lãi suất techcombank tháng 11 2022""","=""0""","=""0""","=""6""","=""Low""","=""false"""
"=""ngân hàng techcombank bảo trì 2022""","=""0""","=""0""","=""6""","=""Low""","=""false"""
"=""ưu đãi thẻ tín dụng techcombank 2022""","=""0""","=""0""","=""7""","=""Low""","=""false"""
"=""atm techcombank aeon long biên""","=""0""","=""0""","=""5""","=""Low""","=""false"""
"=""ach techcombank""","=""0""","=""0""","=""2""","=""Low""","=""false"""
"=""acb techcombank""","=""0""","=""0""","=""2""","=""Low""","=""false"""
"=""aci techcombank""","=""0""","=""0""","=""2""","=""Low""","=""false"""
"=""aci techcombank com vn""","=""0""","=""0""","=""4""","=""Low""","=""false"""
"=""actiup techcombank""","=""0""","=""0""","=""2""","=""Low""","=""false"""
"=""corporate affairs techcombank""","=""0""","=""0""","=""3""","=""Low""","=""false"""
"=""aba techcombank""","=""0""","=""0""","=""2""","=""Low""","=""false"""
"=""akabot techcombank""","=""0""","=""0""","=""2""","=""Low""","=""false"""
"=""amlead techcombank com vn""","=""0""","=""0""","=""4""","=""Low""","=""false"""
"=""alexis techcombank""","=""0""","=""0""","=""2""","=""Low""","=""false"""
"=""alm techcombank""","=""0""","=""0""","=""2""","=""Low""","=""false"""
"=""alexey techcombank""","=""0""","=""0""","=""2""","=""Low""","=""false"""
"=""đặt alias techcombank""","=""0""","=""0""","=""3""","=""Low""","=""false"""
"=""arm techcombank tuyển dụng""","=""0""","=""0""","=""4""","=""Low""","=""false"""
"=""enterprise architect techcombank""","=""0""","=""0""","=""3""","=""Low""","=""false"""
"=""avatar techcombank""","=""0""","=""0""","=""2""","=""Low""","=""false"""
"=""khung avatar techcombank""","=""0""","=""0""","=""3""","=""Low""","=""false"""
"=""bcde techcombank com vn""","=""0""","=""0""","=""4""","=""Low""","=""false"""
"=""bcde techcombank""","=""0""","=""0""","=""2""","=""Low""","=""false"""
"=""bctc techcombank 2022""","=""0""","=""0""","=""3""","=""Low""","=""false"""
"=""bctc techcombank 2026""","=""0""","=""0""","=""3""","=""Low""","=""false"""
"=""bbc techcombank là gì""","=""0""","=""0""","=""4""","=""Low""","=""false"""
"=""bbc techcombank""","=""0""","=""0""","=""2""","=""Low""","=""false"""
"=""vn com techcombank bb app apk""","=""0""","=""0""","=""6""","=""Low""","=""false"""
"=""bda techcombank""","=""0""","=""0""","=""2""","=""Low""","=""false"""
"=""bdsd techcombank""","=""0""","=""0""","=""2""","=""Low""","=""false"""
"=""bds techcombank""","=""0""","=""0""","=""2""","=""Low""","=""false"""
"=""bep techcombank com vn""","=""0""","=""0""","=""4""","=""Low""","=""false"""
"=""bhnt techcombank""","=""0""","=""0""","=""2""","=""Low""","=""false"""
"=""bhxh techcombank""","=""0""","=""0""","=""2""","=""Low""","=""false"""
"=""bhyt techcombank""","=""0""","=""0""","=""2""","=""Low""","=""false"""
"=""mua bhyt techcombank""","=""0""","=""0""","=""3""","=""Low""","=""false"""
"=""chi nhánh techcombank bmt""","=""0""","=""0""","=""4""","=""Low""","=""false"""
"=""tổng đài techcombank bmt""","=""0""","=""0""","=""4""","=""Low""","=""false"""
"=""bpm techcombank""","=""0""","=""0""","=""2""","=""Low""","=""false"""
"=""bpa techcombank""","=""0""","=""0""","=""2""","=""Low""","=""false"""
"=""bao techcombank""","=""0""","=""0""","=""2""","=""Low""","=""false"""
"=""blacklist techcombank""","=""0""","=""0""","=""2""","=""Low""","=""false"""
"=""lịch bloc techcombank""","=""0""","=""0""","=""3""","=""Low""","=""false"""
"=""cbc techcombank""","=""0""","=""0""","=""2""","=""Low""","=""false"""
"=""cbc techcombank là gì""","=""0""","=""0""","=""4""","=""Low""","=""false"""
"=""ccq techcombank""","=""0""","=""0""","=""2""","=""Low""","=""false"""
"=""ccb techcombank""","=""0""","=""0""","=""2""","=""Low""","=""false"""
"=""ccb techcombank là gì""","=""0""","=""0""","=""4""","=""Low""","=""false"""
"=""mua cctg techcombank là gì""","=""0""","=""0""","=""5""","=""Low""","=""false"""
"=""cfa techcombank""","=""0""","=""0""","=""2""","=""Low""","=""false"""
"=""alex cfo techcombank""","=""0""","=""0""","=""3""","=""Low""","=""false"""
"=""cg techcombank""","=""0""","=""0""","=""2""","=""Low""","=""false"""
"=""cgv techcombank visa""","=""0""","=""0""","=""3""","=""Low""","=""false"""
"=""voucher cgv techcombank""","=""0""","=""0""","=""3""","=""Low""","=""false"""
"=""clerk techcombank""","=""0""","=""0""","=""2""","=""Low""","=""false"""
"=""claim techcombank""","=""0""","=""0""","=""2""","=""Low""","=""false"""
"=""loa ck techcombank""","=""0""","=""0""","=""3""","=""Low""","=""false"""
"=""app ck techcombank""","=""0""","=""0""","=""3""","=""Low""","=""false"""
"=""cpo techcombank""","=""0""","=""0""","=""2""","=""Low""","=""false"""
"=""giá cp techcombank""","=""0""","=""0""","=""3""","=""Low""","=""false"""
"=""giá cp techcombank hôm nay""","=""0""","=""0""","=""5""","=""Low""","=""false"""
"=""ctv techcombank""","=""0""","=""0""","=""2""","=""Low""","=""false"""
"=""ctck techcombank""","=""0""","=""0""","=""2""","=""Low""","=""false"""
"=""ct techcombank""","=""0""","=""0""","=""2""","=""Low""","=""false"""
"=""cvv2 techcombank""","=""0""","=""0""","=""2""","=""Low""","=""false"""
"=""dba techcombank""","=""0""","=""0""","=""2""","=""Low""","=""false"""
"=""dcms techcombank""","=""0""","=""0""","=""2""","=""Low""","=""false"""
"=""dky techcombank""","=""0""","=""0""","=""2""","=""Low""","=""false"""
"=""dkkd techcombank""","=""0""","=""0""","=""2""","=""Low""","=""false"""
"=""dms techcombank com vn""","=""0""","=""0""","=""4""","=""Low""","=""false"""
"=""tổng đài techcombank dn""","=""0""","=""0""","=""4""","=""Low""","=""false"""
"=""phí dttk techcombank""","=""0""","=""0""","=""3""","=""Low""","=""false"""
"=""dvcnt techcombank com vn""","=""0""","=""0""","=""4""","=""Low""","=""false"""
"=""auto earning techcombank review""","=""0""","=""0""","=""4""","=""Low""","=""false"""
"=""ebanking techcombank com vn""","=""0""","=""0""","=""4""","=""Low""","=""false"""
"=""einvoice techcombank""","=""0""","=""0""","=""2""","=""Low""","=""false"""
"=""email techcombank com vn""","=""0""","=""0""","=""4""","=""Low""","=""false"""
"=""emagazine techcombank""","=""0""","=""0""","=""2""","=""Low""","=""false"""
"=""tải techcombank epos""","=""0""","=""0""","=""3""","=""Low""","=""false"""
"=""phí epos techcombank""","=""0""","=""0""","=""3""","=""Low""","=""false"""
"=""eticket techcombank""","=""0""","=""0""","=""2""","=""Low""","=""false"""
"=""esop techcombank 2024""","=""0""","=""0""","=""3""","=""Low""","=""false"""
"=""expo techcombank 2025""","=""0""","=""0""","=""3""","=""Low""","=""false"""
"=""expert techcombank""","=""0""","=""0""","=""2""","=""Low""","=""false"""
"=""euromoney techcombank""","=""0""","=""0""","=""2""","=""Low""","=""false"""
"=""eurowindow techcombank""","=""0""","=""0""","=""2""","=""Low""","=""false"""
"=""elp techcombank com vb""","=""0""","=""0""","=""4""","=""Low""","=""false"""
"=""https elp techcombank com vn login""","=""0""","=""0""","=""6""","=""Low""","=""false"""
"=""thi elsa techcombank""","=""0""","=""0""","=""3""","=""Low""","=""false"""
"=""ttps help techcombank com vn login""","=""0""","=""0""","=""6""","=""Low""","=""false"""
"=""frame techcombank""","=""0""","=""0""","=""2""","=""Low""","=""false"""
"=""fmb techcombank""","=""0""","=""0""","=""2""","=""Low""","=""false"""
"=""phí fx techcombank""","=""0""","=""0""","=""3""","=""Low""","=""false"""
"=""gdv techcombank""","=""0""","=""0""","=""2""","=""Low""","=""false"""
"=""mã gd techcombank""","=""0""","=""0""","=""3""","=""Low""","=""false"""
"=""lương gdv techcombank""","=""0""","=""0""","=""3""","=""Low""","=""false"""
"=""gbp techcombank""","=""0""","=""0""","=""2""","=""Low""","=""false"""
"=""ghế techcombank""","=""0""","=""0""","=""2""","=""Low""","=""false"""
"=""số gttt techcombank là gì""","=""0""","=""0""","=""5""","=""Low""","=""false"""
"=""hdsd techcombank business""","=""0""","=""0""","=""3""","=""Low""","=""false"""
"=""hddt techcombank""","=""0""","=""0""","=""2""","=""Low""","=""false"""
"=""rm hh techcombank là gì""","=""0""","=""0""","=""5""","=""Low""","=""false"""
"=""hl techcombank""","=""0""","=""0""","=""2""","=""Low""","=""false"""
"=""hrbp techcombank""","=""0""","=""0""","=""2""","=""Low""","=""false"""
"=""hr techcombank com vn""","=""0""","=""0""","=""4""","=""Low""","=""false"""
"=""hr techcombank tuyển dụng""","=""0""","=""0""","=""4""","=""Low""","=""false"""
"=""hrs techcombank""","=""0""","=""0""","=""2""","=""Low""","=""false"""
"=""email hr techcombank""","=""0""","=""0""","=""3""","=""Low""","=""false"""
"=""https techcombank com tuyển dụng""","=""0""","=""0""","=""5""","=""Low""","=""false"""
"=""https techcombank com lien he""","=""0""","=""0""","=""5""","=""Low""","=""false"""
"=""https techcombank com cong cu tien ich ty gia""","=""0""","=""0""","=""9""","=""Low""","=""false"""
"=""htkh techcombank""","=""0""","=""0""","=""2""","=""Low""","=""false"""
"=""https techcombank sharepoint com""","=""0""","=""0""","=""4""","=""Low""","=""false"""
"=""https techcombank com dang nhap ngan hang so""","=""0""","=""0""","=""8""","=""Low""","=""false"""
"=""stk hkd techcombank""","=""0""","=""0""","=""3""","=""Low""","=""false"""
"=""thẻ hybrid techcombank""","=""0""","=""0""","=""3""","=""Low""","=""false"""
"=""hni techcombank trần duy hưng""","=""0""","=""0""","=""5""","=""Low""","=""false"""
"=""ics techcombank com vn""","=""0""","=""0""","=""4""","=""Low""","=""false"""
"=""icon techcombank priority""","=""0""","=""0""","=""3""","=""Low""","=""false"""
"=""ics techcombank""","=""0""","=""0""","=""2""","=""Low""","=""false"""
"=""logo techcombank icon""","=""0""","=""0""","=""3""","=""Low""","=""false"""
"=""đổi icon techcombank""","=""0""","=""0""","=""3""","=""Low""","=""false"""
"=""đổi icon techcombank priority""","=""0""","=""0""","=""4""","=""Low""","=""false"""
"=""idol techcombank""","=""0""","=""0""","=""2""","=""Low""","=""false"""
"=""id techcombank là gì""","=""0""","=""0""","=""4""","=""Low""","=""false"""
"=""ifsc techcombank""","=""0""","=""0""","=""2""","=""Low""","=""false"""
"=""bctc ifrs techcombank""","=""0""","=""0""","=""3""","=""Low""","=""false"""
"=""tải techcombank ios""","=""0""","=""0""","=""3""","=""Low""","=""false"""
"=""is techcombank state owned""","=""0""","=""0""","=""4""","=""Low""","=""false"""
"=""is techcombank good""","=""0""","=""0""","=""3""","=""Low""","=""false"""
"=""is techcombank safe""","=""0""","=""0""","=""3""","=""Low""","=""false"""
"=""is techcombank listed""","=""0""","=""0""","=""3""","=""Low""","=""false"""
"=""is techcombank a private bank""","=""0""","=""0""","=""5""","=""Low""","=""false"""
"=""what is techcombank swift code""","=""0""","=""0""","=""5""","=""Low""","=""false"""
"=""itsm techcombank com vn""","=""0""","=""0""","=""4""","=""Low""","=""false"""
"=""ivan techcombank""","=""0""","=""0""","=""2""","=""Low""","=""false"""
"=""ivivu techcombank""","=""0""","=""0""","=""2""","=""Low""","=""false"""
"=""irace techcombank""","=""0""","=""0""","=""2""","=""Low""","=""false"""
"=""ixu techcombank""","=""0""","=""0""","=""2""","=""Low""","=""false"""
"=""jens techcombank""","=""0""","=""0""","=""2""","=""Low""","=""false"""
"=""jira techcombank""","=""0""","=""0""","=""2""","=""Low""","=""false"""
"=""hst techcombank""","=""0""","=""0""","=""2""","=""Low""","=""false"""
"=""junjun techcombank""","=""0""","=""0""","=""2""","=""Low""","=""false"""
"=""john techcombank""","=""0""","=""0""","=""2""","=""Low""","=""false"""
"=""jyoti techcombank""","=""0""","=""0""","=""2""","=""Low""","=""false"""
"=""kbnn techcombank""","=""0""","=""0""","=""2""","=""Low""","=""false"""
"=""kv techcombank""","=""0""","=""0""","=""2""","=""Low""","=""false"""
"=""lc techcombank""","=""0""","=""0""","=""2""","=""Low""","=""false"""
"=""phí lc techcombank""","=""0""","=""0""","=""3""","=""Low""","=""false"""
"=""ldr techcombank""","=""0""","=""0""","=""2""","=""Low""","=""false"""
"=""lms techcombank""","=""0""","=""0""","=""2""","=""Low""","=""false"""
"=""lstk techcombank""","=""0""","=""0""","=""2""","=""Low""","=""false"""
"=""mckinsey techcombank""","=""0""","=""0""","=""2""","=""Low""","=""false"""
"=""mcare techcombank""","=""0""","=""0""","=""2""","=""Low""","=""false"""
"=""mcc techcombank visa signature""","=""0""","=""0""","=""4""","=""Low""","=""false"""
"=""mcd techcombank""","=""0""","=""0""","=""2""","=""Low""","=""false"""
"=""mk techcombank là gì""","=""0""","=""0""","=""4""","=""Low""","=""false"""
"=""quên mk techcombank business""","=""0""","=""0""","=""4""","=""Low""","=""false"""
"=""giờ lv techcombank""","=""0""","=""0""","=""3""","=""Low""","=""false"""
"=""lịch lv techcombank""","=""0""","=""0""","=""3""","=""Low""","=""false"""
"=""mlops techcombank""","=""0""","=""0""","=""2""","=""Low""","=""false"""
"=""lương mt techcombank""","=""0""","=""0""","=""3""","=""Low""","=""false"""
"=""ms00 techcombank""","=""0""","=""0""","=""2""","=""Low""","=""false"""
"=""mst techcombank chi nhánh chợ lớn""","=""0""","=""0""","=""6""","=""Low""","=""false"""
"=""tài khoản techcombank ms00""","=""0""","=""0""","=""4""","=""Low""","=""false"""
"=""njuko techcombank marathon""","=""0""","=""0""","=""3""","=""Low""","=""false"""
"=""npl techcombank 2024""","=""0""","=""0""","=""3""","=""Low""","=""false"""
"=""nv techcombank""","=""0""","=""0""","=""2""","=""Low""","=""false"""
"=""omg techcombank""","=""0""","=""0""","=""2""","=""Low""","=""false"""
"=""who owns techcombank""","=""0""","=""0""","=""3""","=""Low""","=""false"""
"=""outlook techcombank""","=""0""","=""0""","=""2""","=""Low""","=""false"""
"=""pcrm techcombank là gì""","=""0""","=""0""","=""4""","=""Low""","=""false"""
"=""download techcombank pc""","=""0""","=""0""","=""3""","=""Low""","=""false"""
"=""đăng nhập techcombank pc""","=""0""","=""0""","=""4""","=""Low""","=""false"""
"=""pil techcombank là gì""","=""0""","=""0""","=""4""","=""Low""","=""false"""
"=""pnp techcombank là gì""","=""0""","=""0""","=""4""","=""Low""","=""false"""
"=""ưu đãi techcombank pnj""","=""0""","=""0""","=""4""","=""Low""","=""false"""
"=""pm techcombank""","=""0""","=""0""","=""2""","=""Low""","=""false"""
"=""pm techcombank là gì""","=""0""","=""0""","=""4""","=""Low""","=""false"""
"=""portal techcombank com vn""","=""0""","=""0""","=""4""","=""Low""","=""false"""
"=""pe techcombank""","=""0""","=""0""","=""2""","=""Low""","=""false"""
"=""ptf techcombank""","=""0""","=""0""","=""2""","=""Low""","=""false"""
"=""qlts techcombank""","=""0""","=""0""","=""2""","=""Low""","=""false"""
"=""qln techcombank com vn""","=""0""","=""0""","=""4""","=""Low""","=""false"""
"=""qr techcombank merchant""","=""0""","=""0""","=""3""","=""Low""","=""false"""
"=""qr techcombank priority""","=""0""","=""0""","=""3""","=""Low""","=""false"""
"=""tạo qr techcombank""","=""0""","=""0""","=""3""","=""Low""","=""false"""
"=""rgb techcombank là gì""","=""0""","=""0""","=""4""","=""Low""","=""false"""
"=""khối rbg techcombank""","=""0""","=""0""","=""3""","=""Low""","=""false"""
"=""richard techcombank""","=""0""","=""0""","=""2""","=""Low""","=""false"""
"=""rlos techcombank""","=""0""","=""0""","=""2""","=""Low""","=""false"""
"=""rpa techcombank""","=""0""","=""0""","=""2""","=""Low""","=""false"""
"=""rpo techcombank""","=""0""","=""0""","=""2""","=""Low""","=""false"""
"=""rwa techcombank""","=""0""","=""0""","=""2""","=""Low""","=""false"""
"=""rmhh techcombank là gì""","=""0""","=""0""","=""4""","=""Low""","=""false"""
"=""rm techcombank là gì""","=""0""","=""0""","=""4""","=""Low""","=""false"""
"=""rmd techcombank""","=""0""","=""0""","=""2""","=""Low""","=""false"""
"=""rma26 techcombank""","=""0""","=""0""","=""2""","=""Low""","=""false"""
"=""data scientist techcombank salary""","=""0""","=""0""","=""4""","=""Low""","=""false"""
"=""data science techcombank""","=""0""","=""0""","=""3""","=""Low""","=""false"""
"=""ai scoring techcombank""","=""0""","=""0""","=""3""","=""Low""","=""false"""
"=""https scf techcombank com vn""","=""0""","=""0""","=""5""","=""Low""","=""false"""
"=""sdt techcombank hải phòng""","=""0""","=""0""","=""4""","=""Low""","=""false"""
"=""sdt techcombank huế""","=""0""","=""0""","=""3""","=""Low""","=""false"""
"=""chi nhánh techcombank sg""","=""0""","=""0""","=""4""","=""Low""","=""false"""
"=""sltd techcombank""","=""0""","=""0""","=""2""","=""Low""","=""false"""
"=""mẫu slide techcombank""","=""0""","=""0""","=""3""","=""Low""","=""false"""
"=""thẻ sk techcombank""","=""0""","=""0""","=""3""","=""Low""","=""false"""
"=""snow techcombank""","=""0""","=""0""","=""2""","=""Low""","=""false"""
"=""snow techcombank com vn""","=""0""","=""0""","=""4""","=""Low""","=""false"""
"=""sn techcombank""","=""0""","=""0""","=""2""","=""Low""","=""false"""
"=""sre techcombank""","=""0""","=""0""","=""2""","=""Low""","=""false"""
"=""srm techcombank""","=""0""","=""0""","=""2""","=""Low""","=""false"""
"=""tuyển dụng rbo techcombank""","=""0""","=""0""","=""4""","=""Low""","=""false"""
"=""ssc techcombank""","=""0""","=""0""","=""2""","=""Low""","=""false"""
"=""swift code techcombank vtcbvnvx""","=""0""","=""0""","=""4""","=""Low""","=""false"""
"=""tbs techcombank""","=""0""","=""0""","=""2""","=""Low""","=""false"""
"=""tfg techcombank com vn""","=""0""","=""0""","=""4""","=""Low""","=""false"""
"=""td techcombank là gì""","=""0""","=""0""","=""4""","=""Low""","=""false"""
"=""https tdoc techcombank com vn""","=""0""","=""0""","=""5""","=""Low""","=""false"""
"=""tg techcombank""","=""0""","=""0""","=""2""","=""Low""","=""false"""
"=""lương tgđ techcombank""","=""0""","=""0""","=""3""","=""Low""","=""false"""
"=""phó tgđ techcombank""","=""0""","=""0""","=""3""","=""Low""","=""false"""
"=""tkdn techcombank""","=""0""","=""0""","=""2""","=""Low""","=""false"""
"=""tk techcombank bao nhiêu tuổi""","=""0""","=""0""","=""5""","=""Low""","=""false"""
"=""tk techcombank sinh lời tự động""","=""0""","=""0""","=""6""","=""Low""","=""false"""
"=""tk techcombank inspire""","=""0""","=""0""","=""3""","=""Low""","=""false"""
"=""tnc techcombank""","=""0""","=""0""","=""2""","=""Low""","=""false"""
"=""twd techcombank""","=""0""","=""0""","=""2""","=""Low""","=""false"""
"=""tsc techcombank""","=""0""","=""0""","=""2""","=""Low""","=""false"""
"=""ub techcombank tuyển dụng""","=""0""","=""0""","=""4""","=""Low""","=""false"""
"=""review ub techcombank""","=""0""","=""0""","=""3""","=""Low""","=""false"""
"=""lương ub techcombank""","=""0""","=""0""","=""3""","=""Low""","=""false"""
"=""upon techcombank""","=""0""","=""0""","=""2""","=""Low""","=""false"""
"=""upoint techcombank có hết hạn không""","=""0""","=""0""","=""6""","=""Low""","=""false"""
"=""upon techcombank là gì""","=""0""","=""0""","=""4""","=""Low""","=""false"""
"=""upoint techcombank shopee""","=""0""","=""0""","=""3""","=""Low""","=""false"""
"=""url techcombank""","=""0""","=""0""","=""2""","=""Low""","=""false"""
"=""voucher urbox techcombank""","=""0""","=""0""","=""3""","=""Low""","=""false"""
"=""vcb techcombank""","=""0""","=""0""","=""2""","=""Low""","=""false"""
"=""vp techcombank""","=""0""","=""0""","=""2""","=""Low""","=""false"""
"=""vps techcombank""","=""0""","=""0""","=""2""","=""Low""","=""false"""
"=""vrun techcombank 2025""","=""0""","=""0""","=""3""","=""Low""","=""false"""
"=""vrun techcombank 2026""","=""0""","=""0""","=""3""","=""Low""","=""false"""
"=""sacombank và techcombank""","=""0""","=""0""","=""3""","=""Low""","=""false"""
"=""vvip techcombank""","=""0""","=""0""","=""2""","=""Low""","=""false"""
"=""vulcan techcombank""","=""0""","=""0""","=""2""","=""Low""","=""false"""
"=""veo techcombank""","=""0""","=""0""","=""2""","=""Low""","=""false"""
"=""long wang techcombank""","=""0""","=""0""","=""3""","=""Low""","=""false"""
"=""won techcombank""","=""0""","=""0""","=""2""","=""Low""","=""false"""
"=""đổi won techcombank""","=""0""","=""0""","=""3""","=""Low""","=""false"""
"=""https www techcombank com""","=""0""","=""0""","=""4""","=""Low""","=""false"""
"=""xem techcombank rewind""","=""0""","=""0""","=""3""","=""Low""","=""false"""
"=""app techcombank xoay vòng""","=""0""","=""0""","=""4""","=""Low""","=""false"""
"=""xspace techcombank""","=""0""","=""0""","=""2""","=""Low""","=""false"""
"=""xpays techcombank""","=""0""","=""0""","=""2""","=""Low""","=""false"""
"=""xtep techcombank marathon results""","=""0""","=""0""","=""4""","=""Low""","=""false"""
"=""số zalo techcombank""","=""0""","=""0""","=""3""","=""Low""","=""false"""
"=""tổng đài techcombank zalo""","=""0""","=""0""","=""4""","=""Low""","=""false"""
"=""phí zalo techcombank""","=""0""","=""0""","=""3""","=""Low""","=""false"""
"=""bank zip techcombank""","=""0""","=""0""","=""3""","=""Low""","=""false"""
"=""079 techcombank""","=""0""","=""0""","=""2""","=""Low""","=""false"""
"=""4ps techcombank""","=""0""","=""0""","=""2""","=""Low""","=""false"""
"=""tại sao techcombank không cài được face id""","=""0""","=""0""","=""8""","=""Low""","=""false"""
"=""tại sao techcombank không nhận diện được khuôn mặt""","=""0""","=""0""","=""9""","=""Low""","=""false"""
"=""vì sao techcombank không thông báo biến động số dư""","=""0""","=""0""","=""10""","=""Low""","=""false"""
"=""vì sao techcombank không chuyển khoản được""","=""0""","=""0""","=""7""","=""Low""","=""false"""
"=""vì sao app techcombank không vào được""","=""0""","=""0""","=""7""","=""Low""","=""false"""
"=""vì sao thẻ techcombank không rút được tiền""","=""0""","=""0""","=""8""","=""Low""","=""false"""
"=""vì sao chọn techcombank""","=""0""","=""0""","=""4""","=""Low""","=""false"""
"=""vì sao cổ phiếu techcombank giảm mạnh""","=""0""","=""0""","=""7""","=""Low""","=""false"""
"=""vì sao đăng nhập techcombank không được""","=""0""","=""0""","=""7""","=""Low""","=""false"""
"=""làm sao kê techcombank""","=""0""","=""0""","=""4""","=""Low""","=""false"""
"=""làm sao biết techcombank chi nhánh nào""","=""0""","=""0""","=""7""","=""Low""","=""false"""
"=""làm sao để lên techcombank priority""","=""0""","=""0""","=""6""","=""Low""","=""false"""
"=""làm sao để vay techcombank""","=""0""","=""0""","=""5""","=""Low""","=""false"""
"=""làm sao khoá thẻ techcombank""","=""0""","=""0""","=""5""","=""Low""","=""false"""
"=""làm sao để lên techcombank inspire""","=""0""","=""0""","=""6""","=""Low""","=""false"""
"=""làm sao để có techcombank rewards""","=""0""","=""0""","=""6""","=""Low""","=""false"""
"=""làm sao tích điểm techcombank""","=""0""","=""0""","=""5""","=""Low""","=""false"""
"=""làm thế nào để lên hạng priority techcombank""","=""0""","=""0""","=""8""","=""Low""","=""false"""
"=""làm thế nào để kích hoạt thẻ techcombank""","=""0""","=""0""","=""8""","=""Low""","=""false"""
"=""làm thế nào để mở thẻ tín dụng techcombank""","=""0""","=""0""","=""9""","=""Low""","=""false"""
"=""làm thế nào để huỷ thẻ tín dụng techcombank""","=""0""","=""0""","=""9""","=""Low""","=""false"""
"=""khi nào techcombank chia cổ tức bằng cổ phiếu""","=""0""","=""0""","=""9""","=""Low""","=""false"""
"=""khi nào techcombank bán vàng""","=""0""","=""0""","=""5""","=""Low""","=""false"""
"=""khi nào techcombank thu phí thường niên""","=""0""","=""0""","=""7""","=""Low""","=""false"""
"=""thẻ techcombank nào được vào phòng chờ thương gia""","=""0""","=""0""","=""9""","=""Low""","=""false"""
"=""thẻ techcombank nào được giảm giá starbuck""","=""0""","=""0""","=""7""","=""Low""","=""false"""
"=""vay techcombank như thế nào""","=""0""","=""0""","=""5""","=""Low""","=""false"""
"=""cách để techcombank thông báo biến động số dư""","=""0""","=""0""","=""9""","=""Low""","=""false"""
"=""cách để lên techcombank priority""","=""0""","=""0""","=""5""","=""Low""","=""false"""
"=""cách để vay techcombank""","=""0""","=""0""","=""4""","=""Low""","=""false"""
"=""cách để đăng nhập techcombank""","=""0""","=""0""","=""5""","=""Low""","=""false"""
"=""cách để có thẻ đen techcombank""","=""0""","=""0""","=""6""","=""Low""","=""false"""
"=""cách để xem số thẻ techcombank""","=""0""","=""0""","=""6""","=""Low""","=""false"""
"=""cách để lên hạng inspire techcombank""","=""0""","=""0""","=""6""","=""Low""","=""false"""
"=""cách để xoá tài khoản techcombank""","=""0""","=""0""","=""6""","=""Low""","=""false"""
"=""có thể đổi stk techcombank không""","=""0""","=""0""","=""6""","=""Low""","=""false"""
"=""có nên dùng techcombank không""","=""0""","=""0""","=""5""","=""Low""","=""false"""
"=""có nên vay techcombank không""","=""0""","=""0""","=""5""","=""Low""","=""false"""
"=""có nên làm techcombank không""","=""0""","=""0""","=""5""","=""Low""","=""false"""
"=""có nên dùng mycash techcombank không""","=""0""","=""0""","=""6""","=""Low""","=""false"""
"=""có nên mở thẻ techcombank không""","=""0""","=""0""","=""6""","=""Low""","=""false"""
"=""atm techcombank trong vòng 1 6 km""","=""0""","=""0""","=""7""","=""Low""","=""false"""
"=""hình nên techcombank""","=""0""","=""0""","=""3""","=""Low""","=""false"""
"=""ngọ phúc techcombank để làm gì""","=""0""","=""0""","=""6""","=""Low""","=""false"""
"=""thẻ visa techcombank để làm gì""","=""0""","=""0""","=""6""","=""Low""","=""false"""
"=""ngọc thọ techcombank để làm gì""","=""0""","=""0""","=""6""","=""Low""","=""false"""
"=""acb hay techcombank tốt hơn""","=""0""","=""0""","=""5""","=""Low""","=""false"""
"=""thẻ techcombank không có mã cvv""","=""0""","=""0""","=""6""","=""Low""","=""false"""
"=""quên mật khẩu techcombank không có thẻ""","=""0""","=""0""","=""7""","=""Low""","=""false"""
"=""so sánh techcombank và mb bank""","=""0""","=""0""","=""6""","=""Low""","=""false"""
"=""so sánh techcombank và vpbank""","=""0""","=""0""","=""5""","=""Low""","=""false"""
"=""so sánh techcombank everyday và spark""","=""0""","=""0""","=""6""","=""Low""","=""false"""
"=""so sánh techcombank và vietinbank""","=""0""","=""0""","=""5""","=""Low""","=""false"""
"=""so sánh techcombank và acb""","=""0""","=""0""","=""5""","=""Low""","=""false"""
"=""so sánh techcombank và sacombank""","=""0""","=""0""","=""5""","=""Low""","=""false"""
"=""tech combank""","=""450000""","=""0.55""","=""2""","=""Low""","=""false"""
"=""ngân hàng thương mại cổ phần kỹ thương việt nam""","=""22200""","=""0.45""","=""10""","=""Low""","=""false"""
"=""ngân hàng cong thuong""","=""18100""","=""0.26""","=""4""","=""Low""","=""false"""
"=""ngân hàng kỹ thương""","=""3600""","=""0.39""","=""4""","=""Low""","=""false"""
"=""tcb doanh nghiệp""","=""3600""","=""4.22""","=""3""","=""Low""","=""false"""
"=""thẻ techcom""","=""2400""","=""0.77""","=""2""","=""Low""","=""true"""
"=""ngân hàng kỹ thương việt nam""","=""1900""","=""0.24""","=""6""","=""Low""","=""true"""
"=""ngân hàng tech""","=""590""","=""0.41""","=""3""","=""Low""","=""true"""
"=""tcb ngân hàng""","=""480""","=""0.62""","=""3""","=""Low""","=""false"""
"=""1800 588 822""","=""390""","=""0""","=""3""","=""Low""","=""false"""
"=""ngân hàng kỹ thương vn""","=""390""","=""0.21""","=""5""","=""Low""","=""true"""
"=""số tcb""","=""320""","=""0""","=""2""","=""Low""","=""false"""
"=""cafef tcb""","=""260""","=""0""","=""2""","=""Low""","=""false"""
"=""ngan hang ky thuong""","=""210""","=""0.28""","=""4""","=""Low""","=""false"""
"=""kỹ thương ngân hàng""","=""170""","=""0""","=""4""","=""Low""","=""false"""
"=""ngân hàng thương mại cổ phần kỹ thương""","=""170""","=""0""","=""8""","=""Low""","=""true"""
"=""lãi suất tech""","=""110""","=""0""","=""3""","=""Low""","=""true"""
"=""ngan hang tech""","=""110""","=""0.31""","=""3""","=""Low""","=""false"""
"=""ngân hàng thương mại kỹ thương việt nam""","=""110""","=""0""","=""8""","=""Low""","=""false"""
"=""f st mobile""","=""90""","=""0""","=""3""","=""Low""","=""false"""
"=""lãi suất ngân hàng tech""","=""90""","=""0""","=""5""","=""Low""","=""false"""
"=""ngân hàng cổ phần kỹ thương việt nam""","=""90""","=""0""","=""8""","=""Low""","=""false"""
"=""thẻ tech""","=""90""","=""0""","=""2""","=""Low""","=""false"""
"=""thẻ đen tech""","=""90""","=""0""","=""3""","=""Low""","=""false"""
"=""chăm sóc khách hàng tech""","=""70""","=""0""","=""5""","=""Low""","=""false"""
"=""ngan hang tcb""","=""70""","=""0""","=""3""","=""Low""","=""false"""
"=""f st e bank""","=""50""","=""0""","=""4""","=""Low""","=""false"""
"=""ngan hang dien tu bidv""","=""50""","=""0""","=""5""","=""Low""","=""false"""
"=""tech com bank""","=""40""","=""0""","=""3""","=""Low""","=""false"""
"=""thẻ tcb""","=""40""","=""0""","=""2""","=""Low""","=""false"""
"=""làm thẻ tech online""","=""30""","=""0.44""","=""4""","=""Medium""","=""false"""
"=""lãi suất dongabank""","=""20""","=""0""","=""3""","=""Low""","=""false"""
"=""tcb ib""","=""20""","=""0""","=""2""","=""Low""","=""false"""
"=""thẻ tech đen""","=""20""","=""0""","=""3""","=""Low""","=""false"""
"=""02432283588""","=""10""","=""0""","=""1""","=""Low""","=""false"""
"=""02873098636""","=""10""","=""0""","=""1""","=""Low""","=""false"""
"=""cafef vn tcb""","=""10""","=""0""","=""3""","=""Low""","=""false"""
"=""dongabank lãi suất""","=""10""","=""0""","=""3""","=""Low""","=""false"""
"=""ib tcb""","=""10""","=""0""","=""2""","=""Low""","=""false"""
"=""làm thẻ tech""","=""10""","=""0""","=""3""","=""Low""","=""false"""
"=""lãi suất ngân hàng techcom""","=""10""","=""0""","=""5""","=""Low""","=""false"""
"=""lãi suất techcom""","=""10""","=""0""","=""3""","=""Low""","=""false"""
"=""ngan hang techcom""","=""10""","=""0""","=""3""","=""Low""","=""false"""
"=""tcb ib là""","=""10""","=""0""","=""3""","=""Low""","=""false"""
"=""đại lý vnpay""","=""10""","=""0""","=""3""","=""Low""","=""false"""
"=""đăng ký f st mobile""","=""0""","=""0""","=""5""","=""Low""","=""false"""
