Keyword,Volume,CPC,Word count,PPC Competition,Trending
"=""thẻ ghi nợ la gi""","=""9900""","=""0.12""","=""5""","=""Low""","=""false"""
"=""thẻ ghi nợ là gi""","=""9900""","=""0.12""","=""5""","=""Low""","=""false"""
"=""thẻ ghi nợ là gì""","=""9900""","=""0.12""","=""5""","=""Low""","=""false"""
"=""thẻ ghi nợ""","=""1900""","=""0.24""","=""3""","=""Medium""","=""false"""
"=""thẻ ghi no""","=""1900""","=""0.24""","=""3""","=""Medium""","=""false"""
"=""thẻ ghi nợ vietcombank""","=""1600""","=""0.12""","=""4""","=""Low""","=""false"""
"=""thẻ ghi nợ vcb""","=""1600""","=""0.12""","=""4""","=""Low""","=""false"""
"=""thẻ ghi nợ và thẻ tín dụng""","=""880""","=""0.15""","=""7""","=""Low""","=""false"""
"=""thẻ ghi nợ vietcombank là gì""","=""720""","=""0.03""","=""6""","=""Low""","=""false"""
"=""thẻ ghi nợ vcb là gì""","=""720""","=""0.03""","=""6""","=""Low""","=""false"""
"=""thẻ ghi nợ là j""","=""590""","=""0.12""","=""5""","=""Medium""","=""false"""
"=""thẻ ghi nợ quốc tế là gì""","=""590""","=""0.12""","=""7""","=""Medium""","=""true"""
"=""thẻ ghi nợ khác gì thẻ tín dụng""","=""590""","=""0.12""","=""8""","=""Medium""","=""false"""
"=""thẻ ghi nợ là sao""","=""480""","=""0.09""","=""5""","=""Medium""","=""false"""
"=""thẻ ghi nợ nội địa là gì""","=""480""","=""0.12""","=""7""","=""Low""","=""false"""
"=""thẻ ghi nợ vpbank""","=""390""","=""0.49""","=""4""","=""Low""","=""false"""
"=""thẻ ghi nợ vp bank""","=""390""","=""0.49""","=""5""","=""Low""","=""false"""
"=""thẻ ghi nợ quốc tế vcb""","=""320""","=""0.25""","=""6""","=""Low""","=""false"""
"=""thẻ ghi nợ quốc tế vietcombank""","=""320""","=""0.25""","=""6""","=""Low""","=""false"""
"=""thẻ ghi nợ techcombank""","=""260""","=""0.5""","=""4""","=""Low""","=""false"""
"=""thẻ ghi nợ quốc tế""","=""260""","=""0.26""","=""5""","=""Low""","=""false"""
"=""thẻ ghi nợ nội địa""","=""210""","=""0.23""","=""5""","=""Low""","=""false"""
"=""thẻ ghi nợ nôi địa""","=""210""","=""0.23""","=""5""","=""Low""","=""false"""
"=""thẻ ghi nợ vietinbank""","=""210""","=""0.29""","=""4""","=""Low""","=""false"""
"=""the ghi nợ vietcombank có rút được tiền không""","=""170""","=""0""","=""9""","=""Low""","=""false"""
"=""thẻ ghi nợ nội địa vietcombank""","=""170""","=""0.21""","=""6""","=""Low""","=""false"""
"=""thẻ ghi nợ vietinbank là gì""","=""170""","=""0.03""","=""6""","=""Low""","=""false"""
"=""the ghi nợ vietcombank""","=""140""","=""0""","=""4""","=""Low""","=""false"""
"=""thẻ ghi nợ acb""","=""140""","=""0.43""","=""4""","=""Low""","=""false"""
"=""thẻ ghi nợ bidv""","=""140""","=""0""","=""4""","=""Low""","=""false"""
"=""thẻ ghi nợ mb bank""","=""140""","=""0.33""","=""5""","=""Low""","=""false"""
"=""thẻ ghi nợ quốc tế bidv""","=""140""","=""0""","=""6""","=""Low""","=""false"""
"=""thẻ ghi nợ quốc tế vietcombank visa platinum""","=""140""","=""0.16""","=""8""","=""Low""","=""true"""
"=""thẻ ghi nợ acb là gì""","=""140""","=""0.06""","=""6""","=""Low""","=""false"""
"=""thẻ ghi nợ vpbank là gì""","=""140""","=""0.2""","=""6""","=""Low""","=""false"""
"=""thẻ ghi nợ napas là gì""","=""140""","=""0.02""","=""6""","=""Low""","=""false"""
"=""thẻ ghi nợ napas của bidv là gì""","=""140""","=""0.19""","=""8""","=""Low""","=""false"""
"=""thẻ ghi nợ phi vật lý vietcombank là sao""","=""140""","=""0""","=""9""","=""Low""","=""false"""
"=""thẻ ghi nợ mb""","=""110""","=""0.41""","=""4""","=""Low""","=""true"""
"=""thẻ ghi nợ nội địa bidv""","=""110""","=""0""","=""6""","=""Low""","=""false"""
"=""thẻ ghi nợ visa vietcombank""","=""110""","=""0.2""","=""5""","=""Low""","=""false"""
"=""thẻ ghi nợ bidv là gì""","=""110""","=""0.11""","=""6""","=""Low""","=""false"""
"=""thẻ ghi nợ phi vật lý là gì""","=""110""","=""0.1""","=""8""","=""Low""","=""false"""
"=""thẻ ghi nợ và thẻ tín dụng là gì""","=""110""","=""0.12""","=""9""","=""Low""","=""false"""
"=""thẻ ghi nợ quốc tế vpbank""","=""90""","=""0""","=""6""","=""Low""","=""false"""
"=""thẻ ghi nợ tpbank""","=""90""","=""0.72""","=""4""","=""Low""","=""false"""
"=""thẻ ghi nợ vib""","=""90""","=""0.56""","=""4""","=""Low""","=""false"""
"=""the ghi no""","=""90""","=""0.25""","=""3""","=""Low""","=""false"""
"=""the ghi no la gi""","=""90""","=""0.06""","=""5""","=""Medium""","=""false"""
"=""thẻ ghi nợ có phải là thẻ atm không""","=""90""","=""0.1""","=""9""","=""Low""","=""false"""
"=""thẻ ghi nợ timo""","=""90""","=""0.63""","=""4""","=""Low""","=""false"""
"=""thẻ ghi nợ vietcombank visa""","=""90""","=""0""","=""5""","=""Low""","=""true"""
"=""thẻ ghi nợ visa""","=""90""","=""0.44""","=""4""","=""Low""","=""false"""
"=""thẻ ghi nợ và thẻ tín dụng khác nhau""","=""90""","=""0.12""","=""9""","=""Medium""","=""false"""
"=""thẻ ghi nợ và thẻ tín dụng khác nhau như thế nào""","=""90""","=""0.07""","=""12""","=""Medium""","=""true"""
"=""thẻ ghi nợ là gì vietcombank""","=""90""","=""0.03""","=""6""","=""Low""","=""false"""
"=""thẻ ghi nợ agribank""","=""70""","=""0""","=""4""","=""Low""","=""false"""
"=""thẻ ghi nợ có phải thẻ tín dụng không""","=""70""","=""0.09""","=""9""","=""Medium""","=""false"""
"=""thẻ ghi nợ nội địa agribank""","=""70""","=""0""","=""6""","=""Low""","=""false"""
"=""thẻ ghi nợ nội địa vietcombank connect24""","=""70""","=""0""","=""7""","=""Low""","=""false"""
"=""thẻ ghi nợ quốc tế vietinbank""","=""70""","=""0""","=""6""","=""Low""","=""false"""
"=""thẻ ghi nợ sacombank""","=""70""","=""0""","=""4""","=""Low""","=""false"""
"=""thẻ ghi nợ và thẻ tín dụng vietcombank""","=""70""","=""0.24""","=""8""","=""Low""","=""false"""
"=""thẻ ghi nợ hdbank""","=""70""","=""0""","=""4""","=""Low""","=""false"""
"=""thẻ ghi nợ vật lý là gì""","=""70""","=""0.12""","=""7""","=""Medium""","=""false"""
"=""thẻ ghi nợ visa là gì""","=""70""","=""0.16""","=""6""","=""Medium""","=""true"""
"=""thẻ ghi nợ cake""","=""50""","=""0.35""","=""4""","=""Low""","=""false"""
"=""thẻ ghi nợ có rút tiền được không""","=""50""","=""0.12""","=""8""","=""Low""","=""false"""
"=""thẻ ghi nợ có rút được tiền không""","=""50""","=""0.12""","=""8""","=""Low""","=""false"""
"=""thẻ ghi nợ khác thẻ atm""","=""50""","=""0.22""","=""6""","=""Medium""","=""false"""
"=""thẻ ghi nợ quốc tế vpbank visa prime platinum""","=""50""","=""0""","=""9""","=""Low""","=""false"""
"=""thẻ ghi nợ tiếng anh là gì""","=""50""","=""0""","=""7""","=""Low""","=""false"""
"=""thẻ ghi nợ là debit hay credit""","=""50""","=""0.02""","=""7""","=""Low""","=""true"""
"=""thẻ ghi nợ mastercard""","=""50""","=""0.21""","=""4""","=""Low""","=""false"""
"=""thẻ ghi nợ quốc tế vietcombank visa""","=""50""","=""0""","=""7""","=""Low""","=""false"""
"=""thẻ ghi nợ vcb visa platinum""","=""50""","=""0.23""","=""6""","=""Low""","=""false"""
"=""thẻ ghi nợ vietcombank visa platinum""","=""50""","=""0.23""","=""6""","=""Low""","=""false"""
"=""thẻ ghi nợ của vietcombank là gì""","=""50""","=""0.03""","=""7""","=""Low""","=""true"""
"=""thẻ ghi nợ là gì thẻ tín dụng là gì""","=""50""","=""0.11""","=""10""","=""Medium""","=""true"""
"=""thẻ ghi nợ khác thẻ tín dụng như nào""","=""50""","=""0.03""","=""9""","=""Medium""","=""false"""
"=""thẻ ghi nợ nội địa vpbank""","=""40""","=""0""","=""6""","=""Low""","=""false"""
"=""the ghi nợ quốc tế vietcombank""","=""40""","=""1.46""","=""6""","=""Low""","=""false"""
"=""the ghi nợ quốc tế vpbank visa platinum travel miles""","=""40""","=""0""","=""10""","=""Low""","=""false"""
"=""thẻ ghi nợ có phải là thẻ tín dụng không""","=""40""","=""0.12""","=""10""","=""Medium""","=""false"""
"=""thẻ ghi nợ fe""","=""40""","=""0.58""","=""4""","=""Low""","=""false"""
"=""thẻ ghi nợ msb""","=""40""","=""0""","=""4""","=""Low""","=""false"""
"=""thẻ ghi nợ napas""","=""40""","=""0""","=""4""","=""Low""","=""false"""
"=""thẻ ghi nợ nội địa vietinbank""","=""40""","=""0""","=""6""","=""Low""","=""false"""
"=""thẻ ghi nợ quốc tế agribank visa mastercard""","=""40""","=""0""","=""8""","=""Low""","=""false"""
"=""thẻ ghi nợ quốc tế techcombank""","=""40""","=""0""","=""6""","=""Low""","=""false"""
"=""thẻ ghi nợ shinhan""","=""40""","=""0.66""","=""4""","=""Low""","=""true"""
"=""thẻ ghi nợ ảo""","=""40""","=""5.01""","=""4""","=""Low""","=""true"""
"=""thẻ ghi nợ có chuyển khoản được không""","=""40""","=""0.12""","=""8""","=""Low""","=""false"""
"=""thẻ ghi nợ quốc tế vietcombank ever link""","=""40""","=""0""","=""8""","=""Low""","=""false"""
"=""thẻ ghi nợ free""","=""40""","=""0.58""","=""4""","=""Low""","=""false"""
"=""thẻ ghi nợ và thẻ atm khác nhau như thế nào""","=""40""","=""0""","=""11""","=""Low""","=""false"""
"=""thẻ ghi nợ phi vật lý tpbank là gì""","=""40""","=""0""","=""9""","=""Low""","=""false"""
"=""thẻ ghi nợ phi vật lý vietcombank""","=""40""","=""0.13""","=""7""","=""Low""","=""false"""
"=""thẻ ghi nợ timo là gì""","=""40""","=""0.13""","=""6""","=""Low""","=""false"""
"=""thẻ ghi nợ tpbank là gì""","=""40""","=""0.14""","=""6""","=""Low""","=""false"""
"=""thẻ ghi nợ agribank la gì""","=""40""","=""0""","=""6""","=""Low""","=""false"""
"=""thẻ ghi nợ uob""","=""40""","=""0""","=""4""","=""Low""","=""false"""
"=""thẻ ghi nợ và tín dụng khác gì nhau""","=""40""","=""0.12""","=""9""","=""Medium""","=""false"""
"=""the ghi nợ""","=""30""","=""0.29""","=""3""","=""Low""","=""true"""
"=""the ghi nợ quốc tế bidv""","=""30""","=""0""","=""6""","=""Low""","=""false"""
"=""the ghi nợ vietinbank có rút được tiền không""","=""30""","=""0""","=""9""","=""Low""","=""false"""
"=""thẻ ghi nợ có phải thẻ atm không""","=""30""","=""0.12""","=""8""","=""Low""","=""false"""
"=""thẻ ghi nợ có trả góp được không""","=""30""","=""0""","=""8""","=""Low""","=""false"""
"=""thẻ ghi nợ jcb""","=""30""","=""0""","=""4""","=""Low""","=""false"""
"=""thẻ ghi nợ là""","=""30""","=""0.05""","=""4""","=""Medium""","=""false"""
"=""thẻ ghi nợ nội địa là sao""","=""30""","=""0.03""","=""7""","=""Low""","=""true"""
"=""thẻ ghi nợ nội địa mb bank""","=""30""","=""0""","=""7""","=""Low""","=""false"""
"=""thẻ ghi nợ quốc tế là sao""","=""30""","=""0.02""","=""7""","=""Low""","=""false"""
"=""thẻ ghi nợ quốc tế mb bank""","=""30""","=""0""","=""7""","=""Low""","=""false"""
"=""thẻ ghi nợ quốc tế vpbank diamond""","=""30""","=""0""","=""7""","=""Low""","=""false"""
"=""thẻ ghi nợ shinhan bank""","=""30""","=""0""","=""5""","=""Low""","=""true"""
"=""thẻ ghi nợ vietcombank platinum""","=""30""","=""0.06""","=""5""","=""Low""","=""true"""
"=""thẻ ghi nợ vpbank shopee""","=""30""","=""31.39""","=""5""","=""Low""","=""false"""
"=""thẻ ghi nợ debit là gì""","=""30""","=""0.06""","=""6""","=""Medium""","=""false"""
"=""thẻ ghi nợ vật lý tpbank là gì""","=""30""","=""0.33""","=""8""","=""Low""","=""true"""
"=""thẻ ghi nợ mastercard là gì""","=""30""","=""0.03""","=""6""","=""Medium""","=""false"""
"=""thẻ ghi nợ msb là gì""","=""30""","=""0""","=""6""","=""Low""","=""false"""
"=""thẻ ghi nợ phi vật lý tpbank""","=""30""","=""0""","=""7""","=""Low""","=""false"""
"=""thẻ ghi nợ phi vật lý""","=""30""","=""0.57""","=""6""","=""Low""","=""false"""
"=""thẻ ghi nợ nội địa success của agribank""","=""30""","=""0""","=""8""","=""Low""","=""false"""
"=""thẻ ghi nợ techcombank là gì""","=""30""","=""0""","=""6""","=""Low""","=""false"""
"=""thẻ ghi nợ vcb platinum""","=""30""","=""0.06""","=""5""","=""Low""","=""true"""
"=""thẻ ghi nợ dùng để làm gì""","=""30""","=""0.12""","=""7""","=""Medium""","=""false"""
"=""thẻ ghi nợ nội địa vietcombank connect24 là gì""","=""30""","=""0""","=""9""","=""Low""","=""false"""
"=""thẻ ghi nợ acb có rút tiền được không""","=""30""","=""0""","=""9""","=""Low""","=""false"""
"=""thẻ ghi nợ lio bank""","=""30""","=""0.54""","=""5""","=""Low""","=""false"""
"=""thẻ ghi nợ doanh nghiệp vietcombank""","=""30""","=""0""","=""6""","=""Low""","=""false"""
"=""thẻ ghi nợ là gì vpbank""","=""30""","=""0.22""","=""6""","=""Low""","=""false"""
"=""thẻ ghi nợ la gì vietinbank""","=""30""","=""0.02""","=""6""","=""Low""","=""false"""
"=""thẻ ghi nợ mastercard bidv là gì""","=""30""","=""0""","=""7""","=""Low""","=""true"""
"=""thẻ ghi nợ mastercard bidv""","=""30""","=""0""","=""5""","=""Low""","=""false"""
"=""thẻ ghi nợ napas bidv""","=""30""","=""0""","=""5""","=""Low""","=""true"""
"=""thẻ ghi nợ số msb là gì""","=""30""","=""0""","=""7""","=""Low""","=""false"""
"=""thẻ ghi nợ uob là gì""","=""30""","=""0.42""","=""6""","=""Low""","=""false"""
"=""thẻ ghi nợ vietcombank có vay tiền được không""","=""30""","=""0.92""","=""9""","=""Low""","=""false"""
"=""thẻ ghi nợ vcb connect24 là gì""","=""30""","=""0""","=""7""","=""Low""","=""false"""
"=""thẻ ghi nợ với thẻ tín dụng khác nhau chỗ nào""","=""30""","=""0.06""","=""11""","=""Medium""","=""false"""
"=""thẻ ghi nợ abbank""","=""20""","=""0""","=""4""","=""Low""","=""false"""
"=""thẻ ghi nợ cake có rút được tiền không""","=""20""","=""0""","=""9""","=""Low""","=""false"""
"=""thẻ ghi nợ connect24 của vietcombank""","=""20""","=""0""","=""6""","=""Low""","=""false"""
"=""thẻ ghi nợ có quẹt được không""","=""20""","=""0""","=""7""","=""Low""","=""false"""
"=""thẻ ghi nợ có rút được tiền mặt không""","=""20""","=""0.57""","=""9""","=""Medium""","=""false"""
"=""thẻ ghi nợ có vay được không""","=""20""","=""1.06""","=""7""","=""Medium""","=""true"""
"=""thẻ ghi nợ của vietcombank""","=""20""","=""0.21""","=""5""","=""Low""","=""false"""
"=""thẻ ghi nợ của vietinbank""","=""20""","=""0""","=""5""","=""Low""","=""false"""
"=""thẻ ghi nợ của vpbank""","=""20""","=""0""","=""5""","=""Low""","=""false"""
"=""thẻ ghi nợ debit""","=""20""","=""0.24""","=""4""","=""Medium""","=""false"""
"=""thẻ ghi nợ debit card""","=""20""","=""0.12""","=""5""","=""Low""","=""false"""
"=""thẻ ghi nợ doanh nghiệp""","=""20""","=""0""","=""5""","=""Low""","=""false"""
"=""thẻ ghi nợ hoàn tiền""","=""20""","=""0.42""","=""5""","=""Low""","=""true"""
"=""thẻ ghi nợ hsbc""","=""20""","=""0""","=""4""","=""Low""","=""false"""
"=""thẻ ghi nợ khác thẻ tín dụng""","=""20""","=""0.05""","=""7""","=""Low""","=""false"""
"=""thẻ ghi nợ nội địa techcombank""","=""20""","=""0""","=""6""","=""Low""","=""true"""
"=""thẻ ghi nợ nội địa tpbank""","=""20""","=""0""","=""6""","=""Low""","=""false"""
"=""thẻ ghi nợ nội địa và quốc tế""","=""20""","=""0""","=""8""","=""Low""","=""false"""
"=""thẻ ghi nợ quốc tế acb""","=""20""","=""0""","=""6""","=""Low""","=""false"""
"=""thẻ ghi nợ quốc tế agribank""","=""20""","=""0""","=""6""","=""Low""","=""false"""
"=""thẻ ghi nợ quốc tế có rút tiền được không""","=""20""","=""0""","=""10""","=""Low""","=""false"""
"=""thẻ ghi nợ quốc tế mb""","=""20""","=""0""","=""6""","=""Low""","=""false"""
"=""thẻ ghi nợ quốc tế mb visa debit""","=""20""","=""0""","=""8""","=""Low""","=""false"""
"=""thẻ ghi nợ quốc tế tpbank""","=""20""","=""0""","=""6""","=""Low""","=""true"""
"=""thẻ ghi nợ quốc tế vpbank cashback mastercard""","=""20""","=""0""","=""8""","=""Low""","=""false"""
"=""thẻ ghi nợ quốc tế vpbank visa platinum travel miles""","=""20""","=""0""","=""10""","=""Low""","=""false"""
"=""thẻ ghi nợ shb""","=""20""","=""0.6""","=""4""","=""Low""","=""true"""
"=""thẻ ghi nợ standard chartered""","=""20""","=""0""","=""5""","=""Low""","=""false"""
"=""thẻ ghi nợ techcombank visa""","=""20""","=""0""","=""5""","=""Low""","=""false"""
"=""thẻ ghi nợ thẻ tín dụng""","=""20""","=""0.33""","=""6""","=""Low""","=""false"""
"=""thẻ ghi nợ vietcombank connect24""","=""20""","=""0""","=""5""","=""Low""","=""false"""
"=""thẻ ghi nợ visa platinum vietcombank""","=""20""","=""0""","=""6""","=""Low""","=""false"""
"=""thẻ ghi nợ visa techcombank""","=""20""","=""0""","=""5""","=""Low""","=""false"""
"=""thẻ ghi nợ vpbank có rút được tiền không""","=""20""","=""0""","=""9""","=""Low""","=""false"""
"=""thẻ ghi nợ vpbank diamond debit mastercard""","=""20""","=""0""","=""7""","=""Low""","=""false"""
"=""thẻ ghi nợ và tín dụng""","=""20""","=""0.02""","=""6""","=""Low""","=""false"""
"=""thẻ ghi nợ vật lý tpbank""","=""20""","=""0""","=""6""","=""Low""","=""false"""
"=""thẻ ghi nợ mb bank la gì""","=""20""","=""0""","=""7""","=""Low""","=""false"""
"=""thẻ ghi nợ cake là gì""","=""20""","=""0""","=""6""","=""Medium""","=""false"""
"=""thẻ ghi nợ để làm gì""","=""20""","=""0.11""","=""6""","=""Medium""","=""false"""
"=""thẻ ghi nợ visa debit là gì""","=""20""","=""0.11""","=""7""","=""Medium""","=""false"""
"=""thẻ ghi nợ có tác dụng gì""","=""20""","=""0.09""","=""7""","=""Medium""","=""false"""
"=""thẻ ghi nợ có hạn mức không""","=""20""","=""0.12""","=""7""","=""Medium""","=""false"""
"=""thẻ ghi nợ là gì bidv""","=""20""","=""0""","=""6""","=""Low""","=""false"""
"=""thẻ ghi nợ hdbank là gì""","=""20""","=""0""","=""6""","=""Low""","=""true"""
"=""thẻ ghi nợ khác gì với thẻ tín dụng""","=""20""","=""0.12""","=""9""","=""Medium""","=""false"""
"=""thẻ ghi nợ vpbank có mất phí không""","=""20""","=""0""","=""8""","=""Low""","=""false"""
"=""thẻ ghi nợ dùng như thế nào""","=""20""","=""0.23""","=""7""","=""Medium""","=""true"""
"=""thẻ ghi nợ platinum vietcombank""","=""20""","=""0""","=""5""","=""Low""","=""false"""
"=""thẻ ghi nợ sử dụng như thế nào""","=""20""","=""0.12""","=""8""","=""Medium""","=""false"""
"=""thẻ ghi nợ vietcombank để làm gì""","=""20""","=""0""","=""7""","=""Low""","=""false"""
"=""thẻ ghi nợ là thẻ atm phải không""","=""20""","=""0.06""","=""8""","=""Low""","=""false"""
"=""thẻ ghi nợ bidv quốc tế""","=""20""","=""0""","=""6""","=""Low""","=""false"""
"=""thẻ ghi nợ shinhan be safe là gì""","=""20""","=""0""","=""8""","=""Low""","=""false"""
"=""thẻ ghi nợ là credit hay debit""","=""20""","=""0""","=""7""","=""Low""","=""false"""
"=""thẻ ghi nợ có thanh toán quốc tế được không""","=""20""","=""0""","=""10""","=""Low""","=""true"""
"=""thẻ ghi nợ doanh nghiệp bidv""","=""20""","=""0""","=""6""","=""Low""","=""false"""
"=""thẻ ghi nợ ever link vietcombank là gì""","=""20""","=""0""","=""8""","=""Low""","=""false"""
"=""thẻ ghi nợ vietcombank visa ever link""","=""20""","=""0""","=""7""","=""Low""","=""false"""
"=""thẻ ghi nợ vpbank có mất phí thường niên không""","=""20""","=""0""","=""10""","=""Low""","=""true"""
"=""thẻ ghi nợ vật lý""","=""20""","=""0.37""","=""5""","=""Low""","=""false"""
"=""thẻ ghi nợ mastercard vpbank""","=""20""","=""0""","=""5""","=""Low""","=""false"""
"=""thẻ ghi nợ shinhan my sol là gì""","=""20""","=""0""","=""8""","=""Low""","=""false"""
"=""thẻ ghi nợ vietcombank là như thế nào""","=""20""","=""0""","=""8""","=""Low""","=""false"""
"=""thẻ ghi nợ pvcombank""","=""20""","=""0""","=""4""","=""Low""","=""false"""
"=""thẻ ghi nợ shb là gì""","=""20""","=""0.07""","=""6""","=""Low""","=""false"""
"=""thẻ ghi nợ số là gì""","=""20""","=""0.11""","=""6""","=""Low""","=""false"""
"=""thẻ ghi nợ vietcombank sử dụng như thế nào""","=""20""","=""0""","=""9""","=""Low""","=""false"""
"=""thẻ ghi nợ thẻ tín dụng là gì""","=""20""","=""0.12""","=""8""","=""Medium""","=""true"""
"=""thẻ ghi nợ timo visa""","=""20""","=""0""","=""5""","=""Low""","=""false"""
"=""thẻ ghi nợ unionpay""","=""20""","=""0""","=""4""","=""Low""","=""false"""
"=""thẻ ghi nợ vcb connect24""","=""20""","=""0""","=""5""","=""Low""","=""false"""
"=""thẻ ghi nợ vietcombank có mất phí thường niên không""","=""20""","=""0""","=""10""","=""Low""","=""true"""
"=""thẻ ghi nợ của vietinbank là gì""","=""20""","=""0""","=""7""","=""Low""","=""false"""
"=""thẻ ghi nợ hết hạn""","=""20""","=""0""","=""5""","=""Low""","=""false"""
"=""thẻ ghi nợ nội địa vietcombank connect 24""","=""20""","=""0""","=""8""","=""Low""","=""false"""
"=""thẻ ghi nợ khác the tín dụng""","=""10""","=""0""","=""7""","=""Low""","=""false"""
"=""the ghi no acb""","=""10""","=""0""","=""4""","=""Low""","=""false"""
"=""the ghi no bidv""","=""10""","=""0""","=""4""","=""Low""","=""false"""
"=""the ghi no noi dia""","=""10""","=""0""","=""5""","=""Low""","=""false"""
"=""the ghi no noi dia bidv""","=""10""","=""0""","=""6""","=""Low""","=""false"""
"=""the ghi no noi dia la gi""","=""10""","=""0.01""","=""7""","=""Low""","=""false"""
"=""the ghi no quoc te""","=""10""","=""0.25""","=""5""","=""Medium""","=""false"""
"=""the ghi no quoc te bidv""","=""10""","=""0""","=""6""","=""Low""","=""false"""
"=""the ghi no quoc te la gi""","=""10""","=""0""","=""7""","=""Medium""","=""false"""
"=""the ghi no sacombank""","=""10""","=""0""","=""4""","=""Low""","=""false"""
"=""the ghi no va the tin dung""","=""10""","=""0""","=""7""","=""Low""","=""false"""
"=""the ghi no vietcombank""","=""10""","=""0""","=""4""","=""Low""","=""false"""
"=""the ghi no visa""","=""10""","=""0""","=""4""","=""Low""","=""false"""
"=""the ghi no vpbank""","=""10""","=""0.67""","=""4""","=""Low""","=""false"""
"=""the ghi nợ bidv""","=""10""","=""0""","=""4""","=""Low""","=""false"""
"=""the ghi nợ nội địa bidv""","=""10""","=""0""","=""6""","=""Low""","=""false"""
"=""the ghi nợ nội địa bidv smart""","=""10""","=""0""","=""7""","=""Low""","=""false"""
"=""the ghi nợ nội địa mb""","=""10""","=""0""","=""6""","=""Low""","=""false"""
"=""the ghi nợ nội địa mb bank""","=""10""","=""0""","=""7""","=""Low""","=""false"""
"=""the ghi nợ nội địa tpbank""","=""10""","=""0""","=""6""","=""Low""","=""false"""
"=""the ghi nợ nội địa vietcombank""","=""10""","=""0""","=""6""","=""Low""","=""false"""
"=""the ghi nợ nội địa vietinbank""","=""10""","=""0""","=""6""","=""Low""","=""false"""
"=""the ghi nợ quốc tế""","=""10""","=""0""","=""5""","=""Low""","=""false"""
"=""the ghi nợ quốc tế bidv ready""","=""10""","=""0""","=""7""","=""Low""","=""false"""
"=""the ghi nợ quốc tế vietcombank connect24 visa""","=""10""","=""0""","=""8""","=""Low""","=""false"""
"=""the ghi nợ quốc tế vietcombank visa platinum""","=""10""","=""0""","=""8""","=""Low""","=""false"""
"=""the ghi nợ quốc tế vietinbank""","=""10""","=""0""","=""6""","=""Low""","=""false"""
"=""the ghi nợ tpbank""","=""10""","=""0""","=""4""","=""Low""","=""false"""
"=""the ghi nợ vietcombank connect24 visa""","=""10""","=""0""","=""6""","=""Low""","=""false"""
"=""the ghi nợ vietcombank visa""","=""10""","=""0""","=""5""","=""Low""","=""false"""
"=""the ghi nợ vietinbank""","=""10""","=""0""","=""4""","=""Low""","=""false"""
"=""the ghi nợ và the tín dụng""","=""10""","=""0""","=""7""","=""Low""","=""false"""
"=""the ghi nợ và the tín dụng vietcombank""","=""10""","=""0""","=""8""","=""Medium""","=""false"""
"=""the ghi nợ và thẻ tín dụng""","=""10""","=""0""","=""7""","=""Low""","=""false"""
"=""thẻ ghi noẹ""","=""10""","=""0""","=""3""","=""Medium""","=""false"""
"=""thẻ ghi nợ acb privilege visa platinum""","=""10""","=""0""","=""7""","=""Low""","=""false"""
"=""thẻ ghi nợ acb visa""","=""10""","=""0""","=""5""","=""Low""","=""false"""
"=""thẻ ghi nợ bidv smart""","=""10""","=""0""","=""5""","=""Low""","=""false"""
"=""thẻ ghi nợ cashback""","=""10""","=""0""","=""4""","=""Low""","=""false"""
"=""thẻ ghi nợ cashback vpbank""","=""10""","=""0""","=""5""","=""Low""","=""false"""
"=""thẻ ghi nợ cho sinh viên""","=""10""","=""0""","=""6""","=""Low""","=""false"""
"=""thẻ ghi nợ cimb""","=""10""","=""0""","=""4""","=""Low""","=""false"""
"=""thẻ ghi nợ cimb finhay""","=""10""","=""0""","=""5""","=""Low""","=""false"""
"=""thẻ ghi nợ citibank""","=""10""","=""0""","=""4""","=""Low""","=""false"""
"=""thẻ ghi nợ connect24 visa của vietcombank""","=""10""","=""0""","=""7""","=""Low""","=""false"""
"=""thẻ ghi nợ credit card""","=""10""","=""0""","=""5""","=""Low""","=""false"""
"=""thẻ ghi nợ có quẹt thẻ được không""","=""10""","=""0""","=""8""","=""Medium""","=""false"""
"=""thẻ ghi nợ của agribank""","=""10""","=""0""","=""5""","=""Low""","=""false"""
"=""thẻ ghi nợ của sacombank""","=""10""","=""0""","=""5""","=""Low""","=""false"""
"=""thẻ ghi nợ của techcombank""","=""10""","=""0""","=""5""","=""Low""","=""false"""
"=""thẻ ghi nợ eximbank""","=""10""","=""0""","=""4""","=""Low""","=""false"""
"=""thẻ ghi nợ fe credit""","=""10""","=""0""","=""5""","=""Low""","=""false"""
"=""thẻ ghi nợ homecredit""","=""10""","=""0""","=""4""","=""Low""","=""false"""
"=""thẻ ghi nợ khác với thẻ tín dụng""","=""10""","=""0""","=""8""","=""Low""","=""false"""
"=""thẻ ghi nợ là thẻ atm""","=""10""","=""0""","=""6""","=""Low""","=""false"""
"=""thẻ ghi nợ mastercard agribank""","=""10""","=""0""","=""5""","=""Low""","=""false"""
"=""thẻ ghi nợ mastercard vietcombank""","=""10""","=""0""","=""5""","=""Low""","=""false"""
"=""thẻ ghi nợ mb visa debit""","=""10""","=""0""","=""6""","=""Low""","=""false"""
"=""thẻ ghi nợ mplus tpbank""","=""10""","=""0""","=""5""","=""Low""","=""false"""
"=""thẻ ghi nợ màu đen""","=""10""","=""0""","=""5""","=""Medium""","=""false"""
"=""thẻ ghi nợ mặc định vietinbank""","=""10""","=""0""","=""6""","=""Low""","=""false"""
"=""thẻ ghi nợ nam a bank""","=""10""","=""0""","=""6""","=""Low""","=""false"""
"=""thẻ ghi nợ ngân hàng""","=""10""","=""0.45""","=""5""","=""Medium""","=""false"""
"=""thẻ ghi nợ ngân hàng bản việt""","=""10""","=""0""","=""7""","=""Low""","=""false"""
"=""thẻ ghi nợ ngân hàng nào tốt""","=""10""","=""0""","=""7""","=""Low""","=""false"""
"=""thẻ ghi nợ noi dia agribank""","=""10""","=""0""","=""6""","=""Low""","=""false"""
"=""thẻ ghi nợ nội địa acb""","=""10""","=""0""","=""6""","=""Low""","=""false"""
"=""thẻ ghi nợ nội địa active plus""","=""10""","=""0""","=""7""","=""Low""","=""false"""
"=""thẻ ghi nợ nội địa bidv smart""","=""10""","=""0""","=""7""","=""Low""","=""false"""
"=""thẻ ghi nợ nội địa có quẹt thẻ được không""","=""10""","=""0""","=""10""","=""Low""","=""false"""
"=""thẻ ghi nợ nội địa có thanh toán được không""","=""10""","=""0""","=""10""","=""Medium""","=""false"""
"=""thẻ ghi nợ nội địa có trả góp được không""","=""10""","=""0""","=""10""","=""Low""","=""false"""
"=""thẻ ghi nợ nội địa của vietinbank""","=""10""","=""0""","=""7""","=""Low""","=""false"""
"=""thẻ ghi nợ nội địa e partner vietinbank""","=""10""","=""0""","=""8""","=""Low""","=""false"""
"=""thẻ ghi nợ nội địa e partner vpay""","=""10""","=""0""","=""8""","=""Low""","=""false"""
"=""thẻ ghi nợ nội địa e partner vpay vietinbank""","=""10""","=""0""","=""9""","=""Low""","=""false"""
"=""thẻ ghi nợ nội địa gắn chip""","=""10""","=""0""","=""7""","=""Low""","=""false"""
"=""thẻ ghi nợ nội địa khác thẻ atm""","=""10""","=""0""","=""8""","=""Low""","=""false"""
"=""thẻ ghi nợ nội địa lienvietpostbank""","=""10""","=""0""","=""6""","=""Low""","=""false"""
"=""thẻ ghi nợ nội địa mb""","=""10""","=""0""","=""6""","=""Low""","=""false"""
"=""thẻ ghi nợ nội địa mbbank active plus""","=""10""","=""0""","=""8""","=""Low""","=""false"""
"=""thẻ ghi nợ nội địa msb""","=""10""","=""0""","=""6""","=""Low""","=""false"""
"=""thẻ ghi nợ nội địa napas""","=""10""","=""0""","=""6""","=""Low""","=""false"""
"=""thẻ ghi nợ nội địa sacombank""","=""10""","=""0""","=""6""","=""Low""","=""false"""
"=""thẻ ghi nợ nội địa scb""","=""10""","=""0""","=""6""","=""Low""","=""false"""
"=""thẻ ghi nợ nội địa shb""","=""10""","=""0""","=""6""","=""Low""","=""false"""
"=""thẻ ghi nợ nội địa timo""","=""10""","=""0""","=""6""","=""Low""","=""false"""
"=""thẻ ghi nợ nội địa vib""","=""10""","=""0""","=""6""","=""Low""","=""false"""
"=""thẻ ghi nợ nội địa vpsuper""","=""10""","=""0""","=""6""","=""Low""","=""false"""
"=""thẻ ghi nợ nội địa và quốc tế vietcombank""","=""10""","=""0""","=""9""","=""Low""","=""true"""
"=""thẻ ghi nợ nội địa và thẻ atm""","=""10""","=""0""","=""8""","=""Low""","=""false"""
"=""thẻ ghi nợ nội địa và thẻ tín dụng""","=""10""","=""0""","=""9""","=""Low""","=""false"""
"=""thẻ ghi nợ online""","=""10""","=""0.43""","=""4""","=""High""","=""false"""
"=""thẻ ghi nợ phụ""","=""10""","=""0""","=""4""","=""Low""","=""false"""
"=""thẻ ghi nợ platinum""","=""10""","=""0""","=""4""","=""Low""","=""false"""
"=""thẻ ghi nợ prime vpbank""","=""10""","=""0""","=""5""","=""Low""","=""false"""
"=""thẻ ghi nợ quốc tế cashback vpbank""","=""10""","=""0""","=""7""","=""Low""","=""false"""
"=""thẻ ghi nợ quốc tế có trả góp được không""","=""10""","=""0""","=""10""","=""Low""","=""false"""
"=""thẻ ghi nợ quốc tế của vietinbank""","=""10""","=""0""","=""7""","=""Low""","=""false"""
"=""thẻ ghi nợ quốc tế eximbank visa debit""","=""10""","=""0""","=""8""","=""Low""","=""false"""
"=""thẻ ghi nợ quốc tế hsbc""","=""10""","=""0""","=""6""","=""Low""","=""false"""
"=""thẻ ghi nợ quốc tế lienvietpostbank""","=""10""","=""0""","=""6""","=""Low""","=""false"""
"=""thẻ ghi nợ quốc tế mastercard""","=""10""","=""0""","=""6""","=""Low""","=""false"""
"=""thẻ ghi nợ quốc tế mb bank visa debit""","=""10""","=""0""","=""9""","=""Low""","=""false"""
"=""thẻ ghi nợ quốc tế msb""","=""10""","=""0""","=""6""","=""Low""","=""false"""
"=""thẻ ghi nợ quốc tế sacombank""","=""10""","=""0""","=""6""","=""Low""","=""false"""
"=""thẻ ghi nợ quốc tế shb""","=""10""","=""0""","=""6""","=""Low""","=""false"""
"=""thẻ ghi nợ quốc tế shinhan bank""","=""10""","=""0""","=""7""","=""Low""","=""false"""
"=""thẻ ghi nợ quốc tế shinhan my sol""","=""10""","=""0""","=""8""","=""Low""","=""false"""
"=""thẻ ghi nợ quốc tế timo""","=""10""","=""0""","=""6""","=""Low""","=""false"""
"=""thẻ ghi nợ quốc tế tp bank""","=""10""","=""0""","=""7""","=""Low""","=""false"""
"=""thẻ ghi nợ quốc tế tpbank visa cashfree""","=""10""","=""0""","=""8""","=""Low""","=""false"""
"=""thẻ ghi nợ quốc tế vib""","=""10""","=""0""","=""6""","=""Low""","=""false"""
"=""thẻ ghi nợ quốc tế vietcombank connect24 visa""","=""10""","=""0""","=""8""","=""Low""","=""false"""
"=""thẻ ghi nợ quốc tế vietcombank mastercard""","=""10""","=""0""","=""7""","=""Low""","=""false"""
"=""thẻ ghi nợ quốc tế visa""","=""10""","=""0""","=""6""","=""Low""","=""false"""
"=""thẻ ghi nợ quốc tế visa debit""","=""10""","=""0""","=""7""","=""Low""","=""false"""
"=""thẻ ghi nợ quốc tế visa debit mb bank""","=""10""","=""0""","=""9""","=""Low""","=""false"""
"=""thẻ ghi nợ quốc tế visa platinum""","=""10""","=""0""","=""7""","=""Low""","=""false"""
"=""thẻ ghi nợ quốc tế visa prime platinum debit""","=""10""","=""0""","=""9""","=""Low""","=""false"""
"=""thẻ ghi nợ quốc tế và nội địa""","=""10""","=""0""","=""8""","=""Low""","=""false"""
"=""thẻ ghi nợ quốc tế và thẻ tín dụng""","=""10""","=""0""","=""9""","=""Low""","=""false"""
"=""thẻ ghi nợ rút tiền mặt""","=""10""","=""0""","=""6""","=""Low""","=""false"""
"=""thẻ ghi nợ rút tiền mặt được không""","=""10""","=""0""","=""8""","=""Low""","=""false"""
"=""thẻ ghi nợ scb""","=""10""","=""0""","=""4""","=""Low""","=""false"""
"=""thẻ ghi nợ seabank""","=""10""","=""0""","=""4""","=""Low""","=""false"""
"=""thẻ ghi nợ shinhan my sol""","=""10""","=""0""","=""6""","=""Low""","=""false"""
"=""thẻ ghi nợ shopee vpbank""","=""10""","=""0""","=""5""","=""Low""","=""false"""
"=""thẻ ghi nợ techcombank có rút được tiền không""","=""10""","=""0""","=""9""","=""Low""","=""false"""
"=""thẻ ghi nợ techcombank napas""","=""10""","=""0""","=""5""","=""Low""","=""false"""
"=""thẻ ghi nợ techcombank visa debit""","=""10""","=""0""","=""6""","=""Low""","=""false"""
"=""thẻ ghi nợ techcombank visa platinum""","=""10""","=""0""","=""6""","=""Low""","=""false"""
"=""thẻ ghi nợ thanh toán quốc tế""","=""10""","=""0""","=""7""","=""Low""","=""false"""
"=""thẻ ghi nợ titanium cashback debit vpbank""","=""10""","=""0""","=""7""","=""Low""","=""false"""
"=""thẻ ghi nợ titanium cashback vpbank""","=""10""","=""0""","=""6""","=""Low""","=""false"""
"=""thẻ ghi nợ tnex""","=""10""","=""0""","=""4""","=""Low""","=""false"""
"=""thẻ ghi nợ tp bank""","=""10""","=""0""","=""5""","=""Low""","=""false"""
"=""thẻ ghi nợ trả sau""","=""10""","=""0""","=""5""","=""Medium""","=""false"""
"=""thẻ ghi nợ trả trước""","=""10""","=""0""","=""5""","=""Medium""","=""false"""
"=""thẻ ghi nợ vietcombank connect24 visa""","=""10""","=""0""","=""6""","=""Low""","=""false"""
"=""thẻ ghi nợ vietcombank có rút được tiền không""","=""10""","=""0""","=""9""","=""Low""","=""false"""
"=""thẻ ghi nợ vietcombank mastercard""","=""10""","=""0""","=""5""","=""Low""","=""false"""
"=""thẻ ghi nợ vietcombank visa debit""","=""10""","=""0""","=""6""","=""Low""","=""false"""
"=""thẻ ghi nợ vietcredit""","=""10""","=""0""","=""4""","=""Low""","=""false"""
"=""thẻ ghi nợ vietinbank có rút được tiền không""","=""10""","=""0""","=""9""","=""Low""","=""false"""
"=""thẻ ghi nợ vietinbank visa""","=""10""","=""0""","=""5""","=""Low""","=""false"""
"=""thẻ ghi nợ visa acb""","=""10""","=""0""","=""5""","=""Low""","=""false"""
"=""thẻ ghi nợ visa debit""","=""10""","=""0.12""","=""5""","=""Low""","=""false"""
"=""thẻ ghi nợ visa debit mb bank""","=""10""","=""0""","=""7""","=""Low""","=""false"""
"=""thẻ ghi nợ visa debit techcombank""","=""10""","=""0""","=""6""","=""Low""","=""false"""
"=""thẻ ghi nợ visa debit vietcombank""","=""10""","=""0""","=""6""","=""Low""","=""false"""
"=""thẻ ghi nợ visa ecard""","=""10""","=""0""","=""5""","=""Low""","=""false"""
"=""thẻ ghi nợ visa mb bank""","=""10""","=""0""","=""6""","=""Low""","=""false"""
"=""thẻ ghi nợ visa prime platinum""","=""10""","=""0""","=""6""","=""Low""","=""false"""
"=""thẻ ghi nợ visa prime platinum debit""","=""10""","=""0""","=""7""","=""Low""","=""false"""
"=""thẻ ghi nợ visa sacombank""","=""10""","=""0""","=""5""","=""Low""","=""false"""
"=""thẻ ghi nợ vpbank neo""","=""10""","=""0""","=""5""","=""Low""","=""false"""
"=""thẻ ghi nợ vpbank prime""","=""10""","=""0""","=""5""","=""Low""","=""false"""
"=""thẻ ghi nợ và atm""","=""10""","=""0""","=""5""","=""Low""","=""false"""
"=""thẻ ghi nợ và the atm""","=""10""","=""0""","=""6""","=""Low""","=""false"""
"=""thẻ ghi nợ và the tín dụng""","=""10""","=""0""","=""7""","=""High""","=""false"""
"=""thẻ ghi nợ và thẻ atm""","=""10""","=""0""","=""6""","=""Low""","=""false"""
"=""thẻ ghi nợ và thẻ thanh toán""","=""10""","=""0""","=""7""","=""Low""","=""false"""
"=""thẻ ghi nợ và thẻ trả trước""","=""10""","=""0""","=""7""","=""Low""","=""false"""
"=""thẻ ghi nợ vật lý vietcombank""","=""10""","=""0""","=""6""","=""Low""","=""false"""
"=""thẻ ghi nợ với thẻ tín dụng""","=""10""","=""0.02""","=""7""","=""Medium""","=""false"""
"=""thẻ ghi nợ woori bank""","=""10""","=""0""","=""5""","=""Low""","=""false"""
"=""thẻ ghi nợ acb visa là gì""","=""10""","=""0""","=""7""","=""Low""","=""false"""
"=""thẻ ghi nợ mastercard agribank la gì""","=""10""","=""0""","=""7""","=""Low""","=""false"""
"=""thẻ ghi nợ shinhan be safe""","=""10""","=""0""","=""6""","=""Low""","=""false"""
"=""thẻ ghi nợ cimb là gì""","=""10""","=""0""","=""6""","=""Medium""","=""false"""
"=""thẻ ghi nợ doanh nghiệp acb""","=""10""","=""0""","=""6""","=""Low""","=""false"""
"=""thẻ ghi nợ ever link vietcombank""","=""10""","=""0""","=""6""","=""Low""","=""false"""
"=""thẻ ghi nợ quốc tế eximbank""","=""10""","=""0""","=""6""","=""Low""","=""false"""
"=""thẻ ghi nợ nội địa eximbank""","=""10""","=""0""","=""6""","=""Low""","=""false"""
"=""thẻ ghi nợ là gì mb bank""","=""10""","=""0""","=""7""","=""Low""","=""false"""
"=""thẻ ghi nợ kbank""","=""10""","=""0""","=""4""","=""Low""","=""false"""
"=""thẻ ghi nợ kbank là gì""","=""10""","=""0""","=""6""","=""Low""","=""false"""
"=""thẻ ghi nợ khác gì thẻ atm""","=""10""","=""0.03""","=""7""","=""Medium""","=""false"""
"=""thẻ ghi nợ mb là gì""","=""10""","=""0""","=""6""","=""Low""","=""false"""
"=""thẻ ghi nợ mb visa debit là gì""","=""10""","=""0""","=""8""","=""Low""","=""false"""
"=""thẻ ghi nợ mb visa""","=""10""","=""0""","=""5""","=""Low""","=""false"""
"=""thẻ ghi nợ miễn phí""","=""10""","=""0.73""","=""5""","=""Medium""","=""false"""
"=""thẻ ghi nợ quốc tế miễn phí thường niên""","=""10""","=""0.59""","=""9""","=""Low""","=""true"""
"=""thẻ ghi nợ có mua trả góp được không""","=""10""","=""0""","=""9""","=""Low""","=""false"""
"=""thẻ ghi nợ nội địa là như thế nào""","=""10""","=""0""","=""9""","=""Low""","=""false"""
"=""thẻ ghi nợ e partner của vietinbank""","=""10""","=""0""","=""7""","=""Low""","=""false"""
"=""thẻ ghi nợ phi vật lý vpbank""","=""10""","=""0""","=""7""","=""Low""","=""false"""
"=""thẻ ghi nợ phi vật lý vietinbank""","=""10""","=""0""","=""7""","=""Low""","=""false"""
"=""thẻ ghi nợ quốc tế bidv mastercard ready""","=""10""","=""0""","=""8""","=""Low""","=""false"""
"=""thẻ ghi nợ sacombank la gì""","=""10""","=""0""","=""6""","=""Low""","=""false"""
"=""thẻ ghi nợ quốc tế seabank""","=""10""","=""0""","=""6""","=""Low""","=""false"""
"=""thẻ ghi nợ nội địa bidv smart là gì""","=""10""","=""0""","=""9""","=""Low""","=""false"""
"=""thẻ ghi nợ không sử dụng có tính phí không""","=""10""","=""0""","=""10""","=""Low""","=""false"""
"=""thẻ ghi nợ khác thẻ atm như thế nào""","=""10""","=""0""","=""9""","=""Medium""","=""false"""
"=""thẻ ghi nợ có mất phí không""","=""10""","=""0""","=""7""","=""Low""","=""false"""
"=""thẻ ghi nợ abbank là gì""","=""10""","=""0""","=""6""","=""Low""","=""false"""
"=""thẻ ghi nợ acb visa debit""","=""10""","=""0""","=""6""","=""Low""","=""false"""
"=""thẻ ghi nợ jcb agribank""","=""10""","=""0""","=""5""","=""Low""","=""false"""
"=""thẻ ghi nợ và thẻ atm có giống nhau không""","=""10""","=""0""","=""10""","=""Low""","=""true"""
"=""thẻ ghi nợ có rút tiền atm được không""","=""10""","=""0.11""","=""9""","=""Low""","=""false"""
"=""thẻ ghi nợ cake visa""","=""10""","=""0""","=""5""","=""Low""","=""false"""
"=""thẻ ghi nợ cake visa là gì""","=""10""","=""0""","=""7""","=""Low""","=""false"""
"=""thẻ ghi nợ chưa kích hoạt có bị tính phí""","=""10""","=""0""","=""10""","=""Low""","=""false"""
"=""thẻ ghi nợ có cvv không""","=""10""","=""0""","=""6""","=""Low""","=""false"""
"=""thẻ ghi nợ debit vietcombank""","=""10""","=""0""","=""5""","=""Low""","=""false"""
"=""thẻ ghi nợ diamond vpbank""","=""10""","=""0""","=""5""","=""Low""","=""false"""
"=""thẻ ghi nợ digimi là gì""","=""10""","=""0""","=""6""","=""Low""","=""false"""
"=""thẻ ghi nợ vcb digicard""","=""10""","=""0""","=""5""","=""Low""","=""false"""
"=""thẻ ghi nợ vcb digicard là gì""","=""10""","=""0""","=""7""","=""Low""","=""false"""
"=""thẻ ghi nợ có mất phí thường niên không""","=""10""","=""0.01""","=""9""","=""Low""","=""true"""
"=""thẻ ghi nợ doanh nghiệp là gì""","=""10""","=""0""","=""7""","=""Low""","=""false"""
"=""thẻ ghi nợ doanh nghiệp vietinbank""","=""10""","=""0""","=""6""","=""Low""","=""false"""
"=""thẻ ghi nợ quốc tế vietcombank ever link ecard""","=""10""","=""0""","=""9""","=""Low""","=""false"""
"=""thẻ ghi nợ epartner vpay là gì""","=""10""","=""0""","=""7""","=""Low""","=""false"""
"=""thẻ ghi nợ ever link""","=""10""","=""0""","=""5""","=""Low""","=""false"""
"=""thẻ ghi nợ vietcombank visa debit ever link""","=""10""","=""0""","=""8""","=""Low""","=""false"""
"=""thẻ ghi nợ là gì acb""","=""10""","=""0""","=""6""","=""Low""","=""false"""
"=""thẻ ghi nợ là gì và cách sử dụng""","=""10""","=""0.23""","=""9""","=""Medium""","=""false"""
"=""thẻ ghi nợ hd saison""","=""10""","=""0""","=""5""","=""Low""","=""false"""
"=""thẻ ghi nợ nội địa hdbank""","=""10""","=""0""","=""6""","=""Low""","=""false"""
"=""thẻ ghi nợ hoàn tiền nhiều nhất""","=""10""","=""0""","=""7""","=""Low""","=""false"""
"=""thẻ ghi nợ jcb vietinbank""","=""10""","=""0""","=""5""","=""Low""","=""false"""
"=""thẻ ghi nợ vietinbank ipay""","=""10""","=""0""","=""5""","=""Low""","=""false"""
"=""thẻ ghi nợ kplus là gì""","=""10""","=""0""","=""6""","=""Low""","=""false"""
"=""thẻ ghi nợ la gì vpbank""","=""10""","=""0""","=""6""","=""Low""","=""false"""
"=""thẻ ghi nợ lio bank là gì""","=""10""","=""0.36""","=""7""","=""Medium""","=""false"""
"=""thẻ ghi nợ liên kết sinh viên vietcombank""","=""10""","=""0""","=""8""","=""Low""","=""false"""
"=""thẻ ghi nợ là loại thẻ gì""","=""10""","=""0""","=""7""","=""Medium""","=""false"""
"=""thẻ ghi nợ vpbank diamond""","=""10""","=""0""","=""5""","=""Low""","=""false"""
"=""thẻ ghi nợ vật lý vietcombank là gì""","=""10""","=""0""","=""8""","=""Low""","=""false"""
"=""thẻ ghi nợ mb bank có mất phí không""","=""10""","=""0""","=""9""","=""Low""","=""true"""
"=""thẻ ghi nợ mb có rút được tiền không""","=""10""","=""0""","=""9""","=""Low""","=""false"""
"=""thẻ ghi nợ miễn phí thường niên""","=""10""","=""0.46""","=""7""","=""Medium""","=""true"""
"=""thẻ ghi nợ phi vật lý tpbank mplus""","=""10""","=""0""","=""8""","=""Low""","=""false"""
"=""thẻ ghi nợ số msb""","=""10""","=""0""","=""5""","=""Low""","=""false"""
"=""thẻ ghi nợ vpbank neo là gì""","=""10""","=""0""","=""7""","=""Low""","=""false"""
"=""thẻ ghi nợ vietcombank dùng như thế nào""","=""10""","=""0""","=""8""","=""Low""","=""false"""
"=""thẻ ghi nợ visa cake sử dụng như thế nào""","=""10""","=""0""","=""10""","=""Low""","=""false"""
"=""thẻ ghi nợ nghĩa là gì""","=""10""","=""0.11""","=""6""","=""Medium""","=""true"""
"=""thẻ ghi nợ khác thẻ tín dụng ntn""","=""10""","=""0.02""","=""8""","=""Medium""","=""false"""
"=""thẻ ghi nợ có phí thường niên không""","=""10""","=""0.12""","=""8""","=""Low""","=""true"""
"=""thẻ ghi nợ vpbank phí thường niên""","=""10""","=""0""","=""7""","=""Low""","=""false"""
"=""thẻ ghi nợ e partner vpay của vietinbank""","=""10""","=""0""","=""8""","=""Low""","=""false"""
"=""thẻ ghi nợ e partner""","=""10""","=""0""","=""5""","=""Low""","=""false"""
"=""thẻ ghi nợ quốc tế phi vật lý vcb digicard là gì""","=""10""","=""0""","=""12""","=""Low""","=""true"""
"=""thẻ ghi nợ shopee""","=""10""","=""0.49""","=""4""","=""Low""","=""false"""
"=""thẻ ghi nợ shinhan bank là gì""","=""10""","=""0""","=""7""","=""Low""","=""false"""
"=""thẻ ghi nợ là thế nào""","=""10""","=""0.02""","=""6""","=""Medium""","=""false"""
"=""thẻ ghi nợ và the tín dụng vietcombank""","=""10""","=""0""","=""8""","=""Low""","=""false"""
"=""thẻ ghi nợ timo visa là gì""","=""10""","=""0.42""","=""7""","=""Low""","=""false"""
"=""thẻ ghi nợ techcombank có mất phí không""","=""10""","=""0""","=""8""","=""Low""","=""false"""
"=""thẻ ghi nợ tpbank hết hạn""","=""10""","=""0""","=""6""","=""Low""","=""false"""
"=""thẻ ghi nợ tpbank visa""","=""10""","=""0""","=""5""","=""Low""","=""false"""
"=""thẻ ghi nợ công ty""","=""10""","=""0""","=""5""","=""Low""","=""false"""
"=""thẻ ghi nợ và thẻ visa""","=""10""","=""0.19""","=""6""","=""Low""","=""true"""
"=""thẻ ghi nợ và thẻ visa khác nhau như thế nào""","=""10""","=""0.03""","=""11""","=""Low""","=""false"""
"=""thẻ ghi nợ bản việt""","=""10""","=""0""","=""5""","=""Low""","=""false"""
"=""thẻ ghi nợ hết hạn là sao""","=""10""","=""0""","=""7""","=""Low""","=""true"""
"=""thẻ ghi nợ hết hạn phải làm sao""","=""10""","=""0""","=""8""","=""Low""","=""true"""
"=""thẻ ghi nợ là gì và thẻ tín dụng là gì""","=""10""","=""0.12""","=""11""","=""Medium""","=""false"""
"=""thẻ ghi nợ rút tiền được không""","=""10""","=""0.05""","=""7""","=""Low""","=""false"""
"=""thẻ ghi nợ shinhan có rút tiền được không""","=""10""","=""0""","=""9""","=""Low""","=""false"""
"=""thẻ ghi nợ có bị nợ xấu không""","=""10""","=""0""","=""8""","=""Low""","=""false"""
"=""thẻ ghi nợ là thẻ j""","=""10""","=""0.03""","=""6""","=""Medium""","=""false"""
"=""thẻ ghi nợ là tài khoản cung cấp cho khách hàng""","=""10""","=""0""","=""11""","=""Low""","=""false"""
"=""thẻ ghi nợ khác với thẻ tín dụng như thế nào""","=""10""","=""0""","=""11""","=""Medium""","=""false"""
"=""thẻ ghi nợ có mã cvv không""","=""10""","=""0""","=""7""","=""Low""","=""false"""
"=""thẻ ghi nợ khác gì so với thẻ tín dụng""","=""10""","=""0""","=""10""","=""Low""","=""false"""
"=""the ghi nợ nội địa và quốc tế mbbank""","=""0""","=""0""","=""9""","=""Low""","=""false"""
"=""the ghi nợ nội địa và the tín dụng""","=""0""","=""0""","=""9""","=""Low""","=""false"""
"=""the ghi nợ quốc tế và nội địa mb bank""","=""0""","=""0""","=""10""","=""Low""","=""false"""
"=""thẻ ghi nợ nội địa và quốc tế mbbank""","=""0""","=""0""","=""9""","=""Low""","=""false"""
"=""thẻ ghi nợ quốc tế mbbank có rút được tiền""","=""0""","=""0""","=""10""","=""Low""","=""false"""
"=""thẻ ghi nợ quốc tế vpbank cashback mastercard debit""","=""0""","=""0""","=""9""","=""Low""","=""false"""
"=""thẻ ghi nợ quốc tế và nội địa mb bank""","=""0""","=""0""","=""10""","=""Low""","=""false"""
"=""thẻ ghi nợ techcombank cá nhân""","=""0""","=""0""","=""6""","=""Low""","=""false"""
"=""thẻ ghi nợ übank""","=""0""","=""0""","=""4""","=""Low""","=""false"""
"=""thẻ ghi nợ quốc tế abbank""","=""0""","=""0""","=""6""","=""Low""","=""false"""
"=""thẻ ghi nợ acb phí thường niên""","=""0""","=""0""","=""7""","=""Low""","=""false"""
"=""thẻ ghi nợ acb có mất phí không""","=""0""","=""0""","=""8""","=""Low""","=""false"""
"=""thẻ ghi nợ acb visa platinum debit""","=""0""","=""0""","=""7""","=""Low""","=""false"""
"=""thẻ ghi nợ agribank phí""","=""0""","=""0""","=""5""","=""Low""","=""false"""
"=""thẻ ghi nợ visa agribank""","=""0""","=""0""","=""5""","=""Low""","=""false"""
"=""thẻ ghi nợ napas agribank""","=""0""","=""0""","=""5""","=""Low""","=""false"""
"=""thẻ ghi nợ vietnam airlines""","=""0""","=""0""","=""5""","=""Low""","=""false"""
"=""thẻ ghi nợ quốc tế vietnam airlines vpbank platinum mastercard""","=""0""","=""0""","=""10""","=""Low""","=""false"""
"=""thẻ ghi nợ american express""","=""0""","=""0""","=""5""","=""Low""","=""false"""
"=""thẻ ghi nợ vietcombank cashback plus american express""","=""0""","=""0""","=""8""","=""Low""","=""false"""
"=""thẻ ghi nợ ảo timo""","=""0""","=""0""","=""5""","=""Low""","=""false"""
"=""thẻ ghi nợ ảo là gì""","=""0""","=""0""","=""6""","=""Low""","=""false"""
"=""thẻ ghi nợ visa ảo""","=""0""","=""0""","=""5""","=""Low""","=""false"""
"=""thẻ ghi nợ apple pay""","=""0""","=""0""","=""5""","=""Low""","=""false"""
"=""thẻ ghi nợ app store""","=""0""","=""0""","=""5""","=""Low""","=""false"""
"=""thẻ ghi nợ atm là gì""","=""0""","=""0""","=""6""","=""Low""","=""false"""
"=""thẻ ghi nợ atm""","=""0""","=""0""","=""4""","=""Low""","=""false"""
"=""thẻ ghi nợ có khác thẻ atm không""","=""0""","=""0""","=""8""","=""Low""","=""false"""
"=""thẻ ghi nợ nội địa autolink""","=""0""","=""0""","=""6""","=""Low""","=""false"""
"=""thẻ ghi nợ bac a bank""","=""0""","=""0""","=""6""","=""Low""","=""false"""
"=""thẻ ghi nợ bao nhiêu tuổi""","=""0""","=""0""","=""6""","=""Low""","=""false"""
"=""thẻ ghi nợ bao nhiêu số""","=""0""","=""0""","=""6""","=""Low""","=""false"""
"=""thẻ ghi nợ bidv có mất phí không""","=""0""","=""0""","=""8""","=""Low""","=""false"""
"=""thẻ ghi nợ bidv có tác dụng gì""","=""0""","=""0""","=""8""","=""Low""","=""false"""
"=""thẻ ghi nợ bidv có rút được tiền không""","=""0""","=""0""","=""9""","=""Low""","=""false"""
"=""thẻ ghi nợ bidv visa""","=""0""","=""0""","=""5""","=""Low""","=""false"""
"=""thẻ ghi nợ bidv premier""","=""0""","=""0""","=""5""","=""Low""","=""false"""
"=""thẻ ghi nợ bị khoá""","=""0""","=""0""","=""5""","=""Low""","=""false"""
"=""thẻ ghi nợ visa business vietcombank""","=""0""","=""0""","=""6""","=""Low""","=""false"""
"=""thẻ ghi nợ visa business""","=""0""","=""0""","=""5""","=""Low""","=""false"""
"=""thẻ ghi nợ doanh nghiệp visa business""","=""0""","=""0""","=""7""","=""Low""","=""false"""
"=""thẻ ghi nợ doanh nghiệp vietcombank visa business""","=""0""","=""0""","=""8""","=""Low""","=""false"""
"=""thẻ ghi nợ nội địa doanh nghiệp business""","=""0""","=""0""","=""8""","=""Low""","=""false"""
"=""thẻ ghi nợ bvbank""","=""0""","=""0""","=""4""","=""Low""","=""false"""
"=""thẻ ghi nợ brg elite""","=""0""","=""0""","=""5""","=""Low""","=""false"""
"=""thẻ ghi nợ cake bank""","=""0""","=""0""","=""5""","=""Low""","=""false"""
"=""thẻ ghi nợ cake có mất phí thường niên không""","=""0""","=""0""","=""10""","=""Low""","=""false"""
"=""thẻ ghi nợ cake by vpbank""","=""0""","=""0""","=""6""","=""Low""","=""false"""
"=""thẻ ghi nợ cho con vietcombank""","=""0""","=""0""","=""6""","=""Low""","=""false"""
"=""thẻ ghi nợ chuyển khoản được không""","=""0""","=""0""","=""7""","=""Low""","=""false"""
"=""thẻ ghi nợ cho phép khách hàng""","=""0""","=""0""","=""7""","=""Low""","=""false"""
"=""thẻ ghi nợ quốc tế có chuyển khoản được không""","=""0""","=""0""","=""10""","=""Low""","=""false"""
"=""thẻ ghi nợ nội địa hạng chuẩn agribank""","=""0""","=""0""","=""8""","=""Low""","=""false"""
"=""thẻ ghi nợ quốc tế visa hạng chuẩn agribank""","=""0""","=""0""","=""9""","=""Low""","=""false"""
"=""thẻ ghi nợ cimb visa debit""","=""0""","=""0""","=""6""","=""Low""","=""false"""
"=""thẻ ghi nợ visa cimb""","=""0""","=""0""","=""5""","=""Low""","=""false"""
"=""thẻ ghi nợ credit""","=""0""","=""0""","=""4""","=""Low""","=""false"""
"=""thẻ ghi nợ vietinbank có cvv không""","=""0""","=""0""","=""7""","=""Low""","=""false"""
"=""thẻ ghi nợ có mã cvc không""","=""0""","=""0""","=""7""","=""Low""","=""false"""
"=""thẻ ghi nợ nội địa có cvv không""","=""0""","=""0""","=""8""","=""Low""","=""false"""
"=""thẻ ghi nợ nội địa có mã cvv không""","=""0""","=""0""","=""9""","=""Low""","=""false"""
"=""thẻ ghi nợ debit vietinbank""","=""0""","=""0""","=""5""","=""Low""","=""false"""
"=""thẻ ghi nợ debit techcombank""","=""0""","=""0""","=""5""","=""Low""","=""false"""
"=""thẻ ghi nợ diamond debit vpbank""","=""0""","=""0""","=""6""","=""Low""","=""false"""
"=""thẻ ghi nợ digimi""","=""0""","=""0""","=""4""","=""Low""","=""false"""
"=""thẻ ghi nợ diamond debit""","=""0""","=""0""","=""5""","=""Low""","=""false"""
"=""thẻ ghi nợ noi dia là gì""","=""0""","=""0""","=""7""","=""Low""","=""false"""
"=""thẻ ghi nợ mc diamond platinum debit""","=""0""","=""0""","=""7""","=""Low""","=""false"""
"=""thẻ ghi nợ connect24""","=""0""","=""0""","=""4""","=""Low""","=""false"""
"=""thẻ ghi nợ doanh nghiệp tpbank""","=""0""","=""0""","=""6""","=""Low""","=""false"""
"=""thẻ ghi nợ doanh nghiệp techcombank""","=""0""","=""0""","=""6""","=""Low""","=""false"""
"=""thẻ ghi nợ doanh nghiệp vpbank""","=""0""","=""0""","=""6""","=""Low""","=""false"""
"=""thẻ ghi nợ du lịch""","=""0""","=""0""","=""5""","=""Low""","=""false"""
"=""thẻ ghi nợ va the tin dung""","=""0""","=""0""","=""7""","=""Low""","=""false"""
"=""thẻ ghi nợ có mất phí duy trì không""","=""0""","=""0""","=""9""","=""Low""","=""false"""
"=""thẻ ghi nợ vietcombank có mất phí duy trì không""","=""0""","=""0""","=""10""","=""Low""","=""false"""
"=""thẻ ghi nợ standard chartered elitefly""","=""0""","=""0""","=""6""","=""Low""","=""false"""
"=""thẻ ghi nợ visa ecard vietcombank""","=""0""","=""0""","=""6""","=""Low""","=""false"""
"=""thẻ ghi nợ techcombank eco""","=""0""","=""0""","=""5""","=""Low""","=""false"""
"=""thẻ ghi nợ visa ecard là gì""","=""0""","=""0""","=""7""","=""Low""","=""false"""
"=""thẻ ghi nợ techcombank visa eco""","=""0""","=""0""","=""6""","=""Low""","=""false"""
"=""thẻ ghi nợ vietinbank epartner""","=""0""","=""0""","=""5""","=""Low""","=""false"""
"=""thẻ ghi nợ quốc tế everlink""","=""0""","=""0""","=""6""","=""Low""","=""false"""
"=""thẻ ghi nợ nội địa vietcombank ever link""","=""0""","=""0""","=""8""","=""Low""","=""false"""
"=""thẻ ghi nợ quốc tế vcb everlink""","=""0""","=""0""","=""7""","=""Low""","=""false"""
"=""thẻ ghi nợ và ghi có""","=""0""","=""0""","=""6""","=""Low""","=""false"""
"=""thẻ ghi nợ khác gì tín dụng""","=""0""","=""0""","=""7""","=""Low""","=""false"""
"=""thẻ ghi nợ nội địa acb green""","=""0""","=""0""","=""7""","=""Low""","=""false"""
"=""thẻ ghi nợ vikki go""","=""0""","=""0""","=""5""","=""Low""","=""false"""
"=""thẻ ghi nợ quốc tế hdbank""","=""0""","=""0""","=""6""","=""Low""","=""false"""
"=""thẻ ghi nợ doanh nghiệp hdbank""","=""0""","=""0""","=""6""","=""Low""","=""false"""
"=""thẻ ghi nợ có nguy hiểm không""","=""0""","=""0""","=""7""","=""Low""","=""false"""
"=""thẻ ghi nợ hoặc thẻ tín dụng là gì""","=""0""","=""0""","=""9""","=""Low""","=""false"""
"=""thẻ ghi nợ hoạt động như thế nào""","=""0""","=""0""","=""8""","=""Low""","=""false"""
"=""thẻ ghi nợ hoàn tiền shopee""","=""0""","=""0""","=""6""","=""Low""","=""false"""
"=""thẻ ghi nợ hộ kinh doanh""","=""0""","=""0""","=""6""","=""Low""","=""false"""
"=""thẻ ghi nợ techcombank hoàn tiền""","=""0""","=""0""","=""6""","=""Low""","=""false"""
"=""thẻ ghi nợ hoặc thẻ tín dụng""","=""0""","=""0""","=""7""","=""Low""","=""false"""
"=""thẻ ghi nợ icbc""","=""0""","=""0""","=""4""","=""Low""","=""false"""
"=""thẻ ghi nợ icbc là gì""","=""0""","=""0""","=""6""","=""Low""","=""false"""
"=""thẻ ghi nợ idc shopee""","=""0""","=""0""","=""5""","=""Low""","=""false"""
"=""thẻ ghi nợ hay thẻ tín dụng""","=""0""","=""0""","=""7""","=""Low""","=""false"""
"=""thẻ ghi nợ quốc tế vpbank private visa infinite""","=""0""","=""0""","=""9""","=""Low""","=""false"""
"=""thẻ ghi nợ jcb mb bank""","=""0""","=""0""","=""6""","=""Low""","=""false"""
"=""thẻ ghi nợ jcb vietcombank""","=""0""","=""0""","=""5""","=""Low""","=""false"""
"=""thẻ ghi nợ jcb là gì""","=""0""","=""0""","=""6""","=""Low""","=""false"""
"=""thẻ ghi nợ jcb ocb""","=""0""","=""0""","=""5""","=""Low""","=""false"""
"=""thẻ ghi nợ ocb jcb debit là gì""","=""0""","=""0""","=""8""","=""Low""","=""false"""
"=""thẻ ghi nợ vcb jcb""","=""0""","=""0""","=""5""","=""Low""","=""false"""
"=""thẻ ghi nợ khác gì thẻ trả trước""","=""0""","=""0""","=""8""","=""Low""","=""false"""
"=""thẻ ghi nợ không dùng có mất phí không""","=""0""","=""0""","=""9""","=""Low""","=""false"""
"=""thẻ ghi nợ không thấu chi là gì""","=""0""","=""0""","=""8""","=""Low""","=""false"""
"=""thẻ ghi nợ không kích hoạt có mất phí không""","=""0""","=""0""","=""10""","=""Low""","=""false"""
"=""thẻ ghi nợ kinh doanh vpbank commcredit visa""","=""0""","=""0""","=""8""","=""Low""","=""false"""
"=""thẻ ghi nợ kienlongbank""","=""0""","=""0""","=""4""","=""Low""","=""false"""
"=""thẻ ghi nợ dùng kiểu gì""","=""0""","=""0""","=""6""","=""Low""","=""false"""
"=""thẻ ghi nợ quốc tế kienlongbank""","=""0""","=""0""","=""6""","=""Low""","=""false"""
"=""thẻ ghi nợ có phải thẻ atm ko""","=""0""","=""0""","=""8""","=""Low""","=""false"""
"=""thẻ ghi nợ có phải thẻ tín dụng ko""","=""0""","=""0""","=""9""","=""Low""","=""false"""
"=""thẻ ghi nợ là debit""","=""0""","=""0""","=""5""","=""Low""","=""false"""
"=""thẻ ghi nợ liên kết sinh viên vietcombank là gì""","=""0""","=""0""","=""10""","=""Low""","=""false"""
"=""thẻ ghi nợ lio""","=""0""","=""0""","=""4""","=""Low""","=""false"""
"=""thẻ ghi nợ liên việt""","=""0""","=""0""","=""5""","=""Low""","=""false"""
"=""thẻ ghi nợ lotusmiles pay""","=""0""","=""0""","=""5""","=""Low""","=""false"""
"=""thẻ ghi nợ đài loan""","=""0""","=""0""","=""5""","=""Low""","=""false"""
"=""thẻ ghi nợ có mấy loại""","=""0""","=""0""","=""6""","=""Low""","=""false"""
"=""thẻ ghi nợ vietcombank có mấy loại""","=""0""","=""0""","=""7""","=""Low""","=""false"""
"=""thẻ ghi nợ lpbank""","=""0""","=""0""","=""4""","=""Low""","=""false"""
"=""thẻ ghi nợ vpbank visa prime platinum""","=""0""","=""0""","=""7""","=""Low""","=""false"""
"=""thẻ ghi nợ vp""","=""0""","=""0""","=""4""","=""Low""","=""false"""
"=""thẻ ghi nợ vật lý timo visa""","=""0""","=""0""","=""7""","=""Low""","=""false"""
"=""thẻ ghi nợ vật lý timo visa là gì""","=""0""","=""0""","=""9""","=""Low""","=""false"""
"=""thẻ ghi nợ vật lý seabank là gì""","=""0""","=""0""","=""8""","=""Low""","=""false"""
"=""thẻ ghi nợ vật lý vpbank""","=""0""","=""0""","=""6""","=""Low""","=""false"""
"=""thẻ ghi nợ mb có mất phí thường niên không""","=""0""","=""0""","=""10""","=""Low""","=""false"""
"=""thẻ ghi nợ mbv""","=""0""","=""0""","=""4""","=""Low""","=""false"""
"=""thẻ ghi nợ mc titanium cashback vpbank""","=""0""","=""0""","=""7""","=""Low""","=""false"""
"=""thẻ ghi nợ mc diamond platinum debit vpbank""","=""0""","=""0""","=""8""","=""Low""","=""false"""
"=""thẻ ghi nợ mc titanium cashback""","=""0""","=""0""","=""6""","=""Low""","=""false"""
"=""thẻ ghi nợ mastercard ocb""","=""0""","=""0""","=""5""","=""Low""","=""false"""
"=""thẻ ghi nợ mastercard shinhan pwm""","=""0""","=""0""","=""6""","=""Low""","=""false"""
"=""thẻ ghi nợ mastercard vietinbank""","=""0""","=""0""","=""5""","=""Low""","=""false"""
"=""thẻ ghi nợ miễn phí thường niên trọn đời""","=""0""","=""0""","=""9""","=""Low""","=""false"""
"=""thẻ ghi nợ visa miễn phí""","=""0""","=""0""","=""6""","=""Low""","=""false"""
"=""thẻ ghi nợ vpbank travel miles""","=""0""","=""0""","=""6""","=""Low""","=""false"""
"=""thẻ ghi nợ nội địa miễn phí thường niên""","=""0""","=""0""","=""9""","=""Low""","=""false"""
"=""thẻ ghi nợ platinum travel miles debit""","=""0""","=""0""","=""7""","=""Low""","=""false"""
"=""thẻ ghi nợ vpbank platinum travel miles debit""","=""0""","=""0""","=""8""","=""Low""","=""false"""
"=""thẻ ghi nợ momo""","=""0""","=""0""","=""4""","=""Low""","=""false"""
"=""thẻ ghi nợ quốc tế bidv moneyverse""","=""0""","=""0""","=""7""","=""Low""","=""false"""
"=""thẻ ghi nợ msb có mất phí không""","=""0""","=""0""","=""8""","=""Low""","=""false"""
"=""thẻ ghi nợ msb mastercard platinum""","=""0""","=""0""","=""6""","=""Low""","=""false"""
"=""thẻ ghi nợ visa msb""","=""0""","=""0""","=""5""","=""Low""","=""false"""
"=""thẻ ghi nợ của msb là gì""","=""0""","=""0""","=""7""","=""Low""","=""false"""
"=""thẻ ghi nợ muadee""","=""0""","=""0""","=""4""","=""Low""","=""false"""
"=""thẻ ghi nợ có mua trước trả sau được không""","=""0""","=""0""","=""10""","=""Low""","=""false"""
"=""thẻ ghi nợ vietcombank có mua trả góp được không""","=""0""","=""0""","=""10""","=""Low""","=""false"""
"=""thẻ ghi nợ mỹ""","=""0""","=""0""","=""4""","=""Low""","=""false"""
"=""thẻ ghi nợ napas timo là gì""","=""0""","=""0""","=""7""","=""Low""","=""false"""
"=""thẻ ghi nợ napas bidv có mất phí không""","=""0""","=""0""","=""9""","=""Low""","=""false"""
"=""thẻ ghi nợ như thế nào""","=""0""","=""0""","=""6""","=""Low""","=""false"""
"=""thẻ ghi nợ ncb""","=""0""","=""0""","=""4""","=""Low""","=""false"""
"=""thẻ ghi nợ nội địa ncb""","=""0""","=""0""","=""6""","=""Low""","=""false"""
"=""thẻ ghi nợ quốc tế ncb""","=""0""","=""0""","=""6""","=""Low""","=""false"""
"=""thẻ ghi nợ nội địa ncb là gì""","=""0""","=""0""","=""8""","=""Low""","=""false"""
"=""thẻ ghi nợ noi dia vietcombank""","=""0""","=""0""","=""6""","=""Low""","=""false"""
"=""thẻ ghi nợ là ntn""","=""0""","=""0""","=""5""","=""Low""","=""false"""
"=""thẻ ghi nợ sử dụng ntn""","=""0""","=""0""","=""6""","=""Low""","=""false"""
"=""thẻ ghi nợ phí thường niên""","=""0""","=""0""","=""6""","=""Low""","=""false"""
"=""thẻ ghi nợ vietcombank phí thường niên""","=""0""","=""0""","=""7""","=""Low""","=""false"""
"=""thẻ ghi nợ vietcombank có phí thường niên không""","=""0""","=""0""","=""9""","=""Low""","=""false"""
"=""thẻ ghi nợ quốc tế phí thường niên""","=""0""","=""0""","=""8""","=""Low""","=""false"""
"=""thẻ ghi nợ ocb là gì""","=""0""","=""0""","=""6""","=""Low""","=""false"""
"=""thẻ ghi nợ ocb""","=""0""","=""0""","=""4""","=""Low""","=""false"""
"=""thẻ ghi nợ ocb natural debit là gì""","=""0""","=""0""","=""8""","=""Low""","=""false"""
"=""thẻ ghi nợ ocb natural""","=""0""","=""0""","=""5""","=""Low""","=""false"""
"=""thẻ ghi nợ ocb natural debit""","=""0""","=""0""","=""6""","=""Low""","=""false"""
"=""thẻ ghi nợ ocb natural là gì""","=""0""","=""0""","=""7""","=""Low""","=""false"""
"=""thẻ ghi nợ ocb có rút tiền được không""","=""0""","=""0""","=""9""","=""Low""","=""false"""
"=""thẻ ghi nợ ocb passport""","=""0""","=""0""","=""5""","=""Low""","=""false"""
"=""thẻ ghi nợ ocb jcb""","=""0""","=""0""","=""5""","=""Low""","=""false"""
"=""thẻ ghi nợ paypal""","=""0""","=""0""","=""4""","=""Low""","=""false"""
"=""thẻ ghi nợ paypay""","=""0""","=""0""","=""4""","=""Low""","=""false"""
"=""thẻ ghi nợ e partner premium của vietinbank""","=""0""","=""0""","=""8""","=""Low""","=""false"""
"=""thẻ ghi nợ e partner vpay là gì""","=""0""","=""0""","=""8""","=""Low""","=""false"""
"=""thẻ ghi nợ petrolimex""","=""0""","=""0""","=""4""","=""Low""","=""false"""
"=""thẻ ghi nợ pgbank""","=""0""","=""0""","=""4""","=""Low""","=""false"""
"=""thẻ ghi nợ platinum vpbank""","=""0""","=""0""","=""5""","=""Low""","=""false"""
"=""thẻ ghi nợ platinum vietinbank""","=""0""","=""0""","=""5""","=""Low""","=""false"""
"=""thẻ ghi nợ platinum mb""","=""0""","=""0""","=""5""","=""Low""","=""false"""
"=""thẻ ghi nợ platinum vcb""","=""0""","=""0""","=""5""","=""Low""","=""false"""
"=""thẻ ghi nợ visa platinum""","=""0""","=""0""","=""5""","=""Low""","=""false"""
"=""thẻ ghi nợ vietcombank platinum debit""","=""0""","=""0""","=""6""","=""Low""","=""false"""
"=""thẻ ghi nợ có quẹt pos được không""","=""0""","=""0""","=""8""","=""Low""","=""false"""
"=""thẻ ghi nợ premium vietinbank""","=""0""","=""0""","=""5""","=""Low""","=""false"""
"=""thẻ ghi nợ techcombank priority""","=""0""","=""0""","=""5""","=""Low""","=""false"""
"=""thẻ ghi nợ visa prime platinum debit vpbank""","=""0""","=""0""","=""8""","=""Low""","=""false"""
"=""thẻ ghi nợ uob privilege banking""","=""0""","=""0""","=""6""","=""Low""","=""false"""
"=""thẻ ghi nợ vpbank private visa infinite""","=""0""","=""0""","=""7""","=""Low""","=""false"""
"=""thẻ ghi nợ vietcombank priority""","=""0""","=""0""","=""5""","=""Low""","=""false"""
"=""thẻ ghi nợ phi vật lý bidv""","=""0""","=""0""","=""7""","=""Low""","=""false"""
"=""thẻ ghi nợ pvcombank là gì""","=""0""","=""0""","=""6""","=""Low""","=""false"""
"=""thẻ ghi nợ pvcombank mastercard""","=""0""","=""0""","=""5""","=""Low""","=""false"""
"=""thẻ ghi nợ quốc tế pvcombank""","=""0""","=""0""","=""6""","=""Low""","=""false"""
"=""thẻ ghi nợ nội địa pvcombank""","=""0""","=""0""","=""6""","=""Low""","=""false"""
"=""thẻ ghi nợ rakuten""","=""0""","=""0""","=""4""","=""Low""","=""false"""
"=""thẻ ghi nợ quốc tế bidv ready""","=""0""","=""0""","=""7""","=""Low""","=""false"""
"=""thẻ ghi nợ quốc tế bidv mastercard ready là gì""","=""0""","=""0""","=""10""","=""Low""","=""false"""
"=""thẻ ghi nợ có rut tiền được không""","=""0""","=""0""","=""8""","=""Low""","=""false"""
"=""thẻ ghi nợ sacombank có chuyển khoản được không""","=""0""","=""0""","=""9""","=""Low""","=""false"""
"=""thẻ ghi nợ sacombank visa""","=""0""","=""0""","=""5""","=""Low""","=""false"""
"=""thẻ ghi nợ là sau""","=""0""","=""0""","=""5""","=""Low""","=""false"""
"=""thẻ ghi nợ dùng sao""","=""0""","=""0""","=""5""","=""Low""","=""false"""
"=""thẻ ghi nợ seabank là gì""","=""0""","=""0""","=""6""","=""Low""","=""false"""
"=""thẻ ghi nợ seven bank""","=""0""","=""0""","=""5""","=""Low""","=""false"""
"=""thẻ ghi nợ seapremium""","=""0""","=""0""","=""4""","=""Low""","=""false"""
"=""thẻ ghi nợ nội địa seabank""","=""0""","=""0""","=""6""","=""Low""","=""false"""
"=""thẻ ghi nợ visa signature""","=""0""","=""0""","=""5""","=""Low""","=""false"""
"=""thẻ ghi nợ vib priority signature""","=""0""","=""0""","=""6""","=""Low""","=""false"""
"=""the ghi nợ shinhan sol travel""","=""0""","=""0""","=""6""","=""Low""","=""false"""
"=""thẻ ghi nợ sol travel""","=""0""","=""0""","=""5""","=""Low""","=""false"""
"=""thẻ ghi nợ số""","=""0""","=""0""","=""4""","=""Low""","=""false"""
"=""thẻ ghi nợ số msb có mất phí không""","=""0""","=""0""","=""9""","=""Low""","=""false"""
"=""thẻ ghi nợ shinhan sol travel""","=""0""","=""0""","=""6""","=""Low""","=""false"""
"=""thẻ ghi nợ nội địa success của agribank là gì""","=""0""","=""0""","=""10""","=""Low""","=""false"""
"=""thẻ ghi nợ có lãi suất không""","=""0""","=""0""","=""7""","=""Low""","=""false"""
"=""thẻ ghi nợ nội địa success hạng chuẩn""","=""0""","=""0""","=""8""","=""Low""","=""false"""
"=""thẻ ghi nợ cách sử dụng""","=""0""","=""0""","=""6""","=""Low""","=""false"""
"=""thẻ ghi nợ nội địa plus success của agribank""","=""0""","=""0""","=""9""","=""Low""","=""false"""
"=""thẻ ghi nợ standard chartered là gì""","=""0""","=""0""","=""7""","=""Low""","=""false"""
"=""thẻ ghi nợ tcb""","=""0""","=""0""","=""4""","=""Low""","=""false"""
"=""thẻ ghi nợ có thể rút tại atm được không""","=""0""","=""0""","=""10""","=""Low""","=""false"""
"=""thẻ ghi nợ timo có mất phí không""","=""0""","=""0""","=""8""","=""Low""","=""false"""
"=""thẻ ghi nợ tiếng trung là gì""","=""0""","=""0""","=""7""","=""Low""","=""false"""
"=""thẻ ghi nợ tiêu trước trả sau""","=""0""","=""0""","=""7""","=""Low""","=""false"""
"=""thẻ ghi nợ tiếng hàn là gì""","=""0""","=""0""","=""7""","=""Low""","=""false"""
"=""thẻ ghi nợ techcombank có mất phí thường niên không""","=""0""","=""0""","=""10""","=""Low""","=""false"""
"=""thẻ ghi nợ techcombank hết hạn""","=""0""","=""0""","=""6""","=""Low""","=""false"""
"=""thẻ ghi nợ tech""","=""0""","=""0""","=""4""","=""Low""","=""false"""
"=""thẻ ghi nợ và thẻ thanh toán là gì""","=""0""","=""0""","=""9""","=""Low""","=""false"""
"=""thẻ ghi nợ có phải thẻ thanh toán không""","=""0""","=""0""","=""9""","=""Low""","=""false"""
"=""thẻ ghi nợ tpbank có mất phí không""","=""0""","=""0""","=""8""","=""Low""","=""false"""
"=""thẻ ghi nợ tpbank visa debit""","=""0""","=""0""","=""6""","=""Low""","=""false"""
"=""thẻ ghi nợ tp""","=""0""","=""0""","=""4""","=""Low""","=""false"""
"=""thẻ ghi nợ trả trước là gì""","=""0""","=""0""","=""7""","=""Low""","=""false"""
"=""thẻ ghi nợ trực tuyến acb là gì""","=""0""","=""0""","=""8""","=""Low""","=""false"""
"=""thẻ ghi nợ trả góp được không""","=""0""","=""0""","=""7""","=""Low""","=""false"""
"=""thẻ ghi nợ trên vietcombank là gì""","=""0""","=""0""","=""7""","=""Low""","=""false"""
"=""thẻ ghi nợ trực tuyến là gì""","=""0""","=""0""","=""7""","=""Low""","=""false"""
"=""thẻ ghi nợ trực tuyến""","=""0""","=""0""","=""5""","=""Low""","=""false"""
"=""thẻ ghi nợ trực tuyến acb""","=""0""","=""0""","=""6""","=""Low""","=""false"""
"=""thẻ ghi nợ dưới 18 tuổi""","=""0""","=""0""","=""6""","=""Low""","=""false"""
"=""thẻ ghi nợ công ty vietcombank""","=""0""","=""0""","=""6""","=""Low""","=""false"""
"=""thẻ ghi nợ công ty vietinbank""","=""0""","=""0""","=""6""","=""Low""","=""false"""
"=""thẻ ghi nợ uob mastercard""","=""0""","=""0""","=""5""","=""Low""","=""false"""
"=""thẻ ghi nợ uob có mất phí không""","=""0""","=""0""","=""8""","=""Low""","=""false"""
"=""thẻ ghi nợ quốc tế uob""","=""0""","=""0""","=""6""","=""Low""","=""false"""
"=""thẻ ghi nợ và thanh toán quốc tế là gì""","=""0""","=""0""","=""10""","=""Low""","=""false"""
"=""thẻ ghi nợ và tín dụng là gì""","=""0""","=""0""","=""8""","=""Low""","=""false"""
"=""thẻ ghi nợ vcb có tác dụng gì""","=""0""","=""0""","=""8""","=""Low""","=""false"""
"=""thẻ ghi nợ vcb everlink""","=""0""","=""0""","=""5""","=""Low""","=""false"""
"=""thẻ ghi nợ vcb có mất phí thường niên không""","=""0""","=""0""","=""10""","=""Low""","=""false"""
"=""thẻ ghi nợ vietcombank connect24 là gì""","=""0""","=""0""","=""7""","=""Low""","=""false"""
"=""thẻ ghi nợ voz""","=""0""","=""0""","=""4""","=""Low""","=""false"""
"=""thẻ ghi nợ quốc tế voz""","=""0""","=""0""","=""6""","=""Low""","=""false"""
"=""thẻ ghi nợ woori z card""","=""0""","=""0""","=""6""","=""Low""","=""false"""
"=""thẻ ghi nợ woori visa z""","=""0""","=""0""","=""6""","=""Low""","=""false"""
"=""thẻ ghi nợ quốc tế woori bank""","=""0""","=""0""","=""7""","=""Low""","=""false"""
"=""thẻ ghi nợ yucho""","=""0""","=""0""","=""4""","=""Low""","=""false"""
"=""thẻ ghi nợ zalopay""","=""0""","=""0""","=""4""","=""Low""","=""false"""
"=""thẻ ghi nợ là thẻ gì vietinbank""","=""0""","=""0""","=""7""","=""Low""","=""false"""
"=""thẻ ghi nợ tín dụng là gì""","=""0""","=""0""","=""7""","=""Low""","=""false"""
"=""thẻ ghi nợ vietcombank rút được bao nhiêu tiền""","=""0""","=""0""","=""9""","=""Low""","=""false"""
"=""thẻ ghi nợ xài như thế nào""","=""0""","=""0""","=""7""","=""Low""","=""false"""
"=""thẻ ghi nợ vietcombank connect 24""","=""0""","=""0""","=""6""","=""Low""","=""false"""
"=""thẻ ghi nợ nội địa vcb connect 24""","=""0""","=""0""","=""8""","=""Low""","=""false"""
"=""thẻ ghi nợ nội địa 9704""","=""0""","=""0""","=""6""","=""Low""","=""false"""
"=""thẻ ghi nợ visa cake hạn mức bao nhiêu""","=""0""","=""0""","=""9""","=""Low""","=""false"""
"=""thẻ ghi nợ nội địa vietcombank hạn mức bao nhiêu""","=""0""","=""0""","=""10""","=""Low""","=""false"""
"=""thẻ ghi nợ dùng thế nào""","=""0""","=""0""","=""6""","=""Low""","=""false"""
"=""thẻ ghi nợ của acb là gì""","=""0""","=""0""","=""7""","=""Low""","=""false"""
"=""thẻ ghi nợ của liobank là gì""","=""0""","=""0""","=""7""","=""Low""","=""false"""
"=""thẻ ghi nợ của bidv là gì""","=""0""","=""0""","=""7""","=""Low""","=""false"""
"=""thẻ ghi nợ của tpbank""","=""0""","=""0""","=""5""","=""Low""","=""false"""
"=""thẻ ghi nợ của mb""","=""0""","=""0""","=""5""","=""Low""","=""false"""
"=""thẻ ghi nợ có thể rút tiền được không""","=""0""","=""0""","=""9""","=""Low""","=""false"""
"=""thẻ ghi nợ có thể chuyển khoản được không""","=""0""","=""0""","=""9""","=""Low""","=""false"""
"=""thẻ ghi nợ có thể trả góp được không""","=""0""","=""0""","=""9""","=""Low""","=""false"""
"=""thẻ ghi nợ dùng như nào""","=""0""","=""0""","=""6""","=""Low""","=""false"""
"=""thẻ ghi nợ trên shopee""","=""0""","=""0""","=""5""","=""Low""","=""false"""
"=""thẻ ghi nợ trên app store""","=""0""","=""0""","=""6""","=""Low""","=""false"""
"=""thẻ ghi nợ trên vietinbank là gì""","=""0""","=""0""","=""7""","=""Low""","=""false"""
"=""thẻ ghi nợ có khác thẻ tín dụng không""","=""0""","=""0""","=""9""","=""Low""","=""false"""
"=""thẻ ghi nợ trong tiếng anh là gì""","=""0""","=""0""","=""8""","=""Low""","=""false"""
"=""thẻ ghi nợ trong nước""","=""0""","=""0""","=""5""","=""Low""","=""false"""
"=""thẻ ghi nợ trong nước vietcombank""","=""0""","=""0""","=""6""","=""Low""","=""false"""
"=""thẻ ghi nợ với thẻ tín dụng là gì""","=""0""","=""0""","=""9""","=""Low""","=""false"""
"=""thẻ ghi nợ với thẻ atm""","=""0""","=""0""","=""6""","=""Low""","=""false"""
"=""thẻ ghi nợ nội địa với quốc tế""","=""0""","=""0""","=""8""","=""Low""","=""false"""
"=""thẻ ghi nợ không phí thường niên""","=""0""","=""0""","=""7""","=""Low""","=""false"""
"=""thẻ ghi nợ không có cvv""","=""0""","=""0""","=""6""","=""Low""","=""false"""
"=""thẻ ghi nợ vietcombank không rút được tiền""","=""0""","=""0""","=""8""","=""Low""","=""false"""
"=""thẻ ghi nợ có tiền không""","=""0""","=""0""","=""6""","=""Low""","=""false"""
"=""thẻ ghi nợ làm được gì""","=""0""","=""0""","=""6""","=""Low""","=""false"""
"=""thẻ ghi nợ cho doanh nghiệp""","=""0""","=""0""","=""6""","=""Low""","=""false"""
"=""thẻ ghi nợ cho con""","=""0""","=""0""","=""5""","=""Low""","=""false"""
"=""thẻ ghi nợ cho hộ kinh doanh""","=""0""","=""0""","=""7""","=""Low""","=""false"""
"=""thẻ ghi nợ vietinbank dùng để làm gì""","=""0""","=""0""","=""8""","=""Low""","=""false"""
"=""thẻ ghi nợ quốc tế để làm gì""","=""0""","=""0""","=""8""","=""Low""","=""false"""
"=""thẻ ghi nợ nội địa để làm gì""","=""0""","=""0""","=""8""","=""Low""","=""false"""
"=""thẻ ghi nợ cake dùng để làm gì""","=""0""","=""0""","=""8""","=""Low""","=""false"""
"=""thẻ ghi nợ visa cake dùng để làm gì""","=""0""","=""0""","=""9""","=""Low""","=""false"""
"=""thẻ tín dụng và thẻ ghi nợ""","=""590""","=""0.23""","=""7""","=""Low""","=""false"""
"=""cách sử dụng the ghi nợ vietcombank""","=""170""","=""0.02""","=""7""","=""Low""","=""false"""
"=""các loại thẻ ghi nợ vpbank""","=""110""","=""0.41""","=""6""","=""Low""","=""false"""
"=""phân biệt thẻ tín dụng và thẻ ghi nợ""","=""110""","=""0.11""","=""9""","=""Low""","=""false"""
"=""phân biệt thẻ ghi nợ và thẻ tín dụng""","=""90""","=""0.12""","=""9""","=""Low""","=""false"""
"=""mở thẻ ghi nợ vietcombank""","=""70""","=""0.39""","=""5""","=""Low""","=""false"""
"=""cách dùng thẻ ghi nợ vietcombank""","=""70""","=""0.03""","=""6""","=""Low""","=""false"""
"=""cách sử dụng thẻ ghi nợ""","=""70""","=""0.12""","=""6""","=""Medium""","=""false"""
"=""thẻ tín dụng khác thẻ ghi nợ như thế nào""","=""70""","=""0.04""","=""10""","=""Medium""","=""true"""
"=""mở thẻ ghi nợ online""","=""50""","=""0.85""","=""5""","=""Medium""","=""false"""
"=""mở thẻ ghi nợ""","=""50""","=""0.73""","=""4""","=""Medium""","=""false"""
"=""mở thẻ ghi nợ vpbank online""","=""50""","=""0.58""","=""6""","=""Medium""","=""false"""
"=""các loại thẻ ghi nợ của vietcombank""","=""50""","=""0""","=""7""","=""Low""","=""false"""
"=""so sánh thẻ tín dụng và thẻ ghi nợ""","=""50""","=""0.11""","=""9""","=""Medium""","=""false"""
"=""số thẻ ghi nợ""","=""50""","=""0.5""","=""4""","=""Low""","=""true"""
"=""thẻ tín dụng khác thẻ ghi nợ""","=""50""","=""0.02""","=""7""","=""Medium""","=""true"""
"=""thẻ tín dụng thẻ ghi nợ""","=""50""","=""0.12""","=""6""","=""Low""","=""false"""
"=""mở thẻ ghi nợ techcombank online""","=""40""","=""0""","=""6""","=""Low""","=""false"""
"=""mở thẻ ghi nợ techcombank""","=""40""","=""0.71""","=""5""","=""Low""","=""false"""
"=""cách dùng thẻ ghi nợ""","=""40""","=""0.12""","=""5""","=""Medium""","=""true"""
"=""cách kích hoạt thẻ ghi nợ vietcombank""","=""40""","=""0""","=""7""","=""Low""","=""true"""
"=""thẻ atm có phải là thẻ ghi nợ không""","=""40""","=""0.06""","=""9""","=""Low""","=""false"""
"=""thẻ atm là thẻ tín dụng hay thẻ ghi nợ""","=""40""","=""0""","=""10""","=""Low""","=""false"""
"=""mở thẻ ghi nợ vpbank""","=""30""","=""0.95""","=""5""","=""Medium""","=""true"""
"=""cách làm thẻ ghi nợ""","=""30""","=""0.53""","=""5""","=""Medium""","=""false"""
"=""các loại thẻ ghi nợ vietcombank""","=""30""","=""0""","=""6""","=""Low""","=""false"""
"=""cách mở thẻ ghi nợ vietcombank""","=""30""","=""0""","=""6""","=""Low""","=""false"""
"=""cách sử dụng thẻ ghi nợ vietinbank""","=""30""","=""0""","=""7""","=""Low""","=""false"""
"=""mở the ghi nợ vietcombank online""","=""30""","=""0.7""","=""6""","=""Low""","=""true"""
"=""mở thẻ ghi nợ vietinbank""","=""30""","=""0.28""","=""5""","=""Low""","=""false"""
"=""so sánh thẻ ghi nợ và thẻ tín dụng""","=""30""","=""0.05""","=""9""","=""Medium""","=""false"""
"=""thẻ atm có phải thẻ ghi nợ không""","=""30""","=""0""","=""8""","=""Low""","=""false"""
"=""thẻ atm là thẻ ghi nợ""","=""30""","=""0.12""","=""6""","=""Low""","=""false"""
"=""thẻ tín dụng với thẻ ghi nợ""","=""30""","=""0.12""","=""7""","=""Low""","=""false"""
"=""thẻ visa là thẻ ghi nợ hay thẻ tín dụng""","=""30""","=""0.12""","=""10""","=""Low""","=""false"""
"=""vietcombank thẻ ghi nợ""","=""30""","=""0""","=""4""","=""Low""","=""false"""
"=""cách thanh toán thẻ ghi nợ vietcombank""","=""30""","=""0""","=""7""","=""Low""","=""false"""
"=""làm thẻ ghi nợ""","=""20""","=""0.79""","=""4""","=""Medium""","=""true"""
"=""đăng ký thẻ ghi nợ""","=""20""","=""1.09""","=""5""","=""High""","=""true"""
"=""đăng ký thẻ ghi nợ vietcombank""","=""20""","=""0.37""","=""6""","=""Low""","=""false"""
"=""làm thẻ ghi nợ vietcombank""","=""20""","=""0""","=""5""","=""Low""","=""false"""
"=""bidv thẻ ghi nợ quốc tế""","=""20""","=""0""","=""6""","=""Low""","=""false"""
"=""các loại thẻ ghi nợ quốc tế vietcombank""","=""20""","=""0""","=""8""","=""Low""","=""false"""
"=""các loại thẻ ghi nợ techcombank""","=""20""","=""0""","=""6""","=""Low""","=""true"""
"=""cách mở thẻ ghi nợ""","=""20""","=""0.71""","=""5""","=""Medium""","=""false"""
"=""cách nạp tiền vào thẻ ghi nợ""","=""20""","=""0""","=""7""","=""Low""","=""false"""
"=""cách phân biệt thẻ tín dụng và thẻ ghi nợ""","=""20""","=""0.11""","=""10""","=""Low""","=""false"""
"=""cách sử dụng thẻ ghi nợ vietcombank""","=""20""","=""0""","=""7""","=""Low""","=""false"""
"=""hướng dẫn sử dụng thẻ ghi nợ vietcombank""","=""20""","=""0""","=""8""","=""Low""","=""false"""
"=""hạn mức thẻ ghi nợ vietcombank""","=""20""","=""0""","=""6""","=""Low""","=""false"""
"=""kích hoạt thẻ ghi nợ vietcombank""","=""20""","=""0""","=""6""","=""Low""","=""false"""
"=""kích hoạt thẻ ghi nợ vpbank""","=""20""","=""0""","=""6""","=""Low""","=""false"""
"=""làm thẻ ghi nợ mb bank online""","=""20""","=""0.51""","=""7""","=""Medium""","=""false"""
"=""mở thẻ ghi nợ quốc tế""","=""20""","=""0.8""","=""6""","=""Medium""","=""false"""
"=""nên làm thẻ ghi nợ nội địa hay quốc tế""","=""20""","=""0""","=""10""","=""Low""","=""false"""
"=""phát hành thẻ ghi nợ vietcombank""","=""20""","=""0""","=""6""","=""Low""","=""false"""
"=""techcombank thẻ ghi nợ""","=""20""","=""0""","=""4""","=""Low""","=""false"""
"=""thẻ atm là thẻ ghi nợ hay tín dụng""","=""20""","=""0""","=""9""","=""Low""","=""false"""
"=""thẻ debit là thẻ ghi nợ""","=""20""","=""0""","=""6""","=""Medium""","=""false"""
"=""thẻ tín dụng hoặc thẻ ghi nợ""","=""20""","=""0.58""","=""7""","=""Low""","=""true"""
"=""thẻ tín dụng và thẻ ghi nợ vietcombank""","=""20""","=""0.24""","=""8""","=""Low""","=""false"""
"=""vpbank thẻ ghi nợ""","=""20""","=""0.7""","=""4""","=""Low""","=""false"""
"=""đăng ký thẻ ghi nợ vietcombank online""","=""20""","=""0.78""","=""7""","=""Low""","=""false"""
"=""thế nào là thẻ ghi nợ""","=""20""","=""0.03""","=""6""","=""Medium""","=""false"""
"=""các loại thẻ ghi nợ quốc tế bidv""","=""20""","=""0""","=""8""","=""Low""","=""false"""
"=""thanh toán thẻ ghi nợ vietcombank""","=""20""","=""0""","=""6""","=""Low""","=""false"""
"=""cách xài thẻ ghi nợ vietcombank""","=""20""","=""0.04""","=""6""","=""Low""","=""false"""
"=""nên mở thẻ ghi nợ nào của vietcombank""","=""20""","=""0""","=""8""","=""Low""","=""false"""
"=""đăng ký thẻ ghi nợ tpbank""","=""10""","=""0""","=""6""","=""Medium""","=""false"""
"=""đăng ký thẻ ghi nợ techcombank""","=""10""","=""0""","=""6""","=""Medium""","=""false"""
"=""vay tiền bằng thẻ ghi nợ""","=""10""","=""0.87""","=""6""","=""Medium""","=""false"""
"=""đăng ký thẻ ghi nợ vpbank""","=""10""","=""0""","=""6""","=""Medium""","=""false"""
"=""mở thẻ ghi nợ vib online""","=""10""","=""0.69""","=""6""","=""Medium""","=""false"""
"=""acb thẻ ghi nợ""","=""10""","=""0""","=""4""","=""Low""","=""false"""
"=""bidv thẻ ghi nợ""","=""10""","=""0""","=""4""","=""Low""","=""false"""
"=""bidv thẻ ghi nợ nội địa""","=""10""","=""0""","=""6""","=""Low""","=""false"""
"=""cach lam the ghi no""","=""10""","=""0""","=""5""","=""Low""","=""false"""
"=""các loại the ghi nợ vietcombank""","=""10""","=""0""","=""6""","=""Low""","=""false"""
"=""các loại thẻ ghi nợ""","=""10""","=""0""","=""5""","=""Low""","=""false"""
"=""các loại thẻ ghi nợ của vietinbank""","=""10""","=""0""","=""7""","=""Low""","=""false"""
"=""các loại thẻ ghi nợ nội địa vietinbank""","=""10""","=""0""","=""8""","=""Low""","=""false"""
"=""các loại thẻ ghi nợ quốc tế vpbank""","=""10""","=""0""","=""8""","=""Low""","=""false"""
"=""các loại thẻ ghi nợ tpbank""","=""10""","=""0""","=""6""","=""Low""","=""true"""
"=""cách dùng thẻ ghi nợ nội địa""","=""10""","=""0""","=""7""","=""Low""","=""false"""
"=""cách dùng thẻ ghi nợ quốc tế""","=""10""","=""0""","=""7""","=""Medium""","=""false"""
"=""cách huỷ thẻ ghi nợ vpbank""","=""10""","=""0""","=""6""","=""Low""","=""true"""
"=""cách kích hoạt thẻ ghi nợ vpbank""","=""10""","=""0""","=""7""","=""Low""","=""false"""
"=""cách làm the ghi nợ agribank""","=""10""","=""0""","=""6""","=""Low""","=""false"""
"=""cách làm thẻ ghi nợ agribank""","=""10""","=""0""","=""6""","=""Low""","=""false"""
"=""cách làm thẻ ghi nợ bidv""","=""10""","=""0""","=""6""","=""Low""","=""false"""
"=""cách làm thẻ ghi nợ mb bank""","=""10""","=""0.45""","=""7""","=""Medium""","=""false"""
"=""cách làm thẻ ghi nợ online""","=""10""","=""0""","=""6""","=""Low""","=""false"""
"=""cách làm thẻ ghi nợ quốc tế""","=""10""","=""0.71""","=""7""","=""Medium""","=""false"""
"=""cách làm thẻ ghi nợ sacombank""","=""10""","=""0""","=""6""","=""Low""","=""false"""
"=""cách làm thẻ ghi nợ techcombank""","=""10""","=""0""","=""6""","=""Low""","=""false"""
"=""cách làm thẻ ghi nợ vietcombank""","=""10""","=""0.31""","=""6""","=""Low""","=""true"""
"=""cách làm thẻ ghi nợ vietinbank""","=""10""","=""0""","=""6""","=""Low""","=""false"""
"=""cách làm thẻ ghi nợ visa""","=""10""","=""0""","=""6""","=""Low""","=""false"""
"=""cách mở thẻ ghi nợ vietinbank""","=""10""","=""0""","=""6""","=""Low""","=""true"""
"=""cách mở thẻ ghi nợ vpbank""","=""10""","=""0.7""","=""6""","=""Medium""","=""true"""
"=""cách rút tiền thẻ ghi nợ vietcombank""","=""10""","=""0""","=""7""","=""Low""","=""false"""
"=""cách rút tiền thẻ ghi nợ vpbank""","=""10""","=""0""","=""7""","=""Low""","=""false"""
"=""cách rút tiền từ thẻ ghi nợ""","=""10""","=""0""","=""7""","=""Low""","=""false"""
"=""cách sử dụng the ghi nợ bidv""","=""10""","=""0""","=""7""","=""Low""","=""false"""
"=""cách sử dụng the ghi nợ nội địa vietinbank""","=""10""","=""0""","=""9""","=""Low""","=""false"""
"=""cách sử dụng the ghi nợ quốc tế vietcombank""","=""10""","=""0""","=""9""","=""Low""","=""false"""
"=""cách sử dụng thẻ ghi nợ agribank""","=""10""","=""0""","=""7""","=""Low""","=""false"""
"=""cách sử dụng thẻ ghi nợ mb bank""","=""10""","=""0""","=""8""","=""Low""","=""false"""
"=""cách sử dụng thẻ ghi nợ nội địa""","=""10""","=""0""","=""8""","=""Low""","=""false"""
"=""cách sử dụng thẻ ghi nợ nội địa vietinbank""","=""10""","=""0""","=""9""","=""Low""","=""false"""
"=""cách sử dụng thẻ ghi nợ quốc tế""","=""10""","=""0""","=""8""","=""Low""","=""false"""
"=""cách sử dụng thẻ ghi nợ quốc tế vietcombank""","=""10""","=""0""","=""9""","=""Low""","=""false"""
"=""cách sử dụng thẻ ghi nợ sacombank""","=""10""","=""0""","=""7""","=""Low""","=""false"""
"=""cách sử dụng thẻ ghi nợ techcombank""","=""10""","=""0""","=""7""","=""Low""","=""false"""
"=""cách sử dụng thẻ ghi nợ vpbank""","=""10""","=""0""","=""7""","=""Low""","=""false"""
"=""cách thanh toán bằng thẻ ghi nợ""","=""10""","=""0""","=""7""","=""Low""","=""false"""
"=""cách thanh toán bằng thẻ ghi nợ trên shopee""","=""10""","=""0""","=""9""","=""Low""","=""false"""
"=""cách thanh toán thẻ ghi nợ""","=""10""","=""0""","=""6""","=""Low""","=""false"""
"=""cách đăng ký thẻ ghi nợ""","=""10""","=""0""","=""6""","=""Medium""","=""false"""
"=""cách đăng ký thẻ ghi nợ agribank""","=""10""","=""0""","=""7""","=""Low""","=""false"""
"=""cách đăng ký thẻ ghi nợ bidv""","=""10""","=""0""","=""7""","=""Low""","=""false"""
"=""cách đăng ký thẻ ghi nợ mb bank""","=""10""","=""0""","=""8""","=""Medium""","=""false"""
"=""cách đăng ký thẻ ghi nợ vietcombank""","=""10""","=""0.31""","=""7""","=""Low""","=""false"""
"=""dang ky the ghi no""","=""10""","=""0""","=""5""","=""Low""","=""false"""
"=""hướng dẫn làm thẻ ghi nợ""","=""10""","=""0""","=""6""","=""Low""","=""false"""
"=""hướng dẫn làm thẻ ghi nợ vietcombank""","=""10""","=""0""","=""7""","=""Low""","=""false"""
"=""hướng dẫn sử dụng thẻ ghi nợ""","=""10""","=""0.12""","=""7""","=""Medium""","=""false"""
"=""hướng dẫn sử dụng thẻ ghi nợ quốc tế vietcombank""","=""10""","=""0""","=""10""","=""Low""","=""false"""
"=""hướng dẫn sử dụng thẻ ghi nợ techcombank""","=""10""","=""0""","=""8""","=""Low""","=""false"""
"=""hạn mức the ghi nợ nội địa bidv""","=""10""","=""0""","=""8""","=""Low""","=""false"""
"=""hạn mức thẻ ghi nợ""","=""10""","=""0""","=""5""","=""Low""","=""false"""
"=""hạn mức thẻ ghi nợ techcombank""","=""10""","=""0""","=""6""","=""Low""","=""false"""
"=""khoá thẻ ghi nợ vietcombank""","=""10""","=""0""","=""5""","=""Low""","=""false"""
"=""khác biệt giữa thẻ tín dụng và thẻ ghi nợ""","=""10""","=""0""","=""10""","=""Low""","=""false"""
"=""khác nhau giữa thẻ ghi nợ và thẻ tín dụng""","=""10""","=""0.08""","=""10""","=""Medium""","=""false"""
"=""khác nhau giữa thẻ tín dụng và thẻ ghi nợ""","=""10""","=""0.11""","=""10""","=""Medium""","=""false"""
"=""kích hoạt the ghi nợ vietcombank""","=""10""","=""0""","=""6""","=""Low""","=""false"""
"=""kích hoạt the ghi nợ vpbank""","=""10""","=""0""","=""6""","=""Low""","=""false"""
"=""lam the ghi no""","=""10""","=""0""","=""4""","=""Low""","=""false"""
"=""làm thẻ ghi nợ acb""","=""10""","=""0""","=""5""","=""Medium""","=""false"""
"=""làm thẻ ghi nợ agribank""","=""10""","=""0""","=""5""","=""Low""","=""false"""
"=""làm thẻ ghi nợ bidv""","=""10""","=""0""","=""5""","=""Low""","=""false"""
"=""làm thẻ ghi nợ mb bank""","=""10""","=""0""","=""6""","=""Low""","=""false"""
"=""làm thẻ ghi nợ nội địa techcombank""","=""10""","=""0""","=""7""","=""Low""","=""false"""
"=""làm thẻ ghi nợ nội địa vietcombank""","=""10""","=""0""","=""7""","=""Low""","=""false"""
"=""làm thẻ ghi nợ online""","=""10""","=""1.13""","=""5""","=""High""","=""false"""
"=""làm thẻ ghi nợ quốc tế""","=""10""","=""0""","=""6""","=""Medium""","=""false"""
"=""làm thẻ ghi nợ quốc tế bidv""","=""10""","=""0""","=""7""","=""Low""","=""false"""
"=""làm thẻ ghi nợ quốc tế techcombank""","=""10""","=""0""","=""7""","=""Low""","=""false"""
"=""làm thẻ ghi nợ quốc tế vietcombank""","=""10""","=""0""","=""7""","=""Low""","=""false"""
"=""làm thẻ ghi nợ quốc tế vietinbank""","=""10""","=""0""","=""7""","=""Low""","=""false"""
"=""làm thẻ ghi nợ sacombank""","=""10""","=""0""","=""5""","=""Low""","=""false"""
"=""làm thẻ ghi nợ shinhan bank""","=""10""","=""0""","=""6""","=""Low""","=""false"""
"=""làm thẻ ghi nợ techcombank""","=""10""","=""0""","=""5""","=""Low""","=""false"""
"=""làm thẻ ghi nợ tpbank""","=""10""","=""0""","=""5""","=""Medium""","=""false"""
"=""làm thẻ ghi nợ vietcombank online""","=""10""","=""0""","=""6""","=""Low""","=""false"""
"=""làm thẻ ghi nợ vietinbank""","=""10""","=""0""","=""5""","=""Low""","=""false"""
"=""làm thẻ ghi nợ visa""","=""10""","=""0""","=""5""","=""Medium""","=""false"""
"=""làm thẻ ghi nợ vpbank""","=""10""","=""0""","=""5""","=""Low""","=""false"""
"=""lãi suất the ghi nợ vietcombank""","=""10""","=""0""","=""6""","=""Low""","=""false"""
"=""lãi suất thẻ ghi nợ""","=""10""","=""0""","=""5""","=""Low""","=""false"""
"=""lãi suất thẻ ghi nợ agribank""","=""10""","=""0""","=""6""","=""Low""","=""false"""
"=""lãi suất thẻ ghi nợ techcombank""","=""10""","=""0""","=""6""","=""Low""","=""false"""
"=""lãi suất thẻ ghi nợ vietcombank""","=""10""","=""0""","=""6""","=""Low""","=""false"""
"=""lợi ích của thẻ ghi nợ""","=""10""","=""0""","=""6""","=""Low""","=""false"""
"=""mb bank thẻ ghi nợ""","=""10""","=""0""","=""5""","=""Low""","=""false"""
"=""mb bank thẻ ghi nợ quốc tế""","=""10""","=""0""","=""7""","=""Low""","=""false"""
"=""mở the ghi nợ bidv online""","=""10""","=""0""","=""6""","=""Low""","=""false"""
"=""mở the ghi nợ online""","=""10""","=""0""","=""5""","=""High""","=""false"""
"=""mở the ghi nợ online mb bank""","=""10""","=""0""","=""7""","=""Low""","=""false"""
"=""mở the ghi nợ vietcombank""","=""10""","=""0""","=""5""","=""Low""","=""false"""
"=""mở the ghi nợ vietinbank online""","=""10""","=""0""","=""6""","=""Low""","=""false"""
"=""mở thẻ ghi nợ acb""","=""10""","=""1.21""","=""5""","=""Medium""","=""false"""
"=""mở thẻ ghi nợ agribank""","=""10""","=""0""","=""5""","=""Low""","=""false"""
"=""mở thẻ ghi nợ bidv""","=""10""","=""0""","=""5""","=""Low""","=""true"""
"=""mở thẻ ghi nợ không cần chứng minh thu nhập""","=""10""","=""0""","=""10""","=""Low""","=""false"""
"=""mở thẻ ghi nợ mb bank""","=""10""","=""0.59""","=""6""","=""Low""","=""true"""
"=""mở thẻ ghi nợ nội địa""","=""10""","=""0""","=""6""","=""Medium""","=""false"""
"=""mở thẻ ghi nợ nội địa vietinbank""","=""10""","=""0""","=""7""","=""Low""","=""false"""
"=""mở thẻ ghi nợ nội địa vpbank""","=""10""","=""0""","=""7""","=""Low""","=""false"""
"=""mở thẻ ghi nợ quốc tế online""","=""10""","=""0""","=""7""","=""Medium""","=""false"""
"=""mở thẻ ghi nợ quốc tế vietcombank""","=""10""","=""0""","=""7""","=""Low""","=""false"""
"=""mở thẻ ghi nợ quốc tế vietinbank""","=""10""","=""0""","=""7""","=""Low""","=""false"""
"=""mở thẻ ghi nợ sacombank""","=""10""","=""0""","=""5""","=""Low""","=""false"""
"=""mở thẻ ghi nợ scb""","=""10""","=""0""","=""5""","=""Low""","=""false"""
"=""mở thẻ ghi nợ tpbank""","=""10""","=""0.67""","=""5""","=""Medium""","=""true"""
"=""mở thẻ ghi nợ vietcombank online""","=""10""","=""0""","=""6""","=""Low""","=""false"""
"=""mở thẻ ghi nợ vietinbank online""","=""10""","=""0""","=""6""","=""Low""","=""false"""
"=""nên dùng thẻ ghi nợ hay thẻ tín dụng""","=""10""","=""0.02""","=""9""","=""Low""","=""false"""
"=""nên dùng thẻ ghi nợ nội địa hay quốc tế""","=""10""","=""0""","=""10""","=""Low""","=""false"""
"=""nên dùng thẻ ghi nợ quốc tế hay nội địa""","=""10""","=""0""","=""10""","=""Low""","=""false"""
"=""nên dùng thẻ tín dụng hay thẻ ghi nợ""","=""10""","=""0""","=""9""","=""Low""","=""false"""
"=""nên làm thẻ ghi nợ hay thẻ tín dụng""","=""10""","=""0""","=""9""","=""Medium""","=""false"""
"=""nên làm thẻ ghi nợ ngân hàng nào""","=""10""","=""0""","=""8""","=""High""","=""false"""
"=""nên làm thẻ ghi nợ nội địa ngân hàng nào""","=""10""","=""0""","=""10""","=""Low""","=""false"""
"=""nên làm thẻ ghi nợ quốc tế hay nội địa""","=""10""","=""0""","=""10""","=""Low""","=""false"""
"=""nên làm thẻ ghi nợ quốc tế ngân hàng nào""","=""10""","=""0""","=""10""","=""Low""","=""false"""
"=""nên làm thẻ tín dụng hay thẻ ghi nợ""","=""10""","=""0""","=""9""","=""Medium""","=""false"""
"=""nên mở thẻ ghi nợ của ngân hàng nào""","=""10""","=""0""","=""9""","=""Low""","=""false"""
"=""nên mở thẻ ghi nợ nội địa hay quốc tế""","=""10""","=""0""","=""10""","=""Low""","=""false"""
"=""nên mở thẻ ghi nợ quốc tế hay nội địa""","=""10""","=""0""","=""10""","=""Low""","=""false"""
"=""nạp tiền vào thẻ ghi nợ""","=""10""","=""0""","=""6""","=""Low""","=""false"""
"=""phan biet the tin dung va the ghi no""","=""10""","=""0""","=""9""","=""Low""","=""false"""
"=""phát hành thẻ ghi nợ vpbank""","=""10""","=""0""","=""6""","=""Low""","=""false"""
"=""phân biệt thẻ ghi nợ nội địa và quốc tế""","=""10""","=""0""","=""10""","=""Low""","=""false"""
"=""rút tiền thẻ ghi nợ""","=""10""","=""0""","=""5""","=""Low""","=""false"""
"=""rút tiền từ thẻ ghi nợ""","=""10""","=""0""","=""6""","=""Low""","=""false"""
"=""so sánh thẻ ghi nợ nội địa và quốc tế""","=""10""","=""0""","=""10""","=""Low""","=""false"""
"=""so the ghi no""","=""10""","=""0""","=""4""","=""Low""","=""false"""
"=""số the ghi nợ nội địa bidv""","=""10""","=""0""","=""7""","=""Low""","=""false"""
"=""số thẻ ghi nợ thẻ tín dụng vpbank""","=""10""","=""0""","=""8""","=""Low""","=""false"""
"=""số thẻ ghi nợ ảo""","=""10""","=""0.42""","=""5""","=""High""","=""false"""
"=""sử dụng thẻ ghi nợ quốc tế""","=""10""","=""0""","=""7""","=""Low""","=""false"""
"=""tao the ghi no""","=""10""","=""0""","=""4""","=""Low""","=""false"""
"=""thanh toán bằng thẻ ghi nợ""","=""10""","=""0""","=""6""","=""Low""","=""false"""
"=""thanh toán bằng thẻ ghi nợ nội địa""","=""10""","=""0""","=""8""","=""Low""","=""false"""
"=""thanh toán bằng thẻ ghi nợ trên lazada""","=""10""","=""0""","=""8""","=""Low""","=""false"""
"=""thanh toán bằng thẻ ghi nợ trên shopee""","=""10""","=""0""","=""8""","=""Low""","=""false"""
"=""thanh toán thẻ ghi nợ""","=""10""","=""0""","=""5""","=""Low""","=""false"""
"=""the tin dung va the ghi no""","=""10""","=""0""","=""7""","=""Low""","=""true"""
"=""the tín dụng và the ghi nợ""","=""10""","=""0""","=""7""","=""Low""","=""false"""
"=""the tín dụng và the ghi nợ vietcombank""","=""10""","=""0""","=""8""","=""Low""","=""false"""
"=""the tín dụng và thẻ ghi nợ""","=""10""","=""0.12""","=""7""","=""Medium""","=""false"""
"=""the tín dụng và thẻ ghi nợ vietcombank""","=""10""","=""0""","=""8""","=""Low""","=""false"""
"=""thẻ atm là thẻ ghi nợ nội địa""","=""10""","=""0""","=""8""","=""Low""","=""false"""
"=""thẻ atm và thẻ ghi nợ""","=""10""","=""0""","=""6""","=""Low""","=""false"""
"=""thẻ atm và thẻ ghi nợ nội địa""","=""10""","=""0""","=""8""","=""Low""","=""false"""
"=""thẻ ngân hàng và thẻ ghi nợ""","=""10""","=""0""","=""7""","=""Low""","=""false"""
"=""thẻ thanh toán và thẻ ghi nợ""","=""10""","=""0""","=""7""","=""Low""","=""false"""
"=""thẻ trả trước và thẻ ghi nợ""","=""10""","=""0""","=""7""","=""Low""","=""false"""
"=""thẻ tín dụng có phải là thẻ ghi nợ không""","=""10""","=""0""","=""10""","=""Low""","=""false"""
"=""thẻ tín dụng khác thẻ ghi nợ ntn""","=""10""","=""0""","=""8""","=""Medium""","=""false"""
"=""thẻ tín dụng là thẻ ghi nợ""","=""10""","=""0.04""","=""7""","=""Medium""","=""false"""
"=""thẻ tín dụng thẻ ghi nợ thẻ trả trước""","=""10""","=""0""","=""9""","=""Low""","=""false"""
"=""thẻ tín dụng và the ghi nợ""","=""10""","=""0""","=""7""","=""Medium""","=""false"""
"=""thẻ tín dụng và thẻ ghi nợ khác nhau ntn""","=""10""","=""0.02""","=""10""","=""Medium""","=""false"""
"=""thẻ tín dụng và thẻ ghi nợ quốc tế""","=""10""","=""0""","=""9""","=""Medium""","=""false"""
"=""thẻ visa có phải là thẻ ghi nợ không""","=""10""","=""0""","=""9""","=""Low""","=""false"""
"=""thẻ visa và thẻ ghi nợ""","=""10""","=""0""","=""6""","=""Low""","=""false"""
"=""thủ tục làm thẻ ghi nợ""","=""10""","=""0""","=""6""","=""Low""","=""false"""
"=""thủ tục làm thẻ ghi nợ bidv""","=""10""","=""0""","=""7""","=""Low""","=""false"""
"=""thủ tục làm thẻ ghi nợ vietcombank""","=""10""","=""0""","=""7""","=""Low""","=""false"""
"=""tp bank thẻ ghi nợ""","=""10""","=""0""","=""5""","=""Low""","=""false"""
"=""trả góp bằng thẻ ghi nợ""","=""10""","=""0""","=""6""","=""Low""","=""false"""
"=""tài khoản liên kết đến thẻ ghi nợ nội địa""","=""10""","=""0""","=""10""","=""Low""","=""false"""
"=""tài khoản liên kết đến thẻ ghi nợ quốc tế""","=""10""","=""0""","=""10""","=""Low""","=""false"""
"=""tài khoản thanh toán và thẻ ghi nợ""","=""10""","=""0""","=""8""","=""Low""","=""false"""
"=""tác dụng của thẻ ghi nợ quốc tế""","=""10""","=""0.07""","=""8""","=""Medium""","=""false"""
"=""tìm hiểu về thẻ ghi nợ""","=""10""","=""0""","=""6""","=""High""","=""false"""
"=""vietcombank thẻ ghi nợ quốc tế""","=""10""","=""0""","=""6""","=""Low""","=""false"""
"=""vietinbank thẻ ghi nợ nội địa""","=""10""","=""0""","=""6""","=""Low""","=""false"""
"=""vietinbank thẻ ghi nợ quốc tế""","=""10""","=""0""","=""6""","=""Low""","=""false"""
"=""vpbank thẻ ghi nợ quốc tế""","=""10""","=""0""","=""6""","=""Low""","=""false"""
"=""điều kiện làm thẻ ghi nợ""","=""10""","=""0""","=""6""","=""Low""","=""false"""
"=""điều kiện làm thẻ ghi nợ vietcombank""","=""10""","=""0""","=""7""","=""Low""","=""false"""
"=""điều kiện mở the ghi nợ nội địa vietinbank""","=""10""","=""0""","=""9""","=""Low""","=""false"""
"=""điều kiện mở the ghi nợ vietcombank""","=""10""","=""0""","=""7""","=""Low""","=""false"""
"=""điều kiện mở thẻ ghi nợ""","=""10""","=""0""","=""6""","=""Low""","=""false"""
"=""điều kiện mở thẻ ghi nợ bidv""","=""10""","=""0""","=""7""","=""Low""","=""false"""
"=""điều kiện mở thẻ ghi nợ quốc tế""","=""10""","=""0""","=""8""","=""Low""","=""false"""
"=""điều kiện mở thẻ ghi nợ vietcombank""","=""10""","=""0""","=""7""","=""Low""","=""false"""
"=""điều kiện mở thẻ ghi nợ vietinbank""","=""10""","=""0""","=""7""","=""Low""","=""false"""
"=""đăng ký mở thẻ ghi nợ vietcombank""","=""10""","=""0""","=""7""","=""Low""","=""false"""
"=""đăng ký phát hành the ghi nợ vietcombank online""","=""10""","=""0""","=""9""","=""Low""","=""false"""
"=""đăng ký phát hành thẻ ghi nợ mb bank""","=""10""","=""0""","=""9""","=""Low""","=""false"""
"=""đăng ký phát hành thẻ ghi nợ vietcombank""","=""10""","=""0""","=""8""","=""Low""","=""false"""
"=""đăng ký the ghi nợ vietcombank""","=""10""","=""0""","=""6""","=""Low""","=""false"""
"=""đăng ký thẻ ghi nợ agribank""","=""10""","=""0""","=""6""","=""Low""","=""false"""
"=""đăng ký thẻ ghi nợ bidv""","=""10""","=""0""","=""6""","=""Low""","=""false"""
"=""đăng ký thẻ ghi nợ mb bank""","=""10""","=""0""","=""7""","=""Low""","=""false"""
"=""đăng ký thẻ ghi nợ online""","=""10""","=""1.09""","=""6""","=""High""","=""false"""
"=""đăng ký thẻ ghi nợ quốc tế""","=""10""","=""0.9""","=""7""","=""High""","=""false"""
"=""đăng ký thẻ ghi nợ quốc tế bidv""","=""10""","=""0""","=""8""","=""Low""","=""false"""
"=""đăng ký thẻ ghi nợ quốc tế vietcombank""","=""10""","=""0.65""","=""8""","=""Low""","=""false"""
"=""đăng ký thẻ ghi nợ sacombank""","=""10""","=""0""","=""6""","=""Low""","=""false"""
"=""đăng ký thẻ ghi nợ vietinbank""","=""10""","=""0""","=""6""","=""Low""","=""false"""
"=""đăng ký thẻ ghi nợ vpbank online""","=""10""","=""0""","=""7""","=""Medium""","=""false"""
"=""đặc điểm của thẻ ghi nợ""","=""10""","=""0""","=""6""","=""Low""","=""false"""
"=""chủ thẻ ghi nợ là gì""","=""10""","=""0""","=""6""","=""Medium""","=""false"""
"=""phí duy trì thẻ ghi nợ nội địa vietcombank""","=""10""","=""0""","=""9""","=""Low""","=""false"""
"=""phí duy trì thẻ ghi nợ quốc tế vietcombank""","=""10""","=""0""","=""9""","=""Low""","=""false"""
"=""huỷ thẻ ghi nợ quốc tế vietcombank""","=""10""","=""0""","=""7""","=""Low""","=""false"""
"=""mua hàng bằng thẻ ghi nợ""","=""10""","=""0""","=""6""","=""Low""","=""false"""
"=""khái niệm thẻ ghi nợ""","=""10""","=""0""","=""5""","=""Low""","=""false"""
"=""mã pin thẻ ghi nợ vietcombank""","=""10""","=""0""","=""6""","=""Low""","=""false"""
"=""biểu phí thẻ ghi nợ standard chartered""","=""10""","=""0""","=""7""","=""Low""","=""false"""
"=""kích hoạt thẻ ghi nợ standard chartered""","=""10""","=""0""","=""7""","=""Low""","=""false"""
"=""thế nào là thẻ ghi nợ nội địa""","=""10""","=""0""","=""8""","=""Medium""","=""false"""
"=""thế nào là thẻ ghi nợ quốc tế""","=""10""","=""0""","=""8""","=""Medium""","=""false"""
"=""cách thêm thẻ ghi nợ trên shopee""","=""10""","=""0""","=""7""","=""Low""","=""false"""
"=""so sánh thẻ ghi nợ nội địa và quốc tế vietcombank""","=""10""","=""0""","=""11""","=""Low""","=""false"""
"=""số thẻ ghi nợ free""","=""10""","=""0.43""","=""5""","=""Low""","=""false"""
"=""visa là thẻ ghi nợ hay tín dụng""","=""10""","=""0.08""","=""8""","=""Low""","=""false"""
"=""hạn mức thẻ ghi nợ kbank""","=""10""","=""0""","=""6""","=""Low""","=""false"""
"=""cách sử dụng thẻ ghi nợ kbank""","=""10""","=""0""","=""7""","=""Low""","=""false"""
"=""kiểm tra thẻ ghi nợ vietcombank""","=""10""","=""0""","=""6""","=""Low""","=""false"""
"=""mở thẻ ghi nợ tpbank online""","=""10""","=""0.94""","=""6""","=""Medium""","=""false"""
"=""mở thẻ ghi nợ số msb""","=""10""","=""0""","=""6""","=""Low""","=""false"""
"=""cách xài thẻ ghi nợ""","=""10""","=""0.12""","=""5""","=""Medium""","=""false"""
"=""thẻ tín dụng khác thẻ ghi nợ thế nào""","=""10""","=""0.02""","=""9""","=""Medium""","=""false"""
"=""liên kết thẻ ghi nợ với shopee""","=""10""","=""0""","=""7""","=""Low""","=""false"""
"=""cách dụng the ghi nợ nội địa vietinbank""","=""0""","=""0""","=""8""","=""Low""","=""false"""
"=""cách làm the ghi nợ vietinbank""","=""0""","=""0""","=""6""","=""Low""","=""false"""
"=""làm thẻ ghi nợ fe credit""","=""0""","=""0""","=""6""","=""Low""","=""false"""
"=""mở the ghi nợ không cần chứng minh thu nhập""","=""0""","=""0""","=""10""","=""Low""","=""false"""
"=""mở the ghi nợ vpbank online""","=""0""","=""0""","=""6""","=""Low""","=""false"""
"=""cách dùng thẻ ghi nợ abbank""","=""0""","=""0""","=""6""","=""Low""","=""false"""
"=""biểu phí thẻ ghi nợ abbank""","=""0""","=""0""","=""6""","=""Low""","=""false"""
"=""thêm thẻ ghi nợ vào apple pay""","=""0""","=""0""","=""7""","=""Low""","=""false"""
"=""cách xoá thẻ ghi nợ trên app vietcombank""","=""0""","=""0""","=""8""","=""Low""","=""false"""
"=""cách xoá thẻ ghi nợ trên app vietinbank""","=""0""","=""0""","=""8""","=""Low""","=""false"""
"=""biểu phí thẻ ghi nợ bvbank""","=""0""","=""0""","=""6""","=""Low""","=""false"""
"=""nên chọn thẻ ghi nợ nào của vietcombank""","=""0""","=""0""","=""8""","=""Low""","=""false"""
"=""credit card là thẻ ghi nợ""","=""0""","=""0""","=""6""","=""Low""","=""false"""
"=""cvv thẻ ghi nợ""","=""0""","=""0""","=""4""","=""Low""","=""false"""
"=""cvv thẻ ghi nợ vietinbank""","=""0""","=""0""","=""5""","=""Low""","=""false"""
"=""cvv thẻ ghi nợ là gì""","=""0""","=""0""","=""6""","=""Low""","=""false"""
"=""mã cvv thẻ ghi nợ tnex""","=""0""","=""0""","=""6""","=""Low""","=""false"""
"=""mã cvv trên thẻ ghi nợ vietcombank""","=""0""","=""0""","=""7""","=""Low""","=""false"""
"=""phí duy trì thẻ ghi nợ vietcombank""","=""0""","=""0""","=""7""","=""Low""","=""false"""
"=""phí duy trì thẻ ghi nợ vpbank""","=""0""","=""0""","=""7""","=""Low""","=""false"""
"=""phí duy trì thẻ ghi nợ techcombank""","=""0""","=""0""","=""7""","=""Low""","=""false"""
"=""phí duy trì thẻ ghi nợ mb bank""","=""0""","=""0""","=""8""","=""Low""","=""false"""
"=""mở thẻ ghi nợ eximbank""","=""0""","=""0""","=""5""","=""Low""","=""false"""
"=""form phát hành thẻ ghi nợ vietcombank""","=""0""","=""0""","=""7""","=""Low""","=""false"""
"=""nạp game bằng thẻ ghi nợ""","=""0""","=""0""","=""6""","=""Low""","=""false"""
"=""mở thẻ ghi nợ hdbank""","=""0""","=""0""","=""5""","=""Low""","=""false"""
"=""biểu phí thẻ ghi nợ hdbank""","=""0""","=""0""","=""6""","=""Low""","=""false"""
"=""kích hoạt thẻ ghi nợ hdbank""","=""0""","=""0""","=""6""","=""Low""","=""false"""
"=""cách dùng thẻ ghi nợ hdbank""","=""0""","=""0""","=""6""","=""Low""","=""false"""
"=""tìm hiểu thẻ ghi nợ""","=""0""","=""0""","=""5""","=""Low""","=""false"""
"=""tìm hiểu về thẻ ghi nợ vietcombank""","=""0""","=""0""","=""7""","=""Low""","=""false"""
"=""cách thẻ ghi nợ hoạt động""","=""0""","=""0""","=""6""","=""Low""","=""false"""
"=""mở thẻ ghi nợ hsbc""","=""0""","=""0""","=""5""","=""Low""","=""false"""
"=""biểu phí thẻ ghi nợ hsbc""","=""0""","=""0""","=""6""","=""Low""","=""false"""
"=""cách thanh toán thẻ ghi nợ hsbc""","=""0""","=""0""","=""7""","=""Low""","=""false"""
"=""nên mở thẻ ghi nợ hay tín dụng""","=""0""","=""0""","=""8""","=""Low""","=""false"""
"=""debit là thẻ ghi nợ hay tín dụng""","=""0""","=""0""","=""8""","=""Low""","=""false"""
"=""thẻ vietcombank là thẻ ghi nợ hay tín dụng""","=""0""","=""0""","=""9""","=""Low""","=""false"""
"=""thẻ rút tiền là thẻ ghi nợ hay tín dụng""","=""0""","=""0""","=""10""","=""Low""","=""false"""
"=""napas là thẻ ghi nợ hay thẻ tín dụng""","=""0""","=""0""","=""9""","=""Low""","=""false"""
"=""huỷ thẻ ghi nợ vcb""","=""0""","=""0""","=""5""","=""Low""","=""false"""
"=""huỷ thẻ ghi nợ vpbank""","=""0""","=""0""","=""5""","=""Low""","=""false"""
"=""huỷ thẻ ghi nợ vietinbank""","=""0""","=""0""","=""5""","=""Low""","=""false"""
"=""huỷ thẻ ghi nợ""","=""0""","=""0""","=""4""","=""Low""","=""false"""
"=""huỷ thẻ ghi nợ acb""","=""0""","=""0""","=""5""","=""Low""","=""false"""
"=""huỷ thẻ ghi nợ mb bank""","=""0""","=""0""","=""6""","=""Low""","=""false"""
"=""huỷ thẻ ghi nợ techcombank""","=""0""","=""0""","=""5""","=""Low""","=""false"""
"=""huỷ thẻ ghi nợ timo""","=""0""","=""0""","=""5""","=""Low""","=""false"""
"=""huỷ thẻ ghi nợ bidv""","=""0""","=""0""","=""5""","=""Low""","=""false"""
"=""mở thẻ ghi nợ jcb""","=""0""","=""0""","=""5""","=""Low""","=""false"""
"=""biểu phí thẻ ghi nợ kbank""","=""0""","=""0""","=""6""","=""Low""","=""false"""
"=""kiểm tra thẻ ghi nợ""","=""0""","=""0""","=""5""","=""Low""","=""false"""
"=""kiểm tra thẻ ghi nợ techcombank""","=""0""","=""0""","=""6""","=""Low""","=""false"""
"=""thẻ visa có phải thẻ ghi nợ ko""","=""0""","=""0""","=""8""","=""Low""","=""false"""
"=""loại thẻ ghi nợ""","=""0""","=""0""","=""4""","=""Low""","=""false"""
"=""loại thẻ ghi nợ nội địa là gì""","=""0""","=""0""","=""8""","=""Low""","=""false"""
"=""mở thẻ ghi nợ miễn phí""","=""0""","=""0""","=""6""","=""Low""","=""false"""
"=""mở thẻ ghi nợ momo""","=""0""","=""0""","=""5""","=""Low""","=""false"""
"=""mở thẻ ghi nợ msb""","=""0""","=""0""","=""5""","=""Low""","=""false"""
"=""mở thẻ ghi nợ msb online""","=""0""","=""0""","=""6""","=""Low""","=""false"""
"=""phí thẻ ghi nợ msb""","=""0""","=""0""","=""5""","=""Low""","=""false"""
"=""mua thẻ ghi nợ""","=""0""","=""0""","=""4""","=""Low""","=""false"""
"=""muốn huỷ thẻ ghi nợ vietcombank""","=""0""","=""0""","=""6""","=""Low""","=""false"""
"=""biểu phí thẻ ghi nợ ncb""","=""0""","=""0""","=""6""","=""Low""","=""false"""
"=""biểu phí thẻ ghi nợ nội địa ncb""","=""0""","=""0""","=""8""","=""Low""","=""false"""
"=""mở thẻ ghi nợ online vietinbank""","=""0""","=""0""","=""6""","=""Low""","=""false"""
"=""mở thẻ ghi nợ bidv online""","=""0""","=""0""","=""6""","=""Low""","=""false"""
"=""mở thẻ ghi nợ acb online""","=""0""","=""0""","=""6""","=""Low""","=""false"""
"=""mã pin thẻ ghi nợ vietcombank có mấy số""","=""0""","=""0""","=""9""","=""Low""","=""false"""
"=""mã pin thẻ ghi nợ là gì""","=""0""","=""0""","=""7""","=""Low""","=""false"""
"=""mã pin thẻ ghi nợ""","=""0""","=""0""","=""5""","=""Low""","=""false"""
"=""mã pin thẻ ghi nợ vpbank""","=""0""","=""0""","=""6""","=""Low""","=""false"""
"=""mở thẻ ghi nợ pvcombank""","=""0""","=""0""","=""5""","=""Low""","=""false"""
"=""biểu phí thẻ ghi nợ pvcombank""","=""0""","=""0""","=""6""","=""Low""","=""false"""
"=""biểu phí thẻ ghi nợ quốc tế pvcombank""","=""0""","=""0""","=""8""","=""Low""","=""false"""
"=""đăng ký thẻ ghi nợ rakuten""","=""0""","=""0""","=""6""","=""Low""","=""false"""
"=""mở thẻ ghi nợ sacombank online""","=""0""","=""0""","=""6""","=""Low""","=""false"""
"=""biểu phí thẻ ghi nợ seabank""","=""0""","=""0""","=""6""","=""Low""","=""false"""
"=""mở thẻ ghi nợ số là gì""","=""0""","=""0""","=""7""","=""Low""","=""false"""
"=""hủy thẻ ghi nợ standard chartered""","=""0""","=""0""","=""6""","=""Low""","=""false"""
"=""phí thẻ ghi nợ tpbank""","=""0""","=""0""","=""5""","=""Low""","=""false"""
"=""biểu phí thẻ ghi nợ công ty vietcombank""","=""0""","=""0""","=""8""","=""Low""","=""false"""
"=""mở thẻ ghi nợ unionpay""","=""0""","=""0""","=""5""","=""Low""","=""false"""
"=""mở thẻ ghi nợ uob""","=""0""","=""0""","=""5""","=""Low""","=""false"""
"=""biểu phí thẻ ghi nợ uob""","=""0""","=""0""","=""6""","=""Low""","=""false"""
"=""kích hoạt thẻ ghi nợ uob""","=""0""","=""0""","=""6""","=""Low""","=""false"""
"=""cách sử dụng thẻ ghi nợ uob""","=""0""","=""0""","=""7""","=""Low""","=""false"""
"=""xoá thẻ ghi nợ vietcombank""","=""0""","=""0""","=""5""","=""Low""","=""false"""
"=""xoá thẻ ghi nợ vietinbank""","=""0""","=""0""","=""5""","=""Low""","=""false"""
"=""xoá thẻ ghi nợ""","=""0""","=""0""","=""4""","=""Low""","=""false"""
"=""xoá thẻ ghi nợ trên shopee""","=""0""","=""0""","=""6""","=""Low""","=""false"""
"=""xoá thẻ ghi nợ bidv""","=""0""","=""0""","=""5""","=""Low""","=""false"""
"=""đăng ký thẻ ghi nợ yucho""","=""0""","=""0""","=""6""","=""Low""","=""false"""
"=""xem số thẻ ghi nợ vietcombank""","=""0""","=""0""","=""6""","=""Low""","=""false"""
"=""cách xem thẻ ghi nợ techcombank""","=""0""","=""0""","=""6""","=""Low""","=""false"""
"=""cách xem thẻ ghi nợ vietcombank""","=""0""","=""0""","=""6""","=""Low""","=""false"""
"=""xem số thẻ ghi nợ techcombank""","=""0""","=""0""","=""6""","=""Low""","=""false"""
"=""cách xem thẻ ghi nợ""","=""0""","=""0""","=""5""","=""Low""","=""false"""
"=""cách xem số thẻ ghi nợ vietcombank trên app""","=""0""","=""0""","=""9""","=""Low""","=""false"""
"=""xem hạn mức thẻ ghi nợ vietcombank""","=""0""","=""0""","=""7""","=""Low""","=""false"""
"=""xem số dư thẻ ghi nợ vietcombank""","=""0""","=""0""","=""7""","=""Low""","=""false"""
"=""cách xem số thẻ ghi nợ""","=""0""","=""0""","=""6""","=""Low""","=""false"""
"=""cách xem số thẻ ghi nợ vpbank""","=""0""","=""0""","=""7""","=""Low""","=""false"""
"=""biểu phí thẻ ghi nợ vpbank 2025""","=""0""","=""0""","=""7""","=""Low""","=""false"""
"=""thế nào là thẻ ghi nợ vietcombank""","=""0""","=""0""","=""7""","=""Low""","=""false"""
"=""thế nào là thẻ ghi nợ và thẻ tín dụng""","=""0""","=""0""","=""10""","=""Low""","=""false"""
"=""thế nào là thẻ tín dụng thế nào là thẻ ghi nợ""","=""0""","=""0""","=""12""","=""Low""","=""false"""
"=""vì sao gọi là thẻ ghi nợ""","=""0""","=""0""","=""7""","=""Low""","=""false"""
"=""tại sao thẻ ghi nợ không rút được tiền""","=""0""","=""0""","=""9""","=""Low""","=""false"""
"=""tại sao gọi thẻ ghi nợ""","=""0""","=""0""","=""6""","=""Low""","=""false"""
"=""tại sao có 2 thẻ ghi nợ vietcombank""","=""0""","=""0""","=""8""","=""Low""","=""false"""
"=""tại sao gọi là thẻ ghi nợ debit card""","=""0""","=""0""","=""9""","=""Low""","=""false"""
"=""tại sao lại là thẻ ghi nợ""","=""0""","=""0""","=""7""","=""Low""","=""false"""
"=""tại sao lại có thẻ ghi nợ""","=""0""","=""0""","=""7""","=""Low""","=""false"""
"=""tại sao thẻ atm gọi là thẻ ghi nợ""","=""0""","=""0""","=""9""","=""Low""","=""false"""
"=""làm sao để có thẻ ghi nợ""","=""0""","=""0""","=""7""","=""Low""","=""false"""
"=""làm sao để mở thẻ ghi nợ""","=""0""","=""0""","=""7""","=""Low""","=""false"""
"=""làm sao để sử dụng thẻ ghi nợ vietcombank""","=""0""","=""0""","=""9""","=""Low""","=""false"""
"=""làm sao để thanh toán thẻ ghi nợ""","=""0""","=""0""","=""8""","=""Low""","=""false"""
"=""làm sao để sử dụng thẻ ghi nợ""","=""0""","=""0""","=""8""","=""Low""","=""false"""
"=""làm sao để biết thẻ tín dụng hay thẻ ghi nợ""","=""0""","=""0""","=""11""","=""Low""","=""false"""
"=""mở thẻ ghi nợ để làm gì""","=""0""","=""0""","=""7""","=""Low""","=""false"""
"=""phí thường niên thẻ ghi nợ vpbank là bao nhiêu""","=""0""","=""0""","=""10""","=""Low""","=""false"""
"=""phí thường niên thẻ ghi nợ vietcombank là bao nhiêu""","=""0""","=""0""","=""10""","=""Low""","=""false"""
"=""thanh toán thẻ ghi nợ như thế nào""","=""0""","=""0""","=""8""","=""Low""","=""false"""
"=""có nên mở thẻ ghi nợ không""","=""0""","=""0""","=""7""","=""Low""","=""false"""
"=""có nên dùng thẻ ghi nợ không""","=""0""","=""0""","=""7""","=""Low""","=""false"""
"=""có nên sử dụng thẻ ghi nợ không""","=""0""","=""0""","=""8""","=""Low""","=""false"""
"=""rút tiền từ thẻ ghi nợ bidv""","=""0""","=""0""","=""7""","=""Low""","=""false"""
"=""rút tiền từ thẻ ghi nợ vpbank""","=""0""","=""0""","=""7""","=""Low""","=""false"""
"=""giao dịch từ thẻ ghi nợ là gì""","=""0""","=""0""","=""8""","=""Low""","=""false"""
"=""rút tiền từ thẻ ghi nợ vietinbank""","=""0""","=""0""","=""7""","=""Low""","=""false"""
"=""chuyển tiền từ thẻ ghi nợ""","=""0""","=""0""","=""6""","=""Low""","=""false"""
"=""nên mở thẻ ghi nợ nào của vietinbank""","=""0""","=""0""","=""8""","=""Low""","=""false"""
"=""nên mở thẻ ghi nợ nào của vpbank""","=""0""","=""0""","=""8""","=""Low""","=""false"""
"=""trong thẻ ghi nợ có tiền không""","=""0""","=""0""","=""7""","=""Low""","=""false"""
"=""liên kết thẻ ghi nợ với paypal""","=""0""","=""0""","=""7""","=""Low""","=""false"""
"=""liên kết thẻ ghi nợ với momo""","=""0""","=""0""","=""7""","=""Low""","=""false"""
"=""techcombank có thẻ ghi nợ không""","=""0""","=""0""","=""6""","=""Low""","=""false"""
"=""so sánh thẻ ghi nợ quốc tế bidv""","=""0""","=""0""","=""8""","=""Low""","=""false"""
"=""so sánh thẻ ghi nợ vietcombank""","=""0""","=""0""","=""6""","=""Low""","=""false"""
"=""so sánh các loại thẻ ghi nợ quốc tế vietcombank""","=""0""","=""0""","=""10""","=""Low""","=""false"""
"=""so sánh thẻ ghi nợ và thẻ trả trước""","=""0""","=""0""","=""9""","=""Low""","=""false"""
"=""so sánh thẻ tín dụng và thẻ ghi nợ vietcombank""","=""0""","=""0""","=""10""","=""Low""","=""false"""
"=""nên mở thẻ ghi nợ quốc tế nào của vietcombank""","=""0""","=""0""","=""10""","=""Low""","=""false"""
"=""nên mở thẻ ghi nợ quốc tế nào của bidv""","=""0""","=""0""","=""10""","=""Low""","=""false"""
"=""kích hoạt thẻ ghi nợ để làm gì""","=""0""","=""0""","=""8""","=""Low""","=""false"""
"=""so sánh thẻ ghi nợ với thẻ tín dụng""","=""0""","=""0""","=""9""","=""Low""","=""false"""
"=""debit card la gi""","=""1900""","=""0.03""","=""4""","=""Low""","=""true"""
"=""thẻ debit""","=""720""","=""0.05""","=""2""","=""Low""","=""false"""
"=""vcb visa debit""","=""320""","=""0.54""","=""3""","=""Low""","=""false"""
"=""thẻ credit và debit""","=""260""","=""0.02""","=""4""","=""Low""","=""false"""
"=""thẻ vietcombank connect24""","=""210""","=""0""","=""3""","=""Low""","=""false"""
"=""thẻ vietcombank visa platinum debit""","=""210""","=""0""","=""5""","=""Low""","=""false"""
"=""thẻ debit vcb""","=""140""","=""0""","=""3""","=""Low""","=""false"""
"=""thẻ debit vietcombank""","=""140""","=""0""","=""3""","=""Low""","=""false"""
"=""thẻ tín dụng ghi nợ""","=""110""","=""0.57""","=""5""","=""Medium""","=""false"""
"=""thẻ debit vpbank""","=""110""","=""0""","=""3""","=""Low""","=""false"""
"=""ghi nợ""","=""110""","=""0""","=""2""","=""Low""","=""false"""
"=""vcb connect24""","=""110""","=""0""","=""2""","=""Low""","=""false"""
"=""credit card và debit card""","=""90""","=""0.05""","=""5""","=""Low""","=""true"""
"=""debit card vietcombank""","=""90""","=""0""","=""3""","=""Low""","=""false"""
"=""thẻ vcb connect24""","=""90""","=""0""","=""3""","=""Low""","=""false"""
"=""thẻ vietinbank e partner""","=""90""","=""0""","=""4""","=""Low""","=""false"""
"=""thẻ visa là thẻ tín dụng hay ghi nợ""","=""90""","=""0.11""","=""9""","=""Low""","=""true"""
"=""visa debit bidv""","=""90""","=""0""","=""3""","=""Low""","=""true"""
"=""địa chỉ đăng ký thẻ tín dụng ghi nợ shopee""","=""90""","=""0""","=""10""","=""Low""","=""false"""
"=""thẻ debit visa""","=""70""","=""0.17""","=""3""","=""Low""","=""true"""
"=""thẻ debit và thẻ credit""","=""70""","=""0.01""","=""5""","=""Low""","=""true"""
"=""vietcombank connect24 visa""","=""70""","=""0""","=""3""","=""Low""","=""false"""
"=""visa debit vietinbank""","=""70""","=""0""","=""3""","=""Low""","=""true"""
"=""thẻ atm là the tín dụng hay ghi nợ""","=""50""","=""0.03""","=""9""","=""Low""","=""false"""
"=""thẻ debit mb bank""","=""50""","=""0""","=""4""","=""Low""","=""false"""
"=""thẻ vietcombank connect24 visa""","=""50""","=""0""","=""4""","=""Low""","=""false"""
"=""vpbank visa prime platinum debit""","=""50""","=""0""","=""5""","=""Low""","=""false"""
"=""thẻ debit acb""","=""40""","=""0""","=""3""","=""Low""","=""false"""
"=""thẻ debit bidv""","=""40""","=""0""","=""3""","=""Low""","=""false"""
"=""thẻ nội địa vietcombank""","=""40""","=""0""","=""4""","=""Low""","=""false"""
"=""thẻ tín dụng debit""","=""40""","=""0""","=""4""","=""Low""","=""true"""
"=""acb visa debit cashback""","=""30""","=""0""","=""4""","=""Low""","=""false"""
"=""epartner vpay""","=""30""","=""0""","=""2""","=""Low""","=""false"""
"=""the visa techcombank debit""","=""30""","=""0""","=""4""","=""Low""","=""false"""
"=""thẻ agribank plus success""","=""30""","=""0""","=""4""","=""Low""","=""true"""
"=""thẻ debit card""","=""30""","=""0.01""","=""3""","=""Low""","=""false"""
"=""thẻ debit mb""","=""30""","=""0""","=""3""","=""Low""","=""false"""
"=""thẻ debit vietinbank""","=""30""","=""0""","=""3""","=""Low""","=""false"""
"=""thẻ ghi""","=""30""","=""0.29""","=""2""","=""Low""","=""true"""
"=""thẻ tín dụng và ghi nợ""","=""30""","=""0.23""","=""6""","=""Low""","=""false"""
"=""thẻ visa platinum debit vietcombank""","=""30""","=""0""","=""5""","=""Low""","=""false"""
"=""visa debit platinum techcombank""","=""30""","=""0""","=""4""","=""Low""","=""false"""
"=""thẻ vpbank visa prime platinum debit""","=""20""","=""0""","=""6""","=""Low""","=""false"""
"=""cách làm thẻ tín dụng ghi nợ""","=""20""","=""0.87""","=""7""","=""High""","=""false"""
"=""phân biệt thẻ tín dụng và ghi nợ""","=""20""","=""0.02""","=""8""","=""Medium""","=""false"""
"=""rút tiền từ the visa debit ở nước ngoài""","=""20""","=""0""","=""9""","=""Low""","=""false"""
"=""số thẻ tín dụng ghi nợ""","=""20""","=""0.43""","=""6""","=""Medium""","=""false"""
"=""the debit la gi""","=""20""","=""0""","=""4""","=""Low""","=""false"""
"=""thẻ agribank success""","=""20""","=""0""","=""3""","=""Low""","=""false"""
"=""thẻ autolink vpbank""","=""20""","=""0""","=""3""","=""Low""","=""false"""
"=""thẻ debit diamond vpbank""","=""20""","=""0""","=""4""","=""Low""","=""false"""
"=""thẻ debit visa vietcombank""","=""20""","=""0""","=""4""","=""Low""","=""false"""
"=""thẻ tín dụng ghi nợ vietcombank""","=""20""","=""0""","=""6""","=""Low""","=""false"""
"=""thẻ vietcombank connect24 visa ecard""","=""20""","=""0""","=""5""","=""Low""","=""false"""
"=""thẻ visa debit platinum vietcombank""","=""20""","=""0""","=""5""","=""Low""","=""true"""
"=""thẻ visa ghi nợ""","=""20""","=""0.31""","=""4""","=""Low""","=""true"""
"=""thẻ visa ghi nợ vietcombank""","=""20""","=""0""","=""5""","=""Low""","=""false"""
"=""thẻ vpbank visa platinum travel miles debit""","=""20""","=""0""","=""7""","=""Low""","=""false"""
"=""tài khoản ghi nợ""","=""20""","=""0.33""","=""4""","=""Low""","=""false"""
"=""vietcombank visa debit platinum""","=""20""","=""0""","=""4""","=""Low""","=""false"""
"=""mở thẻ tín dụng ghi nợ""","=""10""","=""0.62""","=""6""","=""High""","=""false"""
"=""làm thẻ tín dụng ghi nợ""","=""10""","=""0.75""","=""6""","=""Medium""","=""false"""
"=""autolink vpbank""","=""10""","=""0""","=""2""","=""Low""","=""false"""
"=""bidv mastercard platinum debit""","=""10""","=""0""","=""4""","=""Low""","=""false"""
"=""connect24 vietcombank""","=""10""","=""0""","=""2""","=""Low""","=""false"""
"=""credit card và debit card khác nhau""","=""10""","=""0""","=""7""","=""Low""","=""true"""
"=""credit và debit khác nhau""","=""10""","=""0""","=""5""","=""Low""","=""false"""
"=""cách ghi nợ thẻ visa""","=""10""","=""0""","=""5""","=""Low""","=""false"""
"=""cách sử dụng debit card""","=""10""","=""0""","=""5""","=""Low""","=""false"""
"=""ghi no""","=""10""","=""0""","=""2""","=""Low""","=""false"""
"=""ghi nợ nội địa""","=""10""","=""0""","=""4""","=""Low""","=""false"""
"=""ghi nợ nội địa là sao""","=""10""","=""0""","=""6""","=""Low""","=""false"""
"=""ghi nợ quốc tế""","=""10""","=""0""","=""4""","=""Low""","=""false"""
"=""ghi nợ quốc tế và nội địa""","=""10""","=""0""","=""7""","=""Low""","=""false"""
"=""ghi nợ thẻ tín dụng""","=""10""","=""0""","=""5""","=""Low""","=""false"""
"=""ghi nợ tài khoản ngân hàng""","=""10""","=""0""","=""6""","=""Low""","=""false"""
"=""gnnđ""","=""10""","=""0""","=""1""","=""Low""","=""false"""
"=""hạn mức the visa debit acb""","=""10""","=""0""","=""6""","=""Low""","=""false"""
"=""khác nhau giữa visa debit và visa credit""","=""10""","=""0""","=""8""","=""Low""","=""false"""
"=""làm thẻ debit acb""","=""10""","=""0""","=""4""","=""Low""","=""false"""
"=""làm thẻ debit bidv""","=""10""","=""0""","=""4""","=""Low""","=""false"""
"=""làm thẻ debit vietcombank""","=""10""","=""0""","=""4""","=""Low""","=""false"""
"=""làm thẻ mastercard debit""","=""10""","=""0""","=""4""","=""Medium""","=""false"""
"=""làm thẻ visa ghi nợ""","=""10""","=""0""","=""5""","=""High""","=""false"""
"=""làm thẻ visa ghi nợ vietcombank""","=""10""","=""0""","=""6""","=""Low""","=""false"""
"=""mastercard debit platinum sendo""","=""10""","=""0""","=""4""","=""Low""","=""false"""
"=""mở thẻ debit vietcombank""","=""10""","=""0.61""","=""4""","=""Low""","=""true"""
"=""nên mở thẻ tín dụng hay ghi nợ""","=""10""","=""0.11""","=""8""","=""Medium""","=""false"""
"=""phân biệt thẻ atm và thẻ tín dụng""","=""10""","=""0""","=""8""","=""Low""","=""false"""
"=""techcombank debit visa platinum""","=""10""","=""0""","=""4""","=""Low""","=""false"""
"=""thanh toán bằng thẻ debit""","=""10""","=""0""","=""5""","=""Low""","=""false"""
"=""thanh toán quốc tế bằng thẻ visa debit""","=""10""","=""0""","=""8""","=""Low""","=""false"""
"=""the debit vpbank""","=""10""","=""0""","=""3""","=""Low""","=""false"""
"=""the tin dung ghi no""","=""10""","=""0""","=""5""","=""Low""","=""false"""
"=""the vietcombank connect24""","=""10""","=""0""","=""3""","=""Low""","=""false"""
"=""the visa debit bidv""","=""10""","=""0""","=""4""","=""Low""","=""false"""
"=""the visa debit platinum techcombank""","=""10""","=""0""","=""5""","=""Low""","=""false"""
"=""the visa debit platinum vpbank""","=""10""","=""0""","=""5""","=""Low""","=""false"""
"=""the visa debit vietcombank có ghi nợ được không""","=""10""","=""0""","=""9""","=""Low""","=""false"""
"=""the visa debit vietinbank""","=""10""","=""0""","=""4""","=""Low""","=""false"""
"=""the visa platinum vietinbank sống khỏe""","=""10""","=""0""","=""6""","=""Low""","=""false"""
"=""thẻ acb visa debit cashback""","=""10""","=""0""","=""5""","=""Low""","=""false"""
"=""thẻ atm ghi nợ""","=""10""","=""0""","=""4""","=""Low""","=""false"""
"=""thẻ atm là thẻ tín dụng hay ghi nợ""","=""10""","=""0""","=""9""","=""Medium""","=""false"""
"=""thẻ bidv nội địa""","=""10""","=""0""","=""4""","=""Low""","=""false"""
"=""thẻ connect24 visa""","=""10""","=""0""","=""3""","=""Low""","=""false"""
"=""thẻ credit và thẻ debit""","=""10""","=""0""","=""5""","=""Low""","=""false"""
"=""thẻ debit agribank""","=""10""","=""0""","=""3""","=""Low""","=""false"""
"=""thẻ debit card vietcombank""","=""10""","=""0""","=""4""","=""Low""","=""false"""
"=""thẻ debit jcb""","=""10""","=""0""","=""3""","=""Low""","=""false"""
"=""thẻ debit là sao""","=""10""","=""0""","=""4""","=""Low""","=""false"""
"=""thẻ debit platinum""","=""10""","=""0""","=""3""","=""Low""","=""false"""
"=""thẻ debit quốc tế""","=""10""","=""0""","=""4""","=""Low""","=""false"""
"=""thẻ diamond platinum debit vpbank""","=""10""","=""0""","=""5""","=""Low""","=""false"""
"=""thẻ ghi có""","=""10""","=""0""","=""3""","=""Low""","=""false"""
"=""thẻ gnnđ""","=""10""","=""0""","=""2""","=""Low""","=""false"""
"=""thẻ mb bank ghi nợ nội địa""","=""10""","=""0""","=""7""","=""Low""","=""false"""
"=""thẻ mb ghi nợ quốc tế""","=""10""","=""0""","=""6""","=""Low""","=""false"""
"=""thẻ mc titanium cashback debit vpbank""","=""10""","=""0""","=""6""","=""Low""","=""false"""
"=""thẻ ngân hàng ghi nợ""","=""10""","=""0""","=""5""","=""Low""","=""false"""
"=""thẻ nội địa active plus""","=""10""","=""0""","=""5""","=""Low""","=""false"""
"=""thẻ nội địa bidv""","=""10""","=""0""","=""4""","=""Low""","=""false"""
"=""thẻ nợ""","=""10""","=""0.21""","=""2""","=""Low""","=""true"""
"=""thẻ nợ ngân hàng""","=""10""","=""0""","=""4""","=""Low""","=""false"""
"=""thẻ quốc tế mb visa debit""","=""10""","=""0""","=""6""","=""Low""","=""false"""
"=""thẻ quốc tế vpbank visa prime platinum debit""","=""10""","=""0""","=""8""","=""Low""","=""false"""
"=""thẻ tín dụng credit và debit""","=""10""","=""0""","=""6""","=""Low""","=""false"""
"=""thẻ tín dụng ghi nợ mb bank""","=""10""","=""1.03""","=""7""","=""Medium""","=""false"""
"=""thẻ tín dụng ghi nợ quốc tế""","=""10""","=""0""","=""7""","=""Low""","=""false"""
"=""thẻ tín dụng ghi nợ shopee""","=""10""","=""0""","=""6""","=""Low""","=""false"""
"=""thẻ tín dụng ghi nợ techcombank""","=""10""","=""0""","=""6""","=""Low""","=""false"""
"=""thẻ tín dụng ghi nợ trên shopee""","=""10""","=""0""","=""7""","=""Low""","=""false"""
"=""thẻ tín dụng hoặc ghi nợ""","=""10""","=""0""","=""6""","=""Low""","=""false"""
"=""thẻ tín dụng vietcombank connect24""","=""10""","=""0""","=""5""","=""Low""","=""false"""
"=""thẻ vay nợ""","=""10""","=""0""","=""3""","=""Low""","=""false"""
"=""thẻ vay nợ bidv""","=""10""","=""0""","=""4""","=""Low""","=""false"""
"=""thẻ vay nợ vietcombank""","=""10""","=""0""","=""4""","=""Low""","=""false"""
"=""thẻ vcb visa connect 24""","=""10""","=""0""","=""5""","=""Low""","=""false"""
"=""thẻ vcb visa connect24 ecard""","=""10""","=""0""","=""5""","=""Low""","=""false"""
"=""thẻ vcb visa debit platinum ecard""","=""10""","=""0""","=""6""","=""Low""","=""false"""
"=""thẻ vietcombank cashback plus american express""","=""10""","=""0""","=""6""","=""Low""","=""false"""
"=""thẻ visa connect24""","=""10""","=""0""","=""3""","=""Low""","=""false"""
"=""thẻ visa connect24 vietcombank""","=""10""","=""0""","=""4""","=""Low""","=""false"""
"=""thẻ visa có ghi nợ được không""","=""10""","=""0""","=""7""","=""Low""","=""false"""
"=""thẻ visa debit cashback acb""","=""10""","=""0""","=""5""","=""Low""","=""false"""
"=""thẻ visa debit có ghi nợ được không""","=""10""","=""0""","=""8""","=""Low""","=""false"""
"=""thẻ visa debit và credit""","=""10""","=""0.01""","=""5""","=""Low""","=""true"""
"=""thẻ visa ghi nợ quốc tế""","=""10""","=""0""","=""6""","=""Low""","=""false"""
"=""thẻ visa ghi nợ techcombank""","=""10""","=""0""","=""5""","=""Low""","=""false"""
"=""thẻ visa sacombank có ghi nợ được không""","=""10""","=""0""","=""8""","=""Low""","=""false"""
"=""thẻ visa sacombank debit có ghi nợ được không""","=""10""","=""0""","=""9""","=""Low""","=""false"""
"=""thẻ visa techcombank có ghi nợ được không""","=""10""","=""0""","=""8""","=""Low""","=""false"""
"=""thẻ vpbank autolink""","=""10""","=""0""","=""3""","=""Low""","=""true"""
"=""tài khoản ghi nợ vietcombank""","=""10""","=""0""","=""5""","=""Low""","=""false"""
"=""tín dụng và ghi nợ""","=""10""","=""0""","=""5""","=""Low""","=""false"""
"=""vcb connect24 ecard""","=""10""","=""0""","=""3""","=""Low""","=""false"""
"=""vcb visa connect24""","=""10""","=""0""","=""3""","=""Low""","=""false"""
"=""vcb visa connect24 card""","=""10""","=""0""","=""4""","=""Low""","=""false"""
"=""vcb visa connect24 ecard""","=""10""","=""0""","=""4""","=""Low""","=""false"""
"=""vcb visa debit platinum ecard""","=""10""","=""0""","=""5""","=""Low""","=""false"""
"=""vietcombank connect24 visa debit""","=""10""","=""0""","=""4""","=""Low""","=""false"""
"=""vietcombank connect24 visa ecard""","=""10""","=""0""","=""4""","=""Low""","=""false"""
"=""vietcombank visa connect24""","=""10""","=""0""","=""3""","=""Low""","=""false"""
"=""vietcombank visa connect24 ecard""","=""10""","=""0""","=""4""","=""Low""","=""false"""
"=""visa connect24""","=""10""","=""0""","=""2""","=""Low""","=""false"""
"=""visa connect24 ecard""","=""10""","=""0""","=""3""","=""Low""","=""false"""
"=""visa connect24 vietcombank""","=""10""","=""0""","=""3""","=""Low""","=""false"""
"=""visa debit platinum acb""","=""10""","=""0""","=""4""","=""Low""","=""false"""
"=""visa ghi nợ""","=""10""","=""0""","=""3""","=""Low""","=""false"""
"=""thẻ atm ghi nợ nội địa là gì""","=""10""","=""0""","=""8""","=""Low""","=""false"""
"=""thẻ tín dụng ghi nợ trên iphone""","=""10""","=""0""","=""7""","=""Low""","=""false"""
"=""thẻ tín dụng ghi nợ trên shopee là gì""","=""10""","=""0.54""","=""9""","=""Low""","=""false"""
"=""thẻ visa có ghi nợ không""","=""10""","=""0""","=""6""","=""Low""","=""false"""
"=""thẻ tín dụng ghi nợ free""","=""10""","=""0.57""","=""6""","=""Medium""","=""true"""
"=""nên làm visa debit của ngân hàng nào""","=""0""","=""0""","=""8""","=""Low""","=""false"""
"=""the visa debit classic mb bank""","=""0""","=""0""","=""6""","=""Low""","=""false"""
"=""thẻ premium vietinbank nội địa""","=""0""","=""0""","=""5""","=""Low""","=""false"""
"=""thẻ visa connect24 ecard""","=""0""","=""0""","=""4""","=""Low""","=""false"""
"=""thẻ visa debit techcombank có ghi nợ được không""","=""0""","=""0""","=""9""","=""Low""","=""false"""
"=""thẻ tín dụng ghi nợ app store""","=""0""","=""0""","=""7""","=""Low""","=""false"""
"=""số thẻ tín dụng ghi nợ free""","=""0""","=""0""","=""7""","=""Low""","=""false"""
"=""thẻ tín dụng ghi nợ có bao nhiêu số""","=""0""","=""0""","=""9""","=""Low""","=""false"""
