Keyword,Volume,CPC,Word count,PPC Competition,Trending
"=""tính lương gross sang net""","=""5400""","=""0.03""","=""5""","=""Medium""","=""false"""
"=""tính lương""","=""1600""","=""0.01""","=""2""","=""Low""","=""true"""
"=""tính lương net""","=""1300""","=""0.03""","=""3""","=""Medium""","=""false"""
"=""tính luong gross net""","=""880""","=""0.01""","=""4""","=""Low""","=""false"""
"=""tính lương hưu""","=""880""","=""0.02""","=""3""","=""Low""","=""false"""
"=""tinh luong gross ra net""","=""720""","=""0.01""","=""5""","=""Low""","=""false"""
"=""tính lương net sang gross""","=""590""","=""0.03""","=""5""","=""Medium""","=""false"""
"=""tính lương gross""","=""590""","=""0.02""","=""3""","=""Low""","=""false"""
"=""tinh luong gross""","=""590""","=""0.02""","=""3""","=""Low""","=""false"""
"=""tinh luong net sang gross""","=""590""","=""0.03""","=""5""","=""Medium""","=""false"""
"=""tính lương gross sang net 2026""","=""590""","=""0.01""","=""6""","=""Low""","=""false"""
"=""tính lương gross net""","=""390""","=""0.02""","=""4""","=""Medium""","=""false"""
"=""tính lương hưu online""","=""390""","=""0""","=""4""","=""Low""","=""false"""
"=""tinh luong net gross""","=""320""","=""0.01""","=""4""","=""Low""","=""false"""
"=""tinh luong""","=""320""","=""0.01""","=""2""","=""Low""","=""false"""
"=""tính lương tháng 13""","=""320""","=""0""","=""4""","=""Low""","=""false"""
"=""tính lương hưu như thế nào""","=""320""","=""0""","=""6""","=""Low""","=""true"""
"=""tinh luong net""","=""260""","=""0.01""","=""3""","=""Low""","=""false"""
"=""tính lương hưu bhxh""","=""260""","=""0""","=""4""","=""Low""","=""false"""
"=""tính lương giáo viên""","=""260""","=""0""","=""4""","=""Low""","=""true"""
"=""tính lương gross và net""","=""210""","=""0.03""","=""5""","=""Medium""","=""false"""
"=""tính lương online""","=""210""","=""0.11""","=""3""","=""Low""","=""true"""
"=""tính lương tăng ca""","=""210""","=""0""","=""4""","=""Low""","=""false"""
"=""tính lương bảo hiểm xã hội""","=""170""","=""0""","=""6""","=""Low""","=""false"""
"=""tính lương hưu bảo hiểm xã hội""","=""170""","=""0""","=""7""","=""Low""","=""false"""
"=""tính lương net gross""","=""170""","=""0.03""","=""4""","=""Medium""","=""false"""
"=""tính lương net 2026""","=""170""","=""0.01""","=""4""","=""Low""","=""false"""
"=""tính lương 2026""","=""170""","=""0.02""","=""3""","=""Low""","=""false"""
"=""tính luong van su""","=""140""","=""0.01""","=""4""","=""Low""","=""false"""
"=""tính lương cơ bản""","=""140""","=""0""","=""4""","=""Low""","=""false"""
"=""tính lương sau thuế""","=""140""","=""0.01""","=""4""","=""Low""","=""false"""
"=""tính lương fo4""","=""140""","=""0""","=""3""","=""Low""","=""false"""
"=""tinh luong gross sang net""","=""110""","=""0.01""","=""5""","=""Low""","=""false"""
"=""tinh luong net tu gross""","=""110""","=""0.03""","=""5""","=""Medium""","=""false"""
"=""tính lương net từ gross""","=""110""","=""0.03""","=""5""","=""Medium""","=""false"""
"=""tính lương thực nhận""","=""110""","=""0.01""","=""4""","=""Low""","=""false"""
"=""tính lương thất nghiệp""","=""110""","=""0.01""","=""4""","=""Low""","=""false"""
"=""tính lương mới""","=""110""","=""0.01""","=""3""","=""Low""","=""true"""
"=""tính lương fco""","=""110""","=""0""","=""3""","=""Low""","=""false"""
"=""tính lương tham khảo""","=""110""","=""0.33""","=""4""","=""Low""","=""true"""
"=""tính lương theo nghị định 182""","=""110""","=""0""","=""6""","=""Low""","=""true"""
"=""tính luong""","=""90""","=""0""","=""2""","=""Low""","=""false"""
"=""tính lương bhxh""","=""90""","=""0""","=""3""","=""Low""","=""false"""
"=""tính lương bảo hiểm thất nghiệp""","=""90""","=""0.01""","=""6""","=""Low""","=""false"""
"=""tính lương topcv""","=""90""","=""0.01""","=""3""","=""Low""","=""true"""
"=""tính lương giáo viên online""","=""90""","=""0""","=""5""","=""Low""","=""true"""
"=""tính lương tham khảo theo nghị định 182""","=""90""","=""0""","=""8""","=""Low""","=""true"""
"=""tinh luong huu""","=""70""","=""0""","=""3""","=""Low""","=""false"""
"=""tính lương gross to net""","=""70""","=""0.02""","=""5""","=""Low""","=""true"""
"=""tính lương làm thêm giờ""","=""70""","=""0""","=""5""","=""Low""","=""false"""
"=""tính lương net và gross""","=""70""","=""0.03""","=""5""","=""Medium""","=""false"""
"=""tính lương giáo viên tiểu học""","=""70""","=""0""","=""6""","=""Low""","=""true"""
"=""tính lương ngày lễ""","=""70""","=""0""","=""4""","=""Low""","=""false"""
"=""tính lương thai sản""","=""70""","=""0""","=""4""","=""Low""","=""false"""
"=""tính lương giáo viên 2026""","=""70""","=""0""","=""5""","=""Low""","=""false"""
"=""tinh luong gross qua net""","=""50""","=""0.02""","=""5""","=""Low""","=""false"""
"=""tính lương bhxh 1 lần""","=""50""","=""0""","=""5""","=""Low""","=""false"""
"=""tính lương ca đêm""","=""50""","=""0""","=""4""","=""Low""","=""false"""
"=""tính lương gross qua net""","=""50""","=""0.02""","=""5""","=""Low""","=""false"""
"=""tính lương gross ra net""","=""50""","=""0.03""","=""5""","=""Low""","=""false"""
"=""tính lương theo giờ""","=""50""","=""0""","=""4""","=""Low""","=""false"""
"=""tính lương tháng 13 online""","=""50""","=""0""","=""5""","=""Low""","=""false"""
"=""tính lương thử việc""","=""50""","=""0""","=""4""","=""Low""","=""false"""
"=""tính lương giáo viên mầm non""","=""50""","=""0.01""","=""6""","=""Low""","=""false"""
"=""tính lương viên chức""","=""50""","=""0""","=""4""","=""Low""","=""true"""
"=""tính lương mới cho giáo viên""","=""50""","=""0""","=""6""","=""Low""","=""true"""
"=""tính lương hưu thế nào""","=""50""","=""0""","=""5""","=""Low""","=""false"""
"=""tính lương fc""","=""50""","=""0""","=""3""","=""Low""","=""false"""
"=""tính lương thai sản 2026""","=""50""","=""0""","=""5""","=""Low""","=""false"""
"=""tính lương hưu bảo hiểm xã hội online""","=""50""","=""0""","=""8""","=""Low""","=""false"""
"=""tính lương mới 2026""","=""50""","=""0""","=""4""","=""Low""","=""true"""
"=""tính lương công an""","=""40""","=""0""","=""4""","=""Low""","=""false"""
"=""tính lương công chức""","=""40""","=""0""","=""4""","=""Low""","=""true"""
"=""tính lương công nhân""","=""40""","=""0""","=""4""","=""Low""","=""false"""
"=""tính lương gross sang net vietnamwork""","=""40""","=""0""","=""6""","=""Low""","=""false"""
"=""tính lương gross từ lương net""","=""40""","=""0.02""","=""6""","=""Medium""","=""false"""
"=""tính lương nghỉ hưu""","=""40""","=""0""","=""4""","=""Low""","=""true"""
"=""tính lương nhân viên""","=""40""","=""0""","=""4""","=""Low""","=""false"""
"=""tính lương quân đội""","=""40""","=""0""","=""4""","=""Low""","=""false"""
"=""tính lương theo hệ số""","=""40""","=""0""","=""5""","=""Low""","=""true"""
"=""tính lương tháng""","=""40""","=""0""","=""3""","=""Low""","=""false"""
"=""tính lương từ gross sang net""","=""40""","=""0.03""","=""6""","=""Low""","=""false"""
"=""tính lương trong excel""","=""40""","=""0""","=""4""","=""Low""","=""false"""
"=""tính lương ot""","=""40""","=""0""","=""3""","=""Low""","=""false"""
"=""tính lương net sang gross 2026""","=""40""","=""0.01""","=""6""","=""Low""","=""true"""
"=""tính lương online 2026""","=""40""","=""0.14""","=""4""","=""Low""","=""true"""
"=""tính lương sau thuế 2026""","=""40""","=""0.01""","=""5""","=""Low""","=""false"""
"=""tính lương hưu 2026""","=""40""","=""0""","=""4""","=""Low""","=""true"""
"=""tinh luong gross to net""","=""30""","=""0.01""","=""5""","=""Low""","=""false"""
"=""tinh luong online""","=""30""","=""0.01""","=""3""","=""Low""","=""false"""
"=""tinh luong topcv""","=""30""","=""0.01""","=""3""","=""Low""","=""false"""
"=""tính lương bảo hiểm""","=""30""","=""0.01""","=""4""","=""Low""","=""false"""
"=""tính lương bộ đội""","=""30""","=""0""","=""4""","=""Low""","=""false"""
"=""tính lương hưu bhxh tự nguyện""","=""30""","=""0""","=""6""","=""Low""","=""false"""
"=""tính lương net online""","=""30""","=""0.03""","=""4""","=""Low""","=""false"""
"=""tính lương net qua gross""","=""30""","=""0.02""","=""5""","=""Medium""","=""false"""
"=""tính lương net ra gross""","=""30""","=""0.02""","=""5""","=""Low""","=""false"""
"=""tính lương net từ lương gross""","=""30""","=""0.03""","=""6""","=""Medium""","=""false"""
"=""tính lương thưởng tháng 13""","=""30""","=""0""","=""5""","=""Low""","=""false"""
"=""tính lương van su""","=""30""","=""0.01""","=""4""","=""Low""","=""false"""
"=""tính lương về hưu""","=""30""","=""0""","=""4""","=""Low""","=""false"""
"=""tính lương excel""","=""30""","=""0""","=""3""","=""Low""","=""false"""
"=""tính lương ngày chủ nhật""","=""30""","=""0""","=""5""","=""Low""","=""false"""
"=""tính lương cơ sở""","=""30""","=""0""","=""4""","=""Low""","=""false"""
"=""tính lương fc online""","=""30""","=""0""","=""4""","=""Low""","=""false"""
"=""tính lương hưu online free""","=""30""","=""0""","=""5""","=""Low""","=""true"""
"=""tính lương gross sang net từ 1 7 2026""","=""30""","=""0.01""","=""9""","=""Low""","=""true"""
"=""tính lương bảo hiểm 1 lần""","=""30""","=""0""","=""6""","=""Low""","=""false"""
"=""tính lương hưu bhxh online""","=""30""","=""0""","=""5""","=""Low""","=""true"""
"=""tinh luong sau thue""","=""20""","=""0.01""","=""4""","=""Low""","=""false"""
"=""tính lương 3p""","=""20""","=""0.17""","=""3""","=""Low""","=""false"""
"=""tính lương bảo hiểm xã hội 1 lần""","=""20""","=""0""","=""8""","=""Low""","=""false"""
"=""tính lương cho nhân viên""","=""20""","=""0""","=""5""","=""Low""","=""false"""
"=""tính lương gross sang lương net""","=""20""","=""0.03""","=""6""","=""Low""","=""false"""
"=""tính lương gross sang net online""","=""20""","=""0""","=""6""","=""Low""","=""false"""
"=""tính lương gross sang net topcv""","=""20""","=""0""","=""6""","=""Medium""","=""false"""
"=""tính lương gross từ net""","=""20""","=""0.03""","=""5""","=""Medium""","=""false"""
"=""tính lương hưu theo bảo hiểm xã hội""","=""20""","=""0""","=""8""","=""Low""","=""false"""
"=""tính lương net sang gross online""","=""20""","=""0.03""","=""6""","=""Low""","=""false"""
"=""tính lương net to gross""","=""20""","=""0.03""","=""5""","=""Low""","=""false"""
"=""tính lương ngoài giờ""","=""20""","=""0""","=""4""","=""Low""","=""false"""
"=""tính lương nhà nước""","=""20""","=""0""","=""4""","=""Low""","=""false"""
"=""tính lương sĩ quan quân đội""","=""20""","=""0""","=""6""","=""Low""","=""false"""
"=""tính lương theo ngày công thực tế""","=""20""","=""0""","=""7""","=""Low""","=""false"""
"=""tính lương theo sản phẩm""","=""20""","=""0""","=""5""","=""Low""","=""false"""
"=""tính lương thưởng tết""","=""20""","=""0""","=""4""","=""Low""","=""false"""
"=""tính lương trên misa""","=""20""","=""0""","=""4""","=""Low""","=""false"""
"=""tính lương tăng ca đêm""","=""20""","=""0""","=""5""","=""Low""","=""false"""
"=""tính lương từ net sang gross""","=""20""","=""0.03""","=""6""","=""Low""","=""false"""
"=""tính lương đóng bảo hiểm""","=""20""","=""0""","=""5""","=""Low""","=""true"""
"=""tính lương đóng bảo hiểm xã hội""","=""20""","=""0""","=""7""","=""Low""","=""true"""
"=""tính lương cơ bản trong excel""","=""20""","=""0""","=""6""","=""Low""","=""false"""
"=""tính lương đi làm ngày lễ""","=""20""","=""0""","=""6""","=""Low""","=""false"""
"=""tính lương cầu thủ fo4""","=""20""","=""0""","=""5""","=""Low""","=""false"""
"=""tính lương nghỉ thai sản""","=""20""","=""0""","=""5""","=""Low""","=""false"""
"=""tính lương như thế nào""","=""20""","=""0""","=""5""","=""Low""","=""false"""
"=""tính lương trợ cấp thất nghiệp""","=""20""","=""0""","=""6""","=""Low""","=""false"""
"=""tính lương hưu mới nhất""","=""20""","=""0""","=""5""","=""Low""","=""true"""
"=""tính lương vượt khung như thế nào""","=""20""","=""0""","=""7""","=""Low""","=""true"""
"=""tính lương chủ nhật""","=""20""","=""0""","=""4""","=""Low""","=""false"""
"=""tính lương giáo viên mới""","=""20""","=""0""","=""5""","=""Low""","=""true"""
"=""tính lương gross sang net mới nhất""","=""20""","=""0.01""","=""7""","=""Low""","=""false"""
"=""tính lương gross sang net theo năm""","=""20""","=""0.01""","=""7""","=""Low""","=""false"""
"=""tính lương gv""","=""20""","=""0""","=""3""","=""Low""","=""true"""
"=""tính lương hưu hiện nay""","=""20""","=""0""","=""5""","=""Low""","=""false"""
"=""tính lương ot theo luật lao động""","=""20""","=""0""","=""7""","=""Low""","=""true"""
"=""tính lương tự động""","=""20""","=""0.35""","=""4""","=""Medium""","=""false"""
"=""tính lương công ty""","=""20""","=""0.31""","=""4""","=""Low""","=""false"""
"=""tính lương hưu tự động""","=""20""","=""0""","=""5""","=""Low""","=""true"""
"=""tính lương rút bảo hiểm xã hội 1 lần""","=""20""","=""0""","=""9""","=""Low""","=""false"""
"=""tính lương 3p là gì""","=""20""","=""0""","=""5""","=""Low""","=""false"""
"=""tinh luong bao hiem xa hoi""","=""10""","=""0""","=""6""","=""Low""","=""true"""
"=""tinh luong bao hiem xa hoi 1 lan""","=""10""","=""0""","=""8""","=""Low""","=""false"""
"=""tinh luong bhxh""","=""10""","=""0""","=""3""","=""Low""","=""true"""
"=""tinh luong gross va net""","=""10""","=""0""","=""5""","=""Low""","=""false"""
"=""tinh luong huu 2022""","=""10""","=""0""","=""4""","=""Low""","=""false"""
"=""tinh luong net tu luong gross""","=""10""","=""0""","=""6""","=""Low""","=""false"""
"=""tinh luong nhan su""","=""10""","=""0""","=""4""","=""Low""","=""false"""
"=""tinh luong nhan vien""","=""10""","=""0""","=""4""","=""Low""","=""false"""
"=""tinh luong tang ca""","=""10""","=""0""","=""4""","=""Low""","=""false"""
"=""tính luong gross qua net""","=""10""","=""0""","=""5""","=""Low""","=""false"""
"=""tính lương 2021""","=""10""","=""0""","=""3""","=""Low""","=""false"""
"=""tính lương bình quân""","=""10""","=""0""","=""4""","=""Low""","=""false"""
"=""tính lương bình quân khi nghỉ hưu""","=""10""","=""0""","=""7""","=""Low""","=""true"""
"=""tính lương bảo hiểm xã hội một lần""","=""10""","=""0""","=""8""","=""Low""","=""false"""
"=""tính lương cho công nhân""","=""10""","=""0""","=""5""","=""Low""","=""false"""
"=""tính lương cho người nước ngoài""","=""10""","=""0""","=""6""","=""Low""","=""false"""
"=""tính lương cho nhân viên kinh doanh""","=""10""","=""0""","=""7""","=""Low""","=""false"""
"=""tính lương công nhân trực tiếp sản xuất""","=""10""","=""0""","=""8""","=""Low""","=""false"""
"=""tính lương ghtk""","=""10""","=""0""","=""3""","=""Low""","=""false"""
"=""tính lương giao hàng tiết kiệm""","=""10""","=""0""","=""6""","=""Low""","=""false"""
"=""tính lương gross online""","=""10""","=""0""","=""4""","=""Low""","=""false"""
"=""tính lương gross sang net 2020""","=""10""","=""0""","=""6""","=""Low""","=""false"""
"=""tính lương gross sang net 2022""","=""10""","=""0""","=""6""","=""Low""","=""false"""
"=""tính lương gross sang net usd""","=""10""","=""0""","=""6""","=""Low""","=""false"""
"=""tính lương gross và lương net""","=""10""","=""0""","=""6""","=""Low""","=""false"""
"=""tính lương hưu bảo hiểm xã hội tự nguyện""","=""10""","=""0""","=""9""","=""Low""","=""false"""
"=""tính lương hưu năm 2022""","=""10""","=""0""","=""5""","=""Low""","=""false"""
"=""tính lương hưu quân đội""","=""10""","=""0""","=""5""","=""Low""","=""false"""
"=""tính lương hưởng bhxh""","=""10""","=""0""","=""4""","=""Low""","=""false"""
"=""tính lương kpi""","=""10""","=""0""","=""3""","=""Low""","=""false"""
"=""tính lương misa""","=""10""","=""0""","=""3""","=""Low""","=""false"""
"=""tính lương net sang gross 2022""","=""10""","=""0""","=""6""","=""Low""","=""false"""
"=""tính lương net sang lương gross""","=""10""","=""0.02""","=""6""","=""Medium""","=""false"""
"=""tính lương net sau thuế""","=""10""","=""0""","=""5""","=""Medium""","=""false"""
"=""tính lương net và lương gross""","=""10""","=""0""","=""6""","=""Low""","=""false"""
"=""tính lương nhân sự""","=""10""","=""0""","=""4""","=""Low""","=""false"""
"=""tính lương sau thuế online""","=""10""","=""0.01""","=""5""","=""Low""","=""false"""
"=""tính lương sau thuế tncn""","=""10""","=""0""","=""5""","=""Low""","=""false"""
"=""tính lương sản phẩm""","=""10""","=""0""","=""4""","=""Low""","=""false"""
"=""tính lương sản phẩm bằng excel""","=""10""","=""0""","=""6""","=""Low""","=""false"""
"=""tính lương theo doanh thu""","=""10""","=""0""","=""5""","=""Low""","=""false"""
"=""tính lương theo giờ công trong excel""","=""10""","=""0""","=""7""","=""Low""","=""false"""
"=""tính lương theo kpi""","=""10""","=""0""","=""4""","=""Low""","=""false"""
"=""tính lương theo ngày công""","=""10""","=""0""","=""5""","=""Low""","=""false"""
"=""tính lương theo thời gian""","=""10""","=""0""","=""5""","=""Low""","=""false"""
"=""tính lương thuộc""","=""10""","=""0""","=""3""","=""Low""","=""false"""
"=""tính lương tháng 2""","=""10""","=""0""","=""4""","=""Low""","=""false"""
"=""tính lương thực lãnh""","=""10""","=""0.01""","=""4""","=""Low""","=""false"""
"=""tính lương trên phần mềm misa""","=""10""","=""0""","=""6""","=""Low""","=""false"""
"=""tính lương tăng ca 1.5""","=""10""","=""0""","=""5""","=""Low""","=""false"""
"=""tính lương tăng ca ngày lễ""","=""10""","=""0""","=""6""","=""Low""","=""false"""
"=""tính lương từ máy chấm công""","=""10""","=""0""","=""6""","=""Low""","=""false"""
"=""tính lương từ thuế thu nhập cá nhân""","=""10""","=""0""","=""8""","=""Low""","=""false"""
"=""tính lương vansu""","=""10""","=""0""","=""3""","=""Low""","=""false"""
"=""tính lương và các khoản trích theo lương trên misa""","=""10""","=""0""","=""10""","=""Low""","=""false"""
"=""tính lương vượt khung""","=""10""","=""0""","=""4""","=""Low""","=""false"""
"=""tính lương cao nhất trong excel""","=""10""","=""0""","=""6""","=""Low""","=""false"""
"=""tính lương chuyên gia tư vấn""","=""10""","=""0""","=""6""","=""Low""","=""true"""
"=""tính lương cơ bản theo vùng""","=""10""","=""0""","=""6""","=""Low""","=""false"""
"=""tính lương đi làm ngày tết""","=""10""","=""0""","=""6""","=""Low""","=""false"""
"=""tính lương giáo viên thcs""","=""10""","=""0""","=""5""","=""Low""","=""true"""
"=""tính lương theo kpi là gì""","=""10""","=""0""","=""6""","=""Low""","=""false"""
"=""tính lương lễ tết""","=""10""","=""0""","=""4""","=""Low""","=""false"""
"=""tính lương đài loan""","=""10""","=""0""","=""4""","=""Low""","=""false"""
"=""tính lương tăng ca đài loan""","=""10""","=""0""","=""6""","=""Low""","=""false"""
"=""tính lương phép năm""","=""10""","=""0""","=""4""","=""Low""","=""false"""
"=""tính lương ronaldo""","=""10""","=""0""","=""3""","=""Low""","=""false"""
"=""tính lương tiếng anh là gì""","=""10""","=""0""","=""6""","=""Low""","=""false"""
"=""tính lương trừ bảo hiểm""","=""10""","=""0""","=""5""","=""Low""","=""false"""
"=""tính lương trung bình trong excel""","=""10""","=""0""","=""6""","=""Low""","=""false"""
"=""tính lương youtube""","=""10""","=""0""","=""3""","=""Low""","=""false"""
"=""tính lương làm ca đêm""","=""10""","=""0""","=""5""","=""Low""","=""false"""
"=""tính lương làm đêm""","=""10""","=""0""","=""4""","=""Low""","=""false"""
"=""tính lương làm thêm giờ ban đêm""","=""10""","=""0""","=""7""","=""Low""","=""false"""
"=""tính lương làm thêm giờ như thế nào""","=""10""","=""0""","=""8""","=""Low""","=""true"""
"=""tính lương làm thêm""","=""10""","=""0""","=""4""","=""Low""","=""false"""
"=""tính lương làm thêm ngày chủ nhật""","=""10""","=""0""","=""7""","=""Low""","=""false"""
"=""tính lương làm thêm ban đêm""","=""10""","=""0""","=""6""","=""Low""","=""false"""
"=""tính lương mới nhất""","=""10""","=""0""","=""4""","=""Low""","=""true"""
"=""tính lương và các khoản trích theo lương""","=""10""","=""0""","=""8""","=""Low""","=""false"""
"=""tính lương ở nhật""","=""10""","=""0""","=""4""","=""Low""","=""false"""
"=""tính lương tài xế theo chuyến""","=""10""","=""0""","=""6""","=""Low""","=""false"""
"=""tính lương tháng 31 ngày""","=""10""","=""0""","=""5""","=""Low""","=""false"""
"=""tính lương hưu online app""","=""10""","=""0""","=""5""","=""Low""","=""true"""
"=""tính lương theo biểu thuế mới""","=""10""","=""0""","=""6""","=""Low""","=""false"""
"=""tính lương bh thất nghiệp""","=""10""","=""0.01""","=""5""","=""Low""","=""false"""
"=""tính lương bhxh rút 1 lần""","=""10""","=""0.01""","=""6""","=""Low""","=""true"""
"=""tính lương bhxh online""","=""10""","=""0""","=""4""","=""Low""","=""true"""
"=""tính lương bhxh 2026""","=""10""","=""0""","=""4""","=""Low""","=""false"""
"=""tính lương cho tôi""","=""10""","=""0""","=""4""","=""Low""","=""true"""
"=""tính lương cho người lao động""","=""10""","=""0""","=""6""","=""Low""","=""false"""
"=""tính lương cơ bản 2025""","=""10""","=""0""","=""5""","=""Low""","=""false"""
"=""tính lương cơ bản theo hệ số""","=""10""","=""0""","=""7""","=""Low""","=""false"""
"=""tính lương hưu 5 năm cuối""","=""10""","=""0""","=""6""","=""Low""","=""false"""
"=""tính lương đi làm ngày nghỉ bù lễ""","=""10""","=""0""","=""8""","=""Low""","=""false"""
"=""tính lương trong excel dùng hàm gì""","=""10""","=""0""","=""7""","=""Low""","=""false"""
"=""tính lương fifa""","=""10""","=""0""","=""3""","=""Low""","=""false"""
"=""tính lương giúp tôi""","=""10""","=""0""","=""4""","=""Low""","=""true"""
"=""tính lương giáo viên mới nhất""","=""10""","=""0""","=""6""","=""Low""","=""true"""
"=""tính lương gv mới""","=""10""","=""0""","=""4""","=""Low""","=""true"""
"=""tính lương gv thcs""","=""10""","=""0""","=""4""","=""Low""","=""true"""
"=""tính lương gv năm 2026""","=""10""","=""0""","=""5""","=""Low""","=""false"""
"=""tính lương hệ số""","=""10""","=""0""","=""4""","=""Low""","=""true"""
"=""tính lương lễ 2 9""","=""10""","=""0""","=""5""","=""Low""","=""false"""
"=""tính lương lễ 2 9 2024""","=""10""","=""0""","=""6""","=""Low""","=""false"""
"=""tính lương đài loan 2026""","=""10""","=""0""","=""5""","=""Low""","=""false"""
"=""tính lương đài loan 2025""","=""10""","=""0""","=""5""","=""Low""","=""false"""
"=""tính lương tăng ca đài loan 2025""","=""10""","=""0""","=""7""","=""Low""","=""false"""
"=""tính lương theo luật mới""","=""10""","=""0""","=""5""","=""Low""","=""true"""
"=""tính lương netto ở đức""","=""10""","=""0""","=""5""","=""Low""","=""false"""
"=""tính lương nghị định 182""","=""10""","=""0""","=""5""","=""Low""","=""true"""
"=""tính lương ngày""","=""10""","=""0""","=""3""","=""Low""","=""false"""
"=""tính lương ngày nghỉ lễ tết""","=""10""","=""0""","=""6""","=""Low""","=""false"""
"=""tính lương mầm non""","=""10""","=""0""","=""4""","=""Low""","=""true"""
"=""tính lương giáo viên mầm non từ 1 1 2026""","=""10""","=""0""","=""10""","=""Low""","=""false"""
"=""tính lương gross ra net 2026""","=""10""","=""0""","=""6""","=""Low""","=""false"""
"=""tính lương sau trừ thuế""","=""10""","=""0""","=""5""","=""Low""","=""false"""
"=""tính lương tiếng trung là gì""","=""10""","=""0""","=""6""","=""Low""","=""false"""
"=""tính lương net topcv""","=""10""","=""0""","=""4""","=""Low""","=""false"""
"=""tính lương gross to net 2026""","=""10""","=""0""","=""6""","=""Low""","=""false"""
"=""tính lương thuế tncn""","=""10""","=""0""","=""4""","=""Low""","=""false"""
"=""tính lương trực tuyến""","=""10""","=""0""","=""4""","=""Low""","=""true"""
"=""tính lương từ 1 7 2026""","=""10""","=""0""","=""6""","=""Low""","=""false"""
"=""tính lương từ 1 1 2026""","=""10""","=""0""","=""6""","=""Low""","=""false"""
"=""tính lương từ 1 7 2025""","=""10""","=""0""","=""6""","=""Low""","=""false"""
"=""tính lương từ 1 7""","=""10""","=""0""","=""5""","=""Low""","=""false"""
"=""tính lương về hưu trước tuổi""","=""10""","=""0""","=""6""","=""Low""","=""false"""
"=""tính lương viên chức 2026""","=""10""","=""0""","=""5""","=""Low""","=""false"""
"=""tính lương bảo hiểm thất nghiệp 2026""","=""10""","=""0.01""","=""7""","=""Low""","=""false"""
"=""tính lương bác sĩ""","=""10""","=""0""","=""4""","=""Low""","=""false"""
"=""tính lương công an 2026""","=""10""","=""0""","=""5""","=""Low""","=""false"""
"=""tính lương hưu cho người lao động""","=""10""","=""0""","=""7""","=""Low""","=""true"""
"=""tính lương dùng hàm gì""","=""10""","=""0""","=""5""","=""Low""","=""false"""
"=""tính lương mới online""","=""10""","=""0""","=""4""","=""Low""","=""true"""
"=""tính lương 182""","=""10""","=""0""","=""3""","=""Low""","=""true"""
"=""tính lương 1 tháng bao nhiêu ngày""","=""10""","=""0""","=""7""","=""Low""","=""false"""
"=""tính lương 13""","=""10""","=""0""","=""3""","=""Low""","=""false"""
"=""tính lương 1 7""","=""10""","=""0""","=""4""","=""Low""","=""false"""
"=""tính lương 2026 online""","=""10""","=""0""","=""4""","=""Low""","=""false"""
"=""tính lương 2025""","=""10""","=""0""","=""3""","=""Low""","=""false"""
"=""tính lương 2 9""","=""10""","=""0""","=""4""","=""Low""","=""false"""
"=""tính lương ngày lễ 30 4""","=""10""","=""0""","=""6""","=""Low""","=""false"""
"=""tính lương ngày 2 9""","=""10""","=""0""","=""5""","=""Low""","=""false"""
"=""tính lương nghỉ lễ 2 9""","=""10""","=""0""","=""6""","=""Low""","=""false"""
"=""tính lương tết như thế nào""","=""10""","=""0""","=""6""","=""Low""","=""false"""
"=""tính lương tăng ca như nào""","=""10""","=""0""","=""6""","=""Low""","=""false"""
"=""tính lương tháng 7""","=""10""","=""0""","=""4""","=""Low""","=""true"""
"=""tính lương sau 1 7 2026""","=""10""","=""0""","=""6""","=""Low""","=""true"""
"=""tính lương hưu 2022""","=""0""","=""0""","=""4""","=""Low""","=""false"""
"=""tính lương hưu năm 2021""","=""0""","=""0""","=""5""","=""Low""","=""false"""
"=""tính lương net sang gross 2020""","=""0""","=""0""","=""6""","=""Low""","=""false"""
"=""tính lương adecco""","=""0""","=""0""","=""3""","=""Low""","=""false"""
"=""tính lương gross net adecco""","=""0""","=""0""","=""5""","=""Low""","=""false"""
"=""tính lương gross sang net adecco""","=""0""","=""0""","=""6""","=""Low""","=""false"""
"=""tính lương bằng ai""","=""0""","=""0""","=""4""","=""Low""","=""false"""
"=""tính lương amis kế toán""","=""0""","=""0""","=""5""","=""Low""","=""false"""
"=""tính lương amis""","=""0""","=""0""","=""3""","=""Low""","=""false"""
"=""tính lương misa amis""","=""0""","=""0""","=""4""","=""Low""","=""false"""
"=""tính lương gross and net""","=""0""","=""0""","=""5""","=""Low""","=""false"""
"=""tính lương app""","=""0""","=""0""","=""3""","=""Low""","=""false"""
"=""tính lương giáo viên app""","=""0""","=""0""","=""5""","=""Low""","=""false"""
"=""tính lương ban đêm""","=""0""","=""0""","=""4""","=""Low""","=""false"""
"=""tính lương tháng bao nhiêu ngày""","=""0""","=""0""","=""6""","=""Low""","=""false"""
"=""tính lương hưu bao nhiêu năm cuối""","=""0""","=""0""","=""7""","=""Low""","=""false"""
"=""tính lương làm ban đêm""","=""0""","=""0""","=""5""","=""Low""","=""false"""
"=""tính lương biên giới""","=""0""","=""0""","=""4""","=""Low""","=""false"""
"=""tính lương theo biểu lũy tiến từng phần""","=""0""","=""0""","=""8""","=""Low""","=""false"""
"=""tính lương theo biểu thuế mới 2026""","=""0""","=""0""","=""7""","=""Low""","=""false"""
"=""tính lương net theo biểu thuế mới""","=""0""","=""0""","=""7""","=""Low""","=""false"""
"=""tính lương bh thai sản""","=""0""","=""0""","=""5""","=""Low""","=""false"""
"=""tính lương bhxh thai sản""","=""0""","=""0""","=""5""","=""Low""","=""false"""
"=""tính lương bhxh 2025""","=""0""","=""0""","=""4""","=""Low""","=""false"""
"=""tính lương bhxh tự nguyện""","=""0""","=""0""","=""5""","=""Low""","=""false"""
"=""tính lương bộ đội 2025""","=""0""","=""0""","=""5""","=""Low""","=""false"""
"=""tính lương bộ đội 2026""","=""0""","=""0""","=""5""","=""Low""","=""false"""
"=""tính lương brutto netto""","=""0""","=""0""","=""4""","=""Low""","=""false"""
"=""tính lương hưu bhxh bắt buộc""","=""0""","=""0""","=""6""","=""Low""","=""false"""
"=""tính lương ca đêm ngày thường""","=""0""","=""0""","=""6""","=""Low""","=""false"""
"=""tính lương ca đêm chủ nhật""","=""0""","=""0""","=""6""","=""Low""","=""false"""
"=""tính lương ca đêm ngày lễ""","=""0""","=""0""","=""6""","=""Low""","=""false"""
"=""tính lương ca 12 tiếng""","=""0""","=""0""","=""5""","=""Low""","=""false"""
"=""tính lương cand""","=""0""","=""0""","=""3""","=""Low""","=""false"""
"=""tính lương calo cần nạp""","=""0""","=""0""","=""5""","=""Low""","=""false"""
"=""tính lương calo""","=""0""","=""0""","=""3""","=""Low""","=""false"""
"=""tính lương ca""","=""0""","=""0""","=""3""","=""Low""","=""false"""
"=""tính lương cb trong excel""","=""0""","=""0""","=""5""","=""Low""","=""false"""
"=""tính lương cb""","=""0""","=""0""","=""3""","=""Low""","=""false"""
"=""tính lương cho giáo viên""","=""0""","=""0""","=""5""","=""Low""","=""false"""
"=""tính lương chuyên gia""","=""0""","=""0""","=""4""","=""Low""","=""false"""
"=""tính lương chấm công""","=""0""","=""0""","=""4""","=""Low""","=""false"""
"=""tính lương compal""","=""0""","=""0""","=""3""","=""Low""","=""false"""
"=""tính lương cơ bản đài loan""","=""0""","=""0""","=""6""","=""Low""","=""false"""
"=""tính lương có người phụ thuộc""","=""0""","=""0""","=""6""","=""Low""","=""false"""
"=""tính lương ngày cuối tuần""","=""0""","=""0""","=""5""","=""Low""","=""false"""
"=""tính lương tăng ca cuối tuần""","=""0""","=""0""","=""6""","=""Low""","=""false"""
"=""tính lương hưu mấy năm cuối""","=""0""","=""0""","=""6""","=""Low""","=""false"""
"=""tính lương hưu 8 năm cuối""","=""0""","=""0""","=""6""","=""Low""","=""false"""
"=""tính lương hưu những năm cuối""","=""0""","=""0""","=""6""","=""Low""","=""false"""
"=""tính lương cty""","=""0""","=""0""","=""3""","=""Low""","=""false"""
"=""tính lương cv""","=""0""","=""0""","=""3""","=""Low""","=""false"""
"=""tính lương đi làm ngày chủ nhật""","=""0""","=""0""","=""7""","=""Low""","=""false"""
"=""tính lương đi làm ngày lễ tết""","=""0""","=""0""","=""7""","=""Low""","=""false"""
"=""tính lương đi làm""","=""0""","=""0""","=""4""","=""Low""","=""false"""
"=""tính lương đi làm chủ nhật""","=""0""","=""0""","=""6""","=""Low""","=""false"""
"=""tính lương đi làm ngày nghỉ""","=""0""","=""0""","=""6""","=""Low""","=""false"""
"=""tính lương doanh nghiệp""","=""0""","=""0""","=""4""","=""Low""","=""false"""
"=""tính lương doanh số""","=""0""","=""0""","=""4""","=""Low""","=""false"""
"=""tính lương doanh thu""","=""0""","=""0""","=""4""","=""Low""","=""false"""
"=""tính lương theo doanh số""","=""0""","=""0""","=""5""","=""Low""","=""false"""
"=""tính lương trong excel bằng hàm if""","=""0""","=""0""","=""7""","=""Low""","=""false"""
"=""tính lương fco4""","=""0""","=""0""","=""3""","=""Low""","=""false"""
"=""tính lương cầu thủ fco""","=""0""","=""0""","=""5""","=""Low""","=""false"""
"=""tính lương foxconn""","=""0""","=""0""","=""3""","=""Low""","=""false"""
"=""tính lương đội hình fo4""","=""0""","=""0""","=""5""","=""Low""","=""false"""
"=""tính lương ghn""","=""0""","=""0""","=""3""","=""Low""","=""false"""
"=""tính lương goertek""","=""0""","=""0""","=""3""","=""Low""","=""false"""
"=""tính lương trên google sheet""","=""0""","=""0""","=""5""","=""Low""","=""false"""
"=""tính lương gv tiểu học""","=""0""","=""0""","=""5""","=""Low""","=""false"""
"=""tính lương gvmn""","=""0""","=""0""","=""3""","=""Low""","=""false"""
"=""tính lương gv online""","=""0""","=""0""","=""4""","=""Low""","=""false"""
"=""tính lương gv thpt""","=""0""","=""0""","=""4""","=""Low""","=""false"""
"=""tính lương gv mầm non""","=""0""","=""0""","=""5""","=""Low""","=""false"""
"=""tính lương gross hay net""","=""0""","=""0""","=""5""","=""Low""","=""false"""
"=""tính lương hiện nay""","=""0""","=""0""","=""4""","=""Low""","=""false"""
"=""tính lương hiện hưởng""","=""0""","=""0""","=""4""","=""Low""","=""false"""
"=""tính lương hiện hưởng theo nghị định 178""","=""0""","=""0""","=""8""","=""Low""","=""false"""
"=""tính lương hộ""","=""0""","=""0""","=""3""","=""Low""","=""false"""
"=""tính lương hộ tôi""","=""0""","=""0""","=""4""","=""Low""","=""false"""
"=""tính lương bằng hàm if""","=""0""","=""0""","=""5""","=""Low""","=""false"""
"=""tính lương luxshare ict""","=""0""","=""0""","=""4""","=""Low""","=""false"""
"=""tính lương kế toán""","=""0""","=""0""","=""4""","=""Low""","=""false"""
"=""tính lương kế toán thiên ưng""","=""0""","=""0""","=""6""","=""Low""","=""false"""
"=""tính lương khi về hưu""","=""0""","=""0""","=""5""","=""Low""","=""false"""
"=""tính lương khi nghỉ hưu""","=""0""","=""0""","=""5""","=""Low""","=""false"""
"=""tính lương khoán""","=""0""","=""0""","=""3""","=""Low""","=""false"""
"=""tính lương kiểu gì""","=""0""","=""0""","=""4""","=""Low""","=""false"""
"=""tính lương kinh doanh""","=""0""","=""0""","=""4""","=""Low""","=""false"""
"=""tính lương kiotviet""","=""0""","=""0""","=""3""","=""Low""","=""false"""
"=""tính lương hưu dự kiến""","=""0""","=""0""","=""5""","=""Low""","=""false"""
"=""tính lương lao động""","=""0""","=""0""","=""4""","=""Low""","=""false"""
"=""tính lương là gì""","=""0""","=""0""","=""4""","=""Low""","=""false"""
"=""tính lương là bộ phận nào""","=""0""","=""0""","=""6""","=""Low""","=""false"""
"=""tính lương luật lao động""","=""0""","=""0""","=""5""","=""Low""","=""false"""
"=""tính lương trên lark""","=""0""","=""0""","=""4""","=""Low""","=""false"""
"=""tính lương tai nạn lao động""","=""0""","=""0""","=""6""","=""Low""","=""false"""
"=""tính lương lễ""","=""0""","=""0""","=""3""","=""Low""","=""false"""
"=""tính lương lễ 2 9 2025""","=""0""","=""0""","=""6""","=""Low""","=""false"""
"=""tính lương lễ tết 2025""","=""0""","=""0""","=""5""","=""Low""","=""false"""
"=""tính lương llvt""","=""0""","=""0""","=""3""","=""Low""","=""false"""
"=""tính lương kỹ sư""","=""0""","=""0""","=""4""","=""Low""","=""false"""
"=""tính lương luỹ tiến""","=""0""","=""0""","=""4""","=""Low""","=""false"""
"=""tính lương luxshare""","=""0""","=""0""","=""3""","=""Low""","=""false"""
"=""tính lương theo luật mới 2026""","=""0""","=""0""","=""6""","=""Low""","=""false"""
"=""tính lương theo luật thuế mới""","=""0""","=""0""","=""6""","=""Low""","=""false"""
"=""tính lương trên misa asp""","=""0""","=""0""","=""5""","=""Low""","=""false"""
"=""tính lương trên misa sme""","=""0""","=""0""","=""5""","=""Low""","=""false"""
"=""tính lương mua trung bình""","=""0""","=""0""","=""5""","=""Low""","=""false"""
"=""tính lương hưu nam""","=""0""","=""0""","=""4""","=""Low""","=""false"""
"=""tính lương việt nam""","=""0""","=""0""","=""4""","=""Low""","=""false"""
"=""tính lương net việt nam""","=""0""","=""0""","=""5""","=""Low""","=""false"""
"=""tính lương giáo viên hiện nay""","=""0""","=""0""","=""6""","=""Low""","=""false"""
"=""tính lương sau thuế việt nam""","=""0""","=""0""","=""6""","=""Low""","=""false"""
"=""tính lương tham khảo nd 182""","=""0""","=""0""","=""6""","=""Low""","=""false"""
"=""tính lương nghỉ ốm""","=""0""","=""0""","=""4""","=""Low""","=""false"""
"=""tính lương người phụ thuộc""","=""0""","=""0""","=""5""","=""Low""","=""false"""
"=""tính lương nhận thai sản""","=""0""","=""0""","=""5""","=""Low""","=""false"""
"=""tính lương nhà giáo""","=""0""","=""0""","=""4""","=""Low""","=""false"""
"=""tính lương nhà nước như thế nào""","=""0""","=""0""","=""7""","=""Low""","=""false"""
"=""tính lương giáo viên mầm non hạng 3""","=""0""","=""0""","=""8""","=""Low""","=""false"""
"=""tính lương ntn""","=""0""","=""0""","=""3""","=""Low""","=""false"""
"=""tính lương hưu ntn""","=""0""","=""0""","=""4""","=""Low""","=""false"""
"=""tính lương ốm""","=""0""","=""0""","=""3""","=""Low""","=""false"""
"=""tính lương online giáo viên""","=""0""","=""0""","=""5""","=""Low""","=""false"""
"=""tính lương ot online""","=""0""","=""0""","=""4""","=""Low""","=""false"""
"=""tính lương ot là gì""","=""0""","=""0""","=""5""","=""Low""","=""false"""
"=""tính lương ot ngày lễ""","=""0""","=""0""","=""5""","=""Low""","=""false"""
"=""tính lương overtime""","=""0""","=""0""","=""3""","=""Low""","=""false"""
"=""tính lương part time""","=""0""","=""0""","=""4""","=""Low""","=""false"""
"=""tính lương phụ cấp""","=""0""","=""0""","=""4""","=""Low""","=""false"""
"=""tính lương phụ cấp ca đêm""","=""0""","=""0""","=""6""","=""Low""","=""false"""
"=""tính lương phép""","=""0""","=""0""","=""3""","=""Low""","=""false"""
"=""tính lương phần trăm""","=""0""","=""0""","=""4""","=""Low""","=""false"""
"=""tính lương phải trả cho các bộ phận""","=""0""","=""0""","=""8""","=""Low""","=""false"""
"=""tính lương phải trả cho người lao động""","=""0""","=""0""","=""8""","=""Low""","=""false"""
"=""tính lương phụ cấp chức vụ""","=""0""","=""0""","=""6""","=""Low""","=""false"""
"=""tính lương phải trả""","=""0""","=""0""","=""4""","=""Low""","=""false"""
"=""tính lương qncn""","=""0""","=""0""","=""3""","=""Low""","=""false"""
"=""tính lương hưu qncn""","=""0""","=""0""","=""4""","=""Low""","=""false"""
"=""tính lương bác sĩ mới ra trường""","=""0""","=""0""","=""7""","=""Low""","=""false"""
"=""tính lương giáo viên mới ra trường""","=""0""","=""0""","=""7""","=""Low""","=""false"""
"=""tính lương sau thuế và bảo hiểm""","=""0""","=""0""","=""7""","=""Low""","=""false"""
"=""tính lương sau khi trừ thuế""","=""0""","=""0""","=""6""","=""Low""","=""false"""
"=""tính lương sau thuế ở đức""","=""0""","=""0""","=""6""","=""Low""","=""false"""
"=""tính lương sau bảo hiểm""","=""0""","=""0""","=""5""","=""Low""","=""false"""
"=""tính lương scratch""","=""0""","=""0""","=""3""","=""Low""","=""false"""
"=""tính lương shipper""","=""0""","=""0""","=""3""","=""Low""","=""false"""
"=""tính lương shopee""","=""0""","=""0""","=""3""","=""Low""","=""false"""
"=""tính lương sĩ quan""","=""0""","=""0""","=""4""","=""Low""","=""false"""
"=""tính lương nghỉ sinh""","=""0""","=""0""","=""4""","=""Low""","=""false"""
"=""tính lương dưỡng sức sau sinh""","=""0""","=""0""","=""6""","=""Low""","=""false"""
"=""tính lương spx""","=""0""","=""0""","=""3""","=""Low""","=""false"""
"=""tính lương xanh sm""","=""0""","=""0""","=""4""","=""Low""","=""false"""
"=""tính lương xanh sm car""","=""0""","=""0""","=""5""","=""Low""","=""false"""
"=""tính lương trên sme""","=""0""","=""0""","=""4""","=""Low""","=""false"""
"=""tính lương trên smartpro""","=""0""","=""0""","=""4""","=""Low""","=""false"""
"=""tính lương tài xế xanh sm""","=""0""","=""0""","=""6""","=""Low""","=""false"""
"=""tính lương năng suất""","=""0""","=""0""","=""4""","=""Low""","=""false"""
"=""tính lương theo năng suất""","=""0""","=""0""","=""5""","=""Low""","=""false"""
"=""tính lương theo hiệu suất""","=""0""","=""0""","=""5""","=""Low""","=""false"""
"=""tính lương về tay ở nhật""","=""0""","=""0""","=""6""","=""Low""","=""false"""
"=""tính lương về tay""","=""0""","=""0""","=""4""","=""Low""","=""false"""
"=""tính lương tca""","=""0""","=""0""","=""3""","=""Low""","=""false"""
"=""tính lương tc""","=""0""","=""0""","=""3""","=""Low""","=""false"""
"=""tính lương tiểu học""","=""0""","=""0""","=""4""","=""Low""","=""false"""
"=""tính lương tiếng""","=""0""","=""0""","=""3""","=""Low""","=""false"""
"=""tính lương gross net topcv""","=""0""","=""0""","=""5""","=""Low""","=""false"""
"=""tính lương tncn""","=""0""","=""0""","=""3""","=""Low""","=""false"""
"=""tính lương thuế tncn 2026""","=""0""","=""0""","=""5""","=""Low""","=""false"""
"=""tính lương trên misa amis""","=""0""","=""0""","=""5""","=""Low""","=""false"""
"=""tính lương trên amis kế toán""","=""0""","=""0""","=""6""","=""Low""","=""false"""
"=""tính lương trưởng thôn""","=""0""","=""0""","=""4""","=""Low""","=""false"""
"=""tính lương trợ cấp thôi việc""","=""0""","=""0""","=""6""","=""Low""","=""false"""
"=""tính lương tuần""","=""0""","=""0""","=""3""","=""Low""","=""false"""
"=""tính lương umc""","=""0""","=""0""","=""3""","=""Low""","=""false"""
"=""tính lương up gross""","=""0""","=""0""","=""4""","=""Low""","=""false"""
"=""tính lương sản phẩm công ty may""","=""0""","=""0""","=""7""","=""Low""","=""false"""
"=""tính lương và thuế tncn""","=""0""","=""0""","=""5""","=""Low""","=""false"""
"=""tính lương và bhxh""","=""0""","=""0""","=""4""","=""Low""","=""false"""
"=""tính lương và phụ cấp""","=""0""","=""0""","=""5""","=""Low""","=""false"""
"=""tính lương và bảo hiểm""","=""0""","=""0""","=""5""","=""Low""","=""false"""
"=""tính lương và thuế""","=""0""","=""0""","=""4""","=""Low""","=""false"""
"=""tính lương và thưởng""","=""0""","=""0""","=""4""","=""Low""","=""false"""
"=""tính lương về hưu năm 2025""","=""0""","=""0""","=""6""","=""Low""","=""false"""
"=""tính lương về hưu năm 2026""","=""0""","=""0""","=""6""","=""Low""","=""false"""
"=""tính lương về hưu sớm""","=""0""","=""0""","=""5""","=""Low""","=""false"""
"=""tính lương viên chức giáo dục""","=""0""","=""0""","=""6""","=""Low""","=""false"""
"=""tính lương viên chức online""","=""0""","=""0""","=""5""","=""Low""","=""false"""
"=""tính lương viên chức y tế""","=""0""","=""0""","=""6""","=""Low""","=""false"""
"=""tính lương viettel voz""","=""0""","=""0""","=""4""","=""Low""","=""false"""
"=""tính lương vietnamwork""","=""0""","=""0""","=""3""","=""Low""","=""false"""
"=""tính lương viettel""","=""0""","=""0""","=""3""","=""Low""","=""false"""
"=""tính lương viên chức 2025""","=""0""","=""0""","=""5""","=""Low""","=""false"""
"=""tính lương vnexpress""","=""0""","=""0""","=""3""","=""Low""","=""false"""
"=""tính lương 2026 vnexpress""","=""0""","=""0""","=""4""","=""Low""","=""false"""
"=""tính lương giáo viên web""","=""0""","=""0""","=""5""","=""Low""","=""false"""
"=""tính lương lái xe""","=""0""","=""0""","=""4""","=""Low""","=""false"""
"=""tính lương bảo hiểm rút 1 lần""","=""0""","=""0""","=""7""","=""Low""","=""false"""
"=""tính lương dùm tôi""","=""0""","=""0""","=""4""","=""Low""","=""false"""
"=""tính lương dùm""","=""0""","=""0""","=""3""","=""Low""","=""false"""
"=""tính lương dựa trên thuế""","=""0""","=""0""","=""5""","=""Low""","=""false"""
"=""tính lương dưỡng sức""","=""0""","=""0""","=""4""","=""Low""","=""false"""
"=""tính lương dùng hàm gì trong excel""","=""0""","=""0""","=""7""","=""Low""","=""false"""
"=""tính lương làm chủ nhật""","=""0""","=""0""","=""5""","=""Low""","=""false"""
"=""tính lương làm thêm giờ ngày thường""","=""0""","=""0""","=""7""","=""Low""","=""false"""
"=""tính lương mới gv""","=""0""","=""0""","=""4""","=""Low""","=""false"""
"=""tính lương rút bhxh 1 lần""","=""0""","=""0""","=""6""","=""Low""","=""false"""
"=""tính lương vùng 3""","=""0""","=""0""","=""4""","=""Low""","=""false"""
"=""tính lương y tế""","=""0""","=""0""","=""4""","=""Low""","=""false"""
"=""tính lương ngành y""","=""0""","=""0""","=""4""","=""Low""","=""false"""
"=""tính lương 1 ngày công""","=""0""","=""0""","=""5""","=""Low""","=""false"""
"=""tính lương 1 ngày""","=""0""","=""0""","=""4""","=""Low""","=""false"""
"=""tính lương 1 tháng""","=""0""","=""0""","=""4""","=""Low""","=""false"""
"=""tính lương 1 giờ""","=""0""","=""0""","=""4""","=""Low""","=""false"""
"=""tính lương 27 ngày công""","=""0""","=""0""","=""5""","=""Low""","=""false"""
"=""tính lương 26 công""","=""0""","=""0""","=""4""","=""Low""","=""false"""
"=""tính lương 2026 công cụ""","=""0""","=""0""","=""5""","=""Low""","=""false"""
"=""tính lương 2 34""","=""0""","=""0""","=""4""","=""Low""","=""false"""
"=""tính lương 2026 gross net""","=""0""","=""0""","=""5""","=""Low""","=""false"""
"=""tính lương 31 ngày""","=""0""","=""0""","=""4""","=""Low""","=""false"""
"=""tính lương 3b""","=""0""","=""0""","=""3""","=""Low""","=""false"""
"=""tính lương tháng 30 ngày""","=""0""","=""0""","=""5""","=""Low""","=""false"""
"=""tính lương 5 ngày tết""","=""0""","=""0""","=""5""","=""Low""","=""false"""
"=""tính lương 85""","=""0""","=""0""","=""3""","=""Low""","=""false"""
"=""tính lương 80""","=""0""","=""0""","=""3""","=""Low""","=""false"""
"=""tính lương tháng 4""","=""0""","=""0""","=""4""","=""Low""","=""false"""
"=""tính lương theo thông tư 99""","=""0""","=""0""","=""6""","=""Low""","=""false"""
"=""tính lương thế nào""","=""0""","=""0""","=""4""","=""Low""","=""false"""
"=""tính lương mới như thế nào""","=""0""","=""0""","=""6""","=""Low""","=""false"""
"=""tính lương gross là gì""","=""0""","=""0""","=""5""","=""Low""","=""false"""
"=""tính lương như nào""","=""0""","=""0""","=""4""","=""Low""","=""false"""
"=""tính lương thất nghiệp như nào""","=""0""","=""0""","=""6""","=""Low""","=""false"""
"=""tính lương tháng 13 như nào""","=""0""","=""0""","=""6""","=""Low""","=""false"""
"=""tính lương ngày lễ như nào""","=""0""","=""0""","=""6""","=""Low""","=""false"""
"=""tính lương 70""","=""0""","=""0""","=""3""","=""Low""","=""false"""
"=""tính lương tháng 7 2026""","=""0""","=""0""","=""5""","=""Low""","=""false"""
"=""tính lương 1 7 2026""","=""0""","=""0""","=""5""","=""Low""","=""false"""
"=""tính lương từ 2026""","=""0""","=""0""","=""4""","=""Low""","=""false"""
"=""tính lương từ thuế""","=""0""","=""0""","=""4""","=""Low""","=""false"""
"=""tính lương của giáo viên""","=""0""","=""0""","=""5""","=""Low""","=""false"""
"=""tính lương của ronaldo""","=""0""","=""0""","=""4""","=""Low""","=""false"""
"=""tính lương của giáo viên mầm non""","=""0""","=""0""","=""7""","=""Low""","=""false"""
"=""tính lương của người lao động""","=""0""","=""0""","=""6""","=""Low""","=""false"""
"=""tính lương của giáo viên tiểu học""","=""0""","=""0""","=""7""","=""Low""","=""false"""
"=""tính lương của viên chức""","=""0""","=""0""","=""5""","=""Low""","=""false"""
"=""tính lương trên điện thoại""","=""0""","=""0""","=""5""","=""Low""","=""false"""
"=""tính lương trên amis""","=""0""","=""0""","=""4""","=""Low""","=""false"""
"=""tính lương trên kiotviet""","=""0""","=""0""","=""4""","=""Low""","=""false"""
"=""tính lương trong đông y là gì""","=""0""","=""0""","=""7""","=""Low""","=""false"""
"=""tính lương trong tiếng anh là gì""","=""0""","=""0""","=""7""","=""Low""","=""false"""
"=""tính lương trong y học cổ truyền""","=""0""","=""0""","=""7""","=""Low""","=""false"""
"=""tính lương trong đông y""","=""0""","=""0""","=""5""","=""Low""","=""false"""
"=""tính lương trong tiếng trung là gì""","=""0""","=""0""","=""7""","=""Low""","=""false"""
"=""tính lương trong y học cổ truyền là gì""","=""0""","=""0""","=""9""","=""Low""","=""false"""
"=""tính lương có phụ cấp""","=""0""","=""0""","=""5""","=""Low""","=""false"""
"=""tính lương có tăng ca""","=""0""","=""0""","=""5""","=""Low""","=""false"""
"=""tính lương có khó không""","=""0""","=""0""","=""5""","=""Low""","=""false"""
"=""tính lương có được làm tròn không""","=""0""","=""0""","=""7""","=""Low""","=""false"""
"=""tính lương tháng có 31 ngày""","=""0""","=""0""","=""6""","=""Low""","=""false"""
"=""tính lương hưu đối với nữ""","=""0""","=""0""","=""6""","=""Low""","=""false"""
"=""tính lương hưu đối với nam""","=""0""","=""0""","=""6""","=""Low""","=""false"""
"=""cách tính lương hưu""","=""5400""","=""0.01""","=""4""","=""Low""","=""false"""
"=""cách tính lương huu""","=""5400""","=""0.01""","=""4""","=""Low""","=""false"""
"=""cách tính lương""","=""2400""","=""0.01""","=""3""","=""Low""","=""false"""
"=""cach tinh lương""","=""2400""","=""0.01""","=""3""","=""Low""","=""false"""
"=""cach tính lương""","=""2400""","=""0.01""","=""3""","=""Low""","=""false"""
"=""cách tính lương thang 13""","=""1600""","=""0.01""","=""5""","=""Low""","=""false"""
"=""cách tính lương hưu bhxh""","=""880""","=""0""","=""5""","=""Low""","=""false"""
"=""cách tính lương tang ca""","=""880""","=""0.01""","=""5""","=""Low""","=""false"""
"=""cách tính lương tăng ca""","=""880""","=""0.01""","=""5""","=""Low""","=""false"""
"=""cách tính lương gross sang net""","=""720""","=""0.03""","=""6""","=""Medium""","=""false"""
"=""cách tính lương cơ bản""","=""720""","=""0""","=""5""","=""Low""","=""false"""
"=""cách tính lương hưu bảo hiểm xã hội""","=""720""","=""0.01""","=""8""","=""Low""","=""true"""
"=""phần mềm tính lương""","=""590""","=""1.44""","=""4""","=""Medium""","=""false"""
"=""phần mềm tính lương hưu bhxh""","=""590""","=""0.39""","=""6""","=""Low""","=""false"""
"=""cách tính lương hưu bảo hiểm xã hội tự nguyện""","=""590""","=""0""","=""10""","=""Low""","=""false"""
"=""công thức tính lương hưu""","=""590""","=""0""","=""5""","=""Low""","=""false"""
"=""công thức tính lương""","=""480""","=""0.01""","=""4""","=""Low""","=""false"""
"=""cách tính lương tháng""","=""390""","=""0""","=""4""","=""Low""","=""false"""
"=""cách tính lương tháng có 26 ngày công""","=""390""","=""0""","=""8""","=""Low""","=""false"""
"=""cách tính lương net""","=""320""","=""0.03""","=""4""","=""Medium""","=""false"""
"=""cách tính lương theo hệ số""","=""320""","=""0""","=""6""","=""Low""","=""true"""
"=""cách tính lương thất nghiệp""","=""320""","=""0.01""","=""5""","=""Low""","=""false"""
"=""công cụ tính lương""","=""320""","=""0.05""","=""4""","=""Low""","=""true"""
"=""topcv tính lương""","=""320""","=""0.01""","=""3""","=""Low""","=""false"""
"=""cách tính lương taxi xanh sm""","=""320""","=""0.17""","=""6""","=""Low""","=""false"""
"=""cach tinh luong huu""","=""260""","=""0.02""","=""4""","=""Low""","=""false"""
"=""cách tính lương bảo hiểm xã hội""","=""260""","=""0""","=""7""","=""Low""","=""false"""
"=""cách tính lương công chức""","=""260""","=""0""","=""5""","=""Low""","=""false"""
"=""cách tính lương cơ bản công nhân""","=""260""","=""0""","=""7""","=""Low""","=""false"""
"=""cách tính lương hưu hiện nay""","=""260""","=""0""","=""6""","=""Low""","=""false"""
"=""cách tính lương làm thêm giờ""","=""260""","=""0""","=""6""","=""Low""","=""true"""
"=""cách tính lương mới""","=""260""","=""0""","=""4""","=""Low""","=""true"""
"=""công cụ tính lương gross sang net""","=""260""","=""0.03""","=""7""","=""Low""","=""true"""
"=""công thức tính lương cơ bản""","=""260""","=""0""","=""6""","=""Low""","=""false"""
"=""cách tính lương net sang gross""","=""210""","=""0.03""","=""6""","=""Low""","=""true"""
"=""cach tinh luong net sang gross""","=""210""","=""0.03""","=""6""","=""Low""","=""true"""
"=""cách tính lương bảo hiểm thất nghiệp""","=""210""","=""0.01""","=""7""","=""Low""","=""true"""
"=""cách tính lương ca đêm 12 tiếng""","=""210""","=""0""","=""7""","=""Low""","=""false"""
"=""cách tính lương công nhân""","=""210""","=""0""","=""5""","=""Low""","=""false"""
"=""cách tính lương giáo viên mầm non""","=""210""","=""0.01""","=""7""","=""Low""","=""true"""
"=""cách tính lương hưu cho người làm doanh nghiệp""","=""210""","=""0""","=""9""","=""Low""","=""false"""
"=""cách tính lương cơ sở""","=""170""","=""0""","=""5""","=""Low""","=""false"""
"=""cách tính lương quân đội""","=""170""","=""0""","=""5""","=""Low""","=""false"""
"=""cách tính lương sĩ quan quân đội""","=""170""","=""0""","=""7""","=""Low""","=""false"""
"=""cách tính lương tháng 30 ngày""","=""170""","=""0""","=""6""","=""Low""","=""false"""
"=""công thức tính lương theo thời gian""","=""170""","=""0""","=""7""","=""Low""","=""false"""
"=""nghỉ tết có tính lương không""","=""170""","=""0""","=""6""","=""Low""","=""false"""
"=""cách tính lương gross""","=""140""","=""0.03""","=""4""","=""Medium""","=""false"""
"=""phần mềm tính lương giáo viên""","=""140""","=""0.34""","=""6""","=""Low""","=""true"""
"=""cach tinh luong""","=""140""","=""0""","=""3""","=""Low""","=""true"""
"=""cách tính lương 1 ngày công""","=""140""","=""0""","=""6""","=""Low""","=""false"""
"=""cách tính lương công an""","=""140""","=""0""","=""5""","=""Low""","=""false"""
"=""cách tính lương hưu mới""","=""140""","=""0""","=""5""","=""Low""","=""false"""
"=""cách tính lương shipper j&t""","=""140""","=""0""","=""5""","=""Low""","=""false"""
"=""cách tính lương tháng thứ 13""","=""140""","=""0""","=""6""","=""Low""","=""false"""
"=""công cụ tính lương hưu""","=""140""","=""0""","=""5""","=""Low""","=""false"""
"=""công thức tính lương tăng ca""","=""140""","=""0""","=""6""","=""Low""","=""false"""
"=""cách tính lương shipper shopee express""","=""140""","=""0""","=""6""","=""Low""","=""false"""
"=""cach tính luong""","=""110""","=""0""","=""3""","=""Low""","=""false"""
"=""cách tính lương bao hiem xa hoi""","=""110""","=""0""","=""7""","=""Low""","=""false"""
"=""cách tính lương bộ đội""","=""110""","=""0""","=""5""","=""Low""","=""false"""
"=""cách tính lương hưu ngành độc hại""","=""110""","=""0""","=""7""","=""Low""","=""false"""
"=""cách tính lương hưu trước năm 1995""","=""110""","=""0""","=""7""","=""Low""","=""false"""
"=""cách tính lương nghỉ hưu""","=""110""","=""0""","=""5""","=""Low""","=""false"""
"=""cách tính lương tối thiểu vùng""","=""110""","=""0""","=""6""","=""Low""","=""false"""
"=""cách tính lương viên chức""","=""110""","=""0""","=""5""","=""Low""","=""false"""
"=""cách tính lương vượt khung""","=""110""","=""0""","=""5""","=""Low""","=""true"""
"=""công thức tính lương tháng 13""","=""110""","=""0""","=""6""","=""Low""","=""false"""
"=""hệ số trượt giá khi tính lương hưu""","=""110""","=""0""","=""8""","=""Low""","=""false"""
"=""bảng tính lương excel""","=""110""","=""0""","=""4""","=""Low""","=""false"""
"=""file tính lương hưu 2025""","=""110""","=""0""","=""5""","=""Low""","=""false"""
"=""phần mềm chấm công tính lương""","=""90""","=""3.06""","=""6""","=""Medium""","=""false"""
"=""cach tinh luong gross net""","=""90""","=""0.03""","=""5""","=""Low""","=""false"""
"=""cách tính lương ca đêm""","=""90""","=""0""","=""5""","=""Low""","=""false"""
"=""cách tính lương ca đêm 8 tiếng""","=""90""","=""0""","=""7""","=""Low""","=""false"""
"=""cách tính lương gross net""","=""90""","=""0.03""","=""5""","=""Low""","=""false"""
"=""cách tính lương hưu bhxh tự nguyện""","=""90""","=""0""","=""7""","=""Low""","=""false"""
"=""cách tính lương mới của giáo viên""","=""90""","=""0""","=""7""","=""Low""","=""true"""
"=""cách tính lương ngày chủ nhật""","=""90""","=""0""","=""6""","=""Low""","=""false"""
"=""cách tính lương nhân viên""","=""90""","=""0""","=""5""","=""Low""","=""false"""
"=""cách tính lương theo giờ""","=""90""","=""0""","=""5""","=""Low""","=""true"""
"=""cách tính lương tháng 13 cho nhân viên""","=""90""","=""0""","=""8""","=""Low""","=""false"""
"=""cách tính lương đóng bảo hiểm xã hội""","=""90""","=""0""","=""8""","=""Low""","=""true"""
"=""công thức tính lương net sang gross""","=""90""","=""0.03""","=""7""","=""Low""","=""false"""
"=""cách tính lương gv""","=""90""","=""0""","=""4""","=""Low""","=""false"""
"=""cách tính lương của giáo viên""","=""90""","=""0""","=""6""","=""Low""","=""false"""
"=""phần mềm tính lương nhân viên""","=""70""","=""1.52""","=""6""","=""Medium""","=""false"""
"=""phần mềm tính lương miễn phí bằng excel""","=""70""","=""0.62""","=""8""","=""Low""","=""false"""
"=""dịch vụ tính lương""","=""70""","=""3.05""","=""4""","=""Medium""","=""false"""
"=""cong thuc tinh luong net""","=""70""","=""0.03""","=""5""","=""Low""","=""false"""
"=""cách tính lương bình quân khi nghỉ hưu""","=""70""","=""0""","=""8""","=""Low""","=""false"""
"=""cách tính lương bảo hiểm""","=""70""","=""0""","=""5""","=""Low""","=""false"""
"=""cách tính lương công ty""","=""70""","=""0""","=""5""","=""Low""","=""false"""
"=""cách tính lương hưu năm 2023""","=""70""","=""0""","=""6""","=""Low""","=""false"""
"=""cách tính lương hưu quân đội""","=""70""","=""0""","=""6""","=""Low""","=""true"""
"=""cách tính lương hưu theo luật bhxh mới""","=""70""","=""0""","=""8""","=""Low""","=""false"""
"=""cách tính lương tháng 31 ngày""","=""70""","=""0""","=""6""","=""Low""","=""false"""
"=""cách tính lương thưởng tháng 13""","=""70""","=""0""","=""6""","=""Low""","=""false"""
"=""cách tính lương thử việc""","=""70""","=""0""","=""5""","=""Low""","=""false"""
"=""cách tính lương thử việc 85""","=""70""","=""0""","=""6""","=""Low""","=""false"""
"=""cách tính lương tăng ca 1.5""","=""70""","=""0""","=""6""","=""Low""","=""false"""
"=""cách tính lương tăng ca ngày chủ nhật""","=""70""","=""0""","=""8""","=""Low""","=""false"""
"=""cách tính lương tăng ca ngày thường""","=""70""","=""0""","=""7""","=""Low""","=""false"""
"=""cách tính lương tăng ca theo lương cơ bản""","=""70""","=""0""","=""9""","=""Low""","=""true"""
"=""cách tính lương về hưu""","=""70""","=""0""","=""5""","=""Low""","=""true"""
"=""công cụ tính lương net""","=""70""","=""0.03""","=""5""","=""Medium""","=""false"""
"=""công thức tính lương net""","=""70""","=""0.03""","=""5""","=""Low""","=""false"""
"=""công thức tính lương tháng""","=""70""","=""0""","=""5""","=""Low""","=""false"""
"=""công thức tính lương vượt khung""","=""70""","=""0""","=""6""","=""Low""","=""false"""
"=""hướng dẫn cách tính lương cơ bản""","=""70""","=""0""","=""7""","=""Low""","=""false"""
"=""file tính lương""","=""70""","=""0""","=""3""","=""Low""","=""false"""
"=""cách tính lương moi nhat""","=""70""","=""0""","=""5""","=""Low""","=""false"""
"=""cách tính lương ot""","=""70""","=""0""","=""4""","=""Low""","=""false"""
"=""link tính lương giáo viên""","=""70""","=""0""","=""5""","=""Low""","=""true"""
"=""web tính lương theo giờ""","=""70""","=""0.48""","=""5""","=""Low""","=""false"""
"=""phần mềm tính lương hưu""","=""50""","=""0""","=""5""","=""Low""","=""false"""
"=""cách tính lương 3p""","=""50""","=""0.02""","=""4""","=""Low""","=""false"""
"=""bài tập tính lương hưu""","=""50""","=""0""","=""5""","=""Low""","=""false"""
"=""bằng tính lương hưu""","=""50""","=""0""","=""4""","=""Low""","=""false"""
"=""cong cu tinh luong""","=""50""","=""0.01""","=""4""","=""Low""","=""false"""
"=""cách tính lương bhxh 1 lần""","=""50""","=""0""","=""6""","=""Low""","=""false"""
"=""cách tính lương bình quân""","=""50""","=""0""","=""5""","=""Low""","=""false"""
"=""cách tính lương cho người lao động""","=""50""","=""0""","=""7""","=""Low""","=""false"""
"=""cách tính lương cho nhân viên""","=""50""","=""0""","=""6""","=""Low""","=""false"""
"=""cách tính lương cơ bản của cán bộ công chức""","=""50""","=""0""","=""10""","=""Low""","=""false"""
"=""cách tính lương hưu bhxh bắt buộc""","=""50""","=""0""","=""7""","=""Low""","=""false"""
"=""cách tính lương hưu của giáo viên""","=""50""","=""0""","=""7""","=""Low""","=""true"""
"=""cách tính lương khi nghỉ hưu""","=""50""","=""0""","=""6""","=""Low""","=""true"""
"=""cách tính lương khi về hưu""","=""50""","=""0""","=""6""","=""Low""","=""true"""
"=""cách tính lương net từ gross""","=""50""","=""0.02""","=""6""","=""Medium""","=""false"""
"=""cách tính lương ngày""","=""50""","=""0""","=""4""","=""Low""","=""false"""
"=""cách tính lương nhà nước""","=""50""","=""0""","=""5""","=""Low""","=""false"""
"=""cách tính lương t13""","=""50""","=""0""","=""4""","=""Low""","=""false"""
"=""cách tính lương theo ngày công""","=""50""","=""0""","=""6""","=""Low""","=""false"""
"=""cách tính lương theo tháng""","=""50""","=""0""","=""5""","=""Low""","=""false"""
"=""cách tính lương thâm niên""","=""50""","=""0""","=""5""","=""Low""","=""false"""
"=""cách tính lương thêm giờ""","=""50""","=""0""","=""5""","=""Low""","=""false"""
"=""cách tính lương thưởng tết""","=""50""","=""0""","=""5""","=""Low""","=""false"""
"=""cách tính lương thực nhận""","=""50""","=""0.01""","=""5""","=""Low""","=""false"""
"=""cách tính lương trong quân đội""","=""50""","=""0""","=""6""","=""Low""","=""false"""
"=""cách tính lương tăng ca nhân 1.5""","=""50""","=""0""","=""7""","=""Low""","=""false"""
"=""cách tính lương đóng bhxh""","=""50""","=""0""","=""5""","=""Low""","=""false"""
"=""công thức tính lương gross sang net""","=""50""","=""0.02""","=""7""","=""Low""","=""false"""
"=""quy trình tính lương""","=""50""","=""0""","=""4""","=""Low""","=""false"""
"=""quy định tính lương tăng ca""","=""50""","=""0""","=""6""","=""Low""","=""false"""
"=""topcv tính lương gross net""","=""50""","=""0.01""","=""5""","=""Low""","=""true"""
"=""cách tính lương công an trại giam""","=""50""","=""0""","=""7""","=""Low""","=""false"""
"=""cách tính lương hiện hưởng theo nghị định 154""","=""50""","=""0""","=""9""","=""Low""","=""false"""
"=""cách tính lương shipper shopee food""","=""50""","=""0""","=""6""","=""Low""","=""false"""
"=""làm chủ nhật tính lương thế nào""","=""50""","=""0""","=""7""","=""Low""","=""false"""
"=""phan mem tinh luong""","=""40""","=""1.11""","=""4""","=""Medium""","=""false"""
"=""phần mềm tính lương bằng excel""","=""40""","=""0.68""","=""6""","=""Low""","=""false"""
"=""cách tính lương kpi cho nhân viên kinh doanh""","=""40""","=""0""","=""9""","=""Low""","=""false"""
"=""cach tinh luong hưu""","=""40""","=""0""","=""4""","=""Low""","=""true"""
"=""cach tinh lương hưu""","=""40""","=""0""","=""4""","=""Low""","=""true"""
"=""cách tính luong huu""","=""40""","=""0""","=""4""","=""Low""","=""true"""
"=""cách tính luong huu bảo hiểm xã hội""","=""40""","=""0""","=""8""","=""Low""","=""true"""
"=""cách tính lương 13""","=""40""","=""0""","=""4""","=""Low""","=""false"""
"=""cách tính lương bình quân đóng bảo hiểm xã hội""","=""40""","=""0""","=""10""","=""Low""","=""true"""
"=""cách tính lương bảo hiểm xã hội 1 lần""","=""40""","=""0""","=""9""","=""Low""","=""false"""
"=""cách tính lương cty""","=""40""","=""0""","=""4""","=""Low""","=""false"""
"=""cách tính lương hưu của bảo hiểm xã hội""","=""40""","=""0""","=""9""","=""Low""","=""false"""
"=""cách tính lương hưu giáo viên""","=""40""","=""0""","=""6""","=""Low""","=""false"""
"=""cách tính lương ngoài giờ""","=""40""","=""0""","=""5""","=""Low""","=""false"""
"=""cách tính lương tháng có 27 ngày công""","=""40""","=""0""","=""8""","=""Low""","=""true"""
"=""cách tính lương tăng ca cho công nhân""","=""40""","=""0""","=""8""","=""Low""","=""false"""
"=""cách tính lương vượt khung của giáo viên""","=""40""","=""0""","=""8""","=""Low""","=""false"""
"=""cách tính lương đóng bảo hiểm""","=""40""","=""0""","=""6""","=""Low""","=""false"""
"=""công cụ tính lương gross net""","=""40""","=""0.03""","=""6""","=""Low""","=""false"""
"=""công cụ tính lương hưu online""","=""40""","=""0""","=""6""","=""Low""","=""false"""
"=""công thức tính lương 3p""","=""40""","=""0""","=""5""","=""Low""","=""false"""
"=""mức tính lương hưu""","=""40""","=""0""","=""4""","=""Low""","=""false"""
"=""phần mềm tính lương misa""","=""40""","=""2.03""","=""5""","=""Medium""","=""false"""
"=""topcv tinh luong""","=""40""","=""0.01""","=""3""","=""Low""","=""false"""
"=""cách tính lương công an 2026""","=""40""","=""0""","=""6""","=""Low""","=""false"""
"=""topcv tính lương net""","=""40""","=""0.01""","=""4""","=""Low""","=""false"""
"=""cách tính lương xanh sm taxi""","=""40""","=""0""","=""6""","=""Low""","=""false"""
"=""web tính lương""","=""40""","=""0.28""","=""3""","=""Low""","=""false"""
"=""cách tính lương xanh sm""","=""40""","=""0""","=""5""","=""Low""","=""false"""
"=""cách tính lương y tế năm 2026""","=""40""","=""0""","=""7""","=""Low""","=""true"""
"=""làm tết tính lương như thế nào""","=""40""","=""0""","=""7""","=""Low""","=""false"""
"=""phần mềm tính lương miễn phí""","=""30""","=""1.15""","=""6""","=""Medium""","=""false"""
"=""ứng dụng tính lương""","=""30""","=""0.69""","=""4""","=""Medium""","=""false"""
"=""bang tinh luong""","=""30""","=""0""","=""3""","=""Low""","=""true"""
"=""cach tinh luong net""","=""30""","=""0.01""","=""4""","=""Low""","=""false"""
"=""cach tinh luong thang 13""","=""30""","=""0""","=""5""","=""Low""","=""false"""
"=""chấm công tính lương""","=""30""","=""0.8""","=""4""","=""Medium""","=""false"""
"=""cong cu tinh luong gross""","=""30""","=""0.03""","=""5""","=""Low""","=""false"""
"=""cách tính lương bhxh khi về hưu""","=""30""","=""0""","=""7""","=""Low""","=""false"""
"=""cách tính lương bình quân để tính lương hưu""","=""30""","=""0""","=""9""","=""Low""","=""false"""
"=""cách tính lương bảo hiểm khi về hưu""","=""30""","=""0""","=""8""","=""Low""","=""true"""
"=""cách tính lương bảo hiểm xã hội tự nguyện""","=""30""","=""0""","=""9""","=""Low""","=""false"""
"=""cách tính lương giờ""","=""30""","=""0""","=""4""","=""Low""","=""false"""
"=""cách tính lương gross từ lương net""","=""30""","=""0.03""","=""7""","=""Low""","=""false"""
"=""cách tính lương gross và net""","=""30""","=""0.03""","=""6""","=""Medium""","=""false"""
"=""cách tính lương hiện nay""","=""30""","=""0""","=""5""","=""Low""","=""false"""
"=""cách tính lương hàng tháng""","=""30""","=""0""","=""5""","=""Low""","=""false"""
"=""cách tính lương hưu bình quân""","=""30""","=""0""","=""6""","=""Low""","=""false"""
"=""cách tính lương hưu bảo hiểm""","=""30""","=""0""","=""6""","=""Low""","=""true"""
"=""cách tính lương hưu cho giáo viên""","=""30""","=""0""","=""7""","=""Low""","=""true"""
"=""cách tính lương hưu cho người đóng bhxh tự nguyện""","=""30""","=""0""","=""10""","=""Low""","=""true"""
"=""cách tính lương hưu công an""","=""30""","=""0""","=""6""","=""Low""","=""false"""
"=""cách tính lương hưu hàng tháng""","=""30""","=""0""","=""6""","=""Low""","=""true"""
"=""cách tính lương hưu khi đóng bhxh tự nguyện""","=""30""","=""0""","=""9""","=""Low""","=""false"""
"=""cách tính lương hưu online""","=""30""","=""0""","=""5""","=""Low""","=""false"""
"=""cách tính lương hưu trong quân đội""","=""30""","=""0""","=""7""","=""Low""","=""true"""
"=""cách tính lương hợp đồng nhà nước""","=""30""","=""0""","=""7""","=""Low""","=""false"""
"=""cách tính lương khoán""","=""30""","=""0""","=""4""","=""Low""","=""false"""
"=""cách tính lương net sang lương gross""","=""30""","=""0.04""","=""7""","=""Low""","=""false"""
"=""cách tính lương net từ lương gross""","=""30""","=""0.03""","=""7""","=""Medium""","=""true"""
"=""cách tính lương net và gross""","=""30""","=""0.03""","=""6""","=""Medium""","=""false"""
"=""cách tính lương ngày công""","=""30""","=""0""","=""5""","=""Low""","=""false"""
"=""cách tính lương sau thuế""","=""30""","=""0.01""","=""5""","=""Low""","=""false"""
"=""cách tính lương sĩ quan""","=""30""","=""0""","=""5""","=""Low""","=""false"""
"=""cách tính lương sản phẩm công ty may""","=""30""","=""0""","=""8""","=""Low""","=""false"""
"=""cách tính lương thử việc 80""","=""30""","=""0""","=""6""","=""Low""","=""false"""
"=""cách tính lương trung úy quân đội""","=""30""","=""0""","=""7""","=""Low""","=""false"""
"=""cách tính lương tăng ca theo giờ""","=""30""","=""0""","=""7""","=""Low""","=""true"""
"=""cách tính lương tăng ca đêm""","=""30""","=""0""","=""6""","=""Low""","=""false"""
"=""cách tính lương viettel""","=""30""","=""0""","=""4""","=""Low""","=""false"""
"=""cách tính lương viên chức y tế""","=""30""","=""0""","=""7""","=""Low""","=""true"""
"=""cách tính lương y tế""","=""30""","=""0""","=""5""","=""Low""","=""false"""
"=""công cụ tính lương gross""","=""30""","=""0.03""","=""5""","=""Low""","=""false"""
"=""công cụ tính lương net sang gross""","=""30""","=""0.03""","=""7""","=""Medium""","=""false"""
"=""công thức tính lương làm thêm giờ""","=""30""","=""0""","=""7""","=""Low""","=""false"""
"=""phần mềm quản lý tính lương""","=""30""","=""1.8""","=""6""","=""Medium""","=""false"""
"=""quy trình chấm công tính lương""","=""30""","=""0""","=""6""","=""Low""","=""false"""
"=""quy định tính lương hưu""","=""30""","=""0""","=""5""","=""Low""","=""false"""
"=""thời gian tính lương hưu""","=""30""","=""0""","=""5""","=""Low""","=""false"""
"=""cách tính lương excel""","=""30""","=""0""","=""4""","=""Low""","=""false"""
"=""mẫu tính lương theo kpi""","=""30""","=""0""","=""5""","=""Low""","=""false"""
"=""cách tính lương qncn""","=""30""","=""0""","=""4""","=""Low""","=""false"""
"=""nghỉ lễ có tính lương không""","=""30""","=""0""","=""6""","=""Low""","=""false"""
"=""cách tính lương công an 2025""","=""30""","=""0""","=""6""","=""Low""","=""false"""
"=""file tính lương excel""","=""30""","=""0.32""","=""4""","=""Low""","=""false"""
"=""cách tính lương part time theo giờ""","=""30""","=""0""","=""7""","=""Low""","=""false"""
"=""phần mềm tính lương theo sản phẩm""","=""20""","=""0.58""","=""7""","=""Medium""","=""false"""
"=""phần mềm quản lý nhân sự chấm công tính lương""","=""20""","=""3.18""","=""10""","=""Medium""","=""false"""
"=""bài tập tính lương""","=""20""","=""0""","=""4""","=""Low""","=""false"""
"=""cach tinh luong bao hiem xa hoi""","=""20""","=""0""","=""7""","=""Low""","=""false"""
"=""cach tinh luong gross""","=""20""","=""0""","=""4""","=""Low""","=""false"""
"=""cach tinh luong gross sang net""","=""20""","=""0""","=""6""","=""Low""","=""false"""
"=""cach tinh luong huu bao hiem xa hoi""","=""20""","=""0""","=""8""","=""Low""","=""false"""
"=""cach tinh luong moi""","=""20""","=""0""","=""4""","=""Low""","=""true"""
"=""cach tinh luong tang ca""","=""20""","=""0""","=""5""","=""Low""","=""false"""
"=""cong thuc tinh luong""","=""20""","=""0""","=""4""","=""Low""","=""true"""
"=""cong thuc tinh luong huu""","=""20""","=""0""","=""5""","=""Low""","=""false"""
"=""cách chấm công tính lương""","=""20""","=""0""","=""5""","=""Low""","=""false"""
"=""cách tinh luong huu""","=""20""","=""0""","=""4""","=""Low""","=""false"""
"=""cách tính lương 1 tháng""","=""20""","=""0""","=""5""","=""Low""","=""false"""
"=""cách tính lương 1.5""","=""20""","=""0""","=""4""","=""Low""","=""false"""
"=""cách tính lương 26 ngày công""","=""20""","=""0""","=""6""","=""Low""","=""false"""
"=""cách tính lương bình quân bảo hiểm xã hội""","=""20""","=""0""","=""9""","=""Low""","=""false"""
"=""cách tính lương bảo hiểm xã hội khi về hưu""","=""20""","=""0""","=""10""","=""Low""","=""false"""
"=""cách tính lương bảo vệ""","=""20""","=""0""","=""5""","=""Low""","=""false"""
"=""cách tính lương cho công nhân""","=""20""","=""0""","=""6""","=""Low""","=""false"""
"=""cách tính lương cho giám đốc công ty tnhh""","=""20""","=""0""","=""9""","=""Low""","=""true"""
"=""cách tính lương cho shipper""","=""20""","=""0""","=""5""","=""Low""","=""false"""
"=""cách tính lương công chức trừ bảo hiểm""","=""20""","=""0""","=""8""","=""Low""","=""false"""
"=""cách tính lương công nhân may""","=""20""","=""0""","=""6""","=""Low""","=""false"""
"=""cách tính lương công nhân tăng ca""","=""20""","=""0""","=""7""","=""Low""","=""false"""
"=""cách tính lương cơ bản theo hệ số""","=""20""","=""0""","=""8""","=""Low""","=""true"""
"=""cách tính lương của sĩ quan quân đội""","=""20""","=""0""","=""8""","=""Low""","=""false"""
"=""cách tính lương doanh nghiệp nhà nước""","=""20""","=""0""","=""7""","=""Low""","=""false"""
"=""cách tính lương giờ tăng ca""","=""20""","=""0""","=""6""","=""Low""","=""false"""
"=""cách tính lương gross qua net""","=""20""","=""0.03""","=""6""","=""Medium""","=""false"""
"=""cách tính lương hiệu quả công việc""","=""20""","=""0""","=""7""","=""Low""","=""false"""
"=""cách tính lương hưu 1 lần""","=""20""","=""0""","=""6""","=""Low""","=""true"""
"=""cách tính lương hưu 5 năm cuối""","=""20""","=""0""","=""7""","=""Low""","=""false"""
"=""cách tính lương hưu bảo hiểm tự nguyện""","=""20""","=""0""","=""8""","=""Low""","=""false"""
"=""cách tính lương hưu bảo hiểm xã hội bắt buộc""","=""20""","=""0""","=""10""","=""Low""","=""true"""
"=""cách tính lương hưu bộ đội""","=""20""","=""0""","=""6""","=""Low""","=""false"""
"=""cách tính lương hưu có phụ cấp thâm niên""","=""20""","=""0""","=""9""","=""Low""","=""false"""
"=""cách tính lương hưu công chức nhà nước""","=""20""","=""0""","=""8""","=""Low""","=""false"""
"=""cách tính lương hưu khi đóng bảo hiểm xã hội""","=""20""","=""0""","=""10""","=""Low""","=""false"""
"=""cách tính lương hưu năm 2024""","=""20""","=""0""","=""6""","=""Low""","=""false"""
"=""cách tính lương hưu trí""","=""20""","=""0""","=""5""","=""Low""","=""true"""
"=""cách tính lương hưu được hưởng""","=""20""","=""0""","=""6""","=""Low""","=""false"""
"=""cách tính lương hưu đối với doanh nghiệp""","=""20""","=""0""","=""8""","=""Low""","=""false"""
"=""cách tính lương hưởng bảo hiểm xã hội""","=""20""","=""0""","=""8""","=""Low""","=""false"""
"=""cách tính lương kpi""","=""20""","=""0""","=""4""","=""Low""","=""false"""
"=""cách tính lương làm ca đêm""","=""20""","=""0""","=""6""","=""Low""","=""false"""
"=""cách tính lương làm thêm""","=""20""","=""0""","=""5""","=""Low""","=""false"""
"=""cách tính lương làm thêm giờ vào ban đêm""","=""20""","=""0""","=""9""","=""Low""","=""false"""
"=""cách tính lương làm đêm""","=""20""","=""0""","=""5""","=""Low""","=""false"""
"=""cách tính lương net gross""","=""20""","=""0.03""","=""5""","=""Medium""","=""false"""
"=""cách tính lương net ra gross""","=""20""","=""0.04""","=""6""","=""Medium""","=""false"""
"=""cách tính lương net sang gross cho người nước ngoài""","=""20""","=""0""","=""10""","=""Low""","=""false"""
"=""cách tính lương nghỉ hưu mới nhất""","=""20""","=""0""","=""7""","=""Low""","=""true"""
"=""cách tính lương ngành y tế""","=""20""","=""0""","=""6""","=""Low""","=""true"""
"=""cách tính lương nhân viên y tế""","=""20""","=""0""","=""7""","=""Low""","=""true"""
"=""cách tính lương sau khi trừ bảo hiểm và thuế""","=""20""","=""0.01""","=""10""","=""Low""","=""false"""
"=""cách tính lương sản phẩm""","=""20""","=""0""","=""5""","=""Low""","=""false"""
"=""cách tính lương sản phẩm cho công nhân""","=""20""","=""0""","=""8""","=""Low""","=""false"""
"=""cách tính lương theo bậc""","=""20""","=""0""","=""5""","=""Low""","=""true"""
"=""cách tính lương theo kpi""","=""20""","=""0""","=""5""","=""Low""","=""false"""
"=""cách tính lương theo ngày""","=""20""","=""0""","=""5""","=""Low""","=""false"""
"=""cách tính lương theo ngày công chuẩn""","=""20""","=""0""","=""7""","=""Low""","=""false"""
"=""cách tính lương theo ngày công thực tế""","=""20""","=""0""","=""8""","=""Low""","=""false"""
"=""cách tính lương theo sản phẩm""","=""20""","=""0""","=""6""","=""Low""","=""false"""
"=""cách tính lương theo thời gian""","=""20""","=""0""","=""6""","=""Low""","=""false"""
"=""cách tính lương tháng 2""","=""20""","=""0""","=""5""","=""Low""","=""false"""
"=""cách tính lương tháng 28 ngày""","=""20""","=""0""","=""6""","=""Low""","=""false"""
"=""cách tính lương tháng có 31 ngày""","=""20""","=""0""","=""7""","=""Low""","=""false"""
"=""cách tính lương thưởng""","=""20""","=""0""","=""4""","=""Low""","=""false"""
"=""cách tính lương thưởng cuối năm""","=""20""","=""0""","=""6""","=""Low""","=""false"""
"=""cách tính lương thời gian""","=""20""","=""0""","=""5""","=""Low""","=""false"""
"=""cách tính lương thời vụ""","=""20""","=""0""","=""5""","=""Low""","=""true"""
"=""cách tính lương thứ 13""","=""20""","=""0""","=""5""","=""Low""","=""false"""
"=""cách tính lương trung bình""","=""20""","=""0""","=""5""","=""Low""","=""false"""
"=""cách tính lương trên misa""","=""20""","=""0""","=""5""","=""Low""","=""false"""
"=""cách tính lương tăng ca ngày lễ""","=""20""","=""0""","=""7""","=""Low""","=""false"""
"=""cách tính lương tối thiểu""","=""20""","=""0""","=""5""","=""Low""","=""false"""
"=""cách tính lương từ gross sang net""","=""20""","=""0.03""","=""7""","=""Medium""","=""false"""
"=""cách tính lương và phụ cấp ngành y""","=""20""","=""0""","=""8""","=""Low""","=""true"""
"=""công thức tính lương bảo hiểm xã hội""","=""20""","=""0""","=""8""","=""Low""","=""false"""
"=""công thức tính lương công chức""","=""20""","=""0""","=""6""","=""Low""","=""true"""
"=""công thức tính lương công nhân""","=""20""","=""0""","=""6""","=""Low""","=""false"""
"=""công thức tính lương gross""","=""20""","=""0.03""","=""5""","=""Low""","=""false"""
"=""công thức tính lương hưu giáo viên""","=""20""","=""0""","=""7""","=""Low""","=""true"""
"=""công thức tính lương theo giờ""","=""20""","=""0""","=""6""","=""Low""","=""false"""
"=""công thức tính lương thử việc""","=""20""","=""0""","=""6""","=""Low""","=""true"""
"=""căn cứ tính lương hưu""","=""20""","=""0""","=""5""","=""Low""","=""false"""
"=""hướng dẫn cách tính lương""","=""20""","=""0""","=""5""","=""Low""","=""false"""
"=""hướng dẫn cách tính lương hưu""","=""20""","=""0""","=""6""","=""Low""","=""false"""
"=""hướng dẫn tính lương""","=""20""","=""0""","=""4""","=""Low""","=""true"""
"=""hệ số tính lương hưu""","=""20""","=""0""","=""5""","=""Low""","=""false"""
"=""kế toán tính lương""","=""20""","=""0""","=""4""","=""Low""","=""false"""
"=""mức lương bình quân tính lương hưu""","=""20""","=""0""","=""7""","=""Low""","=""false"""
"=""mức lương tính lương hưu""","=""20""","=""0""","=""5""","=""Low""","=""false"""
"=""phần mềm tính lương online""","=""20""","=""0.55""","=""5""","=""Medium""","=""true"""
"=""quy chế tính lương""","=""20""","=""0""","=""4""","=""Low""","=""false"""
"=""quy trình tính lương và thanh toán lương""","=""20""","=""0""","=""8""","=""Low""","=""true"""
"=""quy định chấm công tính lương""","=""20""","=""0""","=""6""","=""Low""","=""true"""
"=""quy định tính lương""","=""20""","=""0""","=""4""","=""Low""","=""false"""
"=""tỷ lệ tính lương hưu""","=""20""","=""0""","=""5""","=""Low""","=""false"""
"=""cách tính lương thương binh""","=""20""","=""0""","=""5""","=""Low""","=""false"""
"=""bảng tính lương fo4""","=""20""","=""0""","=""4""","=""Low""","=""false"""
"=""cách tính lương shipper best express""","=""20""","=""0""","=""6""","=""Low""","=""false"""
"=""cách tính lương lái xe taxi vinasun""","=""20""","=""0""","=""7""","=""Low""","=""false"""
"=""nghỉ phép có tính lương không""","=""20""","=""0""","=""6""","=""Low""","=""false"""
"=""kỹ thuật máy tính lương bao nhiêu""","=""20""","=""0""","=""7""","=""Low""","=""true"""
"=""app tính lương theo giờ""","=""20""","=""0.32""","=""5""","=""Medium""","=""false"""
"=""app tính lương hưu""","=""20""","=""0""","=""4""","=""Low""","=""true"""
"=""app tính lương tham khảo nghị định 182""","=""20""","=""0.47""","=""8""","=""Low""","=""true"""
"=""bảng tính lương excel tự động""","=""20""","=""0""","=""6""","=""Low""","=""false"""
"=""file tính lương bảng excel 2026""","=""20""","=""0""","=""6""","=""Low""","=""false"""
"=""file tính lương bảng excel 2024""","=""20""","=""0""","=""6""","=""Low""","=""false"""
"=""cách tính lương fpt software""","=""20""","=""0""","=""5""","=""Low""","=""false"""
"=""cách tính lương shipper ghn""","=""20""","=""0""","=""5""","=""Low""","=""false"""
"=""cách tính lương huu mới nhất""","=""20""","=""0""","=""6""","=""Low""","=""true"""
"=""cách tính lương shipper viettel post""","=""20""","=""0""","=""6""","=""Low""","=""false"""
"=""phần mềm tính lương nhân viên miễn phí""","=""10""","=""1.62""","=""8""","=""Medium""","=""false"""
"=""phần mềm tính lương công nhân""","=""10""","=""1.19""","=""6""","=""Medium""","=""false"""
"=""bang excel tinh luong nhan vien""","=""10""","=""0""","=""6""","=""Low""","=""false"""
"=""bang tinh luong nhan vien""","=""10""","=""0""","=""5""","=""Low""","=""false"""
"=""bang tính lương""","=""10""","=""0""","=""3""","=""Medium""","=""false"""
"=""bài tập tính lương theo sản phẩm tập thể""","=""10""","=""0""","=""9""","=""Low""","=""false"""
"=""bài tập tính lương theo thời gian""","=""10""","=""0""","=""7""","=""Low""","=""false"""
"=""bảo hiểm xã hội cách tính lương hưu""","=""10""","=""0""","=""8""","=""Low""","=""false"""
"=""bằng tính lương hưu excel""","=""10""","=""0""","=""5""","=""Low""","=""false"""
"=""bằng tính lương hưu năm 2022""","=""10""","=""0""","=""6""","=""Low""","=""false"""
"=""cach tinh luong bao hiem""","=""10""","=""0""","=""5""","=""Low""","=""false"""
"=""cach tinh luong bao hiem that nghiep""","=""10""","=""0""","=""7""","=""Low""","=""false"""
"=""cach tinh luong cho nhan vien""","=""10""","=""0""","=""6""","=""Low""","=""false"""
"=""cach tinh luong co ban""","=""10""","=""0""","=""5""","=""Low""","=""false"""
"=""cach tinh luong cong nhan""","=""10""","=""0""","=""5""","=""Low""","=""false"""
"=""cach tinh luong huu moi""","=""10""","=""0""","=""5""","=""Low""","=""false"""
"=""cach tinh luong khi nghi huu""","=""10""","=""0""","=""6""","=""Low""","=""false"""
"=""cach tinh luong nghi huu""","=""10""","=""0""","=""5""","=""Low""","=""false"""
"=""cach tinh luong nhan vien""","=""10""","=""0""","=""5""","=""Low""","=""false"""
"=""cach tinh luong thang""","=""10""","=""0""","=""4""","=""Low""","=""false"""
"=""cach tinh luong thu viec""","=""10""","=""0""","=""5""","=""Low""","=""false"""
"=""cach tinh luong ve huu""","=""10""","=""0""","=""5""","=""Low""","=""false"""
"=""chấm công tính lương bằng excel""","=""10""","=""0""","=""6""","=""Low""","=""false"""
"=""chấm công tính lương kiotviet""","=""10""","=""0""","=""5""","=""Low""","=""false"""
"=""cong thuc tinh luong co ban""","=""10""","=""0""","=""6""","=""Low""","=""false"""
"=""các cách tính lương""","=""10""","=""0""","=""4""","=""Low""","=""false"""
"=""các cách tính lương cho nhân viên""","=""10""","=""0""","=""7""","=""Low""","=""false"""
"=""các công thức tính lương""","=""10""","=""0""","=""5""","=""Low""","=""false"""
"=""các hình thức tính lương""","=""10""","=""0""","=""5""","=""Low""","=""false"""
"=""các hình thức tính lương hiện nay""","=""10""","=""0""","=""7""","=""Low""","=""false"""
"=""các phương pháp tính lương hiện nay""","=""10""","=""0""","=""7""","=""Low""","=""false"""
"=""cách chấm công tính lương trên excel""","=""10""","=""0""","=""7""","=""Low""","=""false"""
"=""cách chấm công tính lương trên misa""","=""10""","=""0""","=""7""","=""Low""","=""false"""
"=""cách chấm công và tính lương""","=""10""","=""0""","=""6""","=""Low""","=""false"""
"=""cách tính luong huu bao hiem xa hoi tu nguyen""","=""10""","=""0""","=""10""","=""Low""","=""false"""
"=""cách tính lương 1 giờ""","=""10""","=""0""","=""5""","=""Low""","=""false"""
"=""cách tính lương 2023""","=""10""","=""0""","=""4""","=""Low""","=""false"""
"=""cách tính lương 27 ngày công""","=""10""","=""0""","=""6""","=""Low""","=""false"""
"=""cách tính lương bhtn 2022""","=""10""","=""0""","=""5""","=""Low""","=""false"""
"=""cách tính lương bhxh tự nguyện""","=""10""","=""0""","=""6""","=""Low""","=""false"""
"=""cách tính lương bình quân 6 tháng liền kề""","=""10""","=""0""","=""9""","=""Low""","=""false"""
"=""cách tính lương bình quân bhxh 1 lần""","=""10""","=""0""","=""8""","=""Low""","=""false"""
"=""cách tính lương bình quân hưởng lương hưu""","=""10""","=""0""","=""8""","=""Low""","=""false"""
"=""cách tính lương bình quân nghỉ hưu""","=""10""","=""0""","=""7""","=""Low""","=""false"""
"=""cách tính lương bình quân để hưởng bhxh 1 lần""","=""10""","=""0""","=""10""","=""Low""","=""false"""
"=""cách tính lương bình quân để hưởng lương hưu""","=""10""","=""0""","=""9""","=""Low""","=""false"""
"=""cách tính lương bảo hiểm xã hội một lần""","=""10""","=""0""","=""9""","=""Low""","=""false"""
"=""cách tính lương ca 12 tiếng""","=""10""","=""0""","=""6""","=""Low""","=""false"""
"=""cách tính lương ca đêm 12 tiếng 2021""","=""10""","=""0""","=""8""","=""Low""","=""false"""
"=""cách tính lương cao đẳng""","=""10""","=""0""","=""5""","=""Low""","=""false"""
"=""cách tính lương cho công nhân may mặc""","=""10""","=""0""","=""8""","=""Low""","=""false"""
"=""cách tính lương cho công nhân sản xuất""","=""10""","=""0""","=""8""","=""Low""","=""false"""
"=""cách tính lương cho công nhân thời vụ""","=""10""","=""0""","=""8""","=""Low""","=""false"""
"=""cách tính lương cho công nhân viên chức nhà nước""","=""10""","=""0""","=""10""","=""Low""","=""false"""
"=""cách tính lương cho công nhân xây dựng""","=""10""","=""0""","=""8""","=""Low""","=""false"""
"=""cách tính lương cho doanh nghiệp""","=""10""","=""0""","=""6""","=""Low""","=""false"""
"=""cách tính lương cho giám đốc""","=""10""","=""0""","=""6""","=""Low""","=""false"""
"=""cách tính lương cho người nước ngoài""","=""10""","=""0""","=""7""","=""Low""","=""false"""
"=""cách tính lương cho nhân viên bán hàng""","=""10""","=""0""","=""8""","=""Low""","=""false"""
"=""cách tính lương cho nhân viên bảo vệ""","=""10""","=""0""","=""8""","=""Low""","=""false"""
"=""cách tính lương cho nhân viên kinh doanh""","=""10""","=""0""","=""8""","=""Low""","=""false"""
"=""cách tính lương cho nhân viên phục vụ""","=""10""","=""0""","=""8""","=""Low""","=""false"""
"=""cách tính lương cho nhân viên sale""","=""10""","=""0""","=""7""","=""Low""","=""false"""
"=""cách tính lương cho nhân viên spa""","=""10""","=""0""","=""7""","=""Low""","=""false"""
"=""cách tính lương cho nhân viên trong doanh nghiệp""","=""10""","=""0""","=""9""","=""Low""","=""false"""
"=""cách tính lương cho nhân viên văn phòng""","=""10""","=""0""","=""8""","=""Low""","=""false"""
"=""cách tính lương cho sales""","=""10""","=""0""","=""5""","=""Low""","=""false"""
"=""cách tính lương cho tháng 2""","=""10""","=""0""","=""6""","=""Low""","=""false"""
"=""cách tính lương chấm công""","=""10""","=""0""","=""5""","=""Low""","=""false"""
"=""cách tính lương cán bộ xã""","=""10""","=""0""","=""6""","=""Low""","=""false"""
"=""cách tính lương có bảo hiểm""","=""10""","=""0""","=""6""","=""Low""","=""false"""
"=""cách tính lương công an 2021""","=""10""","=""0""","=""6""","=""Low""","=""false"""
"=""cách tính lương công chức thuế""","=""10""","=""0""","=""6""","=""Low""","=""false"""
"=""cách tính lương công nhân sản xuất""","=""10""","=""0""","=""7""","=""Low""","=""false"""
"=""cách tính lương công nhân theo sản phẩm""","=""10""","=""0""","=""8""","=""Low""","=""false"""
"=""cách tính lương công nhân xây dựng""","=""10""","=""0""","=""7""","=""Low""","=""false"""
"=""cách tính lương công ty goertek""","=""10""","=""0""","=""6""","=""Low""","=""false"""
"=""cách tính lương công ty luxshare""","=""10""","=""0""","=""6""","=""Low""","=""false"""
"=""cách tính lương căn bản""","=""10""","=""0""","=""5""","=""Low""","=""false"""
"=""cách tính lương cơ bản 2020""","=""10""","=""0""","=""6""","=""Low""","=""false"""
"=""cách tính lương cơ bản 2021""","=""10""","=""0""","=""6""","=""Low""","=""false"""
"=""cách tính lương cơ bản 2022""","=""10""","=""0""","=""6""","=""Low""","=""false"""
"=""cách tính lương cơ bản của công nhân""","=""10""","=""0""","=""8""","=""Low""","=""false"""
"=""cách tính lương cơ bản và tăng ca""","=""10""","=""0""","=""8""","=""Low""","=""false"""
"=""cách tính lương cơ bản đóng bhxh""","=""10""","=""0""","=""7""","=""Low""","=""false"""
"=""cách tính lương cơ sở 2022""","=""10""","=""0""","=""6""","=""Low""","=""false"""
"=""cách tính lương cộng tác viên""","=""10""","=""0""","=""6""","=""Low""","=""false"""
"=""cách tính lương của công nhân""","=""10""","=""0""","=""6""","=""Low""","=""false"""
"=""cách tính lương của công ty""","=""10""","=""0""","=""6""","=""Low""","=""false"""
"=""cách tính lương của công ty cổ phần""","=""10""","=""0""","=""8""","=""Low""","=""false"""
"=""cách tính lương của công ty samsung""","=""10""","=""0""","=""7""","=""Low""","=""false"""
"=""cách tính lương của doanh nghiệp""","=""10""","=""0""","=""6""","=""Low""","=""false"""
"=""cách tính lương của giao hàng tiết kiệm""","=""10""","=""0""","=""8""","=""Low""","=""false"""
"=""cách tính lương của ngành y tế""","=""10""","=""0""","=""7""","=""Low""","=""false"""
"=""cách tính lương của ngành điện lực""","=""10""","=""0""","=""7""","=""Low""","=""false"""
"=""cách tính lương của quỹ tín dụng""","=""10""","=""0""","=""7""","=""Low""","=""false"""
"=""cách tính lương của viettel""","=""10""","=""0""","=""5""","=""Low""","=""false"""
"=""cách tính lương của vnpt""","=""10""","=""0""","=""5""","=""Low""","=""false"""
"=""cách tính lương cứng""","=""10""","=""0""","=""4""","=""Low""","=""false"""
"=""cách tính lương doanh nghiệp""","=""10""","=""0""","=""5""","=""Low""","=""false"""
"=""cách tính lương doanh số""","=""10""","=""0""","=""5""","=""Low""","=""false"""
"=""cách tính lương ghtk""","=""10""","=""0""","=""4""","=""Low""","=""false"""
"=""cách tính lương giáo viên 2022""","=""10""","=""0""","=""6""","=""Low""","=""false"""
"=""cách tính lương giáo viên năm 2022""","=""10""","=""0""","=""7""","=""Low""","=""false"""
"=""cách tính lương giáo viên từ 1 7 2022""","=""10""","=""0""","=""9""","=""Low""","=""false"""
"=""cách tính lương gross cho người nước ngoài""","=""10""","=""0""","=""8""","=""Low""","=""false"""
"=""cách tính lương gross ra net""","=""10""","=""0""","=""6""","=""Medium""","=""false"""
"=""cách tính lương gross sang lương net""","=""10""","=""0""","=""7""","=""Medium""","=""false"""
"=""cách tính lương gross thành net""","=""10""","=""0""","=""6""","=""Medium""","=""false"""
"=""cách tính lương gross từ net""","=""10""","=""0.03""","=""6""","=""Low""","=""false"""
"=""cách tính lương gross và lương net""","=""10""","=""0""","=""7""","=""Medium""","=""false"""
"=""cách tính lương huu cơ bản""","=""10""","=""0""","=""6""","=""Low""","=""false"""
"=""cách tính lương huu giáo viên""","=""10""","=""0""","=""6""","=""Low""","=""false"""
"=""cách tính lương hàng tháng cho nhân viên""","=""10""","=""0""","=""8""","=""Low""","=""false"""
"=""cách tính lương hưu 2021""","=""10""","=""0""","=""5""","=""Low""","=""false"""
"=""cách tính lương hưu 2022""","=""10""","=""0""","=""5""","=""Low""","=""false"""
"=""cách tính lương hưu 2023""","=""10""","=""0""","=""5""","=""Low""","=""false"""
"=""cách tính lương hưu bảo hiểm xã hội năm 2022""","=""10""","=""0""","=""10""","=""Low""","=""false"""
"=""cách tính lương hưu cho cán bộ công chức""","=""10""","=""0""","=""9""","=""Low""","=""false"""
"=""cách tính lương hưu cho công ty cổ phần""","=""10""","=""0""","=""9""","=""Low""","=""false"""
"=""cách tính lương hưu cho người nghỉ hưu trước tuổi""","=""10""","=""0""","=""10""","=""Low""","=""false"""
"=""cách tính lương hưu cho người đóng bhxh""","=""10""","=""0""","=""8""","=""Low""","=""false"""
"=""cách tính lương hưu cán bộ xã""","=""10""","=""0""","=""7""","=""Low""","=""false"""
"=""cách tính lương hưu công chức""","=""10""","=""0""","=""6""","=""Low""","=""false"""
"=""cách tính lương hưu công nhân""","=""10""","=""0""","=""6""","=""Low""","=""false"""
"=""cách tính lương hưu của bhxh tự nguyện""","=""10""","=""0""","=""8""","=""Low""","=""false"""
"=""cách tính lương hưu của bảo hiểm tự nguyện""","=""10""","=""0""","=""9""","=""Low""","=""false"""
"=""cách tính lương hưu của bộ đội""","=""10""","=""0""","=""7""","=""Low""","=""false"""
"=""cách tính lương hưu của công an""","=""10""","=""0""","=""7""","=""Low""","=""false"""
"=""cách tính lương hưu của công an nhân dân""","=""10""","=""0""","=""9""","=""Low""","=""false"""
"=""cách tính lương hưu của công chức""","=""10""","=""0""","=""7""","=""Low""","=""false"""
"=""cách tính lương hưu của công nhân""","=""10""","=""0""","=""7""","=""Low""","=""false"""
"=""cách tính lương hưu của giáo viên năm 2021""","=""10""","=""0""","=""9""","=""Low""","=""false"""
"=""cách tính lương hưu của giáo viên năm 2022""","=""10""","=""0""","=""9""","=""Low""","=""false"""
"=""cách tính lương hưu của nữ""","=""10""","=""0""","=""6""","=""Low""","=""false"""
"=""cách tính lương hưu của quân đội""","=""10""","=""0""","=""7""","=""Low""","=""false"""
"=""cách tính lương hưu giáo viên năm 2022""","=""10""","=""0""","=""8""","=""Low""","=""false"""
"=""cách tính lương hưu khi nghỉ trước tuổi""","=""10""","=""0""","=""8""","=""Low""","=""false"""
"=""cách tính lương hưu khi tham gia bhxh tự nguyện""","=""10""","=""0""","=""10""","=""Low""","=""false"""
"=""cách tính lương hưu khi về hưu trước tuổi""","=""10""","=""0""","=""9""","=""Low""","=""false"""
"=""cách tính lương hưu khi về trước tuổi""","=""10""","=""0""","=""8""","=""Low""","=""false"""
"=""cách tính lương hưu khi đóng bhxh""","=""10""","=""0""","=""7""","=""Low""","=""true"""
"=""cách tính lương hưu khi đóng bảo hiểm tự nguyện""","=""10""","=""0""","=""10""","=""Low""","=""false"""
"=""cách tính lương hưu khối doanh nghiệp""","=""10""","=""0""","=""7""","=""Low""","=""false"""
"=""cách tính lương hưu lãnh 1 lần""","=""10""","=""0""","=""7""","=""Low""","=""false"""
"=""cách tính lương hưu lấy 1 lần""","=""10""","=""0""","=""7""","=""Low""","=""false"""
"=""cách tính lương hưu nghỉ trước tuổi""","=""10""","=""0""","=""7""","=""Low""","=""false"""
"=""cách tính lương hưu nhà nước""","=""10""","=""0""","=""6""","=""Low""","=""true"""
"=""cách tính lương hưu nhận 1 lần""","=""10""","=""0""","=""7""","=""Low""","=""false"""
"=""cách tính lương hưu năm 2020""","=""10""","=""0""","=""6""","=""Low""","=""false"""
"=""cách tính lương hưu năm 2021""","=""10""","=""0""","=""6""","=""Low""","=""false"""
"=""cách tính lương hưu năm 2022""","=""10""","=""0""","=""6""","=""Low""","=""false"""
"=""cách tính lương hưu năm 2022 trong quân đội""","=""10""","=""0""","=""9""","=""Low""","=""false"""
"=""cách tính lương hưu năm 2022 đối với nam""","=""10""","=""0""","=""9""","=""Low""","=""false"""
"=""cách tính lương hưu năm 2022 đối với nữ""","=""10""","=""0""","=""9""","=""Low""","=""false"""
"=""cách tính lương hưu năm 2023 đối với nữ""","=""10""","=""0""","=""9""","=""Low""","=""false"""
"=""cách tính lương hưu qncn""","=""10""","=""0""","=""5""","=""Low""","=""false"""
"=""cách tính lương hưu quân đội năm 2021""","=""10""","=""0""","=""8""","=""Low""","=""false"""
"=""cách tính lương hưu quân đội năm 2022""","=""10""","=""0""","=""8""","=""Low""","=""false"""
"=""cách tính lương hưu sĩ quan quân đội""","=""10""","=""0""","=""8""","=""Low""","=""false"""
"=""cách tính lương hưu theo bảo hiểm xã hội""","=""10""","=""0""","=""9""","=""Low""","=""false"""
"=""cách tính lương hưu theo hệ số""","=""10""","=""0""","=""7""","=""Low""","=""false"""
"=""cách tính lương hưu theo nghị định 108""","=""10""","=""0""","=""8""","=""Low""","=""false"""
"=""cách tính lương hưu theo nghị định 26""","=""10""","=""0""","=""8""","=""Low""","=""false"""
"=""cách tính lương hưu trong công an nhân dân""","=""10""","=""0""","=""9""","=""Low""","=""false"""
"=""cách tính lương hưu trước tuổi""","=""10""","=""0""","=""6""","=""Low""","=""false"""
"=""cách tính lương hưu trước tuổi năm 2021""","=""10""","=""0""","=""8""","=""Low""","=""false"""
"=""cách tính lương hưu trước tuổi theo nghị định 108""","=""10""","=""0""","=""10""","=""Low""","=""false"""
"=""cách tính lương hưu tăng 7 4""","=""10""","=""0""","=""7""","=""Low""","=""false"""
"=""cách tính lương hưu từ 1 7 2020""","=""10""","=""0""","=""8""","=""Low""","=""false"""
"=""cách tính lương hưu từ bảo hiểm xã hội""","=""10""","=""0""","=""9""","=""Low""","=""false"""
"=""cách tính lương hưu từ năm 2021""","=""10""","=""0""","=""7""","=""Low""","=""false"""
"=""cách tính lương hưu viên chức""","=""10""","=""0""","=""6""","=""Low""","=""true"""
"=""cách tính lương hưu về trước tuổi""","=""10""","=""0""","=""7""","=""Low""","=""false"""
"=""cách tính lương hưu đóng bảo hiểm tự nguyện""","=""10""","=""0""","=""9""","=""Low""","=""false"""
"=""cách tính lương hưu đóng bảo hiểm xã hội""","=""10""","=""0""","=""9""","=""Low""","=""true"""
"=""cách tính lương hưu đối với cán bộ công chức""","=""10""","=""0""","=""10""","=""Low""","=""false"""
"=""cách tính lương hưu đối với sĩ quan chuyển ngành""","=""10""","=""0""","=""10""","=""Low""","=""false"""
"=""cách tính lương hưởng bhxh 1 lần""","=""10""","=""0""","=""7""","=""Low""","=""false"""
"=""cách tính lương hưởng bảo hiểm xã hội 1 lần""","=""10""","=""0""","=""10""","=""Low""","=""false"""
"=""cách tính lương hưởng chế độ thai sản""","=""10""","=""0""","=""8""","=""Low""","=""false"""
"=""cách tính lương hệ số 1.5""","=""10""","=""0""","=""6""","=""Low""","=""false"""
"=""cách tính lương hợp đồng 68 năm 2022""","=""10""","=""0""","=""8""","=""Low""","=""false"""
"=""cách tính lương khoán sản phẩm""","=""10""","=""0""","=""6""","=""Low""","=""false"""
"=""cách tính lương khoán theo doanh thu""","=""10""","=""0""","=""7""","=""Low""","=""false"""
"=""cách tính lương khoán theo sản phẩm""","=""10""","=""0""","=""7""","=""Low""","=""false"""
"=""cách tính lương khoán trong công ty xây dựng""","=""10""","=""0""","=""9""","=""Low""","=""false"""
"=""cách tính lương kinh doanh""","=""10""","=""0""","=""5""","=""Low""","=""false"""
"=""cách tính lương kế toán""","=""10""","=""0""","=""5""","=""Low""","=""false"""
"=""cách tính lương kỹ sư""","=""10""","=""0""","=""5""","=""Low""","=""false"""
"=""cách tính lương làm kíp samsung""","=""10""","=""0""","=""6""","=""Low""","=""false"""
"=""cách tính lương làm thêm giờ ban đêm""","=""10""","=""0""","=""8""","=""Low""","=""false"""
"=""cách tính lương làm thêm giờ ngày thường""","=""10""","=""0""","=""8""","=""Low""","=""true"""
"=""cách tính lương làm thêm giờ vào ngày nghỉ""","=""10""","=""0""","=""9""","=""Low""","=""false"""
"=""cách tính lương lũy tiến""","=""10""","=""0""","=""5""","=""Low""","=""false"""
"=""cách tính lương mới 2023""","=""10""","=""0""","=""5""","=""Low""","=""false"""
"=""cách tính lương mới của quân đội""","=""10""","=""0""","=""7""","=""Low""","=""false"""
"=""cách tính lương mới năm 2023""","=""10""","=""0""","=""6""","=""Low""","=""false"""
"=""cách tính lương mới theo cải cách tiền lương""","=""10""","=""0""","=""9""","=""Low""","=""false"""
"=""cách tính lương mới từ 1 7 2022""","=""10""","=""0""","=""8""","=""Low""","=""false"""
"=""cách tính lương net cho người nước ngoài""","=""10""","=""0""","=""8""","=""Low""","=""false"""
"=""cách tính lương net qua gross""","=""10""","=""0""","=""6""","=""Low""","=""false"""
"=""cách tính lương net ra lương gross""","=""10""","=""0""","=""7""","=""Low""","=""false"""
"=""cách tính lương net sang gross 2021""","=""10""","=""0""","=""7""","=""Low""","=""false"""
"=""cách tính lương net và lương gross""","=""10""","=""0.02""","=""7""","=""Medium""","=""true"""
"=""cách tính lương nghỉ hưu năm 2022""","=""10""","=""0""","=""7""","=""Low""","=""false"""
"=""cách tính lương nghỉ hưu năm 2023""","=""10""","=""0""","=""7""","=""Low""","=""false"""
"=""cách tính lương nghỉ hưu trước tuổi""","=""10""","=""0""","=""7""","=""Low""","=""false"""
"=""cách tính lương nghỉ hưu trước tuổi năm 2021""","=""10""","=""0""","=""9""","=""Low""","=""false"""
"=""cách tính lương nghỉ hưu trước tuổi năm 2022""","=""10""","=""0""","=""9""","=""Low""","=""false"""
"=""cách tính lương nghỉ hưu đúng tuổi""","=""10""","=""0""","=""7""","=""Low""","=""false"""
"=""cách tính lương ngân hàng""","=""10""","=""0""","=""5""","=""Low""","=""false"""
"=""cách tính lương nhà nước 2022""","=""10""","=""0""","=""6""","=""Low""","=""false"""
"=""cách tính lương nhân 3""","=""10""","=""0""","=""5""","=""Low""","=""false"""
"=""cách tính lương nhân công""","=""10""","=""0""","=""5""","=""Low""","=""false"""
"=""cách tính lương nhân công trong xây dựng""","=""10""","=""0""","=""8""","=""Low""","=""false"""
"=""cách tính lương nhân hệ số""","=""10""","=""0""","=""6""","=""Low""","=""false"""
"=""cách tính lương nhân viên bán hàng""","=""10""","=""0""","=""7""","=""Low""","=""false"""
"=""cách tính lương nhân viên kinh doanh""","=""10""","=""0""","=""7""","=""Low""","=""false"""
"=""cách tính lương nhân viên nhà hàng""","=""10""","=""0""","=""7""","=""Low""","=""false"""
"=""cách tính lương nhân viên phục vụ""","=""10""","=""0""","=""7""","=""Low""","=""false"""
"=""cách tính lương nhân viên spa""","=""10""","=""0""","=""6""","=""Low""","=""false"""
"=""cách tính lương nhân viên văn phòng""","=""10""","=""0""","=""7""","=""Low""","=""false"""
"=""cách tính lương năm 2021""","=""10""","=""0""","=""5""","=""Low""","=""false"""
"=""cách tính lương năm 2022""","=""10""","=""0""","=""5""","=""Low""","=""false"""
"=""cách tính lương năm 2023""","=""10""","=""0""","=""5""","=""Low""","=""false"""
"=""cách tính lương năng suất""","=""10""","=""0""","=""5""","=""Low""","=""false"""
"=""cách tính lương p2""","=""10""","=""0""","=""4""","=""Low""","=""false"""
"=""cách tính lương quân đội năm 2023""","=""10""","=""0""","=""7""","=""Low""","=""false"""
"=""cách tính lương sale""","=""10""","=""0""","=""4""","=""Low""","=""false"""
"=""cách tính lương sau khi trừ bảo hiểm""","=""10""","=""0""","=""8""","=""Low""","=""false"""
"=""cách tính lương sau thuế và bảo hiểm""","=""10""","=""0""","=""8""","=""Medium""","=""false"""
"=""cách tính lương shipper của viettel""","=""10""","=""0""","=""6""","=""Low""","=""false"""
"=""cách tính lương shipper giao hàng tiết kiệm""","=""10""","=""0""","=""8""","=""Low""","=""false"""
"=""cách tính lương shipper ninja van""","=""10""","=""0""","=""6""","=""Low""","=""false"""
"=""cách tính lương sĩ quan quân đội 2020""","=""10""","=""0""","=""8""","=""Low""","=""false"""
"=""cách tính lương sản phẩm ngành may""","=""10""","=""0""","=""7""","=""Low""","=""false"""
"=""cách tính lương sản phẩm trong công ty may""","=""10""","=""0""","=""9""","=""Low""","=""false"""
"=""cách tính lương sản phẩm trên excel""","=""10""","=""0""","=""7""","=""Low""","=""false"""
"=""cách tính lương theo bảo hiểm xã hội""","=""10""","=""0""","=""8""","=""Low""","=""false"""
"=""cách tính lương theo ca""","=""10""","=""0""","=""5""","=""Low""","=""false"""
"=""cách tính lương theo chấm""","=""10""","=""0""","=""5""","=""Low""","=""false"""
"=""cách tính lương theo công đoạn may""","=""10""","=""0""","=""7""","=""Low""","=""false"""
"=""cách tính lương theo doanh số""","=""10""","=""0""","=""6""","=""Low""","=""false"""
"=""cách tính lương theo doanh số bán hàng""","=""10""","=""0""","=""8""","=""Low""","=""false"""
"=""cách tính lương theo doanh thu""","=""10""","=""0""","=""6""","=""Low""","=""false"""
"=""cách tính lương theo doanh thu bằng excel""","=""10""","=""0""","=""8""","=""Low""","=""false"""
"=""cách tính lương theo giờ trong excel""","=""10""","=""0""","=""7""","=""Low""","=""false"""
"=""cách tính lương theo hiệu quả công việc""","=""10""","=""0""","=""8""","=""Low""","=""false"""
"=""cách tính lương theo hệ số 2021""","=""10""","=""0""","=""7""","=""Low""","=""false"""
"=""cách tính lương theo hệ số kpi""","=""10""","=""0""","=""7""","=""Low""","=""false"""
"=""cách tính lương theo hệ số lương""","=""10""","=""0""","=""7""","=""Low""","=""false"""
"=""cách tính lương theo luật mới""","=""10""","=""0""","=""6""","=""Low""","=""false"""
"=""cách tính lương theo lương tối thiểu vùng""","=""10""","=""0""","=""8""","=""Low""","=""false"""
"=""cách tính lương theo năng lực""","=""10""","=""0""","=""6""","=""Low""","=""false"""
"=""cách tính lương theo phương pháp 3p""","=""10""","=""0""","=""7""","=""Low""","=""false"""
"=""cách tính lương theo phần trăm""","=""10""","=""0""","=""6""","=""Low""","=""false"""
"=""cách tính lương theo phần trăm doanh thu""","=""10""","=""0""","=""8""","=""Low""","=""false"""
"=""cách tính lương theo quy định của nhà nước""","=""10""","=""0""","=""9""","=""Low""","=""false"""
"=""cách tính lương theo quy định mới nhất""","=""10""","=""0""","=""8""","=""Low""","=""false"""
"=""cách tính lương theo sản phẩm cho công nhân may""","=""10""","=""0""","=""10""","=""Low""","=""false"""
"=""cách tính lương theo sản phẩm trên excel""","=""10""","=""0""","=""8""","=""Low""","=""false"""
"=""cách tính lương theo sản phẩm tập thể""","=""10""","=""0""","=""8""","=""Low""","=""false"""
"=""cách tính lương theo tiếng""","=""10""","=""0""","=""5""","=""Low""","=""false"""
"=""cách tính lương thuế thu nhập cá nhân""","=""10""","=""0""","=""8""","=""Low""","=""false"""
"=""cách tính lương tháng 13 của doanh nghiệp""","=""10""","=""0""","=""8""","=""Low""","=""false"""
"=""cách tính lương tháng 13 excel""","=""10""","=""0""","=""6""","=""Low""","=""false"""
"=""cách tính lương tháng 13 kế toán thiên ưng""","=""10""","=""0""","=""9""","=""Low""","=""false"""
"=""cách tính lương tháng 13 năm 2022""","=""10""","=""0""","=""7""","=""Low""","=""false"""
"=""cách tính lương tháng 13 theo quy định nhà nước""","=""10""","=""0""","=""10""","=""Low""","=""false"""
"=""cách tính lương tháng 13 theo thâm niên""","=""10""","=""0""","=""8""","=""Low""","=""false"""
"=""cách tính lương tháng cho nhân viên""","=""10""","=""0""","=""7""","=""Low""","=""false"""
"=""cách tính lương thâm niên cho nhân viên""","=""10""","=""0""","=""8""","=""Low""","=""false"""
"=""cách tính lương thưởng cho nhân viên""","=""10""","=""0""","=""7""","=""Low""","=""false"""
"=""cách tính lương thưởng theo doanh thu""","=""10""","=""0""","=""7""","=""Low""","=""false"""
"=""cách tính lương thưởng tết cho nhân viên""","=""10""","=""0""","=""8""","=""Low""","=""false"""
"=""cách tính lương thất nghiệp 2022""","=""10""","=""0""","=""6""","=""Low""","=""false"""
"=""cách tính lương thử việc và lương chính thức""","=""10""","=""0""","=""9""","=""Low""","=""false"""
"=""cách tính lương thực lãnh""","=""10""","=""0""","=""5""","=""Low""","=""false"""
"=""cách tính lương thực lĩnh""","=""10""","=""0""","=""5""","=""Low""","=""false"""
"=""cách tính lương thực nhận từ lương gross""","=""10""","=""0""","=""8""","=""Medium""","=""false"""
"=""cách tính lương thực tế""","=""10""","=""0""","=""5""","=""Low""","=""false"""
"=""cách tính lương tokin""","=""10""","=""0""","=""4""","=""Low""","=""false"""
"=""cách tính lương trong doanh nghiệp""","=""10""","=""0""","=""6""","=""Low""","=""false"""
"=""cách tính lương trong doanh nghiệp nhà nước""","=""10""","=""0""","=""8""","=""Low""","=""false"""
"=""cách tính lương trong ngành may mặc""","=""10""","=""0""","=""7""","=""Low""","=""false"""
"=""cách tính lương trung bình khi nghỉ hưu""","=""10""","=""0""","=""8""","=""Low""","=""false"""
"=""cách tính lương trên misa 2021""","=""10""","=""0""","=""6""","=""Low""","=""false"""
"=""cách tính lương trên misa 2022""","=""10""","=""0""","=""6""","=""Low""","=""false"""
"=""cách tính lương trên phần mềm misa""","=""10""","=""0""","=""7""","=""Low""","=""false"""
"=""cách tính lương trừ bhxh""","=""10""","=""0""","=""5""","=""Low""","=""false"""
"=""cách tính lương trừ bảo hiểm""","=""10""","=""0""","=""6""","=""Low""","=""true"""
"=""cách tính lương trừ thuế thu nhập cá nhân""","=""10""","=""0""","=""9""","=""Low""","=""false"""
"=""cách tính lương tăng ca 2022""","=""10""","=""0""","=""6""","=""Low""","=""false"""
"=""cách tính lương tăng ca theo luật mới""","=""10""","=""0""","=""8""","=""Low""","=""false"""
"=""cách tính lương từ 1 7 2022""","=""10""","=""0""","=""7""","=""Low""","=""false"""
"=""cách tính lương từ máy chấm công""","=""10""","=""0""","=""7""","=""Low""","=""false"""
"=""cách tính lương từ net sang gross""","=""10""","=""0.03""","=""7""","=""Low""","=""false"""
"=""cách tính lương từ trung cấp sang cao đẳng""","=""10""","=""0""","=""9""","=""Low""","=""false"""
"=""cách tính lương và bảo hiểm""","=""10""","=""0""","=""6""","=""Low""","=""false"""
"=""cách tính lương và bảo hiểm xã hội""","=""10""","=""0""","=""8""","=""Low""","=""true"""
"=""cách tính lương và các khoản phụ cấp""","=""10""","=""0""","=""8""","=""Low""","=""false"""
"=""cách tính lương và các khoản trích theo lương""","=""10""","=""0""","=""9""","=""Low""","=""false"""
"=""cách tính lương về hưu năm 2022""","=""10""","=""0""","=""7""","=""Low""","=""false"""
"=""cách tính lương về hưu trước tuổi""","=""10""","=""0""","=""7""","=""Low""","=""false"""
"=""cách tính lương về một cục""","=""10""","=""0""","=""6""","=""Low""","=""false"""
"=""cách tính lương vừa thử việc vừa chính thức""","=""10""","=""0""","=""9""","=""Low""","=""false"""
"=""cách tính lương ăn theo sản phẩm""","=""10""","=""0""","=""7""","=""Low""","=""false"""
"=""cách tính lương đóng bảo hiểm xã hội 2022""","=""10""","=""0""","=""9""","=""Low""","=""false"""
"=""công cụ tính lương gross net joboko""","=""10""","=""0""","=""7""","=""Low""","=""false"""
"=""công cụ tính lương gross to net""","=""10""","=""0""","=""7""","=""Low""","=""false"""
"=""công thức tính lương gross net""","=""10""","=""0""","=""6""","=""Low""","=""false"""
"=""công thức tính lương gross từ net""","=""10""","=""0""","=""7""","=""Low""","=""false"""
"=""công thức tính lương gross và net""","=""10""","=""0""","=""7""","=""Low""","=""false"""
"=""công thức tính lương hàng tháng""","=""10""","=""0""","=""6""","=""Low""","=""false"""
"=""công thức tính lương hưu bảo hiểm xã hội""","=""10""","=""0""","=""9""","=""Low""","=""false"""
"=""công thức tính lương hưu cho giáo viên""","=""10""","=""0""","=""8""","=""Low""","=""false"""
"=""công thức tính lương hưu excel""","=""10""","=""0""","=""6""","=""Low""","=""false"""
"=""công thức tính lương hưu hiện nay""","=""10""","=""0""","=""7""","=""Low""","=""false"""
"=""công thức tính lương hưu hàng tháng""","=""10""","=""0""","=""7""","=""Low""","=""false"""
"=""công thức tính lương hưu năm 2021""","=""10""","=""0""","=""7""","=""Low""","=""false"""
"=""công thức tính lương hưu năm 2022""","=""10""","=""0""","=""7""","=""Low""","=""false"""
"=""công thức tính lương khi nghỉ hưu""","=""10""","=""0""","=""7""","=""Low""","=""false"""
"=""công thức tính lương khoán""","=""10""","=""0""","=""5""","=""Low""","=""false"""
"=""công thức tính lương kpi""","=""10""","=""0""","=""5""","=""Low""","=""false"""
"=""công thức tính lương net ra gross""","=""10""","=""0.03""","=""7""","=""Medium""","=""true"""
"=""công thức tính lương net sang gross 2018""","=""10""","=""0""","=""8""","=""Low""","=""false"""
"=""công thức tính lương net và gross""","=""10""","=""0""","=""7""","=""Low""","=""false"""
"=""công thức tính lương ngày chủ nhật""","=""10""","=""0""","=""7""","=""Low""","=""false"""
"=""công thức tính lương nhân viên""","=""10""","=""0""","=""6""","=""Low""","=""false"""
"=""công thức tính lương năng suất""","=""10""","=""0""","=""6""","=""Low""","=""false"""
"=""công thức tính lương sĩ quan quân đội""","=""10""","=""0""","=""8""","=""Low""","=""false"""
"=""công thức tính lương theo kpi""","=""10""","=""0""","=""6""","=""Low""","=""false"""
"=""công thức tính lương theo ngày công""","=""10""","=""0""","=""7""","=""Low""","=""false"""
"=""công thức tính lương theo sản phẩm""","=""10""","=""0""","=""7""","=""Low""","=""false"""
"=""công thức tính lương tháng thứ 13""","=""10""","=""0""","=""7""","=""Low""","=""false"""
"=""công thức tính lương thời gian""","=""10""","=""0""","=""6""","=""Low""","=""false"""
"=""công thức tính lương thực tế""","=""10""","=""0""","=""6""","=""Low""","=""false"""
"=""công thức tính lương tăng ca trong excel""","=""10""","=""0""","=""8""","=""Low""","=""true"""
"=""công thức tính lương từ gross sang net""","=""10""","=""0""","=""8""","=""Medium""","=""false"""
"=""công thức tính lương đóng bảo hiểm""","=""10""","=""0""","=""7""","=""Low""","=""false"""
"=""download bài tập excel tính lương""","=""10""","=""0""","=""6""","=""Low""","=""false"""
"=""download phần mềm tính lương miễn phí bằng excel""","=""10""","=""0""","=""9""","=""Medium""","=""false"""
"=""dự thảo cách tính lương mới""","=""10""","=""0""","=""6""","=""Low""","=""false"""
"=""hình thức tính lương""","=""10""","=""0""","=""4""","=""Low""","=""false"""
"=""hướng dẫn chấm công tính lương""","=""10""","=""0""","=""6""","=""Low""","=""false"""
"=""hướng dẫn tính lương cho công nhân""","=""10""","=""0""","=""7""","=""Low""","=""false"""
"=""hướng dẫn tính lương hưu""","=""10""","=""0""","=""5""","=""Low""","=""false"""
"=""hệ số tính lương""","=""10""","=""0""","=""4""","=""Low""","=""false"""
"=""hệ thống tính lương bảo hiểm xã hội 1 lần""","=""10""","=""0""","=""10""","=""Low""","=""false"""
"=""hệ thống tính lương hưu""","=""10""","=""0""","=""5""","=""Low""","=""false"""
"=""kpi tính lương""","=""10""","=""0""","=""3""","=""Low""","=""false"""
"=""luật tính lương tăng ca""","=""10""","=""0""","=""5""","=""Low""","=""true"""
"=""lưu đồ quy trình tính lương""","=""10""","=""0""","=""6""","=""Low""","=""false"""
"=""lương bình quân tính lương hưu""","=""10""","=""0""","=""6""","=""Low""","=""false"""
"=""lộ trình tính lương hưu""","=""10""","=""0""","=""5""","=""Low""","=""false"""
"=""lộ trình tính lương hưu theo luật bhxh mới""","=""10""","=""0""","=""9""","=""Low""","=""false"""
"=""mức bình quân tiền lương để tính lương hưu""","=""10""","=""0""","=""9""","=""Low""","=""false"""
"=""mức lương bình quân để tính lương hưu""","=""10""","=""0""","=""8""","=""Low""","=""false"""
"=""mức lương cơ sở để tính lương hưu""","=""10""","=""0""","=""8""","=""Low""","=""false"""
"=""mức tính lương hưu 2022""","=""10""","=""0""","=""5""","=""Low""","=""false"""
"=""mức tính lương hưu năm 2022""","=""10""","=""0""","=""6""","=""Low""","=""false"""
"=""nghiệp vụ tính lương""","=""10""","=""0""","=""4""","=""Low""","=""false"""
"=""nguyên tắc tính lương tháng 13""","=""10""","=""0""","=""6""","=""Low""","=""false"""
"=""nhân sự tính lương""","=""10""","=""0""","=""4""","=""Low""","=""false"""
"=""nhân viên tính lương""","=""10""","=""0""","=""4""","=""Low""","=""false"""
"=""phan mem cham cong tinh luong""","=""10""","=""0""","=""6""","=""High""","=""false"""
"=""phan mem tinh luong mien phi""","=""10""","=""1.23""","=""6""","=""High""","=""false"""
"=""phan mem tinh luong nhan vien""","=""10""","=""0""","=""6""","=""Low""","=""false"""
"=""phương pháp tính lương""","=""10""","=""0""","=""4""","=""Low""","=""false"""
"=""phương pháp tính lương 3p""","=""10""","=""0.16""","=""5""","=""Low""","=""false"""
"=""phương pháp tính lương theo sản phẩm""","=""10""","=""0""","=""7""","=""Low""","=""false"""
"=""phương pháp tính lương theo thời gian""","=""10""","=""0""","=""7""","=""Low""","=""false"""
"=""phần mềm tính lương cá nhân""","=""10""","=""0""","=""6""","=""Low""","=""false"""
"=""phần mềm tính lương excel miễn phí""","=""10""","=""0""","=""7""","=""Low""","=""false"""
"=""phần mềm tính lương paradise""","=""10""","=""0""","=""5""","=""High""","=""false"""
"=""phần mềm tính lương theo kpi""","=""10""","=""0""","=""6""","=""Low""","=""false"""
"=""quy chế tính lương kpi""","=""10""","=""0""","=""5""","=""Low""","=""false"""
"=""quy trinh tinh luong""","=""10""","=""0""","=""4""","=""Low""","=""false"""
"=""quy trình chấm công và tính lương""","=""10""","=""0""","=""7""","=""Low""","=""false"""
"=""quy trình tính lương cho nhân viên""","=""10""","=""0""","=""7""","=""Low""","=""false"""
"=""quy trình tính lương trong doanh nghiệp""","=""10""","=""0""","=""7""","=""Low""","=""false"""
"=""quy định mới nhất về cách tính lương hưu""","=""10""","=""0""","=""9""","=""Low""","=""false"""
"=""quy định tính lương tháng 13""","=""10""","=""0""","=""6""","=""Low""","=""false"""
"=""quy định về chấm công tính lương""","=""10""","=""0""","=""7""","=""Low""","=""false"""
"=""quy định về cách tính lương""","=""10""","=""0""","=""6""","=""Low""","=""false"""
"=""quy định về cách tính lương hưu""","=""10""","=""0""","=""7""","=""Low""","=""false"""
"=""quy định về tính lương""","=""10""","=""0""","=""5""","=""Low""","=""false"""
"=""topcv tinh luong net""","=""10""","=""0""","=""4""","=""Low""","=""false"""
"=""định khoản tính lương""","=""10""","=""0""","=""4""","=""Low""","=""false"""
"=""app tính lương của nhật""","=""10""","=""0""","=""5""","=""Low""","=""false"""
"=""cách tính lương biên chế""","=""10""","=""0""","=""5""","=""Low""","=""false"""
"=""cách tính lương bigo""","=""10""","=""0""","=""4""","=""Low""","=""false"""
"=""cách tính lương lg display""","=""10""","=""0""","=""5""","=""Low""","=""false"""
"=""web tính lương fo4""","=""10""","=""0""","=""4""","=""Low""","=""false"""
"=""cách tính lương fo4""","=""10""","=""0""","=""4""","=""Low""","=""false"""
"=""phần mềm tính lương free""","=""10""","=""0""","=""5""","=""High""","=""false"""
"=""app tính lương trên iphone""","=""10""","=""0""","=""5""","=""Low""","=""false"""
"=""cách tính lương kiêm nhiệm kế toán""","=""10""","=""0""","=""7""","=""Low""","=""false"""
"=""cách tính lương kiêm nhiệm""","=""10""","=""0""","=""5""","=""Low""","=""false"""
"=""cách tính lương đài loan""","=""10""","=""0""","=""5""","=""Low""","=""false"""
"=""cách tính lương nimo tv""","=""10""","=""0""","=""5""","=""Low""","=""false"""
"=""cách tính lương part time""","=""10""","=""0""","=""5""","=""Low""","=""false"""
"=""cách tính lương shopee express""","=""10""","=""0""","=""5""","=""Low""","=""false"""
"=""cách tính lương lái xe taxi mai linh""","=""10""","=""0""","=""8""","=""Low""","=""false"""
"=""bảng tính lương lái xe""","=""10""","=""0""","=""5""","=""Low""","=""false"""
"=""cách tính lương lái xe tải""","=""10""","=""0""","=""6""","=""Low""","=""false"""
"=""cách tính lương y tế học đường""","=""10""","=""0""","=""7""","=""Low""","=""false"""
"=""nghỉ tết tính lương thế nào""","=""10""","=""0""","=""6""","=""Low""","=""false"""
"=""cách tính lương có phụ cấp""","=""10""","=""0""","=""6""","=""Low""","=""false"""
"=""app tính lương hàn quốc""","=""10""","=""0""","=""5""","=""Low""","=""false"""
"=""cách tính lương biên giới""","=""10""","=""0""","=""5""","=""Low""","=""false"""
"=""trong thuật toán tính lương biến nào là biến đầu ra""","=""10""","=""0""","=""11""","=""Low""","=""false"""
"=""cách tính lương cty goertek""","=""10""","=""0""","=""5""","=""Low""","=""false"""
"=""topcv tính lương gross""","=""10""","=""0""","=""4""","=""Low""","=""false"""
"=""bảng tính lương excel 2025""","=""10""","=""0""","=""5""","=""Low""","=""false"""
"=""bảng tính lương excel 2024""","=""10""","=""0""","=""5""","=""Low""","=""false"""
"=""file tính lương 2026""","=""10""","=""0""","=""4""","=""Low""","=""false"""
"=""file tính lương hưu""","=""10""","=""0""","=""4""","=""Low""","=""false"""
"=""file tính lương hưu 2026""","=""10""","=""0""","=""5""","=""Low""","=""true"""
"=""cách tính lương huu bảo hiểm xã hội""","=""10""","=""0""","=""8""","=""Low""","=""false"""
"=""nghỉ tết có tính lương ko""","=""10""","=""0""","=""6""","=""Low""","=""false"""
"=""link tính lương""","=""10""","=""0""","=""3""","=""Low""","=""true"""
"=""link tính lương mới""","=""10""","=""0""","=""4""","=""Low""","=""true"""
"=""cách tính lương đài loan 2025""","=""10""","=""0""","=""6""","=""Low""","=""false"""
"=""cách tính lương mầm non năm 2026""","=""10""","=""0""","=""7""","=""Low""","=""false"""
"=""cách tính lương mầm non hạng 3""","=""10""","=""0""","=""7""","=""Low""","=""false"""
"=""cách tính lương ot ngày thường""","=""10""","=""0""","=""6""","=""Low""","=""false"""
"=""cách tính lương part time trong excel""","=""10""","=""0""","=""7""","=""Low""","=""false"""
"=""cách tính lương viettel post""","=""10""","=""0""","=""5""","=""Low""","=""false"""
"=""cách tính lương qncn năm 2024""","=""10""","=""0""","=""6""","=""Low""","=""false"""
"=""bài toán tính lương scratch""","=""10""","=""0""","=""5""","=""Low""","=""false"""
"=""cách tính lương xanh sm bike""","=""10""","=""0""","=""6""","=""Low""","=""false"""
"=""cách tính lương taxi vinfast""","=""10""","=""0""","=""5""","=""Low""","=""false"""
"=""cách tính lương up 25""","=""10""","=""0""","=""5""","=""Low""","=""false"""
"=""web tính lương mới""","=""10""","=""0""","=""4""","=""Low""","=""true"""
"=""cách tính lương y tế từ 1 7 2024""","=""10""","=""0""","=""9""","=""Low""","=""false"""
"=""cách tính lương x3""","=""10""","=""0""","=""4""","=""Low""","=""false"""
"=""cách tính lương 300 ngày lễ""","=""10""","=""0""","=""6""","=""Low""","=""false"""
"=""cách tính lương 85 phần trăm""","=""10""","=""0""","=""6""","=""Low""","=""false"""
"=""cách tính lương 85""","=""10""","=""0""","=""4""","=""Low""","=""false"""
"=""cách tính lương vùng 4""","=""10""","=""0""","=""5""","=""Low""","=""false"""
"=""làm shipper tính lương như thế nào""","=""10""","=""0""","=""7""","=""Low""","=""false"""
"=""làm ngày lễ tính lương thế nào""","=""10""","=""0""","=""7""","=""Low""","=""false"""
"=""cách chia vùng để tính lương""","=""10""","=""0""","=""6""","=""Low""","=""false"""
"=""cách xác định vùng để tính lương tối thiểu""","=""10""","=""0""","=""9""","=""Low""","=""false"""
"=""cách tính lương có hệ số đặc thù""","=""10""","=""0""","=""8""","=""Low""","=""false"""
"=""cách tính lương có phụ cấp chức vụ""","=""10""","=""0""","=""8""","=""Low""","=""false"""
"=""đang tính lương không làm phiền""","=""10""","=""0""","=""6""","=""Low""","=""false"""
"=""tết có tính lương không""","=""10""","=""0""","=""5""","=""Low""","=""false"""
"=""thử việc có tính lương không""","=""10""","=""0""","=""6""","=""Low""","=""true"""
"=""nghỉ bù có tính lương không""","=""10""","=""0""","=""6""","=""Low""","=""false"""
"=""cach tinh luong huu 2022""","=""0""","=""0""","=""5""","=""Low""","=""false"""
"=""cách tính luong moi 2021""","=""0""","=""0""","=""5""","=""Low""","=""false"""
"=""cách tính lương 2022""","=""0""","=""0""","=""4""","=""Low""","=""false"""
"=""cách tính lương bảo hiểm thất nghiệp năm 2022""","=""0""","=""0""","=""9""","=""Low""","=""false"""
"=""cách tính lương cán bộ công chức năm 2022""","=""0""","=""0""","=""9""","=""Low""","=""false"""
"=""cách tính lương công an 2022""","=""0""","=""0""","=""6""","=""Low""","=""false"""
"=""cách tính lương công chức 2022""","=""0""","=""0""","=""6""","=""Low""","=""false"""
"=""cách tính lương huu năm 2021""","=""0""","=""0""","=""6""","=""Low""","=""false"""
"=""cách tính lương huu năm 2022""","=""0""","=""0""","=""6""","=""Low""","=""false"""
"=""cách tính lương hưu bhxh 2022""","=""0""","=""0""","=""6""","=""Low""","=""false"""
"=""cách tính lương hưu giáo viên năm 2021""","=""0""","=""0""","=""8""","=""Low""","=""false"""
"=""cách tính lương hưu năm 2022 đối với năm""","=""0""","=""0""","=""9""","=""Low""","=""false"""
"=""cách tính lương hưu từ năm 2022""","=""0""","=""0""","=""7""","=""Low""","=""false"""
"=""cách tính lương hưu từ năm 2023""","=""0""","=""0""","=""7""","=""Low""","=""false"""
"=""cách tính lương mới 2022""","=""0""","=""0""","=""5""","=""Low""","=""false"""
"=""cách tính lương mới năm 2022""","=""0""","=""0""","=""6""","=""Low""","=""false"""
"=""cách tính lương net sang gross năm 2021""","=""0""","=""0""","=""8""","=""Low""","=""false"""
"=""cách tính lương net từ gross 2020""","=""0""","=""0""","=""7""","=""Low""","=""false"""
"=""cách tính lương sĩ quan quân đội 2022""","=""0""","=""0""","=""8""","=""Low""","=""false"""
"=""cách tính lương sản phẩm tập thể""","=""0""","=""0""","=""7""","=""Low""","=""false"""
"=""cách tính lương theo hệ số 2020""","=""0""","=""0""","=""7""","=""Low""","=""false"""
"=""cách tính lương theo hệ số 2022""","=""0""","=""0""","=""7""","=""Low""","=""false"""
"=""cách tính lương tháng 13 năm 2021""","=""0""","=""0""","=""7""","=""Low""","=""false"""
"=""cách tính lương tháng 2 năm 2022""","=""0""","=""0""","=""7""","=""Low""","=""false"""
"=""cách tính lương thất nghiệp 2021""","=""0""","=""0""","=""6""","=""Low""","=""false"""
"=""cách tính lương trên misa 2020""","=""0""","=""0""","=""6""","=""Low""","=""false"""
"=""cách tính lương tăng ca 2021""","=""0""","=""0""","=""6""","=""Low""","=""false"""
"=""cách tính lương viên chức 2022""","=""0""","=""0""","=""6""","=""Low""","=""false"""
"=""cách tính lương về hưu năm 2021""","=""0""","=""0""","=""7""","=""Low""","=""false"""
"=""công thức tính lương hưu 2022""","=""0""","=""0""","=""6""","=""Low""","=""false"""
"=""phần mềm tính lương bằng excel miễn phí vnfa chuẩn""","=""0""","=""0""","=""10""","=""Low""","=""false"""
"=""phần mềm tính lương theo kpi viindoo com vi""","=""0""","=""0""","=""9""","=""Low""","=""false"""
"=""phần mềm tính lương theo sản phẩm viindoo com vi""","=""0""","=""0""","=""10""","=""Low""","=""false"""
"=""quy định tính lương hưu năm 2022""","=""0""","=""0""","=""7""","=""Low""","=""false"""
"=""vì dụ cách tính lương tháng 13""","=""0""","=""0""","=""7""","=""Low""","=""false"""
"=""cách tính lương abc""","=""0""","=""0""","=""4""","=""Low""","=""false"""
"=""công cụ tính lương adecco""","=""0""","=""0""","=""5""","=""Low""","=""false"""
"=""cách tính lương agribank""","=""0""","=""0""","=""4""","=""Low""","=""false"""
"=""cách tính lương ahamove""","=""0""","=""0""","=""4""","=""Low""","=""false"""
"=""ai tính lương""","=""0""","=""0""","=""3""","=""Low""","=""false"""
"=""phần mềm tính lương amis""","=""0""","=""0""","=""5""","=""Low""","=""false"""
"=""cách tính lương bao hiểm thất nghiệp""","=""0""","=""0""","=""7""","=""Low""","=""false"""
"=""cách tính lương ban đêm""","=""0""","=""0""","=""5""","=""Low""","=""false"""
"=""cách tính lương ban chấp hành công đoàn cơ sở""","=""0""","=""0""","=""10""","=""Low""","=""false"""
"=""cách tính lương bao hiểm""","=""0""","=""0""","=""5""","=""Low""","=""false"""
"=""cách tính lương bao nhiêu 1 ngày""","=""0""","=""0""","=""7""","=""Low""","=""false"""
"=""cách tính lương bch công đoàn""","=""0""","=""0""","=""6""","=""Low""","=""false"""
"=""phần mềm tính lương bravo""","=""0""","=""0""","=""5""","=""Low""","=""false"""
"=""cách tính lương bs""","=""0""","=""0""","=""4""","=""Low""","=""false"""
"=""cách tính lương cbcc""","=""0""","=""0""","=""4""","=""Low""","=""false"""
"=""cách tính lương cbcc từ 1 7 2024""","=""0""","=""0""","=""8""","=""Low""","=""false"""
"=""cachs tính lương hưu""","=""0""","=""0""","=""4""","=""Low""","=""false"""
"=""cachs tính lương""","=""0""","=""0""","=""3""","=""Low""","=""false"""
"=""ccash tính lương""","=""0""","=""0""","=""3""","=""Low""","=""false"""
"=""cách tính lương circle k""","=""0""","=""0""","=""5""","=""Low""","=""false"""
"=""cách tính lương cn""","=""0""","=""0""","=""4""","=""Low""","=""false"""
"=""cách tính lương ngày cn""","=""0""","=""0""","=""5""","=""Low""","=""false"""
"=""cách tính lương ot cuối tuần""","=""0""","=""0""","=""6""","=""Low""","=""false"""
"=""cách tính lương cty luxshare""","=""0""","=""0""","=""5""","=""Low""","=""false"""
"=""cách tính lương cty fushan""","=""0""","=""0""","=""5""","=""Low""","=""false"""
"=""cách tính lương cty luxshare ict""","=""0""","=""0""","=""6""","=""Low""","=""false"""
"=""bảng tính lương cty""","=""0""","=""0""","=""4""","=""Low""","=""false"""
"=""cách tính lương cty fukang""","=""0""","=""0""","=""5""","=""Low""","=""false"""
"=""công thức tính lương cty""","=""0""","=""0""","=""5""","=""Low""","=""false"""
"=""cách tính lương topcv""","=""0""","=""0""","=""4""","=""Low""","=""false"""
"=""cách tính lương chức danh""","=""0""","=""0""","=""5""","=""Low""","=""false"""
"=""cơ chế tính lương edutalk""","=""0""","=""0""","=""5""","=""Low""","=""false"""
"=""cách tính lương của edutalk""","=""0""","=""0""","=""5""","=""Low""","=""false"""
"=""phần mềm tính lương easyhrm""","=""0""","=""0""","=""5""","=""Low""","=""false"""
"=""phần mềm tính lương erp""","=""0""","=""0""","=""5""","=""Low""","=""false"""
"=""cách tính lương của evn""","=""0""","=""0""","=""5""","=""Low""","=""false"""
"=""phần mềm tính lương fast""","=""0""","=""0""","=""5""","=""Low""","=""false"""
"=""bảng tính lương fco""","=""0""","=""0""","=""4""","=""Low""","=""false"""
"=""bảng tính lương fc online""","=""0""","=""0""","=""5""","=""Low""","=""false"""
"=""web tính lương fco""","=""0""","=""0""","=""4""","=""Low""","=""false"""
"=""bảng tính lương file excel""","=""0""","=""0""","=""5""","=""Low""","=""false"""
"=""app tính lương fo4""","=""0""","=""0""","=""4""","=""Low""","=""false"""
"=""form tính lương""","=""0""","=""0""","=""3""","=""Low""","=""false"""
"=""cách tính lương fpt""","=""0""","=""0""","=""4""","=""Low""","=""false"""
"=""cách tính lương freelancer""","=""0""","=""0""","=""4""","=""Low""","=""false"""
"=""cách tính lương full time""","=""0""","=""0""","=""5""","=""Low""","=""false"""
"=""cách tính lương fsoft""","=""0""","=""0""","=""4""","=""Low""","=""false"""
"=""cách tính lương lớp ghép""","=""0""","=""0""","=""5""","=""Low""","=""false"""
"=""bảng tính lương gg sheet""","=""0""","=""0""","=""5""","=""Low""","=""false"""
"=""cách tính lương gs25""","=""0""","=""0""","=""4""","=""Low""","=""false"""
"=""cách tính lương gsm""","=""0""","=""0""","=""4""","=""Low""","=""false"""
"=""bảng tính lương goertek""","=""0""","=""0""","=""4""","=""Low""","=""false"""
"=""bảng tính lương google sheet""","=""0""","=""0""","=""5""","=""Low""","=""false"""
"=""cách tính lương hay viettel""","=""0""","=""0""","=""5""","=""Low""","=""false"""
"=""cách tính lương hay""","=""0""","=""0""","=""4""","=""Low""","=""false"""
"=""cách tính lương bách hoá xanh""","=""0""","=""0""","=""6""","=""Low""","=""false"""
"=""phần mềm tính lương hrad enterprise""","=""0""","=""0""","=""6""","=""Low""","=""false"""
"=""hr tính lương""","=""0""","=""0""","=""3""","=""Low""","=""false"""
"=""hrm tính lương""","=""0""","=""0""","=""3""","=""Low""","=""false"""
"=""cách tính lương huu 2025""","=""0""","=""0""","=""5""","=""Low""","=""false"""
"=""cách tính lương huu 2026""","=""0""","=""0""","=""5""","=""Low""","=""false"""
"=""bảng tính lương huu""","=""0""","=""0""","=""4""","=""Low""","=""false"""
"=""cách tính lương ikukyu""","=""0""","=""0""","=""4""","=""Low""","=""false"""
"=""cách tính lương jollibee""","=""0""","=""0""","=""4""","=""Low""","=""false"""
"=""joboko tính lương""","=""0""","=""0""","=""3""","=""Low""","=""false"""
"=""cách tính lương kfc""","=""0""","=""0""","=""4""","=""Low""","=""false"""
"=""cách tính lương kinh doanh trong doanh nghiệp""","=""0""","=""0""","=""8""","=""Low""","=""false"""
"=""bảng tính lương kinh doanh""","=""0""","=""0""","=""5""","=""Low""","=""false"""
"=""bảng tính lương kpi""","=""0""","=""0""","=""4""","=""Low""","=""false"""
"=""mẫu bảng tính lương kpi""","=""0""","=""0""","=""5""","=""Low""","=""false"""
"=""nghỉ lễ có tính lương ko""","=""0""","=""0""","=""6""","=""Low""","=""false"""
"=""nghỉ phép có tính lương ko""","=""0""","=""0""","=""6""","=""Low""","=""false"""
"=""cách tính lương lao động""","=""0""","=""0""","=""5""","=""Low""","=""false"""
"=""cách tính lương lao động phổ thông""","=""0""","=""0""","=""7""","=""Low""","=""false"""
"=""cách tính lương lao động đài loan""","=""0""","=""0""","=""7""","=""Low""","=""false"""
"=""link tính lương giáo viên mới""","=""0""","=""0""","=""6""","=""Low""","=""false"""
"=""link tính lương hưu""","=""0""","=""0""","=""4""","=""Low""","=""false"""
"=""link tính lương gv""","=""0""","=""0""","=""4""","=""Low""","=""false"""
"=""link tính lương giáo viên từ 1 7 2024""","=""0""","=""0""","=""9""","=""Low""","=""false"""
"=""cách tính lương llvt""","=""0""","=""0""","=""4""","=""Low""","=""false"""
"=""cách tính lương hưu llvt""","=""0""","=""0""","=""5""","=""Low""","=""false"""
"=""luật tính lương đài loan""","=""0""","=""0""","=""5""","=""Low""","=""false"""
"=""cách tính lương luật lao động""","=""0""","=""0""","=""6""","=""Low""","=""false"""
"=""bảng tính lương luxshare""","=""0""","=""0""","=""4""","=""Low""","=""false"""
"=""cách tính lương luỹ tiến""","=""0""","=""0""","=""5""","=""Low""","=""false"""
"=""cách tính lương mb""","=""0""","=""0""","=""4""","=""Low""","=""false"""
"=""cách tính lương misa""","=""0""","=""0""","=""4""","=""Low""","=""false"""
"=""app tính lương miễn phí""","=""0""","=""0""","=""5""","=""Low""","=""false"""
"=""phần mềm tính lương misa amis""","=""0""","=""0""","=""6""","=""Low""","=""false"""
"=""cách tính lương gv mn""","=""0""","=""0""","=""5""","=""Low""","=""false"""
"=""cách tính lương moi""","=""0""","=""0""","=""4""","=""Low""","=""false"""
"=""cách tính lương mua nhà ở xã hội""","=""0""","=""0""","=""8""","=""Low""","=""false"""
"=""cách tính lương hưu nam giới""","=""0""","=""0""","=""6""","=""Low""","=""false"""
"=""cách tính lương hiện nay của giáo viên""","=""0""","=""0""","=""8""","=""Low""","=""false"""
"=""cách tính lương việt nam""","=""0""","=""0""","=""5""","=""Low""","=""false"""
"=""cách tính lương hưu non""","=""0""","=""0""","=""5""","=""Low""","=""false"""
"=""cách tính lương mầm non mới""","=""0""","=""0""","=""6""","=""Low""","=""false"""
"=""cách tính lương mầm non mới nhất""","=""0""","=""0""","=""7""","=""Low""","=""false"""
"=""tăng ca tính lương ntn""","=""0""","=""0""","=""5""","=""Low""","=""false"""
"=""cách tính lương hưu ntn""","=""0""","=""0""","=""5""","=""Low""","=""false"""
"=""cách tính lương nv""","=""0""","=""0""","=""4""","=""Low""","=""false"""
"=""cách tính lương nvyt""","=""0""","=""0""","=""4""","=""Low""","=""false"""
"=""kỳ tính lương của ocb""","=""0""","=""0""","=""5""","=""Low""","=""false"""
"=""odoo tính lương""","=""0""","=""0""","=""3""","=""Low""","=""false"""
"=""luật tính lương ot""","=""0""","=""0""","=""4""","=""Low""","=""false"""
"=""bảng tính lương part time""","=""0""","=""0""","=""5""","=""Low""","=""false"""
"=""file excel tính lương part time""","=""0""","=""0""","=""6""","=""Low""","=""false"""
"=""phần mềm tính lương payroll""","=""0""","=""0""","=""5""","=""Low""","=""false"""
"=""cách tính lương protein cần nạp""","=""0""","=""0""","=""6""","=""Low""","=""false"""
"=""cách tính lương qncn 2025""","=""0""","=""0""","=""5""","=""Low""","=""false"""
"=""cách tính lương qncn 2026""","=""0""","=""0""","=""5""","=""Low""","=""false"""
"=""bảng tính lương qncn""","=""0""","=""0""","=""4""","=""Low""","=""false"""
"=""cách tính lương hưu qncn mới nhất""","=""0""","=""0""","=""7""","=""Low""","=""false"""
"=""bảng tính lương gross ra net""","=""0""","=""0""","=""6""","=""Low""","=""false"""
"=""thực hành tính lương scratch""","=""0""","=""0""","=""5""","=""Low""","=""false"""
"=""cách tính lương shipper spx express""","=""0""","=""0""","=""6""","=""Low""","=""false"""
"=""bảng tính lương spx express""","=""0""","=""0""","=""5""","=""Low""","=""false"""
"=""cách tính lương spx express""","=""0""","=""0""","=""5""","=""Low""","=""false"""
"=""cách tính lương spa""","=""0""","=""0""","=""4""","=""Low""","=""false"""
"=""bảng tính lương spx""","=""0""","=""0""","=""4""","=""Low""","=""false"""
"=""cách tính lương sp""","=""0""","=""0""","=""4""","=""Low""","=""false"""
"=""bảng tính lương spa""","=""0""","=""0""","=""4""","=""Low""","=""false"""
"=""cơ chế tính lương spx""","=""0""","=""0""","=""5""","=""Low""","=""false"""
"=""cách tính lương sm xanh""","=""0""","=""0""","=""5""","=""Low""","=""false"""
"=""bảng tính lương xanh sm""","=""0""","=""0""","=""5""","=""Low""","=""false"""
"=""cách tính lương hiệu suất công việc""","=""0""","=""0""","=""7""","=""Low""","=""false"""
"=""cách tính lương năng suất lao động""","=""0""","=""0""","=""7""","=""Low""","=""false"""
"=""cách tính lương bổ sung""","=""0""","=""0""","=""5""","=""Low""","=""false"""
"=""cách tính lương taxi xanh""","=""0""","=""0""","=""5""","=""Low""","=""false"""
"=""phần mềm tính lương tanca""","=""0""","=""0""","=""5""","=""Low""","=""false"""
"=""template tính lương""","=""0""","=""0""","=""3""","=""Low""","=""false"""
"=""bảng tính lương tng""","=""0""","=""0""","=""4""","=""Low""","=""false"""
"=""bảng tính lương tncn""","=""0""","=""0""","=""4""","=""Low""","=""false"""
"=""cách tính lương txtx xanhsm""","=""0""","=""0""","=""5""","=""Low""","=""false"""
"=""bảng tính lương công ty""","=""0""","=""0""","=""5""","=""Low""","=""false"""
"=""cách tính lương công ty may""","=""0""","=""0""","=""6""","=""Low""","=""false"""
"=""cách tính lương công ty cổ phần""","=""0""","=""0""","=""7""","=""Low""","=""false"""
"=""cách tính lương vnpt""","=""0""","=""0""","=""4""","=""Low""","=""false"""
"=""cách tính lương vuot khung""","=""0""","=""0""","=""5""","=""Low""","=""false"""
"=""web tính lương hưu""","=""0""","=""0""","=""4""","=""Low""","=""false"""
"=""web tính lương gross sang net""","=""0""","=""0""","=""6""","=""Low""","=""false"""
"=""web tính lương net""","=""0""","=""0""","=""4""","=""Low""","=""false"""
"=""web tính lương gv""","=""0""","=""0""","=""4""","=""Low""","=""false"""
"=""web tính lương viên chức""","=""0""","=""0""","=""5""","=""Low""","=""false"""
"=""cách tính lương winmart""","=""0""","=""0""","=""4""","=""Low""","=""false"""
"=""cách tính lương trong word""","=""0""","=""0""","=""5""","=""Low""","=""false"""
"=""cách tính lương xanh car""","=""0""","=""0""","=""5""","=""Low""","=""false"""
"=""cơ chế tính lương xanh sm""","=""0""","=""0""","=""6""","=""Low""","=""false"""
"=""chính sách tính lương xanh sm""","=""0""","=""0""","=""6""","=""Low""","=""false"""
"=""cách tính lương xe máy xanh sm""","=""0""","=""0""","=""7""","=""Low""","=""false"""
"=""cách tính lương lái xe xanh sm""","=""0""","=""0""","=""7""","=""Low""","=""false"""
"=""cách tính lương sản xuất""","=""0""","=""0""","=""5""","=""Low""","=""false"""
"=""cách tính lương của youtuber""","=""0""","=""0""","=""5""","=""Low""","=""false"""
"=""cách tính lương yukyu""","=""0""","=""0""","=""4""","=""Low""","=""false"""
"=""cách tính lương y tế cơ sở""","=""0""","=""0""","=""7""","=""Low""","=""false"""
"=""cách tính lương y sĩ hạng 4""","=""0""","=""0""","=""7""","=""Low""","=""false"""
"=""cách tính lương x2""","=""0""","=""0""","=""4""","=""Low""","=""false"""
"=""cách tính lương xã vùng 3""","=""0""","=""0""","=""6""","=""Low""","=""false"""
"=""cách tính lương tháng 02 2026""","=""0""","=""0""","=""6""","=""Low""","=""false"""
"=""cách tính lương đại uý công an""","=""0""","=""0""","=""7""","=""Low""","=""false"""
"=""cách tính lương thượng uý công an""","=""0""","=""0""","=""7""","=""Low""","=""false"""
"=""cách tính lương trung uý công an""","=""0""","=""0""","=""7""","=""Low""","=""false"""
"=""cách tính lương thượng uý""","=""0""","=""0""","=""5""","=""Low""","=""false"""
"=""cách tính lương 30 ngày công""","=""0""","=""0""","=""6""","=""Low""","=""false"""
"=""bảng tính lương 3p""","=""0""","=""0""","=""4""","=""Low""","=""false"""
"=""cách tính lương 6 tháng liền kề""","=""0""","=""0""","=""7""","=""Low""","=""false"""
"=""cách tính lương hưu 6 năm cuối""","=""0""","=""0""","=""7""","=""Low""","=""false"""
"=""cách tính lương hưu 60 tháng cuối""","=""0""","=""0""","=""7""","=""Low""","=""false"""
"=""cách tính lương 2 67""","=""0""","=""0""","=""5""","=""Low""","=""false"""
"=""cách tính lương 3 66""","=""0""","=""0""","=""5""","=""Low""","=""false"""
"=""cách tính lương 5 năm cuối""","=""0""","=""0""","=""6""","=""Low""","=""false"""
"=""công thức tính lương 5 bậc""","=""0""","=""0""","=""6""","=""Low""","=""false"""
"=""cách tính lương x1 5""","=""0""","=""0""","=""5""","=""Low""","=""false"""
"=""cách tính lương tăng 5""","=""0""","=""0""","=""5""","=""Low""","=""false"""
"=""cách tính lương 2 53""","=""0""","=""0""","=""5""","=""Low""","=""false"""
"=""cách tính lương 8 tiếng""","=""0""","=""0""","=""5""","=""Low""","=""false"""
"=""cách tính lương 80""","=""0""","=""0""","=""4""","=""Low""","=""false"""
"=""cách tính lương 8""","=""0""","=""0""","=""4""","=""Low""","=""false"""
"=""cách tính lương hưu 45""","=""0""","=""0""","=""5""","=""Low""","=""false"""
"=""cách tính lương tháng 4 năm 2026""","=""0""","=""0""","=""7""","=""Low""","=""false"""
"=""cách tính lương bậc 4""","=""0""","=""0""","=""5""","=""Low""","=""false"""
"=""cách tính lương tháng 9""","=""0""","=""0""","=""5""","=""Low""","=""false"""
"=""làm sao để tính lương hưu""","=""0""","=""0""","=""6""","=""Low""","=""false"""
"=""làm đêm tính lương thế nào""","=""0""","=""0""","=""6""","=""Low""","=""false"""
"=""làm thêm giờ tính lương thế nào""","=""0""","=""0""","=""7""","=""Low""","=""false"""
"=""cách tính lương để đóng bảo hiểm xã hội""","=""0""","=""0""","=""9""","=""Low""","=""false"""
"=""cách tính lương để mua nhà ở xã hội""","=""0""","=""0""","=""9""","=""Low""","=""false"""
"=""cách tính lương để đóng đảng phí""","=""0""","=""0""","=""7""","=""Low""","=""false"""
"=""cách sử dụng excel để tính lương""","=""0""","=""0""","=""7""","=""Low""","=""false"""
"=""cách xác định vùng để tính lương""","=""0""","=""0""","=""7""","=""Low""","=""false"""
"=""cách tính lương để đóng bảo hiểm""","=""0""","=""0""","=""7""","=""Low""","=""false"""
"=""khi nào tính lương theo vị trí việc làm""","=""0""","=""0""","=""9""","=""Low""","=""false"""
"=""khi nào được tính lương tháng 13""","=""0""","=""0""","=""7""","=""Low""","=""false"""
"=""nghỉ phép tính lương thế nào""","=""0""","=""0""","=""6""","=""Low""","=""false"""
"=""tăng ca tính lương thế nào""","=""0""","=""0""","=""6""","=""Low""","=""false"""
"=""nghỉ ốm tính lương thế nào""","=""0""","=""0""","=""6""","=""Low""","=""false"""
"=""kỳ tính lương là gì""","=""0""","=""0""","=""5""","=""Low""","=""false"""
"=""công tính lương là gì""","=""0""","=""0""","=""5""","=""Low""","=""false"""
"=""cách tính lương là gì""","=""0""","=""0""","=""5""","=""Low""","=""false"""
"=""ot tính lương như nào""","=""0""","=""0""","=""5""","=""Low""","=""false"""
"=""thời điểm tính lương hưu""","=""0""","=""0""","=""5""","=""Low""","=""false"""
"=""thời điểm tính lương tháng 13""","=""0""","=""0""","=""6""","=""Low""","=""false"""
"=""cách tính lương có hệ số chênh lệch bảo lưu""","=""0""","=""0""","=""10""","=""Low""","=""false"""
"=""cách tính lương không đủ tháng""","=""0""","=""0""","=""6""","=""Low""","=""false"""
"=""ot có tính lương không""","=""0""","=""0""","=""5""","=""Low""","=""false"""
"=""hr có tính lương không""","=""0""","=""0""","=""5""","=""Low""","=""false"""
"=""cách tính lương với hệ số đặc thù""","=""0""","=""0""","=""8""","=""Low""","=""false"""
"=""cách tính lương hưu với người đóng bhxh tự nguyện""","=""0""","=""0""","=""10""","=""Low""","=""false"""
"=""cách tính lương đối với cán bộ công chức""","=""0""","=""0""","=""9""","=""Low""","=""false"""
"=""cách tính lương hưu với hệ số trượt giá""","=""0""","=""0""","=""9""","=""Low""","=""false"""
"=""cách tính lương để nghỉ hưu""","=""0""","=""0""","=""6""","=""Low""","=""false"""
"=""cách tính lương để về hưu""","=""0""","=""0""","=""6""","=""Low""","=""false"""
"=""nghỉ tết tính lương bao nhiêu ngày""","=""0""","=""0""","=""7""","=""Low""","=""false"""
"=""sửa máy tính lương bao nhiêu""","=""0""","=""0""","=""6""","=""Low""","=""false"""
"=""tăng ca tính lương bao nhiêu""","=""0""","=""0""","=""6""","=""Low""","=""false"""
"=""nghỉ bão có tính lương không""","=""0""","=""0""","=""6""","=""Low""","=""false"""
"=""luong gross la gi""","=""9900""","=""0.02""","=""4""","=""Medium""","=""false"""
"=""lương gross la gi""","=""9900""","=""0.02""","=""4""","=""Medium""","=""false"""
"=""lương gross""","=""4400""","=""0.02""","=""2""","=""Low""","=""false"""
"=""lương gross sang net""","=""4400""","=""0.02""","=""4""","=""Low""","=""false"""
"=""cách tính bảo hiểm xã hội""","=""3600""","=""0""","=""6""","=""Low""","=""false"""
"=""hệ số lương cơ bản""","=""3600""","=""0""","=""5""","=""Low""","=""false"""
"=""lương net và gross""","=""2900""","=""0.02""","=""4""","=""Low""","=""true"""
"=""gross sang net""","=""2900""","=""0.02""","=""3""","=""Low""","=""false"""
"=""gross la gi""","=""2900""","=""0.01""","=""3""","=""Low""","=""false"""
"=""luong net va gross""","=""2900""","=""0.02""","=""4""","=""Low""","=""true"""
"=""lương net""","=""2400""","=""0.03""","=""2""","=""Low""","=""false"""
"=""lương net và lương gross""","=""1900""","=""0.02""","=""5""","=""Medium""","=""false"""
"=""lương gross và net""","=""1900""","=""0.02""","=""4""","=""Medium""","=""false"""
"=""cach tính bhxh""","=""1900""","=""0""","=""3""","=""Low""","=""false"""
"=""luong net va luong gross""","=""1900""","=""0.02""","=""5""","=""Medium""","=""false"""
"=""tính bảo hiểm xã hội""","=""1900""","=""0""","=""5""","=""Low""","=""false"""
"=""luong gross net""","=""1600""","=""0.01""","=""3""","=""Low""","=""false"""
"=""cách tính tiền bảo hiểm xã hội""","=""1600""","=""0""","=""7""","=""Low""","=""false"""
"=""cách tính tiên bảo hiểm xã hội""","=""1600""","=""0""","=""7""","=""Low""","=""false"""
"=""tính bhxh""","=""1600""","=""0""","=""2""","=""Low""","=""false"""
"=""chuyển lương gross sang net""","=""880""","=""0.02""","=""5""","=""Low""","=""false"""
"=""lương gross và lương net""","=""880""","=""0.02""","=""5""","=""Medium""","=""false"""
"=""tính tiền bảo hiểm xã hội""","=""880""","=""0""","=""6""","=""Low""","=""false"""
"=""các khoản phụ cấp không phải đóng bhxh""","=""880""","=""0.02""","=""8""","=""Low""","=""false"""
"=""luong gross va luong net""","=""880""","=""0.02""","=""5""","=""Medium""","=""false"""
"=""luong gross va net la gi""","=""880""","=""0.01""","=""6""","=""Low""","=""true"""
"=""lương gross to net""","=""720""","=""0.02""","=""4""","=""Low""","=""false"""
"=""cach tinh tien tang ca""","=""720""","=""0""","=""5""","=""Low""","=""false"""
"=""cách tinh tien bhxh""","=""720""","=""0""","=""4""","=""Low""","=""false"""
"=""cách tinh tiền bhxh""","=""720""","=""0""","=""4""","=""Low""","=""false"""
"=""cách tính tiền bảo hiểm xa hoi""","=""720""","=""0""","=""7""","=""Low""","=""false"""
"=""cách tính tiền tăng ca""","=""720""","=""0""","=""5""","=""Low""","=""false"""
"=""cách tính đóng bảo hiểm xã hội""","=""720""","=""0""","=""7""","=""Low""","=""false"""
"=""công thức tính bảo hiểm xã hội""","=""720""","=""0""","=""7""","=""Low""","=""false"""
"=""tính gross sang net""","=""590""","=""0.02""","=""4""","=""Medium""","=""false"""
"=""tiền tăng ca có tính thuế tncn không""","=""590""","=""0.06""","=""8""","=""Low""","=""true"""
"=""net sang gross""","=""480""","=""0.02""","=""3""","=""Low""","=""false"""
"=""lương gross net""","=""480""","=""0.02""","=""3""","=""Low""","=""false"""
"=""gross to net lương""","=""480""","=""0.01""","=""4""","=""Low""","=""false"""
"=""lương gross là sao""","=""480""","=""0.02""","=""4""","=""Medium""","=""false"""
"=""tiền làm thêm giờ có tính thuế tncn không""","=""480""","=""0""","=""9""","=""Low""","=""true"""
"=""chuyển gross sang net""","=""390""","=""0.02""","=""4""","=""Low""","=""false"""
"=""các khoản phụ cấp không đóng bhxh""","=""390""","=""0""","=""7""","=""Low""","=""false"""
"=""cách tính tiền luong""","=""390""","=""0""","=""4""","=""Low""","=""false"""
"=""lương gross lương net""","=""390""","=""0.02""","=""4""","=""Medium""","=""false"""
"=""lương khoán""","=""390""","=""0.01""","=""2""","=""Low""","=""false"""
"=""cách tính tiền bảo hiểm xã hội 2020""","=""320""","=""0""","=""8""","=""Low""","=""false"""
"=""gross to net topcv""","=""320""","=""0.01""","=""4""","=""Low""","=""false"""
"=""cach tinh tang ca""","=""260""","=""0.03""","=""4""","=""Low""","=""false"""
"=""cách tính hệ số lương""","=""260""","=""0""","=""5""","=""Low""","=""false"""
"=""cách tính phụ cấp thâm niên""","=""260""","=""0""","=""6""","=""Low""","=""false"""
"=""cách tính tiền tăng ca theo lương cơ bản""","=""260""","=""0""","=""9""","=""Low""","=""false"""
"=""cách tính tăng ca""","=""260""","=""0.03""","=""4""","=""Low""","=""false"""
"=""lương tăng ca có tính thuế tncn không""","=""260""","=""0""","=""8""","=""Low""","=""true"""
"=""chuyển lương net sang gross""","=""210""","=""0.03""","=""5""","=""Low""","=""false"""
"=""cách tính giờ tăng ca""","=""210""","=""0""","=""5""","=""Low""","=""false"""
"=""cách tính phụ cấp thâm niên vượt khung""","=""210""","=""0""","=""8""","=""Low""","=""false"""
"=""cách tính tiếng tăng ca""","=""210""","=""0""","=""5""","=""Low""","=""false"""
"=""cách tính tuổi nghỉ hưu sớm""","=""210""","=""0""","=""6""","=""Low""","=""false"""
"=""công thức tính tiền lương""","=""210""","=""0""","=""5""","=""Low""","=""false"""
"=""gross qua net""","=""210""","=""0.02""","=""3""","=""Low""","=""false"""
"=""luong gross to net""","=""210""","=""0.01""","=""4""","=""Low""","=""false"""
"=""làm thêm giờ có tính thuế tncn không""","=""210""","=""0""","=""8""","=""Low""","=""true"""
"=""lương net to gross""","=""210""","=""0.02""","=""4""","=""Low""","=""false"""
"=""lương tháng 13 có tính thuế tncn không""","=""210""","=""0""","=""8""","=""Low""","=""false"""
"=""lương tăng ca""","=""210""","=""0""","=""3""","=""Low""","=""false"""
"=""tỷ lệ hưởng lương hưu""","=""210""","=""0""","=""5""","=""Low""","=""true"""
"=""cách tính hưởng lương hưu""","=""170""","=""0""","=""5""","=""Low""","=""false"""
"=""cách tính tiền lương hưu""","=""170""","=""0""","=""5""","=""Low""","=""true"""
"=""cách tính tiền lương đóng bảo hiểm xã hội""","=""170""","=""0""","=""9""","=""Low""","=""false"""
"=""cách tính tiền đóng bảo hiểm xã hội""","=""170""","=""0""","=""8""","=""Low""","=""false"""
"=""cách tính đóng bhxh""","=""170""","=""0""","=""4""","=""Low""","=""false"""
"=""lương net hay gross""","=""170""","=""0.02""","=""4""","=""Low""","=""true"""
"=""chuyển net sang gross""","=""140""","=""0.03""","=""4""","=""Low""","=""false"""
"=""chuyển từ gross sang net""","=""140""","=""0.02""","=""5""","=""Low""","=""false"""
"=""cong thuc tinh bao hiem xa hoi""","=""140""","=""0""","=""7""","=""Low""","=""false"""
"=""cách tính bảo hiểm xã hội hàng tháng""","=""140""","=""0""","=""8""","=""Low""","=""false"""
"=""cách tính làm thêm giờ""","=""140""","=""0""","=""5""","=""Low""","=""false"""
"=""cách tính mức bình quân tiền lương tháng đóng bhxh""","=""140""","=""0""","=""10""","=""Low""","=""false"""
"=""cách tính mức đóng bảo hiểm xã hội""","=""140""","=""0""","=""8""","=""Low""","=""false"""
"=""cách tính tiền làm thêm giờ""","=""140""","=""0""","=""6""","=""Low""","=""false"""
"=""luong gross net la gi""","=""140""","=""0.01""","=""5""","=""Low""","=""false"""
"=""luong gross qua net""","=""140""","=""0.03""","=""4""","=""Medium""","=""false"""
"=""lương gross qua net""","=""140""","=""0.03""","=""4""","=""Medium""","=""false"""
"=""lương gross với net""","=""140""","=""0.03""","=""4""","=""Low""","=""false"""
"=""lương hưu có tính thuế tncn không""","=""140""","=""0""","=""7""","=""Low""","=""false"""
"=""mức lương chịu thuế thu nhập cá nhân""","=""140""","=""0.01""","=""8""","=""Low""","=""false"""
"=""tính net sang gross""","=""140""","=""0.03""","=""4""","=""Low""","=""false"""
"=""tính tiền tăng ca""","=""140""","=""0""","=""4""","=""Low""","=""false"""
"=""các khoản phụ cấp không tính thuế tncn và bhxh""","=""110""","=""0""","=""10""","=""Low""","=""false"""
"=""cách tính bảo hiểm rút 1 lần""","=""110""","=""0""","=""7""","=""Low""","=""false"""
"=""cách tính tiền lương tăng ca""","=""110""","=""0""","=""6""","=""Low""","=""false"""
"=""luong gross ra net""","=""110""","=""0.01""","=""4""","=""Low""","=""false"""
"=""lương gross ra net""","=""110""","=""0.01""","=""4""","=""Low""","=""false"""
"=""mức bình quân tiền lương tháng đóng bhxh""","=""110""","=""0""","=""8""","=""Low""","=""false"""
"=""mức lương đóng thuế tncn""","=""110""","=""0.01""","=""5""","=""Low""","=""true"""
"=""tinh gross net""","=""110""","=""0.01""","=""3""","=""Low""","=""false"""
"=""tính tiền lương""","=""110""","=""0.12""","=""3""","=""Low""","=""false"""
"=""chuyển từ lương gross sang net""","=""90""","=""0.03""","=""6""","=""Medium""","=""false"""
"=""cong thuc tinh thue thu nhap ca nhan""","=""90""","=""0.01""","=""8""","=""Low""","=""false"""
"=""các khoản phụ cấp đóng bhxh""","=""90""","=""0""","=""6""","=""Low""","=""false"""
"=""cách tính bảo hiểm xã hội khi về hưu""","=""90""","=""0""","=""9""","=""Low""","=""true"""
"=""cách tính hưởng bảo hiểm xã hội""","=""90""","=""0""","=""7""","=""Low""","=""false"""
"=""cách tính thuế thu nhập cá nhân từ tiền lương""","=""90""","=""0""","=""10""","=""Low""","=""false"""
"=""cách tính tiếng tăng ca theo lương cơ bản""","=""90""","=""0""","=""9""","=""Low""","=""false"""
"=""cách tính tiền bhtn""","=""90""","=""0.01""","=""4""","=""Low""","=""false"""
"=""cách tính tiền đóng bhxh""","=""90""","=""0""","=""5""","=""Low""","=""false"""
"=""cách tính tuổi về hưu""","=""90""","=""0""","=""5""","=""Low""","=""false"""
"=""công thức tính tiền lương bình quân tháng""","=""90""","=""0""","=""8""","=""Low""","=""false"""
"=""công thức tính tiền tăng ca""","=""90""","=""0""","=""6""","=""Low""","=""false"""
"=""lương hưu tính như nào""","=""90""","=""0""","=""5""","=""Low""","=""true"""
"=""lương net lương gross""","=""90""","=""0.02""","=""4""","=""Low""","=""false"""
"=""lương net với gross""","=""90""","=""0.01""","=""4""","=""Low""","=""false"""
"=""lương tháng 13 có bị tính thuế tncn không""","=""90""","=""0""","=""9""","=""Low""","=""false"""
"=""mức lương gross""","=""90""","=""0.02""","=""3""","=""Medium""","=""false"""
"=""phụ cấp chức vụ có tính thuế tncn không""","=""90""","=""0""","=""9""","=""Low""","=""false"""
"=""bảo hiểm xã hội cách tính""","=""70""","=""0""","=""6""","=""Low""","=""false"""
"=""chi phí lương được trừ khi tính thuế tndn""","=""70""","=""0""","=""9""","=""Low""","=""false"""
"=""cách tính bhxh cho nhân viên""","=""70""","=""0""","=""6""","=""Low""","=""false"""
"=""cách tính bhxh theo lương""","=""70""","=""0""","=""5""","=""Low""","=""true"""
"=""cách tính bình quân lương hưu""","=""70""","=""0""","=""6""","=""Low""","=""false"""
"=""cách tính bậc lương""","=""70""","=""0""","=""4""","=""Low""","=""false"""
"=""cách tính gross sang net""","=""70""","=""0.03""","=""5""","=""Medium""","=""false"""
"=""cách tính hưởng lương hưu bảo hiểm xã hội""","=""70""","=""0""","=""9""","=""Low""","=""true"""
"=""cách tính mức đóng bhxh""","=""70""","=""0""","=""5""","=""Low""","=""false"""
"=""cách tính tiền thâm niên cho công nhân""","=""70""","=""0""","=""8""","=""Low""","=""false"""
"=""cách tính tuổi hưu""","=""70""","=""0""","=""4""","=""Low""","=""false"""
"=""công thức tính tiền thâm niên""","=""70""","=""0""","=""6""","=""Low""","=""false"""
"=""giá net và gross""","=""70""","=""0""","=""4""","=""Low""","=""false"""
"=""luong gross vs net""","=""70""","=""0.01""","=""4""","=""Low""","=""false"""
"=""luong net gross""","=""70""","=""0.01""","=""3""","=""Low""","=""false"""
"=""luong net sang gross""","=""70""","=""0.01""","=""4""","=""Low""","=""false"""
"=""lương gross hay net""","=""70""","=""0.02""","=""4""","=""Medium""","=""false"""
"=""lương net qua gross""","=""70""","=""0.02""","=""4""","=""Medium""","=""false"""
"=""lương nét sang gross""","=""70""","=""0.01""","=""4""","=""Low""","=""false"""
"=""lương tháng 13 được tính như the nào""","=""70""","=""0""","=""8""","=""Low""","=""false"""
"=""lương thêm giờ có tính thuế tncn không""","=""70""","=""0""","=""8""","=""Low""","=""true"""
"=""lương tính thuế tncn""","=""70""","=""0.01""","=""4""","=""Low""","=""false"""
"=""net hay gross""","=""70""","=""0.02""","=""3""","=""Low""","=""true"""
"=""net to gross lương""","=""70""","=""0.02""","=""4""","=""Medium""","=""false"""
"=""tinh bao hiem xa hoi 1 lan""","=""70""","=""0.01""","=""7""","=""Low""","=""false"""
"=""tinh gross to net""","=""70""","=""0.01""","=""4""","=""Low""","=""false"""
"=""tính bảo hiểm xã hội hàng tháng""","=""70""","=""0""","=""7""","=""Low""","=""true"""
"=""lương messi tính ra tiền việt""","=""70""","=""0""","=""6""","=""Low""","=""true"""
"=""bang tinh thue thu nhap ca nhan""","=""50""","=""0""","=""7""","=""Low""","=""false"""
"=""chuyển từ net sang gross""","=""50""","=""0.03""","=""5""","=""Low""","=""false"""
"=""các khoản phụ cấp lương""","=""50""","=""0""","=""5""","=""Low""","=""false"""
"=""cách tính 1 ngày lương""","=""50""","=""0""","=""5""","=""Low""","=""true"""
"=""cách tính 85 lương thử việc""","=""50""","=""0""","=""6""","=""Low""","=""false"""
"=""cách tính bảo hiểm khi về hưu""","=""50""","=""0""","=""7""","=""Low""","=""false"""
"=""cách tính giờ làm thêm""","=""50""","=""0""","=""5""","=""Low""","=""false"""
"=""cách tính hệ số lương công nhân""","=""50""","=""0""","=""7""","=""Low""","=""false"""
"=""cách tính mức lương cơ sở""","=""50""","=""0""","=""6""","=""Low""","=""true"""
"=""cách tính phần trăm tăng lương""","=""50""","=""0""","=""6""","=""Low""","=""false"""
"=""cách tính phụ cấp khu vực khi nghỉ hưu""","=""50""","=""0""","=""9""","=""Low""","=""false"""
"=""cách tính thưởng lương tháng 13""","=""50""","=""0""","=""6""","=""Low""","=""false"""
"=""cách tính tiền hưởng bhxh 1 lần""","=""50""","=""0""","=""7""","=""Low""","=""false"""
"=""cách tính tiền lãnh bhxh 1 lần""","=""50""","=""0.01""","=""7""","=""Low""","=""false"""
"=""cách tính tiền lương hưu bảo hiểm xã hội""","=""50""","=""0""","=""9""","=""Low""","=""false"""
"=""cách tính tiền lương làm thêm giờ""","=""50""","=""0""","=""7""","=""Low""","=""false"""
"=""cách tính tiền lương theo giờ trong excel""","=""50""","=""0""","=""8""","=""Low""","=""false"""
"=""cách tính tiền đóng bảo hiểm xã hội hàng tháng""","=""50""","=""0""","=""10""","=""Low""","=""false"""
"=""cách tính tăng ca đêm""","=""50""","=""0""","=""5""","=""Low""","=""false"""
"=""cách tính tăng lương""","=""50""","=""0""","=""4""","=""Low""","=""false"""
"=""cách tính đóng bảo hiểm""","=""50""","=""0""","=""5""","=""Low""","=""false"""
"=""cách tính đóng bảo hiểm xã hội của giáo viên""","=""50""","=""0""","=""10""","=""Low""","=""false"""
"=""công thức gross up lương net""","=""50""","=""0""","=""6""","=""Low""","=""false"""
"=""công thức tính giờ tăng ca""","=""50""","=""0""","=""6""","=""Low""","=""false"""
"=""gross lương""","=""50""","=""0.01""","=""2""","=""Low""","=""false"""
"=""lương sau thuế""","=""50""","=""0.01""","=""3""","=""Low""","=""false"""
"=""lương tính thuế thu nhập cá nhân""","=""50""","=""0.01""","=""7""","=""Low""","=""false"""
"=""mức lương gross và net""","=""50""","=""0.03""","=""5""","=""Medium""","=""false"""
"=""mức lương tính thuế thu nhập cá nhân""","=""50""","=""0""","=""8""","=""Low""","=""false"""
"=""phụ cấp ca đêm có tính thuế tncn không""","=""50""","=""0""","=""9""","=""Low""","=""false"""
"=""thu nhập gross""","=""50""","=""0.02""","=""3""","=""Low""","=""false"""
"=""topcv lương gross net""","=""50""","=""0.01""","=""4""","=""Low""","=""false"""
"=""tính giờ tăng ca""","=""50""","=""0""","=""4""","=""Low""","=""false"""
"=""tính lãnh bhxh 1 lần""","=""50""","=""0""","=""5""","=""Low""","=""false"""
"=""tính tiền làm thêm giờ""","=""50""","=""0""","=""5""","=""Low""","=""false"""
"=""tính tiền lương hưu""","=""50""","=""0""","=""4""","=""Low""","=""false"""
"=""tính tiền đóng bhxh""","=""50""","=""0""","=""4""","=""Low""","=""true"""
"=""tính đóng bảo hiểm xã hội""","=""50""","=""0""","=""6""","=""Low""","=""false"""
"=""lương ronaldo tính ra tiền việt""","=""50""","=""0""","=""6""","=""Low""","=""true"""
"=""lương tính thuế tncn 2025""","=""50""","=""0""","=""5""","=""Low""","=""false"""
"=""3p là j""","=""40""","=""0""","=""3""","=""Low""","=""false"""
"=""bang tinh tuoi nghi huu""","=""40""","=""0""","=""5""","=""Low""","=""false"""
"=""chuyển lương gross net""","=""40""","=""0.02""","=""4""","=""Low""","=""true"""
"=""chuyển lương từ gross sang net""","=""40""","=""0.03""","=""6""","=""Medium""","=""false"""
"=""chuyển từ lương net sang gross""","=""40""","=""0.03""","=""6""","=""Medium""","=""false"""
"=""các khoản phụ cấp theo lương""","=""40""","=""0""","=""6""","=""Low""","=""false"""
"=""cách làm lương""","=""40""","=""0""","=""3""","=""Low""","=""false"""
"=""cách tính bảo hiểm lương hưu""","=""40""","=""0""","=""6""","=""Low""","=""true"""
"=""cách tính giờ tăng ca theo lương cơ bản""","=""40""","=""0""","=""9""","=""Low""","=""false"""
"=""cách tính hưởng bhxh""","=""40""","=""0""","=""4""","=""Low""","=""false"""
"=""cách tính mức hưởng lương hưu""","=""40""","=""0""","=""6""","=""Low""","=""false"""
"=""cách tính mức lương bình quân hưởng bhxh 1 lần""","=""40""","=""0.01""","=""10""","=""Low""","=""true"""
"=""cách tính mức lương hưu""","=""40""","=""0""","=""5""","=""Low""","=""true"""
"=""cách tính nghỉ hưu""","=""40""","=""0""","=""4""","=""Low""","=""false"""
"=""cách tính phần trăm lương cơ bản""","=""40""","=""0""","=""7""","=""Low""","=""false"""
"=""cách tính phần trăm lương hưu""","=""40""","=""0""","=""6""","=""Low""","=""false"""
"=""cách tính thuế tncn từ tiền lương tiền công""","=""40""","=""0""","=""9""","=""Low""","=""false"""
"=""cách tính tháng lương thứ 13""","=""40""","=""0""","=""6""","=""Low""","=""false"""
"=""cách tính thêm giờ""","=""40""","=""0""","=""4""","=""Low""","=""false"""
"=""cách tính tiền trượt giá bhxh""","=""40""","=""0""","=""6""","=""Low""","=""false"""
"=""cách tính tiền tăng ca ngày thường""","=""40""","=""0""","=""7""","=""Low""","=""false"""
"=""cách tính tiền đóng bảo hiểm""","=""40""","=""0""","=""6""","=""Low""","=""true"""
"=""cách tính tăng ca ngày chủ nhật""","=""40""","=""0""","=""7""","=""Low""","=""false"""
"=""cách tính tăng ca ngày thường""","=""40""","=""0""","=""6""","=""Low""","=""false"""
"=""cách tính tăng lương theo phần trăm""","=""40""","=""0""","=""7""","=""Low""","=""false"""
"=""cách tính đóng bảo hiểm xã hội hàng tháng""","=""40""","=""0""","=""9""","=""Low""","=""true"""
"=""công thức tính tiền bảo hiểm xã hội""","=""40""","=""0""","=""8""","=""Low""","=""false"""
"=""gross là j""","=""40""","=""0.01""","=""3""","=""Low""","=""true"""
"=""gross ra net""","=""40""","=""0.01""","=""3""","=""Low""","=""false"""
"=""luong net to gross""","=""40""","=""0.01""","=""4""","=""Low""","=""false"""
"=""lương chịu thuế thu nhập cá nhân""","=""40""","=""0.01""","=""7""","=""Low""","=""false"""
"=""lương dưới 5 triệu có phải nộp thuế tncn""","=""40""","=""0""","=""9""","=""Low""","=""true"""
"=""lương gross có bao gồm phụ cấp không""","=""40""","=""0.02""","=""8""","=""Low""","=""false"""
"=""lương hưu tính ntn""","=""40""","=""0""","=""4""","=""Low""","=""false"""
"=""lương tháng 13 có được tính vào chi phí không""","=""40""","=""0""","=""10""","=""Low""","=""false"""
"=""mức lương net và gross""","=""40""","=""0.02""","=""5""","=""Medium""","=""false"""
"=""mức lương phải đóng thuế tncn""","=""40""","=""0""","=""6""","=""Low""","=""true"""
"=""mức tính bảo hiểm thất nghiệp""","=""40""","=""0.01""","=""6""","=""Low""","=""true"""
"=""mức tính bảo hiểm xã hội""","=""40""","=""0""","=""6""","=""Low""","=""false"""
"=""phân biệt gross và net""","=""40""","=""0.02""","=""5""","=""Low""","=""false"""
"=""phân biệt lương gross và net""","=""40""","=""0.02""","=""6""","=""Medium""","=""false"""
"=""quy định tính tăng ca""","=""40""","=""0""","=""5""","=""Low""","=""false"""
"=""thu nhập miễn thuế tncn từ tiền lương tiền công""","=""40""","=""0""","=""10""","=""Low""","=""true"""
"=""tinh thue thu nhap""","=""40""","=""0""","=""4""","=""Low""","=""false"""
"=""tinhluong gross sang net""","=""40""","=""0.01""","=""4""","=""Low""","=""false"""
"=""tiền lương tính tăng ca có bao gồm phụ cấp""","=""40""","=""0""","=""10""","=""Low""","=""true"""
"=""tiền tăng ca có tính thuế tncn""","=""40""","=""0""","=""7""","=""Low""","=""false"""
"=""topcv lương gross sang net""","=""40""","=""0.01""","=""5""","=""Low""","=""false"""
"=""tính hệ số lương""","=""40""","=""0""","=""4""","=""Low""","=""false"""
"=""tính làm thêm giờ""","=""40""","=""0""","=""4""","=""Low""","=""false"""
"=""tính mức đóng bảo hiểm xã hội""","=""40""","=""0""","=""7""","=""Low""","=""false"""
"=""tính tiền hưởng bhxh 1 lần""","=""40""","=""0.01""","=""6""","=""Low""","=""false"""
"=""tính tiền lương bình quân của 1 công nhân""","=""40""","=""0""","=""9""","=""Low""","=""false"""
"=""từ gross sang net""","=""40""","=""0.02""","=""4""","=""Medium""","=""false"""
"=""tỷ lệ lương hưu""","=""40""","=""0""","=""4""","=""Low""","=""false"""
"=""tính cải lương là gì""","=""40""","=""0""","=""5""","=""Low""","=""false"""
"=""bhxh cách tính""","=""30""","=""0""","=""3""","=""Low""","=""false"""
"=""cách nhân hệ số lương""","=""30""","=""0""","=""5""","=""Low""","=""true"""
"=""cách tính bình quân tiền lương đóng bhxh""","=""30""","=""0""","=""8""","=""Low""","=""false"""
"=""cách tính bảo hiểm hưu trí""","=""30""","=""0""","=""6""","=""Low""","=""false"""
"=""cách tính bậc lương trong doanh nghiệp""","=""30""","=""0""","=""7""","=""Low""","=""false"""
"=""cách tính công lương""","=""30""","=""0""","=""4""","=""Low""","=""false"""
"=""cách tính công đi làm""","=""30""","=""0""","=""5""","=""Low""","=""true"""
"=""cách tính hưởng lương hưu bhxh""","=""30""","=""0""","=""6""","=""Low""","=""false"""
"=""cách tính hệ số lương vượt khung""","=""30""","=""0""","=""7""","=""Low""","=""false"""
"=""cách tính mức hưởng bhxh 1 lần""","=""30""","=""0.01""","=""7""","=""Low""","=""false"""
"=""cách tính mức lương đóng bhxh""","=""30""","=""0""","=""6""","=""Low""","=""false"""
"=""cách tính nhận lương hưu""","=""30""","=""0""","=""5""","=""Low""","=""true"""
"=""cách tính số tiền đóng bảo hiểm xã hội""","=""30""","=""0""","=""9""","=""Low""","=""false"""
"=""cách tính thuế lương tháng 13""","=""30""","=""0""","=""6""","=""Low""","=""false"""
"=""cách tính thuế tncn theo lương net""","=""30""","=""0""","=""7""","=""Low""","=""false"""
"=""cách tính thuế tncn đối với tiền làm thêm giờ""","=""30""","=""0""","=""10""","=""Low""","=""false"""
"=""cách tính thời gian nghỉ hưu""","=""30""","=""0""","=""6""","=""Low""","=""true"""
"=""cách tính thừa năm công tác để nghỉ hưu""","=""30""","=""0""","=""9""","=""Low""","=""false"""
"=""cách tính tiền giờ tăng ca""","=""30""","=""0""","=""6""","=""Low""","=""false"""
"=""cách tính tiền lương theo giờ""","=""30""","=""0""","=""6""","=""Low""","=""false"""
"=""cách tính tiền lương theo tháng""","=""30""","=""0""","=""6""","=""Low""","=""true"""
"=""cách tính tiền lương tháng 13""","=""30""","=""0""","=""6""","=""Low""","=""false"""
"=""cách tính tiền tăng ca đêm""","=""30""","=""0""","=""6""","=""Low""","=""false"""
"=""cách tính tăng lương hưu""","=""30""","=""0""","=""5""","=""Low""","=""false"""
"=""công thức tính làm thêm giờ""","=""30""","=""0""","=""6""","=""Low""","=""false"""
"=""công thức tính tiền bhxh 1 lần""","=""30""","=""0""","=""7""","=""Low""","=""false"""
"=""công thức tính tuổi nghỉ hưu""","=""30""","=""0""","=""6""","=""Low""","=""false"""
"=""gross net topcv""","=""30""","=""0""","=""3""","=""Low""","=""false"""
"=""gross sang net topcv""","=""30""","=""0.01""","=""4""","=""Low""","=""false"""
"=""luong gross sang luong net""","=""30""","=""0.03""","=""5""","=""Low""","=""false"""
"=""luong gross thanh net""","=""30""","=""0.01""","=""4""","=""Low""","=""false"""
"=""lương cơ bản là net hay gross""","=""30""","=""0""","=""7""","=""Low""","=""false"""
"=""lương gross sang lương net""","=""30""","=""0.03""","=""5""","=""Low""","=""false"""
"=""lương gross thành net""","=""30""","=""0.01""","=""4""","=""Low""","=""false"""
"=""lương net ra gross""","=""30""","=""0.03""","=""4""","=""Low""","=""false"""
"=""lương tính""","=""30""","=""0""","=""2""","=""Low""","=""false"""
"=""lương tính bảo hiểm xã hội""","=""30""","=""0""","=""6""","=""Low""","=""false"""
"=""mức lương bình quân đóng bhxh""","=""30""","=""0""","=""6""","=""Low""","=""false"""
"=""mức lương chịu thuế tncn""","=""30""","=""0.01""","=""5""","=""Low""","=""false"""
"=""mức lương trừ thuế thu nhập cá nhân""","=""30""","=""0.01""","=""8""","=""Low""","=""false"""
"=""mức lương tính thuế tncn""","=""30""","=""0""","=""5""","=""Low""","=""false"""
"=""net gross lương""","=""30""","=""0.01""","=""3""","=""Low""","=""false"""
"=""phụ cấp làm thêm giờ""","=""30""","=""0""","=""5""","=""Low""","=""false"""
"=""quy lương gross sang net""","=""30""","=""0.03""","=""5""","=""Medium""","=""false"""
"=""thu nhập gross sang net""","=""30""","=""0.02""","=""5""","=""Low""","=""false"""
"=""thu nhập net và gross""","=""30""","=""0.02""","=""5""","=""Low""","=""false"""
"=""thuế thu nhập cá nhân tính trên lương nào""","=""30""","=""0""","=""9""","=""Low""","=""false"""
"=""thuế thu nhập cá nhân từ tiền lương tiền công""","=""30""","=""0""","=""10""","=""Low""","=""true"""
"=""thuế thu nhập từ tiền lương tiền công""","=""30""","=""0""","=""8""","=""Low""","=""false"""
"=""thưởng lương tháng 13 có tính thuế tncn không""","=""30""","=""0""","=""9""","=""Low""","=""false"""
"=""tiền lương ngoài giờ có tính thuế tncn không""","=""30""","=""0""","=""9""","=""Low""","=""false"""
"=""tiền lương tăng ca""","=""30""","=""0""","=""4""","=""Low""","=""true"""
"=""tính các khoản trích theo lương""","=""30""","=""0""","=""6""","=""Low""","=""false"""
"=""tính thuế tncn theo lương net""","=""30""","=""0""","=""6""","=""Low""","=""false"""
"=""tính thời gian nghỉ hưu""","=""30""","=""0""","=""5""","=""Low""","=""false"""
"=""đóng bhxh dựa trên mức lương nào""","=""30""","=""0""","=""7""","=""Low""","=""true"""
"=""tính chất cải lương là gì""","=""30""","=""0""","=""6""","=""Low""","=""false"""
"=""lương ronaldo tính theo giờ""","=""30""","=""0""","=""5""","=""Low""","=""true"""
"=""bang luong nhan vien""","=""20""","=""0""","=""4""","=""Low""","=""false"""
"=""bài tập tính tiền lương""","=""20""","=""0""","=""5""","=""Low""","=""false"""
"=""bình quân tiền lương tháng đóng bhxh""","=""20""","=""0""","=""7""","=""Low""","=""true"""
"=""cach tinh tuoi nghi huu""","=""20""","=""0""","=""5""","=""Low""","=""false"""
"=""chi phí tiền lương được trừ khi tính thuế tndn""","=""20""","=""0""","=""10""","=""Low""","=""false"""
"=""chuyển lương gross qua net""","=""20""","=""0.03""","=""5""","=""Medium""","=""false"""
"=""chuyển lương từ net sang gross""","=""20""","=""0.03""","=""6""","=""Low""","=""false"""
"=""các khoản phụ cấp tính đóng bảo hiểm xã hội""","=""20""","=""0""","=""10""","=""Low""","=""false"""
"=""cách chuyển lương gross sang net""","=""20""","=""0.03""","=""6""","=""Low""","=""false"""
"=""cách hưởng lương hưu""","=""20""","=""0""","=""4""","=""Low""","=""false"""
"=""cách tính bhxh hàng tháng""","=""20""","=""0""","=""5""","=""Low""","=""false"""
"=""cách tính bhxh khi nghỉ hưu""","=""20""","=""0""","=""6""","=""Low""","=""false"""
"=""cách tính bhxh khi về hưu""","=""20""","=""0""","=""6""","=""Low""","=""false"""
"=""cách tính bảo hiểm khi nghỉ hưu""","=""20""","=""0""","=""7""","=""Low""","=""false"""
"=""cách tính bảo hiểm nghỉ hưu""","=""20""","=""0""","=""6""","=""Low""","=""false"""
"=""cách tính bảo hiểm về hưu""","=""20""","=""0""","=""6""","=""Low""","=""true"""
"=""cách tính bảo hiểm xã hội khi nghỉ hưu""","=""20""","=""0""","=""9""","=""Low""","=""false"""
"=""cách tính bảo hiểm xã hội lương hưu""","=""20""","=""0""","=""8""","=""Low""","=""false"""
"=""cách tính chế độ hưu trí""","=""20""","=""0""","=""6""","=""Low""","=""false"""
"=""cách tính các khoản trích theo lương""","=""20""","=""0""","=""7""","=""Low""","=""false"""
"=""cách tính công làm việc""","=""20""","=""0""","=""5""","=""Low""","=""false"""
"=""cách tính công tăng ca""","=""20""","=""0""","=""5""","=""Low""","=""false"""
"=""cách tính hưu trí""","=""20""","=""0""","=""4""","=""Low""","=""false"""
"=""cách tính hưởng lương bảo hiểm xã hội""","=""20""","=""0""","=""8""","=""Low""","=""false"""
"=""cách tính hưởng lương thất nghiệp""","=""20""","=""0.01""","=""6""","=""Low""","=""false"""
"=""cách tính hệ số lương cơ bản""","=""20""","=""0""","=""7""","=""Low""","=""false"""
"=""cách tính mức hưởng bảo hiểm xã hội""","=""20""","=""0""","=""8""","=""Low""","=""false"""
"=""cách tính mức lương""","=""20""","=""0""","=""4""","=""Low""","=""false"""
"=""cách tính mức lương bình quân""","=""20""","=""0""","=""6""","=""Low""","=""true"""
"=""cách tính mức lương bình quân hưởng lương hưu""","=""20""","=""0""","=""9""","=""Low""","=""false"""
"=""cách tính mức lương bình quân đóng bhxh""","=""20""","=""0""","=""8""","=""Low""","=""false"""
"=""cách tính mức lương cơ bản""","=""20""","=""0""","=""6""","=""Low""","=""false"""
"=""cách tính mức lương hưu được hưởng""","=""20""","=""0""","=""7""","=""Low""","=""false"""
"=""cách tính mức đóng bảo hiểm""","=""20""","=""0""","=""6""","=""Low""","=""false"""
"=""cách tính net sang gross""","=""20""","=""0.02""","=""5""","=""Low""","=""false"""
"=""cách tính nghỉ hưu trước tuổi""","=""20""","=""0""","=""6""","=""Low""","=""false"""
"=""cách tính ngày lương""","=""20""","=""0""","=""4""","=""Low""","=""true"""
"=""cách tính nhận bảo hiểm xã hội""","=""20""","=""0""","=""7""","=""Low""","=""false"""
"=""cách tính năm nghỉ hưu""","=""20""","=""0""","=""5""","=""Low""","=""false"""
"=""cách tính năm nghỉ hưu theo luật mới""","=""20""","=""0""","=""8""","=""Low""","=""false"""
"=""cách tính năm đóng bảo hiểm xã hội""","=""20""","=""0""","=""8""","=""Low""","=""false"""
"=""cách tính nộp bảo hiểm xã hội""","=""20""","=""0""","=""7""","=""Low""","=""false"""
"=""cách tính phụ cấp thâm niên trong doanh nghiệp""","=""20""","=""0""","=""9""","=""Low""","=""false"""
"=""cách tính quỹ lương""","=""20""","=""0""","=""4""","=""Low""","=""false"""
"=""cách tính số năm đóng bảo hiểm xã hội""","=""20""","=""0""","=""9""","=""Low""","=""false"""
"=""cách tính số tiền hưởng bhxh 1 lần""","=""20""","=""0.01""","=""8""","=""Low""","=""false"""
"=""cách tính thuế tncn lương net""","=""20""","=""0""","=""6""","=""Low""","=""true"""
"=""cách tính thuế tncn lương tháng 13""","=""20""","=""0""","=""7""","=""Low""","=""false"""
"=""cách tính thuế tncn từ lương net""","=""20""","=""0""","=""7""","=""Low""","=""false"""
"=""cách tính thâm niên quân đội khi nghỉ hưu""","=""20""","=""0""","=""9""","=""Low""","=""false"""
"=""cách tính tiền bhxh khi nghỉ việc""","=""20""","=""0""","=""7""","=""Low""","=""false"""
"=""cách tính tiền công""","=""20""","=""0""","=""4""","=""Low""","=""false"""
"=""cách tính tiền hưởng bảo hiểm xã hội""","=""20""","=""0""","=""8""","=""Low""","=""true"""
"=""cách tính tiền hưởng bảo hiểm xã hội một lần""","=""20""","=""0""","=""10""","=""Low""","=""true"""
"=""cách tính tiền hưởng lương hưu""","=""20""","=""0""","=""6""","=""Low""","=""false"""
"=""cách tính tiền lương bảo hiểm xã hội""","=""20""","=""0""","=""8""","=""Low""","=""false"""
"=""cách tính tiền lương công nhân""","=""20""","=""0""","=""6""","=""Low""","=""false"""
"=""cách tính tiền lương cơ bản""","=""20""","=""0""","=""6""","=""Low""","=""false"""
"=""cách tính tiền lương hưu mới nhất""","=""20""","=""0""","=""7""","=""Low""","=""false"""
"=""cách tính tiền lương tháng""","=""20""","=""0""","=""5""","=""Low""","=""false"""
"=""cách tính tiền nộp bảo hiểm xã hội""","=""20""","=""0""","=""8""","=""Low""","=""false"""
"=""cách tính tiền phụ cấp ca đêm""","=""20""","=""0""","=""7""","=""Low""","=""false"""
"=""cách tính tiền tăng ca của công nhân""","=""20""","=""0""","=""8""","=""Low""","=""false"""
"=""cách tính tiền tăng ca theo giờ""","=""20""","=""0""","=""7""","=""Low""","=""true"""
"=""cách tính tiền đóng bảo hiểm xã hội theo lương""","=""20""","=""0""","=""10""","=""Low""","=""false"""
"=""cách tính trượt giá bhxh""","=""20""","=""0""","=""5""","=""Low""","=""false"""
"=""cách tính tăng lương cơ bản""","=""20""","=""0""","=""6""","=""Low""","=""false"""
"=""cách tính tổng lương""","=""20""","=""0""","=""4""","=""Low""","=""false"""
"=""cách tính tổng quỹ lương""","=""20""","=""0""","=""5""","=""Low""","=""false"""
"=""cách tính tỷ lệ hưởng lương hưu""","=""20""","=""0""","=""7""","=""Low""","=""false"""
"=""cách tính tỷ lệ lương hưu""","=""20""","=""0""","=""6""","=""Low""","=""false"""
"=""cách tính vượt khung lương""","=""20""","=""0""","=""5""","=""Low""","=""false"""
"=""cách tính đóng bảo hiểm xã hội theo lương""","=""20""","=""0""","=""9""","=""Low""","=""false"""
"=""công thức tính hưởng bhxh 1 lần""","=""20""","=""0""","=""7""","=""Low""","=""false"""
"=""công thức tính thuế tncn theo lương net excel""","=""20""","=""0""","=""9""","=""Low""","=""true"""
"=""công thức tính tiền làm thêm giờ""","=""20""","=""0""","=""7""","=""Low""","=""false"""
"=""công thức tính tổng quỹ lương""","=""20""","=""0""","=""6""","=""Low""","=""false"""
"=""hệ số tính bảo hiểm xã hội""","=""20""","=""0""","=""7""","=""Low""","=""false"""
"=""luong gross va net""","=""20""","=""0.02""","=""4""","=""Low""","=""true"""
"=""lương 10 triệu có phải đóng thuế tncn""","=""20""","=""0""","=""8""","=""Low""","=""false"""
"=""lương cơ bản công ty may tinh lợi""","=""20""","=""0""","=""8""","=""Low""","=""false"""
"=""lương hưu có tính trượt giá không""","=""20""","=""0""","=""7""","=""Low""","=""false"""
"=""lương tháng 13 có phải đóng thuế tncn""","=""20""","=""0""","=""8""","=""Low""","=""false"""
"=""lương tháng 13 có tính thuế không""","=""20""","=""0""","=""7""","=""High""","=""false"""
"=""lương tháng 13 có tính thời gian thử việc không""","=""20""","=""0""","=""10""","=""Low""","=""false"""
"=""lương tháng 13 có đóng thuế tncn""","=""20""","=""0""","=""7""","=""Low""","=""false"""
"=""lương thưởng có tính thuế tncn không""","=""20""","=""0""","=""7""","=""Low""","=""false"""
"=""lương thử việc có tính thuế tncn không""","=""20""","=""0""","=""8""","=""Low""","=""false"""
"=""lương thử việc tính trên lương gross hay net""","=""20""","=""0""","=""9""","=""Low""","=""false"""
"=""lương trên 2 triệu đóng thuế tncn""","=""20""","=""0""","=""7""","=""Low""","=""false"""
"=""lương tính bảo hiểm""","=""20""","=""0""","=""4""","=""Low""","=""false"""
"=""lương tính bảo hiểm thất nghiệp""","=""20""","=""0""","=""6""","=""Low""","=""false"""
"=""lương tính tăng ca""","=""20""","=""0""","=""4""","=""Low""","=""false"""
"=""lương tăng ca đêm""","=""20""","=""0""","=""4""","=""Low""","=""false"""
"=""lương từ gross sang net""","=""20""","=""0.02""","=""5""","=""Low""","=""false"""
"=""mức lương tính bảo hiểm thất nghiệp""","=""20""","=""0.01""","=""7""","=""Low""","=""false"""
"=""nên nhận lương gross hay net""","=""20""","=""0.01""","=""6""","=""Medium""","=""false"""
"=""quy lương net sang gross""","=""20""","=""0.04""","=""5""","=""Medium""","=""false"""
"=""thu nhập chịu thuế tncn từ tiền lương tiền công""","=""20""","=""0""","=""10""","=""Low""","=""false"""
"=""thu nhập chịu thuế từ tiền lương tiền công""","=""20""","=""0""","=""9""","=""Low""","=""true"""
"=""thuế thu nhập cá nhân theo mức lương""","=""20""","=""0""","=""8""","=""Low""","=""false"""
"=""tinhluong topcv""","=""20""","=""0""","=""2""","=""Low""","=""false"""
"=""trả lương khoán""","=""20""","=""0""","=""3""","=""Low""","=""false"""
"=""tính bình quân lương hưu""","=""20""","=""0""","=""5""","=""Low""","=""false"""
"=""tính giờ làm thêm""","=""20""","=""0""","=""4""","=""Low""","=""false"""
"=""tính hưởng lương hưu""","=""20""","=""0""","=""4""","=""Low""","=""false"""
"=""tính mức lương hưu""","=""20""","=""0""","=""4""","=""Low""","=""false"""
"=""tính mức lương đóng bảo hiểm xã hội""","=""20""","=""0""","=""8""","=""Low""","=""true"""
"=""tính năm nghỉ hưu""","=""20""","=""0""","=""4""","=""Low""","=""true"""
"=""tính số tiền hưởng bhxh 1 lần""","=""20""","=""0.01""","=""7""","=""Low""","=""false"""
"=""tính thuế lương tháng 13""","=""20""","=""0""","=""5""","=""Low""","=""false"""
"=""tính thuế tncn lương net""","=""20""","=""0.01""","=""5""","=""Low""","=""true"""
"=""tính thuế tncn topcv""","=""20""","=""0.01""","=""4""","=""Low""","=""false"""
"=""tính thuế tncn từ lương net""","=""20""","=""0""","=""6""","=""Low""","=""false"""
"=""tính tiền lương gross sang net""","=""20""","=""0.03""","=""6""","=""Medium""","=""false"""
"=""tính tiền đóng bảo hiểm""","=""20""","=""0""","=""5""","=""Low""","=""false"""
"=""tăng ca có tính thuế tncn""","=""20""","=""0""","=""6""","=""Low""","=""false"""
"=""đơn giá tiền lương""","=""20""","=""0""","=""4""","=""Low""","=""false"""
"=""tính tiền lương tăng ca""","=""20""","=""0""","=""5""","=""Low""","=""false"""
"=""tính tiền lương hưu online""","=""20""","=""0""","=""5""","=""Low""","=""false"""
"=""phần mềm quản lý lương""","=""10""","=""2.83""","=""5""","=""Medium""","=""false"""
"=""phần mềm tính tiền lương""","=""10""","=""0.76""","=""5""","=""Medium""","=""false"""
"=""bài tập tính quỹ lương""","=""10""","=""0""","=""5""","=""Low""","=""false"""
"=""bài tập tính tiền lương làm thêm giờ""","=""10""","=""0""","=""8""","=""Low""","=""false"""
"=""bài tập tính tiền lương theo sản phẩm""","=""10""","=""0""","=""8""","=""Low""","=""false"""
"=""bảo hiểm thất nghiệp tính trên lương nào""","=""10""","=""0""","=""8""","=""Low""","=""false"""
"=""bảo hiểm xã hội có tính thuế tncn""","=""10""","=""0""","=""8""","=""Low""","=""false"""
"=""bảo hiểm xã hội tính theo mức lương nào""","=""10""","=""0""","=""9""","=""Low""","=""false"""
"=""bảo hiểm xã hội tính trên lương nào""","=""10""","=""0""","=""8""","=""Low""","=""false"""
"=""cach tinh bang luong""","=""10""","=""0""","=""4""","=""Low""","=""false"""
"=""cach tinh dong bao hiem""","=""10""","=""0""","=""5""","=""Low""","=""false"""
"=""cach tinh dong bao hiem xa hoi""","=""10""","=""0""","=""7""","=""Low""","=""false"""
"=""cach tinh huong bao hiem xa hoi 1 lan""","=""10""","=""0""","=""9""","=""Low""","=""false"""
"=""cach tinh huong luong huu""","=""10""","=""0""","=""5""","=""Low""","=""false"""
"=""cach tinh thue thu nhap ca nhan 2021""","=""10""","=""0""","=""8""","=""Low""","=""false"""
"=""cach tinh thue thu nhap ca nhan 2022""","=""10""","=""0""","=""8""","=""Low""","=""false"""
"=""cach tinh tien bao hiem""","=""10""","=""0""","=""5""","=""Low""","=""false"""
"=""cach tinh tien bao hiem xa hoi 1 lan""","=""10""","=""0""","=""9""","=""Low""","=""false"""
"=""cach tinh tien luong""","=""10""","=""0""","=""4""","=""Low""","=""false"""
"=""cach tinh tien luong huu""","=""10""","=""0""","=""5""","=""Low""","=""false"""
"=""cach tinh tien that nghiep""","=""10""","=""0""","=""5""","=""Low""","=""false"""
"=""cach tinh tuoi ve huu""","=""10""","=""0""","=""5""","=""Low""","=""false"""
"=""chuyển lương gross thành net""","=""10""","=""0.03""","=""5""","=""Medium""","=""false"""
"=""chuyển lương net qua gross""","=""10""","=""0.03""","=""5""","=""Medium""","=""true"""
"=""chuyển lương net thành gross""","=""10""","=""0.03""","=""5""","=""Medium""","=""false"""
"=""cong thuc tinh tien bao hiem xa hoi""","=""10""","=""0""","=""8""","=""Low""","=""false"""
"=""các khoản lương tính thuế thu nhập cá nhân""","=""10""","=""0""","=""9""","=""Low""","=""false"""
"=""cách chia lương theo phần trăm""","=""10""","=""0""","=""6""","=""Low""","=""false"""
"=""cách chuyển từ lương gross sang net""","=""10""","=""0.03""","=""7""","=""Medium""","=""false"""
"=""cách chuyển từ lương net sang gross""","=""10""","=""0.03""","=""7""","=""Medium""","=""false"""
"=""cách gross up lương""","=""10""","=""0""","=""4""","=""Low""","=""false"""
"=""cách làm lương cho nhân viên""","=""10""","=""0""","=""6""","=""Low""","=""false"""
"=""cách phân biệt lương net và gross""","=""10""","=""0""","=""7""","=""Medium""","=""false"""
"=""cách trả lương""","=""10""","=""0""","=""3""","=""Low""","=""false"""
"=""cách trả lương 3p""","=""10""","=""0""","=""4""","=""Low""","=""false"""
"=""cách trả lương cho nhân viên bán hàng""","=""10""","=""0""","=""8""","=""Low""","=""false"""
"=""cách trả lương cho nhân viên kinh doanh""","=""10""","=""0""","=""8""","=""Low""","=""false"""
"=""cách trả lương cho nhân viên sale""","=""10""","=""0""","=""7""","=""Low""","=""false"""
"=""cách trả lương nhân viên kinh doanh""","=""10""","=""0""","=""7""","=""Low""","=""false"""
"=""cách trả lương theo doanh thu""","=""10""","=""0""","=""6""","=""Low""","=""false"""
"=""cách trả lương theo sản phẩm""","=""10""","=""0""","=""6""","=""Low""","=""false"""
"=""cách tính 70 lương cơ bản""","=""10""","=""0""","=""6""","=""Low""","=""false"""
"=""cách tính 75 lương""","=""10""","=""0""","=""4""","=""Low""","=""false"""
"=""cách tính 80 lương""","=""10""","=""0""","=""4""","=""Low""","=""false"""
"=""cách tính 80 lương cơ bản""","=""10""","=""0""","=""6""","=""Low""","=""false"""
"=""cách tính 85 lương""","=""10""","=""0""","=""4""","=""Low""","=""false"""
"=""cách tính 85 lương cơ bản""","=""10""","=""0""","=""6""","=""Low""","=""false"""
"=""cách tính bh xã hội""","=""10""","=""0""","=""5""","=""Low""","=""false"""
"=""cách tính bhxh 1 lần năm 2022""","=""10""","=""0""","=""7""","=""Low""","=""false"""
"=""cách tính bhxh 1 lần năm 2023""","=""10""","=""0""","=""7""","=""Low""","=""false"""
"=""cách tính bhxh 1 lần theo hệ số""","=""10""","=""0""","=""8""","=""Low""","=""false"""
"=""cách tính bhxh 2022""","=""10""","=""0""","=""4""","=""Low""","=""false"""
"=""cách tính bhxh hưu trí""","=""10""","=""0""","=""5""","=""Low""","=""false"""
"=""cách tính bhxh năm 2022""","=""10""","=""0""","=""5""","=""Low""","=""false"""
"=""cách tính bhxh năm 2023""","=""10""","=""0""","=""5""","=""Low""","=""false"""
"=""cách tính bình quân lương hưu năm 2022""","=""10""","=""0""","=""8""","=""Low""","=""false"""
"=""cách tính bình quân lương tháng đóng bhxh""","=""10""","=""0""","=""8""","=""Low""","=""false"""
"=""cách tính bình quân tiền lương tháng đóng bhxh""","=""10""","=""0""","=""9""","=""Low""","=""false"""
"=""cách tính bảo hiểm full lương""","=""10""","=""0""","=""6""","=""Low""","=""false"""
"=""cách tính bảo hiểm theo hệ số lương""","=""10""","=""0""","=""8""","=""Low""","=""false"""
"=""cách tính bảo hiểm theo lương""","=""10""","=""0""","=""6""","=""Low""","=""false"""
"=""cách tính bảo hiểm xã""","=""10""","=""0""","=""5""","=""Low""","=""false"""
"=""cách tính bảo hiểm xã hội 2022""","=""10""","=""0""","=""7""","=""Low""","=""false"""
"=""cách tính bảo hiểm xã hội hưu trí""","=""10""","=""0""","=""8""","=""Low""","=""false"""
"=""cách tính bảo hiểm xã hội nghỉ hưu""","=""10""","=""0""","=""8""","=""Low""","=""false"""
"=""cách tính bảo hiểm xã hội năm 2021""","=""10""","=""0""","=""8""","=""Low""","=""false"""
"=""cách tính bảo hiểm xã hội theo hệ số lương""","=""10""","=""0""","=""10""","=""Low""","=""false"""
"=""cách tính bảo hiểm xã hội theo lương""","=""10""","=""0""","=""8""","=""Low""","=""false"""
"=""cách tính bảo hiểm xã hội trên lương cơ bản""","=""10""","=""0""","=""10""","=""Low""","=""false"""
"=""cách tính bảo hiểm xã hội trừ vào lương""","=""10""","=""0""","=""9""","=""Low""","=""false"""
"=""cách tính bảo hiểm xã hội về hưu""","=""10""","=""0""","=""8""","=""Low""","=""false"""
"=""cách tính bảo hiểm xã hội được hưởng""","=""10""","=""0""","=""8""","=""Low""","=""false"""
"=""cách tính chi phí tiền lương""","=""10""","=""0""","=""6""","=""Low""","=""false"""
"=""cách tính chế độ hưởng lương hưu""","=""10""","=""0""","=""7""","=""Low""","=""false"""
"=""cách tính chế độ lương hưu""","=""10""","=""0""","=""6""","=""Low""","=""false"""
"=""cách tính chế độ nghỉ hưu""","=""10""","=""0""","=""6""","=""Low""","=""false"""
"=""cách tính chế độ nghỉ hưu trước tuổi""","=""10""","=""0""","=""8""","=""Low""","=""false"""
"=""cách tính các khoản phụ cấp theo lương""","=""10""","=""0""","=""8""","=""Low""","=""false"""
"=""cách tính công cho nhân viên""","=""10""","=""0""","=""6""","=""Low""","=""false"""
"=""cách tính công làm thêm giờ""","=""10""","=""0""","=""6""","=""Low""","=""false"""
"=""cách tính công làm việc theo giờ""","=""10""","=""0""","=""7""","=""Low""","=""false"""
"=""cách tính công nhân viên""","=""10""","=""0""","=""5""","=""Low""","=""false"""
"=""cách tính giờ làm ca đêm""","=""10""","=""0""","=""6""","=""Low""","=""false"""
"=""cách tính giờ tăng ca cho công nhân""","=""10""","=""0""","=""8""","=""Low""","=""false"""
"=""cách tính gross up lương net""","=""10""","=""0""","=""6""","=""Low""","=""false"""
"=""cách tính hưu""","=""10""","=""0""","=""3""","=""Low""","=""false"""
"=""cách tính hưu trí năm 2022""","=""10""","=""0""","=""6""","=""Low""","=""false"""
"=""cách tính hưởng 70 lương cơ bản""","=""10""","=""0""","=""7""","=""Low""","=""false"""
"=""cách tính hưởng bảo hiểm xã hội khi về hưu""","=""10""","=""0""","=""10""","=""Low""","=""false"""
"=""cách tính hưởng lương 70 phần trăm""","=""10""","=""0""","=""7""","=""Low""","=""false"""
"=""cách tính hưởng lương hưu 1 lần""","=""10""","=""0""","=""7""","=""Low""","=""false"""
"=""cách tính hưởng lương hưu hàng tháng""","=""10""","=""0""","=""7""","=""Low""","=""false"""
"=""cách tính hưởng lương hưu năm 2022""","=""10""","=""0""","=""7""","=""Low""","=""false"""
"=""cách tính hệ số bảo hiểm xã hội""","=""10""","=""0""","=""8""","=""Low""","=""false"""
"=""cách tính hệ số lương khi nghỉ hưu""","=""10""","=""0""","=""8""","=""Low""","=""false"""
"=""cách tính hệ số lương đóng bảo hiểm""","=""10""","=""0""","=""8""","=""Low""","=""false"""
"=""cách tính lãnh bhxh 1 lần 2022""","=""10""","=""0""","=""7""","=""Low""","=""false"""
"=""cách tính lãnh lương hưu""","=""10""","=""0""","=""5""","=""Low""","=""false"""
"=""cách tính lên lương""","=""10""","=""0""","=""4""","=""Low""","=""false"""
"=""cách tính một ngày lương cơ bản""","=""10""","=""0""","=""7""","=""Low""","=""true"""
"=""cách tính mức bình quân lương tháng đóng bhxh""","=""10""","=""0""","=""9""","=""Low""","=""false"""
"=""cách tính mức bình quân thu nhập tháng đóng bhxh""","=""10""","=""0""","=""10""","=""Low""","=""false"""
"=""cách tính mức bảo hiểm xã hội""","=""10""","=""0""","=""7""","=""Low""","=""false"""
"=""cách tính mức hưởng bhxh""","=""10""","=""0""","=""5""","=""Low""","=""false"""
"=""cách tính mức hưởng bảo hiểm xã hội một lần""","=""10""","=""0""","=""10""","=""Low""","=""false"""
"=""cách tính mức hưởng lương hưu hàng tháng""","=""10""","=""0""","=""8""","=""Low""","=""false"""
"=""cách tính mức lương bình quân khi nghỉ hưu""","=""10""","=""0""","=""9""","=""Low""","=""false"""
"=""cách tính mức lương hưu bình quân""","=""10""","=""0""","=""7""","=""Low""","=""false"""
"=""cách tính mức lương hưu hàng tháng""","=""10""","=""0""","=""7""","=""Low""","=""false"""
"=""cách tính mức lương hưu năm 2022""","=""10""","=""0""","=""7""","=""Low""","=""false"""
"=""cách tính mức lương đóng bhxh 2022""","=""10""","=""0""","=""7""","=""Low""","=""false"""
"=""cách tính mức lương đóng bảo hiểm""","=""10""","=""0""","=""7""","=""Low""","=""false"""
"=""cách tính mức lương đóng bảo hiểm xã hội""","=""10""","=""0""","=""9""","=""Low""","=""false"""
"=""cách tính mức sống tối thiểu""","=""10""","=""0""","=""6""","=""Low""","=""false"""
"=""cách tính mức đóng bảo hiểm xã hội năm 2022""","=""10""","=""0""","=""10""","=""Low""","=""false"""
"=""cách tính nghỉ hưu năm 2021""","=""10""","=""0""","=""6""","=""Low""","=""false"""
"=""cách tính nghỉ hưu năm 2022""","=""10""","=""0""","=""6""","=""Low""","=""false"""
"=""cách tính nghỉ hưu trước tuổi năm 2022""","=""10""","=""0""","=""8""","=""Low""","=""false"""
"=""cách tính ngày nghỉ hưu""","=""10""","=""0""","=""5""","=""Low""","=""false"""
"=""cách tính ngày tháng nghỉ hưu""","=""10""","=""0""","=""6""","=""Low""","=""false"""
"=""cách tính nhận bhxh 1 lần năm 2022""","=""10""","=""0""","=""8""","=""Low""","=""false"""
"=""cách tính nhận tiền bhxh""","=""10""","=""0""","=""5""","=""Low""","=""false"""
"=""cách tính nâng lương vượt khung""","=""10""","=""0""","=""6""","=""Low""","=""true"""
"=""cách tính năm công tác để nghỉ hưu""","=""10""","=""0""","=""8""","=""Low""","=""true"""
"=""cách tính năm nghỉ hưu mới""","=""10""","=""0""","=""6""","=""Low""","=""false"""
"=""cách tính năm về hưu""","=""10""","=""0""","=""5""","=""Low""","=""false"""
"=""cách tính phần trăm hưởng lương hưu""","=""10""","=""0""","=""7""","=""Low""","=""false"""
"=""cách tính phần trăm lương thưởng""","=""10""","=""0""","=""6""","=""Low""","=""false"""
"=""cách tính phần trăm lương thử việc""","=""10""","=""0""","=""7""","=""Low""","=""false"""
"=""cách tính pit từ lương gross""","=""10""","=""0""","=""6""","=""Low""","=""false"""
"=""cách tính pit từ lương net""","=""10""","=""0""","=""6""","=""Low""","=""false"""
"=""cách tính quỹ lương kế hoạch""","=""10""","=""0""","=""6""","=""Low""","=""false"""
"=""cách tính quỹ lương theo doanh thu""","=""10""","=""0""","=""7""","=""Low""","=""false"""
"=""cách tính quỹ tiền lương""","=""10""","=""0""","=""5""","=""Low""","=""false"""
"=""cách tính số giờ làm thêm""","=""10""","=""0""","=""6""","=""Low""","=""false"""
"=""cách tính số tháng đóng bhxh""","=""10""","=""0""","=""6""","=""Low""","=""false"""
"=""cách tính số tiền lãnh bhxh 1 lần""","=""10""","=""0""","=""8""","=""Low""","=""false"""
"=""cách tính số tiền phải đóng bảo hiểm xã hội""","=""10""","=""0""","=""10""","=""Low""","=""false"""
"=""cách tính số tiền được hưởng bảo hiểm xã hội""","=""10""","=""0""","=""10""","=""Low""","=""false"""
"=""cách tính thu nhập chịu thuế từ lương net""","=""10""","=""0""","=""9""","=""Low""","=""false"""
"=""cách tính thu nhập gross sang net""","=""10""","=""0""","=""7""","=""Medium""","=""false"""
"=""cách tính thuế bảo hiểm xã hội""","=""10""","=""0""","=""7""","=""Low""","=""false"""
"=""cách tính thuế thu nhập cá nhân làm thêm giờ""","=""10""","=""0""","=""10""","=""Low""","=""false"""
"=""cách tính thuế thu nhập cá nhân lương net""","=""10""","=""0""","=""9""","=""Low""","=""false"""
"=""cách tính thuế thu nhập cá nhân theo lương net""","=""10""","=""0""","=""10""","=""Low""","=""false"""
"=""cách tính thuế tncn cho lương ngoài giờ""","=""10""","=""0""","=""8""","=""Low""","=""false"""
"=""cách tính thuế tncn lương gross""","=""10""","=""0""","=""6""","=""Low""","=""false"""
"=""cách tính thuế tncn theo lương gross""","=""10""","=""0""","=""7""","=""Low""","=""false"""
"=""cách tính thuế tncn tháng 13""","=""10""","=""0""","=""6""","=""Low""","=""false"""
"=""cách tính thuế tncn đối với tiền tăng ca""","=""10""","=""0""","=""9""","=""Low""","=""false"""
"=""cách tính tháng lương 13""","=""10""","=""0""","=""5""","=""Low""","=""false"""
"=""cách tính tháng đóng bảo hiểm xã hội""","=""10""","=""0""","=""8""","=""Low""","=""false"""
"=""cách tính thâm niên khi nghỉ hưu""","=""10""","=""0""","=""7""","=""Low""","=""false"""
"=""cách tính thời gian nghỉ hưu năm 2022""","=""10""","=""0""","=""8""","=""Low""","=""false"""
"=""cách tính thời gian đóng bhxh""","=""10""","=""0""","=""6""","=""Low""","=""false"""
"=""cách tính tiền bh xã hội""","=""10""","=""0""","=""6""","=""Low""","=""false"""
"=""cách tính tiền bhxh 1 lần 2022""","=""10""","=""0""","=""7""","=""Low""","=""false"""
"=""cách tính tiền bhxh hưởng 1 lần""","=""10""","=""0""","=""7""","=""Low""","=""false"""
"=""cách tính tiền bhxh khi nghỉ hưu""","=""10""","=""0""","=""7""","=""Low""","=""false"""
"=""cách tính tiền bhxh được nhận""","=""10""","=""0""","=""6""","=""Low""","=""false"""
"=""cách tính tiền bảo hiểm khi nghỉ việc""","=""10""","=""0""","=""8""","=""Low""","=""false"""
"=""cách tính tiền bảo hiểm khi về hưu""","=""10""","=""0""","=""8""","=""Low""","=""false"""
"=""cách tính tiền bảo hiểm xã hội 2022""","=""10""","=""0""","=""8""","=""Low""","=""false"""
"=""cách tính tiền bảo hiểm xã hội hàng tháng""","=""10""","=""0""","=""9""","=""Low""","=""false"""
"=""cách tính tiền bảo hiểm xã hội khi nghỉ hưu""","=""10""","=""0""","=""10""","=""Low""","=""false"""
"=""cách tính tiền bảo hiểm xã hội theo lương""","=""10""","=""0""","=""9""","=""Low""","=""false"""
"=""cách tính tiền bảo hiểm xã hội đóng hàng tháng""","=""10""","=""0""","=""10""","=""Low""","=""false"""
"=""cách tính tiền bảo hiểm xã hội được hưởng""","=""10""","=""0""","=""9""","=""Low""","=""false"""
"=""cách tính tiền bảo hiểm xã hội được nhận""","=""10""","=""0""","=""9""","=""Low""","=""false"""
"=""cách tính tiền hưu trí""","=""10""","=""0""","=""5""","=""Low""","=""false"""
"=""cách tính tiền hưởng bhxh""","=""10""","=""0""","=""5""","=""Low""","=""true"""
"=""cách tính tiền làm thêm ngoài giờ""","=""10""","=""0""","=""7""","=""Low""","=""false"""
"=""cách tính tiền lãnh bhxh""","=""10""","=""0""","=""5""","=""Low""","=""false"""
"=""cách tính tiền lương bình quân""","=""10""","=""0""","=""6""","=""Low""","=""false"""
"=""cách tính tiền lương bình quân 6 tháng liền kề""","=""10""","=""0""","=""10""","=""Low""","=""false"""
"=""cách tính tiền lương bình quân khi nghỉ hưu""","=""10""","=""0""","=""9""","=""Low""","=""false"""
"=""cách tính tiền lương bảo hiểm thất nghiệp""","=""10""","=""0""","=""8""","=""Low""","=""false"""
"=""cách tính tiền lương cho công nhân""","=""10""","=""0""","=""7""","=""Low""","=""false"""
"=""cách tính tiền lương hàng tháng""","=""10""","=""0""","=""6""","=""Low""","=""false"""
"=""cách tính tiền lương hưu của bảo hiểm xã hội""","=""10""","=""0""","=""10""","=""Low""","=""false"""
"=""cách tính tiền lương hưu hiện nay""","=""10""","=""0""","=""7""","=""Low""","=""true"""
"=""cách tính tiền lương hưu năm 2021""","=""10""","=""0""","=""7""","=""Low""","=""false"""
"=""cách tính tiền lương hưu năm 2022""","=""10""","=""0""","=""7""","=""Low""","=""false"""
"=""cách tính tiền lương khi nghỉ hưu""","=""10""","=""0""","=""7""","=""Low""","=""true"""
"=""cách tính tiền lương khi về hưu""","=""10""","=""0""","=""7""","=""Low""","=""false"""
"=""cách tính tiền lương nghỉ hưu trước tuổi""","=""10""","=""0""","=""8""","=""Low""","=""false"""
"=""cách tính tiền lương quân đội""","=""10""","=""0""","=""6""","=""Low""","=""false"""
"=""cách tính tiền lương theo ngày công""","=""10""","=""0""","=""7""","=""Low""","=""false"""
"=""cách tính tiền lương thất nghiệp""","=""10""","=""0""","=""6""","=""Low""","=""false"""
"=""cách tính tiền lương thử việc""","=""10""","=""0""","=""6""","=""Low""","=""false"""
"=""cách tính tiền lương thực tế""","=""10""","=""0""","=""6""","=""Low""","=""false"""
"=""cách tính tiền lương trong quân đội""","=""10""","=""0""","=""7""","=""Low""","=""false"""
"=""cách tính tiền lương trung bình""","=""10""","=""0""","=""6""","=""Low""","=""false"""
"=""cách tính tiền lương trừ bảo hiểm""","=""10""","=""0""","=""7""","=""Low""","=""false"""
"=""cách tính tiền lương đóng bhxh""","=""10""","=""0""","=""6""","=""Low""","=""true"""
"=""cách tính tiền nghỉ hưu""","=""10""","=""0""","=""5""","=""Low""","=""true"""
"=""cách tính tiền nghỉ hưu trước tuổi""","=""10""","=""0""","=""7""","=""Low""","=""false"""
"=""cách tính tiền nghỉ hưởng bhxh""","=""10""","=""0""","=""6""","=""Low""","=""false"""
"=""cách tính tiền nhận bảo hiểm xã hội""","=""10""","=""0""","=""8""","=""Low""","=""false"""
"=""cách tính tiền nhận bảo hiểm xã hội một lần""","=""10""","=""0""","=""10""","=""Low""","=""false"""
"=""cách tính tiền thanh toán bhxh 1 lần""","=""10""","=""0""","=""8""","=""Low""","=""false"""
"=""cách tính tiền thưởng lương tháng 13""","=""10""","=""0""","=""7""","=""Low""","=""false"""
"=""cách tính tiền tăng ca cho công nhân""","=""10""","=""0""","=""8""","=""Low""","=""false"""
"=""cách tính tiền về hưu trước tuổi""","=""10""","=""0""","=""7""","=""Low""","=""false"""
"=""cách tính tiền đóng bhxh 2022""","=""10""","=""0""","=""6""","=""Low""","=""false"""
"=""cách tính tiền đóng bảo hiểm hàng tháng""","=""10""","=""0""","=""8""","=""Low""","=""false"""
"=""cách tính trừ tiền bảo hiểm xã hội""","=""10""","=""0""","=""8""","=""Low""","=""false"""
"=""cách tính tuổi hưu mới""","=""10""","=""0""","=""5""","=""Low""","=""false"""
"=""cách tính tuổi hưu từ năm 2021""","=""10""","=""0""","=""7""","=""Low""","=""false"""
"=""cách tính tuổi nghỉ hưu có tháng lẻ""","=""10""","=""0""","=""8""","=""Low""","=""false"""
"=""cách tính tuổi nghỉ hưu năm 2022""","=""10""","=""0""","=""7""","=""Low""","=""false"""
"=""cách tính tuổi nghỉ hưu trước tuổi""","=""10""","=""0""","=""7""","=""Low""","=""false"""
"=""cách tính tuổi nghỉ hưu từ năm 2021""","=""10""","=""0""","=""8""","=""Low""","=""false"""
"=""cách tính tuổi về hưu năm 2021""","=""10""","=""0""","=""7""","=""Low""","=""false"""
"=""cách tính tăng ca miễn thuế tncn""","=""10""","=""0""","=""7""","=""Low""","=""false"""
"=""cách tính tăng ca ngày lễ""","=""10""","=""0""","=""6""","=""Low""","=""false"""
"=""cách tính tăng lương cho nhân viên""","=""10""","=""0""","=""7""","=""Low""","=""false"""
"=""cách tính tăng lương hàng năm""","=""10""","=""0""","=""6""","=""Low""","=""false"""
"=""cách tính tăng lương hưu 2022""","=""10""","=""0""","=""6""","=""Low""","=""false"""
"=""cách tính tăng lương hưu năm 2022""","=""10""","=""0""","=""7""","=""Low""","=""false"""
"=""cách tính tăng lương hưu năm 2023""","=""10""","=""0""","=""7""","=""Low""","=""false"""
"=""cách tính tổng quỹ lương bhxh""","=""10""","=""0""","=""6""","=""Low""","=""false"""
"=""cách tính tổng quỹ lương của công ty""","=""10""","=""0""","=""8""","=""Low""","=""true"""
"=""cách tính từ lương net sang gross""","=""10""","=""0.05""","=""7""","=""Low""","=""false"""
"=""cách tính tỷ lệ hưởng lương hưu năm 2022""","=""10""","=""0""","=""9""","=""Low""","=""false"""
"=""cách tính tỷ lệ phần trăm lương hưu""","=""10""","=""0""","=""8""","=""Low""","=""false"""
"=""cách tính về hưu 1 cục""","=""10""","=""0""","=""6""","=""Low""","=""false"""
"=""cách tính về hưu năm 2021""","=""10""","=""0""","=""6""","=""Low""","=""false"""
"=""cách tính về hưu trước tuổi""","=""10""","=""0""","=""6""","=""Low""","=""false"""
"=""cách tính đóng bhxh bắt buộc""","=""10""","=""0""","=""6""","=""Low""","=""false"""
"=""cách tính đóng bhxh năm 2022""","=""10""","=""0""","=""6""","=""Low""","=""false"""
"=""cách tính đóng bảo hiểm xã hội 2022""","=""10""","=""0""","=""8""","=""Low""","=""false"""
"=""cách tính đóng tiền bhxh""","=""10""","=""0""","=""5""","=""Low""","=""false"""
"=""cách tính đóng tiền bảo hiểm xã hội""","=""10""","=""0""","=""8""","=""Low""","=""false"""
"=""cách tính đơn giá tiền lương""","=""10""","=""0""","=""6""","=""Low""","=""false"""
"=""cách tính đơn giá tiền lương sản phẩm""","=""10""","=""0""","=""8""","=""Low""","=""false"""
"=""cách tính đơn giá tiền lương theo doanh thu""","=""10""","=""0""","=""9""","=""Low""","=""false"""
"=""cách xây dựng đơn giá tiền lương theo sản phẩm""","=""10""","=""0""","=""10""","=""Low""","=""false"""
"=""công cụ chuyển lương gross sang net""","=""10""","=""0.02""","=""7""","=""Medium""","=""false"""
"=""công thức chuyển lương gross sang net""","=""10""","=""0""","=""7""","=""Medium""","=""false"""
"=""công thức chuyển lương net sang gross""","=""10""","=""0""","=""7""","=""Low""","=""false"""
"=""công thức lương 3p""","=""10""","=""0""","=""4""","=""Low""","=""false"""
"=""công thức tính 70 lương""","=""10""","=""0""","=""5""","=""Low""","=""false"""
"=""công thức tính 70 lương cơ bản""","=""10""","=""0""","=""7""","=""Low""","=""false"""
"=""công thức tính bảo hiểm xã hội hàng tháng""","=""10""","=""0""","=""9""","=""Low""","=""false"""
"=""công thức tính chi phí tiền lương""","=""10""","=""0""","=""7""","=""Low""","=""false"""
"=""công thức tính giờ làm thêm""","=""10""","=""0""","=""6""","=""Low""","=""false"""
"=""công thức tính hưởng bảo hiểm xã hội 1 lần""","=""10""","=""0""","=""10""","=""Low""","=""false"""
"=""công thức tính net sang gross""","=""10""","=""0""","=""6""","=""Low""","=""false"""
"=""công thức tính tiền lương bình quân""","=""10""","=""0""","=""7""","=""Low""","=""false"""
"=""công thức tính tiền lương bình quân 1 công nhân""","=""10""","=""0""","=""10""","=""Low""","=""false"""
"=""công thức tính tiền lương cơ bản""","=""10""","=""0""","=""7""","=""Low""","=""false"""
"=""công thức tính tiền lương theo ngày""","=""10""","=""0""","=""7""","=""Low""","=""false"""
"=""công thức tính tiền lương thực tế""","=""10""","=""0""","=""7""","=""Low""","=""false"""
"=""công thức tính tiền lương tăng ca""","=""10""","=""0""","=""7""","=""Low""","=""false"""
"=""công thức tính tiền đóng bảo hiểm xã hội""","=""10""","=""0""","=""9""","=""Low""","=""false"""
"=""công thức tính tuổi hưu mới""","=""10""","=""0""","=""6""","=""Low""","=""false"""
"=""công thức tính tuổi nghỉ hưu từ năm 2021""","=""10""","=""0""","=""9""","=""Low""","=""false"""
"=""công thức tính tăng lương""","=""10""","=""0""","=""5""","=""Low""","=""false"""
"=""công thức tính đơn giá tiền lương""","=""10""","=""0""","=""7""","=""Low""","=""false"""
"=""công thực tính tổng quỹ lương""","=""10""","=""0""","=""6""","=""Low""","=""false"""
"=""công văn hướng dẫn tính tiền làm thêm giờ""","=""10""","=""0""","=""9""","=""Low""","=""false"""
"=""dịch vụ tính tiền lương""","=""10""","=""0""","=""5""","=""Low""","=""false"""
"=""huong luong bao hiem xa hoi nhu the nao""","=""10""","=""0""","=""9""","=""Low""","=""false"""
"=""hình thức trả lương theo doanh thu""","=""10""","=""0""","=""7""","=""Low""","=""false"""
"=""hưu tính""","=""10""","=""0""","=""2""","=""Low""","=""false"""
"=""hướng dẫn tính tiền bhxh 1 lần""","=""10""","=""0""","=""7""","=""Low""","=""false"""
"=""hướng dẫn tính tiền bảo hiểm xã hội""","=""10""","=""0""","=""8""","=""Low""","=""false"""
"=""hệ số trượt giá tính bhxh năm 2022""","=""10""","=""0""","=""8""","=""Low""","=""false"""
"=""khác nhau giữa lương net và gross""","=""10""","=""0.03""","=""7""","=""Low""","=""true"""
"=""luong bao nhieu dong thue tncn""","=""10""","=""0""","=""6""","=""Low""","=""false"""
"=""luong gross sang nett""","=""10""","=""0""","=""4""","=""Medium""","=""false"""
"=""luong huu duoc tinh the nao""","=""10""","=""0""","=""6""","=""Low""","=""false"""
"=""luong huu giao vien tinh nhu the nao""","=""10""","=""0""","=""8""","=""Low""","=""false"""
"=""luong huu tinh nhu the nao""","=""10""","=""0""","=""6""","=""Low""","=""false"""
"=""luong tang ca co tinh thue thu nhap ca nhan""","=""10""","=""0""","=""10""","=""Low""","=""true"""
"=""lương có bản công ty may tinh lợi""","=""10""","=""0""","=""8""","=""Low""","=""false"""
"=""lương công nhân tinh lợi""","=""10""","=""0""","=""5""","=""Low""","=""false"""
"=""lương cơ bản tính bảo hiểm xã hội""","=""10""","=""0""","=""8""","=""Low""","=""false"""
"=""lương gross 10 triệu""","=""10""","=""0""","=""4""","=""Low""","=""false"""
"=""lương gross 9 triệu""","=""10""","=""0""","=""4""","=""Low""","=""false"""
"=""lương gross and net""","=""10""","=""0""","=""4""","=""Low""","=""false"""
"=""lương gross bao gồm""","=""10""","=""0""","=""4""","=""Medium""","=""false"""
"=""lương gross khác lương net""","=""10""","=""0""","=""5""","=""Low""","=""false"""
"=""lương gross sang net 2022""","=""10""","=""0""","=""5""","=""Low""","=""false"""
"=""lương gross sang net joboko""","=""10""","=""0""","=""5""","=""Low""","=""false"""
"=""lương gross sang net topcv""","=""10""","=""0""","=""5""","=""Low""","=""false"""
"=""lương gross thử việc""","=""10""","=""0""","=""4""","=""Low""","=""false"""
"=""lương gross to net joboko""","=""10""","=""0""","=""5""","=""Low""","=""false"""
"=""lương gross tính ra net""","=""10""","=""0""","=""5""","=""Low""","=""false"""
"=""lương gộp và lương net""","=""10""","=""0""","=""5""","=""Low""","=""false"""
"=""lương hưu tính bình quân bảo nhiêu năm""","=""10""","=""0""","=""8""","=""Low""","=""false"""
"=""lương net chuyển sang gross""","=""10""","=""0""","=""5""","=""Medium""","=""false"""
"=""lương net sang lương gross""","=""10""","=""0.02""","=""5""","=""Medium""","=""false"""
"=""lương theo doanh thu""","=""10""","=""0""","=""4""","=""Low""","=""false"""
"=""lương tháng 13 có bị tính thuế tncn""","=""10""","=""0""","=""8""","=""Low""","=""false"""
"=""lương tháng 13 có trừ thuế tncn""","=""10""","=""0""","=""7""","=""Low""","=""false"""
"=""lương thử việc có chịu thuế tncn""","=""10""","=""0""","=""7""","=""Low""","=""false"""
"=""lương tính theo giờ""","=""10""","=""0""","=""4""","=""Low""","=""true"""
"=""lương tính thuế tncn 2022""","=""10""","=""0""","=""5""","=""Low""","=""false"""
"=""lương tăng ca có tính thuế tncn""","=""10""","=""0""","=""7""","=""Low""","=""false"""
"=""mức bình quân thu nhập tháng đóng bhxh""","=""10""","=""0""","=""8""","=""Low""","=""false"""
"=""mức bình quân tiền lương thu nhập tháng đóng bhxh""","=""10""","=""0""","=""10""","=""Low""","=""false"""
"=""mức lương bình quân đóng bảo hiểm xã hội""","=""10""","=""0""","=""9""","=""Low""","=""false"""
"=""mức lương chịu thuế thu nhập cá nhân 2021""","=""10""","=""0""","=""9""","=""Low""","=""false"""
"=""mức lương chịu thuế thu nhập cá nhân 2022""","=""10""","=""0""","=""9""","=""Low""","=""false"""
"=""mức lương chịu thuế tncn 2021""","=""10""","=""0""","=""6""","=""Low""","=""false"""
"=""mức lương gross net""","=""10""","=""0""","=""4""","=""Medium""","=""false"""
"=""mức lương tính bảo hiểm xã hội""","=""10""","=""0""","=""7""","=""Low""","=""false"""
"=""mức lương tính thuế thu nhập cá nhân 2021""","=""10""","=""0""","=""9""","=""Low""","=""false"""
"=""mức lương tính thuế thu nhập cá nhân 2022""","=""10""","=""0""","=""9""","=""Low""","=""false"""
"=""mức lương đóng thuế thu nhập cá nhân 2022""","=""10""","=""0""","=""9""","=""Low""","=""false"""
"=""mức tính bhxh 1 lần""","=""10""","=""0""","=""5""","=""Low""","=""true"""
"=""net vs gross la gi""","=""10""","=""0""","=""5""","=""Low""","=""false"""
"=""phan biet luong gross va net""","=""10""","=""0""","=""6""","=""Low""","=""false"""
"=""phan mem tinh thue thu nhap ca nhan""","=""10""","=""0""","=""8""","=""Low""","=""false"""
"=""phụ cấp tính đóng bhxh""","=""10""","=""0""","=""5""","=""Low""","=""true"""
"=""quy chế lương khoán theo doanh thu""","=""10""","=""0""","=""7""","=""Low""","=""false"""
"=""quy định tính tăng ca ngày lễ tết""","=""10""","=""0""","=""8""","=""Low""","=""false"""
"=""thuế lương tháng 13""","=""10""","=""0""","=""4""","=""Low""","=""false"""
"=""thuế thu nhập cá nhân từ tiền lương""","=""10""","=""0""","=""8""","=""Low""","=""false"""
"=""thuế thu nhập lương tháng 13""","=""10""","=""0""","=""6""","=""Low""","=""false"""
"=""thuế tncn lương tháng 13""","=""10""","=""0""","=""5""","=""Low""","=""false"""
"=""tinh thue thu nhap ca nhan 2021""","=""10""","=""0""","=""7""","=""Low""","=""false"""
"=""tinh tien bao hiem""","=""10""","=""0""","=""4""","=""Low""","=""false"""
"=""tinh tien luong""","=""10""","=""0""","=""3""","=""Low""","=""false"""
"=""tiền làm thêm giờ có tính thuế tncn""","=""10""","=""0""","=""8""","=""Low""","=""false"""
"=""tiền làm thêm giờ tính thuế tncn""","=""10""","=""0""","=""7""","=""Low""","=""false"""
"=""tiền lương net và gross""","=""10""","=""0""","=""5""","=""Low""","=""false"""
"=""tiền lương tính thuế tncn""","=""10""","=""0""","=""5""","=""Low""","=""false"""
"=""tiền lương đóng thuế tncn""","=""10""","=""0""","=""5""","=""Low""","=""false"""
"=""trả lương theo doanh thu""","=""10""","=""0""","=""5""","=""Low""","=""false"""
"=""tính bhxh lương hưu""","=""10""","=""0""","=""4""","=""Low""","=""false"""
"=""tính bảo hiểm xã hội theo lương cơ bản""","=""10""","=""0""","=""9""","=""Low""","=""false"""
"=""tính năm về hưu""","=""10""","=""0""","=""4""","=""Low""","=""true"""
"=""tính pit lương net""","=""10""","=""0""","=""4""","=""Low""","=""false"""
"=""tính số tiền đóng bhxh""","=""10""","=""0""","=""5""","=""Low""","=""false"""
"=""tính thuế thu nhập cá nhân lương net""","=""10""","=""0""","=""8""","=""Low""","=""false"""
"=""tính thuế thu nhập cá nhân lương tháng 13""","=""10""","=""0""","=""9""","=""Low""","=""false"""
"=""tính thuế thu nhập cá nhân theo lương net""","=""10""","=""0""","=""9""","=""Low""","=""false"""
"=""tính thuế tncn lương tháng 13""","=""10""","=""0""","=""6""","=""Low""","=""false"""
"=""tính thuế tncn online topcv""","=""10""","=""0""","=""5""","=""Low""","=""false"""
"=""tính thời gian đóng bảo hiểm xã hội""","=""10""","=""0""","=""8""","=""Low""","=""false"""
"=""tính tiền hưởng bảo hiểm xã hội""","=""10""","=""0""","=""7""","=""Low""","=""false"""
"=""tính tiền lương hưu bhxh""","=""10""","=""0""","=""5""","=""Low""","=""false"""
"=""tính tiền lương làm thêm giờ""","=""10""","=""0""","=""6""","=""Low""","=""false"""
"=""tính tiền lương phải trả cho công nhân""","=""10""","=""0""","=""8""","=""Low""","=""false"""
"=""tính tiền lương theo giờ""","=""10""","=""0""","=""5""","=""Low""","=""false"""
"=""tính tiền lương thực tế""","=""10""","=""0""","=""5""","=""Low""","=""false"""
"=""tính tiền nhận bảo hiểm xã hội""","=""10""","=""0""","=""7""","=""Low""","=""false"""
"=""tính tiền tăng ca đêm""","=""10""","=""0""","=""5""","=""Low""","=""false"""
"=""tính tuổi hưu theo luật mới""","=""10""","=""0""","=""6""","=""Low""","=""false"""
"=""tính tuổi nghỉ hưu năm 2023""","=""10""","=""0""","=""6""","=""Low""","=""false"""
"=""tính tăng ca ngày lễ""","=""10""","=""0""","=""5""","=""Low""","=""false"""
"=""tính đơn giá tiền lương""","=""10""","=""0""","=""5""","=""Low""","=""false"""
"=""từ lương net tính ra lương gross""","=""10""","=""0.03""","=""7""","=""Medium""","=""false"""
"=""tỷ lệ chi phí lương trên doanh thu""","=""10""","=""0""","=""8""","=""Low""","=""false"""
"=""tỷ lệ hưởng lương hưu 2021""","=""10""","=""0""","=""6""","=""Low""","=""false"""
"=""tỷ lệ hưởng lương hưu 2022""","=""10""","=""0""","=""6""","=""Low""","=""false"""
"=""tỷ lệ hưởng lương hưu năm 2022""","=""10""","=""0""","=""7""","=""Low""","=""false"""
"=""đóng bảo hiểm dựa trên lương nào""","=""10""","=""0""","=""7""","=""Low""","=""false"""
"=""ứng dụng tính tiền lương""","=""10""","=""0.57""","=""5""","=""Medium""","=""false"""
"=""lương mbappe tính ra tiền việt""","=""10""","=""0""","=""6""","=""Low""","=""false"""
"=""cách tính 75 lương cơ bản""","=""10""","=""0""","=""6""","=""Low""","=""false"""
"=""lương để tính bảo hiểm xã hội""","=""10""","=""0""","=""7""","=""Low""","=""false"""
"=""tính năng lương liên kết""","=""10""","=""0""","=""5""","=""Low""","=""false"""
"=""tính khối lương riêng""","=""10""","=""0""","=""4""","=""Low""","=""false"""
"=""lương ronaldo tính ra tiền việt 2024""","=""10""","=""0""","=""7""","=""Low""","=""false"""
"=""tính năng suất lương thực""","=""10""","=""0""","=""5""","=""Low""","=""false"""
"=""tính tiền lương hưu bảo hiểm xã hội""","=""10""","=""0""","=""8""","=""Low""","=""false"""
"=""lương tính thuế tncn năm 2026""","=""10""","=""0""","=""6""","=""Low""","=""false"""
"=""cách tính tiền lương 01 giờ dạy của giáo viên""","=""10""","=""0""","=""10""","=""Low""","=""false"""
"=""cách tính 75 lương hưu""","=""10""","=""0""","=""5""","=""Low""","=""false"""
"=""lương bao nhiêu tính thuế""","=""10""","=""0""","=""5""","=""Low""","=""false"""
"=""bằng lương tinh lợi""","=""0""","=""0""","=""4""","=""Low""","=""false"""
"=""bằng tính năm về hưu""","=""0""","=""0""","=""5""","=""Low""","=""false"""
"=""cách tính hưởng 70 lương có bản""","=""0""","=""0""","=""7""","=""Low""","=""false"""
"=""cách tính nghỉ hưu trước tuổi năm 2021""","=""0""","=""0""","=""8""","=""Low""","=""false"""
"=""cách tính tiền đóng bảo hiểm xã hội 2022""","=""0""","=""0""","=""9""","=""Low""","=""false"""
"=""cách tính tuổi hưu năm 2021""","=""0""","=""0""","=""6""","=""Low""","=""false"""
"=""cách tính tuổi nghỉ hưu từ năm 2022""","=""0""","=""0""","=""8""","=""Low""","=""false"""
"=""cách tính tuổi về hưu năm 2022""","=""0""","=""0""","=""7""","=""Low""","=""false"""
"=""công thực tính tuổi nghỉ hưu từ năm 2021""","=""0""","=""0""","=""9""","=""Low""","=""false"""
"=""gross sang net 2022""","=""0""","=""0""","=""4""","=""Low""","=""false"""
"=""luong gross sang net joboko""","=""0""","=""0""","=""5""","=""Low""","=""false"""
"=""mức hưởng bhxh 1 lần năm 2023""","=""0""","=""0""","=""7""","=""Low""","=""false"""
"=""tính tiền bhxh 2022""","=""0""","=""0""","=""4""","=""Low""","=""false"""
"=""tính tuổi nghỉ hưu từ năm 2022""","=""0""","=""0""","=""7""","=""Low""","=""false"""
"=""cách tính khối lương amu""","=""0""","=""0""","=""5""","=""Low""","=""false"""
"=""công thức tính cung lương tim""","=""0""","=""0""","=""6""","=""Low""","=""false"""
"=""cách tính tiền lương danh nghĩa""","=""0""","=""0""","=""6""","=""Low""","=""false"""
"=""tính khối lương dung dịch""","=""0""","=""0""","=""5""","=""Low""","=""false"""
"=""cách tính dung lương lưu trữ camera""","=""0""","=""0""","=""7""","=""Low""","=""false"""
"=""cách tính dung lương pin""","=""0""","=""0""","=""5""","=""Low""","=""false"""
"=""cách tính khối lương dung dịch""","=""0""","=""0""","=""6""","=""Low""","=""false"""
"=""tính bhxh full lương""","=""0""","=""0""","=""4""","=""Low""","=""false"""
"=""tính bảo hiểm full lương""","=""0""","=""0""","=""5""","=""Low""","=""false"""
"=""lương haaland tính ra tiền việt""","=""0""","=""0""","=""6""","=""Low""","=""false"""
"=""lương tính kinh phí công đoàn""","=""0""","=""0""","=""6""","=""Low""","=""false"""
"=""tính năng lương liên kết riêng""","=""0""","=""0""","=""6""","=""Low""","=""false"""
"=""cách tính năng lương liên kết riêng""","=""0""","=""0""","=""7""","=""Low""","=""false"""
"=""cách tính trần lương lck""","=""0""","=""0""","=""5""","=""Low""","=""false"""
"=""lương messi tính theo giờ""","=""0""","=""0""","=""5""","=""Low""","=""false"""
"=""tính khối lương mol""","=""0""","=""0""","=""4""","=""Low""","=""false"""
"=""bậc lương tính ntn""","=""0""","=""0""","=""4""","=""Low""","=""false"""
"=""hệ số lương tính ntn""","=""0""","=""0""","=""5""","=""Low""","=""false"""
"=""tính pit lương gross""","=""0""","=""0""","=""4""","=""Low""","=""false"""
"=""tính bậc lương qncn""","=""0""","=""0""","=""4""","=""Low""","=""false"""
"=""tính quỹ lương""","=""0""","=""0""","=""3""","=""Low""","=""false"""
"=""tính quỹ lương đóng kinh phí công đoàn""","=""0""","=""0""","=""8""","=""Low""","=""false"""
"=""tính quỹ lương thực hiện""","=""0""","=""0""","=""5""","=""Low""","=""false"""
"=""cách tính ra lương cơ bản""","=""0""","=""0""","=""6""","=""Low""","=""false"""
"=""tính năng lương toả ra""","=""0""","=""0""","=""5""","=""Low""","=""false"""
"=""từ thuế tính ra lương""","=""0""","=""0""","=""5""","=""Low""","=""false"""
"=""tính trọng lương riêng""","=""0""","=""0""","=""4""","=""Low""","=""false"""
"=""tính khối lương riêng của không khí""","=""0""","=""0""","=""7""","=""Low""","=""false"""
"=""tính khối lương riêng của sắt""","=""0""","=""0""","=""6""","=""Low""","=""false"""
"=""ct tính khối lương riêng""","=""0""","=""0""","=""5""","=""Low""","=""false"""
"=""lương ronaldo tính theo ngày""","=""0""","=""0""","=""5""","=""Low""","=""false"""
"=""lương ronaldo tính theo phút""","=""0""","=""0""","=""5""","=""Low""","=""false"""
"=""lương ronaldo tính theo tuần""","=""0""","=""0""","=""5""","=""Low""","=""false"""
"=""tính số lương""","=""0""","=""0""","=""3""","=""Low""","=""false"""
"=""tính năng suất lương thực có hạt""","=""0""","=""0""","=""7""","=""Low""","=""false"""
"=""mức lương tính tai nạn lao động""","=""0""","=""0""","=""7""","=""Low""","=""false"""
"=""tính tncn lương net""","=""0""","=""0""","=""4""","=""Low""","=""false"""
"=""lương tính tncn 2026""","=""0""","=""0""","=""4""","=""Low""","=""false"""
"=""tính tuổi lương hưu""","=""0""","=""0""","=""4""","=""Low""","=""false"""
"=""công thức tính xung lương""","=""0""","=""0""","=""5""","=""Low""","=""false"""
"=""cách tính 60 lương cơ bản""","=""0""","=""0""","=""6""","=""Low""","=""false"""
"=""cách tính 5 lương""","=""0""","=""0""","=""4""","=""Low""","=""false"""
"=""cách tính 40 lương""","=""0""","=""0""","=""4""","=""Low""","=""false"""
"=""thế nào là mang tính chất tiền lương tiền công""","=""0""","=""0""","=""10""","=""Low""","=""false"""
"=""tại sao lương cầu thủ tính theo tuần""","=""0""","=""0""","=""8""","=""Low""","=""false"""
"=""lương làm thêm tính thế nào""","=""0""","=""0""","=""6""","=""Low""","=""false"""
"=""cách tính để hưởng lương hưu""","=""0""","=""0""","=""6""","=""Low""","=""false"""
"=""bậc lương tính thế nào""","=""0""","=""0""","=""5""","=""Low""","=""false"""
"=""lương hưu tính ra sao""","=""0""","=""0""","=""5""","=""Low""","=""false"""
"=""lương tháng 13 tính ra sao""","=""0""","=""0""","=""6""","=""Low""","=""false"""
"=""tính của lươn""","=""0""","=""0""","=""3""","=""Low""","=""false"""
"=""tính thuế tncn với lương tăng ca""","=""0""","=""0""","=""7""","=""Low""","=""false"""
"=""tính thuế tncn với lương net""","=""0""","=""0""","=""6""","=""Low""","=""false"""
"=""lương để tính trợ cấp thôi việc""","=""0""","=""0""","=""7""","=""Low""","=""false"""
