Keyword,Volume,CPC,Word count,PPC Competition,Trending
"=""tpbank""","=""165000""","=""0.72""","=""1""","=""Low""","=""false"""
"=""tpbank livebank""","=""22200""","=""1.26""","=""2""","=""Low""","=""false"""
"=""tpbank near me""","=""22200""","=""0""","=""3""","=""Low""","=""false"""
"=""tpbank atm""","=""12100""","=""0""","=""2""","=""Low""","=""false"""
"=""tpbankbiz""","=""8100""","=""5.95""","=""1""","=""Low""","=""false"""
"=""tpbank biz""","=""8100""","=""5.95""","=""2""","=""Low""","=""false"""
"=""tpbank hoàn kiếm""","=""5400""","=""0""","=""3""","=""Low""","=""false"""
"=""tpbank tuyển dụng""","=""4400""","=""0.09""","=""3""","=""Low""","=""false"""
"=""tpbank gần nhất""","=""4400""","=""0.79""","=""3""","=""Low""","=""false"""
"=""tpbank livebank gần nhất""","=""4400""","=""0""","=""4""","=""Low""","=""false"""
"=""tpbank tuyen dung""","=""4400""","=""0.09""","=""3""","=""Low""","=""false"""
"=""tpbank evo""","=""2900""","=""2.86""","=""2""","=""Medium""","=""false"""
"=""tpbank atm near me""","=""2400""","=""0""","=""4""","=""Low""","=""false"""
"=""tpbank quận 1""","=""2400""","=""0""","=""3""","=""Low""","=""false"""
"=""tpbank mobile""","=""1900""","=""0.49""","=""2""","=""Low""","=""false"""
"=""tpbank live""","=""1900""","=""0""","=""2""","=""Low""","=""false"""
"=""tpbank mỹ đình""","=""1900""","=""0""","=""3""","=""Low""","=""false"""
"=""tpbank hồng hà""","=""1600""","=""0""","=""3""","=""Low""","=""false"""
"=""tpbank phan đăng lưu""","=""1600""","=""0""","=""4""","=""Low""","=""false"""
"=""tpbank ninh bình""","=""1600""","=""0""","=""3""","=""Low""","=""true"""
"=""tpbank bình thạnh""","=""1600""","=""0""","=""3""","=""Low""","=""false"""
"=""tpbank bình dương""","=""1600""","=""0""","=""3""","=""Low""","=""false"""
"=""tpbank hà đông""","=""1600""","=""0""","=""3""","=""Low""","=""false"""
"=""tpbank vạn phúc""","=""1600""","=""0""","=""3""","=""Low""","=""false"""
"=""tpbank cộng hòa""","=""1300""","=""0""","=""3""","=""Low""","=""false"""
"=""tpbank la ngan hang gi""","=""1300""","=""0.64""","=""5""","=""Low""","=""false"""
"=""tpbank phú mỹ hưng""","=""1300""","=""0""","=""4""","=""Low""","=""true"""
"=""tpbank chiến thắng""","=""1300""","=""0""","=""3""","=""Low""","=""false"""
"=""tpbank cong hoa""","=""1300""","=""0""","=""3""","=""Low""","=""false"""
"=""tpbank gia định""","=""1300""","=""0""","=""3""","=""Low""","=""true"""
"=""tpbank nha trang""","=""1300""","=""0""","=""3""","=""Low""","=""false"""
"=""tpbank thủ đức""","=""1300""","=""0""","=""3""","=""Low""","=""false"""
"=""tpbank nguyễn oanh""","=""1000""","=""0""","=""3""","=""Low""","=""false"""
"=""tpbank đông đô""","=""1000""","=""0""","=""3""","=""Low""","=""false"""
"=""tpbank đăng nhập""","=""1000""","=""1.12""","=""3""","=""Low""","=""false"""
"=""tpbank gò vấp""","=""1000""","=""0""","=""3""","=""Low""","=""false"""
"=""tpbank nam từ liêm""","=""1000""","=""0""","=""4""","=""Low""","=""false"""
"=""tpbank phú quốc""","=""1000""","=""0""","=""3""","=""Low""","=""false"""
"=""tpbank quận 12""","=""1000""","=""0""","=""3""","=""Low""","=""false"""
"=""tpbank quận 9""","=""1000""","=""0""","=""3""","=""Low""","=""false"""
"=""tpbank sài gòn""","=""1000""","=""0""","=""3""","=""Low""","=""false"""
"=""tpbank cầu giấy""","=""1000""","=""0""","=""3""","=""Low""","=""false"""
"=""tpbank cafef""","=""880""","=""0""","=""2""","=""Low""","=""false"""
"=""tpbank hùng vương""","=""880""","=""0""","=""3""","=""Low""","=""false"""
"=""tpbank đội cấn""","=""880""","=""0""","=""3""","=""Low""","=""true"""
"=""tpbank banking""","=""880""","=""0""","=""2""","=""Low""","=""false"""
"=""tpbank đà nẵng""","=""880""","=""0.75""","=""3""","=""Low""","=""false"""
"=""tpbank hà nội""","=""880""","=""0""","=""3""","=""Low""","=""false"""
"=""tpbank hoài đức""","=""880""","=""0""","=""3""","=""Low""","=""false"""
"=""tpbank livebank đà nẵng""","=""880""","=""0""","=""4""","=""Low""","=""true"""
"=""tpbank bắc ninh""","=""880""","=""0""","=""3""","=""Low""","=""false"""
"=""tpbank quận 2""","=""880""","=""0""","=""3""","=""Low""","=""true"""
"=""tpbank quận 4""","=""880""","=""0""","=""3""","=""Low""","=""false"""
"=""tpbank thành đô""","=""880""","=""0""","=""3""","=""Low""","=""false"""
"=""tpbank thăng long""","=""880""","=""0""","=""3""","=""Low""","=""false"""
"=""tpbank tiền giang""","=""880""","=""0""","=""3""","=""Low""","=""false"""
"=""tpbank vũng tàu""","=""880""","=""0""","=""3""","=""Low""","=""false"""
"=""tpbank hải phòng""","=""880""","=""3.22""","=""3""","=""Low""","=""true"""
"=""tpbank bắc từ liêm""","=""880""","=""0""","=""4""","=""Low""","=""true"""
"=""tpbank hotline""","=""720""","=""0.38""","=""2""","=""Low""","=""false"""
"=""tpbank kinh đô""","=""720""","=""0""","=""3""","=""Low""","=""false"""
"=""tpbank kỳ đồng""","=""720""","=""0""","=""3""","=""Low""","=""false"""
"=""tpbank phạm hùng""","=""720""","=""0""","=""3""","=""Low""","=""false"""
"=""tpbank huế""","=""720""","=""0.38""","=""2""","=""Low""","=""false"""
"=""tpbank long biên""","=""720""","=""0""","=""3""","=""Low""","=""false"""
"=""tpbank nam định""","=""720""","=""0""","=""3""","=""Low""","=""false"""
"=""tpbank quận 11""","=""720""","=""0""","=""3""","=""Low""","=""false"""
"=""tpbank thanh hóa""","=""720""","=""0""","=""3""","=""Low""","=""true"""
"=""tpbank bắc giang""","=""720""","=""0""","=""3""","=""Low""","=""false"""
"=""tpbank hỗ trợ trực tuyến""","=""590""","=""2.67""","=""5""","=""Low""","=""false"""
"=""tpbank cửu long""","=""590""","=""0""","=""3""","=""Low""","=""false"""
"=""tpbank biên hòa""","=""590""","=""0""","=""3""","=""Low""","=""false"""
"=""tpbank ebank""","=""590""","=""0.6""","=""2""","=""Low""","=""false"""
"=""tpbank hai bà trưng""","=""590""","=""0""","=""4""","=""Low""","=""false"""
"=""tpbank hoàng mai""","=""590""","=""0""","=""3""","=""Low""","=""false"""
"=""tpbank long khánh""","=""590""","=""0""","=""3""","=""Low""","=""false"""
"=""tpbank nam khánh hòa""","=""590""","=""0""","=""4""","=""Low""","=""false"""
"=""tpbank nghệ an""","=""590""","=""0""","=""3""","=""Low""","=""true"""
"=""tpbank thái bình""","=""590""","=""0""","=""3""","=""Low""","=""false"""
"=""tpbank vinh""","=""590""","=""0""","=""2""","=""Low""","=""false"""
"=""tpbank livebank near me""","=""590""","=""0""","=""4""","=""Low""","=""false"""
"=""tpbank trung kính""","=""590""","=""0""","=""3""","=""Low""","=""false"""
"=""tpbank online""","=""480""","=""0.64""","=""2""","=""Low""","=""false"""
"=""tpbankfico""","=""480""","=""1.11""","=""1""","=""Medium""","=""false"""
"=""tpbank fico""","=""480""","=""1.11""","=""2""","=""Medium""","=""false"""
"=""tpbank tô hiệu""","=""480""","=""0""","=""3""","=""Low""","=""true"""
"=""tpbank kiên giang""","=""480""","=""0""","=""3""","=""Low""","=""true"""
"=""tpbank logo""","=""480""","=""0""","=""2""","=""Low""","=""false"""
"=""tpbank nam sài gòn""","=""480""","=""0""","=""4""","=""Low""","=""false"""
"=""tpbank savy""","=""480""","=""0""","=""2""","=""Low""","=""false"""
"=""tpbank hà thành""","=""480""","=""0""","=""3""","=""Low""","=""true"""
"=""tpbank vay""","=""390""","=""0.75""","=""2""","=""Medium""","=""false"""
"=""tpbank app""","=""390""","=""1.31""","=""2""","=""Low""","=""false"""
"=""tpbank visa signature""","=""390""","=""0""","=""3""","=""Low""","=""true"""
"=""tpbank an giang""","=""390""","=""0""","=""3""","=""Low""","=""false"""
"=""tpbank buôn ma thuột""","=""390""","=""0""","=""4""","=""Low""","=""false"""
"=""tpbank cần thơ""","=""390""","=""0.42""","=""3""","=""Low""","=""false"""
"=""tpbank long an""","=""390""","=""0""","=""3""","=""Low""","=""false"""
"=""tpbank nam hà nội""","=""390""","=""0""","=""4""","=""Low""","=""false"""
"=""tpbank lào cai""","=""390""","=""0""","=""3""","=""Low""","=""false"""
"=""tpbank từ sơn""","=""390""","=""0""","=""3""","=""Low""","=""false"""
"=""tpbank mastercard fest""","=""390""","=""0.56""","=""3""","=""Low""","=""false"""
"=""tpbank lam sơn""","=""320""","=""0""","=""3""","=""Low""","=""true"""
"=""tpbank ba đình""","=""320""","=""0""","=""3""","=""Low""","=""false"""
"=""tpbank etoken""","=""320""","=""0""","=""2""","=""Low""","=""false"""
"=""tpbank icon""","=""320""","=""0""","=""2""","=""Low""","=""true"""
"=""tpbank quận 3""","=""320""","=""0""","=""3""","=""Low""","=""false"""
"=""tpbank thẻ tín dụng""","=""260""","=""1.18""","=""4""","=""Medium""","=""false"""
"=""tpbank livebank 24 7""","=""260""","=""0""","=""4""","=""Low""","=""false"""
"=""tpbank quickpay""","=""260""","=""0""","=""2""","=""Low""","=""false"""
"=""tpbank giờ làm việc""","=""260""","=""0""","=""4""","=""Low""","=""false"""
"=""tpbank gia lai""","=""260""","=""0""","=""3""","=""Low""","=""false"""
"=""tpbank quận 7""","=""260""","=""0""","=""3""","=""Low""","=""false"""
"=""tpbank jcb cashback""","=""260""","=""0""","=""3""","=""Low""","=""false"""
"=""tpbank tổng đài""","=""210""","=""0""","=""3""","=""Low""","=""false"""
"=""tpbank swift code""","=""210""","=""0""","=""3""","=""Low""","=""false"""
"=""tpbank tỷ giá""","=""210""","=""0""","=""3""","=""Low""","=""false"""
"=""tpbank hải dương""","=""210""","=""0""","=""3""","=""Low""","=""false"""
"=""tpbank uông bí""","=""210""","=""0""","=""3""","=""Low""","=""false"""
"=""tpbank lý thường kiệt""","=""170""","=""0""","=""4""","=""Low""","=""false"""
"=""tpbank visa platinum""","=""170""","=""0.84""","=""3""","=""Low""","=""false"""
"=""tpbank chi nhánh hà nội""","=""170""","=""0""","=""5""","=""Low""","=""false"""
"=""tpbank chi nhánh""","=""170""","=""0""","=""3""","=""Low""","=""false"""
"=""tpbank cổ phiếu""","=""170""","=""0""","=""3""","=""Low""","=""false"""
"=""tpbank evo visa""","=""170""","=""2.49""","=""3""","=""Medium""","=""true"""
"=""tpbank fico lừa đảo""","=""170""","=""0""","=""4""","=""Low""","=""false"""
"=""tpbank flash 2in1""","=""170""","=""1.4""","=""3""","=""Low""","=""false"""
"=""tpbank lãi suất""","=""170""","=""0""","=""3""","=""Low""","=""false"""
"=""tpbank nhà bè""","=""170""","=""0""","=""3""","=""Low""","=""false"""
"=""tpbank hội sở""","=""170""","=""0""","=""3""","=""Low""","=""false"""
"=""tpbank livebank quận 8""","=""170""","=""0""","=""4""","=""Low""","=""false"""
"=""tpbank vay tín chấp""","=""140""","=""0.95""","=""4""","=""Medium""","=""false"""
"=""tpbank visa""","=""140""","=""1.43""","=""2""","=""Low""","=""false"""
"=""tpbank lê ngọc hân""","=""140""","=""0""","=""4""","=""Low""","=""false"""
"=""tpbank vay tin chap""","=""140""","=""0.95""","=""4""","=""Medium""","=""false"""
"=""tpbank internet banking""","=""140""","=""0.55""","=""3""","=""Low""","=""false"""
"=""tpbank la ngan hang nao""","=""140""","=""0""","=""5""","=""Low""","=""true"""
"=""tpbank mpos""","=""140""","=""0.77""","=""2""","=""Low""","=""true"""
"=""tpbank quận 8""","=""140""","=""0""","=""3""","=""Low""","=""false"""
"=""tpbank dĩ an""","=""140""","=""0""","=""3""","=""Low""","=""true"""
"=""tpbank tên đầy đủ""","=""140""","=""0""","=""4""","=""Low""","=""false"""
"=""tpbank biz online""","=""140""","=""0""","=""3""","=""Low""","=""true"""
"=""tpbank nam chợ lớn""","=""140""","=""0""","=""4""","=""Low""","=""false"""
"=""tpbank ngan hang""","=""110""","=""0""","=""3""","=""Low""","=""true"""
"=""tpbank ngân hàng""","=""110""","=""0""","=""3""","=""Low""","=""true"""
"=""tpbank ngân hàng tiên phong""","=""110""","=""0""","=""5""","=""Low""","=""false"""
"=""tpbank signature""","=""110""","=""0""","=""2""","=""Low""","=""false"""
"=""tpbank web""","=""110""","=""0""","=""2""","=""Low""","=""false"""
"=""tpbank dico""","=""110""","=""0.99""","=""2""","=""Low""","=""false"""
"=""tpbank evo hoàn tiền""","=""110""","=""0.93""","=""4""","=""Low""","=""true"""
"=""tpbank vay tiêu dùng""","=""110""","=""1.08""","=""4""","=""High""","=""false"""
"=""tpbank world mastercard""","=""110""","=""0.55""","=""3""","=""Low""","=""false"""
"=""tpbank cà mau""","=""110""","=""0""","=""3""","=""Low""","=""false"""
"=""tpbank evo là gì""","=""110""","=""2.43""","=""4""","=""Medium""","=""false"""
"=""tpbank tín dụng""","=""90""","=""0.89""","=""3""","=""Medium""","=""false"""
"=""tpbank vay online""","=""90""","=""0.75""","=""3""","=""Medium""","=""false"""
"=""tpbank doanh nghiệp""","=""90""","=""0""","=""3""","=""Low""","=""false"""
"=""tpbank login""","=""90""","=""0""","=""2""","=""Low""","=""false"""
"=""tpbank mobile app""","=""90""","=""0.67""","=""3""","=""Low""","=""false"""
"=""tpbank momo""","=""90""","=""0.64""","=""2""","=""Low""","=""false"""
"=""tpbank thời gian làm việc""","=""90""","=""0""","=""5""","=""Low""","=""false"""
"=""tpbank career""","=""90""","=""0.31""","=""2""","=""Low""","=""true"""
"=""tpbank chăm sóc khách hàng""","=""90""","=""0""","=""5""","=""Low""","=""false"""
"=""tpbank cskh""","=""90""","=""0""","=""2""","=""Low""","=""false"""
"=""tpbank hoàng quốc việt""","=""90""","=""0""","=""4""","=""Low""","=""false"""
"=""tpbank lãi suất tiết kiệm""","=""90""","=""0""","=""5""","=""Low""","=""true"""
"=""tpbank livebank là gì""","=""90""","=""0""","=""4""","=""Low""","=""false"""
"=""tpbank ngoại giao đoàn""","=""90""","=""0""","=""4""","=""Low""","=""true"""
"=""tpbank ngô quyền""","=""90""","=""0""","=""3""","=""Low""","=""true"""
"=""tpbank phòng giao dịch""","=""90""","=""0""","=""4""","=""Low""","=""false"""
"=""tpbank tuyển dụng giao dịch viên""","=""90""","=""0.06""","=""6""","=""Low""","=""false"""
"=""tpbank vietstock""","=""90""","=""0""","=""2""","=""Low""","=""false"""
"=""tpbank có làm việc thứ 7 không""","=""90""","=""0""","=""7""","=""Low""","=""true"""
"=""tpbank gần tôi""","=""90""","=""0""","=""3""","=""Low""","=""true"""
"=""tpbank vĩnh long""","=""90""","=""0""","=""3""","=""Low""","=""false"""
"=""tpbank quận 5""","=""90""","=""0""","=""3""","=""Low""","=""false"""
"=""tpbank làm việc đến mấy giờ""","=""90""","=""0""","=""6""","=""Low""","=""false"""
"=""tpbank biz đăng nhập""","=""90""","=""0""","=""4""","=""Low""","=""false"""
"=""tpbank mastercard fest là gì""","=""90""","=""0""","=""5""","=""Low""","=""false"""
"=""tpbank momo visa platinum""","=""90""","=""0.49""","=""4""","=""Low""","=""false"""
"=""tpbank jcb""","=""70""","=""0""","=""2""","=""Low""","=""false"""
"=""tpbank linh đàm""","=""70""","=""0""","=""3""","=""Low""","=""false"""
"=""tpbank mastercard""","=""70""","=""0.68""","=""2""","=""Low""","=""false"""
"=""tpbank thẻ""","=""70""","=""1.05""","=""2""","=""Low""","=""false"""
"=""tpbank apk""","=""70""","=""0""","=""2""","=""Low""","=""true"""
"=""tpbank biz là gì""","=""70""","=""0""","=""4""","=""Low""","=""true"""
"=""tpbank cao lãnh""","=""70""","=""0""","=""3""","=""Low""","=""false"""
"=""tpbank đà lạt""","=""70""","=""0""","=""3""","=""Low""","=""false"""
"=""tpbank ebanking""","=""70""","=""0""","=""2""","=""Low""","=""true"""
"=""tpbank evo phí thường niên""","=""70""","=""1.06""","=""5""","=""Low""","=""true"""
"=""tpbank evo card""","=""70""","=""5.39""","=""3""","=""Medium""","=""false"""
"=""tpbank internet banking doanh nghiệp""","=""70""","=""0""","=""5""","=""Low""","=""false"""
"=""tpbank mst""","=""70""","=""0""","=""2""","=""Low""","=""false"""
"=""tpbank nguyễn cơ thạch""","=""70""","=""0""","=""4""","=""Low""","=""false"""
"=""tpbank phú yên""","=""70""","=""0""","=""3""","=""Low""","=""false"""
"=""tpbank priority""","=""70""","=""0""","=""2""","=""Low""","=""false"""
"=""tpbank premier""","=""70""","=""0""","=""2""","=""Low""","=""true"""
"=""tpbank quy nhơn""","=""70""","=""0""","=""3""","=""Low""","=""false"""
"=""tpbank thanh trì""","=""70""","=""0""","=""3""","=""Low""","=""false"""
"=""tpbank trà vinh""","=""70""","=""0""","=""3""","=""Low""","=""false"""
"=""tpbank tpfico""","=""70""","=""1.17""","=""2""","=""Medium""","=""false"""
"=""tpbank chi nhánh tphcm""","=""70""","=""0""","=""4""","=""Low""","=""false"""
"=""tpbank rút tiền không cần thẻ""","=""70""","=""0""","=""6""","=""Low""","=""false"""
"=""tpbank quận 6""","=""70""","=""0""","=""3""","=""Low""","=""false"""
"=""tpbank bao nhiêu tuổi đăng ký được""","=""70""","=""0""","=""7""","=""Low""","=""false"""
"=""tpbank fest""","=""70""","=""0""","=""2""","=""Low""","=""false"""
"=""tpbank sapa""","=""70""","=""0""","=""2""","=""Low""","=""false"""
"=""tpbank số điện thoại""","=""50""","=""0""","=""4""","=""Low""","=""false"""
"=""tpbank 57 lý thường kiệt""","=""50""","=""0""","=""5""","=""Low""","=""false"""
"=""tpbank nguyễn khánh toàn""","=""50""","=""0""","=""4""","=""Low""","=""false"""
"=""tpbank trần não""","=""50""","=""0""","=""3""","=""Low""","=""false"""
"=""tpbank visa classic""","=""50""","=""1.27""","=""3""","=""Low""","=""false"""
"=""tpbank visa debit""","=""50""","=""1.01""","=""3""","=""Low""","=""true"""
"=""tpbank của ai""","=""50""","=""0""","=""3""","=""Low""","=""true"""
"=""tpbank cashback""","=""50""","=""0""","=""2""","=""Low""","=""false"""
"=""tpbank evo biểu phí""","=""50""","=""1.17""","=""4""","=""Low""","=""true"""
"=""tpbank evo lừa đảo""","=""50""","=""1.68""","=""4""","=""Low""","=""true"""
"=""tpbank exchange rate""","=""50""","=""0""","=""3""","=""Low""","=""false"""
"=""tpbank visa freego""","=""50""","=""0""","=""3""","=""Low""","=""false"""
"=""tpbank hoàng cầu""","=""50""","=""0""","=""3""","=""Low""","=""false"""
"=""tpbank logo png""","=""50""","=""0""","=""3""","=""Low""","=""false"""
"=""tpbank nam kỳ khởi nghĩa""","=""50""","=""0""","=""5""","=""Low""","=""true"""
"=""tpbank nguyễn văn cừ""","=""50""","=""0""","=""4""","=""Low""","=""false"""
"=""tpbank phú thọ""","=""50""","=""0""","=""3""","=""Low""","=""true"""
"=""tpbank phú nhuận""","=""50""","=""0""","=""3""","=""Low""","=""false"""
"=""tpbank sóc trăng""","=""50""","=""0""","=""3""","=""Low""","=""true"""
"=""tpbank swift""","=""50""","=""0""","=""2""","=""Low""","=""false"""
"=""tpbank thành lập năm nào""","=""50""","=""0""","=""5""","=""Low""","=""false"""
"=""tpbank tên tiếng anh""","=""50""","=""0""","=""4""","=""Low""","=""true"""
"=""tpbank xô viết nghệ tĩnh""","=""50""","=""0""","=""5""","=""Low""","=""false"""
"=""tpbank có làm thứ 7 không""","=""50""","=""0""","=""6""","=""Low""","=""true"""
"=""tpbank mở cửa mấy giờ""","=""50""","=""0""","=""5""","=""Low""","=""false"""
"=""tpbank là gì""","=""50""","=""0""","=""3""","=""Low""","=""false"""
"=""tpbank digital 7""","=""50""","=""0""","=""3""","=""Low""","=""false"""
"=""tpbank em xinh say hi""","=""50""","=""0""","=""5""","=""Low""","=""false"""
"=""tpbank mastercard fest phí thường niên""","=""50""","=""0""","=""6""","=""Low""","=""false"""
"=""tpbank tô hiến thành""","=""50""","=""0""","=""4""","=""Low""","=""false"""
"=""tpbank hotline 24 7""","=""50""","=""0""","=""4""","=""Low""","=""false"""
"=""tpbank hoà lạc""","=""50""","=""0""","=""3""","=""Low""","=""true"""
"=""tpbank tra cứu""","=""50""","=""0""","=""3""","=""Low""","=""false"""
"=""tpbank biz vn""","=""50""","=""0""","=""3""","=""Low""","=""false"""
"=""tpbank gần nhất hiện đang mở""","=""50""","=""0""","=""6""","=""Low""","=""false"""
"=""tpbank mở thẻ tín dụng""","=""40""","=""2.35""","=""5""","=""High""","=""false"""
"=""tpbank hàng da""","=""40""","=""0""","=""3""","=""Low""","=""false"""
"=""tpbank số tổng đài""","=""40""","=""0""","=""4""","=""Low""","=""false"""
"=""tpbank địa chỉ""","=""40""","=""0""","=""3""","=""Low""","=""false"""
"=""tpbank đỗ xuân hợp""","=""40""","=""0""","=""4""","=""Low""","=""true"""
"=""tpbank api""","=""40""","=""0""","=""2""","=""Low""","=""false"""
"=""tpbank bmt""","=""40""","=""0""","=""2""","=""Low""","=""false"""
"=""tpbank chi nhánh sài gòn""","=""40""","=""0""","=""5""","=""Low""","=""false"""
"=""tpbank chi nhánh thăng long""","=""40""","=""0""","=""5""","=""Low""","=""false"""
"=""tpbank fico là gì""","=""40""","=""0.98""","=""4""","=""Low""","=""false"""
"=""tpbank khuất duy tiến""","=""40""","=""0""","=""4""","=""Low""","=""false"""
"=""tpbank freego""","=""40""","=""0.88""","=""2""","=""Low""","=""false"""
"=""tpbank hcm""","=""40""","=""0""","=""2""","=""Low""","=""false"""
"=""tpbank kim mã""","=""40""","=""0""","=""3""","=""Low""","=""false"""
"=""tpbank minh khai""","=""40""","=""0""","=""3""","=""Low""","=""true"""
"=""tpbank ninh thuận""","=""40""","=""0""","=""3""","=""Low""","=""false"""
"=""tpbank stock""","=""40""","=""0""","=""2""","=""Low""","=""false"""
"=""tpbank tphcm""","=""40""","=""0""","=""2""","=""Low""","=""false"""
"=""tpbank việt trì""","=""40""","=""0""","=""3""","=""Low""","=""true"""
"=""tpbank atm gần nhất""","=""40""","=""0""","=""4""","=""Low""","=""false"""
"=""tpbank atm hanoi""","=""40""","=""0""","=""3""","=""Low""","=""false"""
"=""tpbank biz doanh nghiệp""","=""40""","=""0""","=""4""","=""Low""","=""true"""
"=""tpbank connect""","=""40""","=""0""","=""2""","=""Low""","=""false"""
"=""tpbank visa flash 2in1""","=""40""","=""0""","=""4""","=""Low""","=""true"""
"=""tpbank giờ mở cửa""","=""40""","=""0""","=""4""","=""Low""","=""false"""
"=""tpbank momo visa platinum có rút được tiền không""","=""40""","=""0""","=""9""","=""Low""","=""false"""
"=""tpbank momo visa platinum hạn mức bao nhiều""","=""40""","=""0""","=""8""","=""Low""","=""false"""
"=""tpbank pgd""","=""40""","=""0""","=""2""","=""Low""","=""false"""
"=""tpbank sinh lời kép""","=""40""","=""0""","=""4""","=""Low""","=""false"""
"=""tpbank mã số thuế""","=""40""","=""0""","=""4""","=""Low""","=""false"""
"=""tpbank vay sinh viên""","=""30""","=""1.39""","=""4""","=""Low""","=""false"""
"=""tpbank đăng ký online""","=""30""","=""0.79""","=""4""","=""Medium""","=""true"""
"=""tpbank 24 7""","=""30""","=""0""","=""3""","=""Low""","=""false"""
"=""tpbank apple pay""","=""30""","=""0""","=""3""","=""Low""","=""false"""
"=""tpbank chùa bộc""","=""30""","=""0""","=""3""","=""Low""","=""false"""
"=""tpbank hỗ trợ""","=""30""","=""0""","=""3""","=""Low""","=""true"""
"=""tpbank liên hệ""","=""30""","=""0""","=""3""","=""Low""","=""true"""
"=""tpbank mygo""","=""30""","=""0""","=""2""","=""Low""","=""false"""
"=""tpbank mở thẻ""","=""30""","=""1.71""","=""3""","=""Medium""","=""false"""
"=""tpbank platinum""","=""30""","=""0""","=""2""","=""Low""","=""true"""
"=""tpbank shopee""","=""30""","=""0.86""","=""2""","=""Low""","=""false"""
"=""tpbank softpos""","=""30""","=""1.12""","=""2""","=""Low""","=""false"""
"=""tpbank visa cashfree""","=""30""","=""0""","=""3""","=""Low""","=""true"""
"=""tpbank voz""","=""30""","=""0""","=""2""","=""Low""","=""false"""
"=""tpbank amc""","=""30""","=""0""","=""2""","=""Low""","=""true"""
"=""tpbank biểu phí""","=""30""","=""0""","=""3""","=""Low""","=""false"""
"=""tpbank báo cáo tài chính""","=""30""","=""0""","=""5""","=""Low""","=""true"""
"=""tpbank credit card""","=""30""","=""1.88""","=""3""","=""Low""","=""true"""
"=""tpbank daklak""","=""30""","=""0""","=""2""","=""Low""","=""false"""
"=""tpbank visa debit mplus""","=""30""","=""0""","=""4""","=""Low""","=""true"""
"=""tpbank phí duy trì tài khoản""","=""30""","=""0""","=""6""","=""Low""","=""false"""
"=""tpbank ebank mã kích hoạt""","=""30""","=""0""","=""5""","=""Low""","=""true"""
"=""tpbank ebank quản lý thẻ""","=""30""","=""0""","=""5""","=""Low""","=""false"""
"=""tpbank evo là thẻ gì""","=""30""","=""3.34""","=""5""","=""Medium""","=""true"""
"=""tpbank hoàng đạo thúy""","=""30""","=""0""","=""4""","=""Low""","=""false"""
"=""tpbank long xuyên""","=""30""","=""0""","=""3""","=""Low""","=""false"""
"=""tpbank mobile apk""","=""30""","=""0""","=""3""","=""Low""","=""false"""
"=""tpbank ocean park""","=""30""","=""0""","=""3""","=""Low""","=""false"""
"=""tpbank phí thường niên""","=""30""","=""0""","=""4""","=""Low""","=""false"""
"=""tpbank premier banking""","=""30""","=""0""","=""3""","=""Low""","=""false"""
"=""tpbank securities""","=""30""","=""0""","=""2""","=""Low""","=""false"""
"=""tpbank tiếng anh""","=""30""","=""0""","=""3""","=""Low""","=""false"""
"=""tpbank trường chinh""","=""30""","=""0""","=""3""","=""Low""","=""true"""
"=""tpbank trụ sở chính""","=""30""","=""0""","=""4""","=""Low""","=""true"""
"=""tpbank tuyển dụng thực tập sinh""","=""30""","=""0""","=""6""","=""Low""","=""false"""
"=""tpbank tuyên quang""","=""30""","=""0""","=""3""","=""Low""","=""false"""
"=""tpbank tam kỳ""","=""30""","=""0""","=""3""","=""Low""","=""false"""
"=""tpbank tpb com vn""","=""30""","=""0.33""","=""4""","=""Low""","=""true"""
"=""tpbank có uy tín không""","=""30""","=""0""","=""5""","=""Low""","=""false"""
"=""tpbank an khánh""","=""30""","=""0""","=""3""","=""Low""","=""false"""
"=""tpbank atm da nang""","=""30""","=""0""","=""4""","=""Low""","=""false"""
"=""tpbank atm hoi an""","=""30""","=""0""","=""4""","=""Low""","=""false"""
"=""tpbank chia cổ tức 2026""","=""30""","=""0""","=""5""","=""Low""","=""false"""
"=""tpbank digital 7 là chi nhánh nào""","=""30""","=""0""","=""7""","=""Low""","=""false"""
"=""tpbank elearning""","=""30""","=""0""","=""2""","=""Low""","=""false"""
"=""tpbank english name""","=""30""","=""0""","=""3""","=""Low""","=""false"""
"=""tpbank gomo""","=""30""","=""0""","=""2""","=""Low""","=""false"""
"=""tpbank mastercard go""","=""30""","=""0""","=""3""","=""Low""","=""false"""
"=""tpbank jcb cashback ưu đãi""","=""30""","=""0""","=""5""","=""Low""","=""false"""
"=""tpbank long thành""","=""30""","=""0""","=""3""","=""Low""","=""false"""
"=""tpbank visa mplus""","=""30""","=""0""","=""3""","=""Low""","=""false"""
"=""tpbank ocean park 1""","=""30""","=""0""","=""4""","=""Low""","=""false"""
"=""tpbank partner""","=""30""","=""0.89""","=""2""","=""Low""","=""false"""
"=""tpbank visa platinum momo""","=""30""","=""0""","=""4""","=""Low""","=""false"""
"=""tpbank sinh lời tự động""","=""30""","=""0""","=""5""","=""Low""","=""false"""
"=""tpbank spaylater""","=""30""","=""0""","=""2""","=""Low""","=""false"""
"=""tpbank tố hữu""","=""30""","=""0""","=""3""","=""Low""","=""false"""
"=""tpbank vay nhanh""","=""30""","=""0""","=""3""","=""Low""","=""false"""
"=""tpbank withdrawal fee""","=""30""","=""0""","=""3""","=""Low""","=""true"""
"=""tpbank có phí duy trì tài khoản không""","=""30""","=""0""","=""8""","=""Low""","=""true"""
"=""tpbank 2in1""","=""30""","=""0""","=""2""","=""Low""","=""false"""
"=""tpbank 69 tố hữu""","=""30""","=""0""","=""4""","=""Low""","=""false"""
"=""tpbank có làm việc sáng thứ 7 không""","=""30""","=""0""","=""8""","=""Low""","=""false"""
"=""tpbank có nghỉ trưa không""","=""30""","=""0""","=""5""","=""Low""","=""false"""
"=""tpbank mở tài khoản online""","=""20""","=""1.2""","=""5""","=""Medium""","=""true"""
"=""tpbank 22 láng hạ""","=""20""","=""0""","=""4""","=""Low""","=""true"""
"=""tpbank fpt""","=""20""","=""0""","=""2""","=""Low""","=""false"""
"=""tpbank khuyến mãi""","=""20""","=""0""","=""3""","=""Low""","=""false"""
"=""tpbank mail""","=""20""","=""0""","=""2""","=""Low""","=""false"""
"=""tpbank mở thẻ online""","=""20""","=""1.3""","=""4""","=""Medium""","=""false"""
"=""tpbank napas""","=""20""","=""0""","=""2""","=""Low""","=""false"""
"=""tpbank ngân hàng số""","=""20""","=""0""","=""4""","=""Low""","=""false"""
"=""tpbank online doanh nghiệp""","=""20""","=""0""","=""4""","=""Low""","=""false"""
"=""tpbank thẻ visa""","=""20""","=""1.29""","=""3""","=""Medium""","=""false"""
"=""tpbank vietnam airlines visa platinum""","=""20""","=""0""","=""5""","=""Low""","=""false"""
"=""tpbank visa debit cashfree""","=""20""","=""0""","=""4""","=""Low""","=""true"""
"=""tpbank visa plus""","=""20""","=""0""","=""3""","=""Low""","=""false"""
"=""tpbank visa signature điều kiện""","=""20""","=""0""","=""5""","=""Low""","=""false"""
"=""tpbank và vpbank""","=""20""","=""0""","=""3""","=""Low""","=""true"""
"=""tpbankmobile""","=""20""","=""1.64""","=""1""","=""Low""","=""true"""
"=""tpbank times city""","=""20""","=""0""","=""3""","=""Low""","=""false"""
"=""tpbank concert""","=""20""","=""0""","=""2""","=""Low""","=""false"""
"=""tpbank ebanking doanh nghiệp""","=""20""","=""0""","=""4""","=""Low""","=""false"""
"=""tpbank etoken là gì""","=""20""","=""0""","=""4""","=""Low""","=""false"""
"=""tpbank evo phí""","=""20""","=""1.4""","=""3""","=""Low""","=""false"""
"=""tpbank gold""","=""20""","=""0""","=""2""","=""Low""","=""false"""
"=""tpbank tô hiệu hải phòng""","=""20""","=""0""","=""5""","=""Low""","=""false"""
"=""tpbank ipay""","=""20""","=""0""","=""2""","=""Low""","=""false"""
"=""tpbank job""","=""20""","=""0""","=""2""","=""Low""","=""false"""
"=""tpbank không đăng nhập được""","=""20""","=""0""","=""5""","=""Low""","=""false"""
"=""tpbank liên kết với ví điện tử nào""","=""20""","=""0""","=""8""","=""Low""","=""false"""
"=""tpbank mobile là gì""","=""20""","=""0""","=""4""","=""Low""","=""false"""
"=""tpbank mua vàng online""","=""20""","=""0""","=""4""","=""Low""","=""false"""
"=""tpbank neo""","=""20""","=""1.76""","=""2""","=""Low""","=""true"""
"=""tpbank online banking""","=""20""","=""0""","=""3""","=""Low""","=""false"""
"=""tpbank phốt""","=""20""","=""0""","=""2""","=""Low""","=""false"""
"=""tpbank png""","=""20""","=""0""","=""2""","=""Low""","=""false"""
"=""tpbank pico""","=""20""","=""0.66""","=""2""","=""Medium""","=""false"""
"=""tpbank premier điều kiện""","=""20""","=""0""","=""4""","=""Low""","=""false"""
"=""tpbank premier là gì""","=""20""","=""0""","=""4""","=""Low""","=""false"""
"=""tpbank super zero""","=""20""","=""0""","=""3""","=""Low""","=""true"""
"=""tpbank tiết kiệm""","=""20""","=""0""","=""3""","=""Low""","=""false"""
"=""tpbank gửi tiết kiệm""","=""20""","=""0""","=""4""","=""Low""","=""true"""
"=""tpbank rạch giá""","=""20""","=""0""","=""3""","=""Low""","=""true"""
"=""tpbank rút tiền có mất phí không""","=""20""","=""0""","=""7""","=""Low""","=""false"""
"=""tpbank rút tối đa bao nhiêu tiền""","=""20""","=""0""","=""7""","=""Low""","=""false"""
"=""tpbank yên bái""","=""20""","=""0""","=""3""","=""Low""","=""false"""
"=""tpbank thứ 7 có làm việc không""","=""20""","=""0""","=""7""","=""Low""","=""false"""
"=""tpbank quickpay là gì""","=""20""","=""0""","=""4""","=""Low""","=""false"""
"=""tpbank làm việc mấy giờ""","=""20""","=""0""","=""5""","=""Low""","=""false"""
"=""tpbank làm việc thứ 7""","=""20""","=""0""","=""5""","=""Low""","=""false"""
"=""tpbank atm fee""","=""20""","=""0""","=""3""","=""Low""","=""false"""
"=""tpbank biz app""","=""20""","=""0""","=""3""","=""Low""","=""false"""
"=""tpbank bao nhiêu tuổi vay được""","=""20""","=""0""","=""6""","=""Low""","=""true"""
"=""tpbank bank code""","=""20""","=""0""","=""3""","=""Low""","=""false"""
"=""tpbank branch""","=""20""","=""0""","=""2""","=""Low""","=""false"""
"=""tpbank business""","=""20""","=""0""","=""2""","=""Low""","=""true"""
"=""tpbank creator""","=""20""","=""0""","=""2""","=""Low""","=""false"""
"=""tpbank digital 13""","=""20""","=""0""","=""3""","=""Low""","=""true"""
"=""tpbank digital 5 là chi nhánh nào""","=""20""","=""0""","=""7""","=""Low""","=""false"""
"=""tpbank doji""","=""20""","=""0""","=""2""","=""Low""","=""true"""
"=""tpbank email""","=""20""","=""0""","=""2""","=""Low""","=""true"""
"=""tpbank mastercard fest biểu phí""","=""20""","=""0""","=""5""","=""Low""","=""false"""
"=""tpbank full name""","=""20""","=""0""","=""3""","=""Low""","=""false"""
"=""tpbank khoá tài khoản""","=""20""","=""0""","=""4""","=""Low""","=""true"""
"=""tpbank lê thị hà""","=""20""","=""0""","=""4""","=""Low""","=""true"""
"=""tpbank kon tum""","=""20""","=""0""","=""3""","=""Low""","=""false"""
"=""tpbank logo vector""","=""20""","=""0""","=""3""","=""Low""","=""false"""
"=""tpbank lý thường kiệt hà nội""","=""20""","=""0""","=""6""","=""Low""","=""true"""
"=""tpbank map""","=""20""","=""0""","=""2""","=""Low""","=""false"""
"=""tpbank visa debit mplus phí thường niên""","=""20""","=""0""","=""7""","=""Low""","=""false"""
"=""tpbank old quarter""","=""20""","=""0""","=""3""","=""Low""","=""false"""
"=""tpbank private""","=""20""","=""0""","=""2""","=""Low""","=""false"""
"=""tpbank open api""","=""20""","=""0""","=""3""","=""Low""","=""false"""
"=""tpbank sapa vietnam""","=""20""","=""0""","=""3""","=""Low""","=""false"""
"=""tpbank signature phòng chờ""","=""20""","=""0""","=""4""","=""Low""","=""false"""
"=""tpbank slogan""","=""20""","=""0""","=""2""","=""Low""","=""false"""
"=""tpbank tinh hà say hi""","=""20""","=""0""","=""5""","=""Low""","=""true"""
"=""tpbank tin tức""","=""20""","=""0""","=""3""","=""Low""","=""false"""
"=""tpbank trụ sở""","=""20""","=""0""","=""3""","=""Low""","=""true"""
"=""tpbank trung sơn""","=""20""","=""0""","=""3""","=""Low""","=""false"""
"=""tpbank tuyển dụng hội sở""","=""20""","=""0.03""","=""5""","=""Low""","=""false"""
"=""tpbank tuyển dụng tester""","=""20""","=""0""","=""4""","=""Low""","=""false"""
"=""tpbank vetc""","=""20""","=""0""","=""2""","=""Low""","=""false"""
"=""tpbank vneid""","=""20""","=""0""","=""2""","=""Low""","=""false"""
"=""tpbank zalo""","=""20""","=""0""","=""2""","=""Low""","=""false"""
"=""tpbank 155 đội cấn""","=""20""","=""0""","=""4""","=""Low""","=""true"""
"=""tpbank 164 khuất duy tiến""","=""20""","=""0""","=""5""","=""Low""","=""true"""
"=""tpbank digital 5""","=""20""","=""0""","=""3""","=""Low""","=""false"""
"=""tpbank 81 xô viết nghệ tĩnh""","=""20""","=""0""","=""6""","=""Low""","=""false"""
"=""tpbank của tập đoàn nào""","=""20""","=""0""","=""5""","=""Low""","=""false"""
"=""tpbank 67 nguyễn thị minh khai""","=""20""","=""0""","=""6""","=""Low""","=""false"""
"=""tpbank 68 nguyễn cơ thạch""","=""20""","=""0""","=""5""","=""Low""","=""false"""
"=""tpbank digital 6""","=""20""","=""0""","=""3""","=""Low""","=""false"""
"=""tpbank gần nhất trong vòng 800m""","=""20""","=""0""","=""6""","=""Low""","=""false"""
"=""tpbank có thu phí quản lý tài khoản không""","=""20""","=""0""","=""9""","=""Low""","=""true"""
"=""tpbank có cho vay online không""","=""20""","=""1.04""","=""6""","=""Medium""","=""false"""
"=""tpbank làm việc từ mấy giờ""","=""20""","=""0""","=""6""","=""Low""","=""false"""
"=""tpbank không xác thực được khuôn mặt""","=""20""","=""0""","=""7""","=""Low""","=""false"""
"=""tpbank mastercard fest không có hạn mức""","=""20""","=""0""","=""7""","=""Low""","=""false"""
"=""tpbankevo""","=""10""","=""0""","=""1""","=""Low""","=""false"""
"=""tpbank vay tiền""","=""10""","=""0.66""","=""3""","=""Medium""","=""false"""
"=""tpbank làm thẻ online""","=""10""","=""1.09""","=""4""","=""Medium""","=""false"""
"=""tpbank 110 nguyễn khánh toàn""","=""10""","=""0""","=""5""","=""Low""","=""false"""
"=""tpbank 2022""","=""10""","=""0""","=""2""","=""Low""","=""false"""
"=""tpbank cashfree""","=""10""","=""0""","=""2""","=""Low""","=""false"""
"=""tpbank công ty con""","=""10""","=""0""","=""4""","=""Low""","=""false"""
"=""tpbank debit""","=""10""","=""0""","=""2""","=""Low""","=""false"""
"=""tpbank e""","=""10""","=""0""","=""2""","=""Low""","=""false"""
"=""tpbank e bank""","=""10""","=""0""","=""3""","=""Low""","=""false"""
"=""tpbank finance""","=""10""","=""1.03""","=""2""","=""Medium""","=""false"""
"=""tpbank free go""","=""10""","=""0""","=""3""","=""Low""","=""false"""
"=""tpbank gogi""","=""10""","=""0""","=""2""","=""Low""","=""false"""
"=""tpbank google pay""","=""10""","=""0""","=""3""","=""Low""","=""false"""
"=""tpbank hỗ trợ sinh viên""","=""10""","=""0""","=""5""","=""Low""","=""false"""
"=""tpbank hỗ trợ vay vốn sinh viên""","=""10""","=""0""","=""7""","=""Low""","=""false"""
"=""tpbank khuyen mai""","=""10""","=""0""","=""3""","=""Low""","=""false"""
"=""tpbank lazada""","=""10""","=""0""","=""2""","=""Low""","=""false"""
"=""tpbank livebank tuyển dụng""","=""10""","=""0""","=""4""","=""Low""","=""false"""
"=""tpbank liên kết momo""","=""10""","=""0""","=""4""","=""Low""","=""false"""
"=""tpbank làm thẻ""","=""10""","=""0""","=""3""","=""Medium""","=""false"""
"=""tpbank làm thẻ tín dụng""","=""10""","=""0.89""","=""5""","=""High""","=""false"""
"=""tpbank lê đại hành""","=""10""","=""0""","=""4""","=""Low""","=""false"""
"=""tpbank mở tài khoản""","=""10""","=""0.68""","=""4""","=""Low""","=""false"""
"=""tpbank nhận 500k""","=""10""","=""0""","=""3""","=""Low""","=""false"""
"=""tpbank nhận 50k""","=""10""","=""0""","=""3""","=""Low""","=""false"""
"=""tpbank nhận tiền""","=""10""","=""0""","=""3""","=""Low""","=""false"""
"=""tpbank online đăng ký""","=""10""","=""0""","=""4""","=""High""","=""false"""
"=""tpbank retail""","=""10""","=""0""","=""2""","=""Low""","=""false"""
"=""tpbank samsung pay""","=""10""","=""0""","=""3""","=""Low""","=""false"""
"=""tpbank signature điều kiện""","=""10""","=""0""","=""4""","=""Low""","=""false"""
"=""tpbank sinh viên""","=""10""","=""0""","=""3""","=""Low""","=""false"""
"=""tpbank support""","=""10""","=""0""","=""2""","=""Low""","=""false"""
"=""tpbank sản phẩm""","=""10""","=""0""","=""3""","=""Low""","=""false"""
"=""tpbank số đẹp""","=""10""","=""0""","=""3""","=""Low""","=""false"""
"=""tpbank the tin dung""","=""10""","=""0""","=""4""","=""Low""","=""false"""
"=""tpbank timo""","=""10""","=""0""","=""2""","=""Low""","=""false"""
"=""tpbank tin dung""","=""10""","=""0""","=""3""","=""Low""","=""false"""
"=""tpbank token""","=""10""","=""0""","=""2""","=""Low""","=""false"""
"=""tpbank traveloka""","=""10""","=""0""","=""2""","=""Low""","=""false"""
"=""tpbank tuyển dụng 2022""","=""10""","=""0""","=""4""","=""Low""","=""false"""
"=""tpbank tuyển dụng call center""","=""10""","=""0""","=""5""","=""Low""","=""false"""
"=""tpbank tuyển dụng hỗ trợ tín dụng""","=""10""","=""0""","=""7""","=""Low""","=""false"""
"=""tpbank tuyển dụng nhân viên tư vấn tín dụng""","=""10""","=""0""","=""9""","=""Low""","=""false"""
"=""tpbank tuyển dụng part time""","=""10""","=""0""","=""5""","=""Low""","=""false"""
"=""tpbank tuyển dụng thẩm định""","=""10""","=""0""","=""5""","=""Low""","=""false"""
"=""tpbank tuyển nhân viên tín dụng""","=""10""","=""0""","=""6""","=""Low""","=""false"""
"=""tpbank tài khoản số điện thoại""","=""10""","=""0""","=""6""","=""Low""","=""false"""
"=""tpbank tài khoản số đẹp""","=""10""","=""0""","=""5""","=""Low""","=""false"""
"=""tpbank tín chấp""","=""10""","=""0.75""","=""3""","=""Low""","=""false"""
"=""tpbank tổng đãi""","=""10""","=""0""","=""3""","=""Low""","=""false"""
"=""tpbank vay thế chấp""","=""10""","=""0""","=""4""","=""Low""","=""false"""
"=""tpbank vay tiền mặt""","=""10""","=""1.4""","=""4""","=""Medium""","=""false"""
"=""tpbank vay vốn""","=""10""","=""0.3""","=""3""","=""Medium""","=""false"""
"=""tpbank vay vốn sinh viên""","=""10""","=""0""","=""5""","=""Low""","=""false"""
"=""tpbank visa signature điều kiện mở thẻ""","=""10""","=""0""","=""7""","=""Low""","=""false"""
"=""tpbank vnpay""","=""10""","=""0""","=""2""","=""Low""","=""false"""
"=""tpbank vàng""","=""10""","=""0""","=""2""","=""Low""","=""false"""
"=""tpbank vàng thần tài""","=""10""","=""0""","=""4""","=""Low""","=""false"""
"=""tpbank đăng ký""","=""10""","=""0.75""","=""3""","=""Medium""","=""false"""
"=""tpbank ưu đãi""","=""10""","=""0""","=""3""","=""Low""","=""true"""
"=""tpbank ưu đãi thẻ tín dụng""","=""10""","=""0""","=""6""","=""Low""","=""false"""
"=""tpbank bao nhiêu tuổi làm thẻ được""","=""10""","=""0""","=""7""","=""Low""","=""true"""
"=""tpbank branch code""","=""10""","=""0""","=""3""","=""Low""","=""false"""
"=""tpbank digital branch""","=""10""","=""0""","=""3""","=""Low""","=""false"""
"=""tpbank building""","=""10""","=""0""","=""2""","=""Low""","=""false"""
"=""tpbank evo cellphones""","=""10""","=""0""","=""3""","=""Low""","=""false"""
"=""tpbank ca""","=""10""","=""0""","=""2""","=""Low""","=""false"""
"=""tpbank credit""","=""10""","=""0""","=""2""","=""Low""","=""false"""
"=""tpbank debit card""","=""10""","=""0""","=""3""","=""Low""","=""true"""
"=""tpbank binh duong""","=""10""","=""0""","=""3""","=""Low""","=""false"""
"=""tpbank thu duc""","=""10""","=""0""","=""3""","=""Low""","=""false"""
"=""tpbank ebank là gì""","=""10""","=""0""","=""4""","=""Low""","=""false"""
"=""tpbank ebank x""","=""10""","=""0""","=""3""","=""Low""","=""false"""
"=""tpbank ebank biz""","=""10""","=""0""","=""3""","=""Low""","=""false"""
"=""tpbank mastercard emoney""","=""10""","=""0""","=""3""","=""Low""","=""false"""
"=""tpbank etoken biz""","=""10""","=""0""","=""3""","=""Low""","=""false"""
"=""tpbank ekyc""","=""10""","=""0""","=""2""","=""Low""","=""false"""
"=""tpbank fico địa chỉ""","=""10""","=""0""","=""4""","=""Low""","=""false"""
"=""tpbank fico tuyển dụng""","=""10""","=""0""","=""4""","=""Low""","=""false"""
"=""tpbank fico tra cứu""","=""10""","=""0""","=""4""","=""Low""","=""false"""
"=""tpbank giới thiệu""","=""10""","=""0""","=""3""","=""Low""","=""false"""
"=""tpbank giới thiệu bạn bè""","=""10""","=""0""","=""5""","=""Low""","=""false"""
"=""tpbank hai phong""","=""10""","=""0""","=""3""","=""Low""","=""false"""
"=""tpbank bảo hiểm""","=""10""","=""0""","=""3""","=""Low""","=""false"""
"=""tpbank ipo""","=""10""","=""0""","=""2""","=""Low""","=""false"""
"=""tpbank không chuyển tiền được""","=""10""","=""0""","=""5""","=""Low""","=""false"""
"=""tpbank nam ky khoi nghia""","=""10""","=""0""","=""5""","=""Low""","=""false"""
"=""tpbank le hong phong""","=""10""","=""0""","=""4""","=""Low""","=""false"""
"=""tpbank loyalty""","=""10""","=""0""","=""2""","=""Low""","=""true"""
"=""tpbank lý thường kiệt tphcm""","=""10""","=""0""","=""5""","=""Low""","=""false"""
"=""tpbank miễn phí thường niên""","=""10""","=""0""","=""5""","=""Low""","=""false"""
"=""tpbank mplus""","=""10""","=""0""","=""2""","=""Low""","=""false"""
"=""tpbank sơn tùng mtp""","=""10""","=""0""","=""4""","=""Low""","=""false"""
"=""tpbank musicnology""","=""10""","=""0""","=""2""","=""Low""","=""false"""
"=""tpbank nam định tuyển dụng""","=""10""","=""0""","=""5""","=""Low""","=""false"""
"=""tpbank nickname""","=""10""","=""0""","=""2""","=""Low""","=""false"""
"=""tpbank ninh bình tuyển dụng""","=""10""","=""0""","=""5""","=""Low""","=""false"""
"=""tpbank niêm yết""","=""10""","=""0""","=""3""","=""Low""","=""false"""
"=""tpbank nợ xấu""","=""10""","=""0""","=""3""","=""Low""","=""false"""
"=""tpbank ha noi""","=""10""","=""0""","=""3""","=""Low""","=""false"""
"=""tpbank outlook web app""","=""10""","=""0""","=""4""","=""Low""","=""false"""
"=""tpbank pos""","=""10""","=""0""","=""2""","=""Low""","=""true"""
"=""tpbank qpay""","=""10""","=""0""","=""2""","=""Low""","=""false"""
"=""tpbank qr code""","=""10""","=""0""","=""3""","=""Low""","=""false"""
"=""tpbank review""","=""10""","=""0""","=""2""","=""Low""","=""false"""
"=""tpbank rut duoc ngan hang nao""","=""10""","=""0""","=""6""","=""Low""","=""false"""
"=""tpbank sao kê""","=""10""","=""0""","=""3""","=""Low""","=""false"""
"=""tpbank sms banking""","=""10""","=""0""","=""3""","=""Low""","=""false"""
"=""tpbank smart banking""","=""10""","=""0""","=""3""","=""Low""","=""false"""
"=""tpbank tiết kiệm online""","=""10""","=""0""","=""4""","=""Low""","=""false"""
"=""tpbank tan phu""","=""10""","=""0""","=""3""","=""Low""","=""false"""
"=""tpbank ưu đãi ẩm thực""","=""10""","=""0""","=""5""","=""Low""","=""false"""
"=""tpbank vay mua xe""","=""10""","=""0""","=""4""","=""Low""","=""false"""
"=""tpbank wiki""","=""10""","=""0""","=""2""","=""Low""","=""false"""
"=""tpbank thanh lý xe""","=""10""","=""0""","=""4""","=""Low""","=""false"""
"=""tpbank zone""","=""10""","=""0""","=""2""","=""Low""","=""false"""
"=""tpbank 101 láng hạ""","=""10""","=""0""","=""4""","=""Low""","=""false"""
"=""tpbank trả góp 0""","=""10""","=""0""","=""4""","=""Medium""","=""false"""
"=""tpbank có thu phí thường niên không""","=""10""","=""0""","=""7""","=""Low""","=""false"""
"=""tpbank dưới 18 tuổi""","=""10""","=""0""","=""4""","=""Low""","=""false"""
"=""tpbank address""","=""10""","=""0""","=""2""","=""Low""","=""false"""
"=""tpbank aeon mall hà đông""","=""10""","=""0""","=""5""","=""Low""","=""false"""
"=""tpbank app lỗi""","=""10""","=""0""","=""3""","=""Low""","=""false"""
"=""tpbank vietnam airlines""","=""10""","=""0""","=""3""","=""Low""","=""false"""
"=""tpbank an sinh xã hội""","=""10""","=""0""","=""5""","=""Low""","=""false"""
"=""tpbank atm withdrawal limit""","=""10""","=""0""","=""4""","=""Low""","=""false"""
"=""tpbank atm ho chi minh""","=""10""","=""0""","=""5""","=""Low""","=""false"""
"=""tpbank biz web""","=""10""","=""0""","=""3""","=""Low""","=""false"""
"=""tpbank bcg""","=""10""","=""0""","=""2""","=""Low""","=""false"""
"=""tpbank ứng dụng blockchain""","=""10""","=""0""","=""4""","=""Low""","=""false"""
"=""tpbank cccd hết hạn""","=""10""","=""0""","=""4""","=""Low""","=""false"""
"=""tpbank cập nhật cccd""","=""10""","=""0""","=""4""","=""Low""","=""false"""
"=""tpbank vạn phúc city""","=""10""","=""0""","=""4""","=""Low""","=""false"""
"=""tpbank world mastercard club privé""","=""10""","=""0""","=""5""","=""Low""","=""false"""
"=""tpbank visa credit classic""","=""10""","=""0""","=""4""","=""Low""","=""false"""
"=""tpbank cashback jcb""","=""10""","=""0""","=""3""","=""Low""","=""false"""
"=""tpbank cn sài gòn""","=""10""","=""0""","=""4""","=""Low""","=""false"""
"=""tpbank cv""","=""10""","=""0""","=""2""","=""Low""","=""false"""
"=""tpbank digital 3 là chi nhánh nào""","=""10""","=""0""","=""7""","=""Low""","=""false"""
"=""tpbank digital 6 là chi nhánh nào""","=""10""","=""0""","=""7""","=""Low""","=""false"""
"=""tpbank doanh nghiệp đăng nhập""","=""10""","=""0""","=""5""","=""Low""","=""false"""
"=""tpbank do anh tu""","=""10""","=""0""","=""4""","=""Low""","=""false"""
"=""tpbank g dragon""","=""10""","=""0""","=""3""","=""Low""","=""false"""
"=""tpbank evo tặng vali""","=""10""","=""2.28""","=""4""","=""Low""","=""true"""
"=""tpbank exchange rate today""","=""10""","=""0""","=""4""","=""Low""","=""false"""
"=""tpbank fico hotline""","=""10""","=""0""","=""3""","=""Low""","=""false"""
"=""tpbank fest mastercard""","=""10""","=""0.87""","=""3""","=""Low""","=""false"""
"=""tpbank fee""","=""10""","=""0""","=""2""","=""Low""","=""false"""
"=""tpbank flash 2in1 phí thường niên""","=""10""","=""0""","=""6""","=""Low""","=""false"""
"=""tpbank flash 2in1 hoàn tiền""","=""10""","=""0""","=""5""","=""Low""","=""false"""
"=""tpbank flash 2in1 ưu đãi""","=""10""","=""0""","=""5""","=""Low""","=""false"""
"=""tpbank flash""","=""10""","=""0""","=""2""","=""Low""","=""false"""
"=""tpbank của fpt""","=""10""","=""0""","=""3""","=""Low""","=""false"""
"=""tpbank và fpt""","=""10""","=""0""","=""3""","=""Low""","=""true"""
"=""tpbank golden gate""","=""10""","=""0""","=""3""","=""Low""","=""false"""
"=""tpbank vietnam gebühren""","=""10""","=""0""","=""3""","=""Low""","=""true"""
"=""tpbank giá cổ phiếu""","=""10""","=""0""","=""4""","=""Low""","=""false"""
"=""tpbank hanoi old quarter""","=""10""","=""0""","=""4""","=""Low""","=""false"""
"=""tpbank hang da""","=""10""","=""0""","=""3""","=""Low""","=""false"""
"=""tpbank ha giang""","=""10""","=""0""","=""3""","=""Low""","=""false"""
"=""tpbank hiện đang mở""","=""10""","=""0""","=""4""","=""Low""","=""false"""
"=""tpbank hoà bình""","=""10""","=""0""","=""3""","=""Low""","=""false"""
"=""tpbank huỳnh tấn phát""","=""10""","=""0""","=""4""","=""Low""","=""true"""
"=""tpbank in sapa""","=""10""","=""0""","=""3""","=""Low""","=""false"""
"=""tpbank in noi bai airport""","=""10""","=""0""","=""5""","=""Low""","=""false"""
"=""tpbank kinh doanh vàng""","=""10""","=""0""","=""4""","=""Low""","=""false"""
"=""tpbank kredivo""","=""10""","=""1.21""","=""2""","=""Medium""","=""false"""
"=""tpbank jcb cashback phí thường niên""","=""10""","=""0""","=""6""","=""Low""","=""false"""
"=""tpbank jcb reward""","=""10""","=""0""","=""3""","=""Low""","=""false"""
"=""tpbank jcb cashback hoàn tiền""","=""10""","=""0""","=""5""","=""Low""","=""false"""
"=""tpbank lam viec den may gio""","=""10""","=""0""","=""6""","=""Low""","=""false"""
"=""tpbank mastercard fest hạn mức bao nhiêu""","=""10""","=""0""","=""7""","=""Low""","=""true"""
"=""tpbank mastercard world""","=""10""","=""0""","=""3""","=""Low""","=""false"""
"=""tpbank metro""","=""10""","=""0""","=""2""","=""Low""","=""false"""
"=""tpbank near me atm""","=""10""","=""0""","=""4""","=""Low""","=""true"""
"=""tpbank minh khai hà nội""","=""10""","=""0""","=""5""","=""Low""","=""false"""
"=""tpbank miễn phí chuyển tiền quốc tế""","=""10""","=""0""","=""7""","=""Low""","=""false"""
"=""tpbank mua vàng""","=""10""","=""0""","=""3""","=""Low""","=""false"""
"=""tpbank name""","=""10""","=""0""","=""2""","=""Low""","=""false"""
"=""tpbank nguyễn trãi""","=""10""","=""0""","=""3""","=""Low""","=""false"""
"=""tpbank nfc""","=""10""","=""0""","=""2""","=""Low""","=""false"""
"=""tpbank nhận tiền từ nước ngoài""","=""10""","=""0""","=""6""","=""Low""","=""false"""
"=""tpbank near me within 800m""","=""10""","=""0""","=""5""","=""Low""","=""false"""
"=""tpbank noi bai airport""","=""10""","=""0""","=""4""","=""Low""","=""false"""
"=""tpbank novaland""","=""10""","=""0""","=""2""","=""Low""","=""false"""
"=""tpbank vinhomes ocean park""","=""10""","=""0""","=""4""","=""Low""","=""false"""
"=""tpbank partner là gì""","=""10""","=""0""","=""4""","=""Low""","=""false"""
"=""tpbank pizza""","=""10""","=""0""","=""2""","=""Low""","=""false"""
"=""tpbank mastercard platinum fest""","=""10""","=""0""","=""4""","=""Low""","=""false"""
"=""tpbank visa platinum phí thường niên""","=""10""","=""0""","=""6""","=""Low""","=""true"""
"=""tpbank quét qr thái lan""","=""10""","=""0""","=""5""","=""Low""","=""false"""
"=""tpbank rút tiền qr""","=""10""","=""0""","=""4""","=""Low""","=""false"""
"=""tpbank cam ranh""","=""10""","=""0""","=""3""","=""Low""","=""false"""
"=""tpbank ripple""","=""10""","=""0""","=""2""","=""Low""","=""false"""
"=""tpbank sao kê ngày nào""","=""10""","=""0""","=""5""","=""Low""","=""false"""
"=""tpbank sa đéc""","=""10""","=""0""","=""3""","=""Low""","=""false"""
"=""tpbank sdt tổng đài""","=""10""","=""0""","=""4""","=""Low""","=""false"""
"=""tpbank signature biểu phí""","=""10""","=""0""","=""4""","=""Low""","=""false"""
"=""tpbank số hotline""","=""10""","=""0""","=""3""","=""Low""","=""true"""
"=""tpbank số dư tối thiểu""","=""10""","=""0""","=""5""","=""Low""","=""false"""
"=""tpbank sử dụng hệ thống chuyển tiền ripple""","=""10""","=""0""","=""8""","=""Low""","=""false"""
"=""tpbank swift bic""","=""10""","=""0""","=""3""","=""Low""","=""true"""
"=""tpbank mã swift""","=""10""","=""0""","=""3""","=""Low""","=""false"""
"=""tpbank vietnam swift code""","=""10""","=""0""","=""4""","=""Low""","=""false"""
"=""tpbank top mấy""","=""10""","=""0""","=""3""","=""Low""","=""false"""
"=""tpbank trả cổ tức 2026""","=""10""","=""0""","=""5""","=""Low""","=""false"""
"=""tpbank tvc""","=""10""","=""0""","=""2""","=""Low""","=""false"""
"=""tpbank tuyển dụng giám đốc chi nhánh""","=""10""","=""0""","=""7""","=""Low""","=""false"""
"=""tpbank tay ninh""","=""10""","=""0""","=""3""","=""Low""","=""false"""
"=""tpbank tam coc""","=""10""","=""0""","=""3""","=""Low""","=""false"""
"=""tpbank vay tín dụng""","=""10""","=""0.95""","=""4""","=""Medium""","=""false"""
"=""tpbank liên kết vetc""","=""10""","=""0""","=""4""","=""Low""","=""false"""
"=""tpbank võ chí công""","=""10""","=""0""","=""4""","=""Low""","=""false"""
"=""tpbank viết tắt của từ gì""","=""10""","=""0""","=""6""","=""Low""","=""true"""
"=""tpbank withdrawal limit""","=""10""","=""0""","=""3""","=""Low""","=""false"""
"=""tpbank maximum withdrawal""","=""10""","=""0""","=""3""","=""Low""","=""false"""
"=""tpbank web đăng nhập""","=""10""","=""0""","=""4""","=""Low""","=""false"""
"=""tpbank world""","=""10""","=""0""","=""2""","=""Low""","=""false"""
"=""tpbank world mastercard golf privé""","=""10""","=""0""","=""5""","=""Low""","=""false"""
"=""tpbank tất toán xong có vay lại được không""","=""10""","=""0""","=""9""","=""Low""","=""false"""
"=""tpbank yersin nha trang""","=""10""","=""0""","=""4""","=""Low""","=""false"""
"=""tpbank rút tiền không thẻ""","=""10""","=""0""","=""5""","=""Low""","=""true"""
"=""tpbank digital 7 là gì""","=""10""","=""0""","=""5""","=""Low""","=""false"""
"=""tpbank digital 8""","=""10""","=""0""","=""3""","=""Low""","=""false"""
"=""tpbank 2in1 concert""","=""10""","=""0""","=""3""","=""Low""","=""false"""
"=""tpbank 95 hoàng cầu""","=""10""","=""0""","=""4""","=""Low""","=""false"""
"=""tpbank digital 4""","=""10""","=""0""","=""3""","=""Low""","=""false"""
"=""tpbank khi nào nghỉ tết""","=""10""","=""0""","=""5""","=""Low""","=""false"""
"=""tpbank bao nhiêu tuổi""","=""10""","=""0""","=""4""","=""Low""","=""false"""
"=""tpbank thuộc tập đoàn nào""","=""10""","=""0""","=""5""","=""Low""","=""false"""
"=""tpbank gần nhất trong vòng 400m""","=""10""","=""0""","=""6""","=""Low""","=""false"""
"=""tpbank không nhận được tiền""","=""10""","=""0""","=""5""","=""Low""","=""false"""
"=""tpbank không chuyển tiền nhanh được""","=""10""","=""0""","=""6""","=""Low""","=""false"""
"=""tpbank từ nhiệm""","=""10""","=""0""","=""3""","=""Low""","=""false"""
"=""tpbank làm việc""","=""10""","=""0""","=""3""","=""Low""","=""false"""
"=""tpbank 99 trần bình""","=""0""","=""0""","=""4""","=""Low""","=""false"""
"=""tpbank biz3""","=""0""","=""0""","=""2""","=""Low""","=""false"""
"=""tpbank tuyển dụng 2021""","=""0""","=""0""","=""4""","=""Low""","=""false"""
"=""tpbank tuyển dụng bancassurance""","=""0""","=""0""","=""4""","=""Low""","=""false"""
"=""tpbank account number""","=""0""","=""0""","=""3""","=""Low""","=""false"""
"=""tpbank account""","=""0""","=""0""","=""2""","=""Low""","=""false"""
"=""tpbank agoda""","=""0""","=""0""","=""2""","=""Low""","=""false"""
"=""tpbank vietnam address""","=""0""","=""0""","=""3""","=""Low""","=""false"""
"=""tpbank aeon""","=""0""","=""0""","=""2""","=""Low""","=""false"""
"=""tpbank aeon mall""","=""0""","=""0""","=""3""","=""Low""","=""false"""
"=""tpbank aeon long biên""","=""0""","=""0""","=""4""","=""Low""","=""false"""
"=""tpbank áo dài""","=""0""","=""0""","=""3""","=""Low""","=""false"""
"=""tpbank amc tuyển dụng""","=""0""","=""0""","=""4""","=""Low""","=""false"""
"=""tpbank apkpure""","=""0""","=""0""","=""2""","=""Low""","=""false"""
"=""tpbank appstore""","=""0""","=""0""","=""2""","=""Low""","=""false"""
"=""tpbank app store""","=""0""","=""0""","=""3""","=""Low""","=""false"""
"=""tpbank apk download""","=""0""","=""0""","=""3""","=""Low""","=""false"""
"=""tpbank api github""","=""0""","=""0""","=""3""","=""Low""","=""false"""
"=""tpbank app apk""","=""0""","=""0""","=""3""","=""Low""","=""false"""
"=""tpbank ai""","=""0""","=""0""","=""2""","=""Low""","=""false"""
"=""tpbank ai mate""","=""0""","=""0""","=""3""","=""Low""","=""false"""
"=""tpbank ai mate là gì""","=""0""","=""0""","=""5""","=""Low""","=""false"""
"=""tpbank airport""","=""0""","=""0""","=""2""","=""Low""","=""false"""
"=""tpbank ai engineer""","=""0""","=""0""","=""3""","=""Low""","=""false"""
"=""tpbank ai chatbot""","=""0""","=""0""","=""3""","=""Low""","=""false"""
"=""tpbank do ai sáng lập""","=""0""","=""0""","=""5""","=""Low""","=""false"""
"=""tpbank alipay""","=""0""","=""0""","=""2""","=""Low""","=""false"""
"=""tpbank tuyển dụng alm""","=""0""","=""0""","=""4""","=""Low""","=""false"""
"=""tpbank authentication""","=""0""","=""0""","=""2""","=""Low""","=""false"""
"=""tpbank aud to vnd""","=""0""","=""0""","=""4""","=""Low""","=""false"""
"=""tpbank au co""","=""0""","=""0""","=""3""","=""Low""","=""false"""
"=""tpbank aud""","=""0""","=""0""","=""2""","=""Low""","=""false"""
"=""tpbank tỷ giá aud""","=""0""","=""0""","=""4""","=""Low""","=""false"""
"=""tpbank an toàn không""","=""0""","=""0""","=""4""","=""Low""","=""false"""
"=""tpbank annual report""","=""0""","=""0""","=""3""","=""Low""","=""false"""
"=""tpbank annual report 2024""","=""0""","=""0""","=""4""","=""Low""","=""false"""
"=""tpbank android""","=""0""","=""0""","=""2""","=""Low""","=""false"""
"=""tpbank an khánh hoài đức""","=""0""","=""0""","=""5""","=""Low""","=""false"""
"=""tpbank and vpbank""","=""0""","=""0""","=""3""","=""Low""","=""false"""
"=""tpbank annual report 2025""","=""0""","=""0""","=""4""","=""Low""","=""false"""
"=""tpbank bctc""","=""0""","=""0""","=""2""","=""Low""","=""false"""
"=""tpbank bctn""","=""0""","=""0""","=""2""","=""Low""","=""false"""
"=""tpbank nha be""","=""0""","=""0""","=""3""","=""Low""","=""false"""
"=""tpbank ban lãnh đạo""","=""0""","=""0""","=""4""","=""Low""","=""false"""
"=""tpbank banking online""","=""0""","=""0""","=""3""","=""Low""","=""false"""
"=""tpbank ba đình hà nội""","=""0""","=""0""","=""5""","=""Low""","=""false"""
"=""tpbank bnpl shopee""","=""0""","=""0""","=""3""","=""Low""","=""false"""
"=""tpbank black card""","=""0""","=""0""","=""3""","=""Low""","=""false"""
"=""tpbank blockchain""","=""0""","=""0""","=""2""","=""Low""","=""false"""
"=""tpbank brand guideline""","=""0""","=""0""","=""3""","=""Low""","=""false"""
"=""tpbank branch name""","=""0""","=""0""","=""3""","=""Low""","=""false"""
"=""tpbank branding""","=""0""","=""0""","=""2""","=""Low""","=""false"""
"=""tpbank brand finance""","=""0""","=""0""","=""3""","=""Low""","=""false"""
"=""tpbank buôn ma thuột đắk lắk""","=""0""","=""0""","=""6""","=""Low""","=""false"""
"=""tpbank tuyển dụng business analyst""","=""0""","=""0""","=""5""","=""Low""","=""false"""
"=""tpbank có làm buổi trưa không""","=""0""","=""0""","=""6""","=""Low""","=""false"""
"=""tpbank y jut buôn ma thuột""","=""0""","=""0""","=""6""","=""Low""","=""false"""
"=""tpbank bootloader""","=""0""","=""0""","=""2""","=""Low""","=""false"""
"=""tpbank booth""","=""0""","=""0""","=""2""","=""Low""","=""false"""
"=""tpbank bộ công an""","=""0""","=""0""","=""4""","=""Low""","=""false"""
"=""tpbank trảng bom""","=""0""","=""0""","=""3""","=""Low""","=""false"""
"=""tpbank chua boc""","=""0""","=""0""","=""3""","=""Low""","=""false"""
"=""tpbank biz hướng dẫn sử dụng""","=""0""","=""0""","=""6""","=""Low""","=""false"""
"=""tpbank cập nhật cccd bằng vneid""","=""0""","=""0""","=""6""","=""Low""","=""false"""
"=""tpbank cdm""","=""0""","=""0""","=""2""","=""Low""","=""false"""
"=""tpbank có cdm không""","=""0""","=""0""","=""4""","=""Low""","=""false"""
"=""tpbank cbtt""","=""0""","=""0""","=""2""","=""Low""","=""false"""
"=""tpbank ceo""","=""0""","=""0""","=""2""","=""Low""","=""false"""
"=""tpbank call center""","=""0""","=""0""","=""3""","=""Low""","=""false"""
"=""tpbank vinhomes central park""","=""0""","=""0""","=""4""","=""Low""","=""false"""
"=""tpbank saigon centre""","=""0""","=""0""","=""3""","=""Low""","=""false"""
"=""tpbank cgv""","=""0""","=""0""","=""2""","=""Low""","=""false"""
"=""tpbank citad""","=""0""","=""0""","=""2""","=""Low""","=""false"""
"=""tpbank cic""","=""0""","=""0""","=""2""","=""Low""","=""false"""
"=""tpbank cityland""","=""0""","=""0""","=""2""","=""Low""","=""false"""
"=""tpbank smart city""","=""0""","=""0""","=""3""","=""Low""","=""false"""
"=""tpbank royal city""","=""0""","=""0""","=""3""","=""Low""","=""false"""
"=""tpbank club prive""","=""0""","=""0""","=""3""","=""Low""","=""false"""
"=""tpbank classic""","=""0""","=""0""","=""2""","=""Low""","=""false"""
"=""tpbank debit classic""","=""0""","=""0""","=""3""","=""Low""","=""false"""
"=""tpbank visa classic phí thường niên""","=""0""","=""0""","=""6""","=""Low""","=""false"""
"=""tpbank credit classic""","=""0""","=""0""","=""3""","=""Low""","=""false"""
"=""tpbank world mastercard club privé hoàn tiền""","=""0""","=""0""","=""7""","=""Low""","=""false"""
"=""tpbank cao bằng""","=""0""","=""0""","=""3""","=""Low""","=""false"""
"=""tpbank cai lậy""","=""0""","=""0""","=""3""","=""Low""","=""false"""
"=""tpbank ck""","=""0""","=""0""","=""2""","=""Low""","=""false"""
"=""tpbank mã ck""","=""0""","=""0""","=""3""","=""Low""","=""false"""
"=""tpbank cmt8""","=""0""","=""0""","=""2""","=""Low""","=""false"""
"=""tpbank cn hà nội""","=""0""","=""0""","=""4""","=""Low""","=""false"""
"=""tpbank cn bến thành""","=""0""","=""0""","=""4""","=""Low""","=""false"""
"=""tpbank cn cửu long""","=""0""","=""0""","=""4""","=""Low""","=""false"""
"=""tpbank cn thăng long""","=""0""","=""0""","=""4""","=""Low""","=""false"""
"=""tpbank cn hoàn kiếm""","=""0""","=""0""","=""4""","=""Low""","=""false"""
"=""tpbank cn hùng vương""","=""0""","=""0""","=""4""","=""Low""","=""false"""
"=""tpbank cn thành đô""","=""0""","=""0""","=""4""","=""Low""","=""false"""
"=""tpbank connect là gì""","=""0""","=""0""","=""4""","=""Low""","=""false"""
"=""tpbank code""","=""0""","=""0""","=""2""","=""Low""","=""false"""
"=""tpbank co lam thu 7 khong""","=""0""","=""0""","=""6""","=""Low""","=""false"""
"=""tpbank contact""","=""0""","=""0""","=""2""","=""Low""","=""false"""
"=""tpbank color""","=""0""","=""0""","=""2""","=""Low""","=""false"""
"=""tpbank credit rating""","=""0""","=""0""","=""3""","=""Low""","=""false"""
"=""tpbank crm""","=""0""","=""0""","=""2""","=""Low""","=""false"""
"=""tpbank crypto""","=""0""","=""0""","=""2""","=""Low""","=""false"""
"=""tpbank credit evo""","=""0""","=""0""","=""3""","=""Low""","=""false"""
"=""tpbank credit gold""","=""0""","=""0""","=""3""","=""Low""","=""false"""
"=""tpbank ct5 mỹ đình""","=""0""","=""0""","=""4""","=""Low""","=""false"""
"=""tpbank cto""","=""0""","=""0""","=""2""","=""Low""","=""false"""
"=""tpbank tuyển ctv""","=""0""","=""0""","=""3""","=""Low""","=""false"""
"=""tpbank trả thưởng ctkm nhận tiền ting ting""","=""0""","=""0""","=""8""","=""Low""","=""false"""
"=""tpbank cskh email""","=""0""","=""0""","=""3""","=""Low""","=""false"""
"=""tpbank tuyển cskh""","=""0""","=""0""","=""3""","=""Low""","=""false"""
"=""tpbank cp""","=""0""","=""0""","=""2""","=""Low""","=""false"""
"=""tpbank mẫu cv""","=""0""","=""0""","=""3""","=""Low""","=""false"""
"=""tpbank customer service""","=""0""","=""0""","=""3""","=""Low""","=""false"""
"=""tpbank cu chi""","=""0""","=""0""","=""3""","=""Low""","=""false"""
"=""tpbank currency exchange""","=""0""","=""0""","=""3""","=""Low""","=""false"""
"=""tpbank củ chi tuyển dụng""","=""0""","=""0""","=""5""","=""Low""","=""false"""
"=""tpbank nguyen cu trinh""","=""0""","=""0""","=""4""","=""Low""","=""false"""
"=""tpbank tra cuu khoan vay""","=""0""","=""0""","=""5""","=""Low""","=""false"""
"=""tpbank mo cua""","=""0""","=""0""","=""3""","=""Low""","=""false"""
"=""tpbank data analyst""","=""0""","=""0""","=""3""","=""Low""","=""false"""
"=""tpbank dang van bi""","=""0""","=""0""","=""4""","=""Low""","=""false"""
"=""tpbank daklak tuyển dụng""","=""0""","=""0""","=""4""","=""Low""","=""false"""
"=""tpbank da nang atm""","=""0""","=""0""","=""4""","=""Low""","=""false"""
"=""tpbank dang nhap web""","=""0""","=""0""","=""4""","=""Low""","=""false"""
"=""tpbank data""","=""0""","=""0""","=""2""","=""Low""","=""false"""
"=""tpbank debit mplus""","=""0""","=""0""","=""3""","=""Low""","=""false"""
"=""tpbank developer portal""","=""0""","=""0""","=""3""","=""Low""","=""false"""
"=""tpbank developer""","=""0""","=""0""","=""2""","=""Low""","=""false"""
"=""tpbank debit visa""","=""0""","=""0""","=""3""","=""Low""","=""false"""
"=""tpbank devops""","=""0""","=""0""","=""2""","=""Low""","=""false"""
"=""tpbank digital 13 là chi nhánh nào""","=""0""","=""0""","=""7""","=""Low""","=""false"""
"=""tpbank gaanf ddaay""","=""0""","=""0""","=""3""","=""Low""","=""false"""
"=""tpbank download""","=""0""","=""0""","=""2""","=""Low""","=""false"""
"=""tpbank dong nai""","=""0""","=""0""","=""3""","=""Low""","=""false"""
"=""tpbank do thanh""","=""0""","=""0""","=""3""","=""Low""","=""false"""
"=""tpbank do thanh 2""","=""0""","=""0""","=""4""","=""Low""","=""false"""
"=""tpbank drama""","=""0""","=""0""","=""2""","=""Low""","=""false"""
"=""tpbank ebiz""","=""0""","=""0""","=""2""","=""Low""","=""false"""
"=""tpbank ebank login""","=""0""","=""0""","=""3""","=""Low""","=""false"""
"=""tpbank eakar""","=""0""","=""0""","=""2""","=""Low""","=""false"""
"=""tpbank near eden garden hotel""","=""0""","=""0""","=""5""","=""Low""","=""false"""
"=""tpbank ecopark""","=""0""","=""0""","=""2""","=""Low""","=""false"""
"=""tpbank efast""","=""0""","=""0""","=""2""","=""Low""","=""false"""
"=""tpbank em xinh""","=""0""","=""0""","=""3""","=""Low""","=""false"""
"=""tpbank em xinh concert""","=""0""","=""0""","=""4""","=""Low""","=""false"""
"=""tpbank vé em xinh say hi""","=""0""","=""0""","=""6""","=""Low""","=""false"""
"=""tpbank vé em xinh""","=""0""","=""0""","=""4""","=""Low""","=""false"""
"=""tpbank tài trợ em xinh say hi""","=""0""","=""0""","=""7""","=""Low""","=""false"""
"=""tpbank egold""","=""0""","=""0""","=""2""","=""Low""","=""false"""
"=""tpbank esg""","=""0""","=""0""","=""2""","=""Low""","=""false"""
"=""tpbank etax""","=""0""","=""0""","=""2""","=""Low""","=""false"""
"=""tpbank etoken basic""","=""0""","=""0""","=""3""","=""Low""","=""false"""
"=""tpbank euro""","=""0""","=""0""","=""2""","=""Low""","=""false"""
"=""tpbank tỷ giá euro""","=""0""","=""0""","=""4""","=""Low""","=""false"""
"=""tpbank exsh""","=""0""","=""0""","=""2""","=""Low""","=""false"""
"=""tpbank exchange""","=""0""","=""0""","=""2""","=""Low""","=""false"""
"=""tpbank exchange rates""","=""0""","=""0""","=""3""","=""Low""","=""false"""
"=""tpbank foreign exchange rate""","=""0""","=""0""","=""4""","=""Low""","=""false"""
"=""tpbank foreign exchange""","=""0""","=""0""","=""3""","=""Low""","=""false"""
"=""tpbank vietnam exchange rate""","=""0""","=""0""","=""4""","=""Low""","=""false"""
"=""tpbank fb""","=""0""","=""0""","=""2""","=""Low""","=""false"""
"=""tpbank facebook""","=""0""","=""0""","=""2""","=""Low""","=""false"""
"=""tpbank face id""","=""0""","=""0""","=""3""","=""Low""","=""false"""
"=""tpbank evo facebook""","=""0""","=""0""","=""3""","=""Low""","=""false"""
"=""tpbank fchoice 2025""","=""0""","=""0""","=""3""","=""Low""","=""false"""
"=""tpbank fireant""","=""0""","=""0""","=""2""","=""Low""","=""false"""
"=""tpbank fico còn hoạt động không""","=""0""","=""0""","=""6""","=""Low""","=""false"""
"=""tpbank fest card""","=""0""","=""0""","=""3""","=""Low""","=""false"""
"=""tpbank fee withdrawal""","=""0""","=""0""","=""3""","=""Low""","=""false"""
"=""tpbank flash 2in1 là thẻ gì""","=""0""","=""0""","=""6""","=""Low""","=""false"""
"=""tpbank flash 2in1 hạn mức""","=""0""","=""0""","=""5""","=""Low""","=""false"""
"=""tpbank flexcollateral""","=""0""","=""0""","=""2""","=""Low""","=""false"""
"=""tpbank flash biz""","=""0""","=""0""","=""3""","=""Low""","=""false"""
"=""tpbank thuộc fpt""","=""0""","=""0""","=""3""","=""Low""","=""false"""
"=""tpbank evo fptshop""","=""0""","=""0""","=""3""","=""Low""","=""false"""
"=""tpbank for foreigners""","=""0""","=""0""","=""3""","=""Low""","=""false"""
"=""tpbank font""","=""0""","=""0""","=""2""","=""Low""","=""false"""
"=""tpbank foreigner""","=""0""","=""0""","=""2""","=""Low""","=""false"""
"=""tpbank stand for""","=""0""","=""0""","=""3""","=""Low""","=""false"""
"=""tpbank full form""","=""0""","=""0""","=""3""","=""Low""","=""false"""
"=""tpbank full tên""","=""0""","=""0""","=""3""","=""Low""","=""false"""
"=""tpbank vietnam full name""","=""0""","=""0""","=""4""","=""Low""","=""false"""
"=""tpbank fresher""","=""0""","=""0""","=""2""","=""Low""","=""false"""
"=""tpbank fresher data""","=""0""","=""0""","=""3""","=""Low""","=""false"""
"=""tpbank frais""","=""0""","=""0""","=""2""","=""Low""","=""false"""
"=""tpbank visa freego là gì""","=""0""","=""0""","=""5""","=""Low""","=""false"""
"=""tpbank tuyển dụng frontend""","=""0""","=""0""","=""4""","=""Low""","=""false"""
"=""tpbank gamuda""","=""0""","=""0""","=""2""","=""Low""","=""false"""
"=""tpbank galaxy vạn phúc""","=""0""","=""0""","=""4""","=""Low""","=""false"""
"=""tpbank game""","=""0""","=""0""","=""2""","=""Low""","=""false"""
"=""tpbank garmin pay""","=""0""","=""0""","=""3""","=""Low""","=""false"""
"=""tpbank live gan day""","=""0""","=""0""","=""4""","=""Low""","=""false"""
"=""tpbank tuyển gdv""","=""0""","=""0""","=""3""","=""Low""","=""false"""
"=""tpbank gcash""","=""0""","=""0""","=""2""","=""Low""","=""false"""
"=""tpbank gcash card""","=""0""","=""0""","=""3""","=""Low""","=""false"""
"=""tpbank geleximco""","=""0""","=""0""","=""2""","=""Low""","=""false"""
"=""tpbank genai""","=""0""","=""0""","=""2""","=""Low""","=""false"""
"=""tpbank get to""","=""0""","=""0""","=""3""","=""Low""","=""false"""
"=""tpbank thẻ ghi nợ""","=""0""","=""0""","=""4""","=""Low""","=""false"""
"=""tpbank thẻ ghi nợ quốc tế""","=""0""","=""0""","=""6""","=""Low""","=""false"""
"=""tpbank thẻ ghi nợ nội địa""","=""0""","=""0""","=""6""","=""Low""","=""false"""
"=""tpbank giới thiệu bạn bè 2026""","=""0""","=""0""","=""6""","=""Low""","=""false"""
"=""tpbank giải phóng""","=""0""","=""0""","=""3""","=""Low""","=""false"""
"=""tpbank english""","=""0""","=""0""","=""2""","=""Low""","=""false"""
"=""tpbank data engineer""","=""0""","=""0""","=""3""","=""Low""","=""false"""
"=""tpbank atm fee english""","=""0""","=""0""","=""4""","=""Low""","=""false"""
"=""tpbank gmail""","=""0""","=""0""","=""2""","=""Low""","=""false"""
"=""tpbank go""","=""0""","=""0""","=""2""","=""Low""","=""false"""
"=""tpbank gold card credit evo""","=""0""","=""0""","=""5""","=""Low""","=""false"""
"=""tpbank gold visa""","=""0""","=""0""","=""3""","=""Low""","=""false"""
"=""tpbank google play""","=""0""","=""0""","=""3""","=""Low""","=""false"""
"=""tpbank grab""","=""0""","=""0""","=""2""","=""Low""","=""false"""
"=""tpbank vinhomes grand park""","=""0""","=""0""","=""4""","=""Low""","=""false"""
"=""tpbank gui tiet kiem""","=""0""","=""0""","=""4""","=""Low""","=""false"""
"=""tpbank ho guom""","=""0""","=""0""","=""3""","=""Low""","=""false"""
"=""tpbank hay techcombank""","=""0""","=""0""","=""3""","=""Low""","=""false"""
"=""tpbank hai bà trưng hà nội""","=""0""","=""0""","=""6""","=""Low""","=""false"""
"=""tpbank ham nghi""","=""0""","=""0""","=""3""","=""Low""","=""false"""
"=""tpbank hay vpbank""","=""0""","=""0""","=""3""","=""Low""","=""false"""
"=""tpbank hcm tuyển dụng""","=""0""","=""0""","=""4""","=""Low""","=""false"""
"=""tpbank cn hcm""","=""0""","=""0""","=""3""","=""Low""","=""false"""
"=""tpbank livebank hcm""","=""0""","=""0""","=""3""","=""Low""","=""false"""
"=""tpbank head office""","=""0""","=""0""","=""3""","=""Low""","=""false"""
"=""tpbank hệ thống""","=""0""","=""0""","=""3""","=""Low""","=""false"""
"=""tpbank hệ thống đang bận""","=""0""","=""0""","=""5""","=""Low""","=""false"""
"=""tpbank lien he""","=""0""","=""0""","=""3""","=""Low""","=""false"""
"=""tpbank loi he thong""","=""0""","=""0""","=""4""","=""Low""","=""false"""
"=""tpbank quan he co dong""","=""0""","=""0""","=""5""","=""Low""","=""false"""
"=""tpbank near here""","=""0""","=""0""","=""3""","=""Low""","=""false"""
"=""tpbank hd""","=""0""","=""0""","=""2""","=""Low""","=""false"""
"=""tpbank hiệp bình chánh""","=""0""","=""0""","=""4""","=""Low""","=""false"""
"=""tpbank ninh hiệp""","=""0""","=""0""","=""3""","=""Low""","=""false"""
"=""tpbank live hiện đang mở""","=""0""","=""0""","=""5""","=""Low""","=""false"""
"=""tpbank thực hiện giao dịch những loại vàng nào""","=""0""","=""0""","=""9""","=""Low""","=""false"""
"=""tpbank hkd""","=""0""","=""0""","=""2""","=""Low""","=""false"""
"=""tpbank hp""","=""0""","=""0""","=""2""","=""Low""","=""false"""
"=""tpbank hq""","=""0""","=""0""","=""2""","=""Low""","=""false"""
"=""tpbank hsc""","=""0""","=""0""","=""2""","=""Low""","=""false"""
"=""tpbank hub thủ đô""","=""0""","=""0""","=""4""","=""Low""","=""false"""
"=""tpbank hub tràng an""","=""0""","=""0""","=""4""","=""Low""","=""false"""
"=""tpbank huế tuyển dụng""","=""0""","=""0""","=""4""","=""Low""","=""false"""
"=""tpbank hủy thẻ tín dụng""","=""0""","=""0""","=""5""","=""Low""","=""false"""
"=""tpbank hub là gì""","=""0""","=""0""","=""4""","=""Low""","=""false"""
"=""tpbank huỷ tài khoản""","=""0""","=""0""","=""4""","=""Low""","=""false"""
"=""tpbank hung vuong""","=""0""","=""0""","=""3""","=""Low""","=""false"""
"=""tpbank huỳnh văn bánh""","=""0""","=""0""","=""4""","=""Low""","=""false"""
"=""tpbank iban""","=""0""","=""0""","=""2""","=""Low""","=""false"""
"=""tpbank ibank""","=""0""","=""0""","=""2""","=""Low""","=""false"""
"=""tpbank ib""","=""0""","=""0""","=""2""","=""Low""","=""false"""
"=""tpbank basel iii""","=""0""","=""0""","=""3""","=""Low""","=""false"""
"=""tpbank ifc""","=""0""","=""0""","=""2""","=""Low""","=""false"""
"=""tpbank ios""","=""0""","=""0""","=""2""","=""Low""","=""false"""
"=""tpbank ipa""","=""0""","=""0""","=""2""","=""Low""","=""false"""
"=""tpbank iphone 17""","=""0""","=""0""","=""3""","=""Low""","=""false"""
"=""tpbank intern""","=""0""","=""0""","=""2""","=""Low""","=""false"""
"=""tpbank international withdrawal fee""","=""0""","=""0""","=""4""","=""Low""","=""false"""
"=""tpbank in hanoi""","=""0""","=""0""","=""3""","=""Low""","=""false"""
"=""tpbank in sapa vietnam""","=""0""","=""0""","=""4""","=""Low""","=""false"""
"=""tpbank investor relations""","=""0""","=""0""","=""3""","=""Low""","=""false"""
"=""tpbank infinite""","=""0""","=""0""","=""2""","=""Low""","=""false"""
"=""tpbank itviec""","=""0""","=""0""","=""2""","=""Low""","=""false"""
"=""tpbank it voz""","=""0""","=""0""","=""3""","=""Low""","=""false"""
"=""tpbank tuyển it""","=""0""","=""0""","=""3""","=""Low""","=""false"""
"=""tpbank ir""","=""0""","=""0""","=""2""","=""Low""","=""false"""
"=""tpbank tuyển dụng java""","=""0""","=""0""","=""4""","=""Low""","=""false"""
"=""tpbank junior""","=""0""","=""0""","=""2""","=""Low""","=""false"""
"=""tpbank y jut""","=""0""","=""0""","=""3""","=""Low""","=""false"""
"=""tpbank issuer fee""","=""0""","=""0""","=""3""","=""Low""","=""false"""
"=""tpbank bắc kan""","=""0""","=""0""","=""3""","=""Low""","=""false"""
"=""tpbank sao ke""","=""0""","=""0""","=""3""","=""Low""","=""false"""
"=""tpbank sinh loi kep""","=""0""","=""0""","=""4""","=""Low""","=""false"""
"=""tpbank khoản vay""","=""0""","=""0""","=""3""","=""Low""","=""false"""
"=""tpbank khánh hoà""","=""0""","=""0""","=""3""","=""Low""","=""false"""
"=""tpbank không dùng có mất phí không""","=""0""","=""0""","=""7""","=""Low""","=""false"""
"=""tpbank khi nào chia cổ tức""","=""0""","=""0""","=""6""","=""Low""","=""false"""
"=""tpbank khách hàng ưu tiên""","=""0""","=""0""","=""5""","=""Low""","=""false"""
"=""tpbank khach hang uu tien""","=""0""","=""0""","=""5""","=""Low""","=""false"""
"=""tpbank kiểm tra khoản vay""","=""0""","=""0""","=""5""","=""Low""","=""false"""
"=""tpbank kiến an""","=""0""","=""0""","=""3""","=""Low""","=""false"""
"=""tpbank kinh đô hà nội""","=""0""","=""0""","=""5""","=""Low""","=""false"""
"=""tpbank kim ngưu""","=""0""","=""0""","=""3""","=""Low""","=""false"""
"=""tpbank kim giang""","=""0""","=""0""","=""3""","=""Low""","=""false"""
"=""tpbank klook""","=""0""","=""0""","=""2""","=""Low""","=""false"""
"=""tpbank và kredivo""","=""0""","=""0""","=""3""","=""Low""","=""false"""
"=""tpbank jcb cashback phí""","=""0""","=""0""","=""4""","=""Low""","=""false"""
"=""tpbank jcb apple pay""","=""0""","=""0""","=""4""","=""Low""","=""false"""
"=""tpbank jcb ưu đãi""","=""0""","=""0""","=""4""","=""Low""","=""false"""
"=""tpbank jcb platinum""","=""0""","=""0""","=""3""","=""Low""","=""false"""
"=""tpbank ky dong""","=""0""","=""0""","=""3""","=""Low""","=""false"""
"=""tpbank to ky""","=""0""","=""0""","=""3""","=""Low""","=""false"""
"=""tpbank tam ky""","=""0""","=""0""","=""3""","=""Low""","=""false"""
"=""tpbank la gi""","=""0""","=""0""","=""3""","=""Low""","=""false"""
"=""tpbank lanh binh thang""","=""0""","=""0""","=""4""","=""Low""","=""false"""
"=""tpbank lam dong""","=""0""","=""0""","=""3""","=""Low""","=""false"""
"=""tpbank le ngoc han""","=""0""","=""0""","=""4""","=""Low""","=""false"""
"=""tpbank le van sy""","=""0""","=""0""","=""4""","=""Low""","=""false"""
"=""tpbank lending""","=""0""","=""0""","=""2""","=""Low""","=""false"""
"=""tpbank le dai hanh""","=""0""","=""0""","=""4""","=""Low""","=""false"""
"=""tpbank le van viet""","=""0""","=""0""","=""4""","=""Low""","=""false"""
"=""tpbank le trong tan""","=""0""","=""0""","=""4""","=""Low""","=""false"""
"=""tpbank le thanh nghi""","=""0""","=""0""","=""4""","=""Low""","=""false"""
"=""tpbank ko đăng nhập được""","=""0""","=""0""","=""5""","=""Low""","=""false"""
"=""tpbank ko chuyển tiền được""","=""0""","=""0""","=""5""","=""Low""","=""false"""
"=""tpbank ko vào được""","=""0""","=""0""","=""4""","=""Low""","=""false"""
"=""tpbank ko quét được mã qr""","=""0""","=""0""","=""6""","=""Low""","=""false"""
"=""tpbank nguỵ như kon tum""","=""0""","=""0""","=""5""","=""Low""","=""false"""
"=""tpbank luỹ bán bích""","=""0""","=""0""","=""4""","=""Low""","=""false"""
"=""tpbank lua dao""","=""0""","=""0""","=""3""","=""Low""","=""false"""
"=""tpbank luong dinh cua""","=""0""","=""0""","=""4""","=""Low""","=""false"""
"=""tpbank nguyen van luong""","=""0""","=""0""","=""4""","=""Low""","=""false"""
"=""tpbank lý thái tổ""","=""0""","=""0""","=""4""","=""Low""","=""false"""
"=""tpbank lý chính thắng""","=""0""","=""0""","=""4""","=""Low""","=""false"""
"=""tpbank lý thái tổ bmt""","=""0""","=""0""","=""5""","=""Low""","=""false"""
"=""tpbank lý tự trọng""","=""0""","=""0""","=""4""","=""Low""","=""false"""
"=""tpbank 57 ly thuong kiet""","=""0""","=""0""","=""5""","=""Low""","=""false"""
"=""tpbank và mbbank""","=""0""","=""0""","=""3""","=""Low""","=""false"""
"=""tpbank mastercard fest có rút được tiền không""","=""0""","=""0""","=""8""","=""Low""","=""false"""
"=""tpbank master world""","=""0""","=""0""","=""3""","=""Low""","=""false"""
"=""tpbank mastercard platinum""","=""0""","=""0""","=""3""","=""Low""","=""false"""
"=""tpbank md complex""","=""0""","=""0""","=""3""","=""Low""","=""false"""
"=""tpbank merchant""","=""0""","=""0""","=""2""","=""Low""","=""false"""
"=""tpbank meaning""","=""0""","=""0""","=""2""","=""Low""","=""false"""
"=""tpbank mễ trì""","=""0""","=""0""","=""3""","=""Low""","=""false"""
"=""tpbank mê linh""","=""0""","=""0""","=""3""","=""Low""","=""false"""
"=""tpbank mê linh hà nội""","=""0""","=""0""","=""5""","=""Low""","=""false"""
"=""tpbank miễn phí quản lý tài khoản""","=""0""","=""0""","=""7""","=""Low""","=""false"""
"=""tpbank minh phụng""","=""0""","=""0""","=""3""","=""Low""","=""false"""
"=""tpbank miễn phí rút tiền""","=""0""","=""0""","=""5""","=""Low""","=""false"""
"=""tpbank miền nam""","=""0""","=""0""","=""3""","=""Low""","=""false"""
"=""tpbank miền nam 4""","=""0""","=""0""","=""4""","=""Low""","=""false"""
"=""tpbank mobile có lừa đảo không""","=""0""","=""0""","=""6""","=""Low""","=""false"""
"=""tpbank mpos là gì""","=""0""","=""0""","=""4""","=""Low""","=""false"""
"=""tpbank hà nội mst""","=""0""","=""0""","=""4""","=""Low""","=""false"""
"=""tpbank mua ngoại tệ""","=""0""","=""0""","=""4""","=""Low""","=""false"""
"=""tpbank mua lại tps""","=""0""","=""0""","=""4""","=""Low""","=""false"""
"=""tpbank mua tps""","=""0""","=""0""","=""3""","=""Low""","=""false"""
"=""tpbank mua sắm hoàn tiền""","=""0""","=""0""","=""5""","=""Low""","=""false"""
"=""tpbank mua ors""","=""0""","=""0""","=""3""","=""Low""","=""false"""
"=""tpbank mua bán vàng""","=""0""","=""0""","=""4""","=""Low""","=""false"""
"=""tpbank mua bán ngoại tệ""","=""0""","=""0""","=""5""","=""Low""","=""false"""
"=""tpbank my dinh""","=""0""","=""0""","=""3""","=""Low""","=""false"""
"=""tpbank my tho""","=""0""","=""0""","=""3""","=""Low""","=""false"""
"=""tpbank mỹ hào hưng yên""","=""0""","=""0""","=""5""","=""Low""","=""false"""
"=""tpbank mỹ đình thuộc chi nhánh nào""","=""0""","=""0""","=""7""","=""Low""","=""false"""
"=""tpbank mỹ đình hà nội""","=""0""","=""0""","=""5""","=""Low""","=""false"""
"=""tpbank mỹ đức""","=""0""","=""0""","=""3""","=""Low""","=""false"""
"=""tpbank mỹ hào""","=""0""","=""0""","=""3""","=""Low""","=""false"""
"=""tpbank mỹ đình địa chỉ""","=""0""","=""0""","=""5""","=""Low""","=""false"""
"=""tpbank mỹ đình nam từ liêm hà nội""","=""0""","=""0""","=""8""","=""Low""","=""false"""
"=""tpbank có cần nfc không""","=""0""","=""0""","=""5""","=""Low""","=""false"""
"=""tpbank nhà đầu tư""","=""0""","=""0""","=""4""","=""Low""","=""false"""
"=""tpbank nhơn trạch""","=""0""","=""0""","=""3""","=""Low""","=""false"""
"=""tpbank nha trang tuyển dụng""","=""0""","=""0""","=""5""","=""Low""","=""false"""
"=""tpbank nha trang khánh hòa""","=""0""","=""0""","=""5""","=""Low""","=""false"""
"=""tpbank nhổn""","=""0""","=""0""","=""2""","=""Low""","=""false"""
"=""tpbank news""","=""0""","=""0""","=""2""","=""Low""","=""false"""
"=""tpbank nearby""","=""0""","=""0""","=""2""","=""Low""","=""false"""
"=""tpbank near hanoi airport""","=""0""","=""0""","=""4""","=""Low""","=""false"""
"=""tpbank near cafe apartment""","=""0""","=""0""","=""4""","=""Low""","=""false"""
"=""tpbank near noi bai airport""","=""0""","=""0""","=""5""","=""Low""","=""false"""
"=""tpbank ninh hoà""","=""0""","=""0""","=""3""","=""Low""","=""false"""
"=""tpbank nơ trang long""","=""0""","=""0""","=""4""","=""Low""","=""false"""
"=""tpbank nợ xấu có vay được không""","=""0""","=""0""","=""7""","=""Low""","=""false"""
"=""tpbank và novaland""","=""0""","=""0""","=""3""","=""Low""","=""false"""
"=""tpbank dak nong""","=""0""","=""0""","=""3""","=""Low""","=""false"""
"=""tpbank nam ha noi""","=""0""","=""0""","=""4""","=""Low""","=""false"""
"=""tpbank tay ha noi""","=""0""","=""0""","=""4""","=""Low""","=""false"""
"=""tpbank ntmk""","=""0""","=""0""","=""2""","=""Low""","=""false"""
"=""tpbank nuốt thẻ""","=""0""","=""0""","=""3""","=""Low""","=""false"""
"=""tpbank nuốt tiền""","=""0""","=""0""","=""3""","=""Low""","=""false"""
"=""tpbank routing number""","=""0""","=""0""","=""3""","=""Low""","=""false"""
"=""tpbank livebank nuốt tiền""","=""0""","=""0""","=""4""","=""Low""","=""false"""
"=""tpbank phone number""","=""0""","=""0""","=""3""","=""Low""","=""false"""
"=""tpbank office""","=""0""","=""0""","=""2""","=""Low""","=""false"""
"=""tpbank quốc oai""","=""0""","=""0""","=""3""","=""Low""","=""false"""
"=""tpbank thanh oai""","=""0""","=""0""","=""3""","=""Low""","=""false"""
"=""tpbank nguyễn oanh gò vấp""","=""0""","=""0""","=""5""","=""Low""","=""false"""
"=""tpbank nguyễn oanh thuộc chi nhánh nào""","=""0""","=""0""","=""7""","=""Low""","=""false"""
"=""tpbank pgd nguyễn oanh""","=""0""","=""0""","=""4""","=""Low""","=""false"""
"=""tpbank old quarter hanoi""","=""0""","=""0""","=""4""","=""Low""","=""false"""
"=""tpbank atm old quarter hanoi""","=""0""","=""0""","=""5""","=""Low""","=""false"""
"=""tpbank online đăng nhập""","=""0""","=""0""","=""4""","=""Low""","=""false"""
"=""tpbank online đăng nhập doanh nghiệp""","=""0""","=""0""","=""6""","=""Low""","=""false"""
"=""tpbank online có mất phí duy trì không""","=""0""","=""0""","=""8""","=""Low""","=""false"""
"=""tpbank online login""","=""0""","=""0""","=""3""","=""Low""","=""false"""
"=""tpbank or vpbank""","=""0""","=""0""","=""3""","=""Low""","=""false"""
"=""tpbank ors""","=""0""","=""0""","=""2""","=""Low""","=""false"""
"=""tpbank mua lại ors""","=""0""","=""0""","=""4""","=""Low""","=""false"""
"=""tpbank otp""","=""0""","=""0""","=""2""","=""Low""","=""false"""
"=""tpbank smart otp""","=""0""","=""0""","=""3""","=""Low""","=""false"""
"=""tpbank owner""","=""0""","=""0""","=""2""","=""Low""","=""false"""
"=""tpbank paypal""","=""0""","=""0""","=""2""","=""Low""","=""false"""
"=""tpbank pasteur""","=""0""","=""0""","=""2""","=""Low""","=""false"""
"=""tpbank pay""","=""0""","=""0""","=""2""","=""Low""","=""false"""
"=""tpbank paste to pay""","=""0""","=""0""","=""4""","=""Low""","=""false"""
"=""tpbank pc""","=""0""","=""0""","=""2""","=""Low""","=""false"""
"=""tpbank pdf""","=""0""","=""0""","=""2""","=""Low""","=""false"""
"=""tpbank pgd bình thạnh""","=""0""","=""0""","=""4""","=""Low""","=""false"""
"=""tpbank pgd gia định""","=""0""","=""0""","=""4""","=""Low""","=""false"""
"=""tpbank pgd đông đô""","=""0""","=""0""","=""4""","=""Low""","=""false"""
"=""tpbank pgd hà đông""","=""0""","=""0""","=""4""","=""Low""","=""false"""
"=""tpbank pgd đông sài gòn""","=""0""","=""0""","=""5""","=""Low""","=""false"""
"=""tpbank pgd nam từ liêm""","=""0""","=""0""","=""5""","=""Low""","=""false"""
"=""tpbank pgd mỹ đình""","=""0""","=""0""","=""4""","=""Low""","=""false"""
"=""tpbank pmh""","=""0""","=""0""","=""2""","=""Low""","=""false"""
"=""tpbank pnj""","=""0""","=""0""","=""2""","=""Low""","=""false"""
"=""tpbank và pnj""","=""0""","=""0""","=""3""","=""Low""","=""false"""
"=""tpbank pleiku""","=""0""","=""0""","=""2""","=""Low""","=""false"""
"=""tpbank platinum visa""","=""0""","=""0""","=""3""","=""Low""","=""false"""
"=""tpbank platinum fest""","=""0""","=""0""","=""3""","=""Low""","=""false"""
"=""tpbank visa platinum hoàn tiền""","=""0""","=""0""","=""5""","=""Low""","=""false"""
"=""tpbank visa platinum hạn mức""","=""0""","=""0""","=""5""","=""Low""","=""false"""
"=""tpbank premium""","=""0""","=""0""","=""2""","=""Low""","=""false"""
"=""tpbank priority điều kiện""","=""0""","=""0""","=""4""","=""Low""","=""false"""
"=""tpbank premier banking là gì""","=""0""","=""0""","=""5""","=""Low""","=""false"""
"=""tpbank premier app""","=""0""","=""0""","=""3""","=""Low""","=""false"""
"=""tpbank open banking""","=""0""","=""0""","=""3""","=""Low""","=""false"""
"=""tpbank open now""","=""0""","=""0""","=""3""","=""Low""","=""false"""
"=""tpbank atm open now""","=""0""","=""0""","=""4""","=""Low""","=""false"""
"=""tpbank near me open now""","=""0""","=""0""","=""5""","=""Low""","=""false"""
"=""tpbank poster""","=""0""","=""0""","=""2""","=""Low""","=""false"""
"=""tpbank máy pos""","=""0""","=""0""","=""3""","=""Low""","=""false"""
"=""tpbank qpay là gì""","=""0""","=""0""","=""4""","=""Low""","=""false"""
"=""tpbank qr""","=""0""","=""0""","=""2""","=""Low""","=""false"""
"=""tpbank qr vạn năng""","=""0""","=""0""","=""4""","=""Low""","=""false"""
"=""tpbank ql50""","=""0""","=""0""","=""2""","=""Low""","=""false"""
"=""tpbank ra đời năm nào""","=""0""","=""0""","=""5""","=""Low""","=""false"""
"=""tpbank rating""","=""0""","=""0""","=""2""","=""Low""","=""false"""
"=""tpbank rach gia""","=""0""","=""0""","=""3""","=""Low""","=""false"""
"=""tpbank rao bán""","=""0""","=""0""","=""3""","=""Low""","=""false"""
"=""tpbank rao bán hội sở""","=""0""","=""0""","=""5""","=""Low""","=""false"""
"=""tpbank review công ty""","=""0""","=""0""","=""4""","=""Low""","=""false"""
"=""tpbank reddit""","=""0""","=""0""","=""2""","=""Low""","=""false"""
"=""tpbank report""","=""0""","=""0""","=""2""","=""Low""","=""false"""
"=""tpbank rewards""","=""0""","=""0""","=""2""","=""Low""","=""false"""
"=""tpbank review voz""","=""0""","=""0""","=""3""","=""Low""","=""false"""
"=""tpbank revolut""","=""0""","=""0""","=""2""","=""Low""","=""false"""
"=""tpbank ripplenet""","=""0""","=""0""","=""2""","=""Low""","=""false"""
"=""tpbank dùng ripple""","=""0""","=""0""","=""3""","=""Low""","=""false"""
"=""tpbank ba ria""","=""0""","=""0""","=""3""","=""Low""","=""false"""
"=""tpbank sunrise riverside""","=""0""","=""0""","=""3""","=""Low""","=""false"""
"=""tpbank rut tien khong can the""","=""0""","=""0""","=""6""","=""Low""","=""false"""
"=""tpbank rut tien""","=""0""","=""0""","=""3""","=""Low""","=""false"""
"=""tpbank sbi""","=""0""","=""0""","=""2""","=""Low""","=""false"""
"=""tpbank sales app""","=""0""","=""0""","=""3""","=""Low""","=""false"""
"=""tpbank say hi""","=""0""","=""0""","=""3""","=""Low""","=""false"""
"=""tpbank sale app""","=""0""","=""0""","=""3""","=""Low""","=""false"""
"=""tpbank scandal""","=""0""","=""0""","=""2""","=""Low""","=""false"""
"=""tpbank data scientist""","=""0""","=""0""","=""3""","=""Low""","=""false"""
"=""tpbank sđt""","=""0""","=""0""","=""2""","=""Low""","=""false"""
"=""tpbank đổi sdt""","=""0""","=""0""","=""3""","=""Low""","=""false"""
"=""tpbank bắc sg""","=""0""","=""0""","=""3""","=""Low""","=""false"""
"=""tpbank root""","=""0""","=""0""","=""2""","=""Low""","=""false"""
"=""tpbank hết room""","=""0""","=""0""","=""3""","=""Low""","=""false"""
"=""tpbank hết room tín dụng""","=""0""","=""0""","=""5""","=""Low""","=""false"""
"=""tpbank securities tuyển dụng""","=""0""","=""0""","=""4""","=""Low""","=""false"""
"=""tpbank security""","=""0""","=""0""","=""2""","=""Low""","=""false"""
"=""tpbank shop""","=""0""","=""0""","=""2""","=""Low""","=""false"""
"=""tpbank shopeepay""","=""0""","=""0""","=""2""","=""Low""","=""false"""
"=""tpbank shareholder""","=""0""","=""0""","=""2""","=""Low""","=""false"""
"=""tpbank shopname""","=""0""","=""0""","=""2""","=""Low""","=""false"""
"=""tpbank và shopee""","=""0""","=""0""","=""3""","=""Low""","=""false"""
"=""tpbank evo shopee""","=""0""","=""0""","=""3""","=""Low""","=""false"""
"=""tpbank voucher shopee""","=""0""","=""0""","=""3""","=""Low""","=""false"""
"=""tpbank signature hoàn tiền""","=""0""","=""0""","=""4""","=""Low""","=""false"""
"=""tpbank sinh lời""","=""0""","=""0""","=""3""","=""Low""","=""false"""
"=""tpbank sinh nhật""","=""0""","=""0""","=""3""","=""Low""","=""false"""
"=""tpbank sig""","=""0""","=""0""","=""2""","=""Low""","=""false"""
"=""tpbank smart atm""","=""0""","=""0""","=""3""","=""Low""","=""false"""
"=""tpbank sme""","=""0""","=""0""","=""2""","=""Low""","=""false"""
"=""tpbank smartbank""","=""0""","=""0""","=""2""","=""Low""","=""false"""
"=""tpbank so dien thoai""","=""0""","=""0""","=""4""","=""Low""","=""false"""
"=""tpbank son tay""","=""0""","=""0""","=""3""","=""Low""","=""false"""
"=""tpbank số 1 nguyễn cảnh dị""","=""0""","=""0""","=""6""","=""Low""","=""false"""
"=""tpbank sổ tiết kiệm""","=""0""","=""0""","=""4""","=""Low""","=""false"""
"=""tpbank near saigon square""","=""0""","=""0""","=""4""","=""Low""","=""false"""
"=""tpbank starbucks""","=""0""","=""0""","=""2""","=""Low""","=""false"""
"=""tpbank stock price""","=""0""","=""0""","=""3""","=""Low""","=""false"""
"=""tpbank financial statement""","=""0""","=""0""","=""3""","=""Low""","=""false"""
"=""tpbank sun life""","=""0""","=""0""","=""3""","=""Low""","=""false"""
"=""tpbank sustainability report""","=""0""","=""0""","=""3""","=""Low""","=""false"""
"=""tpbank sư vạn hạnh""","=""0""","=""0""","=""4""","=""Low""","=""false"""
"=""tpbank sử dụng ripple""","=""0""","=""0""","=""4""","=""Low""","=""false"""
"=""tpbank sử dụng hệ thống chuyển tiền crypto""","=""0""","=""0""","=""8""","=""Low""","=""false"""
"=""tpbank sử dụng hệ thống chuyển tiền gì""","=""0""","=""0""","=""8""","=""Low""","=""false"""
"=""tpbank slide""","=""0""","=""0""","=""2""","=""Low""","=""false"""
"=""tpbank svg""","=""0""","=""0""","=""2""","=""Low""","=""false"""
"=""tpbank space""","=""0""","=""0""","=""2""","=""Low""","=""false"""
"=""tpbank evo tgdd""","=""0""","=""0""","=""3""","=""Low""","=""false"""
"=""tpbank tiếng anh là gì""","=""0""","=""0""","=""5""","=""Low""","=""false"""
"=""tpbank tinh hà""","=""0""","=""0""","=""3""","=""Low""","=""false"""
"=""tpbank ti gia""","=""0""","=""0""","=""3""","=""Low""","=""false"""
"=""tpbank ten day du""","=""0""","=""0""","=""4""","=""Low""","=""false"""
"=""tpbank techcombank""","=""0""","=""0""","=""2""","=""Low""","=""false"""
"=""tpbank terdekat""","=""0""","=""0""","=""2""","=""Low""","=""false"""
"=""tpbank và techcombank""","=""0""","=""0""","=""3""","=""Low""","=""false"""
"=""tpbank ngoai te""","=""0""","=""0""","=""3""","=""Low""","=""false"""
"=""tpbank tuyển tester""","=""0""","=""0""","=""3""","=""Low""","=""false"""
"=""tpbank to hien thanh""","=""0""","=""0""","=""4""","=""Low""","=""false"""
"=""tpbank topcv""","=""0""","=""0""","=""2""","=""Low""","=""false"""
"=""tpbank tower""","=""0""","=""0""","=""2""","=""Low""","=""false"""
"=""tpbank to hieu""","=""0""","=""0""","=""3""","=""Low""","=""false"""
"=""tpbank nh tmcp tien phong""","=""0""","=""0""","=""5""","=""Low""","=""false"""
"=""tpbank tuyển dụng marketing""","=""0""","=""0""","=""4""","=""Low""","=""false"""
"=""tpbank tuyển dụng hcm""","=""0""","=""0""","=""4""","=""Low""","=""false"""
"=""tpbank tan binh""","=""0""","=""0""","=""3""","=""Low""","=""false"""
"=""tpbank tay ho""","=""0""","=""0""","=""3""","=""Low""","=""false"""
"=""tpbank tay sai gon""","=""0""","=""0""","=""4""","=""Low""","=""false"""
"=""tpbank tang 100k""","=""0""","=""0""","=""3""","=""Low""","=""false"""
"=""tpbank talent""","=""0""","=""0""","=""2""","=""Low""","=""false"""
"=""tpbank tam điệp""","=""0""","=""0""","=""3""","=""Low""","=""false"""
"=""tpbank ty gia usd""","=""0""","=""0""","=""4""","=""Low""","=""false"""
"=""tpbank ty gia aud""","=""0""","=""0""","=""4""","=""Low""","=""false"""
"=""tpbank tỷ giá đô""","=""0""","=""0""","=""4""","=""Low""","=""false"""
"=""tpbank tỷ giá vàng""","=""0""","=""0""","=""4""","=""Low""","=""false"""
"=""tpbank tỷ giá hôm nay""","=""0""","=""0""","=""5""","=""Low""","=""false"""
"=""tpbank tỷ giá cad""","=""0""","=""0""","=""4""","=""Low""","=""false"""
"=""tpbank tỷ giá yên""","=""0""","=""0""","=""4""","=""Low""","=""false"""
"=""tpbank tỷ lệ an toàn vốn""","=""0""","=""0""","=""6""","=""Low""","=""false"""
"=""tpbank mở tk online""","=""0""","=""0""","=""4""","=""Low""","=""false"""
"=""tpbank jcb ultimate""","=""0""","=""0""","=""3""","=""Low""","=""false"""
"=""tpbank unionpay""","=""0""","=""0""","=""2""","=""Low""","=""false"""
"=""tpbank ung văn khiêm""","=""0""","=""0""","=""4""","=""Low""","=""false"""
"=""tpbank uniqlo""","=""0""","=""0""","=""2""","=""Low""","=""false"""
"=""tpbank western union""","=""0""","=""0""","=""3""","=""Low""","=""false"""
"=""tpbank jcb uniqlo""","=""0""","=""0""","=""3""","=""Low""","=""false"""
"=""tpbank có western union không""","=""0""","=""0""","=""5""","=""Low""","=""false"""
"=""tpbank usd to vnd""","=""0""","=""0""","=""4""","=""Low""","=""false"""
"=""tpbank usd""","=""0""","=""0""","=""2""","=""Low""","=""false"""
"=""tpbank giá usd""","=""0""","=""0""","=""3""","=""Low""","=""false"""
"=""tpbank tài khoản usd""","=""0""","=""0""","=""4""","=""Low""","=""false"""
"=""tpbank uu dai""","=""0""","=""0""","=""3""","=""Low""","=""false"""
"=""tpbank ưu tiên""","=""0""","=""0""","=""3""","=""Low""","=""false"""
"=""tpbank uong bi""","=""0""","=""0""","=""3""","=""Low""","=""false"""
"=""tpbank uy tín không""","=""0""","=""0""","=""4""","=""Low""","=""false"""
"=""tpbank vay mua ô tô""","=""0""","=""0""","=""5""","=""Low""","=""false"""
"=""tpbank vf3""","=""0""","=""0""","=""2""","=""Low""","=""false"""
"=""tpbank về bộ công an""","=""0""","=""0""","=""5""","=""Low""","=""false"""
"=""tpbank vé máy bay""","=""0""","=""0""","=""4""","=""Low""","=""false"""
"=""tpbank vnr500""","=""0""","=""0""","=""2""","=""Low""","=""false"""
"=""tpbank vnexpress""","=""0""","=""0""","=""2""","=""Low""","=""false"""
"=""tpbank vna""","=""0""","=""0""","=""2""","=""Low""","=""false"""
"=""tpbank vote""","=""0""","=""0""","=""2""","=""Low""","=""false"""
"=""tpbank voicepay""","=""0""","=""0""","=""2""","=""Low""","=""false"""
"=""tpbank vo""","=""0""","=""0""","=""2""","=""Low""","=""false"""
"=""tpbank vo van tan""","=""0""","=""0""","=""4""","=""Low""","=""false"""
"=""tpbank võ nguyên giáp hải phòng""","=""0""","=""0""","=""6""","=""Low""","=""false"""
"=""tpbank vũ trọng phụng""","=""0""","=""0""","=""4""","=""Low""","=""false"""
"=""tpbank vũ phạm hàm""","=""0""","=""0""","=""4""","=""Low""","=""false"""
"=""tpbank google wallet""","=""0""","=""0""","=""3""","=""Low""","=""false"""
"=""tpbank vpbank""","=""0""","=""0""","=""2""","=""Low""","=""false"""
"=""tpbank wise""","=""0""","=""0""","=""2""","=""Low""","=""false"""
"=""tpbank withdrawal""","=""0""","=""0""","=""2""","=""Low""","=""false"""
"=""tpbank withdrawal fees""","=""0""","=""0""","=""3""","=""Low""","=""false"""
"=""tpbank wise card""","=""0""","=""0""","=""3""","=""Low""","=""false"""
"=""tpbank webhook""","=""0""","=""0""","=""2""","=""Low""","=""false"""
"=""tpbank log web""","=""0""","=""0""","=""3""","=""Low""","=""false"""
"=""tpbank xa la""","=""0""","=""0""","=""3""","=""Low""","=""false"""
"=""tpbank xala hà đông""","=""0""","=""0""","=""4""","=""Low""","=""false"""
"=""tpbank xamvn""","=""0""","=""0""","=""2""","=""Low""","=""false"""
"=""tpbank xã đàn""","=""0""","=""0""","=""3""","=""Low""","=""false"""
"=""tpbank hàng xanh""","=""0""","=""0""","=""3""","=""Low""","=""false"""
"=""tpbank tín dụng xanh""","=""0""","=""0""","=""4""","=""Low""","=""false"""
"=""tpbank an sinh xa hoi""","=""0""","=""0""","=""5""","=""Low""","=""false"""
"=""tpbank vay mua xe vinfast""","=""0""","=""0""","=""5""","=""Low""","=""false"""
"=""tpbank đặt vé xem phim""","=""0""","=""0""","=""5""","=""Low""","=""false"""
"=""tpbank vay mua xe cũ""","=""0""","=""0""","=""5""","=""Low""","=""false"""
"=""tpbank world mastercard hoàn tiền""","=""0""","=""0""","=""5""","=""Low""","=""false"""
"=""tpbank world master""","=""0""","=""0""","=""3""","=""Low""","=""false"""
"=""tpbank word""","=""0""","=""0""","=""2""","=""Low""","=""false"""
"=""tpbank working hours""","=""0""","=""0""","=""3""","=""Low""","=""false"""
"=""tpbank world mastercard phí thường niên""","=""0""","=""0""","=""6""","=""Low""","=""false"""
"=""tpbank nguyễn xiển""","=""0""","=""0""","=""3""","=""Low""","=""false"""
"=""tpbank xoá tài khoản""","=""0""","=""0""","=""4""","=""Low""","=""false"""
"=""tpbank xoá lịch sử giao dịch""","=""0""","=""0""","=""6""","=""Low""","=""false"""
"=""tpbank xrp""","=""0""","=""0""","=""2""","=""Low""","=""false"""
"=""tpbank dùng xrp""","=""0""","=""0""","=""3""","=""Low""","=""false"""
"=""tpbank xuyên mộc""","=""0""","=""0""","=""3""","=""Low""","=""false"""
"=""tpbank yersin""","=""0""","=""0""","=""2""","=""Low""","=""false"""
"=""tpbank hung yen""","=""0""","=""0""","=""3""","=""Low""","=""false"""
"=""tpbank phu yen""","=""0""","=""0""","=""3""","=""Low""","=""false"""
"=""tpbank youtube""","=""0""","=""0""","=""2""","=""Low""","=""false"""
"=""tpbank zalopay""","=""0""","=""0""","=""2""","=""Low""","=""false"""
"=""tpbank trên zalo""","=""0""","=""0""","=""3""","=""Low""","=""false"""
"=""tpbank hỗ trợ zalo""","=""0""","=""0""","=""4""","=""Low""","=""false"""
"=""tpbank zip""","=""0""","=""0""","=""2""","=""Low""","=""false"""
"=""tpbank zip code""","=""0""","=""0""","=""3""","=""Low""","=""false"""
"=""tpbank rút tiền thẻ tín dụng""","=""0""","=""0""","=""6""","=""Low""","=""false"""
"=""tpbank rút 1 lần bao nhiêu tiền""","=""0""","=""0""","=""7""","=""Low""","=""false"""
"=""tpbank uông bí quảng ninh""","=""0""","=""0""","=""5""","=""Low""","=""false"""
"=""tpbank xếp hạng""","=""0""","=""0""","=""3""","=""Low""","=""false"""
"=""tpbank yên xá""","=""0""","=""0""","=""3""","=""Low""","=""false"""
"=""tpbank yên phong""","=""0""","=""0""","=""3""","=""Low""","=""false"""
"=""tpbank yêu cầu bao nhiêu tuổi""","=""0""","=""0""","=""6""","=""Low""","=""false"""
"=""tpbank yên phụ""","=""0""","=""0""","=""3""","=""Low""","=""false"""
"=""tpbank yên lạc""","=""0""","=""0""","=""3""","=""Low""","=""false"""
"=""tpbank 194 lê trọng tấn""","=""0""","=""0""","=""5""","=""Low""","=""false"""
"=""tpbank 1 tháng trừ bao nhiêu tiền""","=""0""","=""0""","=""7""","=""Low""","=""false"""
"=""tpbank 126 nguyễn trãi""","=""0""","=""0""","=""4""","=""Low""","=""false"""
"=""tpbank 16 tuổi mở được không""","=""0""","=""0""","=""6""","=""Low""","=""false"""
"=""tpbank 15 tuổi mở được không""","=""0""","=""0""","=""6""","=""Low""","=""false"""
"=""tpbank 1 ngày chuyển được bao nhiêu tiền""","=""0""","=""0""","=""8""","=""Low""","=""false"""
"=""tpbank 320 lê văn sỹ""","=""0""","=""0""","=""5""","=""Low""","=""false"""
"=""tpbank 30 4 cần thơ""","=""0""","=""0""","=""5""","=""Low""","=""false"""
"=""tpbank 3 2""","=""0""","=""0""","=""3""","=""Low""","=""false"""
"=""tpbank 349 minh khai""","=""0""","=""0""","=""4""","=""Low""","=""false"""
"=""tpbank 30 4""","=""0""","=""0""","=""3""","=""Low""","=""false"""
"=""tpbank 329 minh khai""","=""0""","=""0""","=""4""","=""Low""","=""false"""
"=""tpbank 32 hậu giang""","=""0""","=""0""","=""4""","=""Low""","=""false"""
"=""tpbank 38 đinh tiên hoàng""","=""0""","=""0""","=""5""","=""Low""","=""false"""
"=""tpbank 535 kim mã""","=""0""","=""0""","=""4""","=""Low""","=""false"""
"=""tpbank 57 lý thường kiệt hoàn kiếm hà nội""","=""0""","=""0""","=""9""","=""Low""","=""false"""
"=""tpbank 57 lý thường kiệt hà nội""","=""0""","=""0""","=""7""","=""Low""","=""false"""
"=""tpbank digital 5 là gì""","=""0""","=""0""","=""5""","=""Low""","=""false"""
"=""tpbank 73 cộng hoà""","=""0""","=""0""","=""4""","=""Low""","=""false"""
"=""tpbank 778 nguyễn đình chiểu""","=""0""","=""0""","=""5""","=""Low""","=""false"""
"=""tpbank 81 hàm nghi""","=""0""","=""0""","=""4""","=""Low""","=""false"""
"=""tpbank digital 8 là chi nhánh nào""","=""0""","=""0""","=""7""","=""Low""","=""false"""
"=""tpbank landmark 81""","=""0""","=""0""","=""3""","=""Low""","=""false"""
"=""tpbank 210 hoàng quốc việt""","=""0""","=""0""","=""5""","=""Low""","=""false"""
"=""tpbank 221 bạch đằng""","=""0""","=""0""","=""4""","=""Low""","=""false"""
"=""tpbank 2025""","=""0""","=""0""","=""2""","=""Low""","=""false"""
"=""tpbank 960 nguyễn văn linh""","=""0""","=""0""","=""5""","=""Low""","=""false"""
"=""tpbank 95 bạch mai""","=""0""","=""0""","=""4""","=""Low""","=""false"""
"=""tpbank 93 bạch mai""","=""0""","=""0""","=""4""","=""Low""","=""false"""
"=""tpbank 93 95 bạch mai""","=""0""","=""0""","=""5""","=""Low""","=""false"""
"=""tpbank digital 9""","=""0""","=""0""","=""3""","=""Low""","=""false"""
"=""tpbank 40 hàng da""","=""0""","=""0""","=""4""","=""Low""","=""false"""
"=""tpbank 456a nguyễn thị minh khai""","=""0""","=""0""","=""6""","=""Low""","=""false"""
"=""tpbank 460 nguyễn hữu thọ""","=""0""","=""0""","=""5""","=""Low""","=""false"""
"=""tpbank 445 lý thường kiệt""","=""0""","=""0""","=""5""","=""Low""","=""false"""
"=""tpbank khi nào làm việc""","=""0""","=""0""","=""5""","=""Low""","=""false"""
"=""tpbank khi nào mở cửa""","=""0""","=""0""","=""5""","=""Low""","=""false"""
"=""tpbank chi nhánh nào""","=""0""","=""0""","=""4""","=""Low""","=""false"""
"=""tpbank của nước nào""","=""0""","=""0""","=""4""","=""Low""","=""false"""
"=""tpbank bao nhiêu chi nhánh""","=""0""","=""0""","=""5""","=""Low""","=""false"""
"=""tpbank evo bao nhiêu tuổi""","=""0""","=""0""","=""5""","=""Low""","=""false"""
"=""tpbank có bao nhiêu chi nhánh và phòng giao dịch""","=""0""","=""0""","=""10""","=""Low""","=""false"""
"=""tpbank có bao nhiêu khách hàng""","=""0""","=""0""","=""6""","=""Low""","=""false"""
"=""tpbank của doji""","=""0""","=""0""","=""3""","=""Low""","=""false"""
"=""tpbank mở của máy giờ""","=""0""","=""0""","=""5""","=""Low""","=""false"""
"=""tpbank 62 lương định của""","=""0""","=""0""","=""5""","=""Low""","=""false"""
"=""tpbank 69 tố hữu hà đông""","=""0""","=""0""","=""6""","=""Low""","=""false"""
"=""tpbank thuộc sở hữu của ai""","=""0""","=""0""","=""6""","=""Low""","=""false"""
"=""tpbank phạm hùng thuộc chi nhánh nào""","=""0""","=""0""","=""7""","=""Low""","=""false"""
"=""tpbank chiến thắng thuộc chi nhánh nào""","=""0""","=""0""","=""7""","=""Low""","=""false"""
"=""tpbank trong vòng 1 6 km""","=""0""","=""0""","=""6""","=""Low""","=""false"""
"=""tpbank có chứng chỉ tiền gửi không""","=""0""","=""0""","=""7""","=""Low""","=""false"""
"=""tpbank không thông báo biến động số dư""","=""0""","=""0""","=""8""","=""Low""","=""false"""
"=""tpbank không gửi mã otp""","=""0""","=""0""","=""5""","=""Low""","=""false"""
"=""tpbank không vào được""","=""0""","=""0""","=""4""","=""Low""","=""false"""
"=""tpbank từ sơn bắc ninh""","=""0""","=""0""","=""5""","=""Low""","=""false"""
"=""tpbank từ bao nhiêu tuổi""","=""0""","=""0""","=""5""","=""Low""","=""false"""
"=""tpbank từ liêm""","=""0""","=""0""","=""3""","=""Low""","=""false"""
"=""tpbank bắc từ liêm hà nội""","=""0""","=""0""","=""6""","=""Low""","=""false"""
"=""tpbank nam từ liêm hà nội""","=""0""","=""0""","=""6""","=""Low""","=""false"""
"=""tpbank có dành cho người dưới 18 tuổi không""","=""0""","=""0""","=""9""","=""Low""","=""false"""
"=""tpbank làm việc đến thứ mấy""","=""0""","=""0""","=""6""","=""Low""","=""false"""
"=""tpbank làm việc thứ mấy""","=""0""","=""0""","=""5""","=""Low""","=""false"""
"=""tpbank làm thứ 7 không""","=""0""","=""0""","=""5""","=""Low""","=""false"""
"=""tpbank làm sàn vàng""","=""0""","=""0""","=""4""","=""Low""","=""false"""
"=""tpbank gần""","=""0""","=""0""","=""2""","=""Low""","=""false"""
"=""tpbank bạn không có tài khoản phù hợp""","=""0""","=""0""","=""8""","=""Low""","=""false"""
"=""tpbank quý khách không có tài khoản phù hợp""","=""0""","=""0""","=""9""","=""Low""","=""false"""
"=""ngân hàng tpbank""","=""18100""","=""0.43""","=""3""","=""Low""","=""false"""
"=""ngân hang tpbank""","=""18100""","=""0.43""","=""3""","=""Low""","=""false"""
"=""app tpbank""","=""8100""","=""0.82""","=""2""","=""Low""","=""false"""
"=""tổng đài tpbank""","=""5400""","=""0.29""","=""3""","=""Low""","=""false"""
"=""tong đai tpbank""","=""5400""","=""0.29""","=""3""","=""Low""","=""false"""
"=""thẻ tín dụng tpbank""","=""2900""","=""1.1""","=""4""","=""Medium""","=""false"""
"=""hotline tpbank""","=""1900""","=""0.38""","=""2""","=""Low""","=""false"""
"=""livebank tpbank""","=""1900""","=""0.99""","=""2""","=""Low""","=""true"""
"=""mở thẻ tín dụng tpbank""","=""1600""","=""1.43""","=""5""","=""High""","=""false"""
"=""tổng đài tpbank 24 7""","=""1600""","=""0.14""","=""5""","=""Low""","=""false"""
"=""vay tpbank""","=""1300""","=""0.81""","=""2""","=""Medium""","=""true"""
"=""thẻ tpbank""","=""880""","=""1.37""","=""2""","=""Low""","=""false"""
"=""số tổng đài tpbank""","=""720""","=""0""","=""4""","=""Low""","=""false"""
"=""vay tpbank online""","=""590""","=""0.91""","=""3""","=""Medium""","=""false"""
"=""vay tín chấp tpbank""","=""480""","=""0.92""","=""4""","=""Medium""","=""false"""
"=""mở tài khoản tpbank online""","=""480""","=""0.82""","=""5""","=""Medium""","=""false"""
"=""tổng đài ngân hàng tpbank""","=""480""","=""0""","=""5""","=""Low""","=""false"""
"=""tài khoản tpbank""","=""480""","=""0""","=""3""","=""Low""","=""false"""
"=""vay tin chap tpbank""","=""480""","=""0.92""","=""4""","=""Medium""","=""false"""
"=""vay tiền mặt nhanh trên app tpbank""","=""480""","=""1.35""","=""7""","=""Medium""","=""false"""
"=""thẻ visa tpbank""","=""390""","=""1.05""","=""3""","=""Low""","=""false"""
"=""mở thẻ tpbank online""","=""320""","=""1.65""","=""4""","=""Medium""","=""false"""
"=""mở thẻ tpbank""","=""320""","=""1.63""","=""3""","=""Medium""","=""false"""
"=""ngan hang tpbank""","=""260""","=""0.26""","=""3""","=""Low""","=""false"""
"=""số tổng đài ngân hàng tpbank""","=""260""","=""0""","=""6""","=""Low""","=""false"""
"=""vay nhanh tpbank""","=""260""","=""0""","=""3""","=""Low""","=""false"""
"=""số hotline tpbank""","=""260""","=""0""","=""3""","=""Low""","=""false"""
"=""số tài khoản tpbank""","=""260""","=""0""","=""4""","=""Low""","=""false"""
"=""vay tiền tpbank""","=""210""","=""0.79""","=""3""","=""Medium""","=""false"""
"=""quy trình thẩm định vay tín chấp tpbank""","=""210""","=""0.86""","=""8""","=""Low""","=""false"""
"=""số điện thoại ngân hàng tpbank""","=""210""","=""0""","=""6""","=""Low""","=""false"""
"=""vay vốn tpbank""","=""210""","=""0.7""","=""3""","=""Low""","=""false"""
"=""thời gian làm việc tpbank""","=""210""","=""0""","=""5""","=""Low""","=""false"""
"=""vay von tpbank""","=""210""","=""0.7""","=""3""","=""Low""","=""false"""
"=""vay tpbank trên zalo có an toàn không""","=""210""","=""1""","=""8""","=""Low""","=""true"""
"=""đăng ký vay tpbank""","=""170""","=""1.01""","=""4""","=""Medium""","=""false"""
"=""số điện thoại tpbank""","=""170""","=""0""","=""4""","=""Low""","=""false"""
"=""tổng đài tpbank the tín dụng""","=""170""","=""0.47""","=""6""","=""Low""","=""false"""
"=""mã swift tpbank là gì""","=""170""","=""0.02""","=""5""","=""Low""","=""false"""
"=""đăng ký thẻ tín dụng tpbank""","=""140""","=""1.56""","=""6""","=""High""","=""false"""
"=""mở the tín dụng tpbank online""","=""140""","=""1.11""","=""6""","=""High""","=""false"""
"=""mở tk tpbank online""","=""140""","=""0.74""","=""4""","=""Medium""","=""false"""
"=""mở tài khoản tpbank online nhận tiền""","=""140""","=""0.75""","=""7""","=""Low""","=""false"""
"=""cách mở thẻ tín dụng tpbank""","=""140""","=""0.96""","=""6""","=""Medium""","=""false"""
"=""vay tiền mặt nhanh tpbank""","=""140""","=""1.04""","=""5""","=""Medium""","=""false"""
"=""số ngân hàng tpbank""","=""140""","=""0""","=""4""","=""Low""","=""true"""
"=""pgd tpbank""","=""140""","=""0""","=""2""","=""Low""","=""false"""
"=""thẻ jcb tpbank""","=""140""","=""0""","=""3""","=""Low""","=""false"""
"=""thẻ ngân hàng tpbank""","=""140""","=""0.49""","=""4""","=""Low""","=""false"""
"=""visa debit mplus tpbank""","=""140""","=""1.05""","=""4""","=""Low""","=""false"""
"=""etoken tpbank là gì""","=""140""","=""0""","=""4""","=""Low""","=""false"""
"=""làm thẻ tín dụng tpbank""","=""110""","=""1.44""","=""5""","=""High""","=""false"""
"=""tín dụng tpbank""","=""110""","=""1.05""","=""3""","=""Medium""","=""false"""
"=""điều kiện mở thẻ tín dụng tpbank""","=""110""","=""0.74""","=""7""","=""Medium""","=""false"""
"=""vay sinh viên tpbank""","=""110""","=""1.05""","=""4""","=""Low""","=""false"""
"=""vay ngân hàng tpbank""","=""110""","=""0.72""","=""4""","=""Medium""","=""true"""
"=""số điện thoại tổng đài tpbank""","=""110""","=""0""","=""6""","=""Low""","=""false"""
"=""vay online tpbank""","=""110""","=""0.79""","=""3""","=""High""","=""false"""
"=""thẻ visa debit tpbank""","=""110""","=""0.55""","=""4""","=""Low""","=""true"""
"=""hotline ngân hàng tpbank""","=""110""","=""0""","=""4""","=""Low""","=""false"""
"=""hotline tpbank 24 7""","=""110""","=""0""","=""4""","=""Low""","=""false"""
"=""nguyễn hưng tpbank""","=""110""","=""0""","=""3""","=""Low""","=""false"""
"=""ngân hàng tmcp tiên phong tpbank""","=""110""","=""0""","=""6""","=""Low""","=""false"""
"=""quickpay tpbank""","=""110""","=""0""","=""2""","=""Low""","=""true"""
"=""thẻ mastercard tpbank""","=""110""","=""0.57""","=""3""","=""Low""","=""false"""
"=""mở thẻ tín dụng tpbank online""","=""90""","=""1.8""","=""6""","=""Medium""","=""false"""
"=""the tin dung tpbank""","=""90""","=""0""","=""4""","=""Low""","=""false"""
"=""đăng ký tài khoản tpbank online""","=""90""","=""0.92""","=""6""","=""Medium""","=""false"""
"=""làm thẻ tpbank online""","=""90""","=""1.7""","=""4""","=""Medium""","=""false"""
"=""visa tpbank""","=""90""","=""1.12""","=""2""","=""Low""","=""false"""
"=""cách vay tpbank""","=""90""","=""0.77""","=""3""","=""Medium""","=""false"""
"=""issuer fee tpbank""","=""90""","=""0""","=""3""","=""Low""","=""true"""
"=""thẻ signature tpbank""","=""90""","=""0""","=""3""","=""Low""","=""false"""
"=""cvv tpbank""","=""90""","=""0""","=""2""","=""Low""","=""true"""
"=""crs tpbank""","=""90""","=""0""","=""2""","=""Low""","=""false"""
"=""vay tpbank trên zalo""","=""90""","=""1.2""","=""4""","=""Low""","=""false"""
"=""mở thẻ visa tpbank""","=""70""","=""1.28""","=""4""","=""Medium""","=""false"""
"=""đăng ký tpbank online""","=""70""","=""0.95""","=""4""","=""Medium""","=""false"""
"=""mở tài khoản ngân hàng tpbank online""","=""70""","=""0.72""","=""7""","=""Medium""","=""false"""
"=""mở tài khoản tpbank""","=""70""","=""0.8""","=""4""","=""Medium""","=""false"""
"=""vay tín dụng tpbank""","=""70""","=""0.71""","=""4""","=""Medium""","=""false"""
"=""mở thẻ ngân hàng tpbank online""","=""70""","=""1.04""","=""6""","=""Medium""","=""false"""
"=""mở thẻ visa tpbank online""","=""70""","=""1.5""","=""5""","=""Medium""","=""false"""
"=""khoản vay tpbank""","=""70""","=""0.46""","=""3""","=""Low""","=""false"""
"=""hỗ trợ tpbank""","=""70""","=""0""","=""3""","=""Low""","=""false"""
"=""app tpbank mobile""","=""70""","=""0.58""","=""3""","=""Low""","=""false"""
"=""cdm tpbank""","=""70""","=""0""","=""2""","=""Low""","=""false"""
"=""cách sử dụng thẻ tín dụng tpbank""","=""70""","=""0""","=""7""","=""Low""","=""false"""
"=""hạn mức thẻ tín dụng tpbank""","=""70""","=""0.69""","=""6""","=""Low""","=""false"""
"=""jcb tpbank""","=""70""","=""0""","=""2""","=""Low""","=""false"""
"=""ngân hàng số tpbank""","=""70""","=""1.15""","=""4""","=""Low""","=""false"""
"=""swift tpbank""","=""70""","=""0""","=""2""","=""Low""","=""false"""
"=""số hotline ngân hàng tpbank""","=""70""","=""0""","=""5""","=""Low""","=""false"""
"=""số tpbank""","=""70""","=""0""","=""2""","=""Low""","=""false"""
"=""thẻ tpbank visa""","=""70""","=""0.96""","=""3""","=""Low""","=""false"""
"=""thẻ visa debit mplus tpbank""","=""70""","=""0""","=""5""","=""Low""","=""false"""
"=""vàng tpbank""","=""70""","=""0""","=""2""","=""Low""","=""true"""
"=""ứng dụng tpbank""","=""70""","=""0""","=""3""","=""Low""","=""false"""
"=""logo tpbank png""","=""70""","=""0""","=""3""","=""Low""","=""false"""
"=""the tín dụng tpbank""","=""50""","=""0.72""","=""4""","=""Medium""","=""false"""
"=""đăng ký tpbank""","=""50""","=""0.97""","=""3""","=""Medium""","=""false"""
"=""đăng ký thẻ tín dụng tpbank online""","=""50""","=""1.52""","=""7""","=""High""","=""true"""
"=""tiền mặt nhanh tpbank""","=""50""","=""0.8""","=""4""","=""Medium""","=""false"""
"=""mở tài khoản online tpbank""","=""50""","=""0.87""","=""5""","=""Medium""","=""false"""
"=""cách mở tài khoản tpbank online""","=""50""","=""0.61""","=""6""","=""Low""","=""false"""
"=""vay tín chấp ngân hàng tpbank""","=""50""","=""0.66""","=""6""","=""Medium""","=""false"""
"=""mở thẻ tín dụng online tpbank""","=""50""","=""1.29""","=""6""","=""High""","=""false"""
"=""thẻ tín dụng của tpbank""","=""50""","=""0.88""","=""5""","=""Medium""","=""false"""
"=""vay tiền mặt tpbank""","=""50""","=""0.99""","=""4""","=""Medium""","=""false"""
"=""tổng đài hỗ trợ tpbank""","=""50""","=""0""","=""5""","=""Low""","=""false"""
"=""số điện thoại tổng đài ngân hàng tpbank""","=""50""","=""0""","=""8""","=""Low""","=""true"""
"=""eiso tpbank""","=""50""","=""0""","=""2""","=""Low""","=""false"""
"=""ihrp tpbank""","=""50""","=""0""","=""2""","=""Low""","=""false"""
"=""mastercard tpbank""","=""50""","=""0.71""","=""2""","=""Low""","=""false"""
"=""ngân hàng tiên phong tpbank""","=""50""","=""0""","=""5""","=""Low""","=""false"""
"=""ngân hàng tpbank hotline""","=""50""","=""0""","=""4""","=""Low""","=""false"""
"=""nhân viên tpbank""","=""50""","=""0""","=""3""","=""Low""","=""true"""
"=""thẻ napas tpbank""","=""50""","=""0""","=""3""","=""Low""","=""false"""
"=""thẻ tpbank signature""","=""50""","=""0""","=""3""","=""Low""","=""false"""
"=""thẻ tín dụng tpbank visa platinum""","=""50""","=""0.47""","=""6""","=""Low""","=""false"""
"=""thời gian làm việc của ngân hàng tpbank""","=""50""","=""0""","=""8""","=""Low""","=""false"""
"=""tổng đài thẻ tín dụng tpbank""","=""50""","=""0""","=""6""","=""Low""","=""false"""
"=""visa signature tpbank""","=""50""","=""0""","=""3""","=""Low""","=""true"""
"=""web tpbank""","=""50""","=""0.82""","=""2""","=""Low""","=""true"""
"=""ưu đãi thẻ tín dụng tpbank""","=""50""","=""0.64""","=""6""","=""Low""","=""false"""
"=""số cskh tpbank""","=""50""","=""0""","=""3""","=""Low""","=""false"""
"=""swift code tpbank hcm""","=""50""","=""0""","=""4""","=""Low""","=""false"""
"=""hội sở tpbank hcm""","=""50""","=""0""","=""4""","=""Low""","=""false"""
"=""dang ky tpbank""","=""50""","=""0.97""","=""3""","=""Medium""","=""false"""
"=""vay tpbank trên zalo có thẩm định không""","=""50""","=""0""","=""8""","=""Low""","=""true"""
"=""vay vốn tín chấp tpbank""","=""40""","=""0.81""","=""5""","=""Medium""","=""false"""
"=""mở the tín dụng tpbank""","=""40""","=""0.99""","=""5""","=""High""","=""false"""
"=""đăng ký tài khoản tpbank""","=""40""","=""0.92""","=""5""","=""Medium""","=""false"""
"=""vay tpbank qua momo""","=""40""","=""1.33""","=""4""","=""Medium""","=""false"""
"=""tài khoản số đẹp tpbank""","=""40""","=""0""","=""5""","=""Low""","=""true"""
"=""đăng ký thẻ tpbank online""","=""40""","=""1.2""","=""5""","=""Medium""","=""false"""
"=""thẻ tín dụng jcb tpbank""","=""40""","=""0.75""","=""5""","=""Low""","=""false"""
"=""vay thế chấp tpbank""","=""40""","=""0.43""","=""4""","=""Low""","=""false"""
"=""crm tpbank""","=""40""","=""0""","=""2""","=""Low""","=""true"""
"=""cách nhận thẻ tpbank tại nhà""","=""40""","=""0""","=""6""","=""Low""","=""false"""
"=""cách vay tiền tpbank""","=""40""","=""0.75""","=""4""","=""Medium""","=""false"""
"=""hợp đồng vay tiền tpbank""","=""40""","=""0""","=""5""","=""Low""","=""false"""
"=""liên hệ tpbank""","=""40""","=""0""","=""3""","=""Low""","=""false"""
"=""mail tpbank""","=""40""","=""0""","=""2""","=""Low""","=""false"""
"=""sinh nhật tpbank""","=""40""","=""0""","=""3""","=""Low""","=""false"""
"=""số hotline của tpbank""","=""40""","=""0""","=""4""","=""Low""","=""false"""
"=""số điện thoại của ngân hàng tpbank""","=""40""","=""0""","=""7""","=""Low""","=""true"""
"=""thẻ debit tpbank""","=""40""","=""0""","=""3""","=""Low""","=""false"""
"=""thẻ platinum tpbank""","=""40""","=""0""","=""3""","=""Low""","=""false"""
"=""thẻ tpbank visa signature""","=""40""","=""0""","=""4""","=""Low""","=""false"""
"=""thẻ visa signature tpbank""","=""40""","=""0""","=""4""","=""Low""","=""true"""
"=""tài tpbank""","=""40""","=""0.56""","=""2""","=""Low""","=""false"""
"=""tổng đài của tpbank""","=""40""","=""0""","=""4""","=""Low""","=""false"""
"=""visa debit cashfree tpbank""","=""40""","=""0""","=""4""","=""Low""","=""false"""
"=""visa debit tpbank""","=""40""","=""0""","=""3""","=""Low""","=""false"""
"=""địa chỉ tpbank""","=""40""","=""0""","=""3""","=""Low""","=""false"""
"=""mã cvv tpbank""","=""40""","=""0""","=""3""","=""Low""","=""false"""
"=""ls tpbank""","=""40""","=""0""","=""2""","=""Low""","=""false"""
"=""ebank tpbank là gì""","=""40""","=""0""","=""4""","=""Low""","=""false"""
"=""vay tpbank zalo""","=""40""","=""0.91""","=""3""","=""Medium""","=""true"""
"=""đăng ký thẻ tpbank""","=""30""","=""1.66""","=""4""","=""Medium""","=""false"""
"=""làm thẻ visa tpbank""","=""30""","=""1.46""","=""4""","=""Medium""","=""true"""
"=""làm thẻ tpbank""","=""30""","=""1.14""","=""3""","=""Medium""","=""false"""
"=""cách làm thẻ tín dụng tpbank""","=""30""","=""0.98""","=""6""","=""High""","=""false"""
"=""vay tiền ngân hàng tpbank""","=""30""","=""0.91""","=""5""","=""Medium""","=""false"""
"=""mở tk tpbank""","=""30""","=""0.72""","=""3""","=""Medium""","=""false"""
"=""làm thẻ ngân hàng tpbank online""","=""30""","=""0.86""","=""6""","=""Medium""","=""false"""
"=""mở tín dụng tpbank""","=""30""","=""1.11""","=""4""","=""High""","=""true"""
"=""mở thẻ ngân hàng tpbank""","=""30""","=""0.95""","=""5""","=""Medium""","=""false"""
"=""mở thẻ online tpbank""","=""30""","=""1.5""","=""4""","=""Medium""","=""false"""
"=""vay tiền online tpbank""","=""30""","=""0.58""","=""4""","=""Medium""","=""false"""
"=""mở tài khoản ngân hàng tpbank""","=""30""","=""0.66""","=""6""","=""Medium""","=""false"""
"=""cách mở thẻ tpbank online""","=""30""","=""0.93""","=""5""","=""Medium""","=""true"""
"=""mở tk online tpbank""","=""30""","=""0.9""","=""4""","=""Medium""","=""false"""
"=""vay sinh viên tpbank online""","=""30""","=""0.82""","=""5""","=""Low""","=""false"""
"=""thẻ tín dụng tpbank online""","=""30""","=""1.27""","=""5""","=""High""","=""false"""
"=""đăng ký vay tín chấp tpbank""","=""30""","=""0.9""","=""6""","=""Medium""","=""false"""
"=""bình nước tpbank""","=""30""","=""0""","=""3""","=""High""","=""false"""
"=""cách mở thẻ tpbank""","=""30""","=""1.41""","=""4""","=""Medium""","=""false"""
"=""có nên vay tín chấp tpbank""","=""30""","=""0.68""","=""6""","=""Low""","=""false"""
"=""hotline của tpbank""","=""30""","=""0""","=""3""","=""Low""","=""false"""
"=""hướng dẫn mở tài khoản tpbank online""","=""30""","=""0""","=""7""","=""Low""","=""false"""
"=""momo tpbank""","=""30""","=""0""","=""2""","=""Low""","=""false"""
"=""ngân hàng tpbank mobile""","=""30""","=""0.51""","=""4""","=""Low""","=""false"""
"=""nh tpbank""","=""30""","=""0""","=""2""","=""Low""","=""false"""
"=""softpos tpbank""","=""30""","=""0""","=""2""","=""Low""","=""false"""
"=""số tài khoản ngân hàng tpbank""","=""30""","=""0""","=""6""","=""Low""","=""false"""
"=""số tổng đài của ngân hàng tpbank""","=""30""","=""0""","=""7""","=""Low""","=""false"""
"=""số tổng đài của tpbank""","=""30""","=""0""","=""5""","=""Low""","=""true"""
"=""số điện thoại của tpbank""","=""30""","=""0""","=""5""","=""Low""","=""false"""
"=""số đt tpbank""","=""30""","=""0""","=""3""","=""Low""","=""false"""
"=""tai tpbank""","=""30""","=""0.57""","=""2""","=""Low""","=""false"""
"=""the tpbank""","=""30""","=""1.15""","=""2""","=""Low""","=""false"""
"=""thẻ nhân viên ngân hàng tpbank""","=""30""","=""0""","=""6""","=""Low""","=""true"""
"=""thẻ tpbank napas""","=""30""","=""0""","=""3""","=""Low""","=""false"""
"=""thẻ tpbank platinum""","=""30""","=""0""","=""3""","=""Low""","=""false"""
"=""thẻ tpbank visa debit mplus""","=""30""","=""0""","=""5""","=""Low""","=""false"""
"=""thẻ tín dụng tpbank platinum""","=""30""","=""0""","=""5""","=""Low""","=""false"""
"=""thẻ tín dụng tpbank visa classic""","=""30""","=""0.62""","=""6""","=""Low""","=""false"""
"=""thẻ visa debit cashfree tpbank""","=""30""","=""0""","=""5""","=""Low""","=""true"""
"=""tuyển dụng ngân hàng tpbank""","=""30""","=""0.04""","=""5""","=""Low""","=""false"""
"=""tổng dài tpbank""","=""30""","=""0""","=""3""","=""Low""","=""false"""
"=""vay app tpbank""","=""30""","=""0.85""","=""3""","=""Medium""","=""false"""
"=""đăng ký ngân hàng tpbank online""","=""30""","=""0.87""","=""6""","=""Medium""","=""false"""
"=""ưu đãi thẻ jcb tpbank""","=""30""","=""0""","=""5""","=""Low""","=""false"""
"=""ưu đãi thẻ tpbank""","=""30""","=""0""","=""4""","=""Low""","=""false"""
"=""thẻ ecounter tpbank""","=""30""","=""0""","=""3""","=""Low""","=""true"""
"=""logo tpbank vector""","=""30""","=""0""","=""3""","=""Low""","=""false"""
"=""cskh tpbank tuyển dụng""","=""30""","=""0.04""","=""4""","=""Low""","=""false"""
"=""mẫu cv tpbank 2025""","=""30""","=""0""","=""4""","=""Low""","=""false"""
"=""chi nhanh tpbank hcm""","=""30""","=""0""","=""4""","=""Low""","=""false"""
"=""đăng ký mở thẻ tín dụng tpbank""","=""20""","=""1.42""","=""7""","=""High""","=""false"""
"=""đăng kí mở thẻ tín dụng tpbank""","=""20""","=""1.42""","=""7""","=""High""","=""false"""
"=""làm thẻ ngân hàng tpbank""","=""20""","=""0.99""","=""5""","=""Medium""","=""true"""
"=""đăng ký tài khoản ngân hàng tpbank""","=""20""","=""0.75""","=""7""","=""Medium""","=""false"""
"=""mo the tin dung tpbank""","=""20""","=""0""","=""5""","=""Low""","=""false"""
"=""đăng ký thẻ visa tpbank""","=""20""","=""2.59""","=""5""","=""Medium""","=""false"""
"=""cách đăng ký thẻ tín dụng tpbank""","=""20""","=""0.91""","=""7""","=""High""","=""false"""
"=""làm thẻ visa tpbank online""","=""20""","=""2.04""","=""5""","=""Medium""","=""false"""
"=""mở tpbank online""","=""20""","=""0.76""","=""3""","=""Medium""","=""false"""
"=""làm thẻ tín dụng tpbank online""","=""20""","=""1.73""","=""6""","=""High""","=""false"""
"=""hướng dẫn mở thẻ tín dụng tpbank""","=""20""","=""1.01""","=""7""","=""Medium""","=""false"""
"=""lập tài khoản tpbank online""","=""20""","=""0.95""","=""5""","=""Medium""","=""false"""
"=""vay vốn ngân hàng tpbank""","=""20""","=""0.42""","=""5""","=""Medium""","=""false"""
"=""đăng ký tk tpbank online""","=""20""","=""0.65""","=""5""","=""Medium""","=""false"""
"=""thẻ tín dụng ngân hàng tpbank""","=""20""","=""1""","=""6""","=""Medium""","=""false"""
"=""cách đăng ký tài khoản tpbank online""","=""20""","=""0.69""","=""7""","=""Low""","=""false"""
"=""vay tín chấp hộ kinh doanh tpbank""","=""20""","=""0.83""","=""7""","=""Medium""","=""false"""
"=""app vay tpbank""","=""20""","=""1.91""","=""3""","=""Medium""","=""false"""
"=""bảo hiểm khoản vay tpbank""","=""20""","=""0""","=""5""","=""Low""","=""false"""
"=""bảo hiểm tpbank""","=""20""","=""0""","=""3""","=""Low""","=""false"""
"=""call center tpbank""","=""20""","=""0""","=""3""","=""Low""","=""false"""
"=""cách làm thẻ tpbank online""","=""20""","=""1.01""","=""5""","=""Medium""","=""false"""
"=""cách mở thẻ visa tpbank""","=""20""","=""1.26""","=""5""","=""Medium""","=""false"""
"=""cách mở tk tpbank online""","=""20""","=""0.43""","=""5""","=""Low""","=""false"""
"=""cách mở tài khoản ngân hàng tpbank online""","=""20""","=""0.62""","=""8""","=""Low""","=""false"""
"=""cách vay tiền trên app tpbank""","=""20""","=""0.65""","=""6""","=""Medium""","=""false"""
"=""cổ đông tpbank""","=""20""","=""0""","=""3""","=""Low""","=""true"""
"=""gmail tpbank""","=""20""","=""0""","=""2""","=""Low""","=""false"""
"=""hạn mức thẻ tpbank""","=""20""","=""0.66""","=""4""","=""Medium""","=""false"""
"=""hạn mức tpbank""","=""20""","=""0""","=""3""","=""Low""","=""true"""
"=""hạn mức tín dụng tpbank""","=""20""","=""0""","=""5""","=""Low""","=""false"""
"=""hệ thống ngân hàng tpbank""","=""20""","=""0""","=""5""","=""Low""","=""false"""
"=""hệ thống tpbank""","=""20""","=""0""","=""3""","=""Low""","=""false"""
"=""iban tpbank""","=""20""","=""0""","=""2""","=""Low""","=""false"""
"=""livebank của tpbank""","=""20""","=""0""","=""3""","=""Low""","=""true"""
"=""mo the tpbank""","=""20""","=""0.85""","=""3""","=""Medium""","=""false"""
"=""mở thẻ mastercard tpbank""","=""20""","=""1.06""","=""4""","=""Medium""","=""false"""
"=""mở thẻ tpbank visa""","=""20""","=""2.54""","=""4""","=""Medium""","=""false"""
"=""mở tk tpbank nhận tiền""","=""20""","=""0""","=""5""","=""Low""","=""false"""
"=""số thẻ tpbank""","=""20""","=""0""","=""3""","=""Low""","=""false"""
"=""the visa tpbank""","=""20""","=""1.05""","=""3""","=""Low""","=""true"""
"=""thẻ tpbank jcb""","=""20""","=""0""","=""3""","=""Low""","=""false"""
"=""thẻ tín dụng nội địa tpbank""","=""20""","=""0""","=""6""","=""Low""","=""false"""
"=""thẻ tín dụng tpbank jcb""","=""20""","=""0""","=""5""","=""Low""","=""false"""
"=""thẻ tín dụng tpbank visa""","=""20""","=""0.74""","=""5""","=""Low""","=""false"""
"=""thẻ tín dụng visa tpbank""","=""20""","=""0.89""","=""5""","=""Low""","=""false"""
"=""thẻ visa classic tpbank""","=""20""","=""0""","=""4""","=""Low""","=""true"""
"=""thẻ visa của tpbank""","=""20""","=""0""","=""4""","=""Low""","=""false"""
"=""timo tpbank""","=""20""","=""0""","=""2""","=""Low""","=""false"""
"=""trung tâm tài chính số tpbank""","=""20""","=""0""","=""6""","=""Low""","=""false"""
"=""tài khoản ngân hàng tpbank""","=""20""","=""0.47""","=""5""","=""Low""","=""true"""
"=""tài khoản thu hộ tpbank""","=""20""","=""0""","=""5""","=""Low""","=""false"""
"=""tín chấp tpbank""","=""20""","=""0.6""","=""3""","=""Low""","=""true"""
"=""tòa nhà tpbank 57 lý thường kiệt""","=""20""","=""0""","=""7""","=""Low""","=""false"""
"=""tổng tài sản tpbank""","=""20""","=""0""","=""4""","=""Low""","=""false"""
"=""vay tiền trên app tpbank""","=""20""","=""0.71""","=""5""","=""Medium""","=""false"""
"=""vay tpbank tín chấp""","=""20""","=""1.56""","=""4""","=""Medium""","=""false"""
"=""vay tín chấp tpbank online""","=""20""","=""0.99""","=""5""","=""Medium""","=""false"""
"=""vtm tpbank""","=""20""","=""0""","=""2""","=""Low""","=""true"""
"=""điều kiện mở thẻ tpbank signature""","=""20""","=""0""","=""6""","=""Low""","=""true"""
"=""điều kiện mở thẻ tpbank visa signature""","=""20""","=""0""","=""7""","=""Low""","=""false"""
"=""đăng ký tài khoản ngân hàng tpbank online""","=""20""","=""0.93""","=""8""","=""Medium""","=""false"""
"=""ưu đãi tpbank""","=""20""","=""0""","=""3""","=""Low""","=""false"""
"=""stk tpbank có bao nhiêu số""","=""20""","=""0""","=""6""","=""Low""","=""false"""
"=""xoá tk tpbank""","=""20""","=""0""","=""3""","=""Low""","=""false"""
"=""evocard tpbank là gì""","=""20""","=""6.63""","=""4""","=""Medium""","=""true"""
"=""email của tpbank""","=""20""","=""0""","=""3""","=""Low""","=""false"""
"=""cskh tpbank evo""","=""20""","=""0""","=""3""","=""Low""","=""false"""
"=""mẫu cv tpbank thực tập sinh""","=""20""","=""0""","=""6""","=""Low""","=""false"""
"=""elearning tpbank vn""","=""20""","=""0""","=""3""","=""Low""","=""false"""
"=""etoken tpbank có mất phí không""","=""20""","=""0""","=""6""","=""Low""","=""false"""
"=""thẻ freego tpbank là gì""","=""20""","=""0""","=""5""","=""Low""","=""false"""
"=""smart otp tpbank là gì""","=""20""","=""0""","=""5""","=""Low""","=""false"""
"=""mở tk tpbank có mất phí không""","=""20""","=""0""","=""7""","=""Low""","=""false"""
"=""5998 tpbank""","=""20""","=""0""","=""2""","=""Low""","=""false"""
"=""vay tpbank trên zalo có gọi thẩm định không""","=""20""","=""0""","=""9""","=""Low""","=""false"""
"=""liên kết tpbank với vneid""","=""20""","=""0""","=""5""","=""Low""","=""false"""
"=""làm thẻ ngân hàng online tpbank""","=""10""","=""0""","=""6""","=""Medium""","=""false"""
"=""mở tài khoản ngân hàng online tpbank""","=""10""","=""1.14""","=""7""","=""Medium""","=""false"""
"=""tài khoản tpbank online""","=""10""","=""0""","=""4""","=""Low""","=""false"""
"=""mở the tín dụng online tpbank""","=""10""","=""0""","=""6""","=""High""","=""false"""
"=""đăng kí tpbank""","=""10""","=""0""","=""3""","=""Low""","=""false"""
"=""đăng ký thẻ tín dụng online tpbank""","=""10""","=""0.88""","=""7""","=""High""","=""false"""
"=""cách mở thẻ tín dụng tpbank online""","=""10""","=""0""","=""7""","=""Medium""","=""false"""
"=""đăng ký tk tpbank""","=""10""","=""1.01""","=""4""","=""Medium""","=""false"""
"=""điều kiện mở the tín dụng tpbank""","=""10""","=""0""","=""7""","=""Medium""","=""false"""
"=""đăng ký làm thẻ tín dụng tpbank""","=""10""","=""0""","=""7""","=""High""","=""false"""
"=""mở the tpbank""","=""10""","=""0""","=""3""","=""Medium""","=""false"""
"=""làm thẻ online tpbank""","=""10""","=""0.89""","=""4""","=""Medium""","=""false"""
"=""mở tài khoản tpbank online số đẹp""","=""10""","=""0""","=""7""","=""Low""","=""false"""
"=""mở thẻ tín dụng ngân hàng tpbank""","=""10""","=""0.89""","=""7""","=""High""","=""false"""
"=""mở tài khoản số đẹp tpbank""","=""10""","=""0""","=""6""","=""Low""","=""false"""
"=""đăng ký tpbank nhận tiền""","=""10""","=""0.58""","=""5""","=""Medium""","=""false"""
"=""hạn mức the tín dụng tpbank""","=""10""","=""0""","=""6""","=""Low""","=""false"""
"=""đăng ký thẻ ngân hàng tpbank""","=""10""","=""0""","=""6""","=""High""","=""false"""
"=""đăng ký ngân hàng tpbank""","=""10""","=""1.22""","=""5""","=""Medium""","=""false"""
"=""vay tpbank sinh viên""","=""10""","=""0.45""","=""4""","=""Medium""","=""false"""
"=""mở tài khoản tpbank qua app""","=""10""","=""0""","=""6""","=""Low""","=""false"""
"=""đăng ký thẻ visa tpbank online""","=""10""","=""2.15""","=""6""","=""Medium""","=""false"""
"=""vay tiền sinh viên tpbank""","=""10""","=""0""","=""5""","=""High""","=""false"""
"=""mở thẻ visa debit tpbank online""","=""10""","=""1.21""","=""6""","=""Medium""","=""false"""
"=""đăng ký mở thẻ tpbank""","=""10""","=""0""","=""5""","=""Medium""","=""false"""
"=""mở tài khoản tpbank nhận tiền""","=""10""","=""0""","=""6""","=""Low""","=""false"""
"=""mở tài khoản tín dụng tpbank""","=""10""","=""0""","=""6""","=""High""","=""false"""
"=""đăng ký mở tài khoản tpbank online""","=""10""","=""1.08""","=""7""","=""Medium""","=""false"""
"=""đăng ký mở thẻ tín dụng tpbank online""","=""10""","=""0""","=""8""","=""High""","=""false"""
"=""làm the visa tpbank online""","=""10""","=""0""","=""5""","=""Low""","=""false"""
"=""thẻ tín dụng online tpbank""","=""10""","=""1.91""","=""5""","=""High""","=""false"""
"=""điều kiện làm thẻ tín dụng tpbank""","=""10""","=""0""","=""7""","=""Medium""","=""false"""
"=""đăng ký visa tpbank""","=""10""","=""0""","=""4""","=""Medium""","=""false"""
"=""lập tài khoản tpbank""","=""10""","=""0""","=""4""","=""Medium""","=""false"""
"=""đăng ký tài khoản online tpbank""","=""10""","=""0""","=""6""","=""Medium""","=""false"""
"=""có nên mở thẻ tín dụng tpbank""","=""10""","=""0.64""","=""7""","=""Medium""","=""false"""
"=""cách làm thẻ visa tpbank""","=""10""","=""0.64""","=""5""","=""Medium""","=""false"""
"=""cách làm thẻ ngân hàng tpbank online""","=""10""","=""0.64""","=""7""","=""Medium""","=""false"""
"=""đăng ký tài khoản ngân hàng online tpbank""","=""10""","=""0""","=""8""","=""Medium""","=""false"""
"=""8089 tpbank""","=""10""","=""0""","=""2""","=""Low""","=""false"""
"=""agoda tpbank""","=""10""","=""0""","=""2""","=""Low""","=""false"""
"=""app savy của tpbank""","=""10""","=""0""","=""4""","=""Low""","=""false"""
"=""app vay tiền tpbank""","=""10""","=""1.14""","=""4""","=""Medium""","=""false"""
"=""bao lì xì tpbank""","=""10""","=""0""","=""4""","=""High""","=""false"""
"=""bảo hiểm an tâm tín dụng tpbank""","=""10""","=""0""","=""7""","=""Low""","=""false"""
"=""bảo hiểm khoản vay tín chấp tpbank""","=""10""","=""0""","=""7""","=""Low""","=""false"""
"=""bảo hiểm nhân thọ tpbank""","=""10""","=""0""","=""5""","=""Low""","=""false"""
"=""bảo hiểm sun life tpbank""","=""10""","=""0""","=""5""","=""Low""","=""false"""
"=""cashfree tpbank""","=""10""","=""0""","=""2""","=""Low""","=""false"""
"=""chương trình mở thẻ tín dụng tpbank""","=""10""","=""0""","=""7""","=""Low""","=""false"""
"=""cty tài chính tpbank""","=""10""","=""0""","=""4""","=""Low""","=""false"""
"=""các sản phẩm của tpbank""","=""10""","=""0""","=""5""","=""Low""","=""false"""
"=""cách dụng the tín dụng tpbank""","=""10""","=""0""","=""6""","=""Low""","=""false"""
"=""cách dụng thẻ visa tpbank""","=""10""","=""0""","=""5""","=""Low""","=""false"""
"=""cách in thẻ tpbank""","=""10""","=""0""","=""4""","=""Low""","=""false"""
"=""cách liên kết momo với ngân hàng tpbank""","=""10""","=""0""","=""8""","=""Low""","=""false"""
"=""cách liên kết momo với tpbank""","=""10""","=""0""","=""6""","=""Low""","=""false"""
"=""cách liên kết ngân hàng tpbank với momo""","=""10""","=""0""","=""8""","=""Low""","=""false"""
"=""cách liên kết tpbank với momo""","=""10""","=""0""","=""6""","=""Low""","=""false"""
"=""cách liên kết tpbank với shopee""","=""10""","=""0""","=""6""","=""Low""","=""false"""
"=""cách liên kết tpbank với zalopay""","=""10""","=""0""","=""6""","=""Low""","=""false"""
"=""cách liên kết tài khoản ngân hàng tpbank với momo""","=""10""","=""0""","=""10""","=""Low""","=""false"""
"=""cách liên kết zalopay với ngân hàng tpbank""","=""10""","=""0""","=""8""","=""Low""","=""false"""
"=""cách làm the tín dụng tpbank""","=""10""","=""0""","=""6""","=""High""","=""false"""
"=""cách làm thẻ ngân hàng tpbank""","=""10""","=""0.45""","=""6""","=""Medium""","=""false"""
"=""cách làm thẻ tpbank""","=""10""","=""0""","=""4""","=""Medium""","=""false"""
"=""cách làm thẻ tpbank tại livebank""","=""10""","=""0""","=""6""","=""Low""","=""false"""
"=""cách làm thẻ tpbank tại nhà""","=""10""","=""0""","=""6""","=""Medium""","=""false"""
"=""cách lập tài khoản tpbank""","=""10""","=""0""","=""5""","=""Low""","=""false"""
"=""cách mở the tpbank online""","=""10""","=""0""","=""5""","=""Low""","=""false"""
"=""cách mở tk tpbank""","=""10""","=""0""","=""4""","=""Low""","=""false"""
"=""cách mở tài khoản online tpbank""","=""10""","=""0""","=""6""","=""Low""","=""false"""
"=""cách mở tài khoản tpbank""","=""10""","=""0""","=""5""","=""Low""","=""false"""
"=""cách nhận 500k từ tpbank""","=""10""","=""0""","=""5""","=""Low""","=""false"""
"=""cách nhận 60k từ tpbank""","=""10""","=""0""","=""5""","=""Low""","=""false"""
"=""cách nhận thẻ tpbank""","=""10""","=""0""","=""4""","=""Low""","=""false"""
"=""cách nhận tiền tpbank""","=""10""","=""0""","=""4""","=""Low""","=""false"""
"=""cách nhận tiền từ tpbank""","=""10""","=""0""","=""5""","=""Low""","=""false"""
"=""cách sử dụng app tpbank""","=""10""","=""0""","=""5""","=""Low""","=""false"""
"=""cách sử dụng livebank của tpbank""","=""10""","=""0""","=""6""","=""Low""","=""false"""
"=""cách sử dụng the visa tpbank""","=""10""","=""0""","=""6""","=""Low""","=""false"""
"=""cách sử dụng thẻ tpbank""","=""10""","=""0""","=""5""","=""Low""","=""false"""
"=""cách sử dụng thẻ visa debit tpbank""","=""10""","=""0""","=""7""","=""Low""","=""false"""
"=""cách sử dụng tpbank mobile""","=""10""","=""0""","=""5""","=""Low""","=""false"""
"=""cách vay sinh viên tpbank""","=""10""","=""0""","=""5""","=""Low""","=""false"""
"=""cách vay tiền ngân hàng tpbank""","=""10""","=""0.66""","=""6""","=""Medium""","=""false"""
"=""cách vay tiền trên tpbank""","=""10""","=""0.61""","=""5""","=""Medium""","=""false"""
"=""cách đăng kí tpbank""","=""10""","=""0""","=""4""","=""Low""","=""false"""
"=""cách đăng ký etoken tpbank""","=""10""","=""0""","=""5""","=""Low""","=""false"""
"=""cách đăng ký thẻ tpbank""","=""10""","=""0""","=""5""","=""High""","=""false"""
"=""cách đăng ký thẻ tpbank online""","=""10""","=""1.01""","=""6""","=""Medium""","=""false"""
"=""cách đăng ký tk tpbank""","=""10""","=""0""","=""5""","=""Low""","=""false"""
"=""cách đăng ký tpbank""","=""10""","=""0""","=""4""","=""Medium""","=""false"""
"=""cách đăng ký tpbank mobile""","=""10""","=""0""","=""5""","=""Low""","=""false"""
"=""cách đăng ký tpbank nhận tiền""","=""10""","=""0""","=""6""","=""Low""","=""false"""
"=""cách đăng ký tpbank online""","=""10""","=""0.43""","=""5""","=""Medium""","=""true"""
"=""cách đăng ký tài khoản tpbank""","=""10""","=""0""","=""6""","=""Low""","=""false"""
"=""cách đăng ký tài khoản tpbank mobile""","=""10""","=""0""","=""7""","=""Low""","=""false"""
"=""có nên làm thẻ tín dụng tpbank""","=""10""","=""0""","=""7""","=""Low""","=""false"""
"=""có nên mở thẻ tpbank""","=""10""","=""0""","=""5""","=""Low""","=""false"""
"=""có nên mở tài khoản tpbank""","=""10""","=""0""","=""6""","=""Low""","=""false"""
"=""có nên vay tpbank""","=""10""","=""0""","=""4""","=""Low""","=""false"""
"=""có nên vay tín chấp ngân hàng tpbank""","=""10""","=""0""","=""8""","=""Low""","=""false"""
"=""công ty tài chính của tpbank""","=""10""","=""0""","=""6""","=""Low""","=""false"""
"=""công ty tài chính tpbank""","=""10""","=""0.56""","=""5""","=""Low""","=""true"""
"=""công ty tài chính tpbank tuyển dụng""","=""10""","=""0""","=""7""","=""Low""","=""false"""
"=""cộng tác viên tpbank""","=""10""","=""0""","=""4""","=""Low""","=""true"""
"=""dieu kien vay tpbank""","=""10""","=""0""","=""4""","=""Low""","=""false"""
"=""dịch vụ tpbank""","=""10""","=""0""","=""3""","=""Low""","=""false"""
"=""dịch vụ ứng tiền từ thẻ tín dụng tpbank""","=""10""","=""0""","=""9""","=""Low""","=""false"""
"=""e token tpbank""","=""10""","=""0""","=""3""","=""Low""","=""false"""
"=""e tpbank""","=""10""","=""0""","=""2""","=""Low""","=""false"""
"=""eb tpbank""","=""10""","=""0""","=""2""","=""Low""","=""false"""
"=""hướng dẫn làm thẻ tpbank""","=""10""","=""0""","=""5""","=""Low""","=""false"""
"=""hướng dẫn làm thẻ tpbank online""","=""10""","=""0""","=""6""","=""Medium""","=""false"""
"=""hướng dẫn mở thẻ tpbank online""","=""10""","=""0""","=""6""","=""Medium""","=""false"""
"=""hướng dẫn mở tài khoản tpbank""","=""10""","=""0""","=""6""","=""Low""","=""false"""
"=""hướng dẫn sử dụng app tpbank""","=""10""","=""0""","=""6""","=""Low""","=""false"""
"=""hướng dẫn sử dụng mpos tpbank""","=""10""","=""0""","=""6""","=""Low""","=""false"""
"=""hướng dẫn sử dụng thẻ tín dụng tpbank""","=""10""","=""0""","=""8""","=""Low""","=""false"""
"=""hướng dẫn sử dụng thẻ visa tpbank""","=""10""","=""0""","=""7""","=""Low""","=""false"""
"=""hướng dẫn sử dụng tpbank mobile""","=""10""","=""0""","=""6""","=""Low""","=""false"""
"=""hướng dẫn sử dụng tpbank quickpay""","=""10""","=""0""","=""6""","=""Low""","=""false"""
"=""hướng dẫn đăng ký tpbank mobile""","=""10""","=""0""","=""6""","=""Low""","=""false"""
"=""hướng dẫn đăng ký tpbank online""","=""10""","=""0""","=""6""","=""Low""","=""false"""
"=""hướng dẫn đăng ký tài khoản tpbank online""","=""10""","=""0""","=""8""","=""Low""","=""false"""
"=""hạn mức thẻ visa tpbank""","=""10""","=""0""","=""5""","=""Low""","=""false"""
"=""hỗ trợ tín dụng tpbank""","=""10""","=""0""","=""5""","=""Low""","=""false"""
"=""hỗ trợ vay vốn ngân hàng tpbank""","=""10""","=""0""","=""7""","=""Medium""","=""false"""
"=""hợp đồng tín dụng tpbank""","=""10""","=""0""","=""5""","=""Low""","=""false"""
"=""hợp đồng vay tín chấp tpbank""","=""10""","=""0""","=""6""","=""Low""","=""false"""
"=""ib tpbank""","=""10""","=""0""","=""2""","=""Low""","=""false"""
"=""in thẻ tpbank""","=""10""","=""0""","=""3""","=""Low""","=""false"""
"=""internetbanking tpbank""","=""10""","=""0""","=""2""","=""Low""","=""false"""
"=""khiếu nại tpbank""","=""10""","=""0""","=""3""","=""Low""","=""false"""
"=""khoản vay sinh viên tpbank""","=""10""","=""0""","=""5""","=""Low""","=""false"""
"=""khuyen mai tpbank""","=""10""","=""0""","=""3""","=""Low""","=""false"""
"=""khuyến mãi thẻ tpbank""","=""10""","=""0""","=""4""","=""Low""","=""false"""
"=""khuyến mãi thẻ tín dụng tpbank""","=""10""","=""0""","=""6""","=""Low""","=""false"""
"=""khuyến mãi thẻ visa tpbank""","=""10""","=""0""","=""5""","=""Low""","=""false"""
"=""khuyến mãi tpbank""","=""10""","=""0""","=""3""","=""Low""","=""false"""
"=""lam the tin dung tpbank""","=""10""","=""0""","=""5""","=""Low""","=""false"""
"=""lam the tpbank""","=""10""","=""0""","=""3""","=""High""","=""false"""
"=""liên hệ tổng đài tpbank""","=""10""","=""0""","=""5""","=""Low""","=""false"""
"=""liên kết momo tpbank""","=""10""","=""0""","=""4""","=""Low""","=""false"""
"=""liên kết momo và tpbank""","=""10""","=""0""","=""5""","=""Low""","=""false"""
"=""liên kết momo với tpbank""","=""10""","=""0""","=""5""","=""Low""","=""false"""
"=""liên kết ngân hàng tpbank với momo""","=""10""","=""0""","=""7""","=""Low""","=""false"""
"=""liên kết tpbank với momo""","=""10""","=""0""","=""5""","=""Low""","=""false"""
"=""liên kết tpbank với shopee""","=""10""","=""0""","=""5""","=""Low""","=""false"""
"=""liên kết tpbank với vnpay""","=""10""","=""0""","=""5""","=""Low""","=""false"""
"=""liên kết tpbank với zalopay""","=""10""","=""0""","=""5""","=""Low""","=""false"""
"=""liên kết vnpay với tpbank""","=""10""","=""0""","=""5""","=""Low""","=""false"""
"=""liên kết zalopay với tpbank""","=""10""","=""0""","=""5""","=""Low""","=""false"""
"=""login tpbank""","=""10""","=""0""","=""2""","=""Low""","=""false"""
"=""làm the tín dụng tpbank""","=""10""","=""0""","=""5""","=""High""","=""false"""
"=""làm thẻ debit tpbank""","=""10""","=""0""","=""4""","=""Low""","=""false"""
"=""làm thẻ mastercard tpbank""","=""10""","=""0""","=""4""","=""Medium""","=""false"""
"=""làm thẻ tpbank livebank""","=""10""","=""0""","=""4""","=""Low""","=""false"""
"=""làm thẻ tpbank tại livebank""","=""10""","=""0""","=""5""","=""Low""","=""false"""
"=""làm thẻ tpbank tại nhà""","=""10""","=""0""","=""5""","=""Low""","=""false"""
"=""làm thẻ tpbank visa""","=""10""","=""0""","=""4""","=""Low""","=""false"""
"=""làm thẻ tín dụng ngân hàng tpbank""","=""10""","=""0.98""","=""7""","=""High""","=""false"""
"=""làm thẻ visa debit tpbank""","=""10""","=""0""","=""5""","=""Low""","=""false"""
"=""làm thẻ visa tại livebank tpbank""","=""10""","=""0""","=""6""","=""Low""","=""false"""
"=""làm thẻ visa ảo tpbank""","=""10""","=""0""","=""5""","=""Low""","=""false"""
"=""làm tài khoản ngân hàng tpbank""","=""10""","=""0""","=""6""","=""Low""","=""false"""
"=""làm tài khoản tpbank online""","=""10""","=""0.81""","=""5""","=""Medium""","=""false"""
"=""làm visa tpbank""","=""10""","=""0""","=""3""","=""Medium""","=""false"""
"=""làm việc tại tpbank""","=""10""","=""0""","=""4""","=""Low""","=""false"""
"=""lập tk tpbank""","=""10""","=""0""","=""3""","=""Low""","=""false"""
"=""lập tk tpbank online""","=""10""","=""0""","=""4""","=""Medium""","=""false"""
"=""m me tpbank""","=""10""","=""0""","=""3""","=""Low""","=""false"""
"=""mo tai khoan tpbank""","=""10""","=""0""","=""4""","=""Low""","=""false"""
"=""mygo tpbank""","=""10""","=""0""","=""2""","=""Low""","=""false"""
"=""mở the tpbank livebank""","=""10""","=""0""","=""4""","=""Low""","=""false"""
"=""mở the tpbank online""","=""10""","=""1.48""","=""4""","=""Medium""","=""false"""
"=""mở thẻ phụ tpbank""","=""10""","=""0""","=""4""","=""Low""","=""false"""
"=""mở thẻ tpbank livebank""","=""10""","=""0""","=""4""","=""Low""","=""false"""
"=""mở thẻ tpbank tại nhà""","=""10""","=""0.74""","=""5""","=""Medium""","=""false"""
"=""mở thẻ tại tpbank livebank""","=""10""","=""0""","=""5""","=""Low""","=""false"""
"=""mở thẻ vay tín dụng tpbank""","=""10""","=""0""","=""6""","=""Low""","=""false"""
"=""mở thẻ visa debit tpbank""","=""10""","=""0""","=""5""","=""Low""","=""false"""
"=""mở thẻ visa tpbank tại livebank""","=""10""","=""0""","=""6""","=""Low""","=""false"""
"=""mở tk số đẹp tpbank""","=""10""","=""0""","=""5""","=""Low""","=""true"""
"=""mở tpbank""","=""10""","=""0""","=""2""","=""Low""","=""false"""
"=""mở tpbank nhận tiền""","=""10""","=""0.47""","=""4""","=""Low""","=""false"""
"=""mở tài khoản tpbank livebank""","=""10""","=""0""","=""5""","=""Low""","=""false"""
"=""mở tài khoản tpbank số đẹp""","=""10""","=""0""","=""6""","=""High""","=""false"""
"=""mở tài khoản tpbank trên momo""","=""10""","=""0""","=""6""","=""Low""","=""false"""
"=""mở tài khoản trực tuyến tpbank""","=""10""","=""0""","=""6""","=""Low""","=""false"""
"=""ngan han tpbank""","=""10""","=""0""","=""3""","=""Low""","=""false"""
"=""ngan tpbank""","=""10""","=""0""","=""2""","=""Low""","=""false"""
"=""nganhang tpbank""","=""10""","=""0""","=""2""","=""Low""","=""false"""
"=""ngân hàng tpbank tiên phong""","=""10""","=""0""","=""5""","=""Low""","=""false"""
"=""ngân hàng tpbank vay tín chấp""","=""10""","=""0.53""","=""6""","=""Medium""","=""false"""
"=""nhân viên hỗ trợ tín dụng tpbank""","=""10""","=""0""","=""7""","=""Low""","=""false"""
"=""nhân viên tín dụng tpbank""","=""10""","=""0""","=""5""","=""Low""","=""false"""
"=""nhân viên tư vấn tài chính tpbank""","=""10""","=""0""","=""7""","=""Low""","=""false"""
"=""nhân viên tư vấn tín dụng tpbank""","=""10""","=""0""","=""7""","=""Low""","=""false"""
"=""nhận thẻ tpbank tại nhà""","=""10""","=""0""","=""5""","=""Low""","=""false"""
"=""nhận tiền tpbank""","=""10""","=""0""","=""3""","=""Low""","=""false"""
"=""online tpbank""","=""10""","=""0""","=""2""","=""Low""","=""false"""
"=""outlook tpbank""","=""10""","=""0""","=""2""","=""Low""","=""false"""
"=""quy trình thẩm định tpbank""","=""10""","=""0""","=""5""","=""Low""","=""false"""
"=""quy trình thẩm định vay thế chấp tpbank""","=""10""","=""0""","=""8""","=""Low""","=""false"""
"=""quy trình tuyển dụng tpbank""","=""10""","=""0""","=""5""","=""Low""","=""false"""
"=""quy trình vay tín chấp tpbank""","=""10""","=""0""","=""6""","=""Low""","=""false"""
"=""samsung pay tpbank""","=""10""","=""0""","=""3""","=""Low""","=""false"""
"=""shopee tpbank""","=""10""","=""0""","=""2""","=""Low""","=""false"""
"=""sun life tpbank""","=""10""","=""0""","=""3""","=""Low""","=""false"""
"=""sản phẩm vay tín chấp của tpbank""","=""10""","=""0""","=""7""","=""Low""","=""false"""
"=""số thẻ của tpbank""","=""10""","=""0""","=""4""","=""Low""","=""false"""
"=""số tk tpbank""","=""10""","=""0""","=""3""","=""Low""","=""false"""
"=""số tài khoản tpbank đẹp""","=""10""","=""0""","=""5""","=""Low""","=""false"""
"=""số tài khoản đẹp tpbank""","=""10""","=""0""","=""5""","=""Low""","=""false"""
"=""số điện thoại của tổng đài ngân hàng tpbank""","=""10""","=""0""","=""9""","=""Low""","=""false"""
"=""số điện thoại hỗ trợ tpbank""","=""10""","=""0""","=""6""","=""Low""","=""false"""
"=""số điện thoại tư vấn ngân hàng tpbank""","=""10""","=""0""","=""8""","=""Low""","=""false"""
"=""số đt tổng đài tpbank""","=""10""","=""0""","=""5""","=""Low""","=""false"""
"=""số đẹp tpbank""","=""10""","=""0""","=""3""","=""Low""","=""false"""
"=""sử dụng thẻ tín dụng tpbank""","=""10""","=""0""","=""6""","=""Low""","=""false"""
"=""the napas tpbank""","=""10""","=""0""","=""3""","=""Low""","=""false"""
"=""the tpbank visa cashfree""","=""10""","=""0""","=""4""","=""Low""","=""false"""
"=""the visa debit tpbank""","=""10""","=""0""","=""4""","=""Low""","=""false"""
"=""thông tin tpbank""","=""10""","=""0""","=""3""","=""Low""","=""false"""
"=""thông tin về ngân hàng tpbank""","=""10""","=""0""","=""6""","=""Low""","=""false"""
"=""thông tin về tpbank""","=""10""","=""0""","=""4""","=""Low""","=""false"""
"=""thẻ cashfree tpbank""","=""10""","=""0""","=""3""","=""Low""","=""false"""
"=""thẻ của tpbank""","=""10""","=""0""","=""3""","=""Low""","=""false"""
"=""thẻ mastercard ảo tpbank""","=""10""","=""0""","=""4""","=""Low""","=""false"""
"=""thẻ mplus tpbank""","=""10""","=""0""","=""3""","=""Low""","=""false"""
"=""thẻ nhân viên tpbank""","=""10""","=""0""","=""4""","=""Low""","=""false"""
"=""thẻ nội địa tpbank""","=""10""","=""0""","=""4""","=""Low""","=""false"""
"=""thẻ tpbank cash free""","=""10""","=""0""","=""4""","=""Low""","=""false"""
"=""thẻ tpbank nội địa""","=""10""","=""0""","=""4""","=""Low""","=""false"""
"=""thẻ tpbank thường""","=""10""","=""0""","=""3""","=""Low""","=""false"""
"=""thẻ tpbank visa cashfree""","=""10""","=""0""","=""4""","=""Low""","=""false"""
"=""thẻ tpbank visa debit""","=""10""","=""0""","=""4""","=""Low""","=""false"""
"=""thẻ tín dụng sinh viên tpbank""","=""10""","=""0""","=""6""","=""Medium""","=""false"""
"=""thẻ tín dụng tpbank hạn mức 50 triệu""","=""10""","=""0""","=""8""","=""Medium""","=""false"""
"=""thẻ tín dụng tpbank signature""","=""10""","=""0""","=""5""","=""Low""","=""false"""
"=""thẻ tín dụng tpbank ưu đãi""","=""10""","=""0""","=""6""","=""Low""","=""false"""
"=""thẻ từ tpbank""","=""10""","=""0""","=""3""","=""Low""","=""false"""
"=""thẻ vay tpbank""","=""10""","=""0""","=""3""","=""Low""","=""false"""
"=""thẻ vip tpbank""","=""10""","=""0""","=""3""","=""Low""","=""true"""
"=""thẻ visa cash free tpbank""","=""10""","=""0""","=""5""","=""Low""","=""false"""
"=""thẻ visa debit của tpbank""","=""10""","=""0""","=""5""","=""Low""","=""false"""
"=""thẻ visa debit plus tpbank""","=""10""","=""0""","=""5""","=""Low""","=""false"""
"=""thẻ visa debit tpbank platinum""","=""10""","=""0""","=""5""","=""Low""","=""false"""
"=""thẻ visa plus tpbank""","=""10""","=""0""","=""4""","=""Low""","=""false"""
"=""thẻ visa tpbank debit""","=""10""","=""0""","=""4""","=""Low""","=""false"""
"=""thẻ visa tpbank platinum""","=""10""","=""0""","=""4""","=""Low""","=""false"""
"=""thẻ visa vàng tpbank""","=""10""","=""0""","=""4""","=""Low""","=""false"""
"=""thẻ visa ảo tpbank""","=""10""","=""0""","=""4""","=""Low""","=""false"""
"=""thẻ ảo tpbank""","=""10""","=""0""","=""3""","=""Medium""","=""false"""
"=""thủ tục làm thẻ tpbank""","=""10""","=""0""","=""5""","=""Low""","=""false"""
"=""thủ tục làm thẻ tín dụng tpbank""","=""10""","=""0""","=""7""","=""Low""","=""false"""
"=""thủ tục làm thẻ visa tpbank""","=""10""","=""0""","=""6""","=""Low""","=""false"""
"=""thủ tục mở thẻ tín dụng tpbank""","=""10""","=""1.25""","=""7""","=""High""","=""false"""
"=""thủ tục vay sinh viên tpbank""","=""10""","=""0""","=""6""","=""Low""","=""false"""
"=""thủ tục vay tiền tpbank""","=""10""","=""0""","=""5""","=""Low""","=""false"""
"=""thủ tục vay tpbank""","=""10""","=""0""","=""4""","=""Medium""","=""false"""
"=""thủ tục vay tín chấp tpbank""","=""10""","=""0""","=""6""","=""Medium""","=""false"""
"=""thủ tục vay vốn ngân hàng tpbank""","=""10""","=""0""","=""7""","=""Low""","=""false"""
"=""tiên phong tpbank""","=""10""","=""0""","=""3""","=""Low""","=""false"""
"=""tk tpbank""","=""10""","=""0""","=""2""","=""Low""","=""false"""
"=""token tpbank""","=""10""","=""0""","=""2""","=""Low""","=""false"""
"=""trang web tpbank""","=""10""","=""0""","=""3""","=""Low""","=""false"""
"=""trung tâm thẻ tpbank""","=""10""","=""0""","=""4""","=""Low""","=""false"""
"=""tài khoản số điện thoại tpbank""","=""10""","=""0""","=""6""","=""Low""","=""false"""
"=""tài khoản tpbank số đẹp""","=""10""","=""0""","=""5""","=""Low""","=""false"""
"=""tài tpbank mobile""","=""10""","=""0""","=""3""","=""Low""","=""false"""
"=""tìm hiểu ngân hàng tpbank""","=""10""","=""0""","=""5""","=""Low""","=""false"""
"=""tìm hiểu về ngân hàng tpbank""","=""10""","=""0""","=""6""","=""Low""","=""false"""
"=""tìm hiểu về tpbank""","=""10""","=""0""","=""4""","=""Low""","=""false"""
"=""tìm số tài khoản tpbank""","=""10""","=""0""","=""5""","=""Low""","=""false"""
"=""tư vấn tpbank""","=""10""","=""0""","=""3""","=""Low""","=""false"""
"=""tổng đài hỗ trợ ngân hàng tpbank""","=""10""","=""0""","=""7""","=""Low""","=""false"""
"=""tổng đài tpbank hotline""","=""10""","=""0""","=""4""","=""Low""","=""false"""
"=""tổng đài tpbank thẻ tín dụng""","=""10""","=""0""","=""6""","=""Low""","=""false"""
"=""tổng đài tư vấn tpbank""","=""10""","=""0""","=""5""","=""Low""","=""false"""
"=""tổng đài vay tín chấp tpbank""","=""10""","=""0""","=""6""","=""Low""","=""false"""
"=""vay 3tr tpbank""","=""10""","=""0""","=""3""","=""High""","=""false"""
"=""vay khởi nghiệp tpbank""","=""10""","=""0.59""","=""4""","=""Medium""","=""false"""
"=""vay momo tpbank""","=""10""","=""0""","=""3""","=""Low""","=""false"""
"=""vay qua app tpbank""","=""10""","=""0""","=""4""","=""Medium""","=""false"""
"=""vay the chấp tpbank""","=""10""","=""0""","=""4""","=""Low""","=""false"""
"=""vay theo bảo hiểm nhân thọ tpbank""","=""10""","=""0""","=""7""","=""Low""","=""false"""
"=""vay theo hóa đơn tiền điện tpbank""","=""10""","=""0""","=""7""","=""High""","=""false"""
"=""vay theo hóa đơn điện tpbank""","=""10""","=""0""","=""6""","=""Low""","=""false"""
"=""vay theo hợp đồng tín dụng cũ tpbank""","=""10""","=""0""","=""8""","=""Low""","=""false"""
"=""vay thế chấp ngân hàng tpbank""","=""10""","=""0""","=""6""","=""Low""","=""true"""
"=""vay thế chấp ô tô cũ tpbank""","=""10""","=""0""","=""7""","=""Low""","=""false"""
"=""vay thế chấp ô tô tpbank""","=""10""","=""0""","=""6""","=""Low""","=""false"""
"=""vay tien mat tpbank""","=""10""","=""0.94""","=""4""","=""Medium""","=""false"""
"=""vay tien tpbank""","=""10""","=""0.59""","=""3""","=""Medium""","=""false"""
"=""vay tieu dung tpbank""","=""10""","=""0.8""","=""4""","=""Medium""","=""false"""
"=""vay tiền mặt ngân hàng tpbank""","=""10""","=""0""","=""6""","=""Medium""","=""false"""
"=""vay tiền qua app tpbank""","=""10""","=""0.83""","=""5""","=""Medium""","=""false"""
"=""vay tiền qua ngân hàng tpbank""","=""10""","=""0""","=""6""","=""Medium""","=""false"""
"=""vay tiền thẻ tín dụng tpbank""","=""10""","=""0""","=""6""","=""High""","=""false"""
"=""vay tiền tpbank online""","=""10""","=""0.4""","=""4""","=""Medium""","=""false"""
"=""vay tiền tpbank sinh viên""","=""10""","=""0""","=""5""","=""High""","=""false"""
"=""vay tín chấp doanh nghiệp tpbank""","=""10""","=""0""","=""6""","=""Low""","=""false"""
"=""vay tín chấp online tpbank""","=""10""","=""0.95""","=""5""","=""Medium""","=""false"""
"=""vay tín chấp tpbank có an toàn""","=""10""","=""0""","=""7""","=""Low""","=""false"""
"=""vay tín chấp tại tpbank""","=""10""","=""0""","=""5""","=""Medium""","=""false"""
"=""vay tín dụng ngân hàng tpbank""","=""10""","=""0.51""","=""6""","=""Medium""","=""false"""
"=""vay vốn kinh doanh tpbank""","=""10""","=""0""","=""5""","=""Low""","=""false"""
"=""vay vốn sinh viên ngân hàng tpbank""","=""10""","=""0""","=""7""","=""Low""","=""false"""
"=""vay vốn sinh viên tpbank""","=""10""","=""0""","=""5""","=""Low""","=""false"""
"=""vay vốn tại tpbank""","=""10""","=""0""","=""4""","=""Low""","=""false"""
"=""visa debit plus tpbank""","=""10""","=""0""","=""4""","=""Medium""","=""false"""
"=""visa tpbank ưu đãi""","=""10""","=""0""","=""4""","=""Low""","=""false"""
"=""visa ảo tpbank""","=""10""","=""0""","=""3""","=""Medium""","=""false"""
"=""việc làm tpbank""","=""10""","=""0""","=""3""","=""Low""","=""false"""
"=""vnpay tpbank""","=""10""","=""0""","=""2""","=""Low""","=""false"""
"=""vpbank và tpbank""","=""10""","=""0""","=""3""","=""Low""","=""false"""
"=""vàng thần tài tpbank""","=""10""","=""0""","=""4""","=""Low""","=""false"""
"=""www tpbank""","=""10""","=""0""","=""2""","=""Medium""","=""false"""
"=""zalopay tpbank""","=""10""","=""0""","=""2""","=""Low""","=""false"""
"=""điều kiện làm thẻ visa tpbank""","=""10""","=""0""","=""6""","=""Low""","=""false"""
"=""điều kiện mở the tpbank signature""","=""10""","=""0""","=""6""","=""Low""","=""false"""
"=""điều kiện mở the tpbank visa signature""","=""10""","=""0""","=""7""","=""Low""","=""false"""
"=""điều kiện mở thẻ tpbank""","=""10""","=""0.77""","=""5""","=""Medium""","=""false"""
"=""điều kiện mở thẻ visa tpbank""","=""10""","=""0""","=""6""","=""Medium""","=""false"""
"=""điều kiện vay tín chấp tpbank""","=""10""","=""0.66""","=""6""","=""Medium""","=""false"""
"=""điều kiện vay vốn ngân hàng tpbank""","=""10""","=""0""","=""7""","=""Low""","=""false"""
"=""điều kiện để mở thẻ tín dụng tpbank""","=""10""","=""0.87""","=""8""","=""Medium""","=""false"""
"=""đăng ký app tpbank""","=""10""","=""0""","=""4""","=""Medium""","=""false"""
"=""đăng ký etoken tpbank""","=""10""","=""0""","=""4""","=""Low""","=""false"""
"=""đăng ký làm thẻ tpbank online""","=""10""","=""0""","=""6""","=""High""","=""false"""
"=""đăng ký mở tài khoản ngân hàng online tpbank""","=""10""","=""0""","=""9""","=""Low""","=""false"""
"=""đăng ký nhận thẻ tpbank online""","=""10""","=""0""","=""6""","=""Low""","=""false"""
"=""đăng ký the tín dụng tpbank""","=""10""","=""0""","=""6""","=""Low""","=""false"""
"=""đăng ký thẻ ngân hàng tpbank online""","=""10""","=""0.78""","=""7""","=""Medium""","=""false"""
"=""đăng ký thẻ visa debit tpbank""","=""10""","=""0""","=""6""","=""High""","=""false"""
"=""đăng ký tpbank mobile""","=""10""","=""0""","=""4""","=""Medium""","=""false"""
"=""đăng ký tpbank nhận tiền 500k""","=""10""","=""0""","=""6""","=""Low""","=""false"""
"=""đăng ký tpbank online nhận tiền""","=""10""","=""0""","=""6""","=""Medium""","=""false"""
"=""đăng ký tpbank quickpay""","=""10""","=""0""","=""4""","=""Low""","=""false"""
"=""đăng ký tài khoản số đẹp tpbank""","=""10""","=""0""","=""7""","=""Low""","=""false"""
"=""đăng ký tài khoản tpbank mobile""","=""10""","=""0""","=""6""","=""Low""","=""false"""
"=""đăng ký tài khoản tpbank nhận tiền""","=""10""","=""0""","=""7""","=""Low""","=""false"""
"=""đăng ký tài khoản tpbank số đẹp""","=""10""","=""0""","=""7""","=""Low""","=""false"""
"=""đăng ký vay tiền tpbank""","=""10""","=""0""","=""5""","=""High""","=""false"""
"=""đăng ký vay tpbank online""","=""10""","=""0.72""","=""5""","=""Medium""","=""false"""
"=""ưu đãi của thẻ tín dụng tpbank""","=""10""","=""0""","=""7""","=""Low""","=""false"""
"=""ưu đãi mở thẻ tpbank""","=""10""","=""0""","=""5""","=""Low""","=""false"""
"=""ưu đãi mở thẻ tín dụng tpbank""","=""10""","=""1.14""","=""7""","=""Low""","=""false"""
"=""ưu đãi thẻ visa tpbank""","=""10""","=""0""","=""5""","=""Low""","=""false"""
"=""ưu đãi visa tpbank""","=""10""","=""0""","=""4""","=""Low""","=""false"""
"=""ứng dụng savy của tpbank""","=""10""","=""0""","=""5""","=""Low""","=""false"""
"=""ứng dụng tpbank mobile""","=""10""","=""0""","=""4""","=""Low""","=""true"""
"=""ứng tiền nhanh tpbank""","=""10""","=""0""","=""4""","=""Low""","=""false"""
"=""ứng tiền thẻ tín dụng tpbank""","=""10""","=""0""","=""6""","=""Low""","=""false"""
"=""ứng tiền tpbank""","=""10""","=""0""","=""3""","=""Medium""","=""false"""
"=""ứng tiền từ the tín dụng tpbank""","=""10""","=""0""","=""7""","=""Low""","=""false"""
"=""ứng tiền từ thẻ tín dụng tpbank""","=""10""","=""0""","=""7""","=""Low""","=""false"""
"=""savy by tpbank""","=""10""","=""0""","=""3""","=""Low""","=""false"""
"=""cif tpbank""","=""10""","=""0""","=""2""","=""Low""","=""false"""
"=""cskh tpbank fico""","=""10""","=""0""","=""3""","=""Low""","=""false"""
"=""dk tpbank""","=""10""","=""0""","=""2""","=""High""","=""false"""
"=""mã etoken tpbank""","=""10""","=""0""","=""3""","=""Low""","=""false"""
"=""facepay tpbank""","=""10""","=""0""","=""2""","=""Low""","=""false"""
"=""mở thẻ tpbank freego""","=""10""","=""0""","=""4""","=""High""","=""false"""
"=""hotline tpbank hcm""","=""10""","=""0""","=""3""","=""Low""","=""false"""
"=""https tpbank vn""","=""10""","=""0""","=""3""","=""Low""","=""false"""
"=""face id tpbank bị khóa""","=""10""","=""0""","=""5""","=""Low""","=""false"""
"=""quên mk tpbank""","=""10""","=""0""","=""3""","=""Low""","=""false"""
"=""máy mpos tpbank""","=""10""","=""0""","=""3""","=""Medium""","=""true"""
"=""phí mpos tpbank""","=""10""","=""0""","=""3""","=""Low""","=""false"""
"=""mã otp tpbank""","=""10""","=""0""","=""3""","=""Low""","=""false"""
"=""sms otp tpbank""","=""10""","=""0""","=""3""","=""Low""","=""false"""
"=""mã pin tpbank mấy số""","=""10""","=""0""","=""5""","=""Low""","=""false"""
"=""mã pin tpbank""","=""10""","=""0""","=""3""","=""Low""","=""false"""
"=""mã pin tpbank là gì""","=""10""","=""0""","=""5""","=""Low""","=""false"""
"=""mã pin tpbank có máy số""","=""10""","=""0""","=""6""","=""Low""","=""false"""
"=""smart pos tpbank""","=""10""","=""0""","=""3""","=""Low""","=""false"""
"=""smartpos tpbank""","=""10""","=""0""","=""2""","=""Low""","=""false"""
"=""robber tpbank""","=""10""","=""0""","=""2""","=""Low""","=""false"""
"=""sms tpbank""","=""10""","=""0""","=""2""","=""Low""","=""false"""
"=""stk tpbank""","=""10""","=""0""","=""2""","=""Low""","=""false"""
"=""stk tpbank đẹp""","=""10""","=""0""","=""3""","=""Low""","=""false"""
"=""website tpbank com vn""","=""10""","=""0.49""","=""4""","=""Low""","=""false"""
"=""phí 8800 tpbank""","=""10""","=""0""","=""3""","=""Low""","=""false"""
"=""tại sao tpbank không chuyển khoản được""","=""10""","=""0""","=""7""","=""Low""","=""false"""
"=""tại sao tài khoản tpbank bị khoá""","=""10""","=""0""","=""7""","=""Low""","=""false"""
"=""liên kết tpbank với shopeepay""","=""10""","=""0""","=""5""","=""Low""","=""false"""
"=""billing address tpbank""","=""10""","=""0""","=""3""","=""Low""","=""false"""
"=""lịch bloc tpbank""","=""10""","=""0""","=""3""","=""Low""","=""false"""
"=""lịch bloc tpbank 2025""","=""10""","=""0""","=""4""","=""Low""","=""false"""
"=""cv tpbank 2026""","=""10""","=""0""","=""3""","=""Low""","=""false"""
"=""app tpbank ko vào được""","=""10""","=""0""","=""5""","=""Low""","=""false"""
"=""lscs tpbank""","=""10""","=""0""","=""2""","=""Low""","=""true"""
"=""ly tpbank""","=""10""","=""0""","=""2""","=""Low""","=""false"""
"=""thẻ mplus tpbank là gì""","=""10""","=""0""","=""5""","=""Low""","=""false"""
"=""quét nfc tpbank""","=""10""","=""0""","=""3""","=""Low""","=""false"""
"=""lấy otp tpbank""","=""10""","=""0""","=""3""","=""Low""","=""false"""
"=""voice ott tpbank""","=""10""","=""0""","=""3""","=""Low""","=""false"""
"=""sdt tpbank fico""","=""10""","=""0""","=""3""","=""Low""","=""false"""
"=""đổi sdt tpbank online""","=""10""","=""0""","=""4""","=""Low""","=""false"""
"=""tk tpbank bị khoá""","=""10""","=""0""","=""4""","=""Low""","=""true"""
"=""tổng đài tpbank zalo""","=""10""","=""0""","=""4""","=""Low""","=""false"""
"=""chat với tpbank""","=""10""","=""0""","=""3""","=""Low""","=""false"""
"=""liên kết tpbank với vetc""","=""10""","=""0""","=""5""","=""Low""","=""false"""
"=""vay tpbank từ bao nhiêu tuổi""","=""10""","=""0""","=""6""","=""Low""","=""false"""
"=""điểm loyalty tpbank để làm gì""","=""10""","=""0""","=""6""","=""Low""","=""false"""
"=""có nên làm the tín dụng tpbank""","=""0""","=""0""","=""7""","=""Low""","=""false"""
"=""làm the ngân hàng online tpbank""","=""0""","=""0""","=""6""","=""Low""","=""false"""
"=""nhân viên thẩm định qua điện thoại tpbank""","=""0""","=""0""","=""8""","=""Low""","=""false"""
"=""nhân viên tín dụng ngân hàng tpbank""","=""0""","=""0""","=""7""","=""Low""","=""false"""
"=""thủ tục làm the tín dụng tpbank""","=""0""","=""0""","=""7""","=""Low""","=""false"""
"=""vay theo bảo hiểm y tế tpbank""","=""0""","=""0""","=""7""","=""Low""","=""false"""
"=""visa tpbank sinh viên""","=""0""","=""0""","=""4""","=""Low""","=""false"""
"=""điều kiện làm the tín dụng tpbank""","=""0""","=""0""","=""7""","=""Low""","=""false"""
"=""đăng kí thẻ tpbank online""","=""0""","=""0""","=""5""","=""Low""","=""false"""
"=""đăng ký tpbank nhân tiền 500k""","=""0""","=""0""","=""6""","=""Low""","=""false"""
"=""đăng ký tpbank nhận tiền 2022""","=""0""","=""0""","=""6""","=""Low""","=""false"""
"=""đăng ký vay sinh viên tpbank""","=""0""","=""0""","=""6""","=""Low""","=""false"""
"=""ưu đãi mở thẻ tín dụng tpbank 2021""","=""0""","=""0""","=""8""","=""Low""","=""false"""
"=""ưu đãi mở thẻ tín dụng tpbank 2022""","=""0""","=""0""","=""8""","=""Low""","=""false"""
"=""ưu đãi thẻ tín dụng tpbank 2020""","=""0""","=""0""","=""7""","=""Low""","=""false"""
"=""ưu đãi thẻ tín dụng tpbank 2021""","=""0""","=""0""","=""7""","=""Low""","=""false"""
"=""ưu đãi thẻ tín dụng tpbank 2022""","=""0""","=""0""","=""7""","=""Low""","=""false"""
"=""công ty tpbank amc""","=""0""","=""0""","=""4""","=""Low""","=""false"""
"=""alm tpbank""","=""0""","=""0""","=""2""","=""Low""","=""false"""
"=""arm tpbank""","=""0""","=""0""","=""2""","=""Low""","=""false"""
"=""wechoice awards tpbank""","=""0""","=""0""","=""3""","=""Low""","=""false"""
"=""khung avatar tpbank""","=""0""","=""0""","=""3""","=""Low""","=""false"""
"=""bctc tpbank 2025""","=""0""","=""0""","=""3""","=""Low""","=""false"""
"=""bctc tpbank 2024""","=""0""","=""0""","=""3""","=""Low""","=""false"""
"=""bctc tpbank 2022""","=""0""","=""0""","=""3""","=""Low""","=""false"""
"=""bpm tpbank""","=""0""","=""0""","=""2""","=""Low""","=""false"""
"=""bmk tpbank""","=""0""","=""0""","=""2""","=""Low""","=""false"""
"=""livebank tpbank bmt""","=""0""","=""0""","=""3""","=""Low""","=""false"""
"=""bsb tpbank""","=""0""","=""0""","=""2""","=""Low""","=""false"""
"=""bank branch tpbank""","=""0""","=""0""","=""3""","=""Low""","=""false"""
"=""chi nhánh tpbank buôn ma thuột""","=""0""","=""0""","=""6""","=""Low""","=""false"""
"=""cake by tpbank""","=""0""","=""0""","=""3""","=""Low""","=""false"""
"=""timo by tpbank""","=""0""","=""0""","=""3""","=""Low""","=""false"""
"=""evo by tpbank""","=""0""","=""0""","=""3""","=""Low""","=""false"""
"=""cco tpbank""","=""0""","=""0""","=""2""","=""Low""","=""false"""
"=""cco tpbank là gì""","=""0""","=""0""","=""4""","=""Low""","=""false"""
"=""atm cdm tpbank""","=""0""","=""0""","=""3""","=""Low""","=""false"""
"=""cho tpbank""","=""0""","=""0""","=""2""","=""Low""","=""false"""
"=""cfo tpbank""","=""0""","=""0""","=""2""","=""Low""","=""false"""
"=""call center tpbank tuyển dụng""","=""0""","=""0""","=""5""","=""Low""","=""false"""
"=""cic tpbank vn""","=""0""","=""0""","=""3""","=""Low""","=""false"""
"=""cio tpbank""","=""0""","=""0""","=""2""","=""Low""","=""false"""
"=""clip tpbank""","=""0""","=""0""","=""2""","=""Low""","=""false"""
"=""bill ck tpbank""","=""0""","=""0""","=""3""","=""Low""","=""false"""
"=""loa ck tpbank""","=""0""","=""0""","=""3""","=""Low""","=""false"""
"=""lỗi ck tpbank""","=""0""","=""0""","=""3""","=""Low""","=""false"""
"=""cmo tpbank""","=""0""","=""0""","=""2""","=""Low""","=""false"""
"=""core banking tpbank""","=""0""","=""0""","=""3""","=""Low""","=""false"""
"=""ctv tpbank""","=""0""","=""0""","=""2""","=""Low""","=""false"""
"=""cty tpbank""","=""0""","=""0""","=""2""","=""Low""","=""false"""
"=""cttc tpbank""","=""0""","=""0""","=""2""","=""Low""","=""false"""
"=""cskh tpbank online""","=""0""","=""0""","=""3""","=""Low""","=""false"""
"=""hotline cskh tpbank""","=""0""","=""0""","=""3""","=""Low""","=""false"""
"=""review cskh tpbank""","=""0""","=""0""","=""3""","=""Low""","=""false"""
"=""giá cp tpbank""","=""0""","=""0""","=""3""","=""Low""","=""false"""
"=""mã cp tpbank""","=""0""","=""0""","=""3""","=""Low""","=""false"""
"=""cv tpbank mới nhất""","=""0""","=""0""","=""4""","=""Low""","=""false"""
"=""cv tpbank 2025""","=""0""","=""0""","=""3""","=""Low""","=""false"""
"=""cvc tpbank""","=""0""","=""0""","=""2""","=""Low""","=""false"""
"=""thẻ tpbank cung hoàng đạo""","=""0""","=""0""","=""5""","=""Low""","=""false"""
"=""dcb tpbank""","=""0""","=""0""","=""2""","=""Low""","=""false"""
"=""dev tpbank voz""","=""0""","=""0""","=""3""","=""Low""","=""false"""
"=""toongr ddaif tpbank""","=""0""","=""0""","=""3""","=""Low""","=""false"""
"=""so dt tpbank""","=""0""","=""0""","=""3""","=""Low""","=""false"""
"=""dvkh tpbank""","=""0""","=""0""","=""2""","=""Low""","=""false"""
"=""mail dvkh tpbank""","=""0""","=""0""","=""3""","=""Low""","=""false"""
"=""easy tpbank""","=""0""","=""0""","=""2""","=""Low""","=""false"""
"=""cskh tpbank email""","=""0""","=""0""","=""3""","=""Low""","=""false"""
"=""đổi email tpbank""","=""0""","=""0""","=""3""","=""Low""","=""false"""
"=""esim tpbank""","=""0""","=""0""","=""2""","=""Low""","=""false"""
"=""ebank tpbank etoken""","=""0""","=""0""","=""3""","=""Low""","=""false"""
"=""app tpbank etoken""","=""0""","=""0""","=""3""","=""Low""","=""false"""
"=""thẻ exsh tpbank là thẻ gì""","=""0""","=""0""","=""6""","=""Low""","=""false"""
"=""fanpage tpbank""","=""0""","=""0""","=""2""","=""Low""","=""false"""
"=""fax tpbank""","=""0""","=""0""","=""2""","=""Low""","=""false"""
"=""số fax tpbank""","=""0""","=""0""","=""3""","=""Low""","=""false"""
"=""fcc tpbank""","=""0""","=""0""","=""2""","=""Low""","=""false"""
"=""khối fm tpbank""","=""0""","=""0""","=""3""","=""Low""","=""false"""
"=""atm tpbank gan day""","=""0""","=""0""","=""4""","=""Low""","=""false"""
"=""gdv tpbank""","=""0""","=""0""","=""2""","=""Low""","=""false"""
"=""lương gdv tpbank""","=""0""","=""0""","=""3""","=""Low""","=""false"""
"=""phòng gd tpbank""","=""0""","=""0""","=""3""","=""Low""","=""false"""
"=""đổi gmail tpbank""","=""0""","=""0""","=""3""","=""Low""","=""false"""
"=""mã gth tpbank""","=""0""","=""0""","=""3""","=""Low""","=""false"""
"=""mã gt tpbank""","=""0""","=""0""","=""3""","=""Low""","=""false"""
"=""trụ sở tpbank hcm""","=""0""","=""0""","=""4""","=""Low""","=""false"""
"=""head office tpbank""","=""0""","=""0""","=""3""","=""Low""","=""false"""
"=""helios tpbank""","=""0""","=""0""","=""2""","=""Low""","=""false"""
"=""the tpbank het han""","=""0""","=""0""","=""4""","=""Low""","=""false"""
"=""hdsd tpbank biz""","=""0""","=""0""","=""3""","=""Low""","=""false"""
"=""hdqt tpbank""","=""0""","=""0""","=""2""","=""Low""","=""false"""
"=""livebank tpbank hiện đang mở""","=""0""","=""0""","=""5""","=""Low""","=""false"""
"=""tk hkd tpbank""","=""0""","=""0""","=""3""","=""Low""","=""false"""
"=""hr tpbank""","=""0""","=""0""","=""2""","=""Low""","=""false"""
"=""bank id tpbank""","=""0""","=""0""","=""3""","=""Low""","=""false"""
"=""iban tpbank là gì""","=""0""","=""0""","=""4""","=""Low""","=""false"""
"=""khối ib tpbank""","=""0""","=""0""","=""3""","=""Low""","=""false"""
"=""app tpbank ios""","=""0""","=""0""","=""3""","=""Low""","=""false"""
"=""test iq tpbank""","=""0""","=""0""","=""3""","=""Low""","=""false"""
"=""review tpbank it""","=""0""","=""0""","=""3""","=""Low""","=""false"""
"=""iso tpbank""","=""0""","=""0""","=""2""","=""Low""","=""false"""
"=""is tpbank safe""","=""0""","=""0""","=""3""","=""Low""","=""false"""
"=""is tpbank good""","=""0""","=""0""","=""3""","=""Low""","=""false"""
"=""bank key tpbank""","=""0""","=""0""","=""3""","=""Low""","=""false"""
"=""lounge key tpbank""","=""0""","=""0""","=""3""","=""Low""","=""false"""
"=""kpi tpbank""","=""0""","=""0""","=""2""","=""Low""","=""false"""
"=""dang ky tpbank online""","=""0""","=""0""","=""4""","=""Low""","=""false"""
"=""dang ky tpbank evo""","=""0""","=""0""","=""4""","=""Low""","=""false"""
"=""ldr tpbank""","=""0""","=""0""","=""2""","=""Low""","=""false"""
"=""tiểu luận tpbank""","=""0""","=""0""","=""3""","=""Low""","=""false"""
"=""hustlang tpbank lyrics""","=""0""","=""0""","=""3""","=""Low""","=""false"""
"=""mezone tpbank""","=""0""","=""0""","=""2""","=""Low""","=""false"""
"=""đổi mk tpbank""","=""0""","=""0""","=""3""","=""Low""","=""false"""
"=""nim tpbank""","=""0""","=""0""","=""2""","=""Low""","=""false"""
"=""mcc tpbank""","=""0""","=""0""","=""2""","=""Low""","=""false"""
"=""mcc tpbank evo""","=""0""","=""0""","=""3""","=""Low""","=""false"""
"=""account number tpbank là gì""","=""0""","=""0""","=""5""","=""Low""","=""false"""
"=""card number tpbank""","=""0""","=""0""","=""3""","=""Low""","=""false"""
"=""iban number tpbank""","=""0""","=""0""","=""3""","=""Low""","=""false"""
"=""chi nhánh tpbank ocean park""","=""0""","=""0""","=""5""","=""Low""","=""false"""
"=""zalo oa tpbank""","=""0""","=""0""","=""3""","=""Low""","=""false"""
"=""onsite tpbank""","=""0""","=""0""","=""2""","=""Low""","=""false"""
"=""vpbank or tpbank near me""","=""0""","=""0""","=""5""","=""Low""","=""false"""
"=""mail outlook tpbank""","=""0""","=""0""","=""3""","=""Low""","=""false"""
"=""smart otp tpbank có mất phí không""","=""0""","=""0""","=""7""","=""Low""","=""false"""
"=""vay oto tpbank""","=""0""","=""0""","=""3""","=""Low""","=""false"""
"=""đổi otp tpbank""","=""0""","=""0""","=""3""","=""Low""","=""false"""
"=""payroll tpbank""","=""0""","=""0""","=""2""","=""Low""","=""false"""
"=""pbo tpbank""","=""0""","=""0""","=""2""","=""Low""","=""false"""
"=""pbo tpbank là gì""","=""0""","=""0""","=""4""","=""Low""","=""false"""
"=""vay tpbank pizza""","=""0""","=""0""","=""3""","=""Low""","=""false"""
"=""đổi pin tpbank""","=""0""","=""0""","=""3""","=""Low""","=""false"""
"=""powerpoint tpbank""","=""0""","=""0""","=""2""","=""Low""","=""false"""
"=""phí pos tpbank""","=""0""","=""0""","=""3""","=""Low""","=""false"""
"=""soft pos tpbank""","=""0""","=""0""","=""3""","=""Low""","=""false"""
"=""áo polo tpbank""","=""0""","=""0""","=""3""","=""Low""","=""false"""
"=""qrshop tpbank""","=""0""","=""0""","=""2""","=""Low""","=""false"""
"=""quét qr tpbank""","=""0""","=""0""","=""3""","=""Low""","=""false"""
"=""tạo qr tpbank""","=""0""","=""0""","=""3""","=""Low""","=""false"""
"=""phí qltk tpbank""","=""0""","=""0""","=""3""","=""Low""","=""false"""
"=""rate tpbank""","=""0""","=""0""","=""2""","=""Low""","=""false"""
"=""rbo tpbank""","=""0""","=""0""","=""2""","=""Low""","=""false"""
"=""review tpbank evo""","=""0""","=""0""","=""3""","=""Low""","=""false"""
"=""mất sdt tpbank""","=""0""","=""0""","=""3""","=""Low""","=""false"""
"=""sepay tpbank""","=""0""","=""0""","=""2""","=""Low""","=""false"""
"=""3d secure tpbank""","=""0""","=""0""","=""3""","=""Low""","=""false"""
"=""shopname tpbank là gì""","=""0""","=""0""","=""4""","=""Low""","=""false"""
"=""sms tpbank có mất phí không""","=""0""","=""0""","=""6""","=""Low""","=""false"""
"=""softpos tpbank là gì""","=""0""","=""0""","=""4""","=""Low""","=""false"""
"=""standee tpbank""","=""0""","=""0""","=""2""","=""Low""","=""false"""
"=""max swift tpbank""","=""0""","=""0""","=""3""","=""Low""","=""false"""
"=""mã swift tpbank mobile""","=""0""","=""0""","=""4""","=""Low""","=""false"""
"=""mac swift tpbank""","=""0""","=""0""","=""3""","=""Low""","=""false"""
"=""mẫu slide tpbank""","=""0""","=""0""","=""3""","=""Low""","=""false"""
"=""logo tpbank svg""","=""0""","=""0""","=""3""","=""Low""","=""false"""
"=""sjc tpbank""","=""0""","=""0""","=""2""","=""Low""","=""false"""
"=""specialpre tpbank""","=""0""","=""0""","=""2""","=""Low""","=""false"""
"=""tổng đài tpbank spaylater""","=""0""","=""0""","=""4""","=""Low""","=""false"""
"=""td tpbank""","=""0""","=""0""","=""2""","=""Low""","=""false"""
"=""thẻ td tpbank evo""","=""0""","=""0""","=""4""","=""Low""","=""false"""
"=""số td tpbank""","=""0""","=""0""","=""3""","=""Low""","=""false"""
"=""tgđ tpbank""","=""0""","=""0""","=""2""","=""Low""","=""false"""
"=""test tpbank""","=""0""","=""0""","=""2""","=""Low""","=""false"""
"=""telesale tpbank""","=""0""","=""0""","=""2""","=""Low""","=""false"""
"=""tmcp tpbank""","=""0""","=""0""","=""2""","=""Low""","=""false"""
"=""tk tpbank bị phong toả""","=""0""","=""0""","=""5""","=""Low""","=""false"""
"=""tk tpbank có mấy số""","=""0""","=""0""","=""5""","=""Low""","=""false"""
"=""tk tpbank số đẹp""","=""0""","=""0""","=""4""","=""Low""","=""false"""
"=""ungdung tpbank""","=""0""","=""0""","=""2""","=""Low""","=""false"""
"=""unc tpbank""","=""0""","=""0""","=""2""","=""Low""","=""false"""
"=""mẫu unc tpbank""","=""0""","=""0""","=""3""","=""Low""","=""false"""
"=""username tpbank""","=""0""","=""0""","=""2""","=""Low""","=""false"""
"=""mua usd tpbank""","=""0""","=""0""","=""3""","=""Low""","=""false"""
"=""giá usd tpbank hôm nay""","=""0""","=""0""","=""5""","=""Low""","=""false"""
"=""đổi usd tpbank""","=""0""","=""0""","=""3""","=""Low""","=""false"""
"=""uu dai tpbank evo""","=""0""","=""0""","=""4""","=""Low""","=""false"""
"=""vfc tpbank""","=""0""","=""0""","=""2""","=""Low""","=""false"""
"=""săn vf3 tpbank""","=""0""","=""0""","=""3""","=""Low""","=""false"""
"=""vms tpbank""","=""0""","=""0""","=""2""","=""Low""","=""false"""
"=""vest tpbank""","=""0""","=""0""","=""2""","=""Low""","=""false"""
"=""vetc tpbank là gì""","=""0""","=""0""","=""4""","=""Low""","=""false"""
"=""nạp vetc tpbank""","=""0""","=""0""","=""3""","=""Low""","=""false"""
"=""crm tpbank vn""","=""0""","=""0""","=""3""","=""Low""","=""false"""
"=""voucher tpbank""","=""0""","=""0""","=""2""","=""Low""","=""false"""
"=""hsbc và tpbank""","=""0""","=""0""","=""3""","=""Low""","=""false"""
"=""vtm tpbank là gì""","=""0""","=""0""","=""4""","=""Low""","=""false"""
"=""máy vtm tpbank""","=""0""","=""0""","=""3""","=""Low""","=""false"""
"=""vp tpbank gần nhất""","=""0""","=""0""","=""4""","=""Low""","=""false"""
"=""vp tpbank""","=""0""","=""0""","=""2""","=""Low""","=""false"""
"=""wifi tpbank""","=""0""","=""0""","=""2""","=""Low""","=""false"""
"=""web tpbank biz""","=""0""","=""0""","=""3""","=""Low""","=""false"""
"=""webmail tpbank""","=""0""","=""0""","=""2""","=""Low""","=""false"""
"=""wechoice tpbank""","=""0""","=""0""","=""2""","=""Low""","=""false"""
"=""vay xe tpbank""","=""0""","=""0""","=""3""","=""Low""","=""false"""
"=""vay nhanh tpbank zalo""","=""0""","=""0""","=""4""","=""Low""","=""false"""
"=""cách để vay tpbank""","=""0""","=""0""","=""4""","=""Low""","=""false"""
"=""vay tpbank như thế nào""","=""0""","=""0""","=""5""","=""Low""","=""false"""
"=""tại sao tpbank có 2 số tài khoản""","=""0""","=""0""","=""8""","=""Low""","=""false"""
"=""tại sao tpbank không đăng nhập được""","=""0""","=""0""","=""7""","=""Low""","=""false"""
"=""tại sao tpbank không nhận được tiền""","=""0""","=""0""","=""7""","=""Low""","=""false"""
"=""tại sao thẻ tpbank không rút được tiền""","=""0""","=""0""","=""8""","=""Low""","=""false"""
"=""tại sao app tpbank không vào được""","=""0""","=""0""","=""7""","=""Low""","=""false"""
"=""tại sao thẻ tpbank bị khoá""","=""0""","=""0""","=""6""","=""Low""","=""false"""
"=""tại sao không vay được tpbank""","=""0""","=""0""","=""6""","=""Low""","=""false"""
"=""tại sao mở tài khoản tpbank online không được""","=""0""","=""0""","=""9""","=""Low""","=""false"""
"=""có nên vay tpbank không""","=""0""","=""0""","=""5""","=""Low""","=""false"""
"=""có nên dùng tpbank không""","=""0""","=""0""","=""5""","=""Low""","=""false"""
"=""bao nhiêu tuổi mở được tpbank""","=""0""","=""0""","=""6""","=""Low""","=""false"""
"=""vay tpbank trên fiza""","=""0""","=""0""","=""4""","=""Low""","=""false"""
"=""app tpbank trên máy tính""","=""0""","=""0""","=""5""","=""Low""","=""false"""
"=""thẻ tpbank trên momo""","=""0""","=""0""","=""4""","=""Low""","=""false"""
"=""mở tk tpbank dưới 18 tuổi""","=""0""","=""0""","=""6""","=""Low""","=""false"""
"=""vpbank với tpbank""","=""0""","=""0""","=""3""","=""Low""","=""false"""
"=""liên kết tpbank với apple pay""","=""0""","=""0""","=""6""","=""Low""","=""false"""
"=""điểm thưởng tpbank để làm gì""","=""0""","=""0""","=""6""","=""Low""","=""false"""
"=""so sánh tpbank và mb bank""","=""0""","=""0""","=""6""","=""Low""","=""false"""
"=""so sánh tpbank và vpbank""","=""0""","=""0""","=""5""","=""Low""","=""false"""
"=""so sánh tpbank và techcombank""","=""0""","=""0""","=""5""","=""Low""","=""false"""
"=""so sánh thẻ tpbank""","=""0""","=""0""","=""4""","=""Low""","=""false"""
"=""so sánh vib và tpbank""","=""0""","=""0""","=""5""","=""Low""","=""false"""
"=""so sánh acb và tpbank""","=""0""","=""0""","=""5""","=""Low""","=""false"""
"=""so sánh vietcombank và tpbank""","=""0""","=""0""","=""5""","=""Low""","=""false"""
"=""so sánh thẻ tín dụng tpbank""","=""0""","=""0""","=""6""","=""Low""","=""false"""
"=""so sánh thẻ tín dụng tpbank và vpbank""","=""0""","=""0""","=""8""","=""Low""","=""false"""
"=""so sánh các loại thẻ tpbank""","=""0""","=""0""","=""6""","=""Low""","=""false"""
"=""thẻ tín dụng tpbank không có hạn mức""","=""0""","=""0""","=""8""","=""Low""","=""false"""
"=""làm sao để vay tpbank""","=""0""","=""0""","=""5""","=""Low""","=""false"""
"=""làm sao để vay được tpbank""","=""0""","=""0""","=""6""","=""Low""","=""false"""
"=""làm sao để vay tiền tpbank""","=""0""","=""0""","=""6""","=""Low""","=""false"""
"=""làm sao để tích điểm tpbank""","=""0""","=""0""","=""6""","=""Low""","=""false"""
"=""tp bank""","=""74000""","=""0.69""","=""2""","=""Low""","=""false"""
"=""ngân hàng tp bank""","=""18100""","=""0.43""","=""4""","=""Low""","=""false"""
"=""app tp bank""","=""8100""","=""0.82""","=""3""","=""Low""","=""false"""
"=""ngan hang tienphong""","=""8100""","=""0.57""","=""3""","=""Low""","=""false"""
"=""tổng đài tienphongbank""","=""5400""","=""0.29""","=""3""","=""Low""","=""false"""
"=""tienphongbank tuyển dụng""","=""4400""","=""0.09""","=""3""","=""Low""","=""false"""
"=""thẻ tín dụng tienphongbank""","=""2900""","=""1.1""","=""4""","=""Medium""","=""false"""
"=""tp livebank""","=""2400""","=""0""","=""2""","=""Low""","=""false"""
"=""ngân hàng tiên phong bank""","=""1900""","=""0.32""","=""5""","=""Low""","=""true"""
"=""livebank tp bank""","=""1900""","=""0.99""","=""3""","=""Low""","=""true"""
"=""ngan hang tien phong bank""","=""1900""","=""0.32""","=""5""","=""Low""","=""true"""
"=""tổng đài tp bank""","=""1600""","=""0.53""","=""4""","=""Low""","=""false"""
"=""ngan hang tp bank""","=""1300""","=""0.33""","=""4""","=""Low""","=""false"""
"=""tp bank la ngan hang gi""","=""1300""","=""0.61""","=""6""","=""Low""","=""true"""
"=""ngan hang tp bank la ngan hang gi""","=""720""","=""0""","=""8""","=""Low""","=""false"""
"=""thẻ tín dụng tp bank""","=""590""","=""1.05""","=""5""","=""Medium""","=""false"""
"=""vay tp bank""","=""590""","=""0.84""","=""3""","=""Medium""","=""false"""
"=""tp bank livebank""","=""590""","=""0""","=""3""","=""Low""","=""false"""
"=""tuyển dụng tienphongbank""","=""590""","=""0.08""","=""3""","=""Low""","=""false"""
"=""tổng đài ngân hàng tp bank""","=""480""","=""0""","=""6""","=""Low""","=""false"""
"=""hotline tp bank""","=""480""","=""0""","=""3""","=""Low""","=""false"""
"=""tmcp tien phong""","=""480""","=""0.84""","=""3""","=""Low""","=""false"""
"=""tp bank hotline""","=""480""","=""0.51""","=""3""","=""Low""","=""false"""
"=""tpb savy""","=""480""","=""0""","=""2""","=""Low""","=""false"""
"=""vay tín chấp tienphongbank""","=""480""","=""0.92""","=""4""","=""Medium""","=""false"""
"=""tp bank vay""","=""390""","=""0.75""","=""3""","=""Medium""","=""false"""
"=""tp bank visa signature""","=""390""","=""0""","=""4""","=""Low""","=""true"""
"=""mở thẻ tín dụng tp bank""","=""320""","=""1.26""","=""6""","=""High""","=""false"""
"=""tổng đài tiên phong bank""","=""320""","=""0""","=""5""","=""Low""","=""false"""
"=""vpbank faker""","=""320""","=""0""","=""2""","=""Low""","=""false"""
"=""số tổng đài ngân hàng tp bank""","=""260""","=""0""","=""7""","=""Low""","=""false"""
"=""số điện thoại ngân hàng tp bank""","=""210""","=""0""","=""7""","=""Low""","=""false"""
"=""số tổng đài tp bank""","=""210""","=""0""","=""5""","=""Low""","=""false"""
"=""tp bank app""","=""210""","=""0.95""","=""3""","=""Low""","=""false"""
"=""tp bank online""","=""170""","=""0.47""","=""3""","=""Low""","=""false"""
"=""gio lam viec tp bank""","=""170""","=""0""","=""5""","=""Low""","=""false"""
"=""ngân hàng tmcp tiên phong tienphongbank""","=""170""","=""0""","=""6""","=""Low""","=""false"""
"=""tp bank tuyển dụng""","=""170""","=""0.12""","=""4""","=""Low""","=""false"""
"=""tpb chia cổ tức""","=""170""","=""0""","=""4""","=""Low""","=""false"""
"=""tp bank thẻ tín dụng""","=""140""","=""1.07""","=""5""","=""Medium""","=""false"""
"=""tổng đài ngân hàng tiên phong""","=""140""","=""0""","=""6""","=""Low""","=""false"""
"=""vay tín chấp tp bank""","=""140""","=""0.8""","=""5""","=""Medium""","=""false"""
"=""cách mở thẻ tín dụng tp bank""","=""140""","=""0.96""","=""7""","=""Medium""","=""false"""
"=""mb livebank""","=""140""","=""0""","=""2""","=""Low""","=""false"""
"=""ngân hàng tiền phong bank""","=""140""","=""0""","=""5""","=""Low""","=""false"""
"=""tp bank visa""","=""140""","=""1.43""","=""3""","=""Low""","=""false"""
"=""ungdung tpb""","=""140""","=""0""","=""2""","=""Low""","=""false"""
"=""vay tin chap tp bank""","=""140""","=""0.8""","=""5""","=""Medium""","=""false"""
"=""địa chỉ ngân hàng tienphongbank""","=""140""","=""0""","=""5""","=""Low""","=""false"""
"=""địa chỉ ngân hàng tp bank""","=""140""","=""0""","=""6""","=""Low""","=""false"""
"=""vay tiền tp bank""","=""110""","=""0.77""","=""4""","=""High""","=""false"""
"=""mở tài khoản tp bank""","=""110""","=""0.84""","=""5""","=""Medium""","=""false"""
"=""vay online tp bank""","=""110""","=""0.79""","=""4""","=""High""","=""false"""
"=""tp bank vay tín chấp""","=""110""","=""1.01""","=""5""","=""Medium""","=""false"""
"=""tp bank tổng đài""","=""110""","=""0""","=""4""","=""Low""","=""false"""
"=""1900636633""","=""110""","=""0""","=""1""","=""Low""","=""false"""
"=""cổ tức tpb""","=""110""","=""0""","=""3""","=""Low""","=""false"""
"=""hotline ngân hàng tp bank""","=""110""","=""0""","=""5""","=""Low""","=""false"""
"=""tp bank lý thường kiệt""","=""110""","=""0""","=""5""","=""Low""","=""false"""
"=""tuyển dụng tp bank""","=""110""","=""0.08""","=""4""","=""Low""","=""false"""
"=""livebank 24 7""","=""90""","=""0""","=""3""","=""Low""","=""false"""
"=""ngân tp bank""","=""90""","=""0.55""","=""3""","=""Low""","=""false"""
"=""tp bank phan đăng lưu""","=""90""","=""0""","=""5""","=""Low""","=""false"""
"=""tp bank vay online""","=""90""","=""0.75""","=""4""","=""Medium""","=""false"""
"=""tổng đài ngân hàng tiên phong bank""","=""90""","=""0""","=""7""","=""Low""","=""false"""
"=""visa tp bank""","=""90""","=""1.12""","=""3""","=""Low""","=""false"""
"=""số điện thoại ngân hàng tiên phong""","=""70""","=""0""","=""7""","=""Low""","=""false"""
"=""mở thẻ tín dụng tp bank online""","=""70""","=""1.59""","=""7""","=""High""","=""false"""
"=""mở tài khoản tp bank online""","=""70""","=""1.1""","=""6""","=""Medium""","=""false"""
"=""mở thẻ visa tp bank""","=""70""","=""1.28""","=""5""","=""Medium""","=""false"""
"=""pgd tp bank""","=""70""","=""0""","=""3""","=""Low""","=""false"""
"=""thẻ tp bank visa""","=""70""","=""0.96""","=""4""","=""Low""","=""false"""
"=""tp bank cộng hòa""","=""70""","=""0""","=""4""","=""Low""","=""false"""
"=""tp bank doanh nghiệp""","=""70""","=""0""","=""4""","=""Low""","=""false"""
"=""tp bank gio lam viec""","=""70""","=""0""","=""5""","=""Low""","=""false"""
"=""tp bank ngân hàng""","=""70""","=""0""","=""4""","=""Low""","=""false"""
"=""tp bank quang trung""","=""70""","=""0""","=""4""","=""Low""","=""false"""
"=""tp bank savy""","=""70""","=""0""","=""3""","=""Low""","=""true"""
"=""tp bank trần não""","=""70""","=""0""","=""4""","=""Low""","=""false"""
"=""livebank tp""","=""50""","=""0""","=""2""","=""Low""","=""false"""
"=""ngân hàng tienphongbank tuyển dụng""","=""50""","=""0""","=""5""","=""Low""","=""false"""
"=""số điện thoại tổng đài ngân hàng tp bank""","=""50""","=""0""","=""9""","=""Low""","=""true"""
"=""tp bank linh đàm""","=""50""","=""0""","=""4""","=""Low""","=""false"""
"=""tp bank nguyễn khánh toàn""","=""50""","=""0""","=""5""","=""Low""","=""false"""
"=""tp bank phạm hùng""","=""50""","=""0""","=""4""","=""Low""","=""false"""
"=""tp bank signature""","=""50""","=""0""","=""3""","=""Low""","=""false"""
"=""tp bank visa debit""","=""50""","=""1.01""","=""4""","=""Low""","=""true"""
"=""tp bank web""","=""50""","=""0""","=""3""","=""Low""","=""false"""
"=""tp bank đỗ xuân hợp""","=""50""","=""0""","=""5""","=""Low""","=""false"""
"=""the tin dung tp bank""","=""40""","=""0""","=""5""","=""Low""","=""false"""
"=""tp bank tín dụng""","=""40""","=""0.97""","=""4""","=""Medium""","=""false"""
"=""hỗ trợ tp bank""","=""40""","=""0""","=""4""","=""Low""","=""false"""
"=""mo the tp bank""","=""40""","=""1.05""","=""4""","=""High""","=""false"""
"=""ngân hàng tiên phong số điện thoại""","=""40""","=""0""","=""7""","=""Low""","=""false"""
"=""tp bank kỳ đồng""","=""40""","=""0""","=""4""","=""Low""","=""false"""
"=""tp bank login""","=""40""","=""0""","=""3""","=""Low""","=""true"""
"=""tp bank phú mỹ hưng""","=""40""","=""0""","=""5""","=""Low""","=""false"""
"=""tp bank thẻ""","=""40""","=""1.47""","=""3""","=""Low""","=""false"""
"=""tài khoản tp bank""","=""40""","=""0.6""","=""4""","=""Low""","=""false"""
"=""visa debit tp bank""","=""40""","=""0""","=""4""","=""Low""","=""false"""
"=""làm thẻ tín dụng tp bank""","=""30""","=""1.23""","=""6""","=""High""","=""false"""
"=""điều kiện mở thẻ tín dụng tp bank""","=""30""","=""0.7""","=""8""","=""Medium""","=""false"""
"=""tp bank mở thẻ tín dụng""","=""30""","=""1.24""","=""6""","=""High""","=""true"""
"=""làm thẻ tp bank""","=""30""","=""1.36""","=""4""","=""Low""","=""false"""
"=""tín dụng tp bank""","=""30""","=""1.17""","=""4""","=""Medium""","=""false"""
"=""thẻ tp bank""","=""30""","=""0""","=""3""","=""Low""","=""false"""
"=""số điện thoại ngân hàng tiên phong bank""","=""30""","=""0""","=""8""","=""Low""","=""false"""
"=""bill tp bank""","=""30""","=""0""","=""3""","=""Low""","=""false"""
"=""cách mở thẻ tp bank""","=""30""","=""1.41""","=""5""","=""Medium""","=""false"""
"=""hotline ngân hàng tiên phong""","=""30""","=""0""","=""5""","=""Low""","=""false"""
"=""https tpb vn""","=""30""","=""0.59""","=""3""","=""Low""","=""false"""
"=""làm thẻ visa tp bank""","=""30""","=""1.46""","=""5""","=""Medium""","=""true"""
"=""nh tp bank""","=""30""","=""0.41""","=""3""","=""Low""","=""true"""
"=""nhân viên tp bank""","=""30""","=""0""","=""4""","=""Low""","=""false"""
"=""số điện thoại tp bank""","=""30""","=""0""","=""5""","=""Low""","=""true"""
"=""số điện thoại tổng đài tp bank""","=""30""","=""0""","=""7""","=""Low""","=""false"""
"=""thẻ tienphongbank""","=""30""","=""0""","=""2""","=""Low""","=""false"""
"=""tp bank ipay""","=""30""","=""0""","=""3""","=""Low""","=""false"""
"=""tp bank momo""","=""30""","=""0""","=""3""","=""Low""","=""false"""
"=""tp bank trường chinh""","=""30""","=""0""","=""4""","=""Low""","=""false"""
"=""địa chỉ tp bank""","=""30""","=""0""","=""4""","=""Low""","=""false"""
"=""lịch bloc vpbank 2026""","=""30""","=""0""","=""4""","=""Medium""","=""false"""
"=""đăng ký thẻ tín dụng tp bank""","=""20""","=""1.19""","=""7""","=""High""","=""false"""
"=""vay tín dụng tp bank""","=""20""","=""0.78""","=""5""","=""Medium""","=""true"""
"=""đăng ký tp bank""","=""20""","=""1""","=""4""","=""Medium""","=""false"""
"=""vay tiền nhanh tp bank""","=""20""","=""0.58""","=""5""","=""Medium""","=""false"""
"=""mở tk tp bank online""","=""20""","=""0.92""","=""5""","=""Medium""","=""false"""
"=""mở thẻ tp bank online""","=""20""","=""1.92""","=""5""","=""Medium""","=""false"""
"=""hotline ngân hàng tiên phong bank""","=""20""","=""0""","=""6""","=""Low""","=""false"""
"=""liên hệ tp bank""","=""20""","=""0""","=""4""","=""Low""","=""false"""
"=""mở tk tp bank""","=""20""","=""0.72""","=""4""","=""Low""","=""false"""
"=""ngân hàng tiên phong hotline""","=""20""","=""0""","=""5""","=""Low""","=""false"""
"=""ngân hàng tiên phong tp bank""","=""20""","=""0""","=""6""","=""Low""","=""false"""
"=""ngân hàng tp bank tuyển dụng""","=""20""","=""0""","=""6""","=""Low""","=""false"""
"=""số hotline ngân hàng tiên phong bank""","=""20""","=""0""","=""7""","=""Low""","=""false"""
"=""số tp bank""","=""20""","=""0""","=""3""","=""Low""","=""true"""
"=""số tổng đài ngân hàng tiên phong bank""","=""20""","=""0""","=""8""","=""Low""","=""false"""
"=""the visa tp bank""","=""20""","=""1.05""","=""4""","=""Low""","=""true"""
"=""thẻ tín dụng ngân hàng tp bank""","=""20""","=""1""","=""7""","=""Medium""","=""false"""
"=""tk tp bank""","=""20""","=""0""","=""3""","=""Low""","=""false"""
"=""tp bank chùa bộc""","=""20""","=""0""","=""4""","=""Low""","=""false"""
"=""tp bank hỗ trợ""","=""20""","=""0""","=""4""","=""Low""","=""false"""
"=""tp bank jcb""","=""20""","=""0""","=""3""","=""Low""","=""false"""
"=""tp bank liên hệ""","=""20""","=""0""","=""4""","=""Low""","=""false"""
"=""tp bank mastercard""","=""20""","=""0.64""","=""3""","=""Low""","=""false"""
"=""tp bank mở tài khoản online""","=""20""","=""0.81""","=""6""","=""Medium""","=""false"""
"=""tp bank platinum""","=""20""","=""0""","=""3""","=""Low""","=""false"""
"=""tp bank số điện thoại""","=""20""","=""0""","=""5""","=""Low""","=""false"""
"=""tp bank vay tiền""","=""20""","=""0.61""","=""4""","=""Medium""","=""false"""
"=""tp bank điện biên phủ""","=""20""","=""0""","=""5""","=""Low""","=""false"""
"=""tổng đài hỗ trợ tp bank""","=""20""","=""0""","=""6""","=""Low""","=""false"""
"=""vay tp bank online""","=""20""","=""0.99""","=""4""","=""Medium""","=""false"""
"=""địa chỉ ngân hàng tiên phong bank""","=""20""","=""0""","=""7""","=""Low""","=""false"""
"=""mở thẻ tín dụng online tp bank""","=""10""","=""2.39""","=""7""","=""High""","=""false"""
"=""làm thẻ tp bank online""","=""10""","=""0""","=""5""","=""Medium""","=""false"""
"=""vay vốn tp bank""","=""10""","=""0.38""","=""4""","=""Medium""","=""false"""
"=""vay ngân hàng tp bank""","=""10""","=""0""","=""5""","=""Medium""","=""false"""
"=""mở thẻ tp bank""","=""10""","=""0""","=""4""","=""Low""","=""false"""
"=""tp bank vay sinh viên""","=""10""","=""0""","=""5""","=""Low""","=""false"""
"=""làm thẻ ngân hàng tp bank""","=""10""","=""0""","=""6""","=""Low""","=""false"""
"=""thẻ ngân hàng tp bank""","=""10""","=""0""","=""5""","=""Low""","=""false"""
"=""mo the tin dung tp bank""","=""10""","=""0""","=""6""","=""Low""","=""false"""
"=""mở thẻ tín dụng tpb""","=""10""","=""0""","=""5""","=""High""","=""false"""
"=""vay thẻ tín dụng tp bank""","=""10""","=""0.81""","=""6""","=""Medium""","=""false"""
"=""tp bank mở thẻ online""","=""10""","=""0""","=""5""","=""Low""","=""false"""
"=""vay ngan hang tp bank""","=""10""","=""0""","=""5""","=""Medium""","=""false"""
"=""đăng ký online tp bank""","=""10""","=""0""","=""5""","=""Low""","=""false"""
"=""đăng ký thẻ tín dụng tp bank online""","=""10""","=""0""","=""8""","=""Low""","=""false"""
"=""đăng ký ngân hàng tp bank""","=""10""","=""0""","=""6""","=""High""","=""false"""
"=""vay tiền mặt tp bank""","=""10""","=""0.96""","=""5""","=""Medium""","=""false"""
"=""vay vốn ngân hàng tp bank""","=""10""","=""0""","=""6""","=""High""","=""false"""
"=""vay tiền qua tp bank""","=""10""","=""0.61""","=""5""","=""High""","=""false"""
"=""1800585885""","=""10""","=""0""","=""1""","=""Low""","=""false"""
"=""ap tp bank""","=""10""","=""0""","=""3""","=""Low""","=""false"""
"=""app ngân hàng tp bank""","=""10""","=""0""","=""5""","=""Low""","=""false"""
"=""bảng vay tp bank""","=""10""","=""0""","=""4""","=""Low""","=""false"""
"=""cake tp bank""","=""10""","=""0.53""","=""3""","=""Low""","=""true"""
"=""ctv tp bank""","=""10""","=""0""","=""3""","=""Low""","=""false"""
"=""các ngân hàng liên kết với tp bank""","=""10""","=""0""","=""8""","=""Low""","=""false"""
"=""cách in thẻ tp bank""","=""10""","=""0""","=""5""","=""Low""","=""false"""
"=""cách làm thẻ ngân hàng tp bank online""","=""10""","=""0.43""","=""8""","=""Medium""","=""false"""
"=""cách làm thẻ tp tại livebank""","=""10""","=""0""","=""6""","=""Low""","=""false"""
"=""cách làm thẻ tại livebank""","=""10""","=""0""","=""5""","=""Low""","=""false"""
"=""cách mở tài khoản tp bank online""","=""10""","=""0.56""","=""7""","=""Low""","=""false"""
"=""cách nhận 30k từ tp bank""","=""10""","=""0""","=""6""","=""Low""","=""false"""
"=""cách vay tiền tp bank""","=""10""","=""0""","=""5""","=""Low""","=""false"""
"=""cách vay tp bank""","=""10""","=""0""","=""4""","=""Low""","=""false"""
"=""cách đăng ký tp bank""","=""10""","=""0.45""","=""5""","=""High""","=""false"""
"=""cách đăng ký tài khoản tp bank""","=""10""","=""0""","=""7""","=""Low""","=""false"""
"=""có nên vay tiền tp bank""","=""10""","=""0""","=""6""","=""Low""","=""false"""
"=""công ty tp bank""","=""10""","=""0""","=""4""","=""Low""","=""false"""
"=""công ty tài chính tp bank""","=""10""","=""0""","=""6""","=""Low""","=""false"""
"=""dichvu_khachhang tpb""","=""10""","=""0""","=""2""","=""Low""","=""false"""
"=""dịch vụ tp bank""","=""10""","=""0""","=""4""","=""Low""","=""false"""
"=""e bank tp bank""","=""10""","=""0""","=""4""","=""Low""","=""false"""
"=""e tp bank""","=""10""","=""0""","=""3""","=""Low""","=""false"""
"=""gấu bông tp bank""","=""10""","=""0""","=""4""","=""High""","=""false"""
"=""hotline của tp bank""","=""10""","=""0""","=""4""","=""Low""","=""false"""
"=""hotline tien phong bank""","=""10""","=""0""","=""4""","=""Low""","=""false"""
"=""hạn mức tp bank""","=""10""","=""0""","=""4""","=""Low""","=""false"""
"=""hệ thống ngân hàng tp bank""","=""10""","=""0""","=""6""","=""Low""","=""false"""
"=""hệ thống tp bank""","=""10""","=""0""","=""4""","=""Low""","=""false"""
"=""hỗ trợ vay vốn tp bank""","=""10""","=""0""","=""6""","=""High""","=""false"""
"=""hợp đồng tp bank""","=""10""","=""0""","=""4""","=""Low""","=""false"""
"=""lam the tin dung tp bank""","=""10""","=""0""","=""6""","=""Low""","=""false"""
"=""lam the tp bank""","=""10""","=""0""","=""4""","=""Low""","=""false"""
"=""lam the tp bank online""","=""10""","=""0""","=""5""","=""High""","=""false"""
"=""liên kết momo với tp bank""","=""10""","=""0""","=""6""","=""Low""","=""false"""
"=""liên kết tp bank với momo""","=""10""","=""0""","=""6""","=""Low""","=""false"""
"=""liên kết tp bank với shopee""","=""10""","=""0""","=""6""","=""Low""","=""false"""
"=""làm thẻ cứng tp bank""","=""10""","=""0""","=""5""","=""Low""","=""false"""
"=""làm thẻ ngân hàng tp bank online""","=""10""","=""0""","=""7""","=""Low""","=""false"""
"=""làm thẻ tp bank số đẹp""","=""10""","=""0""","=""6""","=""Low""","=""false"""
"=""làm thẻ tp bank tại nhà""","=""10""","=""0""","=""6""","=""Low""","=""false"""
"=""làm thẻ tín dụng tp bank online""","=""10""","=""0.5""","=""7""","=""High""","=""false"""
"=""làm thẻ tại livebank""","=""10""","=""0""","=""4""","=""Low""","=""false"""
"=""làm tp bank""","=""10""","=""0""","=""3""","=""Low""","=""false"""
"=""lô gô ngân hàng tp bank""","=""10""","=""0""","=""6""","=""Low""","=""false"""
"=""lập tài khoản ngân hàng tp bank""","=""10""","=""0""","=""7""","=""Low""","=""false"""
"=""lập tài khoản tp bank""","=""10""","=""0.87""","=""5""","=""Medium""","=""false"""
"=""lập tài khoản tp bank online""","=""10""","=""0""","=""6""","=""Low""","=""false"""
"=""mail tp bank""","=""10""","=""0""","=""3""","=""Low""","=""false"""
"=""mb bank và tp bank""","=""10""","=""0""","=""5""","=""Low""","=""false"""
"=""mở ngân hàng tp bank""","=""10""","=""0""","=""5""","=""Low""","=""false"""
"=""mở thẻ ngân hàng tp bank""","=""10""","=""0""","=""6""","=""Low""","=""false"""
"=""mở thẻ tại livebank""","=""10""","=""0""","=""4""","=""Low""","=""false"""
"=""mở tp bank""","=""10""","=""0.89""","=""3""","=""Medium""","=""true"""
"=""mở tài khoản ngân hàng tp bank""","=""10""","=""0""","=""7""","=""Low""","=""false"""
"=""mở tài khoản ngân hàng tp bank online""","=""10""","=""0""","=""8""","=""Low""","=""false"""
"=""mở tài khoản online tp bank""","=""10""","=""0""","=""6""","=""Low""","=""false"""
"=""mở tài khoản số đẹp tp bank""","=""10""","=""0""","=""7""","=""Low""","=""false"""
"=""mở tài khoản tp bank nhận tiền""","=""10""","=""0""","=""7""","=""Low""","=""true"""
"=""mở tài khoản tp bank số đẹp""","=""10""","=""0""","=""7""","=""Low""","=""false"""
"=""mở tài khoản tp bank trực tuyến""","=""10""","=""0""","=""7""","=""Medium""","=""false"""
"=""mở tài khoản tpb online""","=""10""","=""0""","=""5""","=""Low""","=""false"""
"=""ngaan hangf tp bank""","=""10""","=""0""","=""4""","=""Low""","=""false"""
"=""ngân hàng livebank""","=""10""","=""0""","=""3""","=""Low""","=""false"""
"=""ngân hàng liên kết với tp bank""","=""10""","=""0""","=""7""","=""Low""","=""false"""
"=""ngân hàng tmcp tp bank""","=""10""","=""0""","=""5""","=""Low""","=""false"""
"=""ngân hàng tp bank hotline""","=""10""","=""0""","=""5""","=""Low""","=""false"""
"=""ngân hàng tp bank số điện thoại""","=""10""","=""0""","=""7""","=""Low""","=""false"""
"=""ngân hàng tp bank tổng đài""","=""10""","=""0""","=""6""","=""Low""","=""false"""
"=""ngân hàng tp bank vay tín chấp""","=""10""","=""0.6""","=""7""","=""Medium""","=""false"""
"=""ngân hàng tp bank địa chỉ""","=""10""","=""0""","=""6""","=""Low""","=""false"""
"=""nh tien phong bank""","=""10""","=""0""","=""4""","=""Low""","=""false"""
"=""nhan hang tp bank""","=""10""","=""0""","=""4""","=""Low""","=""false"""
"=""nhân viên ngân hàng tp bank""","=""10""","=""0""","=""6""","=""Low""","=""false"""
"=""nhân viên tín dụng tp bank""","=""10""","=""0""","=""6""","=""Low""","=""false"""
"=""nhân viên tư vấn tp bank""","=""10""","=""0""","=""6""","=""Low""","=""false"""
"=""sale tp bank""","=""10""","=""0""","=""3""","=""Low""","=""false"""
"=""savy vay""","=""10""","=""0""","=""2""","=""Low""","=""false"""
"=""sinh viên vay tiền tp bank""","=""10""","=""0""","=""6""","=""Low""","=""false"""
"=""sản phẩm tp bank""","=""10""","=""0""","=""4""","=""Low""","=""false"""
"=""số hotline tienphongbank""","=""10""","=""0""","=""3""","=""Low""","=""false"""
"=""số hotline tp bank""","=""10""","=""0""","=""4""","=""Low""","=""false"""
"=""số ngân hàng tiên phong""","=""10""","=""0""","=""5""","=""Low""","=""false"""
"=""số ngân hàng tp bank""","=""10""","=""0""","=""5""","=""Low""","=""false"""
"=""số thẻ ngân hàng tp bank""","=""10""","=""0""","=""6""","=""Low""","=""false"""
"=""số thẻ tp bank""","=""10""","=""0""","=""4""","=""Low""","=""false"""
"=""số tài khoản ngân hàng tp bank""","=""10""","=""0""","=""7""","=""Low""","=""false"""
"=""số tài khoản tp bank""","=""10""","=""0""","=""5""","=""Low""","=""false"""
"=""số tài khoản đẹp tp bank""","=""10""","=""0""","=""6""","=""Low""","=""false"""
"=""số điện thoại của ngân hàng tiên phong bank""","=""10""","=""0""","=""9""","=""Low""","=""false"""
"=""số điện thoại của ngân hàng tp bank""","=""10""","=""0""","=""8""","=""Low""","=""false"""
"=""số điện thoại liên hệ tp bank""","=""10""","=""0""","=""7""","=""Low""","=""false"""
"=""số điện thoại tổng đài tiền phong bank""","=""10""","=""0""","=""8""","=""Low""","=""false"""
"=""số đt ngân hàng tp bank""","=""10""","=""0""","=""6""","=""Low""","=""false"""
"=""số đt tp bank""","=""10""","=""0""","=""4""","=""Low""","=""false"""
"=""số đt tổng đài tp bank""","=""10""","=""0""","=""6""","=""Low""","=""false"""
"=""tao tai khoan tp bank""","=""10""","=""0""","=""5""","=""Low""","=""false"""
"=""the tp bank""","=""10""","=""0.76""","=""3""","=""Medium""","=""true"""
"=""thẩm định tp bank""","=""10""","=""0""","=""4""","=""Low""","=""false"""
"=""thẻ của tp bank""","=""10""","=""0""","=""4""","=""Low""","=""false"""
"=""thẻ livebank""","=""10""","=""0""","=""2""","=""Low""","=""false"""
"=""thẻ master tp bank""","=""10""","=""0""","=""4""","=""Low""","=""false"""
"=""thẻ mastercard tp bank""","=""10""","=""0""","=""4""","=""Low""","=""false"""
"=""thẻ tp bank thường""","=""10""","=""0""","=""4""","=""Low""","=""false"""
"=""thẻ visa cashfree""","=""10""","=""0""","=""3""","=""Low""","=""false"""
"=""thẻ visa của tp bank""","=""10""","=""0""","=""5""","=""Low""","=""false"""
"=""thẻ visa debit mplus tp bank""","=""10""","=""0""","=""6""","=""Low""","=""false"""
"=""thẻ visa debit tp bank""","=""10""","=""0""","=""5""","=""Low""","=""false"""
"=""thẻ visa ngân hàng tp bank""","=""10""","=""0""","=""6""","=""Low""","=""false"""
"=""thời gian làm việc của ngân hàng tp bank""","=""10""","=""0""","=""9""","=""Low""","=""false"""
"=""thời gian làm việc của tp bank""","=""10""","=""0""","=""7""","=""Low""","=""false"""
"=""thủ tục làm thẻ tín dụng tp bank""","=""10""","=""0""","=""8""","=""Low""","=""false"""
"=""tien phong bank online""","=""10""","=""0""","=""4""","=""Medium""","=""false"""
"=""timo tp bank""","=""10""","=""0""","=""3""","=""Low""","=""false"""
"=""timo và tp bank""","=""10""","=""0""","=""4""","=""Low""","=""false"""
"=""tiên phong bank tổng đài""","=""10""","=""0""","=""5""","=""Low""","=""false"""
"=""tiền mặt nhanh tp bank""","=""10""","=""0""","=""5""","=""Low""","=""false"""
"=""tk số đẹp tp bank""","=""10""","=""0""","=""5""","=""Low""","=""false"""
"=""tp bank 24 7""","=""10""","=""0""","=""4""","=""Low""","=""true"""
"=""tp bank com""","=""10""","=""0""","=""3""","=""Medium""","=""false"""
"=""tp bank e""","=""10""","=""0""","=""3""","=""Low""","=""false"""
"=""tp bank e bank""","=""10""","=""0""","=""4""","=""Low""","=""false"""
"=""tp bank finance""","=""10""","=""0""","=""3""","=""High""","=""false"""
"=""tp bank hỗ trợ sinh viên""","=""10""","=""0""","=""6""","=""Low""","=""false"""
"=""tp bank hỗ trợ vay vốn""","=""10""","=""0""","=""6""","=""Low""","=""false"""
"=""tp bank khuyến mãi""","=""10""","=""0""","=""4""","=""Low""","=""false"""
"=""tp bank la gi""","=""10""","=""0""","=""4""","=""Low""","=""false"""
"=""tp bank liên kết momo""","=""10""","=""0""","=""5""","=""Low""","=""false"""
"=""tp bank lua dao""","=""10""","=""0""","=""4""","=""Low""","=""false"""
"=""tp bank làm thẻ""","=""10""","=""0""","=""4""","=""Medium""","=""false"""
"=""tp bank làm thẻ online""","=""10""","=""0""","=""5""","=""Medium""","=""false"""
"=""tp bank làm thẻ tín dụng""","=""10""","=""0""","=""6""","=""High""","=""false"""
"=""tp bank lê đại hành""","=""10""","=""0""","=""5""","=""Low""","=""true"""
"=""tp bank mobile""","=""10""","=""0""","=""3""","=""Low""","=""false"""
"=""tp bank mobile app""","=""10""","=""0""","=""4""","=""Low""","=""false"""
"=""tp bank mở thẻ""","=""10""","=""2.06""","=""4""","=""Medium""","=""false"""
"=""tp bank mở tài khoản""","=""10""","=""0""","=""5""","=""Low""","=""false"""
"=""tp bank napas""","=""10""","=""0""","=""3""","=""Low""","=""false"""
"=""tp bank nhận tiền""","=""10""","=""0""","=""4""","=""Low""","=""false"""
"=""tp bank online doanh nghiệp""","=""10""","=""0""","=""5""","=""Low""","=""false"""
"=""tp bank shopee""","=""10""","=""1.08""","=""3""","=""Medium""","=""false"""
"=""tp bank số tổng đài""","=""10""","=""0""","=""5""","=""Low""","=""false"""
"=""tp bank số đẹp""","=""10""","=""0""","=""4""","=""Low""","=""false"""
"=""tp bank thẻ visa""","=""10""","=""0""","=""4""","=""Low""","=""false"""
"=""tp bank thời gian làm việc""","=""10""","=""0""","=""6""","=""Low""","=""false"""
"=""tp bank timo""","=""10""","=""0""","=""3""","=""Low""","=""false"""
"=""tp bank tiên phong""","=""10""","=""0""","=""4""","=""Low""","=""false"""
"=""tp bank vay tieu dung""","=""10""","=""0""","=""5""","=""Medium""","=""false"""
"=""tp bank vay tiền mặt""","=""10""","=""0""","=""5""","=""High""","=""false"""
"=""tp bank vay tín dụng""","=""10""","=""0""","=""5""","=""High""","=""false"""
"=""tp bank vay vốn""","=""10""","=""0""","=""4""","=""High""","=""false"""
"=""tp bank vay vốn sinh viên""","=""10""","=""0""","=""6""","=""Low""","=""false"""
"=""tp bank vnpay""","=""10""","=""0""","=""3""","=""Low""","=""false"""
"=""tp bank voz""","=""10""","=""0""","=""3""","=""Low""","=""false"""
"=""tp bank đăng ký""","=""10""","=""0""","=""4""","=""Medium""","=""false"""
"=""tp bank địa chỉ""","=""10""","=""0""","=""4""","=""Low""","=""false"""
"=""tp bank ưu đãi""","=""10""","=""0""","=""4""","=""Low""","=""false"""
"=""tpb chia cổ tức 2021""","=""10""","=""0""","=""5""","=""Low""","=""false"""
"=""tpb chia cổ tức 2022""","=""10""","=""0""","=""5""","=""Low""","=""false"""
"=""tuyển dụng ngân hàng tp bank""","=""10""","=""0""","=""6""","=""Low""","=""false"""
"=""tài chính tp bank""","=""10""","=""0.6""","=""4""","=""Medium""","=""false"""
"=""tài khoản số đẹp tp bank""","=""10""","=""0""","=""6""","=""Low""","=""false"""
"=""tín chấp tp bank""","=""10""","=""0""","=""4""","=""Low""","=""false"""
"=""tổng đài của ngân hàng tiên phong bank""","=""10""","=""0""","=""8""","=""Low""","=""false"""
"=""tổng đài thẻ tín dụng tp bank""","=""10""","=""0""","=""7""","=""Low""","=""true"""
"=""vay bên tp bank""","=""10""","=""0""","=""4""","=""Low""","=""false"""
"=""vay qua thẻ tín dụng tp bank""","=""10""","=""0""","=""7""","=""Low""","=""false"""
"=""vay sinh viên tp bank""","=""10""","=""0""","=""5""","=""Low""","=""false"""
"=""vay thế chấp tp bank""","=""10""","=""0""","=""5""","=""Low""","=""false"""
"=""vay tien ngan hang tp bank""","=""10""","=""0""","=""6""","=""Low""","=""false"""
"=""vay tien tp bank""","=""10""","=""0.51""","=""4""","=""High""","=""false"""
"=""vay tieu dung tp bank""","=""10""","=""0""","=""5""","=""Medium""","=""false"""
"=""vay tin chap ngan hang tp bank""","=""10""","=""0""","=""7""","=""Low""","=""false"""
"=""vay tin dung tp bank""","=""10""","=""0""","=""5""","=""Low""","=""false"""
"=""vay tiền bên tp bank""","=""10""","=""0.38""","=""5""","=""Medium""","=""false"""
"=""vay tiền ngân hàng tp bank""","=""10""","=""0""","=""6""","=""Low""","=""false"""
"=""vay tiền tp bank sinh viên""","=""10""","=""0""","=""6""","=""Low""","=""false"""
"=""vay tiền trên tp bank""","=""10""","=""0""","=""5""","=""Medium""","=""false"""
"=""vay tiền tín chấp tp bank""","=""10""","=""0.92""","=""6""","=""Medium""","=""false"""
"=""vay tiền tại tp bank""","=""10""","=""0.38""","=""5""","=""Medium""","=""false"""
"=""vay tiền ở tp bank""","=""10""","=""0""","=""5""","=""High""","=""false"""
"=""vay tín chấp tại tp bank""","=""10""","=""0""","=""6""","=""Medium""","=""false"""
"=""vay von ngan hang tp bank""","=""10""","=""0""","=""6""","=""High""","=""false"""
"=""vay von tp bank""","=""10""","=""0.38""","=""4""","=""Medium""","=""false"""
"=""vay vốn sinh viên tp bank""","=""10""","=""0""","=""6""","=""Low""","=""false"""
"=""visa cashfree""","=""10""","=""0""","=""2""","=""Low""","=""true"""
"=""visa ảo tp bank""","=""10""","=""0""","=""4""","=""Low""","=""false"""
"=""việc làm tp bank""","=""10""","=""0""","=""4""","=""Low""","=""false"""
"=""website tp bank""","=""10""","=""0""","=""3""","=""Low""","=""false"""
"=""điều kiện làm thẻ tp bank""","=""10""","=""0""","=""6""","=""Low""","=""false"""
"=""điều kiện làm thẻ tín dụng tp bank""","=""10""","=""0""","=""8""","=""High""","=""false"""
"=""điều kiện mở the tín dụng tp bank""","=""10""","=""0""","=""8""","=""Medium""","=""false"""
"=""điều kiện vay ngân hàng tp bank""","=""10""","=""0""","=""7""","=""Low""","=""false"""
"=""điều kiện vay tiền tp bank""","=""10""","=""0""","=""6""","=""Low""","=""false"""
"=""điều kiện vay tp bank""","=""10""","=""0""","=""5""","=""Low""","=""false"""
"=""đki tp bank""","=""10""","=""0""","=""3""","=""Low""","=""false"""
"=""đăng ký thẻ tp bank""","=""10""","=""0""","=""5""","=""Low""","=""false"""
"=""đăng ký thẻ tp bank online""","=""10""","=""0""","=""6""","=""Low""","=""false"""
"=""đăng ký tài khoản ngân hàng tp bank""","=""10""","=""0""","=""8""","=""Low""","=""false"""
"=""đăng ký tài khoản tp bank""","=""10""","=""0.66""","=""6""","=""Medium""","=""false"""
"=""đăng ký tài khoản tp bank online""","=""10""","=""1.16""","=""7""","=""Medium""","=""false"""
"=""ưu đãi khi mở tài khoản tp bank""","=""10""","=""0""","=""8""","=""Low""","=""false"""
"=""ưu đãi thẻ tín dụng tp bank""","=""10""","=""0""","=""7""","=""Low""","=""false"""
"=""ưu đãi tp bank""","=""10""","=""0""","=""4""","=""Low""","=""false"""
"=""ứng dụng savy""","=""10""","=""0""","=""3""","=""Low""","=""false"""
"=""ứng dụng tp bank""","=""10""","=""0""","=""4""","=""Low""","=""false"""
"=""tp bank đăng ký online""","=""0""","=""0""","=""5""","=""Low""","=""false"""
"=""các dịch vụ của tp bank""","=""0""","=""0""","=""6""","=""Low""","=""false"""
"=""các sản phẩm dịch vụ của ngân hàng tp bank""","=""0""","=""0""","=""10""","=""Low""","=""false"""
"=""các sản phẩm vay của tp bank""","=""0""","=""0""","=""7""","=""Low""","=""false"""
"=""cách liên kết momo với tp bank""","=""0""","=""0""","=""7""","=""Low""","=""false"""
"=""cách làm thẻ ngân hàng tp bank""","=""0""","=""0""","=""7""","=""Low""","=""false"""
"=""cách làm thẻ tp bank""","=""0""","=""0""","=""5""","=""Low""","=""false"""
"=""cách làm thẻ tp bank online""","=""0""","=""0""","=""6""","=""Low""","=""false"""
"=""cách mở thẻ ngân hàng tp bank""","=""0""","=""0""","=""7""","=""Low""","=""false"""
"=""cách mở tài khoản ngân hàng tp bank""","=""0""","=""0""","=""8""","=""Low""","=""false"""
"=""cách nhận 30k tp bank""","=""0""","=""0""","=""5""","=""Low""","=""false"""
"=""cách nhận 60k từ tp bank""","=""0""","=""0""","=""6""","=""Low""","=""false"""
"=""cách nhận tiền từ tp bank""","=""0""","=""0""","=""6""","=""Low""","=""false"""
"=""cách vay vốn ngân hàng tp bank""","=""0""","=""0""","=""7""","=""Low""","=""false"""
"=""cách đăng ký thẻ ngân hàng tp bank""","=""0""","=""0""","=""8""","=""Low""","=""false"""
"=""cách đăng ký tài khoản ngân hàng tp bank""","=""0""","=""0""","=""9""","=""Low""","=""false"""
"=""có nên làm nhân viên tín dụng tp bank""","=""0""","=""0""","=""9""","=""Low""","=""false"""
"=""có nên làm thẻ tp bank""","=""0""","=""0""","=""6""","=""Low""","=""false"""
"=""có nên mở thẻ tp bank""","=""0""","=""0""","=""6""","=""Low""","=""false"""
"=""có nên vay ngân hàng tp bank""","=""0""","=""0""","=""7""","=""Low""","=""false"""
"=""ebanktpb""","=""0""","=""0""","=""1""","=""Low""","=""false"""
"=""in thẻ tp bank""","=""0""","=""0""","=""4""","=""Low""","=""false"""
"=""liên hệ ngân hàng tp bank""","=""0""","=""0""","=""6""","=""Low""","=""false"""
"=""làm the tín dụng tp bank""","=""0""","=""0""","=""6""","=""Low""","=""false"""
"=""mở tk ngân hàng tp bank""","=""0""","=""0""","=""6""","=""Low""","=""false"""
"=""ngan hang tien phong bank online""","=""0""","=""0""","=""6""","=""Low""","=""false"""
"=""nhận 30k tp bank""","=""0""","=""0""","=""4""","=""Low""","=""false"""
"=""nhận thẻ tp bank""","=""0""","=""0""","=""4""","=""Low""","=""false"""
"=""những khó khăn của ngân hàng tp bank""","=""0""","=""0""","=""8""","=""Low""","=""false"""
"=""số hotline của tp bank""","=""0""","=""0""","=""5""","=""Low""","=""false"""
"=""thu hộ tp bank""","=""0""","=""0""","=""4""","=""Low""","=""false"""
"=""thông tin ngân hàng tp bank""","=""0""","=""0""","=""6""","=""Low""","=""false"""
"=""thủ tục vay ngân hàng tp bank""","=""0""","=""0""","=""7""","=""Low""","=""false"""
"=""thủ tục vay tiền ngân hàng tp bank""","=""0""","=""0""","=""8""","=""Low""","=""false"""
"=""tp bank sinh viên""","=""0""","=""0""","=""4""","=""Low""","=""false"""
"=""tp bank tuyển dụng 2022""","=""0""","=""0""","=""5""","=""Low""","=""false"""
"=""tp bank vay sinh viên online""","=""0""","=""0""","=""6""","=""Low""","=""false"""
"=""tpb tuyển dụng 2022""","=""0""","=""0""","=""4""","=""Low""","=""false"""
"=""tìm hiểu về ngân hàng tp bank""","=""0""","=""0""","=""7""","=""Low""","=""false"""
"=""tìm số tài khoản ngân hàng tp bank""","=""0""","=""0""","=""8""","=""Low""","=""false"""
"=""vay qua the tín dụng tp bank""","=""0""","=""0""","=""7""","=""Low""","=""false"""
"=""vay theo hóa đơn điện tp bank""","=""0""","=""0""","=""7""","=""Low""","=""false"""
"=""vay thế chấp ngân hàng tp bank""","=""0""","=""0""","=""7""","=""Low""","=""false"""
"=""vay tiền momo tp bank""","=""0""","=""0""","=""5""","=""Low""","=""false"""
"=""vay tiền online ngân hàng tp bank""","=""0""","=""0""","=""7""","=""Low""","=""false"""
"=""vay tiền tại ngân hàng tp bank""","=""0""","=""0""","=""7""","=""Low""","=""false"""
"=""vay tín chấp ngân hàng tp bank""","=""0""","=""0""","=""7""","=""Low""","=""false"""
"=""ưu đãi thẻ tp bank""","=""0""","=""0""","=""5""","=""Low""","=""false"""
"=""nk vpbank building hanoi vn 10000""","=""0""","=""0""","=""6""","=""Low""","=""false"""
"=""nk vpbank building""","=""0""","=""0""","=""3""","=""Low""","=""false"""
