Keyword,Volume,CPC,Word count,PPC Competition,Trending
"=""tỷ giá usd""","=""301000""","=""0.01""","=""3""","=""Low""","=""false"""
"=""tỷ gia vcb""","=""201000""","=""0""","=""3""","=""Low""","=""false"""
"=""tỷ giá vcb""","=""201000""","=""0""","=""3""","=""Low""","=""false"""
"=""tỷ gía vcb""","=""201000""","=""0""","=""3""","=""Low""","=""false"""
"=""tỷ giá vietcombank""","=""201000""","=""0""","=""3""","=""Low""","=""false"""
"=""tỷ giá vietcom""","=""201000""","=""0""","=""3""","=""Low""","=""false"""
"=""tỷ giá yên nhật""","=""110000""","=""0""","=""4""","=""Low""","=""false"""
"=""tỷ giá usd hôm nay""","=""90500""","=""0.01""","=""5""","=""Low""","=""false"""
"=""ty gia vcb""","=""90500""","=""0""","=""3""","=""Low""","=""false"""
"=""ty gia vietcombank""","=""90500""","=""0""","=""3""","=""Low""","=""false"""
"=""ty giá vcb""","=""90500""","=""0""","=""3""","=""Low""","=""false"""
"=""tỷ gia usd hôm nay""","=""90500""","=""0.01""","=""5""","=""Low""","=""false"""
"=""tỷ giá""","=""74000""","=""0.08""","=""2""","=""Low""","=""false"""
"=""ty gia""","=""74000""","=""0.08""","=""2""","=""Low""","=""false"""
"=""ty gia euro""","=""74000""","=""0""","=""3""","=""Low""","=""false"""
"=""ty giá""","=""74000""","=""0.08""","=""2""","=""Low""","=""false"""
"=""ty giá euro""","=""74000""","=""0""","=""3""","=""Low""","=""false"""
"=""tỷ giá euro""","=""74000""","=""0""","=""3""","=""Low""","=""false"""
"=""tỷ giá uer""","=""74000""","=""0""","=""3""","=""Low""","=""false"""
"=""tỷ giá yên""","=""60500""","=""0""","=""3""","=""Low""","=""false"""
"=""ty gia usd""","=""49500""","=""0.01""","=""3""","=""Low""","=""false"""
"=""ty giá usd""","=""49500""","=""0.01""","=""3""","=""Low""","=""false"""
"=""tỷ giá usd chợ đen""","=""49500""","=""0.01""","=""5""","=""Low""","=""false"""
"=""tỷ giá usd vnd hôm nay chợ đen""","=""49500""","=""0.01""","=""8""","=""Low""","=""false"""
"=""tỷ giá uad""","=""49500""","=""0.01""","=""3""","=""Low""","=""false"""
"=""tỷ giá dollar""","=""40500""","=""0.01""","=""3""","=""Low""","=""false"""
"=""tỷ giá đô""","=""40500""","=""0.01""","=""3""","=""Low""","=""false"""
"=""tỷ giá dollar úc""","=""33100""","=""0""","=""4""","=""Low""","=""false"""
"=""tỷ giá đô úc""","=""33100""","=""0""","=""4""","=""Low""","=""false"""
"=""tỷ giá yên nhật hôm nay""","=""33100""","=""0""","=""6""","=""Low""","=""false"""
"=""tỷ giá won""","=""27100""","=""0""","=""3""","=""Low""","=""false"""
"=""ty gia cho den""","=""27100""","=""0""","=""4""","=""Low""","=""false"""
"=""ty giá won""","=""27100""","=""0""","=""3""","=""Low""","=""false"""
"=""tỷ giá euro hôm nay""","=""27100""","=""0.01""","=""5""","=""Low""","=""false"""
"=""tỷ giá yên nhật vnd""","=""27100""","=""0""","=""5""","=""Low""","=""false"""
"=""tỷ giá usd vnd""","=""22200""","=""0""","=""4""","=""Low""","=""false"""
"=""ty gia yen""","=""22200""","=""0""","=""3""","=""Low""","=""false"""
"=""ty gia yên""","=""22200""","=""0""","=""3""","=""Low""","=""false"""
"=""ty giá yên""","=""22200""","=""0""","=""3""","=""Low""","=""false"""
"=""tỷ giá bidv""","=""22200""","=""0""","=""3""","=""Low""","=""false"""
"=""tỷ giá vcb hôm nay""","=""22200""","=""0""","=""5""","=""Low""","=""false"""
"=""tỷ giá vietcombank hôm nay""","=""22200""","=""0""","=""5""","=""Low""","=""false"""
"=""tỷ giá vietinbank""","=""22200""","=""0""","=""3""","=""Low""","=""false"""
"=""tỷ giá nhân dân tệ""","=""18100""","=""0""","=""5""","=""Low""","=""false"""
"=""tỷ giá won hôm nay""","=""18100""","=""0""","=""5""","=""Low""","=""true"""
"=""tỷ giá đô hôm nay""","=""18100""","=""0.01""","=""5""","=""Low""","=""false"""
"=""tỷ giá vàng""","=""18100""","=""0.04""","=""3""","=""Low""","=""true"""
"=""tỷ giá usd vnd hôm nay""","=""14800""","=""0.02""","=""6""","=""Low""","=""false"""
"=""tỷ giá ngoại tệ chợ đen hôm nay""","=""14800""","=""0""","=""8""","=""Low""","=""false"""
"=""tỷ giá acb""","=""14800""","=""0""","=""3""","=""Low""","=""false"""
"=""tỷ giá euro chợ đen""","=""14800""","=""0""","=""5""","=""Low""","=""false"""
"=""tỷ giá tcb""","=""14800""","=""0""","=""3""","=""Low""","=""false"""
"=""tỷ giá usd chợ đen hôm nay""","=""14800""","=""0.01""","=""7""","=""Low""","=""false"""
"=""tỷ giá usd vcb""","=""14800""","=""0""","=""4""","=""Low""","=""false"""
"=""tỷ giá yen hôm nay""","=""14800""","=""0""","=""5""","=""Low""","=""false"""
"=""tỷ giá usd vietcombank""","=""14800""","=""0""","=""4""","=""Low""","=""false"""
"=""tỷ giá vàng hôm nay""","=""14800""","=""0.04""","=""5""","=""Low""","=""true"""
"=""tỷ giá techcombank""","=""14800""","=""0""","=""3""","=""Low""","=""false"""
"=""tỷ giá vàng thế giới""","=""14800""","=""1.51""","=""5""","=""Low""","=""true"""
"=""tỷ giá yên hôm nay""","=""14800""","=""0""","=""5""","=""Low""","=""false"""
"=""ty gia usd cho den""","=""12100""","=""0""","=""5""","=""Low""","=""false"""
"=""tỷ giá chợ đen""","=""12100""","=""0""","=""4""","=""Low""","=""false"""
"=""tỷ giá yên vnd""","=""12100""","=""0""","=""4""","=""Low""","=""false"""
"=""ty gia acb""","=""9900""","=""0""","=""3""","=""Low""","=""false"""
"=""ty gia bidv""","=""9900""","=""0""","=""3""","=""Low""","=""false"""
"=""tỷ giá aud""","=""9900""","=""0""","=""3""","=""Low""","=""true"""
"=""tỷ giá usd hôm nay chợ đen""","=""9900""","=""0.01""","=""7""","=""Low""","=""false"""
"=""tỷ giá usd hôm nay vietcombank""","=""9900""","=""0""","=""6""","=""Low""","=""false"""
"=""tỷ giá đài tệ""","=""9900""","=""0""","=""4""","=""Low""","=""false"""
"=""tỷ giá đô la mỹ""","=""9900""","=""0.01""","=""5""","=""Low""","=""false"""
"=""tỷ giá đô mỹ""","=""9900""","=""0.01""","=""4""","=""Low""","=""false"""
"=""tỷ giá sacombank""","=""9900""","=""0""","=""3""","=""Low""","=""false"""
"=""tỷ giá ngoại tệ""","=""8100""","=""0""","=""4""","=""Low""","=""false"""
"=""tỷ giá bảng anh""","=""8100""","=""0""","=""4""","=""Low""","=""false"""
"=""tỷ giá euro chợ đen hôm nay""","=""8100""","=""0""","=""7""","=""Low""","=""false"""
"=""tỷ giá đô chợ đen""","=""8100""","=""0""","=""5""","=""Low""","=""false"""
"=""tỷ giá tệ""","=""8100""","=""0""","=""3""","=""Low""","=""false"""
"=""ty gia aud""","=""6600""","=""0""","=""3""","=""Low""","=""false"""
"=""ty gia usd hom nay""","=""6600""","=""0.01""","=""5""","=""Low""","=""false"""
"=""ty giá aud""","=""6600""","=""0""","=""3""","=""Low""","=""false"""
"=""tỷ giá hôm nay""","=""6600""","=""0""","=""4""","=""Low""","=""false"""
"=""tỷ giá ngân hàng vcb""","=""6600""","=""0""","=""5""","=""Low""","=""false"""
"=""tỷ giá ngân hàng vietcombank""","=""6600""","=""0""","=""5""","=""Low""","=""false"""
"=""tỷ giá usd hom nay""","=""6600""","=""0.01""","=""5""","=""Low""","=""false"""
"=""tỷ giá won vnd""","=""6600""","=""0""","=""4""","=""Low""","=""true"""
"=""tỷ giá đô la""","=""6600""","=""0.01""","=""4""","=""Low""","=""false"""
"=""tỷ giá đô la mỹ hôm nay""","=""6600""","=""0.01""","=""7""","=""Low""","=""false"""
"=""tỷ giá canada""","=""6600""","=""0""","=""3""","=""Low""","=""false"""
"=""tỷ giá eximbank""","=""6600""","=""0""","=""3""","=""Low""","=""false"""
"=""tỷ giá eib""","=""6600""","=""0""","=""3""","=""Low""","=""false"""
"=""tỷ giá mb""","=""6600""","=""0""","=""3""","=""Low""","=""false"""
"=""tỷ giá mbbank""","=""6600""","=""0""","=""3""","=""Low""","=""false"""
"=""tỷ giá tệ hôm nay""","=""6600""","=""0""","=""5""","=""Low""","=""false"""
"=""tỷ giá ngoại tệ hôm nay""","=""5400""","=""0""","=""6""","=""Low""","=""false"""
"=""tỷ giá hối đoái""","=""5400""","=""0""","=""4""","=""Low""","=""false"""
"=""ty gia vang""","=""5400""","=""0""","=""3""","=""Low""","=""true"""
"=""ty gia vàng""","=""5400""","=""0""","=""3""","=""Low""","=""true"""
"=""tỷ gia euro""","=""5400""","=""0.01""","=""3""","=""Low""","=""false"""
"=""tỷ gia won""","=""5400""","=""0""","=""3""","=""Low""","=""true"""
"=""tỷ giá aud hôm nay""","=""5400""","=""0""","=""5""","=""Low""","=""false"""
"=""tỷ giá nhan dan tệ hôm nay""","=""5400""","=""0""","=""7""","=""Low""","=""false"""
"=""tỷ giá nhân dân tệ hôm nay""","=""5400""","=""0""","=""7""","=""Low""","=""false"""
"=""tỷ giá usd chợ đen 24h hôm nay""","=""5400""","=""0""","=""8""","=""Low""","=""false"""
"=""tỷ giá đô la hôm nay""","=""5400""","=""0.01""","=""6""","=""Low""","=""false"""
"=""tỷ giá baht thái""","=""5400""","=""0""","=""4""","=""Low""","=""false"""
"=""tỷ giá tiền hàn""","=""5400""","=""0""","=""4""","=""Low""","=""false"""
"=""tỷ giá usd vnd hôm nay bán ra""","=""4400""","=""0""","=""8""","=""Low""","=""false"""
"=""ty gia eur""","=""4400""","=""0""","=""3""","=""Low""","=""false"""
"=""tỷ giá chợ đen hôm nay""","=""4400""","=""0""","=""6""","=""Low""","=""false"""
"=""tỷ giá eur""","=""4400""","=""0""","=""3""","=""Low""","=""false"""
"=""tỷ giá msb""","=""4400""","=""0""","=""3""","=""Low""","=""false"""
"=""tỷ giá vpbank""","=""4400""","=""0""","=""3""","=""Low""","=""false"""
"=""tỷ giá đô sing""","=""4400""","=""0""","=""4""","=""Low""","=""false"""
"=""tỷ giá agribank""","=""4400""","=""0""","=""3""","=""Low""","=""false"""
"=""tỷ giá agri""","=""4400""","=""0""","=""3""","=""Low""","=""false"""
"=""tỷ giá cad""","=""4400""","=""0""","=""3""","=""Low""","=""false"""
"=""tỷ giá vpb""","=""4400""","=""0""","=""3""","=""Low""","=""false"""
"=""tỷ giá yên nhật hôm nay chợ đen""","=""4400""","=""0""","=""8""","=""Low""","=""false"""
"=""ty gia do""","=""3600""","=""0""","=""3""","=""Low""","=""false"""
"=""ty gia usd vnd""","=""3600""","=""0""","=""4""","=""Low""","=""false"""
"=""ty gia đô""","=""3600""","=""0""","=""3""","=""Low""","=""false"""
"=""tỷ giá aud chợ đen""","=""3600""","=""0""","=""5""","=""Low""","=""false"""
"=""tỷ giá bidv hôm nay""","=""3600""","=""0""","=""5""","=""Low""","=""false"""
"=""tỷ giá euro ngày hôm nay chợ đen""","=""3600""","=""0""","=""8""","=""Low""","=""false"""
"=""tỷ giá ngoại tệ chợ đen""","=""3600""","=""0""","=""6""","=""Low""","=""false"""
"=""tỷ giá usd vietcombank hôm nay""","=""3600""","=""0""","=""6""","=""Low""","=""false"""
"=""tỷ giá đô la chợ đen""","=""3600""","=""0""","=""6""","=""Low""","=""false"""
"=""tỷ giá đô la chợ đen hôm nay""","=""3600""","=""0""","=""8""","=""Low""","=""false"""
"=""tỷ giá đô vietcombank""","=""3600""","=""0""","=""4""","=""Low""","=""false"""
"=""tỷ giá rmb""","=""3600""","=""0""","=""3""","=""Low""","=""false"""
"=""tỷ giá vietinbank hôm nay""","=""3600""","=""0""","=""5""","=""Low""","=""true"""
"=""tỷ giá bạc""","=""3600""","=""0""","=""3""","=""Low""","=""false"""
"=""ty gia cho đen""","=""2900""","=""0""","=""4""","=""Low""","=""false"""
"=""ty gia dola""","=""2900""","=""0""","=""3""","=""Low""","=""false"""
"=""ty gia euro vnd""","=""2900""","=""0.05""","=""4""","=""Low""","=""false"""
"=""ty gia tpbank""","=""2900""","=""0""","=""3""","=""Low""","=""false"""
"=""ty gia usd acb""","=""2900""","=""0""","=""4""","=""Low""","=""false"""
"=""ty gia won""","=""2900""","=""0""","=""3""","=""Low""","=""false"""
"=""ty giá chợ đen""","=""2900""","=""0""","=""4""","=""Low""","=""false"""
"=""ty giá dola""","=""2900""","=""0""","=""3""","=""Low""","=""false"""
"=""tỷ giá aud chợ đen hôm nay""","=""2900""","=""0""","=""7""","=""Low""","=""false"""
"=""tỷ giá euro vnd""","=""2900""","=""0.05""","=""4""","=""Low""","=""false"""
"=""tỷ giá hdbank""","=""2900""","=""0""","=""3""","=""Low""","=""false"""
"=""tỷ giá jpy""","=""2900""","=""0""","=""3""","=""Low""","=""false"""
"=""tỷ giá ngoại tệ hôm nay vietcombank""","=""2900""","=""0""","=""7""","=""Low""","=""false"""
"=""tỷ giá ngoại tệ vcb""","=""2900""","=""0""","=""5""","=""Low""","=""true"""
"=""tỷ giá ngoại tệ vietcombank""","=""2900""","=""0""","=""5""","=""Low""","=""true"""
"=""tỷ giá tpbank""","=""2900""","=""0""","=""3""","=""Low""","=""false"""
"=""tỷ giá usd bidv""","=""2900""","=""0""","=""4""","=""Low""","=""false"""
"=""tỷ giá usd ngày hôm nay""","=""2900""","=""0""","=""6""","=""Low""","=""false"""
"=""tỷ giá usd tự do""","=""2900""","=""0""","=""5""","=""Low""","=""false"""
"=""tỷ giá đồng yên""","=""2900""","=""0""","=""4""","=""Low""","=""false"""
"=""tỷ giá acb hôm nay""","=""2900""","=""0""","=""5""","=""Low""","=""false"""
"=""tỷ giá baht""","=""2900""","=""0""","=""3""","=""Low""","=""false"""
"=""tỷ giá cny""","=""2900""","=""0""","=""3""","=""Low""","=""false"""
"=""tỷ giá hàn quốc""","=""2900""","=""0""","=""4""","=""Low""","=""false"""
"=""ty gia ndt""","=""2400""","=""0""","=""3""","=""Low""","=""false"""
"=""ty gia ngoai te""","=""2400""","=""0""","=""4""","=""Low""","=""false"""
"=""ty gia tcb""","=""2400""","=""0""","=""3""","=""Low""","=""false"""
"=""ty gia usd cho den hom nay""","=""2400""","=""0""","=""7""","=""Low""","=""false"""
"=""tỷ giá euro ngày hôm nay""","=""2400""","=""0""","=""6""","=""Low""","=""false"""
"=""tỷ giá ndt""","=""2400""","=""0""","=""3""","=""Low""","=""false"""
"=""tỷ giá techcombank hôm nay""","=""2400""","=""0""","=""5""","=""Low""","=""false"""
"=""tỷ giá usd cho den hom nay""","=""2400""","=""0""","=""7""","=""Low""","=""false"""
"=""tỷ giá usd vietinbank""","=""2400""","=""0""","=""4""","=""Low""","=""false"""
"=""tỷ giá vcb ngày hôm nay""","=""2400""","=""0""","=""6""","=""Low""","=""false"""
"=""tỷ giá đô chợ đen hôm nay""","=""2400""","=""0""","=""7""","=""Low""","=""false"""
"=""tỷ giá đô hiện tại""","=""2400""","=""0""","=""5""","=""Low""","=""false"""
"=""tỷ giá đô mỹ hôm nay""","=""2400""","=""0.01""","=""6""","=""Low""","=""false"""
"=""tỷ giá man hôm nay""","=""2400""","=""0""","=""5""","=""Low""","=""false"""
"=""tỷ giá tiền trung quốc""","=""2400""","=""0""","=""5""","=""Low""","=""false"""
"=""tỷ giá tiền đài loan""","=""2400""","=""0""","=""5""","=""Low""","=""false"""
"=""ty gia dola cho den""","=""1900""","=""0""","=""5""","=""Low""","=""false"""
"=""ty gia man""","=""1900""","=""0""","=""3""","=""Low""","=""false"""
"=""ty gia usd hôm nay""","=""1900""","=""0""","=""5""","=""Low""","=""false"""
"=""ty gia vcb hom nay""","=""1900""","=""0""","=""5""","=""Low""","=""false"""
"=""ty gia vnd usd""","=""1900""","=""0""","=""4""","=""Low""","=""false"""
"=""tỷ giá bảng anh hôm nay""","=""1900""","=""0""","=""6""","=""Low""","=""false"""
"=""tỷ giá eur vnd""","=""1900""","=""0""","=""4""","=""Low""","=""false"""
"=""tỷ giá euro vietcombank""","=""1900""","=""0""","=""4""","=""Low""","=""false"""
"=""tỷ giá hải quan""","=""1900""","=""0""","=""4""","=""Low""","=""false"""
"=""tỷ giá man""","=""1900""","=""0""","=""3""","=""Low""","=""false"""
"=""tỷ giá ngân hàng bidv""","=""1900""","=""0""","=""5""","=""Low""","=""false"""
"=""tỷ giá nhân dân tệ vnd""","=""1900""","=""0""","=""6""","=""Low""","=""false"""
"=""tỷ giá sing""","=""1900""","=""0""","=""3""","=""Low""","=""true"""
"=""tỷ giá usd techcombank""","=""1900""","=""0""","=""4""","=""Low""","=""false"""
"=""tỷ giá vnd usd""","=""1900""","=""0""","=""4""","=""Low""","=""false"""
"=""tỷ giá đồng won""","=""1900""","=""0""","=""4""","=""Low""","=""false"""
"=""tỷ giá exim""","=""1900""","=""0""","=""3""","=""Low""","=""false"""
"=""tỷ giá malaysia""","=""1900""","=""0""","=""3""","=""Low""","=""true"""
"=""tỷ giá sgd""","=""1900""","=""0""","=""3""","=""Low""","=""false"""
"=""tỷ giá singapore""","=""1900""","=""0""","=""3""","=""Low""","=""true"""
"=""tỷ giá singapore dollar""","=""1900""","=""0""","=""4""","=""Low""","=""false"""
"=""tỷ giá vàng usd""","=""1900""","=""0.82""","=""4""","=""Low""","=""true"""
"=""tỷ giá yên nhật hiện nay""","=""1900""","=""0""","=""6""","=""Low""","=""false"""
"=""tỷ giá yên nhật vnd hôm nay""","=""1900""","=""0""","=""7""","=""Low""","=""false"""
"=""ty gia do la""","=""1600""","=""0""","=""4""","=""Low""","=""false"""
"=""ty gia eur usd""","=""1600""","=""0""","=""4""","=""Low""","=""false"""
"=""ty gia euro hom nay""","=""1600""","=""0""","=""5""","=""Low""","=""false"""
"=""ty gia hom nay""","=""1600""","=""0""","=""4""","=""Low""","=""false"""
"=""ty gia usd chợ đen""","=""1600""","=""0""","=""5""","=""Low""","=""false"""
"=""ty gia vib""","=""1600""","=""0.01""","=""3""","=""Low""","=""false"""
"=""tỷ giá eur usd""","=""1600""","=""0""","=""4""","=""Low""","=""false"""
"=""tỷ giá hàn""","=""1600""","=""0""","=""3""","=""Low""","=""true"""
"=""tỷ giá jpy vnd""","=""1600""","=""0""","=""4""","=""Low""","=""false"""
"=""tỷ giá ngân hàng vietinbank""","=""1600""","=""0""","=""5""","=""Low""","=""false"""
"=""tỷ giá usd chợ đen hà trung""","=""1600""","=""0""","=""7""","=""Low""","=""false"""
"=""tỷ giá vib""","=""1600""","=""0.01""","=""3""","=""Low""","=""false"""
"=""tỷ giá đài tệ hôm nay""","=""1600""","=""0""","=""6""","=""Low""","=""true"""
"=""tỷ giá đô usd""","=""1600""","=""0""","=""4""","=""Low""","=""false"""
"=""tỷ giá dcom""","=""1600""","=""0.68""","=""3""","=""Low""","=""false"""
"=""tỷ giá sacombank hôm nay""","=""1600""","=""0""","=""5""","=""Low""","=""false"""
"=""tỷ giá shinhan""","=""1600""","=""0""","=""3""","=""Low""","=""false"""
"=""tỷ giá tiền nhật""","=""1600""","=""0""","=""4""","=""Low""","=""false"""
"=""ty gia tien won""","=""1300""","=""0""","=""4""","=""Low""","=""true"""
"=""ty gia vpbank""","=""1300""","=""0""","=""3""","=""Low""","=""false"""
"=""tỷ giá aud vnd""","=""1300""","=""0""","=""4""","=""Low""","=""false"""
"=""tỷ giá krw""","=""1300""","=""0""","=""3""","=""Low""","=""true"""
"=""tỷ giá tiền won""","=""1300""","=""0""","=""4""","=""Low""","=""true"""
"=""tỷ giá usd hiện tại""","=""1300""","=""0""","=""5""","=""Low""","=""false"""
"=""tỷ giá usd rub""","=""1300""","=""0""","=""4""","=""Low""","=""false"""
"=""tỷ giá đài loan""","=""1300""","=""0""","=""4""","=""Low""","=""false"""
"=""tỷ giá gbp""","=""1300""","=""0""","=""3""","=""Low""","=""false"""
"=""tỷ giá korean won""","=""1300""","=""0""","=""4""","=""Low""","=""true"""
"=""tỷ giá mb hôm nay""","=""1300""","=""0""","=""5""","=""Low""","=""false"""
"=""tỷ giá mbbank hôm nay""","=""1300""","=""0""","=""5""","=""Low""","=""false"""
"=""tỷ giá man nhật""","=""1300""","=""0""","=""4""","=""Low""","=""false"""
"=""tỷ giá nhật""","=""1300""","=""0""","=""3""","=""Low""","=""false"""
"=""tỷ giá peso""","=""1300""","=""0""","=""3""","=""Low""","=""false"""
"=""tỷ giá shb""","=""1300""","=""0""","=""3""","=""Low""","=""false"""
"=""tỷ giá vàng sjc""","=""1300""","=""0""","=""4""","=""Low""","=""false"""
"=""tỷ giá trung quốc""","=""1300""","=""0""","=""4""","=""Low""","=""false"""
"=""ty gia bang anh""","=""1000""","=""0""","=""4""","=""Low""","=""false"""
"=""ty gia do cho den""","=""1000""","=""0""","=""5""","=""Low""","=""false"""
"=""ty gia do hom nay""","=""1000""","=""0""","=""5""","=""Low""","=""false"""
"=""ty gia dola hom nay""","=""1000""","=""0""","=""5""","=""Low""","=""false"""
"=""ty gia tu do""","=""1000""","=""0""","=""4""","=""Low""","=""false"""
"=""ty gia usd jpy""","=""1000""","=""0""","=""4""","=""Low""","=""false"""
"=""ty gia usd tu do""","=""1000""","=""0""","=""5""","=""Low""","=""false"""
"=""tỷ giá dola hom nay""","=""1000""","=""0""","=""5""","=""Low""","=""false"""
"=""tỷ giá eur hôm nay""","=""1000""","=""0""","=""5""","=""Low""","=""false"""
"=""tỷ giá hsbc""","=""1000""","=""0""","=""3""","=""Low""","=""false"""
"=""tỷ giá ringgit""","=""1000""","=""0""","=""3""","=""Low""","=""false"""
"=""tỷ giá tiền trung""","=""1000""","=""0""","=""4""","=""Low""","=""false"""
"=""tỷ giá tiền đô""","=""1000""","=""0""","=""4""","=""Low""","=""false"""
"=""tỷ giá tệ chợ đen hôm nay""","=""1000""","=""0""","=""7""","=""Low""","=""false"""
"=""tỷ giá usd jpy""","=""1000""","=""0""","=""4""","=""Low""","=""false"""
"=""tỷ giá usd tự do hôm nay""","=""1000""","=""0""","=""7""","=""Low""","=""false"""
"=""tỷ giá baht thái hôm nay""","=""1000""","=""0""","=""6""","=""Low""","=""true"""
"=""tỷ giá cad hôm nay""","=""1000""","=""0""","=""5""","=""Low""","=""false"""
"=""tỷ giá won hàn quốc""","=""1000""","=""0""","=""5""","=""Low""","=""false"""
"=""tỷ giá vàng pnj""","=""1000""","=""0.01""","=""4""","=""Low""","=""false"""
"=""tỷ giá tech""","=""1000""","=""0""","=""3""","=""Low""","=""false"""
"=""ty gia do my""","=""880""","=""0""","=""4""","=""Low""","=""false"""
"=""ty gia rub""","=""880""","=""0""","=""3""","=""Low""","=""false"""
"=""ty gia úd""","=""880""","=""0""","=""3""","=""Low""","=""false"""
"=""ty gia đo""","=""880""","=""0""","=""3""","=""Low""","=""false"""
"=""tỷ giá chợ đen usd""","=""880""","=""0""","=""5""","=""Low""","=""false"""
"=""tỷ giá euro hôm nay chợ đen""","=""880""","=""0""","=""7""","=""Low""","=""false"""
"=""tỷ giá euro vnd hôm nay""","=""880""","=""0""","=""6""","=""Low""","=""false"""
"=""tỷ giá hai ha hôm nay""","=""880""","=""0""","=""6""","=""Low""","=""false"""
"=""tỷ giá ndt hôm nay""","=""880""","=""0""","=""5""","=""Low""","=""false"""
"=""tỷ giá ngoại tệ bidv""","=""880""","=""0""","=""5""","=""Low""","=""false"""
"=""tỷ giá ngân hàng techcombank""","=""880""","=""0""","=""5""","=""Low""","=""false"""
"=""tỷ giá seabank""","=""880""","=""0""","=""3""","=""Low""","=""false"""
"=""tỷ giá tiền tệ""","=""880""","=""0""","=""4""","=""Low""","=""false"""
"=""tỷ giá tiền yên""","=""880""","=""0""","=""4""","=""Low""","=""false"""
"=""tỷ giá usd và vnd""","=""880""","=""0""","=""5""","=""Low""","=""false"""
"=""tỷ giá won ngày hôm nay""","=""880""","=""0""","=""6""","=""Low""","=""true"""
"=""tỷ giá đô la mỹ chợ đen hôm nay""","=""880""","=""0""","=""9""","=""Low""","=""false"""
"=""tỷ giá đô la ngày hôm nay""","=""880""","=""0""","=""7""","=""Low""","=""false"""
"=""tỷ giá đô sing hôm nay""","=""880""","=""0""","=""6""","=""Low""","=""true"""
"=""tỷ giá đồng nhân dân tệ""","=""880""","=""0""","=""6""","=""Low""","=""false"""
"=""tỷ giá usd mbbank""","=""880""","=""0""","=""4""","=""Low""","=""false"""
"=""tỷ giá chf""","=""880""","=""0""","=""3""","=""Low""","=""false"""
"=""tỷ giá eximbank hôm nay""","=""880""","=""0""","=""5""","=""Low""","=""false"""
"=""tỷ giá exim hôm nay""","=""880""","=""0""","=""5""","=""Low""","=""false"""
"=""tỷ giá indonesia""","=""880""","=""0""","=""3""","=""Low""","=""false"""
"=""tỷ giá lpbank""","=""880""","=""0""","=""3""","=""Low""","=""false"""
"=""tỷ giá usd rmb""","=""880""","=""0""","=""4""","=""Low""","=""false"""
"=""tỷ giá rub vnd""","=""880""","=""0""","=""4""","=""Low""","=""false"""
"=""tỷ giá rub""","=""880""","=""0""","=""3""","=""Low""","=""false"""
"=""tỷ giá shinhan bank""","=""880""","=""0""","=""4""","=""Low""","=""true"""
"=""tỷ giá vàng sjc hôm nay""","=""880""","=""0""","=""6""","=""Low""","=""true"""
"=""tỷ giá twd""","=""880""","=""0""","=""3""","=""Low""","=""false"""
"=""tỷ giá vàng ngày hôm nay""","=""880""","=""0.04""","=""6""","=""Low""","=""true"""
"=""tỷ giá yên vietcombank""","=""880""","=""0""","=""4""","=""Low""","=""false"""
"=""tỷ giá sbi""","=""720""","=""0""","=""3""","=""Low""","=""true"""
"=""ty gia 24h""","=""720""","=""0""","=""3""","=""Low""","=""false"""
"=""ty gia hsbc""","=""720""","=""0""","=""3""","=""Low""","=""false"""
"=""ty gia ngan hang""","=""720""","=""0""","=""4""","=""Low""","=""true"""
"=""ty gia nhan dan te""","=""720""","=""0""","=""5""","=""Low""","=""false"""
"=""ty gia tudo""","=""720""","=""0""","=""3""","=""Low""","=""false"""
"=""ty gia won hom nay""","=""720""","=""0""","=""5""","=""Low""","=""false"""
"=""ty gia yen hom nay""","=""720""","=""0""","=""5""","=""Low""","=""false"""
"=""tỷ giá 24h""","=""720""","=""0""","=""3""","=""Low""","=""false"""
"=""tỷ giá kip lào""","=""720""","=""0""","=""4""","=""Low""","=""false"""
"=""tỷ giá ngoại tệ hôm nay chợ đen""","=""720""","=""0""","=""8""","=""Low""","=""false"""
"=""tỷ giá nhân dân tệ chợ đen""","=""720""","=""0""","=""7""","=""Low""","=""false"""
"=""tỷ giá tiền đài""","=""720""","=""0""","=""4""","=""Low""","=""false"""
"=""tỷ giá tệ vnd""","=""720""","=""0""","=""4""","=""Low""","=""false"""
"=""tỷ giá tự do""","=""720""","=""0""","=""4""","=""Low""","=""false"""
"=""tỷ giá usd bidv hôm nay""","=""720""","=""0""","=""6""","=""Low""","=""false"""
"=""tỷ giá usd mi hồng hôm nay""","=""720""","=""0""","=""7""","=""Low""","=""false"""
"=""tỷ giá vpbank hôm nay""","=""720""","=""0""","=""5""","=""Low""","=""false"""
"=""tỷ giá đô la mỹ chợ đen""","=""720""","=""0""","=""7""","=""Low""","=""false"""
"=""tỷ giá đô la sing""","=""720""","=""0""","=""5""","=""Low""","=""false"""
"=""tỷ giá đô ngày hôm nay""","=""720""","=""0""","=""6""","=""Low""","=""false"""
"=""tỷ giá đồng euro""","=""720""","=""0.01""","=""4""","=""Low""","=""false"""
"=""tỷ giá agribank hôm nay""","=""720""","=""0""","=""5""","=""Low""","=""false"""
"=""tỷ giá baht vnd""","=""720""","=""0""","=""4""","=""Low""","=""false"""
"=""tỷ giá vcb usd""","=""720""","=""0""","=""4""","=""Low""","=""false"""
"=""tỷ giá hd""","=""720""","=""0""","=""3""","=""Low""","=""false"""
"=""tỷ giá hkd""","=""720""","=""0""","=""3""","=""Low""","=""false"""
"=""tỷ giá hongkong dollar""","=""720""","=""0""","=""4""","=""Low""","=""false"""
"=""tỷ giá mbb""","=""720""","=""0""","=""3""","=""Low""","=""false"""
"=""tỷ giá pi""","=""720""","=""0""","=""3""","=""Low""","=""false"""
"=""tỷ giá renminbi""","=""720""","=""0""","=""3""","=""Low""","=""false"""
"=""tỷ giá thái lan""","=""720""","=""0""","=""4""","=""Low""","=""false"""
"=""tỷ giá thái""","=""720""","=""0""","=""3""","=""Low""","=""false"""
"=""tỷ giá vietcombank usd""","=""720""","=""0""","=""4""","=""Low""","=""false"""
"=""tỷ giá vietcombank hiện tại""","=""720""","=""0""","=""5""","=""Low""","=""false"""
"=""tỷ giá vnd""","=""720""","=""0""","=""3""","=""Low""","=""false"""
"=""tỷ giá đô new zealand""","=""720""","=""0""","=""5""","=""Low""","=""false"""
"=""tỷ giá baht hôm nay""","=""720""","=""0""","=""5""","=""Low""","=""false"""
"=""ty gia naver""","=""590""","=""0""","=""3""","=""Low""","=""false"""
"=""ty gia ngoai tê""","=""590""","=""0""","=""4""","=""Low""","=""false"""
"=""ty gia ngoại tệ""","=""590""","=""0""","=""4""","=""Low""","=""false"""
"=""ty gia úd cho den""","=""590""","=""0""","=""5""","=""Low""","=""false"""
"=""tỷ giá dxy""","=""590""","=""0""","=""3""","=""Low""","=""true"""
"=""tỷ giá hiện tại""","=""590""","=""0""","=""4""","=""Low""","=""false"""
"=""tỷ giá hsbc hôm nay""","=""590""","=""0""","=""5""","=""Low""","=""false"""
"=""tỷ giá naver""","=""590""","=""0""","=""3""","=""Low""","=""false"""
"=""tỷ giá nhân dân tệ ngày hôm nay""","=""590""","=""0""","=""8""","=""Low""","=""false"""
"=""tỷ giá usd chợ đen ngày hôm nay""","=""590""","=""0""","=""8""","=""Low""","=""false"""
"=""tỷ giá usd vpbank""","=""590""","=""0""","=""4""","=""Low""","=""false"""
"=""tỷ giá đô la mỹ ngày hôm nay""","=""590""","=""0""","=""8""","=""Low""","=""false"""
"=""tỷ giá đô mỹ chợ đen""","=""590""","=""0""","=""6""","=""Low""","=""false"""
"=""tỷ giá đồng won hôm nay""","=""590""","=""0""","=""6""","=""Low""","=""false"""
"=""tỷ giá sgd vnd""","=""590""","=""0""","=""4""","=""Low""","=""true"""
"=""tỷ giá canada hôm nay""","=""590""","=""0""","=""5""","=""Low""","=""true"""
"=""tỷ giá cny vnd""","=""590""","=""0""","=""4""","=""Low""","=""false"""
"=""tỷ giá hong kong""","=""590""","=""0""","=""4""","=""Low""","=""false"""
"=""tỷ giá new zealand""","=""590""","=""0""","=""4""","=""Low""","=""true"""
"=""tỷ giá singapore dollar vnd""","=""590""","=""0""","=""5""","=""Low""","=""true"""
"=""tỷ giá thb""","=""590""","=""0""","=""3""","=""Low""","=""false"""
"=""tỷ giá tự do hôm nay""","=""590""","=""0""","=""6""","=""Low""","=""false"""
"=""tỷ giá vtb""","=""590""","=""0""","=""3""","=""Low""","=""false"""
"=""tỷ giá hối đoái vietcombank""","=""590""","=""0""","=""5""","=""Low""","=""false"""
"=""tỷ giá là gì""","=""590""","=""0""","=""4""","=""Low""","=""false"""
"=""ty gia eu""","=""480""","=""0""","=""3""","=""Low""","=""false"""
"=""ty gia eur vnd""","=""480""","=""0""","=""4""","=""Low""","=""false"""
"=""ty gia rub usd""","=""480""","=""0""","=""4""","=""Low""","=""false"""
"=""ty gia usd bidv""","=""480""","=""0""","=""4""","=""Low""","=""false"""
"=""ty gia won vnd""","=""480""","=""0""","=""4""","=""Low""","=""false"""
"=""tỷ giá bảng""","=""480""","=""0""","=""3""","=""Low""","=""false"""
"=""tỷ giá dollar hôm nay""","=""480""","=""0""","=""5""","=""Low""","=""false"""
"=""tỷ giá hối đoái hôm nay""","=""480""","=""0""","=""6""","=""Low""","=""false"""
"=""tỷ giá liên ngân hàng""","=""480""","=""0""","=""5""","=""Low""","=""false"""
"=""tỷ giá ngoại tệ techcombank""","=""480""","=""0""","=""5""","=""Low""","=""false"""
"=""tỷ giá ngoại tệ vietinbank""","=""480""","=""0""","=""5""","=""Low""","=""true"""
"=""tỷ giá rub usd""","=""480""","=""0""","=""4""","=""Low""","=""false"""
"=""tỷ giá usd thị trường tự do""","=""480""","=""0""","=""7""","=""Low""","=""false"""
"=""tỷ giá usd vnd chợ đen""","=""480""","=""0""","=""6""","=""Low""","=""false"""
"=""tỷ giá đôla""","=""480""","=""0""","=""3""","=""Low""","=""false"""
"=""tỷ giá đồng euro chợ đen ngày hôm nay""","=""480""","=""0""","=""9""","=""Low""","=""false"""
"=""tỷ giá aud vietcombank""","=""480""","=""0""","=""4""","=""Low""","=""false"""
"=""tỷ giá balan""","=""480""","=""0""","=""3""","=""Low""","=""false"""
"=""tỷ giá chf hôm nay""","=""480""","=""0""","=""5""","=""Low""","=""false"""
"=""tỷ giá hôm nay vietcombank""","=""480""","=""0""","=""5""","=""Low""","=""false"""
"=""tỷ giá indovina""","=""480""","=""0""","=""3""","=""Low""","=""false"""
"=""tỷ giá ivb""","=""480""","=""0""","=""3""","=""Low""","=""false"""
"=""tỷ giá vp""","=""480""","=""0""","=""3""","=""Low""","=""false"""
"=""tỷ giá msb hôm nay""","=""480""","=""0""","=""5""","=""Low""","=""true"""
"=""tỷ giá rmb vnd""","=""480""","=""0""","=""4""","=""Low""","=""false"""
"=""tỷ giá rmb hôm nay""","=""480""","=""0""","=""5""","=""Low""","=""true"""
"=""tỷ giá philippines""","=""480""","=""0""","=""3""","=""Low""","=""false"""
"=""tỷ giá tiền canada""","=""480""","=""0""","=""4""","=""Low""","=""false"""
"=""tỷ giá aud hom nay""","=""480""","=""0""","=""5""","=""Low""","=""false"""
"=""tỷ giá won hiện tại""","=""480""","=""0""","=""5""","=""Low""","=""true"""
"=""tỷ giá yên nhật vietcombank""","=""480""","=""0""","=""5""","=""Low""","=""false"""
"=""tỷ giá vàng 9999 hôm nay""","=""480""","=""0""","=""6""","=""Low""","=""false"""
"=""ty gia euro usd""","=""390""","=""0""","=""4""","=""Low""","=""false"""
"=""ty gia hoi doai""","=""390""","=""0""","=""4""","=""Low""","=""false"""
"=""ty gia ngoai te cho den""","=""390""","=""0""","=""6""","=""Low""","=""false"""
"=""tỷ giá bảng anh vnd""","=""390""","=""0""","=""5""","=""Low""","=""false"""
"=""tỷ giá chợ đen usd hôm nay""","=""390""","=""0""","=""7""","=""Low""","=""false"""
"=""tỷ giá euro hôm nay tại các ngân hàng""","=""390""","=""0""","=""9""","=""Low""","=""false"""
"=""tỷ giá euro usd""","=""390""","=""0""","=""4""","=""Low""","=""false"""
"=""tỷ giá ngoại tệ sacombank""","=""390""","=""0""","=""5""","=""Low""","=""false"""
"=""tỷ giá nhân dân tệ chợ đen hôm nay""","=""390""","=""0""","=""9""","=""Low""","=""false"""
"=""tỷ giá tiền won hôm nay""","=""390""","=""0""","=""6""","=""Low""","=""true"""
"=""tỷ giá usd quốc trinh hôm nay""","=""390""","=""0""","=""7""","=""Low""","=""false"""
"=""tỷ giá usd sang vnd""","=""390""","=""0""","=""5""","=""Low""","=""false"""
"=""tỷ giá usd tiệm vàng hôm nay""","=""390""","=""0""","=""7""","=""Low""","=""false"""
"=""tỷ giá usd tiệm vàng kim mai""","=""390""","=""0""","=""7""","=""Low""","=""false"""
"=""tỷ giá usd to vnd""","=""390""","=""0""","=""5""","=""Low""","=""false"""
"=""tỷ giá usd tăng""","=""390""","=""0""","=""4""","=""Low""","=""false"""
"=""tỷ giá won naver""","=""390""","=""0""","=""4""","=""Low""","=""false"""
"=""tỷ giá won sang vnd""","=""390""","=""0""","=""5""","=""Low""","=""true"""
"=""tỷ giá won và vnd""","=""390""","=""0""","=""5""","=""Low""","=""true"""
"=""tỷ giá yên hôm nay sbi""","=""390""","=""0""","=""6""","=""Low""","=""false"""
"=""tỷ giá yên hôm này sbi""","=""390""","=""0""","=""6""","=""Low""","=""false"""
"=""tỷ giá đo la""","=""390""","=""0""","=""4""","=""Low""","=""false"""
"=""tỷ giá đô bidv""","=""390""","=""0""","=""4""","=""Low""","=""false"""
"=""tỷ giá đô mỹ chợ đen hôm nay""","=""390""","=""0""","=""8""","=""Low""","=""false"""
"=""tỷ giá đô tự do""","=""390""","=""0""","=""5""","=""Low""","=""false"""
"=""tỷ giá đồng euro hôm nay""","=""390""","=""0""","=""6""","=""Low""","=""false"""
"=""tỷ giá cny hôm nay""","=""390""","=""0""","=""5""","=""Low""","=""false"""
"=""tỷ giá woori bank""","=""390""","=""0""","=""4""","=""Low""","=""false"""
"=""tỷ giá won vietcombank""","=""390""","=""0""","=""4""","=""Low""","=""true"""
"=""tỷ giá hdbank hôm nay""","=""390""","=""0""","=""5""","=""Low""","=""false"""
"=""tỷ giá maersk""","=""390""","=""0""","=""3""","=""Low""","=""false"""
"=""tỷ giá rmb sang vnd""","=""390""","=""0""","=""5""","=""Low""","=""false"""
"=""tỷ giá rm""","=""390""","=""0""","=""3""","=""Low""","=""false"""
"=""tỷ giá mufg""","=""390""","=""0""","=""3""","=""Low""","=""false"""
"=""tỷ giá nhật việt""","=""390""","=""0""","=""4""","=""Low""","=""false"""
"=""tỷ giá nok vnd""","=""390""","=""0""","=""4""","=""Low""","=""false"""
"=""tỷ giá uob""","=""390""","=""0""","=""3""","=""Low""","=""false"""
"=""tỷ giá peso vnd""","=""390""","=""0""","=""4""","=""Low""","=""false"""
"=""tỷ giá public bank""","=""390""","=""0""","=""4""","=""Low""","=""false"""
"=""tỷ giá rub nga""","=""390""","=""0""","=""4""","=""Low""","=""true"""
"=""tỷ giá rupee""","=""390""","=""0""","=""3""","=""Low""","=""false"""
"=""tỷ giá twd vnd""","=""390""","=""0""","=""4""","=""Low""","=""false"""
"=""tỷ giá vietinbank usd""","=""390""","=""0""","=""4""","=""Low""","=""true"""
"=""tỷ giá bath vnd""","=""390""","=""0""","=""4""","=""Low""","=""false"""
"=""ty gia aud usd""","=""320""","=""0""","=""4""","=""Low""","=""false"""
"=""ty gia do la my""","=""320""","=""0""","=""5""","=""Low""","=""false"""
"=""ty gia do la my hom nay""","=""320""","=""0""","=""7""","=""Low""","=""false"""
"=""ty gia do sing""","=""320""","=""0""","=""4""","=""Low""","=""false"""
"=""ty gia dola my""","=""320""","=""0""","=""4""","=""Low""","=""false"""
"=""ty gia dola my hom nay""","=""320""","=""0""","=""6""","=""Low""","=""false"""
"=""ty gia forex""","=""320""","=""15.62""","=""3""","=""Low""","=""false"""
"=""ty gia ngoai te hom nay""","=""320""","=""0""","=""6""","=""Low""","=""false"""
"=""ty gia te""","=""320""","=""0""","=""3""","=""Low""","=""false"""
"=""tỷ gia yên""","=""320""","=""0""","=""3""","=""Low""","=""false"""
"=""tỷ giá abbank""","=""320""","=""0""","=""3""","=""Low""","=""false"""
"=""tỷ giá aud usd""","=""320""","=""0""","=""4""","=""Low""","=""false"""
"=""tỷ giá euro hôm nay tại vietcombank""","=""320""","=""0""","=""7""","=""Low""","=""false"""
"=""tỷ giá forex""","=""320""","=""15.62""","=""3""","=""Low""","=""false"""
"=""tỷ giá krw vnd""","=""320""","=""0""","=""4""","=""Low""","=""true"""
"=""tỷ giá ngoại tệ ngày hôm nay""","=""320""","=""0""","=""7""","=""Low""","=""false"""
"=""tỷ giá ngoại tệ ngân hàng vietcombank""","=""320""","=""0""","=""7""","=""Low""","=""false"""
"=""tỷ giá ngoại tệ vietcombank hôm nay""","=""320""","=""0""","=""7""","=""Low""","=""false"""
"=""tỷ giá ngân hàng msb""","=""320""","=""0""","=""5""","=""Low""","=""true"""
"=""tỷ giá ngân hàng ngoại thương""","=""320""","=""0""","=""6""","=""Low""","=""false"""
"=""tỷ giá nhân dân tệ và vnd""","=""320""","=""0""","=""7""","=""Low""","=""false"""
"=""tỷ giá nzd vnd""","=""320""","=""0""","=""4""","=""Low""","=""false"""
"=""tỷ giá tiền euro""","=""320""","=""0""","=""4""","=""Low""","=""false"""
"=""tỷ giá tiền tệ hôm nay""","=""320""","=""0""","=""6""","=""Low""","=""false"""
"=""tỷ giá tiền đô hôm nay""","=""320""","=""0""","=""6""","=""Low""","=""false"""
"=""tỷ giá usd aud hôm nay""","=""320""","=""0""","=""6""","=""Low""","=""false"""
"=""tỷ giá usd eur""","=""320""","=""0""","=""4""","=""Low""","=""false"""
"=""tỷ giá usd euro""","=""320""","=""0""","=""4""","=""Low""","=""false"""
"=""tỷ giá usd hôm nay vietinbank""","=""320""","=""0""","=""6""","=""Low""","=""false"""
"=""tỷ giá vietbank""","=""320""","=""0""","=""3""","=""Low""","=""false"""
"=""tỷ giá đô la chợ đen ngày hôm nay""","=""320""","=""0""","=""9""","=""Low""","=""false"""
"=""tỷ giá đô la hiện tại""","=""320""","=""0""","=""6""","=""Low""","=""false"""
"=""tỷ giá đô techcombank""","=""320""","=""0""","=""4""","=""Low""","=""false"""
"=""tỷ giá đồng rúp""","=""320""","=""0""","=""4""","=""Low""","=""false"""
"=""tỷ giá đồng đô la""","=""320""","=""0""","=""5""","=""Low""","=""false"""
"=""tỷ giá hkd vnd""","=""320""","=""0""","=""4""","=""Low""","=""false"""
"=""tỷ giá icbc""","=""320""","=""0""","=""3""","=""Low""","=""false"""
"=""tỷ giá đài loan hôm nay""","=""320""","=""0""","=""6""","=""Low""","=""false"""
"=""tỷ giá rmb usd""","=""320""","=""0""","=""4""","=""Low""","=""false"""
"=""tỷ giá myr""","=""320""","=""0""","=""3""","=""Low""","=""false"""
"=""tỷ giá peso philippines""","=""320""","=""0""","=""4""","=""Low""","=""false"""
"=""tỷ giá pvcombank""","=""320""","=""0""","=""3""","=""Low""","=""false"""
"=""tỷ giá bán ra vietcombank""","=""320""","=""0""","=""5""","=""Low""","=""false"""
"=""tỷ giá shb hôm nay""","=""320""","=""0""","=""5""","=""Low""","=""false"""
"=""tỷ giá tpbank hôm nay""","=""320""","=""0""","=""5""","=""Low""","=""false"""
"=""tỷ giá tiền singapore""","=""320""","=""0""","=""4""","=""Low""","=""false"""
"=""tỷ giá cad chợ đen""","=""260""","=""0""","=""5""","=""Low""","=""false"""
"=""tỷ giá euro chợ đen ngày hôm nay""","=""260""","=""0""","=""8""","=""Low""","=""false"""
"=""tỷ giá hai ha""","=""260""","=""1.25""","=""4""","=""Low""","=""false"""
"=""tỷ giá jpy usd""","=""260""","=""0""","=""4""","=""Low""","=""true"""
"=""tỷ giá ndt và vnd""","=""260""","=""0""","=""5""","=""Low""","=""true"""
"=""tỷ giá ngoại tệ vpbank""","=""260""","=""0""","=""5""","=""Low""","=""false"""
"=""tỷ giá standard chartered""","=""260""","=""0""","=""4""","=""Low""","=""false"""
"=""tỷ giá thế giới""","=""260""","=""0""","=""4""","=""Low""","=""true"""
"=""tỷ giá tiền trung hôm nay""","=""260""","=""0""","=""6""","=""Low""","=""false"""
"=""tỷ giá tpb""","=""260""","=""0""","=""3""","=""Low""","=""false"""
"=""tỷ giá usd chợ đen 24h""","=""260""","=""0""","=""6""","=""Low""","=""false"""
"=""tỷ giá usd techcombank hôm nay""","=""260""","=""0""","=""6""","=""Low""","=""true"""
"=""tỷ giá usd won""","=""260""","=""0""","=""4""","=""Low""","=""false"""
"=""tỷ giá vib hôm nay""","=""260""","=""0.01""","=""5""","=""Low""","=""false"""
"=""tỷ giá won vnd hôm nay""","=""260""","=""0""","=""6""","=""Low""","=""true"""
"=""tỷ giá đô la net""","=""260""","=""0""","=""5""","=""Low""","=""false"""
"=""tỷ giá đồng euro ngày hôm nay""","=""260""","=""0""","=""7""","=""Low""","=""false"""
"=""tỷ giá đồng usd""","=""260""","=""0""","=""4""","=""Low""","=""false"""
"=""tỷ giá đồng đô la mỹ""","=""260""","=""0""","=""6""","=""Low""","=""false"""
"=""tỷ giá campuchia""","=""260""","=""0""","=""3""","=""Low""","=""false"""
"=""tỷ giá coin""","=""260""","=""0""","=""3""","=""Low""","=""false"""
"=""tỷ giá dcom hôm nay""","=""260""","=""0""","=""5""","=""Low""","=""true"""
"=""tỷ giá dxy hôm nay""","=""260""","=""0""","=""5""","=""Low""","=""true"""
"=""tỷ giá won hôm nay vietcombank""","=""260""","=""0""","=""6""","=""Low""","=""false"""
"=""tỷ giá forex trực tuyến""","=""260""","=""5.81""","=""5""","=""Low""","=""false"""
"=""tỷ giá usd hdbank""","=""260""","=""0""","=""4""","=""Low""","=""false"""
"=""tỷ giá idr""","=""260""","=""0""","=""3""","=""Low""","=""false"""
"=""tỷ giá krw hôm nay""","=""260""","=""0""","=""5""","=""Low""","=""false"""
"=""tỷ giá malaysia hôm nay""","=""260""","=""0""","=""5""","=""Low""","=""true"""
"=""tỷ giá vàng pnj hôm nay""","=""260""","=""0.22""","=""6""","=""Low""","=""false"""
"=""tỷ giá pound""","=""260""","=""0""","=""3""","=""Low""","=""false"""
"=""tỷ giá singapore vnd""","=""260""","=""0""","=""4""","=""Low""","=""true"""
"=""tỷ giá thb vnd""","=""260""","=""0""","=""4""","=""Low""","=""true"""
"=""tỷ giá trung quốc hôm nay""","=""260""","=""0""","=""6""","=""Low""","=""false"""
"=""tỷ giá trung việt""","=""260""","=""0""","=""4""","=""Low""","=""false"""
"=""ty gia do la hom nay""","=""210""","=""0""","=""6""","=""Low""","=""true"""
"=""ty gia dola net""","=""210""","=""0""","=""4""","=""Low""","=""false"""
"=""ty gia hôm nay""","=""210""","=""0""","=""4""","=""Low""","=""false"""
"=""ty gia đô la""","=""210""","=""0""","=""4""","=""Low""","=""false"""
"=""tỷ giá eur vnd hôm nay""","=""210""","=""0""","=""6""","=""Low""","=""false"""
"=""tỷ giá euro techcombank""","=""210""","=""0""","=""4""","=""Low""","=""false"""
"=""tỷ giá euro tự do""","=""210""","=""0""","=""5""","=""Low""","=""false"""
"=""tỷ giá naver hôm nay""","=""210""","=""0""","=""5""","=""Low""","=""false"""
"=""tỷ giá ngoại tệ 24h""","=""210""","=""0""","=""5""","=""Low""","=""false"""
"=""tỷ giá ngoại tệ chợ đen ngày hôm nay""","=""210""","=""0""","=""9""","=""Low""","=""false"""
"=""tỷ giá ngày hôm nay""","=""210""","=""0""","=""5""","=""Low""","=""false"""
"=""tỷ giá tiền nhân dân tệ""","=""210""","=""0""","=""6""","=""Low""","=""false"""
"=""tỷ giá tiền usd""","=""210""","=""0""","=""4""","=""Low""","=""false"""
"=""tỷ giá tiền đô la mỹ""","=""210""","=""0""","=""6""","=""Low""","=""false"""
"=""tỷ giá tệ chợ đen""","=""210""","=""0""","=""5""","=""Low""","=""false"""
"=""tỷ giá usd hà trung""","=""210""","=""0""","=""5""","=""Low""","=""false"""
"=""tỷ giá usd ngân hàng""","=""210""","=""0""","=""5""","=""Low""","=""false"""
"=""tỷ giá usd sgd""","=""210""","=""0""","=""4""","=""Low""","=""true"""
"=""tỷ giá usd và nhân dân tệ""","=""210""","=""0""","=""7""","=""Low""","=""false"""
"=""tỷ giá vnd và nhân dân tệ""","=""210""","=""0""","=""7""","=""Low""","=""false"""
"=""tỷ giá won usd""","=""210""","=""0""","=""4""","=""Low""","=""false"""
"=""tỷ giá đô chợ đen ngày hôm nay""","=""210""","=""0""","=""8""","=""Low""","=""false"""
"=""tỷ giá đô la mỹ chợ đen ngày hôm nay""","=""210""","=""0""","=""10""","=""Low""","=""false"""
"=""tỷ giá đồng nhân dân tệ hôm nay""","=""210""","=""0""","=""8""","=""Low""","=""true"""
"=""tỷ giá aed""","=""210""","=""0""","=""3""","=""Low""","=""false"""
"=""tỷ giá ngoại tệ mb bank""","=""210""","=""0""","=""6""","=""Low""","=""false"""
"=""tỷ giá cad usd""","=""210""","=""0""","=""4""","=""Low""","=""false"""
"=""tỷ giá franc thụy sĩ""","=""210""","=""0""","=""5""","=""Low""","=""false"""
"=""tỷ giá franc thụy sĩ hôm nay""","=""210""","=""0""","=""7""","=""Low""","=""false"""
"=""tỷ giá gbp vnd""","=""210""","=""0""","=""4""","=""Low""","=""true"""
"=""tỷ giá jpy hôm nay""","=""210""","=""0""","=""5""","=""Low""","=""true"""
"=""tỷ giá jpy vnd hôm nay""","=""210""","=""0""","=""6""","=""Low""","=""false"""
"=""tỷ giá kwon""","=""210""","=""0""","=""3""","=""Low""","=""true"""
"=""tỷ giá lào""","=""210""","=""0""","=""3""","=""Low""","=""false"""
"=""tỷ giá mbv""","=""210""","=""0""","=""3""","=""Low""","=""false"""
"=""tỷ giá mufg hôm nay""","=""210""","=""0""","=""5""","=""Low""","=""true"""
"=""tỷ giá nam á bank""","=""210""","=""0""","=""5""","=""Low""","=""true"""
"=""tỷ giá nok""","=""210""","=""0""","=""3""","=""Low""","=""true"""
"=""tỷ giá nzd hôm nay""","=""210""","=""0""","=""5""","=""Low""","=""false"""
"=""tỷ giá php""","=""210""","=""0""","=""3""","=""Low""","=""false"""
"=""tỷ giá pgbank""","=""210""","=""0""","=""3""","=""Low""","=""false"""
"=""tỷ giá sek""","=""210""","=""0""","=""3""","=""Low""","=""false"""
"=""tỷ giá sjc""","=""210""","=""0""","=""3""","=""Low""","=""false"""
"=""tỷ giá taiwan""","=""210""","=""0""","=""3""","=""Low""","=""false"""
"=""tỷ giá theo thông tư 99""","=""210""","=""0""","=""6""","=""Low""","=""false"""
"=""tỷ giá thị trường tự do""","=""210""","=""0""","=""6""","=""Low""","=""false"""
"=""tỷ giá tiền canada hôm nay""","=""210""","=""0""","=""6""","=""Low""","=""false"""
"=""tỷ giá rmb to vnd""","=""210""","=""0""","=""5""","=""Low""","=""true"""
"=""tỷ giá vnd usd hôm nay""","=""210""","=""0""","=""6""","=""Low""","=""false"""
"=""tỷ giá vrb""","=""210""","=""0""","=""3""","=""Low""","=""false"""
"=""tỷ giá vrbank""","=""210""","=""0""","=""3""","=""Low""","=""false"""
"=""tỷ giá xau""","=""210""","=""0""","=""3""","=""Low""","=""true"""
"=""tỷ giá xuất hóa đơn theo thông tư 99""","=""210""","=""0""","=""9""","=""Low""","=""false"""
"=""tỷ giá xuất hóa đơn xuất khẩu theo thông tư 99""","=""210""","=""0""","=""11""","=""Low""","=""false"""
"=""ty gia 24""","=""170""","=""0""","=""3""","=""Low""","=""false"""
"=""ty gia do tu do""","=""170""","=""0""","=""5""","=""Low""","=""false"""
"=""ty gia euro cho den hom nay""","=""170""","=""0""","=""7""","=""Low""","=""false"""
"=""ty gia won doi sang vnd""","=""170""","=""0""","=""6""","=""Low""","=""true"""
"=""tỷ giá dollar mỹ""","=""170""","=""0""","=""4""","=""Low""","=""false"""
"=""tỷ giá dô la mỹ""","=""170""","=""0""","=""5""","=""Low""","=""false"""
"=""tỷ giá euro và usd""","=""170""","=""0""","=""5""","=""Low""","=""false"""
"=""tỷ giá euro và vnd""","=""170""","=""0""","=""5""","=""Low""","=""false"""
"=""tỷ giá hôm nay usd""","=""170""","=""0""","=""5""","=""Low""","=""false"""
"=""tỷ giá mỹ""","=""170""","=""0""","=""3""","=""Low""","=""false"""
"=""tỷ giá ngoại tệ euro hôm nay chợ đen""","=""170""","=""0""","=""9""","=""Low""","=""false"""
"=""tỷ giá ngoại tệ usd""","=""170""","=""0""","=""5""","=""Low""","=""false"""
"=""tỷ giá ngân hàng nông nghiệp""","=""170""","=""0""","=""6""","=""Low""","=""false"""
"=""tỷ giá ngân hàng vpbank""","=""170""","=""0""","=""5""","=""Low""","=""false"""
"=""tỷ giá ringgit hôm nay""","=""170""","=""0""","=""5""","=""Low""","=""false"""
"=""tỷ giá scb""","=""170""","=""0""","=""3""","=""Low""","=""false"""
"=""tỷ giá tiền""","=""170""","=""0""","=""3""","=""Low""","=""false"""
"=""tỷ giá usd bán ra hôm nay""","=""170""","=""0""","=""7""","=""Low""","=""true"""
"=""tỷ giá usd các ngân hàng""","=""170""","=""0""","=""6""","=""Low""","=""false"""
"=""tỷ giá usd thế giới""","=""170""","=""0""","=""5""","=""Low""","=""false"""
"=""tỷ giá usd vib""","=""170""","=""0.01""","=""4""","=""Low""","=""true"""
"=""tỷ giá đo la mỹ""","=""170""","=""0""","=""5""","=""Low""","=""false"""
"=""tỷ giá đô la tự do""","=""170""","=""0""","=""6""","=""Low""","=""false"""
"=""tỷ giá đồng bảng anh""","=""170""","=""0""","=""5""","=""Low""","=""false"""
"=""tỷ giá an bình""","=""170""","=""0""","=""4""","=""Low""","=""false"""
"=""tỷ giá baht thái vnd""","=""170""","=""0""","=""5""","=""Low""","=""false"""
"=""tỷ giá bidv usd""","=""170""","=""0""","=""4""","=""Low""","=""false"""
"=""tỷ giá bidv ngoại tệ""","=""170""","=""0""","=""5""","=""Low""","=""false"""
"=""tỷ giá euro hôm nay vietinbank""","=""170""","=""0""","=""6""","=""Low""","=""false"""
"=""tỷ giá hkd usd""","=""170""","=""0""","=""4""","=""Low""","=""false"""
"=""tỷ giá idr vnd""","=""170""","=""0""","=""4""","=""Low""","=""false"""
"=""tỷ giá kwon vnd""","=""170""","=""0""","=""4""","=""Low""","=""false"""
"=""tỷ giá msc""","=""170""","=""9.17""","=""3""","=""Low""","=""false"""
"=""tỷ giá nam á""","=""170""","=""0""","=""4""","=""Low""","=""true"""
"=""tỷ giá niêm yết bidv""","=""170""","=""0""","=""5""","=""Low""","=""false"""
"=""tỷ giá rup""","=""170""","=""0""","=""3""","=""Low""","=""false"""
"=""tỷ giá seabank hôm nay""","=""170""","=""0""","=""5""","=""Low""","=""true"""
"=""tỷ giá slp""","=""170""","=""0""","=""3""","=""Low""","=""false"""
"=""tỷ giá standard chartered hôm nay""","=""170""","=""0""","=""6""","=""Low""","=""false"""
"=""tỷ giá techcombank usd""","=""170""","=""0""","=""4""","=""Low""","=""true"""
"=""ty gia do my hom nay""","=""140""","=""0""","=""6""","=""Low""","=""false"""
"=""ty gia net""","=""140""","=""0""","=""3""","=""Low""","=""false"""
"=""ty gia sbi""","=""140""","=""0""","=""3""","=""Low""","=""false"""
"=""ty gia truc tuyen""","=""140""","=""0""","=""4""","=""Low""","=""false"""
"=""tỷ giá eur usd hôm nay""","=""140""","=""0""","=""6""","=""Low""","=""false"""
"=""tỷ giá euro các ngân hàng""","=""140""","=""0""","=""6""","=""Low""","=""false"""
"=""tỷ giá ngoại hối""","=""140""","=""0""","=""4""","=""Low""","=""false"""
"=""tỷ giá nhân dân tệ và usd""","=""140""","=""0""","=""7""","=""Low""","=""false"""
"=""tỷ giá quy đổi""","=""140""","=""0""","=""4""","=""Low""","=""false"""
"=""tỷ giá rmb và usd""","=""140""","=""0""","=""5""","=""Low""","=""false"""
"=""tỷ giá trực tuyến""","=""140""","=""0""","=""4""","=""Low""","=""false"""
"=""tỷ giá usd các ngân hàng hôm nay""","=""140""","=""0""","=""8""","=""Low""","=""false"""
"=""tỷ giá usd mua vào hôm nay""","=""140""","=""0""","=""7""","=""Low""","=""false"""
"=""tỷ giá usd thị trường chợ đen hôm nay""","=""140""","=""0""","=""9""","=""Low""","=""false"""
"=""tỷ giá usd vnd hôm nay bán ra chợ đen""","=""140""","=""0""","=""10""","=""Low""","=""false"""
"=""tỷ giá usd với nhân dân tệ""","=""140""","=""0""","=""7""","=""Low""","=""false"""
"=""tỷ giá vnd và usd""","=""140""","=""0""","=""5""","=""Low""","=""false"""
"=""tỷ giá vnd won""","=""140""","=""0""","=""4""","=""Low""","=""false"""
"=""tỷ giá đài tệ chợ đen hôm nay""","=""140""","=""0""","=""8""","=""Low""","=""false"""
"=""tỷ giá đô la mỹ hôm nay chợ đen""","=""140""","=""0""","=""9""","=""Low""","=""false"""
"=""tỷ giá đô mỹ ngày hôm nay""","=""140""","=""0""","=""7""","=""Low""","=""false"""
"=""tỷ giá đô ngân hàng""","=""140""","=""0""","=""5""","=""Low""","=""false"""
"=""tỷ giá acb usd""","=""140""","=""0""","=""4""","=""Low""","=""false"""
"=""tỷ giá bank of china""","=""140""","=""0""","=""5""","=""Low""","=""false"""
"=""tỷ giá cad vietcombank""","=""140""","=""0""","=""4""","=""Low""","=""false"""
"=""tỷ giá chuyển đổi""","=""140""","=""0""","=""4""","=""Low""","=""false"""
"=""tỷ giá china""","=""140""","=""0""","=""3""","=""Low""","=""false"""
"=""tỷ giá cny vietcombank""","=""140""","=""0""","=""4""","=""Low""","=""false"""
"=""tỷ giá czk vnd""","=""140""","=""0""","=""4""","=""Low""","=""false"""
"=""tỷ giá forint và vnd""","=""140""","=""0""","=""5""","=""Low""","=""false"""
"=""tỷ giá gbp hôm nay""","=""140""","=""0""","=""5""","=""Low""","=""false"""
"=""tỷ giá hôm nay chợ đen""","=""140""","=""0""","=""6""","=""Low""","=""false"""
"=""tỷ giá inr""","=""140""","=""0""","=""3""","=""Low""","=""false"""
"=""tỷ giá kíp lào hôm nay""","=""140""","=""0""","=""6""","=""Low""","=""true"""
"=""tỷ giá lpb""","=""140""","=""0""","=""3""","=""Low""","=""false"""
"=""tỷ giá malaysia vnd""","=""140""","=""0""","=""4""","=""Low""","=""false"""
"=""tỷ giá man hiện tại""","=""140""","=""0""","=""5""","=""Low""","=""true"""
"=""tỷ giá rm vnd""","=""140""","=""0""","=""4""","=""Low""","=""false"""
"=""tỷ giá myr vnd""","=""140""","=""0""","=""4""","=""Low""","=""true"""
"=""tỷ giá ngoại tệ vpbank hôm nay""","=""140""","=""0""","=""7""","=""Low""","=""true"""
"=""tỷ giá ntd""","=""140""","=""0""","=""3""","=""Low""","=""false"""
"=""tỷ giá nz""","=""140""","=""0""","=""3""","=""Low""","=""false"""
"=""tỷ giá usd org""","=""140""","=""0""","=""4""","=""Low""","=""false"""
"=""tỷ giá pi hôm nay""","=""140""","=""0""","=""5""","=""Low""","=""false"""
"=""tỷ giá pnj""","=""140""","=""0""","=""3""","=""Low""","=""false"""
"=""tỷ giá riel""","=""140""","=""0""","=""3""","=""Low""","=""false"""
"=""tỷ giá sbi hôm nay""","=""140""","=""0""","=""5""","=""Low""","=""false"""
"=""tỷ giá sgd hôm nay""","=""140""","=""0""","=""5""","=""Low""","=""true"""
"=""tỷ giá singapore hôm nay""","=""140""","=""0""","=""5""","=""Low""","=""false"""
"=""tỷ giá tp""","=""140""","=""0""","=""3""","=""Low""","=""false"""
"=""tỷ giá wise""","=""140""","=""0""","=""3""","=""Low""","=""false"""
"=""tỷ giá xuất hóa đơn xuất khẩu""","=""140""","=""0""","=""7""","=""Low""","=""false"""
"=""tỷ giá xuất hóa đơn""","=""140""","=""0""","=""5""","=""Low""","=""false"""
"=""tỷ giá đô new zealand vnd""","=""140""","=""0""","=""6""","=""Low""","=""false"""
"=""ty gia gbp usd""","=""110""","=""0""","=""4""","=""Low""","=""false"""
"=""ty gia lien ngan hang""","=""110""","=""0""","=""5""","=""Low""","=""false"""
"=""ty gia usd tu do hom nay""","=""110""","=""0""","=""7""","=""Low""","=""false"""
"=""tỷ giá bán usd""","=""110""","=""0""","=""4""","=""Low""","=""false"""
"=""tỷ giá dollar mỹ hôm nay""","=""110""","=""0""","=""6""","=""Low""","=""true"""
"=""tỷ giá mua usd""","=""110""","=""0""","=""4""","=""Low""","=""false"""
"=""tỷ giá mua usd hôm nay""","=""110""","=""0""","=""6""","=""Low""","=""false"""
"=""tỷ giá ngoại tệ euro""","=""110""","=""0""","=""5""","=""Low""","=""false"""
"=""tỷ giá paypal hôm nay""","=""110""","=""0""","=""5""","=""Low""","=""false"""
"=""tỷ giá rupee vnd""","=""110""","=""0""","=""4""","=""Low""","=""false"""
"=""tỷ giá usd ngân hàng techcombank""","=""110""","=""0""","=""6""","=""Low""","=""true"""
"=""tỷ giá usd tiệm vàng""","=""110""","=""0""","=""5""","=""Low""","=""false"""
"=""tỷ giá usd và euro hôm nay""","=""110""","=""0""","=""7""","=""Low""","=""true"""
"=""tỷ giá vnd eur""","=""110""","=""0""","=""4""","=""Low""","=""false"""
"=""tỷ giá yên sbi""","=""110""","=""0""","=""4""","=""Low""","=""false"""
"=""tỷ giá đài tệ ngày hôm nay""","=""110""","=""0""","=""7""","=""Low""","=""false"""
"=""tỷ giá đồng bảng anh hôm nay""","=""110""","=""0""","=""7""","=""Low""","=""false"""
"=""tỷ giá acb online""","=""110""","=""0""","=""4""","=""Low""","=""false"""
"=""tỷ giá baht hiện tại""","=""110""","=""0""","=""5""","=""Low""","=""false"""
"=""tỷ giá bloomberg""","=""110""","=""0""","=""3""","=""Low""","=""false"""
"=""tỷ giá chf vnd""","=""110""","=""0""","=""4""","=""Low""","=""false"""
"=""tỷ giá vcb hôm nay usd""","=""110""","=""0""","=""6""","=""Low""","=""false"""
"=""tỷ giá vcb hiện tại""","=""110""","=""0""","=""5""","=""Low""","=""false"""
"=""tỷ giá dkk vnd""","=""110""","=""0""","=""4""","=""Low""","=""false"""
"=""tỷ giá won vnd hôm này""","=""110""","=""0""","=""6""","=""Low""","=""true"""
"=""tỷ giá ghi sổ là gì""","=""110""","=""0""","=""6""","=""Low""","=""false"""
"=""tỷ giá hk""","=""110""","=""0""","=""3""","=""Low""","=""false"""
"=""tỷ giá kip""","=""110""","=""0""","=""3""","=""Low""","=""false"""
"=""tỷ giá kip lào và vnd hôm nay""","=""110""","=""0""","=""8""","=""Low""","=""true"""
"=""tỷ giá korea""","=""110""","=""0""","=""3""","=""Low""","=""false"""
"=""tỷ giá msk""","=""110""","=""0""","=""3""","=""Low""","=""true"""
"=""tỷ giá rmb vnd hôm nay""","=""110""","=""0""","=""6""","=""Low""","=""false"""
"=""tỷ giá rmb vietcombank""","=""110""","=""0""","=""4""","=""Low""","=""true"""
"=""tỷ giá myanmar""","=""110""","=""0""","=""3""","=""Low""","=""false"""
"=""tỷ giá philippines vnd""","=""110""","=""0""","=""4""","=""Low""","=""true"""
"=""tỷ giá php vnd""","=""110""","=""0""","=""4""","=""Low""","=""false"""
"=""tỷ giá pln""","=""110""","=""0""","=""3""","=""Low""","=""false"""
"=""tỷ giá ringgit vnd""","=""110""","=""0""","=""4""","=""Low""","=""false"""
"=""tỷ giá rúp""","=""110""","=""0""","=""3""","=""Low""","=""false"""
"=""tỷ giá shinhan hôm nay""","=""110""","=""0""","=""5""","=""Low""","=""true"""
"=""tỷ giá shinhan bank online""","=""110""","=""0""","=""5""","=""Low""","=""false"""
"=""tỷ giá standard chartered bank""","=""110""","=""0""","=""5""","=""Low""","=""false"""
"=""tỷ giá tcb hôm nay""","=""110""","=""0""","=""5""","=""Low""","=""true"""
"=""tỷ giá eur to vnd""","=""110""","=""0""","=""5""","=""Low""","=""false"""
"=""tỷ giá aud to vnd""","=""110""","=""0""","=""5""","=""Low""","=""false"""
"=""tỷ giá cny to vnd""","=""110""","=""0""","=""5""","=""Low""","=""true"""
"=""tỷ giá usd tpbank hôm nay""","=""110""","=""0""","=""6""","=""Low""","=""false"""
"=""tỷ giá vietcombank usd hôm nay""","=""110""","=""0""","=""6""","=""Low""","=""true"""
"=""tỷ giá vàng xauusd""","=""110""","=""0""","=""4""","=""Low""","=""true"""
"=""tỷ giá zloty và vnd""","=""110""","=""0""","=""5""","=""Low""","=""false"""
"=""tỷ giá lào việt""","=""110""","=""0""","=""4""","=""Low""","=""false"""
"=""ty gia dong a""","=""90""","=""0""","=""4""","=""Low""","=""false"""
"=""ty giá hải hà""","=""90""","=""0.68""","=""4""","=""Low""","=""true"""
"=""tỷ giá hối đoái techcombank""","=""90""","=""0""","=""5""","=""Low""","=""false"""
"=""tỷ giá hối đoái usd""","=""90""","=""0""","=""5""","=""Low""","=""false"""
"=""tỷ giá mi hồng""","=""90""","=""0""","=""4""","=""Low""","=""true"""
"=""tỷ giá never""","=""90""","=""0""","=""3""","=""Low""","=""false"""
"=""tỷ giá ngoại tệ ngân hàng agribank hôm nay""","=""90""","=""0""","=""9""","=""Low""","=""false"""
"=""tỷ giá ngoại tệ vib""","=""90""","=""0""","=""5""","=""Low""","=""false"""
"=""tỷ giá ngân hàng hsbc""","=""90""","=""0""","=""5""","=""Low""","=""false"""
"=""tỷ giá ngân hàng vib""","=""90""","=""0""","=""5""","=""Low""","=""false"""
"=""tỷ giá nhân dân tệ hôm nay tăng hay giảm""","=""90""","=""0""","=""10""","=""Low""","=""false"""
"=""tỷ giá paypal""","=""90""","=""0""","=""3""","=""Low""","=""false"""
"=""tỷ giá tiền usd hôm nay""","=""90""","=""0""","=""6""","=""Low""","=""false"""
"=""tỷ giá tăng""","=""90""","=""0""","=""3""","=""Low""","=""false"""
"=""tỷ giá usd cad""","=""90""","=""0""","=""4""","=""Low""","=""false"""
"=""tỷ giá usd liên ngân hàng""","=""90""","=""0""","=""6""","=""Low""","=""false"""
"=""tỷ giá usd năm 1995""","=""90""","=""0""","=""5""","=""Low""","=""false"""
"=""tỷ giá usd năm 2022""","=""90""","=""0""","=""5""","=""Low""","=""false"""
"=""tỷ giá usd và euro""","=""90""","=""0""","=""5""","=""Low""","=""true"""
"=""tỷ giá won naver hôm nay""","=""90""","=""0""","=""6""","=""Low""","=""false"""
"=""tỷ giá đo la mỹ hôm nay""","=""90""","=""0""","=""7""","=""Low""","=""false"""
"=""tỷ giá đồng""","=""90""","=""0""","=""3""","=""Low""","=""false"""
"=""tỷ giá đồng đô""","=""90""","=""0""","=""4""","=""Low""","=""false"""
"=""tỷ giá anh""","=""90""","=""0""","=""3""","=""Low""","=""false"""
"=""tỷ giá bidv hôm nay usd""","=""90""","=""0""","=""6""","=""Low""","=""true"""
"=""tỷ giá bdt vnd""","=""90""","=""0""","=""4""","=""Low""","=""false"""
"=""tỷ giá boc""","=""90""","=""0""","=""3""","=""Low""","=""true"""
"=""tỷ giá brazil""","=""90""","=""0""","=""3""","=""Low""","=""true"""
"=""tỷ giá chéo""","=""90""","=""0""","=""3""","=""Low""","=""false"""
"=""tỷ giá dollar canada""","=""90""","=""0""","=""4""","=""Low""","=""false"""
"=""tỷ giá mufg hcm""","=""90""","=""0""","=""4""","=""Low""","=""false"""
"=""tỷ giá khai hải quan""","=""90""","=""0""","=""5""","=""Low""","=""false"""
"=""tỷ giá krw usd""","=""90""","=""0""","=""4""","=""Low""","=""true"""
"=""tỷ giá lak vnd""","=""90""","=""0""","=""4""","=""Low""","=""false"""
"=""tỷ giá mb hiện tại""","=""90""","=""0""","=""5""","=""Low""","=""true"""
"=""tỷ giá đài loan việt nam""","=""90""","=""0""","=""6""","=""Low""","=""false"""
"=""tỷ giá mexico""","=""90""","=""0""","=""3""","=""Low""","=""true"""
"=""tỷ giá rmb sang usd""","=""90""","=""0""","=""5""","=""Low""","=""true"""
"=""tỷ giá mua bán chuyển khoản trung bình là gì""","=""90""","=""0""","=""10""","=""Low""","=""false"""
"=""tỷ giá mua bán chuyển khoản trung bình""","=""90""","=""0""","=""8""","=""Low""","=""false"""
"=""tỷ giá mua chuyển khoản vietcombank""","=""90""","=""0""","=""6""","=""Low""","=""false"""
"=""tỷ giá myr hôm nay""","=""90""","=""0""","=""5""","=""Low""","=""false"""
"=""tỷ giá ncb hôm nay""","=""90""","=""0""","=""5""","=""Low""","=""false"""
"=""tỷ giá nauy""","=""90""","=""0""","=""3""","=""Low""","=""false"""
"=""tỷ giá new zealand việt nam""","=""90""","=""0""","=""6""","=""Low""","=""false"""
"=""tỷ giá nzd vietcombank""","=""90""","=""0""","=""4""","=""Low""","=""false"""
"=""tỷ giá peso hôm nay""","=""90""","=""0""","=""5""","=""Low""","=""false"""
"=""tỷ giá riel vnd""","=""90""","=""0""","=""4""","=""Low""","=""false"""
"=""tỷ giá rub vnd hôm nay""","=""90""","=""0""","=""6""","=""Low""","=""true"""
"=""tỷ giá sjc hôm nay""","=""90""","=""0""","=""5""","=""Low""","=""false"""
"=""tỷ giá krone na uy""","=""90""","=""0""","=""5""","=""Low""","=""true"""
"=""tỷ giá vnd sang usd""","=""90""","=""0""","=""5""","=""Low""","=""false"""
"=""tỷ giá yên và vnd""","=""90""","=""0""","=""5""","=""Low""","=""false"""
"=""tỷ giá xuất hóa đơn là tỷ giá nào""","=""90""","=""0""","=""9""","=""Low""","=""false"""
"=""tỷ giá yuan""","=""90""","=""0""","=""3""","=""Low""","=""false"""
"=""tỷ giá new zealand hôm nay""","=""90""","=""0""","=""6""","=""Low""","=""false"""
"=""tỷ giá của vietcombank""","=""90""","=""0""","=""4""","=""Low""","=""false"""
"=""ty gia cho den usd hom nay""","=""70""","=""0""","=""7""","=""Low""","=""false"""
"=""ty gia do la tu do""","=""70""","=""0""","=""6""","=""Low""","=""false"""
"=""tỷ giá dô la mỹ hôm nay""","=""70""","=""0""","=""7""","=""Low""","=""false"""
"=""tỷ giá euro bán ra hôm nay""","=""70""","=""0""","=""7""","=""Low""","=""true"""
"=""tỷ giá euro usd hôm nay""","=""70""","=""0""","=""6""","=""Low""","=""false"""
"=""tỷ giá hối đoái là""","=""70""","=""0""","=""5""","=""Low""","=""false"""
"=""tỷ giá ngoại tệ các ngân hàng""","=""70""","=""0""","=""7""","=""Low""","=""false"""
"=""tỷ giá rmb và vnd""","=""70""","=""0""","=""5""","=""Low""","=""false"""
"=""tỷ giá usd mua vào""","=""70""","=""0""","=""5""","=""Low""","=""true"""
"=""tỷ giá usd năm 2008""","=""70""","=""0""","=""5""","=""Low""","=""false"""
"=""tỷ giá usd năm 2010""","=""70""","=""0""","=""5""","=""Low""","=""true"""
"=""tỷ giá usd năm 2020""","=""70""","=""0""","=""5""","=""Low""","=""true"""
"=""tỷ giá usd năm 2021""","=""70""","=""0""","=""5""","=""Low""","=""false"""
"=""tỷ giá usd vnd từ năm 2000 đến nay""","=""70""","=""0""","=""9""","=""Low""","=""false"""
"=""tỷ giá vnd usd qua các năm""","=""70""","=""0""","=""7""","=""Low""","=""true"""
"=""tỷ giá xe""","=""70""","=""0""","=""3""","=""Low""","=""false"""
"=""tỷ giá đô bán ra hôm nay""","=""70""","=""0""","=""7""","=""Low""","=""false"""
"=""tỷ giá đô la trung tâm""","=""70""","=""0""","=""6""","=""Low""","=""false"""
"=""tỷ giá đô thị trường chợ đen""","=""70""","=""0""","=""7""","=""Low""","=""false"""
"=""tỷ giá đồng usd hôm nay""","=""70""","=""0""","=""6""","=""Low""","=""true"""
"=""tỷ giá đồng won và vnd""","=""70""","=""0""","=""6""","=""Low""","=""true"""
"=""tỷ giá đồng đô la hôm nay""","=""70""","=""0""","=""7""","=""Low""","=""false"""
"=""tỷ giá đổi tệ hôm nay""","=""70""","=""0""","=""6""","=""Low""","=""false"""
"=""tỷ giá abb""","=""70""","=""0""","=""3""","=""Low""","=""false"""
"=""tỷ giá acb hôm nay usd""","=""70""","=""0""","=""6""","=""Low""","=""false"""
"=""tỷ giá aud chợ đen 24h hôm nay""","=""70""","=""0""","=""8""","=""Low""","=""true"""
"=""tỷ giá baht thái chợ đen""","=""70""","=""0""","=""6""","=""Low""","=""false"""
"=""tỷ giá bhxh 6 tháng cuối năm 2025""","=""70""","=""0""","=""8""","=""Low""","=""false"""
"=""tỷ giá cny vietinbank""","=""70""","=""0""","=""4""","=""Low""","=""false"""
"=""tỷ giá vcb chợ đen""","=""70""","=""0""","=""5""","=""Low""","=""false"""
"=""tỷ giá vcb euro""","=""70""","=""0""","=""4""","=""Low""","=""false"""
"=""tỷ giá dola singapore""","=""70""","=""0""","=""4""","=""Low""","=""false"""
"=""tỷ giá dubai""","=""70""","=""0""","=""3""","=""Low""","=""false"""
"=""tỷ giá tiền dubai""","=""70""","=""0""","=""4""","=""Low""","=""false"""
"=""tỷ giá won chợ đen hôm nay""","=""70""","=""0""","=""7""","=""Low""","=""true"""
"=""tỷ giá franc pháp""","=""70""","=""0""","=""4""","=""Low""","=""false"""
"=""tỷ giá giao dịch thực tế theo thông tư 99""","=""70""","=""0""","=""10""","=""Low""","=""false"""
"=""tỷ giá giao dịch thực tế là gì""","=""70""","=""0""","=""8""","=""Low""","=""false"""
"=""tỷ giá hdb""","=""70""","=""0""","=""3""","=""Low""","=""false"""
"=""tỷ giá hiện nay""","=""70""","=""0""","=""4""","=""Low""","=""false"""
"=""tỷ giá hkd hôm nay""","=""70""","=""0""","=""5""","=""Low""","=""false"""
"=""tỷ giá india""","=""70""","=""0""","=""3""","=""Low""","=""false"""
"=""tỷ giá jpy vietcombank""","=""70""","=""0""","=""4""","=""Low""","=""false"""
"=""tỷ giá kbank""","=""70""","=""0""","=""3""","=""Low""","=""false"""
"=""tỷ giá lp""","=""70""","=""0""","=""3""","=""Low""","=""false"""
"=""tỷ giá man dcom""","=""70""","=""0""","=""4""","=""Low""","=""false"""
"=""tỷ giá ndt sang vnd""","=""70""","=""0""","=""5""","=""Low""","=""false"""
"=""tỷ giá niêm yết""","=""70""","=""0""","=""4""","=""Low""","=""false"""
"=""tỷ giá uob hôm nay""","=""70""","=""0""","=""5""","=""Low""","=""false"""
"=""tỷ giá phi""","=""70""","=""0""","=""3""","=""Low""","=""false"""
"=""tỷ giá pg""","=""70""","=""0""","=""3""","=""Low""","=""false"""
"=""tỷ giá ringgit vnd hôm nay""","=""70""","=""0""","=""6""","=""Low""","=""true"""
"=""tỷ giá bán ra vietcombank hôm nay""","=""70""","=""0""","=""7""","=""Low""","=""false"""
"=""tỷ giá rub hôm nay""","=""70""","=""0""","=""5""","=""Low""","=""true"""
"=""tỷ giá saigonbank""","=""70""","=""0""","=""3""","=""Low""","=""false"""
"=""tỷ giá sgd vietcombank""","=""70""","=""0""","=""4""","=""Low""","=""false"""
"=""tỷ giá sing hôm nay""","=""70""","=""0""","=""5""","=""Low""","=""true"""
"=""tỷ giá techcombank usd hôm nay""","=""70""","=""0""","=""6""","=""Low""","=""false"""
"=""tỷ giá techcombank ngày""","=""70""","=""0""","=""4""","=""Low""","=""false"""
"=""tỷ giá thái việt""","=""70""","=""0""","=""4""","=""Low""","=""false"""
"=""tỷ giá yên to vnd""","=""70""","=""0""","=""5""","=""Low""","=""false"""
"=""tỷ giá baht to vnd""","=""70""","=""0""","=""5""","=""Low""","=""false"""
"=""tỷ giá twd vietcombank""","=""70""","=""0""","=""4""","=""Low""","=""false"""
"=""tỷ giá uk""","=""70""","=""0""","=""3""","=""Low""","=""false"""
"=""tỷ giá vnd yên""","=""70""","=""0""","=""4""","=""Low""","=""false"""
"=""tỷ giá vnd rub""","=""70""","=""0""","=""4""","=""Low""","=""false"""
"=""tỷ giá eur và usd""","=""70""","=""0""","=""5""","=""Low""","=""false"""
"=""tỷ giá xuất quỹ là gì""","=""70""","=""0""","=""6""","=""Low""","=""false"""
"=""tỷ giá zl""","=""70""","=""0""","=""3""","=""Low""","=""false"""
"=""ty gia tien te""","=""50""","=""0""","=""4""","=""Low""","=""false"""
"=""ty gia usd to vnd""","=""50""","=""0""","=""5""","=""Low""","=""true"""
"=""tỷ giá euro chợ đen 24h hôm nay""","=""50""","=""0""","=""8""","=""Low""","=""false"""
"=""tỷ giá euro mua vào hôm nay""","=""50""","=""0""","=""7""","=""Low""","=""false"""
"=""tỷ giá hối đoái euro""","=""50""","=""0""","=""5""","=""Low""","=""false"""
"=""tỷ giá hối đoái euro hôm nay""","=""50""","=""0""","=""7""","=""Low""","=""false"""
"=""tỷ giá mbb hôm nay""","=""50""","=""0""","=""5""","=""Low""","=""false"""
"=""tỷ giá quy đổi usd""","=""50""","=""0""","=""5""","=""Low""","=""true"""
"=""tỷ giá tiền bath""","=""50""","=""0""","=""4""","=""Low""","=""false"""
"=""tỷ giá us""","=""50""","=""0""","=""3""","=""Low""","=""false"""
"=""tỷ giá usd euro hôm nay""","=""50""","=""0""","=""6""","=""Low""","=""false"""
"=""tỷ giá usd hôm nay tại chợ đen""","=""50""","=""0""","=""8""","=""Low""","=""false"""
"=""tỷ giá usd và won""","=""50""","=""0""","=""5""","=""Low""","=""false"""
"=""tỷ giá usd với vnd""","=""50""","=""0""","=""5""","=""Low""","=""false"""
"=""tỷ giá vnd và won""","=""50""","=""0""","=""5""","=""Low""","=""true"""
"=""tỷ giá won hôm nay tăng hay giảm""","=""50""","=""0""","=""8""","=""Low""","=""false"""
"=""tỷ giá đô mua vào hôm nay""","=""50""","=""0""","=""7""","=""Low""","=""false"""
"=""tỷ giá đô sing và vnd""","=""50""","=""0""","=""6""","=""Low""","=""false"""
"=""tỷ giá đồng bath""","=""50""","=""0""","=""4""","=""Low""","=""false"""
"=""tỷ giá đồng rup""","=""50""","=""0""","=""4""","=""Low""","=""false"""
"=""tỷ giá ada""","=""50""","=""0""","=""3""","=""Low""","=""false"""
"=""tỷ giá an bình bank""","=""50""","=""0""","=""5""","=""Low""","=""true"""
"=""tỷ giá bidv hiện tại""","=""50""","=""0""","=""5""","=""Low""","=""true"""
"=""tỷ giá bid""","=""50""","=""0""","=""3""","=""Low""","=""false"""
"=""tỷ giá bnp""","=""50""","=""0""","=""3""","=""Low""","=""false"""
"=""tỷ giá brl""","=""50""","=""0""","=""3""","=""Low""","=""false"""
"=""tỷ giá cny sang vnd""","=""50""","=""0""","=""5""","=""Low""","=""false"""
"=""tỷ giá cny chợ đen hôm nay""","=""50""","=""0""","=""7""","=""Low""","=""false"""
"=""tỷ giá cny và usd""","=""50""","=""0""","=""5""","=""Low""","=""false"""
"=""tỷ giá dkk""","=""50""","=""0""","=""3""","=""Low""","=""false"""
"=""tỷ giá dcom nhật""","=""50""","=""0""","=""4""","=""Low""","=""false"""
"=""tỷ giá dirham""","=""50""","=""0""","=""3""","=""Low""","=""false"""
"=""tỷ giá dollar vietcombank""","=""50""","=""0""","=""4""","=""Low""","=""false"""
"=""tỷ giá eximbank usd""","=""50""","=""0""","=""4""","=""Low""","=""false"""
"=""tỷ giá franc""","=""50""","=""0""","=""3""","=""Low""","=""false"""
"=""tỷ giá ghi sổ theo thông tư 99""","=""50""","=""0""","=""8""","=""Low""","=""true"""
"=""tỷ giá ghi sổ""","=""50""","=""0""","=""4""","=""Low""","=""false"""
"=""tỷ giá ghi nhận doanh thu""","=""50""","=""0""","=""6""","=""Low""","=""false"""
"=""tỷ giá usd mỹ""","=""50""","=""0""","=""4""","=""Low""","=""false"""
"=""tỷ giá hiện tại usd""","=""50""","=""0""","=""5""","=""Low""","=""false"""
"=""tỷ giá hôm nay bidv""","=""50""","=""0""","=""5""","=""Low""","=""false"""
"=""tỷ giá ivb hôm nay""","=""50""","=""0""","=""5""","=""Low""","=""true"""
"=""tỷ giá krw vietcombank""","=""50""","=""0""","=""4""","=""Low""","=""false"""
"=""tỷ giá lak""","=""50""","=""0""","=""3""","=""Low""","=""false"""
"=""tỷ giá lei vnd""","=""50""","=""0""","=""4""","=""Low""","=""false"""
"=""tỷ giá man dcom hôm nay""","=""50""","=""0""","=""6""","=""Low""","=""false"""
"=""tỷ giá mua usd vietcombank""","=""50""","=""0""","=""5""","=""Low""","=""false"""
"=""tỷ giá niêm yết techcombank""","=""50""","=""0""","=""5""","=""Low""","=""false"""
"=""tỷ giá ntd vnd""","=""50""","=""0""","=""4""","=""Low""","=""false"""
"=""tỷ giá oanda""","=""50""","=""0""","=""3""","=""Low""","=""false"""
"=""tỷ giá nzd vnd hôm nay""","=""50""","=""0""","=""6""","=""Low""","=""false"""
"=""tỷ giá online""","=""50""","=""0""","=""3""","=""Low""","=""true"""
"=""tỷ giá peso usd""","=""50""","=""0""","=""4""","=""Low""","=""false"""
"=""tỷ giá poland""","=""50""","=""0""","=""3""","=""Low""","=""false"""
"=""tỷ giá pound vnd""","=""50""","=""0""","=""4""","=""Low""","=""false"""
"=""tỷ giá ringgit vietcombank""","=""50""","=""0""","=""4""","=""Low""","=""false"""
"=""tỷ giá rp""","=""50""","=""0""","=""3""","=""Low""","=""true"""
"=""tỷ giá sgd sang vnd""","=""50""","=""0""","=""5""","=""Low""","=""false"""
"=""tỷ giá sin""","=""50""","=""0""","=""3""","=""Low""","=""false"""
"=""tỷ giá singapore usd""","=""50""","=""0""","=""4""","=""Low""","=""false"""
"=""tỷ giá tech hôm nay""","=""50""","=""0""","=""5""","=""Low""","=""true"""
"=""tỷ giá thái lan hôm nay""","=""50""","=""0""","=""6""","=""Low""","=""true"""
"=""tỷ giá trung bình theo thông tư 99""","=""50""","=""0""","=""8""","=""Low""","=""false"""
"=""tỷ giá trung quốc hiện tại""","=""50""","=""0""","=""6""","=""Low""","=""false"""
"=""tỷ giá twd hôm nay""","=""50""","=""0""","=""5""","=""Low""","=""false"""
"=""tỷ giá vnd euro""","=""50""","=""0""","=""4""","=""Low""","=""false"""
"=""tỷ giá vrb hôm nay""","=""50""","=""0""","=""5""","=""Low""","=""false"""
"=""tỷ giá xuất hóa đơn 2026""","=""50""","=""0""","=""6""","=""Low""","=""false"""
"=""tỷ giá zimbabwe""","=""50""","=""0""","=""3""","=""Low""","=""false"""
"=""tỷ giá đô bao nhiêu""","=""50""","=""0""","=""5""","=""Low""","=""false"""
"=""tỷ giá lào việt hôm nay""","=""50""","=""0""","=""6""","=""Low""","=""false"""
"=""ty gia nhan dan ten tệ ngày hôm nay""","=""40""","=""0""","=""9""","=""Low""","=""true"""
"=""ty gia usd ngay hom nay""","=""40""","=""0""","=""6""","=""Low""","=""false"""
"=""tỷ giá bảng anh và usd""","=""40""","=""0""","=""6""","=""Low""","=""false"""
"=""tỷ giá euro cho den hôm nay""","=""40""","=""0""","=""7""","=""Low""","=""false"""
"=""tỷ giá euro chợ đen 24h""","=""40""","=""0""","=""6""","=""Low""","=""false"""
"=""tỷ giá giao ngay""","=""40""","=""0""","=""4""","=""Low""","=""false"""
"=""tỷ giá ndt chợ đen""","=""40""","=""0""","=""5""","=""Low""","=""false"""
"=""tỷ giá ngoại tệ euro hôm nay""","=""40""","=""0""","=""7""","=""Low""","=""false"""
"=""tỷ giá ngoại tệ thị trường chợ đen hôm nay""","=""40""","=""0""","=""10""","=""Low""","=""false"""
"=""tỷ giá nhân dân tệ chợ đen ngày hôm nay""","=""40""","=""0""","=""10""","=""Low""","=""false"""
"=""tỷ giá tiền đô la""","=""40""","=""0""","=""5""","=""Low""","=""false"""
"=""tỷ giá usd năm 2012""","=""40""","=""0""","=""5""","=""Low""","=""false"""
"=""tỷ giá won vnd naver""","=""40""","=""0""","=""5""","=""Low""","=""false"""
"=""tỷ giá won và usd""","=""40""","=""0""","=""5""","=""Low""","=""true"""
"=""tỷ giá đồng nhân dân tệ ngày hôm nay""","=""40""","=""0""","=""9""","=""Low""","=""true"""
"=""tỷ giá abbank hôm nay""","=""40""","=""0""","=""5""","=""Low""","=""true"""
"=""tỷ giá agribank mới nhất""","=""40""","=""0""","=""5""","=""Low""","=""false"""
"=""tỷ giá aud vietcombank hôm nay""","=""40""","=""0""","=""6""","=""Low""","=""false"""
"=""tỷ giá áp dụng theo thông tư 99""","=""40""","=""0""","=""8""","=""Low""","=""false"""
"=""tỷ giá bidv ngày""","=""40""","=""0""","=""4""","=""Low""","=""false"""
"=""tỷ giá bhxh 6 tháng đầu năm 2026""","=""40""","=""0""","=""8""","=""Low""","=""true"""
"=""tỷ giá brazil sang usd""","=""40""","=""0""","=""5""","=""Low""","=""false"""
"=""tỷ giá cfa""","=""40""","=""0""","=""3""","=""Low""","=""false"""
"=""tỷ giá vcb bán ra""","=""40""","=""0""","=""5""","=""Low""","=""false"""
"=""tỷ giá czk""","=""40""","=""0""","=""3""","=""Low""","=""true"""
"=""tỷ giá dirham vnd""","=""40""","=""0""","=""4""","=""Low""","=""false"""
"=""tỷ giá franc thụy sĩ vnd""","=""40""","=""0""","=""6""","=""Low""","=""false"""
"=""tỷ giá franc thụy sĩ vietcombank""","=""40""","=""0""","=""6""","=""Low""","=""false"""
"=""tỷ giá gbp vietcombank""","=""40""","=""0""","=""4""","=""Low""","=""true"""
"=""tỷ giá ghi sổ thực tế đích danh là gì""","=""40""","=""0""","=""10""","=""Low""","=""false"""
"=""tỷ giá ghi sổ kế toán là gì""","=""40""","=""0""","=""8""","=""Low""","=""false"""
"=""tỷ giá giao dịch thực tế""","=""40""","=""0""","=""6""","=""Low""","=""false"""
"=""tỷ giá giảm""","=""40""","=""0""","=""3""","=""Low""","=""false"""
"=""tỷ giá gg""","=""40""","=""0""","=""3""","=""Low""","=""false"""
"=""tỷ giá hapag lloyd""","=""40""","=""0""","=""4""","=""Low""","=""true"""
"=""tỷ giá hkd vnd hôm nay""","=""40""","=""0""","=""6""","=""Low""","=""false"""
"=""tỷ giá hôm nay vietinbank""","=""40""","=""0""","=""5""","=""Low""","=""false"""
"=""tỷ giá hungary""","=""40""","=""0""","=""3""","=""Low""","=""false"""
"=""tỷ giá ibk""","=""40""","=""0""","=""3""","=""Low""","=""false"""
"=""tỷ giá indonesia vnd""","=""40""","=""0""","=""4""","=""Low""","=""true"""
"=""tỷ giá indo việt nam""","=""40""","=""0""","=""5""","=""Low""","=""false"""
"=""tỷ giá inr usd""","=""40""","=""0""","=""4""","=""Low""","=""true"""
"=""tỷ giá iran""","=""40""","=""0""","=""3""","=""Low""","=""false"""
"=""tỷ giá tiền iran hôm nay""","=""40""","=""0""","=""6""","=""Low""","=""false"""
"=""tỷ giá jpy sang usd""","=""40""","=""0""","=""5""","=""Low""","=""false"""
"=""tỷ giá kazakhstan""","=""40""","=""0""","=""3""","=""Low""","=""true"""
"=""tỷ giá keb hana bank""","=""40""","=""0""","=""5""","=""Low""","=""false"""
"=""tỷ giá koruna""","=""40""","=""0""","=""3""","=""Low""","=""false"""
"=""tỷ giá kurun""","=""40""","=""0""","=""3""","=""Low""","=""false"""
"=""tỷ giá myanmar vnd""","=""40""","=""0""","=""4""","=""Low""","=""false"""
"=""tỷ giá ndt và usd""","=""40""","=""0""","=""5""","=""Low""","=""false"""
"=""tỷ giá ndt vietcombank""","=""40""","=""0""","=""4""","=""Low""","=""false"""
"=""tỷ giá new zealand dollar""","=""40""","=""0""","=""5""","=""Low""","=""false"""
"=""tỷ giá new zealand vietcombank""","=""40""","=""0""","=""5""","=""Low""","=""false"""
"=""tỷ giá niêm yết vcb""","=""40""","=""0""","=""5""","=""Low""","=""false"""
"=""tỷ giá nigeria""","=""40""","=""0""","=""3""","=""Low""","=""false"""
"=""tỷ giá nt""","=""40""","=""0""","=""3""","=""Low""","=""false"""
"=""tỷ giá nzd""","=""40""","=""0""","=""3""","=""Low""","=""false"""
"=""tỷ giá pi okx""","=""40""","=""0""","=""4""","=""Low""","=""false"""
"=""tỷ giá paypal vnd""","=""40""","=""0""","=""4""","=""Low""","=""false"""
"=""tỷ giá peso sang vnd hôm nay""","=""40""","=""0""","=""7""","=""Low""","=""false"""
"=""tỷ giá peso vietcombank""","=""40""","=""0""","=""4""","=""Low""","=""false"""
"=""tỷ giá pháp""","=""40""","=""0""","=""3""","=""Low""","=""false"""
"=""tỷ giá philip""","=""40""","=""0""","=""3""","=""Low""","=""false"""
"=""tỷ giá pln vnd""","=""40""","=""0""","=""4""","=""Low""","=""false"""
"=""tỷ giá pound hôm nay""","=""40""","=""0""","=""5""","=""Low""","=""false"""
"=""tỷ giá public""","=""40""","=""0""","=""3""","=""Low""","=""false"""
"=""tỷ giá public bank hôm nay""","=""40""","=""0""","=""6""","=""Low""","=""false"""
"=""tỷ giá usd public bank""","=""40""","=""0""","=""5""","=""Low""","=""false"""
"=""tỷ giá quy đổi usd hôm nay""","=""40""","=""0""","=""7""","=""Low""","=""false"""
"=""tỷ giá quy đổi usd sang vnd""","=""40""","=""0""","=""7""","=""Low""","=""false"""
"=""tỷ giá bán ra usd vietcombank""","=""40""","=""0""","=""6""","=""Low""","=""true"""
"=""tỷ giá sc""","=""40""","=""0""","=""3""","=""Low""","=""false"""
"=""tỷ giá sgd chợ đen""","=""40""","=""0""","=""5""","=""Low""","=""true"""
"=""tỷ giá standard chartered bank vietnam""","=""40""","=""0""","=""6""","=""Low""","=""false"""
"=""tỷ giá thái lan việt nam""","=""40""","=""0""","=""6""","=""Low""","=""false"""
"=""tỷ giá twd usd""","=""40""","=""0""","=""4""","=""Low""","=""false"""
"=""tỷ giá tiền na uy""","=""40""","=""0""","=""5""","=""Low""","=""false"""
"=""tỷ giá voz""","=""40""","=""0""","=""3""","=""Low""","=""true"""
"=""tỷ giá xuất quỹ""","=""40""","=""0""","=""4""","=""Low""","=""false"""
"=""tỷ giá yuan vnd""","=""40""","=""0""","=""4""","=""Low""","=""false"""
"=""tỷ giá 2025""","=""40""","=""0""","=""3""","=""Low""","=""false"""
"=""tỷ giá chéo là gì""","=""40""","=""0""","=""5""","=""Low""","=""false"""
"=""tỷ giá euro bao nhiêu""","=""40""","=""0""","=""5""","=""Low""","=""true"""
"=""tỷ giá trên tờ khai hải quan là tỷ giá nào""","=""40""","=""0""","=""11""","=""Low""","=""false"""
"=""ty gia bang""","=""30""","=""0""","=""3""","=""Low""","=""false"""
"=""ty gia thi truong tu do""","=""30""","=""0""","=""6""","=""Low""","=""false"""
"=""ty gia usd thi truong tu do""","=""30""","=""0""","=""7""","=""Low""","=""false"""
"=""tỷ giá hối đoái đô la mỹ""","=""30""","=""0""","=""7""","=""Low""","=""false"""
"=""tỷ giá kỳ hạn""","=""30""","=""0""","=""4""","=""Low""","=""false"""
"=""tỷ giá usd paypal hôm nay""","=""30""","=""0""","=""6""","=""Low""","=""false"""
"=""tỷ giá usd thị trường chợ đen""","=""30""","=""0""","=""7""","=""Low""","=""false"""
"=""tỷ giá usd tăng mạnh""","=""30""","=""0""","=""5""","=""Low""","=""false"""
"=""tỷ giá usd tại các ngân hàng""","=""30""","=""0""","=""7""","=""Low""","=""false"""
"=""tỷ giá usd vnd hôm nay mua vào""","=""30""","=""0""","=""8""","=""Low""","=""false"""
"=""tỷ giá usd abbank""","=""30""","=""0""","=""4""","=""Low""","=""false"""
"=""tỷ giá agr""","=""30""","=""0""","=""3""","=""Low""","=""false"""
"=""tỷ giá aed vietcombank""","=""30""","=""0""","=""4""","=""Low""","=""false"""
"=""tỷ giá alipay hôm nay""","=""30""","=""0""","=""5""","=""Low""","=""true"""
"=""tỷ giá alipay""","=""30""","=""0""","=""3""","=""Low""","=""false"""
"=""tỷ giá anh hôm nay""","=""30""","=""0""","=""5""","=""Low""","=""false"""
"=""tỷ giá brazil sang vnd""","=""30""","=""0""","=""5""","=""Low""","=""false"""
"=""tỷ giá brunei""","=""30""","=""0""","=""3""","=""Low""","=""false"""
"=""tỷ giá bvbank""","=""30""","=""0""","=""3""","=""Low""","=""false"""
"=""tỷ giá ccb""","=""30""","=""0""","=""3""","=""Low""","=""true"""
"=""tỷ giá ctbc""","=""30""","=""0""","=""3""","=""Low""","=""false"""
"=""tỷ giá dcom yên nhật""","=""30""","=""0""","=""5""","=""Low""","=""false"""
"=""tỷ giá deutsche bank""","=""30""","=""0""","=""4""","=""Low""","=""true"""
"=""tỷ giá dinar kuwait""","=""30""","=""0""","=""4""","=""Low""","=""false"""
"=""tỷ giá forint""","=""30""","=""0""","=""3""","=""Low""","=""false"""
"=""tỷ giá forint và vnd hôm nay""","=""30""","=""0""","=""7""","=""Low""","=""false"""
"=""tỷ giá ghi nhận chi phí theo thông tư 99""","=""30""","=""0""","=""10""","=""Low""","=""false"""
"=""tỷ giá ghi nhận doanh thu xuất khẩu""","=""30""","=""0""","=""8""","=""Low""","=""false"""
"=""tỷ giá giao ngay là gì""","=""30""","=""0""","=""6""","=""Low""","=""false"""
"=""tỷ giá google""","=""30""","=""0""","=""3""","=""Low""","=""false"""
"=""tỷ giá hay tỉ giá""","=""30""","=""0""","=""5""","=""Low""","=""true"""
"=""tỷ giá hiện tại vietcombank""","=""30""","=""0""","=""5""","=""Low""","=""true"""
"=""tỷ giá hkd sang usd""","=""30""","=""0""","=""5""","=""Low""","=""true"""
"=""tỷ giá hkd chợ đen""","=""30""","=""0""","=""5""","=""Low""","=""false"""
"=""tỷ giá hoái đoái là gì""","=""30""","=""0""","=""6""","=""Low""","=""false"""
"=""tỷ giá hoái đoái""","=""30""","=""0""","=""4""","=""Low""","=""false"""
"=""tỷ giá hôm nay acb""","=""30""","=""0""","=""5""","=""Low""","=""false"""
"=""tỷ giá hôm nay techcombank""","=""30""","=""0""","=""5""","=""Low""","=""false"""
"=""tỷ giá huf vnd""","=""30""","=""0""","=""4""","=""Low""","=""true"""
"=""tỷ giá icbc hà nội""","=""30""","=""0""","=""5""","=""Low""","=""false"""
"=""tỷ giá iran usd""","=""30""","=""0""","=""4""","=""Low""","=""false"""
"=""tỷ giá japan""","=""30""","=""0""","=""3""","=""Low""","=""false"""
"=""tỷ giá jpy techcombank""","=""30""","=""0""","=""4""","=""Low""","=""false"""
"=""tỷ giá jpy bidv""","=""30""","=""0""","=""4""","=""Low""","=""false"""
"=""tỷ giá kasikornbank""","=""30""","=""0""","=""3""","=""Low""","=""false"""
"=""tỷ giá kc vnd""","=""30""","=""0""","=""4""","=""Low""","=""true"""
"=""tỷ giá kip lào vnd""","=""30""","=""0""","=""5""","=""Low""","=""false"""
"=""tỷ giá kienlongbank""","=""30""","=""0""","=""3""","=""Low""","=""true"""
"=""tỷ giá kookmin bank""","=""30""","=""0""","=""4""","=""Low""","=""false"""
"=""tỷ giá koruna và vnd""","=""30""","=""0""","=""5""","=""Low""","=""true"""
"=""tỷ giá krw sang vnd""","=""30""","=""0""","=""5""","=""Low""","=""false"""
"=""tỷ giá kuwait""","=""30""","=""0""","=""3""","=""Low""","=""false"""
"=""tỷ giá lira""","=""30""","=""0""","=""3""","=""Low""","=""false"""
"=""tỷ giá liên việt""","=""30""","=""0""","=""4""","=""Low""","=""false"""
"=""tỷ giá đài loan vnd""","=""30""","=""0""","=""5""","=""Low""","=""false"""
"=""tỷ giá đài loan hiện tại""","=""30""","=""0""","=""6""","=""Low""","=""false"""
"=""tỷ giá đài loan việt nam hôm nay""","=""30""","=""0""","=""8""","=""Low""","=""true"""
"=""tỷ giá mizuho""","=""30""","=""0""","=""3""","=""Low""","=""false"""
"=""tỷ giá mmk""","=""30""","=""0""","=""3""","=""Low""","=""false"""
"=""tỷ giá mua vietcombank""","=""30""","=""0""","=""4""","=""Low""","=""false"""
"=""tỷ giá mua bán chuyển khoản trung bình theo thông tư 99""","=""30""","=""0""","=""12""","=""Low""","=""false"""
"=""tỷ giá ndt và vnd hôm nay""","=""30""","=""0""","=""7""","=""Low""","=""false"""
"=""tỷ giá usd ncb""","=""30""","=""0""","=""4""","=""Low""","=""false"""
"=""tỷ giá niêm yết vietinbank""","=""30""","=""0""","=""5""","=""Low""","=""false"""
"=""tỷ giá nnt""","=""30""","=""0""","=""3""","=""Low""","=""false"""
"=""tỷ giá oman""","=""30""","=""0""","=""3""","=""Low""","=""false"""
"=""tỷ giá peso philippines vnd""","=""30""","=""0""","=""5""","=""Low""","=""true"""
"=""tỷ giá usd pgbank""","=""30""","=""0""","=""4""","=""Low""","=""false"""
"=""tỷ giá pln vietcombank""","=""30""","=""0""","=""4""","=""Low""","=""false"""
"=""tỷ giá qatar""","=""30""","=""0""","=""3""","=""Low""","=""false"""
"=""tỷ giá quy đổi vietcombank""","=""30""","=""0""","=""5""","=""Low""","=""false"""
"=""tỷ giá renminbi hôm nay""","=""30""","=""0""","=""5""","=""Low""","=""true"""
"=""tỷ giá rp sang vnd""","=""30""","=""0""","=""5""","=""Low""","=""false"""
"=""tỷ giá rand nam phi""","=""30""","=""0""","=""5""","=""Low""","=""false"""
"=""tỷ giá bán ra usd""","=""30""","=""0""","=""5""","=""Low""","=""true"""
"=""tỷ giá sar""","=""30""","=""0""","=""3""","=""Low""","=""false"""
"=""tỷ giá sbv hôm nay""","=""30""","=""0""","=""5""","=""Low""","=""false"""
"=""tỷ giá séc""","=""30""","=""0""","=""3""","=""Low""","=""true"""
"=""tỷ giá sgd vnd hôm nay""","=""30""","=""0""","=""6""","=""Low""","=""false"""
"=""tỷ giá sing sang vnd""","=""30""","=""0""","=""5""","=""Low""","=""false"""
"=""tỷ giá sjc mới nhất""","=""30""","=""0""","=""5""","=""Low""","=""false"""
"=""tỷ giá smbc""","=""30""","=""0""","=""3""","=""Low""","=""false"""
"=""tỷ giá tec""","=""30""","=""0""","=""3""","=""Low""","=""false"""
"=""tỷ giá tq""","=""30""","=""0""","=""3""","=""Low""","=""false"""
"=""tỷ giá tpbank hiện tại""","=""30""","=""0""","=""5""","=""Low""","=""false"""
"=""tỷ giá twd vnd hôm nay""","=""30""","=""0""","=""6""","=""Low""","=""false"""
"=""tỷ giá uae""","=""30""","=""0""","=""3""","=""Low""","=""false"""
"=""tỷ giá western union hôm nay""","=""30""","=""0""","=""6""","=""Low""","=""false"""
"=""tỷ giá ure""","=""30""","=""0""","=""3""","=""Low""","=""false"""
"=""tỷ giá aud và usd""","=""30""","=""0""","=""5""","=""Low""","=""true"""
"=""tỷ giá xuất hóa đơn theo thông tư 133""","=""30""","=""0""","=""9""","=""Low""","=""true"""
"=""tỷ giá yuan hôm nay""","=""30""","=""0""","=""5""","=""Low""","=""false"""
"=""tỷ giá zimbabwe vnd""","=""30""","=""0""","=""4""","=""Low""","=""false"""
"=""tỷ giá 1 euro""","=""30""","=""0""","=""4""","=""Low""","=""false"""
"=""tỷ giá 1 usd""","=""30""","=""0""","=""4""","=""Low""","=""false"""
"=""tỷ giá 1 tệ""","=""30""","=""0""","=""4""","=""Low""","=""false"""
"=""tỷ giá 1 đô""","=""30""","=""0""","=""4""","=""Low""","=""false"""
"=""tỷ giá 2024""","=""30""","=""0""","=""3""","=""Low""","=""false"""
"=""tỷ giá bao nhiêu""","=""30""","=""0""","=""4""","=""Low""","=""false"""
"=""tỷ giá trên hóa đơn xuất khẩu""","=""30""","=""0""","=""7""","=""Low""","=""false"""
"=""tỷ giá ndt với vnd""","=""30""","=""0""","=""5""","=""Low""","=""false"""
"=""tỷ giá usd với rmb""","=""30""","=""0""","=""5""","=""Low""","=""true"""
"=""tỷ giá cny với vnd""","=""30""","=""0""","=""5""","=""Low""","=""false"""
"=""tỷ giá usd so với vnd""","=""30""","=""0""","=""6""","=""Low""","=""false"""
"=""ty gia do la net""","=""20""","=""0""","=""5""","=""Low""","=""false"""
"=""ty gia hoi doi""","=""20""","=""0""","=""4""","=""Low""","=""false"""
"=""tỷ giá chợ đen nhân dân tệ""","=""20""","=""0""","=""7""","=""Low""","=""false"""
"=""tỷ giá các cặp ngoại tệ""","=""20""","=""0""","=""6""","=""Low""","=""false"""
"=""tỷ giá euro so với usd""","=""20""","=""0""","=""6""","=""Low""","=""false"""
"=""tỷ giá hối đoái tăng""","=""20""","=""0""","=""5""","=""Low""","=""false"""
"=""tỷ giá mua và tỷ giá bán""","=""20""","=""0""","=""7""","=""Low""","=""false"""
"=""tỷ giá ngoại tệ ngân hàng đông á""","=""20""","=""0""","=""8""","=""Low""","=""false"""
"=""tỷ giá ngoại tệ trực tuyến""","=""20""","=""0""","=""6""","=""Low""","=""false"""
"=""tỷ giá thị trường chợ đen""","=""20""","=""0""","=""6""","=""Low""","=""false"""
"=""tỷ giá tiền đài ngày hôm nay""","=""20""","=""0""","=""7""","=""Low""","=""false"""
"=""tỷ giá usd tiệm vàng mi hồng""","=""20""","=""0""","=""7""","=""Low""","=""false"""
"=""tỷ giá đô la cho den hom nay""","=""20""","=""0""","=""8""","=""Low""","=""false"""
"=""tỷ giá acv""","=""20""","=""0""","=""3""","=""Low""","=""false"""
"=""tỷ giá acb hôm qua""","=""20""","=""0""","=""5""","=""Low""","=""false"""
"=""tỷ giá acb hiện tại""","=""20""","=""0""","=""5""","=""Low""","=""false"""
"=""tỷ giá agribank hiện tại""","=""20""","=""0""","=""5""","=""Low""","=""false"""
"=""tỷ giá aed hôm nay""","=""20""","=""0""","=""5""","=""Low""","=""true"""
"=""tỷ giá angola""","=""20""","=""0""","=""3""","=""Low""","=""false"""
"=""tỷ giá anz""","=""20""","=""0""","=""3""","=""Low""","=""false"""
"=""tỷ giá argentina""","=""20""","=""0""","=""3""","=""Low""","=""true"""
"=""tỷ giá belarus""","=""20""","=""0""","=""3""","=""Low""","=""false"""
"=""tỷ giá bth""","=""20""","=""0""","=""3""","=""Low""","=""false"""
"=""tỷ giá colombia""","=""20""","=""0""","=""3""","=""Low""","=""true"""
"=""tỷ giá cuba""","=""20""","=""0""","=""3""","=""Low""","=""false"""
"=""tỷ giá dhs""","=""20""","=""0""","=""3""","=""Low""","=""false"""
"=""tỷ giá dubai hôm nay""","=""20""","=""0""","=""5""","=""Low""","=""false"""
"=""tỷ giá fang thuỵ sĩ""","=""20""","=""0""","=""5""","=""Low""","=""false"""
"=""tỷ giá franc thụy sĩ chợ đen""","=""20""","=""0""","=""7""","=""Low""","=""true"""
"=""tỷ giá gbp và usd""","=""20""","=""0""","=""5""","=""Low""","=""true"""
"=""tỷ giá gbp vnd hôm nay""","=""20""","=""0""","=""6""","=""Low""","=""false"""
"=""tỷ giá gbp jpy""","=""20""","=""0""","=""4""","=""Low""","=""false"""
"=""tỷ giá gdp""","=""20""","=""0""","=""3""","=""Low""","=""false"""
"=""tỷ giá ghi nhận doanh thu xuất khẩu theo thông tư 99""","=""20""","=""0""","=""12""","=""Low""","=""false"""
"=""tỷ giá giao dịch thực tế theo thông tư 99 là gì""","=""20""","=""0""","=""12""","=""Low""","=""true"""
"=""tỷ giá yên google""","=""20""","=""0""","=""4""","=""Low""","=""false"""
"=""tỷ giá xuất hóa đơn gtgt hàng xuất khẩu""","=""20""","=""0""","=""9""","=""Low""","=""false"""
"=""tỷ giá hana bank""","=""20""","=""0""","=""4""","=""Low""","=""false"""
"=""tỷ giá hd hôm nay""","=""20""","=""0""","=""5""","=""Low""","=""false"""
"=""tỷ giá hkd vietcombank""","=""20""","=""0""","=""4""","=""Low""","=""false"""
"=""tỷ giá hongkong và vnd""","=""20""","=""0""","=""5""","=""Low""","=""false"""
"=""tỷ giá hoán đổi""","=""20""","=""0""","=""4""","=""Low""","=""true"""
"=""tỷ giá hongkong vietnam""","=""20""","=""0""","=""4""","=""Low""","=""false"""
"=""tỷ giá hôm nay usd vnd""","=""20""","=""0""","=""6""","=""Low""","=""false"""
"=""tỷ giá hpl""","=""20""","=""0""","=""3""","=""Low""","=""false"""
"=""tỷ giá hsbc vietnam""","=""20""","=""0""","=""4""","=""Low""","=""false"""
"=""tỷ giá hungary vnd""","=""20""","=""0""","=""4""","=""Low""","=""true"""
"=""tỷ giá huf""","=""20""","=""0""","=""3""","=""Low""","=""false"""
"=""tỷ giá icbc hôm nay""","=""20""","=""0""","=""5""","=""Low""","=""true"""
"=""tỷ giá idr và usd""","=""20""","=""0""","=""5""","=""Low""","=""false"""
"=""tỷ giá idr vnd vietcombank""","=""20""","=""0""","=""5""","=""Low""","=""false"""
"=""tỷ giá indonesia usd""","=""20""","=""0""","=""4""","=""Low""","=""false"""
"=""tỷ giá kê khai thuế nhà thầu""","=""20""","=""0""","=""7""","=""Low""","=""false"""
"=""tỷ giá khai báo hải quan""","=""20""","=""0""","=""6""","=""Low""","=""true"""
"=""tỷ giá khr""","=""20""","=""0""","=""3""","=""Low""","=""false"""
"=""tỷ giá khi xuất hóa đơn xuất khẩu""","=""20""","=""0""","=""8""","=""Low""","=""false"""
"=""tỷ giá kho bạc nhà nước""","=""20""","=""0""","=""6""","=""Low""","=""false"""
"=""tỷ giá koruna séc""","=""20""","=""0""","=""4""","=""Low""","=""false"""
"=""tỷ giá korea vnd""","=""20""","=""0""","=""4""","=""Low""","=""false"""
"=""tỷ giá krw shinhan bank""","=""20""","=""0""","=""5""","=""Low""","=""true"""
"=""tỷ giá kr""","=""20""","=""0""","=""3""","=""Low""","=""false"""
"=""tỷ giá krw sang usd""","=""20""","=""0""","=""5""","=""Low""","=""false"""
"=""tỷ giá krone""","=""20""","=""0""","=""3""","=""Low""","=""false"""
"=""tỷ giá kwd""","=""20""","=""0""","=""3""","=""Low""","=""false"""
"=""tỷ giá kw""","=""20""","=""0""","=""3""","=""Low""","=""true"""
"=""tỷ giá kyat""","=""20""","=""0""","=""3""","=""Low""","=""false"""
"=""tỷ giá kyat và vnd""","=""20""","=""0""","=""5""","=""Low""","=""false"""
"=""tỷ giá kỳ hạn là gì""","=""20""","=""0""","=""6""","=""Low""","=""true"""
"=""tỷ giá laos""","=""20""","=""0""","=""3""","=""Low""","=""false"""
"=""tỷ giá lak usd""","=""20""","=""0""","=""4""","=""Low""","=""true"""
"=""tỷ giá mb usd""","=""20""","=""0""","=""4""","=""Low""","=""false"""
"=""tỷ giá lira thổ nhĩ kỳ""","=""20""","=""0""","=""6""","=""Low""","=""false"""
"=""tỷ giá đài loan vietcombank""","=""20""","=""0""","=""5""","=""Low""","=""false"""
"=""tỷ giá đài loan chợ đen""","=""20""","=""0""","=""6""","=""Low""","=""false"""
"=""tỷ giá vpbank usd""","=""20""","=""0""","=""4""","=""Low""","=""false"""
"=""tỷ giá megabank""","=""20""","=""0""","=""3""","=""Low""","=""false"""
"=""tỷ giá peso mexico""","=""20""","=""0""","=""4""","=""Low""","=""false"""
"=""tỷ giá mizuho bank""","=""20""","=""0""","=""4""","=""Low""","=""false"""
"=""tỷ giá mn""","=""20""","=""0""","=""3""","=""Low""","=""true"""
"=""tỷ giá mmk vnd""","=""20""","=""0""","=""4""","=""Low""","=""true"""
"=""tỷ giá mop""","=""20""","=""0""","=""3""","=""Low""","=""false"""
"=""tỷ giá msb usd""","=""20""","=""0""","=""4""","=""Low""","=""false"""
"=""tỷ giá msn""","=""20""","=""0""","=""3""","=""Low""","=""false"""
"=""tỷ giá mxn sang vnd""","=""20""","=""0""","=""5""","=""Low""","=""false"""
"=""tỷ giá mxn""","=""20""","=""0""","=""3""","=""Low""","=""true"""
"=""tỷ giá ndt hiện tại""","=""20""","=""0""","=""5""","=""Low""","=""false"""
"=""tỷ giá naver won""","=""20""","=""0""","=""4""","=""Low""","=""false"""
"=""tỷ giá nepal""","=""20""","=""0""","=""3""","=""Low""","=""false"""
"=""tỷ giá nok hôm nay""","=""20""","=""0""","=""5""","=""Low""","=""false"""
"=""tỷ giá ntd hôm nay""","=""20""","=""0""","=""5""","=""Low""","=""false"""
"=""tỷ giá ntd và usd""","=""20""","=""0""","=""5""","=""Low""","=""false"""
"=""tỷ giá oceanbank""","=""20""","=""0""","=""3""","=""Low""","=""false"""
"=""tỷ giá nzd eximbank""","=""20""","=""0""","=""4""","=""Low""","=""false"""
"=""tỷ giá nzd mbbank""","=""20""","=""0""","=""4""","=""Low""","=""false"""
"=""tỷ giá oil usd""","=""20""","=""0""","=""4""","=""Low""","=""false"""
"=""tỷ giá org""","=""20""","=""0""","=""3""","=""Low""","=""false"""
"=""tỷ giá paypal hiện tại""","=""20""","=""0""","=""5""","=""Low""","=""false"""
"=""tỷ giá pakistan""","=""20""","=""0""","=""3""","=""Low""","=""false"""
"=""tỷ giá pad thái""","=""20""","=""0""","=""4""","=""Low""","=""false"""
"=""tỷ giá paypal vietcombank""","=""20""","=""0""","=""4""","=""Low""","=""false"""
"=""tỷ giá peso cuba""","=""20""","=""0""","=""4""","=""Low""","=""true"""
"=""tỷ giá php hôm nay""","=""20""","=""0""","=""5""","=""Low""","=""false"""
"=""tỷ giá philippines usd""","=""20""","=""0""","=""4""","=""Low""","=""false"""
"=""tỷ giá pgbank hôm nay""","=""20""","=""0""","=""5""","=""Low""","=""false"""
"=""tỷ giá pvcombank hôm nay""","=""20""","=""0""","=""5""","=""Low""","=""false"""
"=""tỷ giá usd pvcombank""","=""20""","=""0""","=""4""","=""Low""","=""false"""
"=""tỷ giá qar""","=""20""","=""0""","=""3""","=""Low""","=""false"""
"=""tỷ giá remitly""","=""20""","=""0""","=""3""","=""Low""","=""false"""
"=""tỷ giá riel usd""","=""20""","=""0""","=""4""","=""Low""","=""false"""
"=""tỷ giá rp indonesia""","=""20""","=""0""","=""4""","=""Low""","=""false"""
"=""tỷ giá usd ra vnd""","=""20""","=""0""","=""5""","=""Low""","=""true"""
"=""tỷ giá sacombank hiện tại""","=""20""","=""0""","=""5""","=""Low""","=""false"""
"=""tỷ giá sbi nhật""","=""20""","=""0""","=""4""","=""Low""","=""false"""
"=""tỷ giá scb hôm nay""","=""20""","=""0""","=""5""","=""Low""","=""false"""
"=""tỷ giá sdg""","=""20""","=""0""","=""3""","=""Low""","=""false"""
"=""tỷ giá sek và vnd""","=""20""","=""0""","=""5""","=""Low""","=""false"""
"=""tỷ giá sgd vnd vietcombank""","=""20""","=""0""","=""5""","=""Low""","=""false"""
"=""tỷ giá sgd sang usd""","=""20""","=""0""","=""5""","=""Low""","=""false"""
"=""tỷ giá shekel và vnd""","=""20""","=""0""","=""5""","=""Low""","=""true"""
"=""tỷ giá rs""","=""20""","=""0""","=""3""","=""Low""","=""false"""
"=""tỷ giá spain""","=""20""","=""0""","=""3""","=""Low""","=""true"""
"=""tỷ giá spot là gì""","=""20""","=""0""","=""5""","=""Low""","=""false"""
"=""tỷ giá sri lanka""","=""20""","=""0""","=""4""","=""Low""","=""false"""
"=""tỷ giá vàng sjc chợ đen hôm nay""","=""20""","=""0""","=""8""","=""Low""","=""false"""
"=""tỷ giá swiss franc""","=""20""","=""0""","=""4""","=""Low""","=""false"""
"=""tỷ giá taiwan hôm nay""","=""20""","=""0""","=""5""","=""Low""","=""false"""
"=""tỷ giá taiwan vnd""","=""20""","=""0""","=""4""","=""Low""","=""false"""
"=""tỷ giá taiwan dollar""","=""20""","=""0""","=""4""","=""Low""","=""false"""
"=""tỷ giá taobao hôm nay""","=""20""","=""0""","=""5""","=""Low""","=""false"""
"=""tỷ giá smile""","=""20""","=""0""","=""3""","=""Low""","=""false"""
"=""tỷ giá tính thuế tncn""","=""20""","=""0""","=""5""","=""Low""","=""false"""
"=""tỷ giá tính thuế tncn cho người nước ngoài""","=""20""","=""0""","=""9""","=""Low""","=""false"""
"=""tỷ giá tiền tq""","=""20""","=""0""","=""4""","=""Low""","=""false"""
"=""tỷ giá ukraine""","=""20""","=""0""","=""3""","=""Low""","=""true"""
"=""tỷ giá uk hôm nay""","=""20""","=""0""","=""5""","=""Low""","=""false"""
"=""tỷ giá un hàn quốc""","=""20""","=""0""","=""5""","=""Low""","=""false"""
"=""tỷ giá venezuela""","=""20""","=""0""","=""3""","=""Low""","=""false"""
"=""tỷ giá tiền venezuela""","=""20""","=""0""","=""4""","=""Low""","=""false"""
"=""tỷ giá usd voz""","=""20""","=""0""","=""4""","=""Low""","=""false"""
"=""tỷ giá rub vrb""","=""20""","=""0""","=""4""","=""Low""","=""false"""
"=""tỷ giá vp hôm nay""","=""20""","=""0""","=""5""","=""Low""","=""false"""
"=""tỷ giá zar""","=""20""","=""0""","=""3""","=""Low""","=""false"""
"=""tỷ giá zl và vnd""","=""20""","=""0""","=""5""","=""Low""","=""false"""
"=""tỷ giá lào việt bank""","=""20""","=""0""","=""5""","=""Low""","=""true"""
"=""tỷ giá tiền singapore hôm nay vietcombank""","=""20""","=""0""","=""7""","=""Low""","=""true"""
"=""tỷ giá 1000 yên nhật""","=""20""","=""0""","=""5""","=""Low""","=""false"""
"=""tỷ giá 100 đô""","=""20""","=""0""","=""4""","=""Low""","=""false"""
"=""tỷ giá 2026""","=""20""","=""0""","=""3""","=""Low""","=""true"""
"=""tỷ giá 2023""","=""20""","=""0""","=""3""","=""Low""","=""false"""
"=""tỷ giá 2022""","=""20""","=""0""","=""3""","=""Low""","=""false"""
"=""tỷ giá tháng 7 2025""","=""20""","=""0""","=""5""","=""Low""","=""false"""
"=""tỷ giá tháng 8 2025""","=""20""","=""0""","=""5""","=""Low""","=""false"""
"=""tỷ giá mua là gì""","=""20""","=""0""","=""5""","=""Low""","=""false"""
"=""tỷ giá bán là gì""","=""20""","=""0""","=""5""","=""Low""","=""false"""
"=""tỷ giá rmb là gì""","=""20""","=""0""","=""5""","=""Low""","=""false"""
"=""tỷ giá của bidv""","=""20""","=""0""","=""4""","=""Low""","=""false"""
"=""tỷ giá của techcombank""","=""20""","=""0""","=""4""","=""Low""","=""false"""
"=""tỷ giá trên tờ khai hải quan""","=""20""","=""0""","=""7""","=""Low""","=""false"""
"=""tỷ giá trên tờ khai hải quan xuất khẩu""","=""20""","=""0""","=""9""","=""Low""","=""false"""
"=""tỷ giá lào hôm nay""","=""20""","=""0""","=""5""","=""Low""","=""false"""
"=""tỷ giá trong tiếng anh là gì""","=""20""","=""0""","=""7""","=""Low""","=""false"""
"=""tỷ giá usd với đài tệ""","=""20""","=""0""","=""6""","=""Low""","=""false"""
"=""tỷ giá usd có xu hướng tăng hay giảm""","=""20""","=""0""","=""9""","=""Low""","=""false"""
"=""tỷ giá yên so với usd""","=""20""","=""0""","=""6""","=""Low""","=""false"""
"=""ty gia com""","=""10""","=""0""","=""3""","=""Low""","=""false"""
"=""ty gia dongabank""","=""10""","=""0""","=""3""","=""Low""","=""false"""
"=""ty gia ngoai te euro hom nay""","=""10""","=""0""","=""7""","=""Low""","=""false"""
"=""ty gia tien lei""","=""10""","=""0""","=""4""","=""Low""","=""false"""
"=""ty gia đola""","=""10""","=""0""","=""3""","=""Low""","=""false"""
"=""tỷ giá bảng anh cho đen hôm nay""","=""10""","=""0""","=""8""","=""Low""","=""false"""
"=""tỷ giá com""","=""10""","=""0""","=""3""","=""Low""","=""false"""
"=""tỷ giá các đồng ngoại tệ""","=""10""","=""0""","=""6""","=""Low""","=""false"""
"=""tỷ giá euro 24h""","=""10""","=""0""","=""4""","=""Low""","=""false"""
"=""tỷ giá euro hôm nay tại tiệm vàng""","=""10""","=""0""","=""8""","=""Low""","=""false"""
"=""tỷ giá euro trực tuyến""","=""10""","=""0""","=""5""","=""Low""","=""false"""
"=""tỷ giá kyodai""","=""10""","=""0""","=""3""","=""Low""","=""false"""
"=""tỷ giá luna""","=""10""","=""0""","=""3""","=""Low""","=""false"""
"=""tỷ giá mmk và vnd""","=""10""","=""0""","=""5""","=""Low""","=""false"""
"=""tỷ giá ngoại tệ cho den hôm nay""","=""10""","=""0""","=""8""","=""Low""","=""false"""
"=""tỷ giá ngoại tệ đồng won""","=""10""","=""0""","=""6""","=""Low""","=""false"""
"=""tỷ giá rup usd""","=""10""","=""0""","=""4""","=""Low""","=""false"""
"=""tỷ giá tiền won sang vnd""","=""10""","=""0""","=""6""","=""Low""","=""false"""
"=""tỷ giá usd 12 9""","=""10""","=""0""","=""5""","=""Low""","=""false"""
"=""tỷ giá usd 27 10""","=""10""","=""0""","=""5""","=""Low""","=""false"""
"=""tỷ giá usd chợ đen 6 4""","=""10""","=""0""","=""7""","=""Low""","=""false"""
"=""tỷ giá usd chợ đen hàng ngày""","=""10""","=""0""","=""7""","=""Low""","=""false"""
"=""tỷ giá won hôm nay tăng hãy giảm""","=""10""","=""0""","=""8""","=""Low""","=""true"""
"=""tỷ giá yên sbi hôm nay""","=""10""","=""0""","=""6""","=""Low""","=""true"""
"=""tỷ giá đài tệ cho đen hôm nay""","=""10""","=""0""","=""8""","=""Low""","=""false"""
"=""tỷ giá đôla hôm nay""","=""10""","=""0""","=""5""","=""Low""","=""false"""
"=""tỷ giá đồng luna""","=""10""","=""0""","=""4""","=""Low""","=""false"""
"=""tỷ giá đồng rúp ngày hôm nay""","=""10""","=""0""","=""7""","=""Low""","=""false"""
"=""tỷ giá acb ngày""","=""10""","=""0""","=""4""","=""Low""","=""false"""
"=""tỷ giá agribank usd""","=""10""","=""0""","=""4""","=""Low""","=""false"""
"=""tỷ giá ai cập""","=""10""","=""0""","=""4""","=""Low""","=""true"""
"=""tỷ giá anh việt""","=""10""","=""0""","=""4""","=""Low""","=""false"""
"=""tỷ giá anz hôm nay""","=""10""","=""0""","=""5""","=""Low""","=""false"""
"=""tỷ giá angola việt nam""","=""10""","=""0""","=""5""","=""Low""","=""false"""
"=""tỷ giá armenia""","=""10""","=""0""","=""3""","=""Low""","=""false"""
"=""tỷ giá ars""","=""10""","=""0""","=""3""","=""Low""","=""false"""
"=""tỷ giá bcel""","=""10""","=""0""","=""3""","=""Low""","=""false"""
"=""tỷ giá brics""","=""10""","=""0""","=""3""","=""Low""","=""false"""
"=""tỷ giá cb""","=""10""","=""0""","=""3""","=""Low""","=""false"""
"=""tỷ giá coin hôm nay""","=""10""","=""0""","=""5""","=""Low""","=""false"""
"=""tỷ giá commonwealth bank""","=""10""","=""0""","=""4""","=""Low""","=""false"""
"=""tỷ giá cpt""","=""10""","=""0""","=""3""","=""Low""","=""false"""
"=""tỷ giá cpen network""","=""10""","=""0""","=""4""","=""Low""","=""false"""
"=""tỷ giá crypto""","=""10""","=""0""","=""3""","=""Low""","=""false"""
"=""tỷ giá cuối vcb""","=""10""","=""0""","=""4""","=""Low""","=""false"""
"=""tỷ giá cuối năm 2024""","=""10""","=""0""","=""5""","=""Low""","=""false"""
"=""tỷ giá czk eur""","=""10""","=""0""","=""4""","=""Low""","=""false"""
"=""tỷ giá czk vietcombank""","=""10""","=""0""","=""4""","=""Low""","=""false"""
"=""tỷ giá czk usd""","=""10""","=""0""","=""4""","=""Low""","=""false"""
"=""tỷ giá dcom hiện tại""","=""10""","=""0""","=""5""","=""Low""","=""false"""
"=""tỷ giá dhs sang vnd""","=""10""","=""0""","=""5""","=""Low""","=""false"""
"=""tỷ giá dirham vnd hôm nay""","=""10""","=""0""","=""6""","=""Low""","=""false"""
"=""tỷ giá dirham usd""","=""10""","=""0""","=""4""","=""Low""","=""false"""
"=""tỷ giá dirham hôm nay""","=""10""","=""0""","=""5""","=""Low""","=""false"""
"=""tỷ giá danh nghĩa""","=""10""","=""0""","=""4""","=""Low""","=""false"""
"=""tỷ giá danh nghĩa là gì""","=""10""","=""0""","=""6""","=""Low""","=""false"""
"=""tỷ giá dailoan""","=""10""","=""0""","=""3""","=""Low""","=""true"""
"=""tỷ giá danh nghĩa và tỷ giá thực""","=""10""","=""0""","=""8""","=""Low""","=""false"""
"=""tỷ giá dkk usd""","=""10""","=""0""","=""4""","=""Low""","=""false"""
"=""tỷ giá dubai việt nam""","=""10""","=""0""","=""5""","=""Low""","=""false"""
"=""tỷ giá dxy là gì""","=""10""","=""0""","=""5""","=""Low""","=""false"""
"=""tỷ giá egp""","=""10""","=""0""","=""3""","=""Low""","=""false"""
"=""tỷ giá fed""","=""10""","=""0""","=""3""","=""Low""","=""false"""
"=""tỷ giá first commercial bank""","=""10""","=""0""","=""5""","=""Low""","=""false"""
"=""tỷ giá flywire""","=""10""","=""0""","=""3""","=""Low""","=""false"""
"=""tỷ giá forint và usd""","=""10""","=""0""","=""5""","=""Low""","=""false"""
"=""tỷ giá forint và euro""","=""10""","=""0""","=""5""","=""Low""","=""false"""
"=""tỷ giá forint và vnd xe""","=""10""","=""0""","=""6""","=""Low""","=""false"""
"=""tỷ giá forward là gì""","=""10""","=""0""","=""5""","=""Low""","=""false"""
"=""tỷ giá franc pháp vietcombank""","=""10""","=""0""","=""5""","=""Low""","=""false"""
"=""tỷ giá fubon""","=""10""","=""0""","=""3""","=""Low""","=""true"""
"=""tỷ giá gbp techcombank""","=""10""","=""0""","=""4""","=""Low""","=""false"""
"=""tỷ giá giao dịch thực tế và tỷ giá ghi sổ""","=""10""","=""0""","=""11""","=""Low""","=""false"""
"=""tỷ giá giữa usd và vnd""","=""10""","=""0""","=""6""","=""Low""","=""false"""
"=""tỷ giá man google""","=""10""","=""0""","=""4""","=""Low""","=""false"""
"=""tỷ giá hanpass hôm nay""","=""10""","=""0""","=""5""","=""Low""","=""false"""
"=""tỷ giá vcb hcm hôm nay""","=""10""","=""0""","=""6""","=""Low""","=""false"""
"=""tỷ giá hải quan tp hcm""","=""10""","=""0""","=""6""","=""Low""","=""false"""
"=""tỷ giá hdbank doanh nghiệp""","=""10""","=""0""","=""5""","=""Low""","=""false"""
"=""tỷ giá hibt""","=""10""","=""0""","=""3""","=""Low""","=""true"""
"=""tỷ giá hiện tại yên nhật""","=""10""","=""0""","=""6""","=""Low""","=""false"""
"=""tỷ giá hoiis đoái là gì""","=""10""","=""0""","=""6""","=""Low""","=""false"""
"=""tỷ giá hôm nay won""","=""10""","=""0""","=""5""","=""Low""","=""false"""
"=""tỷ giá hsbc 31 12""","=""10""","=""0""","=""5""","=""Low""","=""false"""
"=""tỷ giá tiền hy lạp""","=""10""","=""0""","=""5""","=""Low""","=""false"""
"=""tỷ giá ibk việt nam""","=""10""","=""0""","=""5""","=""Low""","=""false"""
"=""tỷ giá idr hôm nay""","=""10""","=""0""","=""5""","=""Low""","=""true"""
"=""tỷ giá idr vietcombank""","=""10""","=""0""","=""4""","=""Low""","=""false"""
"=""tỷ giá ilcoin""","=""10""","=""0""","=""3""","=""Low""","=""false"""
"=""tỷ giá karaoke""","=""10""","=""0""","=""3""","=""Low""","=""false"""
"=""tỷ giá kip lào chợ đen""","=""10""","=""0""","=""6""","=""Low""","=""false"""
"=""tỷ giá kip usd""","=""10""","=""0""","=""4""","=""Low""","=""false"""
"=""tỷ giá koruna và euro""","=""10""","=""0""","=""5""","=""Low""","=""false"""
"=""tỷ giá koruna sang vnd""","=""10""","=""0""","=""5""","=""Low""","=""false"""
"=""tỷ giá kuwait vnd""","=""10""","=""0""","=""4""","=""Low""","=""true"""
"=""tỷ giá kuai""","=""10""","=""0""","=""3""","=""Low""","=""false"""
"=""tỷ giá kuwait hôm nay""","=""10""","=""0""","=""5""","=""Low""","=""false"""
"=""tỷ giá kwon usd""","=""10""","=""0""","=""4""","=""Low""","=""false"""
"=""tỷ giá kwon hôm nay""","=""10""","=""0""","=""5""","=""Low""","=""false"""
"=""tỷ giá kwon vnd vietcombank""","=""10""","=""0""","=""5""","=""Low""","=""false"""
"=""tỷ giá kwanza""","=""10""","=""0""","=""3""","=""Low""","=""false"""
"=""tỷ giá kyodai hôm nay""","=""10""","=""0""","=""5""","=""Low""","=""false"""
"=""tỷ giá kyat myanmar""","=""10""","=""0""","=""4""","=""Low""","=""false"""
"=""tỷ giá kyat hôm nay""","=""10""","=""0""","=""5""","=""Low""","=""false"""
"=""tỷ giá kz""","=""10""","=""0""","=""3""","=""Low""","=""false"""
"=""tỷ giá kz angola""","=""10""","=""0""","=""4""","=""Low""","=""false"""
"=""tỷ giá mb usd hôm nay""","=""10""","=""0""","=""6""","=""Low""","=""false"""
"=""tỷ giá lei""","=""10""","=""0""","=""3""","=""Low""","=""false"""
"=""tỷ giá leva""","=""10""","=""0""","=""3""","=""Low""","=""false"""
"=""tỷ giá lpbank hôm nay""","=""10""","=""0""","=""5""","=""Low""","=""true"""
"=""tỷ giá mizuho bank hôm nay""","=""10""","=""0""","=""6""","=""Low""","=""false"""
"=""tỷ giá mmk và usd""","=""10""","=""0""","=""5""","=""Low""","=""false"""
"=""tỷ giá mmk vietcombank""","=""10""","=""0""","=""4""","=""Low""","=""false"""
"=""tỷ giá momo""","=""10""","=""0""","=""3""","=""Low""","=""false"""
"=""tỷ giá moneygram""","=""10""","=""0""","=""3""","=""Low""","=""false"""
"=""tỷ giá msk hôm nay""","=""10""","=""0""","=""5""","=""Low""","=""false"""
"=""tỷ giá msc hôm nay""","=""10""","=""29.26""","=""5""","=""Low""","=""true"""
"=""tỷ giá myr vietcombank""","=""10""","=""0""","=""4""","=""Low""","=""false"""
"=""tỷ giá naver việt hàn""","=""10""","=""0""","=""5""","=""Low""","=""false"""
"=""tỷ giá naver hàn""","=""10""","=""0""","=""4""","=""Low""","=""false"""
"=""tỷ giá naver hiện tại""","=""10""","=""0""","=""5""","=""Low""","=""false"""
"=""tỷ giá niêm yết gián tiếp cho biết gì""","=""10""","=""0""","=""9""","=""Low""","=""true"""
"=""tỷ giá nnt hôm nay""","=""10""","=""0""","=""5""","=""Low""","=""true"""
"=""tỷ giá nok vietcombank""","=""10""","=""0""","=""4""","=""Low""","=""false"""
"=""tỷ giá order taobao""","=""10""","=""0.46""","=""4""","=""Medium""","=""false"""
"=""tỷ giá our""","=""10""","=""0""","=""3""","=""Low""","=""false"""
"=""tỷ giá paypal usd vnd""","=""10""","=""0""","=""5""","=""Low""","=""false"""
"=""tỷ giá payoneer hôm nay""","=""10""","=""2.1""","=""5""","=""Medium""","=""false"""
"=""tỷ giá đô pgbank""","=""10""","=""0""","=""4""","=""Low""","=""false"""
"=""tỷ giá pnj hôm nay""","=""10""","=""0""","=""5""","=""Low""","=""true"""
"=""tỷ giá pound vietcombank""","=""10""","=""0""","=""4""","=""Low""","=""false"""
"=""tỷ giá pound usd""","=""10""","=""0""","=""4""","=""Low""","=""false"""
"=""tỷ giá quy đổi euro sang vnd""","=""10""","=""0""","=""7""","=""Low""","=""false"""
"=""tỷ giá quy đổi usd vietcombank""","=""10""","=""0""","=""6""","=""Low""","=""false"""
"=""tỷ giá remitly hôm nay""","=""10""","=""0""","=""5""","=""Low""","=""false"""
"=""tỷ giá revolut""","=""10""","=""0""","=""3""","=""Low""","=""false"""
"=""tỷ giá ringgit techcombank""","=""10""","=""0""","=""4""","=""Low""","=""false"""
"=""tỷ giá ron""","=""10""","=""0""","=""3""","=""Low""","=""true"""
"=""tỷ giá rp lol""","=""10""","=""0""","=""4""","=""Low""","=""false"""
"=""tỷ giá euro ra tiền việt""","=""10""","=""0""","=""6""","=""Low""","=""false"""
"=""tỷ giá sacombank hôm qua""","=""10""","=""0""","=""5""","=""Low""","=""false"""
"=""tỷ giá sbi remit hôm này""","=""10""","=""0""","=""6""","=""Low""","=""false"""
"=""tỷ giá sbi remit""","=""10""","=""0""","=""4""","=""Low""","=""false"""
"=""tỷ giá sbi yên nhật""","=""10""","=""0""","=""5""","=""Low""","=""false"""
"=""tỷ giá usd scb""","=""10""","=""0""","=""4""","=""Low""","=""false"""
"=""tỷ giá usd scb hôm nay""","=""10""","=""0""","=""6""","=""Low""","=""false"""
"=""tỷ giá sdr""","=""10""","=""0""","=""3""","=""Low""","=""false"""
"=""tỷ giá sdr usd""","=""10""","=""0""","=""4""","=""Low""","=""false"""
"=""tỷ giá sek và usd""","=""10""","=""0""","=""5""","=""Low""","=""false"""
"=""tỷ giá sek hôm nay""","=""10""","=""0""","=""5""","=""Low""","=""false"""
"=""tỷ giá séc việt""","=""10""","=""0""","=""4""","=""Low""","=""false"""
"=""tỷ giá shin""","=""10""","=""0""","=""3""","=""Low""","=""true"""
"=""tỷ giá shinhan bank 31 12 25""","=""10""","=""0""","=""7""","=""Low""","=""false"""
"=""tỷ giá rs và vnd""","=""10""","=""0""","=""5""","=""Low""","=""false"""
"=""tỷ giá som kyrgyzstan""","=""10""","=""0""","=""4""","=""Low""","=""false"""
"=""tỷ giá sri lanka vnd""","=""10""","=""0""","=""5""","=""Low""","=""false"""
"=""tỷ giá rupee sri lanka""","=""10""","=""0""","=""5""","=""Low""","=""false"""
"=""tỷ giá tiền sri lanka hôm nay""","=""10""","=""0""","=""7""","=""Low""","=""false"""
"=""tỷ giá standard chartered exchange rate""","=""10""","=""0""","=""6""","=""Low""","=""false"""
"=""tỷ giá swap là gì""","=""10""","=""0""","=""5""","=""Low""","=""false"""
"=""tỷ giá taptap send""","=""10""","=""0""","=""4""","=""Low""","=""false"""
"=""tỷ giá taptap send hôm nay""","=""10""","=""0""","=""6""","=""Low""","=""false"""
"=""tỷ giá smiles hôm nay""","=""10""","=""0""","=""5""","=""Low""","=""false"""
"=""tỷ giá tech usd""","=""10""","=""0""","=""4""","=""Low""","=""false"""
"=""tỷ giá tiền canada vietcombank""","=""10""","=""0""","=""5""","=""Low""","=""false"""
"=""tỷ giá tính thuế tncn năm 2026""","=""10""","=""0""","=""7""","=""Low""","=""false"""
"=""tỷ giá tính thuế tncn cho người nước ngoài 2026""","=""10""","=""0""","=""10""","=""Low""","=""false"""
"=""tỷ giá tpb hôm nay""","=""10""","=""0""","=""5""","=""Low""","=""false"""
"=""tỷ giá tpbank usd""","=""10""","=""0""","=""4""","=""Low""","=""false"""
"=""tỷ giá ttm là gì""","=""10""","=""0""","=""5""","=""Low""","=""false"""
"=""tỷ giá tw""","=""10""","=""0""","=""3""","=""Low""","=""true"""
"=""tỷ giá uae hôm nay""","=""10""","=""0""","=""5""","=""Low""","=""false"""
"=""tỷ giá uah""","=""10""","=""0""","=""3""","=""Low""","=""false"""
"=""tỷ giá uk vietcombank""","=""10""","=""0""","=""4""","=""Low""","=""false"""
"=""tỷ giá western union""","=""10""","=""0""","=""4""","=""Low""","=""true"""
"=""tỷ giá usd western union""","=""10""","=""0""","=""5""","=""Low""","=""false"""
"=""tỷ giá uzbekistan""","=""10""","=""0""","=""3""","=""Low""","=""false"""
"=""tỷ giá tiền na uy hôm nay vietcombank""","=""10""","=""0""","=""8""","=""Low""","=""false"""
"=""tỷ giá tiền na uy hôm nay""","=""10""","=""0""","=""7""","=""Low""","=""true"""
"=""tỷ giá tiền venezuela hôm nay""","=""10""","=""0""","=""6""","=""Low""","=""false"""
"=""tỷ giá indo và vn""","=""10""","=""0""","=""5""","=""Low""","=""false"""
"=""tỷ giá vpb hôm nay""","=""10""","=""0""","=""5""","=""Low""","=""false"""
"=""tỷ giá vpbank ngoại tệ""","=""10""","=""0""","=""5""","=""Low""","=""false"""
"=""tỷ giá vcb cad""","=""10""","=""0""","=""4""","=""Low""","=""false"""
"=""tỷ giá vcb canada""","=""10""","=""0""","=""4""","=""Low""","=""false"""
"=""tỷ giá wise hôm nay""","=""10""","=""0""","=""5""","=""Low""","=""false"""
"=""tỷ giá wise euro""","=""10""","=""0""","=""4""","=""Low""","=""false"""
"=""tỷ giá yên wise""","=""10""","=""0""","=""4""","=""Low""","=""false"""
"=""tỷ giá wemix""","=""10""","=""0""","=""3""","=""Low""","=""false"""
"=""tỷ giá xau usd là gì""","=""10""","=""0""","=""6""","=""Low""","=""false"""
"=""tỷ giá xnk""","=""10""","=""0""","=""3""","=""Low""","=""false"""
"=""tỷ giá tính thuế xnk""","=""10""","=""0""","=""5""","=""Low""","=""false"""
"=""tỷ giá xe zł vnd""","=""10""","=""0""","=""5""","=""Low""","=""false"""
"=""tỷ giá yuan usd""","=""10""","=""0""","=""4""","=""Low""","=""false"""
"=""tỷ giá yuan vietcombank""","=""10""","=""0""","=""4""","=""Low""","=""false"""
"=""tỷ giá chinese yuan""","=""10""","=""0""","=""4""","=""Low""","=""false"""
"=""tỷ giá new zealand dollar eximbank""","=""10""","=""0""","=""6""","=""Low""","=""false"""
"=""tỷ giá zalopay""","=""10""","=""0""","=""3""","=""Low""","=""false"""
"=""tỷ giá tệ zalopay""","=""10""","=""0""","=""4""","=""Low""","=""false"""
"=""tỷ giá zimbabwe usd""","=""10""","=""0""","=""4""","=""Low""","=""false"""
"=""tỷ giá złoty và usd""","=""10""","=""0""","=""5""","=""Low""","=""false"""
"=""tỷ giá zt""","=""10""","=""0""","=""3""","=""Low""","=""false"""
"=""tỷ giá zt và vnd""","=""10""","=""0""","=""5""","=""Low""","=""false"""
"=""tỷ giá 2021""","=""10""","=""0""","=""3""","=""Low""","=""false"""
"=""tỷ giá 2018""","=""10""","=""0""","=""3""","=""Low""","=""false"""
"=""tỷ giá 31 12 25""","=""10""","=""0""","=""5""","=""Low""","=""false"""
"=""tỷ giá 31 12 24 vietcombank""","=""10""","=""0""","=""6""","=""Low""","=""false"""
"=""tỷ giá tháng 4 2025""","=""10""","=""0""","=""5""","=""Low""","=""false"""
"=""tỷ giá tháng 7""","=""10""","=""0""","=""4""","=""Low""","=""false"""
"=""tỷ giá tháng 7 2024""","=""10""","=""0""","=""5""","=""Low""","=""false"""
"=""tỷ giá tháng 8""","=""10""","=""0""","=""4""","=""Low""","=""false"""
"=""tỷ giá tháng 8 2024""","=""10""","=""0""","=""5""","=""Low""","=""false"""
"=""tỷ giá 6 tháng đầu năm 2026""","=""10""","=""0""","=""7""","=""Low""","=""false"""
"=""tỷ giá 6 tháng cuối năm 2025""","=""10""","=""0""","=""7""","=""Low""","=""false"""
"=""tỷ giá 6 tháng đầu năm 2025""","=""10""","=""0""","=""7""","=""Low""","=""false"""
"=""tỷ giá là gì ví dụ""","=""10""","=""0""","=""6""","=""Low""","=""false"""
"=""tỷ giá tiền nào cao nhất thế giới""","=""10""","=""0""","=""8""","=""Low""","=""false"""
"=""tỷ giá nước nào cao nhất""","=""10""","=""0""","=""6""","=""Low""","=""false"""
"=""tỷ giá ảnh hưởng như thế nào""","=""10""","=""0""","=""7""","=""Low""","=""false"""
"=""tỷ giá của vietinbank""","=""10""","=""0""","=""4""","=""Low""","=""false"""
"=""tỷ giá trên tờ khai hải quan nhập khẩu là tỷ giá nào""","=""10""","=""0""","=""13""","=""Low""","=""false"""
"=""tỷ giá lào usd""","=""10""","=""0""","=""4""","=""Low""","=""false"""
"=""tỷ giá trong tiếng trung là gì""","=""10""","=""0""","=""7""","=""Low""","=""false"""
"=""tỷ giá trong thông tư 99""","=""10""","=""0""","=""6""","=""Low""","=""false"""
"=""tỷ giá trong excel""","=""10""","=""0""","=""4""","=""Low""","=""false"""
"=""tỷ giá rúp với vnd""","=""10""","=""0""","=""5""","=""Low""","=""false"""
"=""tỷ giá usd có tăng không""","=""10""","=""0""","=""6""","=""Low""","=""false"""
"=""tỷ giá tăng có lợi cho xuất khẩu hay nhập khẩu""","=""10""","=""0""","=""11""","=""Low""","=""false"""
"=""tỷ giá để tính thuế xnk là""","=""10""","=""0""","=""7""","=""Low""","=""false"""
"=""tỷ giá usd có giảm không""","=""10""","=""0""","=""6""","=""Low""","=""false"""
"=""tỷ giá euro có tăng không""","=""10""","=""0""","=""6""","=""Low""","=""false"""
"=""tỷ giá won so với vnd""","=""10""","=""0""","=""6""","=""Low""","=""false"""
"=""tỷ giá euro so với vnd""","=""10""","=""0""","=""6""","=""Low""","=""false"""
"=""tỷ giá usd so với yên nhật""","=""10""","=""0""","=""7""","=""Low""","=""false"""
"=""tỷ giá ab""","=""0""","=""0""","=""3""","=""Low""","=""false"""
"=""tỷ giá aba""","=""0""","=""0""","=""3""","=""Low""","=""false"""
"=""tỷ giá abbank ngày hôm nay""","=""0""","=""0""","=""6""","=""Low""","=""false"""
"=""tỷ giá abb hôm nay""","=""0""","=""0""","=""5""","=""Low""","=""false"""
"=""tỷ giá abi""","=""0""","=""0""","=""3""","=""Low""","=""false"""
"=""tỷ giá acleda""","=""0""","=""0""","=""3""","=""Low""","=""false"""
"=""tỷ giá ada hôm nay""","=""0""","=""0""","=""5""","=""Low""","=""false"""
"=""tỷ giá ade""","=""0""","=""0""","=""3""","=""Low""","=""false"""
"=""tỷ giá agribank cny""","=""0""","=""0""","=""4""","=""Low""","=""false"""
"=""tỷ giá south africa""","=""0""","=""0""","=""4""","=""Low""","=""false"""
"=""tỷ giá tiền afghanistan""","=""0""","=""0""","=""4""","=""Low""","=""false"""
"=""tỷ giá algeria""","=""0""","=""0""","=""3""","=""Low""","=""false"""
"=""tỷ giá albania""","=""0""","=""0""","=""3""","=""Low""","=""false"""
"=""tỷ giá dinar algeria""","=""0""","=""0""","=""4""","=""Low""","=""false"""
"=""tỷ giá rmb alipay""","=""0""","=""0""","=""4""","=""Low""","=""false"""
"=""tỷ giá nạp tệ alipay""","=""0""","=""0""","=""5""","=""Low""","=""false"""
"=""tỷ giá đổi tệ alipay""","=""0""","=""0""","=""5""","=""Low""","=""false"""
"=""tỷ giá thanh toán alipay""","=""0""","=""0""","=""5""","=""Low""","=""false"""
"=""tỷ giá mua tệ alipay""","=""0""","=""0""","=""5""","=""Low""","=""false"""
"=""tỷ giá vàng ajc""","=""0""","=""0""","=""4""","=""Low""","=""false"""
"=""tỷ giá amd""","=""0""","=""0""","=""3""","=""Low""","=""false"""
"=""tỷ giá amex""","=""0""","=""0""","=""3""","=""Low""","=""false"""
"=""tỷ giá xuất quỹ amis""","=""0""","=""0""","=""5""","=""Low""","=""false"""
"=""tỷ giá xuất quỹ amis kế toán""","=""0""","=""0""","=""7""","=""Low""","=""false"""
"=""tỷ giá an bình hôm nay""","=""0""","=""0""","=""6""","=""Low""","=""false"""
"=""tỷ giá apple pay""","=""0""","=""0""","=""4""","=""Low""","=""false"""
"=""tỷ giá api""","=""0""","=""0""","=""3""","=""Low""","=""false"""
"=""tỷ giá app cross""","=""0""","=""0""","=""4""","=""Low""","=""false"""
"=""tỷ giá app e9""","=""0""","=""0""","=""4""","=""Low""","=""false"""
"=""tỷ giá app smile""","=""0""","=""0""","=""4""","=""Low""","=""false"""
"=""tỷ giá app""","=""0""","=""0""","=""3""","=""Low""","=""false"""
"=""tỷ giá app wise""","=""0""","=""0""","=""4""","=""Low""","=""false"""
"=""tỷ giá apple""","=""0""","=""0""","=""3""","=""Low""","=""false"""
"=""tỷ giá áp lực""","=""0""","=""0""","=""4""","=""Low""","=""false"""
"=""tỷ giá arab""","=""0""","=""0""","=""3""","=""Low""","=""false"""
"=""tỷ giá ars usd""","=""0""","=""0""","=""4""","=""Low""","=""false"""
"=""tỷ giá arb""","=""0""","=""0""","=""3""","=""Low""","=""false"""
"=""tỷ giá ars vnd""","=""0""","=""0""","=""4""","=""Low""","=""false"""
"=""tỷ giá ariary""","=""0""","=""0""","=""3""","=""Low""","=""false"""
"=""tỷ giá peso argentina""","=""0""","=""0""","=""4""","=""Low""","=""false"""
"=""tỷ giá ath""","=""0""","=""0""","=""3""","=""Low""","=""false"""
"=""tỷ giá baht vcb""","=""0""","=""0""","=""4""","=""Low""","=""false"""
"=""tỷ giá azerbaijan""","=""0""","=""0""","=""3""","=""Low""","=""false"""
"=""tỷ giá bdt""","=""0""","=""0""","=""3""","=""Low""","=""false"""
"=""tỷ giá bcel hôm nay""","=""0""","=""0""","=""5""","=""Low""","=""false"""
"=""tỷ giá bch""","=""0""","=""0""","=""3""","=""Low""","=""false"""
"=""tỷ giá bcn""","=""0""","=""0""","=""3""","=""Low""","=""false"""
"=""tỷ giá bc""","=""0""","=""0""","=""3""","=""Low""","=""false"""
"=""tỷ giá bcv""","=""0""","=""0""","=""3""","=""Low""","=""false"""
"=""tỷ giá bgn""","=""0""","=""0""","=""3""","=""Low""","=""false"""
"=""tỷ giá bhxh 6 tháng cuối năm 2026""","=""0""","=""0""","=""8""","=""Low""","=""false"""
"=""tỷ giá bhutan""","=""0""","=""0""","=""3""","=""Low""","=""false"""
"=""tỷ giá bitcoin""","=""0""","=""0""","=""3""","=""Low""","=""false"""
"=""tỷ giá bitcoin usd""","=""0""","=""0""","=""4""","=""Low""","=""false"""
"=""tỷ giá bkk""","=""0""","=""0""","=""3""","=""Low""","=""false"""
"=""tỷ giá bm""","=""0""","=""0""","=""3""","=""Low""","=""false"""
"=""tỷ giá bnb""","=""0""","=""0""","=""3""","=""Low""","=""false"""
"=""tỷ giá bnp paribas""","=""0""","=""0""","=""4""","=""Low""","=""false"""
"=""tỷ giá bnb coin""","=""0""","=""0""","=""4""","=""Low""","=""false"""
"=""tỷ giá bnd""","=""0""","=""0""","=""3""","=""Low""","=""false"""
"=""tỷ giá bnb usdt""","=""0""","=""0""","=""4""","=""Low""","=""false"""
"=""tỷ giá bnp hôm nay""","=""0""","=""0""","=""5""","=""Low""","=""false"""
"=""tỷ giá bnb hôm nay""","=""0""","=""0""","=""5""","=""Low""","=""false"""
"=""tỷ giá bnd vnd""","=""0""","=""0""","=""4""","=""Low""","=""false"""
"=""tỷ giá usd bloomberg""","=""0""","=""0""","=""4""","=""Low""","=""false"""
"=""tỷ giá usd vnd bloomberg""","=""0""","=""0""","=""5""","=""Low""","=""false"""
"=""tỷ giá tổng hợp bloomberg generic composite rate""","=""0""","=""0""","=""8""","=""Low""","=""false"""
"=""tỷ giá usd vnd today black market""","=""0""","=""0""","=""7""","=""Low""","=""false"""
"=""tỷ giá bpce""","=""0""","=""0""","=""3""","=""Low""","=""false"""
"=""tỷ giá bp""","=""0""","=""0""","=""3""","=""Low""","=""false"""
"=""tỷ giá aoa""","=""0""","=""0""","=""3""","=""Low""","=""false"""
"=""tỷ giá áo""","=""0""","=""0""","=""3""","=""Low""","=""false"""
"=""tỷ giá tiền ao""","=""0""","=""0""","=""4""","=""Low""","=""false"""
"=""tỷ giá tiền aoe""","=""0""","=""0""","=""4""","=""Low""","=""false"""
"=""tỷ giá bqlnh là gì""","=""0""","=""0""","=""5""","=""Low""","=""false"""
"=""tỷ giá ghi sổ bqgq""","=""0""","=""0""","=""5""","=""Low""","=""false"""
"=""tỷ giá brl sang usd""","=""0""","=""0""","=""5""","=""Low""","=""false"""
"=""tỷ giá brunei sang vnd""","=""0""","=""0""","=""5""","=""Low""","=""false"""
"=""tỷ giá bra""","=""0""","=""0""","=""3""","=""Low""","=""false"""
"=""tỷ giá brazil usd""","=""0""","=""0""","=""4""","=""Low""","=""false"""
"=""tỷ giá bsp""","=""0""","=""0""","=""3""","=""Low""","=""false"""
"=""tỷ giá bsp là gì""","=""0""","=""0""","=""5""","=""Low""","=""false"""
"=""tỷ giá bsp hôm nay""","=""0""","=""0""","=""5""","=""Low""","=""false"""
"=""tỷ giá bvb""","=""0""","=""0""","=""3""","=""Low""","=""false"""
"=""tỷ giá bv""","=""0""","=""0""","=""3""","=""Low""","=""false"""
"=""tỷ giá btc""","=""0""","=""0""","=""3""","=""Low""","=""false"""
"=""tỷ giá btc hôm nay""","=""0""","=""0""","=""5""","=""Low""","=""false"""
"=""tỷ giá btc usd""","=""0""","=""0""","=""4""","=""Low""","=""false"""
"=""tỷ giá btn""","=""0""","=""0""","=""3""","=""Low""","=""false"""
"=""tỷ giá btc usdt""","=""0""","=""0""","=""4""","=""Low""","=""false"""
"=""tỷ giá btc vnd""","=""0""","=""0""","=""4""","=""Low""","=""false"""
"=""tỷ giá btmc""","=""0""","=""0""","=""3""","=""Low""","=""false"""
"=""tỷ giá btc tháng 9 2025""","=""0""","=""0""","=""6""","=""Low""","=""false"""
"=""tỷ giá cbm""","=""0""","=""0""","=""3""","=""Low""","=""false"""
"=""tỷ giá cbp hôm nay""","=""0""","=""0""","=""5""","=""Low""","=""false"""
"=""tỷ giá cedis""","=""0""","=""0""","=""3""","=""Low""","=""false"""
"=""tỷ giá cent""","=""0""","=""0""","=""3""","=""Low""","=""false"""
"=""tỷ giá cfa vnd""","=""0""","=""0""","=""4""","=""Low""","=""false"""
"=""tỷ giá cfa hôm nay""","=""0""","=""0""","=""5""","=""Low""","=""false"""
"=""tỷ giá cfa usd""","=""0""","=""0""","=""4""","=""Low""","=""false"""
"=""tỷ giá cf""","=""0""","=""0""","=""3""","=""Low""","=""false"""
"=""tỷ giá usd cjowj đen""","=""0""","=""0""","=""5""","=""Low""","=""false"""
"=""tỷ giá ck vietcombank""","=""0""","=""0""","=""4""","=""Low""","=""false"""
"=""tỷ giá ck""","=""0""","=""0""","=""3""","=""Low""","=""false"""
"=""tỷ giá mua ck vietcombank""","=""0""","=""0""","=""5""","=""Low""","=""false"""
"=""tỷ giá mua ck""","=""0""","=""0""","=""4""","=""Low""","=""false"""
"=""tỷ giá usd ck hôm nay""","=""0""","=""0""","=""6""","=""Low""","=""false"""
"=""tỷ giá usd ck""","=""0""","=""0""","=""4""","=""Low""","=""false"""
"=""tỷ giá mua ck là gì""","=""0""","=""0""","=""6""","=""Low""","=""false"""
"=""tỷ giá mua bán ck trung bình""","=""0""","=""0""","=""7""","=""Low""","=""false"""
"=""tỷ giá usd mua ck""","=""0""","=""0""","=""5""","=""Low""","=""false"""
"=""tỷ giá clp vnd""","=""0""","=""0""","=""4""","=""Low""","=""false"""
"=""tỷ giá clp""","=""0""","=""0""","=""3""","=""Low""","=""false"""
"=""tỷ giá clp usd""","=""0""","=""0""","=""4""","=""Low""","=""false"""
"=""tỷ giá cma""","=""0""","=""0""","=""3""","=""Low""","=""false"""
"=""tỷ giá cma vietnam""","=""0""","=""0""","=""4""","=""Low""","=""false"""
"=""tỷ giá cma hôm nay""","=""0""","=""0""","=""5""","=""Low""","=""false"""
"=""tỷ giá hãng tàu cma""","=""0""","=""0""","=""5""","=""Low""","=""false"""
"=""tỷ giá coin trump""","=""0""","=""0""","=""4""","=""Low""","=""false"""
"=""tỷ giá cop""","=""0""","=""0""","=""3""","=""Low""","=""false"""
"=""tỷ giá cosco""","=""0""","=""0""","=""3""","=""Low""","=""false"""
"=""tỷ giá coin power""","=""0""","=""0""","=""4""","=""Low""","=""false"""
"=""tỷ giá cpi""","=""0""","=""0""","=""3""","=""Low""","=""false"""
"=""tỷ giá cp""","=""0""","=""0""","=""3""","=""Low""","=""false"""
"=""tỷ giá cross""","=""0""","=""0""","=""3""","=""Low""","=""false"""
"=""tỷ giá croatia""","=""0""","=""0""","=""3""","=""Low""","=""false"""
"=""tỷ giá won cross""","=""0""","=""0""","=""4""","=""Low""","=""false"""
"=""tỷ giá brilliant crypto""","=""0""","=""0""","=""4""","=""Low""","=""false"""
"=""tỷ giá tiền croatia""","=""0""","=""0""","=""4""","=""Low""","=""false"""
"=""tỷ giá won app cross""","=""0""","=""0""","=""5""","=""Low""","=""false"""
"=""tỷ giá csb là gì""","=""0""","=""0""","=""5""","=""Low""","=""false"""
"=""tỷ giá ctbc hôm nay""","=""0""","=""0""","=""5""","=""Low""","=""false"""
"=""tỷ giá ctg""","=""0""","=""0""","=""3""","=""Low""","=""false"""
"=""tỷ giá curon""","=""0""","=""0""","=""3""","=""Low""","=""false"""
"=""tỷ giá customs""","=""0""","=""0""","=""3""","=""Low""","=""false"""
"=""tỷ giá cuba việt nam""","=""0""","=""0""","=""5""","=""Low""","=""false"""
"=""tỷ giá cuối năm 2025""","=""0""","=""0""","=""5""","=""Low""","=""false"""
"=""tỷ giá custom""","=""0""","=""0""","=""3""","=""Low""","=""false"""
"=""tỷ giá cuối năm""","=""0""","=""0""","=""4""","=""Low""","=""false"""
"=""tỷ giá cu""","=""0""","=""0""","=""3""","=""Low""","=""false"""
"=""tỷ giá cxb""","=""0""","=""0""","=""3""","=""Low""","=""false"""
"=""tỷ giá cz việt nam""","=""0""","=""0""","=""5""","=""Low""","=""false"""
"=""tỷ giá czech""","=""0""","=""0""","=""3""","=""Low""","=""false"""
"=""tỷ giá cz""","=""0""","=""0""","=""3""","=""Low""","=""false"""
"=""tỷ giá czk hôm nay""","=""0""","=""0""","=""5""","=""Low""","=""false"""
"=""tỷ giá czk vnd hôm nay""","=""0""","=""0""","=""6""","=""Low""","=""false"""
"=""tỷ giá dbs""","=""0""","=""0""","=""3""","=""Low""","=""false"""
"=""tỷ giá dbs bank""","=""0""","=""0""","=""4""","=""Low""","=""false"""
"=""tỷ giá db""","=""0""","=""0""","=""3""","=""Low""","=""false"""
"=""tỷ giá db bank""","=""0""","=""0""","=""4""","=""Low""","=""false"""
"=""tỷ giá ddo""","=""0""","=""0""","=""3""","=""Low""","=""false"""
"=""tỷ giá ddaif tệ""","=""0""","=""0""","=""4""","=""Low""","=""false"""
"=""tỷ giá ddoongf yên""","=""0""","=""0""","=""4""","=""Low""","=""false"""
"=""tỷ giá dcom yên nhật hôm nay""","=""0""","=""0""","=""7""","=""Low""","=""false"""
"=""tỷ giá dcom nhật hôm nay""","=""0""","=""0""","=""6""","=""Low""","=""false"""
"=""tỷ giá dcom t 1 là gì""","=""0""","=""0""","=""7""","=""Low""","=""false"""
"=""tỷ giá dc""","=""0""","=""0""","=""3""","=""Low""","=""false"""
"=""tỷ giá dcm""","=""0""","=""0""","=""3""","=""Low""","=""false"""
"=""tỷ giá dh""","=""0""","=""0""","=""3""","=""Low""","=""false"""
"=""tỷ giá dhs hôm nay""","=""0""","=""0""","=""5""","=""Low""","=""false"""
"=""tỷ giá dinar""","=""0""","=""0""","=""3""","=""Low""","=""false"""
"=""tỷ giá dinar bahrain""","=""0""","=""0""","=""4""","=""Low""","=""false"""
"=""tỷ giá dirham maroc vnd""","=""0""","=""0""","=""5""","=""Low""","=""false"""
"=""tỷ giá da""","=""0""","=""0""","=""3""","=""Low""","=""false"""
"=""tỷ giá daid""","=""0""","=""0""","=""3""","=""Low""","=""false"""
"=""tỷ giá dai""","=""0""","=""0""","=""3""","=""Low""","=""false"""
"=""tỷ giá dai viet""","=""0""","=""0""","=""4""","=""Low""","=""false"""
"=""tỷ giá dkk và euro""","=""0""","=""0""","=""5""","=""Low""","=""false"""
"=""tỷ giá dkk hôm nay""","=""0""","=""0""","=""5""","=""Low""","=""false"""
"=""tỷ giá dk""","=""0""","=""0""","=""3""","=""Low""","=""false"""
"=""tỷ giá euro dkk""","=""0""","=""0""","=""4""","=""Low""","=""false"""
"=""tỷ giá dm""","=""0""","=""0""","=""3""","=""Low""","=""false"""
"=""tỷ giá dram""","=""0""","=""0""","=""3""","=""Low""","=""false"""
"=""tỷ giá dubai sang usd""","=""0""","=""0""","=""5""","=""Low""","=""false"""
"=""tỷ giá dự báo""","=""0""","=""0""","=""4""","=""Low""","=""false"""
"=""tỷ giá dự kiến""","=""0""","=""0""","=""4""","=""Low""","=""false"""
"=""tỷ giá vàng duy mong hôm nay""","=""0""","=""0""","=""7""","=""Low""","=""false"""
"=""tỷ giá đô dubai""","=""0""","=""0""","=""4""","=""Low""","=""false"""
"=""tỷ giá vàng dung luyến gia lộc""","=""0""","=""0""","=""7""","=""Low""","=""false"""
"=""tỷ giá dxy chart""","=""0""","=""0""","=""4""","=""Low""","=""false"""
"=""tỷ giá dxy ngày hôm nay""","=""0""","=""0""","=""6""","=""Low""","=""false"""
"=""tỷ giá usd dxy""","=""0""","=""0""","=""4""","=""Low""","=""false"""
"=""tỷ giá dzd""","=""0""","=""0""","=""3""","=""Low""","=""false"""
"=""tỷ giá ea""","=""0""","=""0""","=""3""","=""Low""","=""false"""
"=""tỷ giá ecus""","=""0""","=""0""","=""3""","=""Low""","=""false"""
"=""tỷ giá ecb""","=""0""","=""0""","=""3""","=""Low""","=""false"""
"=""tỷ giá ecuador""","=""0""","=""0""","=""3""","=""Low""","=""false"""
"=""tỷ giá usd ecus""","=""0""","=""0""","=""4""","=""Low""","=""false"""
"=""tỷ giá exchange rate""","=""0""","=""0""","=""4""","=""Low""","=""false"""
"=""tỷ giá egp to vnd""","=""0""","=""0""","=""5""","=""Low""","=""false"""
"=""tỷ giá egypt""","=""0""","=""0""","=""3""","=""Low""","=""false"""
"=""tỷ giá eib hôm nay""","=""0""","=""0""","=""5""","=""Low""","=""false"""
"=""tỷ giá ei""","=""0""","=""0""","=""3""","=""Low""","=""false"""
"=""tỷ giá usd eib""","=""0""","=""0""","=""4""","=""Low""","=""false"""
"=""tỷ giá vib travel elite""","=""0""","=""0""","=""5""","=""Low""","=""false"""
"=""tỷ giá en""","=""0""","=""0""","=""3""","=""Low""","=""false"""
"=""tỷ giá eth""","=""0""","=""0""","=""3""","=""Low""","=""false"""
"=""tỷ giá eth hôm nay""","=""0""","=""0""","=""5""","=""Low""","=""false"""
"=""tỷ giá eth usd""","=""0""","=""0""","=""4""","=""Low""","=""false"""
"=""tỷ giá eth vnd""","=""0""","=""0""","=""4""","=""Low""","=""false"""
"=""tỷ giá eth onus""","=""0""","=""0""","=""4""","=""Low""","=""false"""
"=""tỷ giá eth usdt""","=""0""","=""0""","=""4""","=""Low""","=""false"""
"=""tỷ giá eth hiện tại""","=""0""","=""0""","=""5""","=""Low""","=""false"""
"=""tỷ giá ethiopia""","=""0""","=""0""","=""3""","=""Low""","=""false"""
"=""tỷ giá et""","=""0""","=""0""","=""3""","=""Low""","=""false"""
"=""tỷ giá esun bank""","=""0""","=""0""","=""4""","=""Low""","=""false"""
"=""tỷ giá esun""","=""0""","=""0""","=""3""","=""Low""","=""false"""
"=""tỷ giá es""","=""0""","=""0""","=""3""","=""Low""","=""false"""
"=""tỷ giá giữa este hôm nay""","=""0""","=""0""","=""6""","=""Low""","=""false"""
"=""tỷ giá eximbank hôm qua""","=""0""","=""0""","=""5""","=""Low""","=""false"""
"=""tỷ giá ex""","=""0""","=""0""","=""3""","=""Low""","=""false"""
"=""tỷ giá exness""","=""0""","=""0""","=""3""","=""Low""","=""false"""
"=""tỷ giá evergreen""","=""0""","=""0""","=""3""","=""Low""","=""false"""
"=""tỷ giá ey""","=""0""","=""0""","=""3""","=""Low""","=""false"""
"=""tỷ giá ezyremit""","=""0""","=""0""","=""3""","=""Low""","=""false"""
"=""tỷ giá đô úc ezyremit""","=""0""","=""0""","=""5""","=""Low""","=""false"""
"=""tỷ giá usd facebook""","=""0""","=""0""","=""4""","=""Low""","=""false"""
"=""tỷ giá fbi""","=""0""","=""0""","=""3""","=""Low""","=""false"""
"=""tỷ giá fct""","=""0""","=""0""","=""3""","=""Low""","=""false"""
"=""tỷ giá tính fct""","=""0""","=""0""","=""4""","=""Low""","=""false"""
"=""tỷ giá tính thuế fct""","=""0""","=""0""","=""5""","=""Low""","=""false"""
"=""tỷ giá fed hôm nay""","=""0""","=""0""","=""5""","=""Low""","=""false"""
"=""tỷ giá usd fed tăng lãi suất""","=""0""","=""0""","=""7""","=""Low""","=""false"""
"=""tỷ giá usd fed""","=""0""","=""0""","=""4""","=""Low""","=""false"""
"=""tỷ giá first bank""","=""0""","=""0""","=""4""","=""Low""","=""false"""
"=""tỷ giá fiji""","=""0""","=""0""","=""3""","=""Low""","=""false"""
"=""tỷ giá fjd""","=""0""","=""0""","=""3""","=""Low""","=""false"""
"=""tỷ giá bảng anh flywire""","=""0""","=""0""","=""5""","=""Low""","=""false"""
"=""tỷ giá forint hôm nay""","=""0""","=""0""","=""5""","=""Low""","=""false"""
"=""tỷ giá forward""","=""0""","=""0""","=""3""","=""Low""","=""false"""
"=""tỷ giá fpt""","=""0""","=""0""","=""3""","=""Low""","=""false"""
"=""tỷ giá fpt hôm nay""","=""0""","=""0""","=""5""","=""Low""","=""false"""
"=""tỷ giá cổ phiếu fpt""","=""0""","=""0""","=""5""","=""Low""","=""false"""
"=""tỷ giá frank""","=""0""","=""0""","=""3""","=""Low""","=""false"""
"=""tỷ giá franc hôm nay""","=""0""","=""0""","=""5""","=""Low""","=""false"""
"=""tỷ giá fubon bank""","=""0""","=""0""","=""4""","=""Low""","=""false"""
"=""tỷ giá taipei fubon""","=""0""","=""0""","=""4""","=""Low""","=""false"""
"=""tỷ giá fw""","=""0""","=""0""","=""3""","=""Low""","=""false"""
"=""tỷ giá fwd là gì""","=""0""","=""0""","=""5""","=""Low""","=""false"""
"=""tỷ giá ft""","=""0""","=""0""","=""3""","=""Low""","=""false"""
"=""tỷ giá ft vnd""","=""0""","=""0""","=""4""","=""Low""","=""false"""
"=""tỷ giá ft hungary""","=""0""","=""0""","=""4""","=""Low""","=""false"""
"=""tỷ giá ft hôm nay""","=""0""","=""0""","=""5""","=""Low""","=""false"""
"=""tỷ giá euro và ft""","=""0""","=""0""","=""5""","=""Low""","=""false"""
"=""tỷ giá fx là gì""","=""0""","=""0""","=""5""","=""Low""","=""false"""
"=""tỷ giá fx techcombank""","=""0""","=""0""","=""4""","=""Low""","=""false"""
"=""tỷ giá gbp vietinbank""","=""0""","=""0""","=""4""","=""Low""","=""false"""
"=""tỷ giá gas""","=""0""","=""0""","=""3""","=""Low""","=""false"""
"=""tỷ giá gas hôm nay""","=""0""","=""0""","=""5""","=""Low""","=""false"""
"=""tỷ giá gcash""","=""0""","=""0""","=""3""","=""Low""","=""false"""
"=""tỷ giá georgia""","=""0""","=""0""","=""3""","=""Low""","=""false"""
"=""tỷ giá gel""","=""0""","=""0""","=""3""","=""Low""","=""false"""
"=""tỷ giá gel vnd""","=""0""","=""0""","=""4""","=""Low""","=""false"""
"=""tỷ giá germany""","=""0""","=""0""","=""3""","=""Low""","=""false"""
"=""tỷ giá cổ phiếu geg""","=""0""","=""0""","=""5""","=""Low""","=""false"""
"=""tỷ giá giao dịch thực tế theo thông tư 133""","=""0""","=""0""","=""10""","=""Low""","=""false"""
"=""tỷ giá gg usd""","=""0""","=""0""","=""4""","=""Low""","=""false"""
"=""tỷ giá yên gg""","=""0""","=""0""","=""4""","=""Low""","=""false"""
"=""tỷ giá man gg""","=""0""","=""0""","=""4""","=""Low""","=""false"""
"=""tỷ giá đài tệ gg""","=""0""","=""0""","=""5""","=""Low""","=""false"""
"=""tỷ giá man hôm nay gg""","=""0""","=""0""","=""6""","=""Low""","=""false"""
"=""tỷ giá gmoney""","=""0""","=""0""","=""3""","=""Low""","=""false"""
"=""tỷ giá won gmoney""","=""0""","=""0""","=""4""","=""Low""","=""false"""
"=""tỷ giá google usd""","=""0""","=""0""","=""4""","=""Low""","=""false"""
"=""tỷ giá gold""","=""0""","=""0""","=""3""","=""Low""","=""false"""
"=""tỷ giá gov""","=""0""","=""0""","=""3""","=""Low""","=""false"""
"=""tỷ giá govn""","=""0""","=""0""","=""3""","=""Low""","=""false"""
"=""tỷ giá euro google""","=""0""","=""0""","=""4""","=""Low""","=""false"""
"=""tỷ giá gpbank""","=""0""","=""0""","=""3""","=""Low""","=""false"""
"=""tỷ giá gpb hôm nay""","=""0""","=""0""","=""5""","=""Low""","=""false"""
"=""tỷ giá gp""","=""0""","=""0""","=""3""","=""Low""","=""false"""
"=""tỷ giá gpp""","=""0""","=""0""","=""3""","=""Low""","=""false"""
"=""tỷ giá usd gpbank""","=""0""","=""0""","=""4""","=""Low""","=""false"""
"=""tỷ giá grivna""","=""0""","=""0""","=""3""","=""Low""","=""false"""
"=""tỷ giá tiền group""","=""0""","=""0""","=""4""","=""Low""","=""false"""
"=""tỷ giá tính thuế gtgt hàng nhập khẩu""","=""0""","=""0""","=""8""","=""Low""","=""false"""
"=""tỷ giá tính thuế gtgt""","=""0""","=""0""","=""5""","=""Low""","=""false"""
"=""tỷ giá tính thuế gtgt hàng xuất khẩu""","=""0""","=""0""","=""8""","=""Low""","=""false"""
"=""tỷ giá kê khai thuế gtgt""","=""0""","=""0""","=""6""","=""Low""","=""false"""
"=""tỷ giá xuất hóa đơn gtgt""","=""0""","=""0""","=""6""","=""Low""","=""false"""
"=""tỷ giá trên hóa đơn gtgt""","=""0""","=""0""","=""6""","=""Low""","=""false"""
"=""tỷ giá tiền guinea""","=""0""","=""0""","=""4""","=""Low""","=""false"""
"=""tỷ giá tiền guatemala""","=""0""","=""0""","=""4""","=""Low""","=""false"""
"=""tỷ giá papua new guinea""","=""0""","=""0""","=""5""","=""Low""","=""false"""
"=""tỷ giá tiền papua new guinea""","=""0""","=""0""","=""6""","=""Low""","=""false"""
"=""tỷ giá hana bank hôm nay""","=""0""","=""0""","=""6""","=""Low""","=""false"""
"=""tỷ giá hcm""","=""0""","=""0""","=""3""","=""Low""","=""false"""
"=""tỷ giá đô hcs""","=""0""","=""0""","=""4""","=""Low""","=""false"""
"=""tỷ giá heo hơi""","=""0""","=""0""","=""4""","=""Low""","=""false"""
"=""tỷ giá heo hơi hôm nay""","=""0""","=""0""","=""6""","=""Low""","=""false"""
"=""tỷ giá heo""","=""0""","=""0""","=""3""","=""Low""","=""false"""
"=""tỷ giá heliwin""","=""0""","=""0""","=""3""","=""Low""","=""false"""
"=""tỷ giá hdb hôm nay""","=""0""","=""0""","=""5""","=""Low""","=""false"""
"=""tỷ giá hdpe""","=""0""","=""0""","=""3""","=""Low""","=""false"""
"=""tỷ giá hhj""","=""0""","=""0""","=""3""","=""Low""","=""false"""
"=""tỷ giá hh""","=""0""","=""0""","=""3""","=""Low""","=""false"""
"=""tỷ giá hiện tại won""","=""0""","=""0""","=""5""","=""Low""","=""false"""
"=""tỷ giá hiện tại euro""","=""0""","=""0""","=""5""","=""Low""","=""false"""
"=""tỷ giá hkd chợ đen hôm nay""","=""0""","=""0""","=""7""","=""Low""","=""false"""
"=""tỷ giá vàng hjc""","=""0""","=""0""","=""4""","=""Low""","=""false"""
"=""tỷ giá hlb""","=""0""","=""0""","=""3""","=""Low""","=""false"""
"=""tỷ giá hld""","=""0""","=""0""","=""3""","=""Low""","=""false"""
"=""tỷ giá hmm""","=""0""","=""0""","=""3""","=""Low""","=""false"""
"=""tỷ giá hq""","=""0""","=""0""","=""3""","=""Low""","=""false"""
"=""tỷ giá hq hôm nay""","=""0""","=""0""","=""5""","=""Low""","=""false"""
"=""tỷ giá hq là gì""","=""0""","=""0""","=""5""","=""Low""","=""false"""
"=""tỷ giá tiền hq""","=""0""","=""0""","=""4""","=""Low""","=""false"""
"=""tỷ giá won hq""","=""0""","=""0""","=""4""","=""Low""","=""false"""
"=""tỷ giá hryvnia""","=""0""","=""0""","=""3""","=""Low""","=""false"""
"=""tỷ giá hpl hôm nay""","=""0""","=""0""","=""5""","=""Low""","=""false"""
"=""tỷ giá hpg""","=""0""","=""0""","=""3""","=""Low""","=""false"""
"=""tỷ giá hãng tàu hpl""","=""0""","=""0""","=""5""","=""Low""","=""false"""
"=""tỷ giá đô htai""","=""0""","=""0""","=""4""","=""Low""","=""false"""
"=""tỷ giá hsbc theo ngày""","=""0""","=""0""","=""5""","=""Low""","=""false"""
"=""tỷ giá hsb""","=""0""","=""0""","=""3""","=""Low""","=""false"""
"=""tỷ giá hsbc ngày hôm qua""","=""0""","=""0""","=""6""","=""Low""","=""false"""
"=""tỷ giá hsbc usd""","=""0""","=""0""","=""4""","=""Low""","=""false"""
"=""tỷ giá hsbc pdf""","=""0""","=""0""","=""4""","=""Low""","=""false"""
"=""tỷ giá hsbc cny""","=""0""","=""0""","=""4""","=""Low""","=""false"""
"=""tỷ giá hung""","=""0""","=""0""","=""3""","=""Low""","=""false"""
"=""tỷ giá huf eur""","=""0""","=""0""","=""4""","=""Low""","=""false"""
"=""tỷ giá hungary sang euro""","=""0""","=""0""","=""5""","=""Low""","=""false"""
"=""tỷ giá huf usd""","=""0""","=""0""","=""4""","=""Low""","=""false"""
"=""tỷ giá huanan""","=""0""","=""0""","=""3""","=""Low""","=""false"""
"=""tỷ giá hy lạp""","=""0""","=""0""","=""4""","=""Low""","=""false"""
"=""tỷ giá iata hôm nay""","=""0""","=""0""","=""5""","=""Low""","=""false"""
"=""tỷ giá iata""","=""0""","=""0""","=""3""","=""Low""","=""false"""
"=""tỷ giá ibk hôm nay""","=""0""","=""0""","=""5""","=""Low""","=""false"""
"=""tỷ giá ibk usd vnd""","=""0""","=""0""","=""5""","=""Low""","=""false"""
"=""tỷ giá iceland""","=""0""","=""0""","=""3""","=""Low""","=""false"""
"=""tỷ giá icb""","=""0""","=""0""","=""3""","=""Low""","=""false"""
"=""tỷ giá icon""","=""0""","=""0""","=""3""","=""Low""","=""false"""
"=""tỷ giá usd icbc""","=""0""","=""0""","=""4""","=""Low""","=""false"""
"=""tỷ giá hối đoái icbc""","=""0""","=""0""","=""5""","=""Low""","=""false"""
"=""tỷ giá idr sang usd""","=""0""","=""0""","=""5""","=""Low""","=""false"""
"=""tỷ giá idr vnd hôm nay""","=""0""","=""0""","=""6""","=""Low""","=""false"""
"=""tỷ giá hối đoái là igf""","=""0""","=""0""","=""6""","=""Low""","=""false"""
"=""tỷ giá inr sang usd""","=""0""","=""0""","=""5""","=""Low""","=""false"""
"=""tỷ giá hối đoái imf""","=""0""","=""0""","=""5""","=""Low""","=""false"""
"=""tỷ giá ils""","=""0""","=""0""","=""3""","=""Low""","=""false"""
"=""tỷ giá ils vnd""","=""0""","=""0""","=""4""","=""Low""","=""false"""
"=""tỷ giá iphone""","=""0""","=""0""","=""3""","=""Low""","=""false"""
"=""tỷ giá trên iphone""","=""0""","=""0""","=""4""","=""Low""","=""false"""
"=""tỷ giá irr""","=""0""","=""0""","=""3""","=""Low""","=""false"""
"=""tỷ giá iraq""","=""0""","=""0""","=""3""","=""Low""","=""false"""
"=""tỷ giá ireland""","=""0""","=""0""","=""3""","=""Low""","=""false"""
"=""tỷ giá iran và usd""","=""0""","=""0""","=""5""","=""Low""","=""false"""
"=""tỷ giá italy""","=""0""","=""0""","=""3""","=""Low""","=""false"""
"=""tỷ giá itlg""","=""0""","=""0""","=""3""","=""Low""","=""false"""
"=""tỷ giá tiền italia""","=""0""","=""0""","=""4""","=""Low""","=""false"""
"=""tỷ giá vàng trắng italy""","=""0""","=""0""","=""5""","=""Low""","=""false"""
"=""tỷ giá japanese yen""","=""0""","=""0""","=""4""","=""Low""","=""false"""
"=""tỷ giá jakarta""","=""0""","=""0""","=""3""","=""Low""","=""false"""
"=""tỷ giá jamaica""","=""0""","=""0""","=""3""","=""Low""","=""false"""
"=""tỷ giá japan vietcombank""","=""0""","=""0""","=""4""","=""Low""","=""false"""
"=""tỷ giá usd japan""","=""0""","=""0""","=""4""","=""Low""","=""false"""
"=""tỷ giá vnd japan""","=""0""","=""0""","=""4""","=""Low""","=""false"""
"=""tỷ giá jcb""","=""0""","=""0""","=""3""","=""Low""","=""false"""
"=""tỷ giá tổ chức thẻ jcb""","=""0""","=""0""","=""6""","=""Low""","=""false"""
"=""tỷ giá jd""","=""0""","=""0""","=""3""","=""Low""","=""false"""
"=""tỷ giá usd ivb""","=""0""","=""0""","=""4""","=""Low""","=""false"""
"=""tỷ giá usd ivb hôm nay""","=""0""","=""0""","=""6""","=""Low""","=""false"""
"=""tỷ giá đô ivb""","=""0""","=""0""","=""4""","=""Low""","=""false"""
"=""tỷ giá ngoại tệ ivb""","=""0""","=""0""","=""5""","=""Low""","=""false"""
"=""tỷ giá jordan""","=""0""","=""0""","=""3""","=""Low""","=""false"""
"=""tỷ giá jpy vietcombank hôm nay""","=""0""","=""0""","=""6""","=""Low""","=""false"""
"=""tỷ giá jrf""","=""0""","=""0""","=""3""","=""Low""","=""false"""
"=""tỷ giá yên jrf""","=""0""","=""0""","=""4""","=""Low""","=""false"""
"=""tỷ giá kb""","=""0""","=""0""","=""3""","=""Low""","=""false"""
"=""tỷ giá kbnn""","=""0""","=""0""","=""3""","=""Low""","=""false"""
"=""tỷ giá kbnn tháng 11 2025""","=""0""","=""0""","=""6""","=""Low""","=""false"""
"=""tỷ giá kbnn tháng 5 2025""","=""0""","=""0""","=""6""","=""Low""","=""false"""
"=""tỷ giá baht kbank""","=""0""","=""0""","=""4""","=""Low""","=""false"""
"=""tỷ giá kc""","=""0""","=""0""","=""3""","=""Low""","=""false"""
"=""tỷ giá kc hôm nay""","=""0""","=""0""","=""5""","=""Low""","=""false"""
"=""tỷ giá kc euro""","=""0""","=""0""","=""4""","=""Low""","=""false"""
"=""tỷ giá usd kc""","=""0""","=""0""","=""4""","=""Low""","=""false"""
"=""tỷ giá euro và kc""","=""0""","=""0""","=""5""","=""Low""","=""false"""
"=""tỷ giá euro sang kc""","=""0""","=""0""","=""5""","=""Low""","=""false"""
"=""tỷ giá keb""","=""0""","=""0""","=""3""","=""Low""","=""false"""
"=""tỷ giá kenya""","=""0""","=""0""","=""3""","=""Low""","=""false"""
"=""tỷ giá kes""","=""0""","=""0""","=""3""","=""Low""","=""false"""
"=""tỷ giá kế toán""","=""0""","=""0""","=""4""","=""Low""","=""false"""
"=""tỷ giá kê khai thuế nhà thầu nước ngoài""","=""0""","=""0""","=""9""","=""Low""","=""false"""
"=""tỷ giá kế toán 2026""","=""0""","=""0""","=""5""","=""Low""","=""false"""
"=""tỷ giá kê khai thuế""","=""0""","=""0""","=""5""","=""Low""","=""false"""
"=""tỷ giá kgs vnd""","=""0""","=""0""","=""4""","=""Low""","=""false"""
"=""tỷ giá kgs""","=""0""","=""0""","=""3""","=""Low""","=""false"""
"=""tỷ giá kgs usd""","=""0""","=""0""","=""4""","=""Low""","=""false"""
"=""tỷ giá khai báo hải quan hôm nay""","=""0""","=""0""","=""8""","=""Low""","=""false"""
"=""tỷ giá kip lào bidv""","=""0""","=""0""","=""5""","=""Low""","=""false"""
"=""tỷ giá klb""","=""0""","=""0""","=""3""","=""Low""","=""false"""
"=""tỷ giá koruna vnd""","=""0""","=""0""","=""4""","=""Low""","=""false"""
"=""tỷ giá kurun tại vn""","=""0""","=""0""","=""5""","=""Low""","=""false"""
"=""tỷ giá kuala lumpur""","=""0""","=""0""","=""4""","=""Low""","=""false"""
"=""tỷ giá kuala lumpur hôm nay""","=""0""","=""0""","=""6""","=""Low""","=""false"""
"=""tỷ giá kuai sang vnd""","=""0""","=""0""","=""5""","=""Low""","=""false"""
"=""tỷ giá kyrgyzstan""","=""0""","=""0""","=""3""","=""Low""","=""false"""
"=""tỷ giá kyat và usd""","=""0""","=""0""","=""5""","=""Low""","=""false"""
"=""tỷ giá kzt""","=""0""","=""0""","=""3""","=""Low""","=""false"""
"=""tỷ giá kz sang usd""","=""0""","=""0""","=""5""","=""Low""","=""false"""
"=""tỷ giá kz sang vnd""","=""0""","=""0""","=""5""","=""Low""","=""false"""
"=""tỷ giá kzt vnd""","=""0""","=""0""","=""4""","=""Low""","=""false"""
"=""tỷ giá usd kz""","=""0""","=""0""","=""4""","=""Low""","=""false"""
"=""tỷ giá laovietbank""","=""0""","=""0""","=""3""","=""Low""","=""false"""
"=""tỷ giá lak hôm nay""","=""0""","=""0""","=""5""","=""Low""","=""false"""
"=""tỷ giá lak vnd vietcombank""","=""0""","=""0""","=""5""","=""Low""","=""false"""
"=""tỷ giá leva hôm nay""","=""0""","=""0""","=""5""","=""Low""","=""false"""
"=""tỷ giá leu vnd""","=""0""","=""0""","=""4""","=""Low""","=""false"""
"=""tỷ giá lei hôm nay""","=""0""","=""0""","=""5""","=""Low""","=""false"""
"=""tỷ giá leo thang""","=""0""","=""0""","=""4""","=""Low""","=""false"""
"=""tỷ giá lei euro""","=""0""","=""0""","=""4""","=""Low""","=""false"""
"=""tỷ giá lei usd""","=""0""","=""0""","=""4""","=""Low""","=""false"""
"=""tỷ giá leu""","=""0""","=""0""","=""3""","=""Low""","=""false"""
"=""tỷ giá lfay""","=""0""","=""0""","=""3""","=""Low""","=""false"""
"=""tỷ giá lkr""","=""0""","=""0""","=""3""","=""Low""","=""false"""
"=""tỷ giá lkr usd""","=""0""","=""0""","=""4""","=""Low""","=""false"""
"=""tỷ giá lme""","=""0""","=""0""","=""3""","=""Low""","=""false"""
"=""tỷ giá lme nhôm hôm nay""","=""0""","=""0""","=""6""","=""Low""","=""false"""
"=""tỷ giá lme là gì""","=""0""","=""0""","=""5""","=""Low""","=""false"""
"=""tỷ giá loc phat bank""","=""0""","=""0""","=""5""","=""Low""","=""false"""
"=""tỷ giá london""","=""0""","=""0""","=""3""","=""Low""","=""false"""
"=""tỷ giá lpb hôm nay""","=""0""","=""0""","=""5""","=""Low""","=""false"""
"=""tỷ giá hãng tàu hapag lloyd""","=""0""","=""0""","=""6""","=""Low""","=""false"""
"=""tỷ giá lsq mỹ""","=""0""","=""0""","=""4""","=""Low""","=""false"""
"=""tỷ giá ltc""","=""0""","=""0""","=""3""","=""Low""","=""false"""
"=""tỷ giá lunc""","=""0""","=""0""","=""3""","=""Low""","=""false"""
"=""tỷ giá tiền luôn""","=""0""","=""0""","=""4""","=""Low""","=""false"""
"=""tỷ giá tiền kuala lumpur""","=""0""","=""0""","=""5""","=""Low""","=""false"""
"=""tỷ giá vàng tiến luật hôm nay""","=""0""","=""0""","=""7""","=""Low""","=""false"""
"=""tỷ giá lyra""","=""0""","=""0""","=""3""","=""Low""","=""false"""
"=""tỷ giá mc""","=""0""","=""0""","=""3""","=""Low""","=""false"""
"=""tỷ giá mexico usd""","=""0""","=""0""","=""4""","=""Low""","=""false"""
"=""tỷ giá mexico vnd""","=""0""","=""0""","=""4""","=""Low""","=""false"""
"=""tỷ giá mega""","=""0""","=""0""","=""3""","=""Low""","=""false"""
"=""tỷ giá metical vnd""","=""0""","=""0""","=""4""","=""Low""","=""false"""
"=""tỷ giá metical usd""","=""0""","=""0""","=""4""","=""Low""","=""false"""
"=""tỷ giá mexico sang usd""","=""0""","=""0""","=""5""","=""Low""","=""false"""
"=""tỷ giá đô mexico""","=""0""","=""0""","=""4""","=""Low""","=""false"""
"=""tỷ giá mg""","=""0""","=""0""","=""3""","=""Low""","=""false"""
"=""tỷ giá mid rate là gì""","=""0""","=""0""","=""6""","=""Low""","=""false"""
"=""tỷ giá miến điện""","=""0""","=""0""","=""4""","=""Low""","=""false"""
"=""tỷ giá misa""","=""0""","=""0""","=""3""","=""Low""","=""false"""
"=""tỷ giá miền bắc""","=""0""","=""0""","=""4""","=""Low""","=""false"""
"=""tỷ giá mnt""","=""0""","=""0""","=""3""","=""Low""","=""false"""
"=""tỷ giá usd mnt""","=""0""","=""0""","=""4""","=""Low""","=""false"""
"=""tỷ giá mmk hôm nay""","=""0""","=""0""","=""5""","=""Low""","=""false"""
"=""tỷ giá mmk chợ đen""","=""0""","=""0""","=""5""","=""Low""","=""false"""
"=""tỷ giá money box""","=""0""","=""0""","=""4""","=""Low""","=""false"""
"=""tỷ giá mof tháng 6 2026""","=""0""","=""0""","=""6""","=""Low""","=""false"""
"=""tỷ giá mof""","=""0""","=""0""","=""3""","=""Low""","=""false"""
"=""tỷ giá mop vnd""","=""0""","=""0""","=""4""","=""Low""","=""false"""
"=""tỷ giá mop hôm nay""","=""0""","=""0""","=""5""","=""Low""","=""false"""
"=""tỷ giá mof tháng 7 2025""","=""0""","=""0""","=""6""","=""Low""","=""false"""
"=""tỷ giá mof tháng 10 2025""","=""0""","=""0""","=""6""","=""Low""","=""false"""
"=""tỷ giá msb ngày""","=""0""","=""0""","=""4""","=""Low""","=""false"""
"=""tỷ giá myanmar hôm nay""","=""0""","=""0""","=""5""","=""Low""","=""false"""
"=""tỷ giá mxn sang usd""","=""0""","=""0""","=""5""","=""Low""","=""false"""
"=""tỷ giá mx$""","=""0""","=""0""","=""3""","=""Low""","=""false"""
"=""tỷ giá nb""","=""0""","=""0""","=""3""","=""Low""","=""false"""
"=""tỷ giá đô ncb""","=""0""","=""0""","=""4""","=""Low""","=""false"""
"=""tỷ giá euro ncb""","=""0""","=""0""","=""4""","=""Low""","=""false"""
"=""tỷ giá usd ncb hôm nay""","=""0""","=""0""","=""6""","=""Low""","=""false"""
"=""tỷ giá cad ncb""","=""0""","=""0""","=""4""","=""Low""","=""false"""
"=""tỷ giá aud ncb""","=""0""","=""0""","=""4""","=""Low""","=""false"""
"=""tỷ giá ngoại tệ ncb""","=""0""","=""0""","=""5""","=""Low""","=""false"""
"=""tỷ giá niêm yết ncb""","=""0""","=""0""","=""5""","=""Low""","=""false"""
"=""tỷ giá baht thái ncb""","=""0""","=""0""","=""5""","=""Low""","=""false"""
"=""tỷ giá nauy hôm nay""","=""0""","=""0""","=""5""","=""Low""","=""false"""
"=""tỷ giá naira usd""","=""0""","=""0""","=""4""","=""Low""","=""false"""
"=""tỷ giá nenkin""","=""0""","=""0""","=""3""","=""Low""","=""false"""
"=""tỷ giá niêm yết vpbank""","=""0""","=""0""","=""5""","=""Low""","=""false"""
"=""tỷ giá niêm yết mb""","=""0""","=""0""","=""5""","=""Low""","=""false"""
"=""tỷ giá niêm yết tpbank""","=""0""","=""0""","=""5""","=""Low""","=""false"""
"=""tỷ giá nn""","=""0""","=""0""","=""3""","=""Low""","=""false"""
"=""tỷ giá nok vnd vietcombank""","=""0""","=""0""","=""5""","=""Low""","=""false"""
"=""tỷ giá norway""","=""0""","=""0""","=""3""","=""Low""","=""false"""
"=""tỷ giá nok euro""","=""0""","=""0""","=""4""","=""Low""","=""false"""
"=""tỷ giá nonghyup""","=""0""","=""0""","=""3""","=""Low""","=""false"""
"=""tỷ giá nok sang usd""","=""0""","=""0""","=""5""","=""Low""","=""false"""
"=""tỷ giá npr""","=""0""","=""0""","=""3""","=""Low""","=""false"""
"=""tỷ giá nst""","=""0""","=""0""","=""3""","=""Low""","=""false"""
"=""tỷ giá ntn""","=""0""","=""0""","=""3""","=""Low""","=""false"""
"=""tỷ giá ntd sang usd""","=""0""","=""0""","=""5""","=""Low""","=""false"""
"=""tỷ giá nts""","=""0""","=""0""","=""3""","=""Low""","=""false"""
"=""tỷ giá nyc""","=""0""","=""0""","=""3""","=""Low""","=""false"""
"=""tỷ giá oanda là gì""","=""0""","=""0""","=""5""","=""Low""","=""false"""
"=""tỷ giá ocb""","=""0""","=""0""","=""3""","=""Low""","=""false"""
"=""tỷ giá ocb hôm nay""","=""0""","=""0""","=""5""","=""Low""","=""false"""
"=""tỷ giá ocbc""","=""0""","=""0""","=""3""","=""Low""","=""false"""
"=""tỷ giá ocb bank""","=""0""","=""0""","=""4""","=""Low""","=""false"""
"=""tỷ giá ocb usd""","=""0""","=""0""","=""4""","=""Low""","=""false"""
"=""tỷ giá oc""","=""0""","=""0""","=""3""","=""Low""","=""false"""
"=""tỷ giá oceanbank hôm nay""","=""0""","=""0""","=""5""","=""Low""","=""false"""
"=""tỷ giá ocb hiện tại""","=""0""","=""0""","=""5""","=""Low""","=""false"""
"=""tỷ giá đô ocb""","=""0""","=""0""","=""4""","=""Low""","=""false"""
"=""tỷ giá nzd techcombank""","=""0""","=""0""","=""4""","=""Low""","=""false"""
"=""tỷ giá oi rô hôm nay""","=""0""","=""0""","=""6""","=""Low""","=""false"""
"=""tỷ giá oil""","=""0""","=""0""","=""3""","=""Low""","=""false"""
"=""tỷ giá oi""","=""0""","=""0""","=""3""","=""Low""","=""false"""
"=""tỷ giá oi dô ngày hôm nay""","=""0""","=""0""","=""7""","=""Low""","=""false"""
"=""tỷ giá oi dô""","=""0""","=""0""","=""4""","=""Low""","=""false"""
"=""tỷ giá okx""","=""0""","=""0""","=""3""","=""Low""","=""false"""
"=""tỷ giá usdt okx""","=""0""","=""0""","=""4""","=""Low""","=""false"""
"=""tỷ giá đô okx""","=""0""","=""0""","=""4""","=""Low""","=""false"""
"=""tỷ giá pi network okx""","=""0""","=""0""","=""5""","=""Low""","=""false"""
"=""tỷ giá pi sàn okx""","=""0""","=""0""","=""5""","=""Low""","=""false"""
"=""tỷ giá oocl""","=""0""","=""0""","=""3""","=""Low""","=""false"""
"=""tỷ giá one""","=""0""","=""0""","=""3""","=""Low""","=""false"""
"=""tỷ giá one line""","=""0""","=""0""","=""4""","=""Low""","=""false"""
"=""tỷ giá vàng thế giới online""","=""0""","=""0""","=""6""","=""Low""","=""false"""
"=""tỷ giá oman hôm nay""","=""0""","=""0""","=""5""","=""Low""","=""false"""
"=""tỷ giá oman vnd""","=""0""","=""0""","=""4""","=""Low""","=""false"""
"=""tỷ giá omo""","=""0""","=""0""","=""3""","=""Low""","=""false"""
"=""tỷ giá order""","=""0""","=""0""","=""3""","=""Low""","=""false"""
"=""tỷ giá orbit""","=""0""","=""0""","=""3""","=""Low""","=""false"""
"=""tỷ giá vàng org""","=""0""","=""0""","=""4""","=""Low""","=""false"""
"=""tỷ giá tệ order taobao""","=""0""","=""0""","=""5""","=""Low""","=""false"""
"=""tỷ giá tệ order""","=""0""","=""0""","=""4""","=""Low""","=""false"""
"=""tỷ giá otofun""","=""0""","=""0""","=""3""","=""Low""","=""false"""
"=""tỷ giá usd otofun""","=""0""","=""0""","=""4""","=""Low""","=""false"""
"=""tỷ giá ounce""","=""0""","=""0""","=""3""","=""Low""","=""false"""
"=""tỷ giá kỳ hạn outright là gì""","=""0""","=""0""","=""7""","=""Low""","=""false"""
"=""tỷ giá pbvn""","=""0""","=""0""","=""3""","=""Low""","=""false"""
"=""tỷ giá pb""","=""0""","=""0""","=""3""","=""Low""","=""false"""
"=""tỷ giá pakistan sang vnd""","=""0""","=""0""","=""5""","=""Low""","=""false"""
"=""tỷ giá php sang usd""","=""0""","=""0""","=""5""","=""Low""","=""false"""
"=""tỷ giá pgb""","=""0""","=""0""","=""3""","=""Low""","=""false"""
"=""tỷ giá usd pgbank hôm nay""","=""0""","=""0""","=""6""","=""Low""","=""false"""
"=""tỷ giá đô pg""","=""0""","=""0""","=""4""","=""Low""","=""false"""
"=""tỷ giá usd pg""","=""0""","=""0""","=""4""","=""Low""","=""false"""
"=""tỷ giá ngoại tệ pg bank""","=""0""","=""0""","=""6""","=""Low""","=""false"""
"=""tỷ giá pkr vnd""","=""0""","=""0""","=""4""","=""Low""","=""false"""
"=""tỷ giá pkr""","=""0""","=""0""","=""3""","=""Low""","=""false"""
"=""tỷ giá pkr usd""","=""0""","=""0""","=""4""","=""Low""","=""false"""
"=""tỷ giá pln và usd""","=""0""","=""0""","=""5""","=""Low""","=""false"""
"=""tỷ giá pln hôm nay""","=""0""","=""0""","=""5""","=""Low""","=""false"""
"=""tỷ giá pl""","=""0""","=""0""","=""3""","=""Low""","=""false"""
"=""tỷ giá platinum hôm nay""","=""0""","=""0""","=""5""","=""Low""","=""false"""
"=""tỷ giá pln eur""","=""0""","=""0""","=""4""","=""Low""","=""false"""
"=""tỷ giá platinum""","=""0""","=""0""","=""3""","=""Low""","=""false"""
"=""tỷ giá euro pln""","=""0""","=""0""","=""4""","=""Low""","=""false"""
"=""tỷ giá pnl""","=""0""","=""0""","=""3""","=""Low""","=""false"""
"=""tỷ giá bạc pnj""","=""0""","=""0""","=""4""","=""Low""","=""false"""
"=""tỷ giá usd pnj""","=""0""","=""0""","=""4""","=""Low""","=""false"""
"=""tỷ giá đô pnj""","=""0""","=""0""","=""4""","=""Low""","=""false"""
"=""tỷ giá vàng nhẫn pnj""","=""0""","=""0""","=""5""","=""Low""","=""false"""
"=""tỷ giá vàng sjc pnj""","=""0""","=""0""","=""5""","=""Low""","=""false"""
"=""tỷ giá ppp""","=""0""","=""0""","=""3""","=""Low""","=""false"""
"=""tỷ giá ppp là gì""","=""0""","=""0""","=""5""","=""Low""","=""false"""
"=""tỷ giá pp""","=""0""","=""0""","=""3""","=""Low""","=""false"""
"=""tỷ giá poland vietcombank""","=""0""","=""0""","=""4""","=""Low""","=""false"""
"=""tỷ giá poland sang us""","=""0""","=""0""","=""5""","=""Low""","=""false"""
"=""tỷ giá euro pound""","=""0""","=""0""","=""4""","=""Low""","=""false"""
"=""tỷ giá po""","=""0""","=""0""","=""3""","=""Low""","=""false"""
"=""tỷ giá ps sang vnd""","=""0""","=""0""","=""5""","=""Low""","=""false"""
"=""tỷ giá ps""","=""0""","=""0""","=""3""","=""Low""","=""false"""
"=""tỷ giá pv""","=""0""","=""0""","=""3""","=""Low""","=""false"""
"=""tỷ giá pvcom""","=""0""","=""0""","=""3""","=""Low""","=""false"""
"=""tỷ giá pvc""","=""0""","=""0""","=""3""","=""Low""","=""false"""
"=""tỷ giá pvcb""","=""0""","=""0""","=""3""","=""Low""","=""false"""
"=""tỷ giá đô pvcombank""","=""0""","=""0""","=""4""","=""Low""","=""false"""
"=""tỷ giá aud pvcombank""","=""0""","=""0""","=""4""","=""Low""","=""false"""
"=""tỷ giá pub""","=""0""","=""0""","=""3""","=""Low""","=""false"""
"=""tỷ giá public bank vietnam""","=""0""","=""0""","=""5""","=""Low""","=""false"""
"=""tỷ giá pugo""","=""0""","=""0""","=""3""","=""Low""","=""false"""
"=""tỷ giá pu""","=""0""","=""0""","=""3""","=""Low""","=""false"""
"=""tỷ giá vid public bank""","=""0""","=""0""","=""5""","=""Low""","=""false"""
"=""tỷ giá usd public""","=""0""","=""0""","=""4""","=""Low""","=""false"""
"=""tỷ giá py6""","=""0""","=""0""","=""3""","=""Low""","=""false"""
"=""tỷ giá qatar hôm nay""","=""0""","=""0""","=""5""","=""Low""","=""false"""
"=""tỷ giá qar sang vnd""","=""0""","=""0""","=""5""","=""Low""","=""false"""
"=""tỷ giá riyal qatar""","=""0""","=""0""","=""4""","=""Low""","=""false"""
"=""tỷ giá đô qatar""","=""0""","=""0""","=""4""","=""Low""","=""false"""
"=""tỷ giá qpay hôm nay""","=""0""","=""0""","=""5""","=""Low""","=""false"""
"=""tỷ giá qpay""","=""0""","=""0""","=""3""","=""Low""","=""false"""
"=""tỷ giá đài tệ qpay""","=""0""","=""0""","=""5""","=""Low""","=""false"""
"=""tỷ giá qr""","=""0""","=""0""","=""3""","=""Low""","=""false"""
"=""tỷ giá quy đổi usd sang cny""","=""0""","=""0""","=""7""","=""Low""","=""false"""
"=""tỷ giá quy đổi eur sang usd""","=""0""","=""0""","=""7""","=""Low""","=""false"""
"=""tỷ giá rb""","=""0""","=""0""","=""3""","=""Low""","=""false"""
"=""tỷ giá rcl""","=""0""","=""0""","=""3""","=""Low""","=""false"""
"=""tỷ giá real brazil""","=""0""","=""0""","=""4""","=""Low""","=""false"""
"=""tỷ giá ret là gì""","=""0""","=""0""","=""5""","=""Low""","=""false"""
"=""tỷ giá real""","=""0""","=""0""","=""3""","=""Low""","=""false"""
"=""tỷ giá ret""","=""0""","=""0""","=""3""","=""Low""","=""false"""
"=""tỷ giá renminbi vnd""","=""0""","=""0""","=""4""","=""Low""","=""false"""
"=""tỷ giá rg""","=""0""","=""0""","=""3""","=""Low""","=""false"""
"=""tỷ giá romania""","=""0""","=""0""","=""3""","=""Low""","=""false"""
"=""tỷ giá robux""","=""0""","=""0""","=""3""","=""Low""","=""false"""
"=""tỷ giá ron usd""","=""0""","=""0""","=""4""","=""Low""","=""false"""
"=""tỷ giá roe""","=""0""","=""0""","=""3""","=""Low""","=""false"""
"=""tỷ giá roblox""","=""0""","=""0""","=""3""","=""Low""","=""false"""
"=""tỷ giá roe là gì""","=""0""","=""0""","=""5""","=""Low""","=""false"""
"=""tỷ giá rp idr""","=""0""","=""0""","=""4""","=""Low""","=""false"""
"=""tỷ giá rp hôm nay""","=""0""","=""0""","=""5""","=""Low""","=""false"""
"=""tỷ giá rp usd""","=""0""","=""0""","=""4""","=""Low""","=""false"""
"=""tỷ giá rp sang usd""","=""0""","=""0""","=""5""","=""Low""","=""false"""
"=""tỷ giá rpm""","=""0""","=""0""","=""3""","=""Low""","=""false"""
"=""tỷ giá rate""","=""0""","=""0""","=""3""","=""Low""","=""false"""
"=""tỷ giá rand""","=""0""","=""0""","=""3""","=""Low""","=""false"""
"=""tỷ giá rrp""","=""0""","=""0""","=""3""","=""Low""","=""false"""
"=""tỷ giá rv""","=""0""","=""0""","=""3""","=""Low""","=""false"""
"=""tỷ giá rwb""","=""0""","=""0""","=""3""","=""Low""","=""false"""
"=""tỷ giá rym""","=""0""","=""0""","=""3""","=""Low""","=""false"""
"=""tỷ giá saudi""","=""0""","=""0""","=""3""","=""Low""","=""false"""
"=""tỷ giá sac""","=""0""","=""0""","=""3""","=""Low""","=""false"""
"=""tỷ giá sa""","=""0""","=""0""","=""3""","=""Low""","=""false"""
"=""tỷ giá sar usd""","=""0""","=""0""","=""4""","=""Low""","=""false"""
"=""tỷ giá sbi vnd""","=""0""","=""0""","=""4""","=""Low""","=""false"""
"=""tỷ giá sbj""","=""0""","=""0""","=""3""","=""Low""","=""false"""
"=""tỷ giá scotland""","=""0""","=""0""","=""3""","=""Low""","=""false"""
"=""tỷ giá sc hôm nay""","=""0""","=""0""","=""5""","=""Low""","=""false"""
"=""tỷ giá tiền scotland hôm nay""","=""0""","=""0""","=""6""","=""Low""","=""false"""
"=""tỷ giá đô scb""","=""0""","=""0""","=""4""","=""Low""","=""false"""
"=""tỷ giá sdg hôm nay""","=""0""","=""0""","=""5""","=""Low""","=""false"""
"=""tỷ giá sdr hôm nay""","=""0""","=""0""","=""5""","=""Low""","=""false"""
"=""tỷ giá sdr vnd""","=""0""","=""0""","=""4""","=""Low""","=""false"""
"=""tỷ giá sea""","=""0""","=""0""","=""3""","=""Low""","=""false"""
"=""tỷ giá sentbe hôm nay""","=""0""","=""0""","=""5""","=""Low""","=""false"""
"=""tỷ giá sf""","=""0""","=""0""","=""3""","=""Low""","=""false"""
"=""tỷ giá sfr""","=""0""","=""0""","=""3""","=""Low""","=""false"""
"=""tỷ giá shekel và usd""","=""0""","=""0""","=""5""","=""Low""","=""false"""
"=""tỷ giá rsd""","=""0""","=""0""","=""3""","=""Low""","=""false"""
"=""tỷ giá slovakia""","=""0""","=""0""","=""3""","=""Low""","=""false"""
"=""tỷ giá spi""","=""0""","=""0""","=""3""","=""Low""","=""false"""
"=""tỷ giá spot""","=""0""","=""0""","=""3""","=""Low""","=""false"""
"=""tỷ giá spain vietcombank""","=""0""","=""0""","=""4""","=""Low""","=""false"""
"=""tỷ giá tiền spain""","=""0""","=""0""","=""4""","=""Low""","=""false"""
"=""tỷ giá yên spi""","=""0""","=""0""","=""4""","=""Low""","=""false"""
"=""tỷ giá som vnd""","=""0""","=""0""","=""4""","=""Low""","=""false"""
"=""tỷ giá sol""","=""0""","=""0""","=""3""","=""Low""","=""false"""
"=""tỷ giá som uzbekistan""","=""0""","=""0""","=""4""","=""Low""","=""false"""
"=""tỷ giá solana""","=""0""","=""0""","=""3""","=""Low""","=""false"""
"=""tỷ giá som""","=""0""","=""0""","=""3""","=""Low""","=""false"""
"=""tỷ giá sol usd""","=""0""","=""0""","=""4""","=""Low""","=""false"""
"=""tỷ giá sofr""","=""0""","=""0""","=""3""","=""Low""","=""false"""
"=""tỷ giá sri lanka hôm nay""","=""0""","=""0""","=""6""","=""Low""","=""false"""
"=""tỷ giá sri lanka sang vnd""","=""0""","=""0""","=""6""","=""Low""","=""false"""
"=""tỷ giá tiền sri lanka sang việt nam""","=""0""","=""0""","=""8""","=""Low""","=""false"""
"=""tỷ giá đô qua sri""","=""0""","=""0""","=""5""","=""Low""","=""false"""
"=""tỷ giá ssd""","=""0""","=""0""","=""3""","=""Low""","=""false"""
"=""tỷ giá ssb""","=""0""","=""0""","=""3""","=""Low""","=""false"""
"=""tỷ giá ssoo""","=""0""","=""0""","=""3""","=""Low""","=""false"""
"=""tỷ giá stb""","=""0""","=""0""","=""3""","=""Low""","=""false"""
"=""tỷ giá standard chartered hôm này pdf""","=""0""","=""0""","=""7""","=""Low""","=""false"""
"=""tỷ giá standard chartered exchange rate today""","=""0""","=""0""","=""7""","=""Low""","=""false"""
"=""tỷ giá svb""","=""0""","=""0""","=""3""","=""Low""","=""false"""
"=""tỷ giá vàng sjc hiện tại""","=""0""","=""0""","=""6""","=""Low""","=""false"""
"=""tỷ giá vàng sjc online""","=""0""","=""0""","=""5""","=""Low""","=""false"""
"=""tỷ giá bạc sjc""","=""0""","=""0""","=""4""","=""Low""","=""false"""
"=""tỷ giá switzerland""","=""0""","=""0""","=""3""","=""Low""","=""false"""
"=""tỷ giá swap""","=""0""","=""0""","=""3""","=""Low""","=""false"""
"=""tỷ giá sweden""","=""0""","=""0""","=""3""","=""Low""","=""false"""
"=""tỷ giá taka""","=""0""","=""0""","=""3""","=""Low""","=""false"""
"=""tỷ giá taiwan sang vnd""","=""0""","=""0""","=""5""","=""Low""","=""false"""
"=""tỷ giá syria""","=""0""","=""0""","=""3""","=""Low""","=""false"""
"=""tỷ giá franc thuy sy""","=""0""","=""0""","=""5""","=""Low""","=""false"""
"=""tỷ giá smbc hôm nay""","=""0""","=""0""","=""5""","=""Low""","=""false"""
"=""tỷ giá smbc việt nam""","=""0""","=""0""","=""5""","=""Low""","=""false"""
"=""tỷ giá tb""","=""0""","=""0""","=""3""","=""Low""","=""false"""
"=""tỷ giá tcb hiện tại""","=""0""","=""0""","=""5""","=""Low""","=""false"""
"=""tỷ giá vàng tg""","=""0""","=""0""","=""4""","=""Low""","=""false"""
"=""tỷ giá tiền ca""","=""0""","=""0""","=""4""","=""Low""","=""false"""
"=""tỷ giá tmb""","=""0""","=""0""","=""3""","=""Low""","=""false"""
"=""tỷ giá tnd""","=""0""","=""0""","=""3""","=""Low""","=""false"""
"=""tỷ giá tính thuế tncn theo thông tư 99""","=""0""","=""0""","=""9""","=""Low""","=""false"""
"=""tỷ giá tính thuế tndn""","=""0""","=""0""","=""5""","=""Low""","=""false"""
"=""tỷ giá khi tính thuế tncn""","=""0""","=""0""","=""6""","=""Low""","=""false"""
"=""tỷ giá topi""","=""0""","=""0""","=""3""","=""Low""","=""false"""
"=""tỷ giá to vnd""","=""0""","=""0""","=""4""","=""Low""","=""false"""
"=""tỷ giá to""","=""0""","=""0""","=""3""","=""Low""","=""false"""
"=""tỷ giá tl""","=""0""","=""0""","=""3""","=""Low""","=""false"""
"=""tỷ giá tq hôm nay""","=""0""","=""0""","=""5""","=""Low""","=""false"""
"=""tỷ giá tq vn""","=""0""","=""0""","=""4""","=""Low""","=""false"""
"=""tỷ giá tệ tq""","=""0""","=""0""","=""4""","=""Low""","=""false"""
"=""tỷ giá tiền tq chợ đen hôm nay""","=""0""","=""0""","=""8""","=""Low""","=""false"""
"=""tỷ giá tiền tq hôm nay""","=""0""","=""0""","=""6""","=""Low""","=""false"""
"=""tỷ giá usd sang tq""","=""0""","=""0""","=""5""","=""Low""","=""false"""
"=""tỷ giá tiền tệ tq hôm nay""","=""0""","=""0""","=""7""","=""Low""","=""false"""
"=""tỷ giá tsh""","=""0""","=""0""","=""3""","=""Low""","=""false"""
"=""tỷ giá tp hôm nay""","=""0""","=""0""","=""5""","=""Low""","=""false"""
"=""tỷ giá tpbank ngoại tệ""","=""0""","=""0""","=""5""","=""Low""","=""false"""
"=""tỷ giá tk""","=""0""","=""0""","=""3""","=""Low""","=""false"""
"=""tỷ giá turkey""","=""0""","=""0""","=""3""","=""Low""","=""false"""
"=""tỷ giá tuần qua""","=""0""","=""0""","=""4""","=""Low""","=""false"""
"=""tỷ giá tunisia""","=""0""","=""0""","=""3""","=""Low""","=""false"""
"=""tỷ giá tudo""","=""0""","=""0""","=""3""","=""Low""","=""false"""
"=""tỷ giá tuần này""","=""0""","=""0""","=""4""","=""Low""","=""false"""
"=""tỷ giá tugrik""","=""0""","=""0""","=""3""","=""Low""","=""false"""
"=""tỷ giá tuần tới""","=""0""","=""0""","=""4""","=""Low""","=""false"""
"=""tỷ giá turkish lira""","=""0""","=""0""","=""4""","=""Low""","=""false"""
"=""tỷ giá tvb""","=""0""","=""0""","=""3""","=""Low""","=""false"""
"=""tỷ giá tts là gì""","=""0""","=""0""","=""5""","=""Low""","=""false"""
"=""tỷ giá ttm""","=""0""","=""0""","=""3""","=""Low""","=""false"""
"=""tỷ giá ttb là gì""","=""0""","=""0""","=""5""","=""Low""","=""false"""
"=""tỷ giá ttb""","=""0""","=""0""","=""3""","=""Low""","=""false"""
"=""tỷ giá tts""","=""0""","=""0""","=""3""","=""Low""","=""false"""
"=""tỷ giá tt""","=""0""","=""0""","=""3""","=""Low""","=""false"""
"=""tỷ giá tt là gì""","=""0""","=""0""","=""5""","=""Low""","=""false"""
"=""tỷ giá usd tt tự do""","=""0""","=""0""","=""6""","=""Low""","=""false"""
"=""tỷ giá theo tt 99 2025""","=""0""","=""0""","=""6""","=""Low""","=""false"""
"=""tỷ giá twd bidv""","=""0""","=""0""","=""4""","=""Low""","=""false"""
"=""tỷ giá công ty""","=""0""","=""0""","=""4""","=""Low""","=""false"""
"=""tỷ giá tzs vnd""","=""0""","=""0""","=""4""","=""Low""","=""false"""
"=""tỷ giá usd tzs""","=""0""","=""0""","=""4""","=""Low""","=""false"""
"=""tỷ giá úd cho den hom nay""","=""0""","=""0""","=""7""","=""Low""","=""false"""
"=""tỷ giá úd cho den""","=""0""","=""0""","=""5""","=""Low""","=""false"""
"=""tỷ giá úd úc""","=""0""","=""0""","=""4""","=""Low""","=""false"""
"=""tỷ giá úd úc hôm nay""","=""0""","=""0""","=""6""","=""Low""","=""false"""
"=""tỷ giá úd ngày hôm nay""","=""0""","=""0""","=""6""","=""Low""","=""false"""
"=""tỷ giá ua""","=""0""","=""0""","=""3""","=""Low""","=""false"""
"=""tỷ giá uah usd""","=""0""","=""0""","=""4""","=""Low""","=""false"""
"=""tỷ giá uah vnd""","=""0""","=""0""","=""4""","=""Low""","=""false"""
"=""tỷ giá uganda""","=""0""","=""0""","=""3""","=""Low""","=""false"""
"=""tỷ giá uj""","=""0""","=""0""","=""3""","=""Low""","=""false"""
"=""tỷ giá uk vnd""","=""0""","=""0""","=""4""","=""Low""","=""false"""
"=""tỷ giá bảng uk""","=""0""","=""0""","=""4""","=""Low""","=""false"""
"=""tỷ giá đô uk""","=""0""","=""0""","=""4""","=""Low""","=""false"""
"=""tỷ giá đô western union""","=""0""","=""0""","=""5""","=""Low""","=""false"""
"=""tỷ giá euro western union""","=""0""","=""0""","=""5""","=""Low""","=""false"""
"=""tỷ giá aud western union""","=""0""","=""0""","=""5""","=""Low""","=""false"""
"=""tỷ giá usd vnd western union""","=""0""","=""0""","=""6""","=""Low""","=""false"""
"=""tỷ giá utc""","=""0""","=""0""","=""3""","=""Low""","=""false"""
"=""tỷ giá uzs""","=""0""","=""0""","=""3""","=""Low""","=""false"""
"=""tỷ giá uzb""","=""0""","=""0""","=""3""","=""Low""","=""false"""
"=""tỷ giá na uy""","=""0""","=""0""","=""4""","=""Low""","=""false"""
"=""tỷ giá đô na uy""","=""0""","=""0""","=""5""","=""Low""","=""false"""
"=""tỷ giá vdb""","=""0""","=""0""","=""3""","=""Low""","=""false"""
"=""tỷ giá vfs""","=""0""","=""0""","=""3""","=""Low""","=""false"""
"=""tỷ giá ves""","=""0""","=""0""","=""3""","=""Low""","=""false"""
"=""tỷ giá venezuela usd""","=""0""","=""0""","=""4""","=""Low""","=""false"""
"=""tỷ giá vé máy bay""","=""0""","=""0""","=""5""","=""Low""","=""false"""
"=""tỷ giá vé""","=""0""","=""0""","=""3""","=""Low""","=""false"""
"=""tỷ giá vnd venezuela""","=""0""","=""0""","=""4""","=""Low""","=""false"""
"=""tỷ giá vhm""","=""0""","=""0""","=""3""","=""Low""","=""false"""
"=""tỷ giá vo""","=""0""","=""0""","=""3""","=""Low""","=""false"""
"=""tỷ giá vov""","=""0""","=""0""","=""3""","=""Low""","=""false"""
"=""tỷ giá usd voi vnd""","=""0""","=""0""","=""5""","=""Low""","=""false"""
"=""tỷ giá đô voz""","=""0""","=""0""","=""4""","=""Low""","=""false"""
"=""tỷ giá usd chợ đen voz""","=""0""","=""0""","=""6""","=""Low""","=""false"""
"=""tỷ giá vbb""","=""0""","=""0""","=""3""","=""Low""","=""false"""
"=""tỷ giá krw vs vnd""","=""0""","=""0""","=""5""","=""Low""","=""false"""
"=""tỷ giá cad vs usd""","=""0""","=""0""","=""5""","=""Low""","=""false"""
"=""tỷ giá aud vs vnd""","=""0""","=""0""","=""5""","=""Low""","=""false"""
"=""tỷ giá usd vrb""","=""0""","=""0""","=""4""","=""Low""","=""false"""
"=""tỷ giá rub vnd vrb""","=""0""","=""0""","=""5""","=""Low""","=""false"""
"=""tỷ giá vpbank hiện tại""","=""0""","=""0""","=""5""","=""Low""","=""false"""
"=""tỷ giá vpbank won""","=""0""","=""0""","=""4""","=""Low""","=""false"""
"=""tỷ giá uv""","=""0""","=""0""","=""3""","=""Low""","=""false"""
"=""tỷ giá uv là gì""","=""0""","=""0""","=""5""","=""Low""","=""false"""
"=""tỷ giá wanhai""","=""0""","=""0""","=""3""","=""Low""","=""false"""
"=""tỷ giá wc""","=""0""","=""0""","=""3""","=""Low""","=""false"""
"=""tỷ giá wc hôm nay""","=""0""","=""0""","=""5""","=""Low""","=""false"""
"=""tỷ giá win vnd""","=""0""","=""0""","=""4""","=""Low""","=""false"""
"=""tỷ giá win hôm nay""","=""0""","=""0""","=""5""","=""Low""","=""false"""
"=""tỷ giá wise usd""","=""0""","=""0""","=""4""","=""Low""","=""false"""
"=""tỷ giá wise aud""","=""0""","=""0""","=""4""","=""Low""","=""false"""
"=""tỷ giá wiki""","=""0""","=""0""","=""3""","=""Low""","=""false"""
"=""tỷ giá đô wise""","=""0""","=""0""","=""4""","=""Low""","=""false"""
"=""tỷ giá web""","=""0""","=""0""","=""3""","=""Low""","=""false"""
"=""tỷ giá webgia""","=""0""","=""0""","=""3""","=""Low""","=""false"""
"=""tỷ giá web bidv""","=""0""","=""0""","=""4""","=""Low""","=""false"""
"=""tỷ giá wechat""","=""0""","=""0""","=""3""","=""Low""","=""false"""
"=""tỷ giá wechat hôm nay""","=""0""","=""0""","=""5""","=""Low""","=""false"""
"=""tỷ giá web mbbank""","=""0""","=""0""","=""4""","=""Low""","=""false"""
"=""tỷ giá web tpbank""","=""0""","=""0""","=""4""","=""Low""","=""false"""
"=""tỷ giá wld""","=""0""","=""0""","=""3""","=""Low""","=""false"""
"=""tỷ giá xag usd""","=""0""","=""0""","=""4""","=""Low""","=""false"""
"=""tỷ giá xau usd hôm nay""","=""0""","=""0""","=""6""","=""Low""","=""false"""
"=""tỷ giá xau hôm nay""","=""0""","=""0""","=""5""","=""Low""","=""false"""
"=""tỷ giá xag""","=""0""","=""0""","=""3""","=""Low""","=""false"""
"=""tỷ giá xau vnd""","=""0""","=""0""","=""4""","=""Low""","=""false"""
"=""tỷ giá xaf""","=""0""","=""0""","=""3""","=""Low""","=""false"""
"=""tỷ giá đô xinh""","=""0""","=""0""","=""4""","=""Low""","=""false"""
"=""tỷ giá xof""","=""0""","=""0""","=""3""","=""Low""","=""false"""
"=""tỷ giá xoom""","=""0""","=""0""","=""3""","=""Low""","=""false"""
"=""tỷ giá xổ số miền nam""","=""0""","=""0""","=""6""","=""Low""","=""false"""
"=""tỷ giá xổ số miền bắc""","=""0""","=""0""","=""6""","=""Low""","=""false"""
"=""tỷ giá xe là gì""","=""0""","=""0""","=""5""","=""Low""","=""false"""
"=""tỷ giá usd xe""","=""0""","=""0""","=""4""","=""Low""","=""false"""
"=""tỷ giá euro xe""","=""0""","=""0""","=""4""","=""Low""","=""false"""
"=""tỷ giá yên xe""","=""0""","=""0""","=""4""","=""Low""","=""false"""
"=""tỷ giá đài tệ xe""","=""0""","=""0""","=""5""","=""Low""","=""false"""
"=""tỷ giá xrp hôm nay""","=""0""","=""0""","=""5""","=""Low""","=""false"""
"=""tỷ giá xrp""","=""0""","=""0""","=""3""","=""Low""","=""false"""
"=""tỷ giá xuất hóa đơn hàng xuất khẩu năm 2026""","=""0""","=""0""","=""10""","=""Low""","=""false"""
"=""tỷ giá yangming""","=""0""","=""0""","=""3""","=""Low""","=""false"""
"=""tỷ giá yên nhật yahoo vnd""","=""0""","=""0""","=""6""","=""Low""","=""false"""
"=""tỷ giá ync""","=""0""","=""0""","=""3""","=""Low""","=""false"""
"=""tỷ giá youtube""","=""0""","=""0""","=""3""","=""Low""","=""false"""
"=""tỷ giá yuan sang vnd""","=""0""","=""0""","=""5""","=""Low""","=""false"""
"=""tỷ giá yucho""","=""0""","=""0""","=""3""","=""Low""","=""false"""
"=""tỷ giá usd và yuan""","=""0""","=""0""","=""5""","=""Low""","=""false"""
"=""tỷ giá zelle""","=""0""","=""0""","=""3""","=""Low""","=""false"""
"=""tỷ giá new zealand acb""","=""0""","=""0""","=""5""","=""Low""","=""false"""
"=""tỷ giá zar vnd""","=""0""","=""0""","=""4""","=""Low""","=""false"""
"=""tỷ giá zambia""","=""0""","=""0""","=""3""","=""Low""","=""false"""
"=""tỷ giá zar usd""","=""0""","=""0""","=""4""","=""Low""","=""false"""
"=""tỷ giá zalo""","=""0""","=""0""","=""3""","=""Low""","=""false"""
"=""tỷ giá cny zalopay""","=""0""","=""0""","=""4""","=""Low""","=""false"""
"=""tỷ giá tệ zalopay hôm nay""","=""0""","=""0""","=""6""","=""Low""","=""false"""
"=""tỷ giá zim""","=""0""","=""0""","=""3""","=""Low""","=""false"""
"=""tỷ giá zimbabwe hôm nay""","=""0""","=""0""","=""5""","=""Low""","=""false"""
"=""tỷ giá dollar zimbabwe""","=""0""","=""0""","=""4""","=""Low""","=""false"""
"=""tỷ giá hãng tàu zim""","=""0""","=""0""","=""5""","=""Low""","=""false"""
"=""tỷ giá zloty và euro""","=""0""","=""0""","=""5""","=""Low""","=""false"""
"=""tỷ giá zl usd hôm nay""","=""0""","=""0""","=""6""","=""Low""","=""false"""
"=""tỷ giá zl hôm nay""","=""0""","=""0""","=""5""","=""Low""","=""false"""
"=""tỷ giá zotye""","=""0""","=""0""","=""3""","=""Low""","=""false"""
"=""tỷ giá zua""","=""0""","=""0""","=""3""","=""Low""","=""false"""
"=""tỷ giá zt và euro""","=""0""","=""0""","=""5""","=""Low""","=""false"""
"=""tỷ giá zt và usd""","=""0""","=""0""","=""5""","=""Low""","=""false"""
"=""tỷ giá usd zt""","=""0""","=""0""","=""4""","=""Low""","=""false"""
"=""tỷ giá quy đổi rmb sang usd""","=""0""","=""0""","=""7""","=""Low""","=""false"""
"=""tỷ giá 100 đô hôm nay""","=""0""","=""0""","=""6""","=""Low""","=""false"""
"=""tỷ giá 1usd vnd""","=""0""","=""0""","=""4""","=""Low""","=""false"""
"=""tỷ giá tháng 01 2026""","=""0""","=""0""","=""5""","=""Low""","=""false"""
"=""tỷ giá usd 01 2025""","=""0""","=""0""","=""5""","=""Low""","=""false"""
"=""tỷ giá tháng 06 2025""","=""0""","=""0""","=""5""","=""Low""","=""false"""
"=""tỷ giá tháng 01 2025""","=""0""","=""0""","=""5""","=""Low""","=""false"""
"=""tỷ giá 30 09""","=""0""","=""0""","=""4""","=""Low""","=""false"""
"=""tỷ giá $ tháng 02 2026""","=""0""","=""0""","=""6""","=""Low""","=""false"""
"=""tỷ giá 4 9""","=""0""","=""0""","=""4""","=""Low""","=""false"""
"=""tỷ giá 50000 won""","=""0""","=""0""","=""4""","=""Low""","=""false"""
"=""tỷ giá 50 euro""","=""0""","=""0""","=""4""","=""Low""","=""false"""
"=""tỷ giá 50 usd""","=""0""","=""0""","=""4""","=""Low""","=""false"""
"=""tỷ giá 50 đô úc""","=""0""","=""0""","=""5""","=""Low""","=""false"""
"=""tỷ giá 500 usd""","=""0""","=""0""","=""4""","=""Low""","=""false"""
"=""tỷ giá 5 1 2026""","=""0""","=""0""","=""5""","=""Low""","=""false"""
"=""tỷ giá 5000 won""","=""0""","=""0""","=""4""","=""Low""","=""false"""
"=""tỷ giá usd 7 ngày qua""","=""0""","=""0""","=""6""","=""Low""","=""false"""
"=""tỷ giá vàng 750 hôm nay""","=""0""","=""0""","=""6""","=""Low""","=""false"""
"=""tỷ giá tháng 7 2025 bộ tài chính""","=""0""","=""0""","=""8""","=""Low""","=""false"""
"=""tỷ giá 86""","=""0""","=""0""","=""3""","=""Low""","=""false"""
"=""tỷ giá 88""","=""0""","=""0""","=""3""","=""Low""","=""false"""
"=""tỷ giá 8 12""","=""0""","=""0""","=""4""","=""Low""","=""false"""
"=""tỷ giá 8 4""","=""0""","=""0""","=""4""","=""Low""","=""false"""
"=""tỷ giá 8 1 2026""","=""0""","=""0""","=""5""","=""Low""","=""false"""
"=""tỷ giá 6 tháng cuối năm 2026 bhxh""","=""0""","=""0""","=""8""","=""Low""","=""false"""
"=""tỷ giá 6 tháng cuối năm 2026""","=""0""","=""0""","=""7""","=""Low""","=""false"""
"=""tỷ giá 6 tháng đầu năm 2026 bhxh""","=""0""","=""0""","=""8""","=""Low""","=""false"""
"=""tỷ giá 680""","=""0""","=""0""","=""3""","=""Low""","=""false"""
"=""tỷ giá 6 tháng cuối năm 2025 bhxh""","=""0""","=""0""","=""8""","=""Low""","=""false"""
"=""tỷ giá 6 tháng đầu năm""","=""0""","=""0""","=""6""","=""Low""","=""false"""
"=""tỷ giá 9 6""","=""0""","=""0""","=""4""","=""Low""","=""false"""
"=""tỷ giá 9 4""","=""0""","=""0""","=""4""","=""Low""","=""false"""
"=""tỷ giá 9999""","=""0""","=""0""","=""3""","=""Low""","=""false"""
"=""tỷ giá 9 12""","=""0""","=""0""","=""4""","=""Low""","=""false"""
"=""tỷ giá 9 3""","=""0""","=""0""","=""4""","=""Low""","=""false"""
"=""tỷ giá 99""","=""0""","=""0""","=""3""","=""Low""","=""false"""
"=""tỷ giá là gì tiếng anh""","=""0""","=""0""","=""6""","=""Low""","=""false"""
"=""tỷ giá nào cao nhất""","=""0""","=""0""","=""5""","=""Low""","=""false"""
"=""tỷ giá nào dùng để đánh giá lại khoản phải thu khách hàng có gốc ngoại tệ cuối kỳ""","=""0""","=""0""","=""19""","=""Low""","=""false"""
"=""tỷ giá nào được dùng để tính giá trị hàng nhập khẩu đối với phần tiền đã ứng trước cho nhà cung cấp""","=""0""","=""0""","=""23""","=""Low""","=""false"""
"=""tỷ giá nào""","=""0""","=""0""","=""3""","=""Low""","=""false"""
"=""tỷ giá nào lớn nhất thế giới""","=""0""","=""0""","=""7""","=""Low""","=""false"""
"=""tỷ giá nước nào thấp nhất""","=""0""","=""0""","=""6""","=""Low""","=""false"""
"=""tỷ giá như thế nào""","=""0""","=""0""","=""5""","=""Low""","=""false"""
"=""tỷ giá tính thế nào""","=""0""","=""0""","=""5""","=""Low""","=""false"""
"=""tỷ giá ảnh hưởng thế nào đến nền kinh tế""","=""0""","=""0""","=""10""","=""Low""","=""false"""
"=""tỷ giá viết như thế nào""","=""0""","=""0""","=""6""","=""Low""","=""false"""
"=""tỷ giá hôm nay thế nào""","=""0""","=""0""","=""6""","=""Low""","=""false"""
"=""tỷ giá usd như thế nào""","=""0""","=""0""","=""6""","=""Low""","=""false"""
"=""tỷ giá thay đổi như thế nào""","=""0""","=""0""","=""7""","=""Low""","=""false"""
"=""tỷ giá được tính như thế nào""","=""0""","=""0""","=""7""","=""Low""","=""false"""
"=""tỷ giá usd hôm nay thế nào""","=""0""","=""0""","=""7""","=""Low""","=""false"""
"=""tỷ giá tiền bao nhiêu""","=""0""","=""0""","=""5""","=""Low""","=""false"""
"=""tỷ giá bao nhiêu số 0""","=""0""","=""0""","=""6""","=""Low""","=""false"""
"=""tỷ giá bao nhiêu tuổi""","=""0""","=""0""","=""5""","=""Low""","=""false"""
"=""tỷ giá usd bao nhiêu rúp""","=""0""","=""0""","=""6""","=""Low""","=""false"""
"=""tỷ giá tệ bao nhiêu""","=""0""","=""0""","=""5""","=""Low""","=""false"""
"=""tỷ giá yên bao nhiêu""","=""0""","=""0""","=""5""","=""Low""","=""false"""
"=""tỷ giá won bao nhiêu""","=""0""","=""0""","=""5""","=""Low""","=""false"""
"=""tỷ giá của vietcombank hôm nay""","=""0""","=""0""","=""6""","=""Low""","=""false"""
"=""tỷ giá trên tờ khai hải quan xuất khẩu là tỷ giá nào""","=""0""","=""0""","=""13""","=""Low""","=""false"""
"=""tỷ giá trên hóa đơn xuất khẩu là tỷ giá nào""","=""0""","=""0""","=""11""","=""Low""","=""false"""
"=""tỷ giá trên tờ khai xuất khẩu""","=""0""","=""0""","=""7""","=""Low""","=""false"""
"=""tỷ giá trên hóa đơn điện tử""","=""0""","=""0""","=""7""","=""Low""","=""false"""
"=""tỷ giá phụ thuộc vào yếu tố nào""","=""0""","=""0""","=""8""","=""Low""","=""false"""
"=""tỷ giá usd phụ thuộc vào yếu tố nào""","=""0""","=""0""","=""9""","=""Low""","=""false"""
"=""tỷ giá hối đoái thuộc về""","=""0""","=""0""","=""6""","=""Low""","=""false"""
"=""tỷ giá hối đoái thuộc về chính sách nào""","=""0""","=""0""","=""9""","=""Low""","=""false"""
"=""tỷ giá hối đoái phụ thuộc vào""","=""0""","=""0""","=""7""","=""Low""","=""false"""
"=""tỷ giá ngoại tệ phụ thuộc vào yếu tố nào""","=""0""","=""0""","=""10""","=""Low""","=""false"""
"=""tỷ giá trong kế toán""","=""0""","=""0""","=""5""","=""Low""","=""false"""
"=""tỷ giá trong nước""","=""0""","=""0""","=""4""","=""Low""","=""false"""
"=""tỷ giá trong ngày""","=""0""","=""0""","=""4""","=""Low""","=""false"""
"=""tỷ giá trong năm 2025""","=""0""","=""0""","=""5""","=""Low""","=""false"""
"=""tỷ giá trong tiếng nhật""","=""0""","=""0""","=""5""","=""Low""","=""false"""
"=""tỷ giá trong tiếng hàn""","=""0""","=""0""","=""5""","=""Low""","=""false"""
"=""tỷ giá từ usd sang rmb""","=""0""","=""0""","=""6""","=""Low""","=""false"""
"=""tỷ giá từ eur sang usd""","=""0""","=""0""","=""6""","=""Low""","=""false"""
"=""tỷ giá từ usd sang vnd""","=""0""","=""0""","=""6""","=""Low""","=""false"""
"=""tỷ giá từ tệ sang đô""","=""0""","=""0""","=""6""","=""Low""","=""false"""
"=""tỷ giá từ usd sang won""","=""0""","=""0""","=""6""","=""Low""","=""false"""
"=""tỷ giá từ đầu năm""","=""0""","=""0""","=""5""","=""Low""","=""false"""
"=""tỷ giá từ tệ sang usd""","=""0""","=""0""","=""6""","=""Low""","=""false"""
"=""tỷ giá từ sgd sang usd""","=""0""","=""0""","=""6""","=""Low""","=""false"""
"=""tỷ giá với vnd""","=""0""","=""0""","=""4""","=""Low""","=""false"""
"=""tỷ giá usd với rúp nga""","=""0""","=""0""","=""6""","=""Low""","=""false"""
"=""tỷ giá có được làm tròn không""","=""0""","=""0""","=""7""","=""Low""","=""false"""
"=""tỷ giá có xu hướng tăng hay giảm""","=""0""","=""0""","=""8""","=""Low""","=""false"""
"=""tỷ giá có nghĩa là gì""","=""0""","=""0""","=""6""","=""Low""","=""false"""
"=""tỷ giá có thay đổi trong ngày không""","=""0""","=""0""","=""8""","=""Low""","=""false"""
"=""tỷ giá có tác dụng gì""","=""0""","=""0""","=""6""","=""Low""","=""false"""
"=""tỷ giá có kỳ hạn""","=""0""","=""0""","=""5""","=""Low""","=""false"""
"=""tỷ giá yên có tăng không""","=""0""","=""0""","=""6""","=""Low""","=""false"""
"=""tỷ giá để tính thuế nhà thầu""","=""0""","=""0""","=""7""","=""Low""","=""false"""
"=""tỷ giá để xuất hóa đơn""","=""0""","=""0""","=""6""","=""Low""","=""false"""
"=""tỷ giá để xuất hóa đơn xuất khẩu""","=""0""","=""0""","=""8""","=""Low""","=""false"""
"=""tỷ giá quy đổi để tính thuế nhà thầu""","=""0""","=""0""","=""9""","=""Low""","=""false"""
"=""tỷ giá hối đoái dùng để tính thuế nhập khẩu""","=""0""","=""0""","=""10""","=""Low""","=""false"""
"=""tỷ giá hải quan dùng để làm gì""","=""0""","=""0""","=""8""","=""Low""","=""false"""
"=""tỷ giá $ không""","=""0""","=""0""","=""4""","=""Low""","=""false"""
"=""tỷ giá hàng không hôm nay""","=""0""","=""0""","=""6""","=""Low""","=""false"""
"=""tỷ giá hàng không""","=""0""","=""0""","=""4""","=""Low""","=""false"""
"=""tỷ giá usd hàng không""","=""0""","=""0""","=""5""","=""Low""","=""false"""
"=""tỷ giá won có tăng không""","=""0""","=""0""","=""6""","=""Low""","=""false"""
"=""tỷ giá euro có giảm không""","=""0""","=""0""","=""6""","=""Low""","=""false"""
"=""tỷ giá man có tăng không""","=""0""","=""0""","=""6""","=""Low""","=""false"""
"=""tỷ giá đô có lên không""","=""0""","=""0""","=""6""","=""Low""","=""false"""
"=""tỷ giá vàng so với usd""","=""0""","=""0""","=""6""","=""Low""","=""false"""
"=""tỷ giá yên so với vnd""","=""0""","=""0""","=""6""","=""Low""","=""false"""
"=""vcb tỷ giá""","=""22200""","=""0""","=""3""","=""Low""","=""false"""
"=""vietcombank tỷ giá""","=""22200""","=""0""","=""3""","=""Low""","=""false"""
"=""vcb ty gia""","=""3600""","=""0""","=""3""","=""Low""","=""false"""
"=""acb ty gia""","=""2400""","=""0""","=""3""","=""Low""","=""false"""
"=""bidv ty gia""","=""2400""","=""0""","=""3""","=""Low""","=""false"""
"=""đổi tỷ giá""","=""1600""","=""0""","=""3""","=""Low""","=""false"""
"=""techcombank ty gia""","=""1300""","=""0""","=""3""","=""Low""","=""false"""
"=""techcombank tỷ giá""","=""1300""","=""0""","=""3""","=""Low""","=""false"""
"=""vietinbank tỷ giá""","=""1000""","=""0""","=""3""","=""Low""","=""false"""
"=""giá vàng tỷ giá""","=""880""","=""0""","=""4""","=""Low""","=""true"""
"=""quy đổi tỷ giá""","=""720""","=""0""","=""4""","=""Low""","=""false"""
"=""biểu đồ tỷ giá usd""","=""590""","=""0""","=""5""","=""Low""","=""false"""
"=""vpbank tỷ giá""","=""590""","=""0""","=""3""","=""Low""","=""false"""
"=""đổi tỷ giá usd""","=""590""","=""0""","=""4""","=""Low""","=""false"""
"=""euro tỷ giá""","=""480""","=""0""","=""3""","=""Low""","=""false"""
"=""msb tỷ giá""","=""480""","=""0""","=""3""","=""Low""","=""true"""
"=""chuyển đổi tỷ giá""","=""390""","=""0""","=""4""","=""Low""","=""false"""
"=""hsbc ty gia""","=""390""","=""0""","=""3""","=""Low""","=""false"""
"=""hsbc tỷ giá""","=""390""","=""0""","=""3""","=""Low""","=""false"""
"=""usd tỷ giá""","=""390""","=""0""","=""3""","=""Low""","=""false"""
"=""dcom ty gia""","=""320""","=""0""","=""3""","=""Low""","=""false"""
"=""dcom tỷ giá""","=""320""","=""0""","=""3""","=""Low""","=""false"""
"=""tiệm vàng hà tâm tỷ giá""","=""320""","=""0""","=""6""","=""Low""","=""false"""
"=""vib ty gia""","=""320""","=""0.01""","=""3""","=""Low""","=""false"""
"=""vib tỷ giá""","=""320""","=""0.01""","=""3""","=""Low""","=""false"""
"=""biểu đồ tỷ giá euro""","=""260""","=""0""","=""5""","=""Low""","=""false"""
"=""web tỷ giá""","=""260""","=""0""","=""3""","=""Low""","=""false"""
"=""giá vàng tỷ giá đô la""","=""210""","=""0""","=""6""","=""Low""","=""false"""
"=""biểu đồ tỷ giá usd vnd""","=""170""","=""0""","=""6""","=""Low""","=""false"""
"=""naver tỷ giá""","=""170""","=""0""","=""3""","=""Low""","=""false"""
"=""quy đổi tỷ giá usd""","=""170""","=""0""","=""5""","=""Low""","=""false"""
"=""hải hà tỷ giá""","=""140""","=""0.94""","=""4""","=""Low""","=""false"""
"=""biểu đồ tỷ giá cad vnd""","=""110""","=""0""","=""6""","=""Low""","=""false"""
"=""biểu đồ tỷ giá usd vnd vietcombank""","=""110""","=""0""","=""7""","=""Low""","=""false"""
"=""doi ty gia""","=""110""","=""0""","=""3""","=""Low""","=""true"""
"=""đổi tỷ giá won""","=""110""","=""0""","=""4""","=""Low""","=""false"""
"=""biến động tỷ giá""","=""90""","=""0""","=""4""","=""Low""","=""false"""
"=""biểu đồ tỷ giá vàng""","=""70""","=""0""","=""5""","=""Low""","=""false"""
"=""bảng tỷ giá ngoại tệ""","=""70""","=""0""","=""5""","=""Low""","=""false"""
"=""naver tỷ giá won""","=""70""","=""0""","=""4""","=""Low""","=""false"""
"=""xu hướng tỷ giá usd""","=""70""","=""0""","=""5""","=""Low""","=""false"""
"=""đổi tỷ giá nhân dân tệ""","=""70""","=""0""","=""6""","=""Low""","=""false"""
"=""sbi tỷ giá""","=""50""","=""0""","=""3""","=""Low""","=""false"""
"=""dự đoán tỷ giá usd""","=""50""","=""0""","=""5""","=""Low""","=""false"""
"=""naver tỷ giá usd""","=""50""","=""0""","=""4""","=""Low""","=""true"""
"=""tại sao tỷ giá usd tăng mạnh hôm nay""","=""40""","=""0""","=""9""","=""Low""","=""false"""
"=""biểu đồ tỷ giá aud vnd""","=""30""","=""0""","=""6""","=""Low""","=""false"""
"=""so sánh tỷ giá""","=""30""","=""0""","=""4""","=""Low""","=""false"""
"=""biểu đồ tỷ giá won""","=""20""","=""0""","=""5""","=""Low""","=""true"""
"=""tình hình tỷ giá usd""","=""20""","=""0""","=""5""","=""Low""","=""false"""
"=""hedging tỷ giá là gì""","=""20""","=""0""","=""5""","=""Low""","=""false"""
"=""tại sao tỷ giá usd giảm""","=""20""","=""0""","=""6""","=""Low""","=""false"""
"=""tại sao tỷ giá usd tăng mạnh""","=""20""","=""0""","=""7""","=""Low""","=""false"""
"=""điểm tỷ giá là gì""","=""20""","=""0""","=""5""","=""Low""","=""false"""
"=""biểu đó tỷ giá usd chợ đen""","=""10""","=""0""","=""7""","=""Low""","=""false"""
"=""biểu đồ tỷ giá eur usd""","=""10""","=""0""","=""6""","=""Low""","=""true"""
"=""biểu đồ tỷ giá jpy vnd""","=""10""","=""0""","=""6""","=""Low""","=""false"""
"=""bài tập tỷ giá hối đoái có đáp an""","=""10""","=""0""","=""9""","=""Low""","=""false"""
"=""cách xác định tỷ giá mua và tỷ giá bán""","=""10""","=""0""","=""10""","=""Low""","=""false"""
"=""diễn biến tỷ giá usd vnd năm 2022""","=""10""","=""0""","=""8""","=""Low""","=""false"""
"=""dự đoán tỷ giá euro""","=""10""","=""0""","=""5""","=""Low""","=""false"""
"=""hai ha ty gia""","=""10""","=""0""","=""4""","=""Low""","=""false"""
"=""lịch sử tỷ giá nhân dân tệ""","=""10""","=""0""","=""7""","=""Low""","=""false"""
"=""ví dụ về tỷ giá hối đoái""","=""10""","=""0""","=""7""","=""Low""","=""false"""
"=""hedging tỷ giá""","=""10""","=""0""","=""3""","=""Low""","=""false"""
"=""vì sao tỷ giá usd giảm""","=""10""","=""0""","=""6""","=""Low""","=""false"""
"=""vì sao tỷ giá usd tăng""","=""10""","=""0""","=""6""","=""Low""","=""false"""
"=""vì sao tỷ giá euro giảm""","=""10""","=""0""","=""6""","=""Low""","=""false"""
"=""vì sao tỷ giá usd vnd tăng trở lại""","=""10""","=""0""","=""9""","=""Low""","=""false"""
"=""vì sao tỷ giá tăng""","=""10""","=""0""","=""5""","=""Low""","=""false"""
"=""vì sao tỷ giá usd tăng cao""","=""10""","=""0""","=""7""","=""Low""","=""false"""
"=""tại sao tỷ giá yên nhật lại giảm""","=""10""","=""0""","=""8""","=""Low""","=""false"""
"=""tại sao tỷ giá đô úc tăng""","=""10""","=""0""","=""7""","=""Low""","=""false"""
"=""tại sao tỷ giá usd tăng""","=""10""","=""0""","=""6""","=""Low""","=""false"""
"=""tại sao tỷ giá euro tăng""","=""10""","=""0""","=""6""","=""Low""","=""false"""
"=""thế nào là tỷ giá hối đoái""","=""10""","=""0""","=""7""","=""Low""","=""false"""
"=""so sánh tỷ giá usd""","=""10""","=""0""","=""5""","=""Low""","=""false"""
"=""chênh lệch tỷ giá amis""","=""0""","=""0""","=""5""","=""Low""","=""false"""
"=""ddooir tỷ giá""","=""0""","=""0""","=""3""","=""Low""","=""false"""
"=""xem tỷ giá trên ecus""","=""0""","=""0""","=""5""","=""Low""","=""false"""
"=""gap tỷ giá là gì""","=""0""","=""0""","=""5""","=""Low""","=""false"""
"=""gme tỷ giá""","=""0""","=""0""","=""3""","=""Low""","=""false"""
"=""tra cứu tỷ giá ibk""","=""0""","=""0""","=""5""","=""Low""","=""false"""
"=""tra tỷ giá icbc""","=""0""","=""0""","=""4""","=""Low""","=""false"""
"=""đổi tỷ giá trên iphone""","=""0""","=""0""","=""5""","=""Low""","=""false"""
"=""luật tỷ giá hối đoái""","=""0""","=""0""","=""5""","=""Low""","=""false"""
"=""qdnd tỷ giá""","=""0""","=""0""","=""3""","=""Low""","=""false"""
"=""spread tỷ giá""","=""0""","=""0""","=""3""","=""Low""","=""false"""
"=""ssi tỷ giá""","=""0""","=""0""","=""3""","=""Low""","=""false"""
"=""unionpay tỷ giá""","=""0""","=""0""","=""3""","=""Low""","=""false"""
"=""đổi tỷ giá xe""","=""0""","=""0""","=""4""","=""Low""","=""false"""
"=""app tỷ giá xe""","=""0""","=""0""","=""4""","=""Low""","=""false"""
"=""vì sao tỷ giá aud tăng""","=""0""","=""0""","=""6""","=""Low""","=""false"""
"=""vì sao tỷ giá euro tăng mạnh""","=""0""","=""0""","=""7""","=""Low""","=""false"""
"=""vì sao tỷ giá euro tăng""","=""0""","=""0""","=""6""","=""Low""","=""false"""
"=""vì sao tỷ giá yên giảm""","=""0""","=""0""","=""6""","=""Low""","=""false"""
"=""tại sao tỷ giá won giảm""","=""0""","=""0""","=""6""","=""Low""","=""false"""
"=""tại sao tỷ giá aud giảm""","=""0""","=""0""","=""6""","=""Low""","=""false"""
"=""tại sao tỷ giá aud tăng""","=""0""","=""0""","=""6""","=""Low""","=""false"""
"=""thế nào là tỷ giá giao dịch thực tế""","=""0""","=""0""","=""9""","=""Low""","=""false"""
"=""thế nào là tỷ giá""","=""0""","=""0""","=""5""","=""Low""","=""false"""
"=""thế nào là tỷ giá ghi sổ""","=""0""","=""0""","=""7""","=""Low""","=""false"""
"=""khi nào tỷ giá giao ngay lớn hơn tỷ giá kỳ hạn""","=""0""","=""0""","=""12""","=""Low""","=""false"""
"=""khi nào tỷ giá tăng""","=""0""","=""0""","=""5""","=""Low""","=""false"""
"=""khi nào tỷ giá giảm""","=""0""","=""0""","=""5""","=""Low""","=""false"""
"=""khi nào tỷ giá euro giảm""","=""0""","=""0""","=""6""","=""Low""","=""false"""
"=""khi nào tỷ giá euro tăng""","=""0""","=""0""","=""6""","=""Low""","=""false"""
"=""khi nào tỷ giá yên nhật tăng""","=""0""","=""0""","=""7""","=""Low""","=""false"""
"=""khi nào dùng tỷ giá mua""","=""0""","=""0""","=""6""","=""Low""","=""false"""
"=""khi nào dùng tỷ giá ghi sổ""","=""0""","=""0""","=""7""","=""Low""","=""false"""
"=""khi nào dùng tỷ giá bán""","=""0""","=""0""","=""6""","=""Low""","=""false"""
"=""khi nào tính tỷ giá xuất quỹ""","=""0""","=""0""","=""7""","=""Low""","=""false"""
"=""lấy tỷ giá nào để hạch toán""","=""0""","=""0""","=""7""","=""Low""","=""false"""
"=""chênh lệch tỷ giá không được trừ""","=""0""","=""0""","=""7""","=""Low""","=""false"""
"=""lỗ chênh lệch tỷ giá không được trừ""","=""0""","=""0""","=""8""","=""Low""","=""false"""
"=""usd to vnd""","=""246000""","=""0.5""","=""3""","=""Low""","=""false"""
"=""dollar to vnd""","=""246000""","=""0.5""","=""3""","=""Low""","=""false"""
"=""giá đô hôm nay""","=""201000""","=""0.01""","=""4""","=""Low""","=""false"""
"=""gia đô hôm nay""","=""201000""","=""0.01""","=""4""","=""Low""","=""false"""
"=""giá đo hôm nay""","=""201000""","=""0.01""","=""4""","=""Low""","=""false"""
"=""tyr gias vcb""","=""201000""","=""0""","=""3""","=""Low""","=""false"""
"=""vnd usd""","=""110000""","=""0.49""","=""2""","=""Low""","=""false"""
"=""giá usd hôm nay""","=""90500""","=""0.01""","=""4""","=""Low""","=""false"""
"=""giá usd""","=""90500""","=""0.06""","=""2""","=""Low""","=""false"""
"=""gia usd""","=""90500""","=""0.06""","=""2""","=""Low""","=""false"""
"=""giá us""","=""90500""","=""0.06""","=""2""","=""Low""","=""false"""
"=""giá đô""","=""74000""","=""0.07""","=""2""","=""Low""","=""false"""
"=""gia đo""","=""74000""","=""0.07""","=""2""","=""Low""","=""false"""
"=""giá yên hôm nay""","=""60500""","=""0.3""","=""4""","=""Low""","=""false"""
"=""usd vnd""","=""49500""","=""0.4""","=""2""","=""Low""","=""false"""
"=""giá usd chợ đen""","=""49500""","=""0.01""","=""4""","=""Low""","=""false"""
"=""1 usd to vnd""","=""40500""","=""0.34""","=""4""","=""Low""","=""false"""
"=""giá đô chợ đen""","=""40500""","=""0.1""","=""4""","=""Low""","=""false"""
"=""giá đô la mỹ hôm nay""","=""40500""","=""0.01""","=""6""","=""Low""","=""false"""
"=""tỉ giá đô""","=""40500""","=""0.01""","=""3""","=""Low""","=""false"""
"=""1 usd vnd hôm nay""","=""33100""","=""0.1""","=""5""","=""Low""","=""false"""
"=""giá ero hôm nay""","=""33100""","=""0.01""","=""4""","=""Low""","=""false"""
"=""giá euro""","=""33100""","=""0.1""","=""2""","=""Low""","=""false"""
"=""giá euro hôm nay""","=""33100""","=""0.01""","=""4""","=""Low""","=""false"""
"=""đôi tiền""","=""33100""","=""0""","=""2""","=""Low""","=""false"""
"=""giá won hôm nay""","=""27100""","=""0""","=""4""","=""Low""","=""true"""
"=""1 euro to vnd""","=""27100""","=""0.04""","=""4""","=""Low""","=""false"""
"=""giá usd chơ đen hôm nay""","=""27100""","=""0.01""","=""6""","=""Low""","=""false"""
"=""giá đô la mỹ""","=""22200""","=""0.01""","=""4""","=""Low""","=""false"""
"=""1 man vnd hôm nay""","=""22200""","=""0""","=""5""","=""Low""","=""false"""
"=""100 usd to vnd""","=""22200""","=""0.34""","=""4""","=""Low""","=""false"""
"=""giá yên""","=""22200""","=""0.31""","=""2""","=""Low""","=""false"""
"=""đổi usd sang vnd""","=""22200""","=""0""","=""4""","=""Low""","=""false"""
"=""đổi tiền đô""","=""18100""","=""1.4""","=""3""","=""Low""","=""false"""
"=""giá đô la hôm nay""","=""18100""","=""0.01""","=""5""","=""Low""","=""false"""
"=""giá tệ hôm nay""","=""18100""","=""0""","=""4""","=""Low""","=""false"""
"=""1 yên vnd""","=""18100""","=""0.04""","=""3""","=""Low""","=""false"""
"=""100 usd vnd hôm nay""","=""18100""","=""0.15""","=""5""","=""Low""","=""false"""
"=""gia won""","=""18100""","=""0""","=""2""","=""Low""","=""true"""
"=""gia đô la hôm nay""","=""18100""","=""0.01""","=""5""","=""Low""","=""false"""
"=""gia đôla hôm nay""","=""18100""","=""0.01""","=""4""","=""Low""","=""false"""
"=""giá dollar chợ đen hôm nay""","=""18100""","=""0.01""","=""6""","=""Low""","=""false"""
"=""giá đo la hôm nay""","=""18100""","=""0.01""","=""5""","=""Low""","=""false"""
"=""giá đô chơ đen hôm nay""","=""18100""","=""0.01""","=""6""","=""Low""","=""false"""
"=""giá đô chợ đen hôm nay""","=""18100""","=""0.01""","=""6""","=""Low""","=""false"""
"=""mua đô""","=""18100""","=""0""","=""2""","=""Low""","=""false"""
"=""usd chợ đen""","=""18100""","=""0.01""","=""3""","=""Low""","=""false"""
"=""tiền đô""","=""14800""","=""0.16""","=""2""","=""Low""","=""false"""
"=""1 eur vnd hôm nay""","=""14800""","=""0.06""","=""5""","=""Low""","=""false"""
"=""1 nhân dân tệ vnd hôm nay""","=""14800""","=""0.28""","=""7""","=""Low""","=""false"""
"=""giá đô mỹ hôm nay""","=""14800""","=""0.01""","=""5""","=""Low""","=""false"""
"=""đổi dollar""","=""14800""","=""0""","=""2""","=""Low""","=""false"""
"=""đổi đô""","=""14800""","=""0""","=""2""","=""Low""","=""false"""
"=""chỉ số dxy""","=""12100""","=""0.93""","=""3""","=""Low""","=""true"""
"=""usd hôm nay""","=""12100""","=""0.01""","=""3""","=""Low""","=""false"""
"=""tỷ""","=""12100""","=""0.13""","=""1""","=""Low""","=""true"""
"=""gia usd hom nay""","=""12100""","=""0.01""","=""4""","=""Low""","=""false"""
"=""tygiadola""","=""12100""","=""0""","=""1""","=""Low""","=""false"""
"=""giá đô la""","=""12100""","=""0.01""","=""3""","=""Low""","=""false"""
"=""1 tệ vnd""","=""12100""","=""0""","=""3""","=""Low""","=""false"""
"=""gia do hom nay""","=""12100""","=""0.01""","=""4""","=""Low""","=""false"""
"=""gia đo hom nay""","=""12100""","=""0.01""","=""4""","=""Low""","=""false"""
"=""gia đô hom nay""","=""12100""","=""0.01""","=""4""","=""Low""","=""false"""
"=""giá dô la""","=""12100""","=""0.01""","=""3""","=""Low""","=""false"""
"=""giá usd chợ đen tăng vọt""","=""12100""","=""0.01""","=""6""","=""Low""","=""false"""
"=""giá usd hom nay""","=""12100""","=""0.01""","=""4""","=""Low""","=""false"""
"=""giá usd tự do""","=""12100""","=""0.01""","=""4""","=""Low""","=""false"""
"=""giá đo la""","=""12100""","=""0.01""","=""3""","=""Low""","=""false"""
"=""giá đô hiện tại""","=""12100""","=""0.01""","=""4""","=""Low""","=""false"""
"=""giá đô la chợ đen""","=""12100""","=""0.01""","=""5""","=""Low""","=""false"""
"=""tygia dola""","=""12100""","=""0""","=""2""","=""Low""","=""false"""
"=""giá man hôm nay""","=""9900""","=""0""","=""4""","=""Low""","=""false"""
"=""500 usd to vnd""","=""9900""","=""0.51""","=""4""","=""Low""","=""true"""
"=""gia dola hom nay""","=""9900""","=""0.01""","=""4""","=""Low""","=""false"""
"=""gia usd cho den""","=""9900""","=""0.01""","=""4""","=""Low""","=""false"""
"=""gia đô my""","=""9900""","=""0.06""","=""3""","=""Low""","=""false"""
"=""gia đô mỹ""","=""9900""","=""0.06""","=""3""","=""Low""","=""false"""
"=""giá dollar mỹ""","=""9900""","=""0.06""","=""3""","=""Low""","=""false"""
"=""giá tệ""","=""9900""","=""0""","=""2""","=""Low""","=""false"""
"=""giá đô la chợ đen hôm nay""","=""9900""","=""0.01""","=""7""","=""Low""","=""false"""
"=""giá đô my""","=""9900""","=""0.06""","=""3""","=""Low""","=""false"""
"=""giá đô mỹ""","=""9900""","=""0.06""","=""3""","=""Low""","=""false"""
"=""tệ sang vnd""","=""9900""","=""0""","=""3""","=""Low""","=""false"""
"=""yên sang vnd""","=""9900""","=""0""","=""3""","=""Low""","=""false"""
"=""đô la""","=""9900""","=""0""","=""2""","=""Low""","=""false"""
"=""đô la hôm nay""","=""9900""","=""0.01""","=""4""","=""Low""","=""false"""
"=""đổi tệ sang vnd""","=""9900""","=""0""","=""4""","=""Low""","=""false"""
"=""đổi yên sang vnd""","=""9900""","=""0""","=""4""","=""Low""","=""false"""
"=""1 tệ""","=""8100""","=""0""","=""2""","=""Low""","=""false"""
"=""20 usd to vnd""","=""8100""","=""0""","=""4""","=""Low""","=""true"""
"=""200 usd to vnd""","=""8100""","=""0.46""","=""4""","=""Low""","=""true"""
"=""giá vàng chợ đen hôm nay""","=""8100""","=""0""","=""6""","=""Low""","=""false"""
"=""đô mỹ hôm nay""","=""8100""","=""0.01""","=""4""","=""Low""","=""false"""
"=""đổi won sang vnd""","=""8100""","=""0""","=""4""","=""Low""","=""true"""
"=""1 won to vnd""","=""6600""","=""0""","=""4""","=""Low""","=""true"""
"=""300 usd to vnd""","=""6600""","=""0""","=""4""","=""Low""","=""true"""
"=""50 usd to vnd""","=""6600""","=""0.66""","=""4""","=""Low""","=""false"""
"=""gia dola cho den""","=""6600""","=""0""","=""4""","=""Low""","=""false"""
"=""giá dola cho den""","=""6600""","=""0""","=""4""","=""Low""","=""false"""
"=""giá dola hôm nay""","=""6600""","=""0.01""","=""4""","=""Low""","=""false"""
"=""giá nhân dân tệ""","=""6600""","=""0""","=""4""","=""Low""","=""false"""
"=""tiền won""","=""6600""","=""0""","=""2""","=""Low""","=""true"""
"=""giá tiền đô""","=""5400""","=""0.01""","=""3""","=""Low""","=""false"""
"=""tiền đô hôm nay""","=""5400""","=""0.01""","=""4""","=""Low""","=""true"""
"=""gia dola""","=""5400""","=""0.1""","=""2""","=""Low""","=""false"""
"=""150 usd to vnd""","=""5400""","=""0""","=""4""","=""Low""","=""false"""
"=""30 usd to vnd""","=""5400""","=""0""","=""4""","=""Low""","=""false"""
"=""gia usd cho den hom nay""","=""5400""","=""0.07""","=""6""","=""Low""","=""false"""
"=""gia yen hom nay""","=""5400""","=""0""","=""4""","=""Low""","=""false"""
"=""gia yên hom nay""","=""5400""","=""0""","=""4""","=""Low""","=""false"""
"=""giá tiền đo""","=""5400""","=""0.01""","=""3""","=""Low""","=""false"""
"=""giá đô cad""","=""5400""","=""0""","=""3""","=""Low""","=""false"""
"=""ti gia usd""","=""5400""","=""0.11""","=""3""","=""Low""","=""false"""
"=""tir gias usd""","=""5400""","=""0.11""","=""3""","=""Low""","=""false"""
"=""won hôm nay""","=""5400""","=""0""","=""3""","=""Low""","=""true"""
"=""đô hôm nay""","=""5400""","=""0.01""","=""3""","=""Low""","=""false"""
"=""đô la mỹ hôm nay""","=""5400""","=""0.01""","=""5""","=""Low""","=""false"""
"=""1 won vnd hôm nay""","=""4400""","=""0""","=""5""","=""Low""","=""false"""
"=""1 yen to vnd""","=""4400""","=""0""","=""4""","=""Low""","=""false"""
"=""10 usd to vnd""","=""4400""","=""0.43""","=""4""","=""Low""","=""false"""
"=""100 nhân dân tệ vnd""","=""4400""","=""0""","=""5""","=""Low""","=""false"""
"=""700 usd to vnd""","=""4400""","=""0""","=""4""","=""Low""","=""false"""
"=""800 usd to vnd""","=""4400""","=""0""","=""4""","=""Low""","=""true"""
"=""gia bảng anh""","=""4400""","=""0""","=""3""","=""Low""","=""false"""
"=""gia do cho den""","=""4400""","=""0""","=""4""","=""Low""","=""false"""
"=""gia yen""","=""4400""","=""0""","=""2""","=""Low""","=""false"""
"=""giá usd tự do hôm nay""","=""4400""","=""0.01""","=""6""","=""Low""","=""false"""
"=""giá đô la mỹ chợ đen hôm nay""","=""4400""","=""0""","=""8""","=""Low""","=""false"""
"=""quy đổi usd sang vnd""","=""4400""","=""0""","=""5""","=""Low""","=""false"""
"=""tiền sing""","=""4400""","=""0""","=""2""","=""Low""","=""false"""
"=""usd chợ đen hôm nay""","=""4400""","=""0""","=""5""","=""Low""","=""false"""
"=""usd sang vnd""","=""4400""","=""0""","=""3""","=""Low""","=""false"""
"=""vnd jpy""","=""4400""","=""0""","=""2""","=""Low""","=""false"""
"=""đô la chợ đen""","=""4400""","=""0""","=""4""","=""Low""","=""false"""
"=""giá ngoại tệ hôm nay""","=""3600""","=""0""","=""5""","=""Low""","=""false"""
"=""đô sing""","=""3600""","=""0""","=""2""","=""Low""","=""false"""
"=""1000 đài tệ vnd hôm nay""","=""3600""","=""0""","=""6""","=""Low""","=""false"""
"=""15 usd to vnd""","=""3600""","=""0""","=""4""","=""Low""","=""true"""
"=""5 usd to vnd""","=""3600""","=""0""","=""4""","=""Low""","=""true"""
"=""bảng anh to vnd""","=""3600""","=""0""","=""4""","=""Low""","=""false"""
"=""doi usd""","=""3600""","=""0""","=""2""","=""Low""","=""false"""
"=""gia aud""","=""3600""","=""0""","=""2""","=""Low""","=""false"""
"=""gia do la""","=""3600""","=""0.01""","=""3""","=""Low""","=""false"""
"=""gia dollar""","=""3600""","=""0.01""","=""2""","=""Low""","=""false"""
"=""gia eur""","=""3600""","=""0""","=""2""","=""Low""","=""false"""
"=""gia euro""","=""3600""","=""0""","=""2""","=""Low""","=""false"""
"=""giá euro chợ đen""","=""3600""","=""0""","=""4""","=""Low""","=""false"""
"=""giá euro chợ đen hôm nay""","=""3600""","=""0""","=""6""","=""Low""","=""false"""
"=""giá euro chợ đen hôm nay 24h""","=""3600""","=""0""","=""7""","=""Low""","=""false"""
"=""giá đô la ngày hôm nay""","=""3600""","=""0.01""","=""6""","=""Low""","=""false"""
"=""ndt sang vnd""","=""3600""","=""0""","=""3""","=""Low""","=""false"""
"=""nhân dân tệ sang vnd""","=""3600""","=""0""","=""5""","=""Low""","=""false"""
"=""tệ hôm nay""","=""3600""","=""0""","=""3""","=""Low""","=""false"""
"=""tệ to vnd""","=""3600""","=""0""","=""3""","=""Low""","=""false"""
"=""tỉ giá rmb""","=""3600""","=""0""","=""3""","=""Low""","=""false"""
"=""đổi usd""","=""3600""","=""0""","=""2""","=""Low""","=""false"""
"=""đổi vnd sang usd""","=""3600""","=""0""","=""4""","=""Low""","=""false"""
"=""ngoại tệ""","=""2900""","=""0""","=""2""","=""Low""","=""false"""
"=""giá ngoại tệ""","=""2900""","=""0""","=""3""","=""Low""","=""false"""
"=""doi tien""","=""2900""","=""0""","=""2""","=""Low""","=""false"""
"=""1 bảng anh vnd""","=""2900""","=""0""","=""4""","=""Low""","=""false"""
"=""1 usd vnd""","=""2900""","=""0.09""","=""3""","=""Low""","=""false"""
"=""1000 usd vnd hôm nay""","=""2900""","=""0""","=""5""","=""Low""","=""false"""
"=""do la my""","=""2900""","=""0.71""","=""3""","=""Low""","=""false"""
"=""dola usd""","=""2900""","=""0.71""","=""2""","=""Low""","=""false"""
"=""gia do la my hom nay""","=""2900""","=""0.01""","=""6""","=""Low""","=""false"""
"=""gia dola my hom nay""","=""2900""","=""0.01""","=""5""","=""Low""","=""false"""
"=""gia dô""","=""2900""","=""0.07""","=""2""","=""Low""","=""false"""
"=""gia euro hom nay""","=""2900""","=""0""","=""4""","=""Low""","=""false"""
"=""gia yen hien tai""","=""2900""","=""0""","=""4""","=""Low""","=""false"""
"=""giá bảng anh hôm nay""","=""2900""","=""0""","=""5""","=""Low""","=""false"""
"=""giá dola hom nay""","=""2900""","=""0""","=""4""","=""Low""","=""false"""
"=""giá dollar hôm nay""","=""2900""","=""0.07""","=""4""","=""Low""","=""false"""
"=""giá dollars hôm nay""","=""2900""","=""0.07""","=""4""","=""Low""","=""false"""
"=""giá euro hom nay""","=""2900""","=""0""","=""4""","=""Low""","=""false"""
"=""giá tiền đo hôm nay""","=""2900""","=""0.01""","=""5""","=""Low""","=""false"""
"=""giá tiền đô hôm nay""","=""2900""","=""0.01""","=""5""","=""Low""","=""false"""
"=""giá usd chợ đen 24h""","=""2900""","=""0""","=""5""","=""Low""","=""false"""
"=""giá usd hiện tại""","=""2900""","=""0.01""","=""4""","=""Low""","=""false"""
"=""giá usd ngày hôm nay""","=""2900""","=""0.01""","=""5""","=""Low""","=""false"""
"=""giá yên hiện tại""","=""2900""","=""0""","=""4""","=""Low""","=""false"""
"=""giá đài tệ hôm nay""","=""2900""","=""0""","=""5""","=""Low""","=""false"""
"=""ndt vnd""","=""2900""","=""0""","=""2""","=""Low""","=""false"""
"=""ngoaite""","=""2900""","=""0""","=""1""","=""Low""","=""false"""
"=""nhân dân tệ to vnd""","=""2900""","=""0""","=""5""","=""Low""","=""false"""
"=""tỉ giá tệ""","=""2900""","=""0""","=""3""","=""Low""","=""false"""
"=""usd cho den""","=""2900""","=""0""","=""3""","=""Low""","=""false"""
"=""vnd won""","=""2900""","=""0""","=""2""","=""Low""","=""false"""
"=""đô chợ đen""","=""2900""","=""0""","=""3""","=""Low""","=""false"""
"=""đồng yên hôm nay""","=""2900""","=""0""","=""4""","=""Low""","=""false"""
"=""gia dola my""","=""2400""","=""0.01""","=""3""","=""Low""","=""false"""
"=""chỉ số dxy hôm nay""","=""2400""","=""0.53""","=""5""","=""Low""","=""true"""
"=""1 nhân dân tê vnd""","=""2400""","=""0""","=""5""","=""Low""","=""false"""
"=""1 nhân dân tệ vnd""","=""2400""","=""0""","=""5""","=""Low""","=""false"""
"=""bảng anh hôm nay""","=""2400""","=""0""","=""4""","=""Low""","=""false"""
"=""gia do my""","=""2400""","=""0.01""","=""3""","=""Low""","=""false"""
"=""gia dola cho den hom nay""","=""2400""","=""0""","=""6""","=""Low""","=""false"""
"=""giá nhân dân tệ hôm nay""","=""2400""","=""0""","=""6""","=""Low""","=""true"""
"=""giá usd hôm nay chợ đen""","=""2400""","=""0""","=""6""","=""Low""","=""false"""
"=""giá vàng sjc chợ đen hôm nay""","=""2400""","=""0""","=""7""","=""Low""","=""false"""
"=""giá đài tệ""","=""2400""","=""0""","=""3""","=""Low""","=""false"""
"=""giá đô hiện nay""","=""2400""","=""0.01""","=""4""","=""Low""","=""false"""
"=""giá đô la hiện tại""","=""2400""","=""0.1""","=""5""","=""Low""","=""false"""
"=""giá đô la mỹ ngày hôm nay""","=""2400""","=""0""","=""7""","=""Low""","=""false"""
"=""giá đô sing""","=""2400""","=""0""","=""3""","=""Low""","=""false"""
"=""usd tự do""","=""2400""","=""0""","=""3""","=""Low""","=""false"""
"=""won sang vnd""","=""2400""","=""0""","=""3""","=""Low""","=""true"""
"=""yên to vnd""","=""2400""","=""0""","=""3""","=""Low""","=""false"""
"=""đô sing sang vnd""","=""2400""","=""0""","=""4""","=""Low""","=""false"""
"=""đổi eur sang usd""","=""2400""","=""0""","=""4""","=""Low""","=""false"""
"=""đổi tiền usd sang vnd""","=""2400""","=""0""","=""5""","=""Low""","=""false"""
"=""đổi tiền trung""","=""1900""","=""0""","=""3""","=""Low""","=""false"""
"=""10 tệ vnd""","=""1900""","=""0""","=""3""","=""Low""","=""false"""
"=""100.000 usd to vnd""","=""1900""","=""0""","=""4""","=""Low""","=""false"""
"=""dola hom nay""","=""1900""","=""0.1""","=""3""","=""Low""","=""false"""
"=""gia do la hom nay""","=""1900""","=""0.01""","=""5""","=""Low""","=""false"""
"=""gia tien trung hom nay""","=""1900""","=""0""","=""5""","=""Low""","=""false"""
"=""gia đô la hom nay""","=""1900""","=""0.01""","=""5""","=""Low""","=""false"""
"=""giá euro ngày hôm nay""","=""1900""","=""0""","=""5""","=""Low""","=""false"""
"=""giá tiền trung hôm nay""","=""1900""","=""0""","=""5""","=""Low""","=""false"""
"=""giá tiền đài""","=""1900""","=""0""","=""3""","=""Low""","=""false"""
"=""giá usd vnd""","=""1900""","=""0.1""","=""3""","=""Low""","=""false"""
"=""giá đô hôm nay chợ đen""","=""1900""","=""0""","=""6""","=""Low""","=""false"""
"=""giá đô la mỹ chợ đen""","=""1900""","=""0""","=""6""","=""Low""","=""false"""
"=""giá đô ngày hôm nay""","=""1900""","=""0""","=""5""","=""Low""","=""false"""
"=""quy đổi tiền""","=""1900""","=""0""","=""3""","=""Low""","=""false"""
"=""tiền won hôm nay""","=""1900""","=""0""","=""4""","=""Low""","=""true"""
"=""tiền đo la""","=""1900""","=""0""","=""3""","=""Medium""","=""false"""
"=""tiền đài hôm nay""","=""1900""","=""0""","=""4""","=""Low""","=""false"""
"=""đổi nhân dân tệ""","=""1900""","=""0""","=""4""","=""Low""","=""false"""
"=""đổi tiền won sang vnd""","=""1900""","=""0""","=""5""","=""Low""","=""true"""
"=""đổi won""","=""1900""","=""0""","=""2""","=""Low""","=""false"""
"=""giá đo la mỹ hôm nay""","=""1600""","=""0""","=""6""","=""Low""","=""false"""
"=""tygia""","=""1600""","=""0""","=""1""","=""Low""","=""false"""
"=""giá đô la mỹ mua vào hôm nay""","=""1600""","=""0.01""","=""8""","=""Low""","=""false"""
"=""1 đô la""","=""1600""","=""0""","=""3""","=""Low""","=""false"""
"=""1000 won vnd hôm nay""","=""1600""","=""0""","=""5""","=""Low""","=""true"""
"=""35 usd to vnd""","=""1600""","=""0""","=""4""","=""Low""","=""false"""
"=""giá dollar mỹ chợ đen hôm nay""","=""1600""","=""0""","=""7""","=""Low""","=""false"""
"=""giá dô la mỹ hôm nay""","=""1600""","=""0""","=""6""","=""Low""","=""false"""
"=""giá euro hiện tại""","=""1600""","=""0""","=""4""","=""Low""","=""false"""
"=""giá ngoại tệ chợ đen hôm nay""","=""1600""","=""0""","=""7""","=""Low""","=""false"""
"=""giá tiền đài hôm nay""","=""1600""","=""0""","=""5""","=""Low""","=""false"""
"=""giá yên hiện nay""","=""1600""","=""0""","=""4""","=""Low""","=""true"""
"=""giá úd""","=""1600""","=""0.01""","=""2""","=""Low""","=""false"""
"=""giá đô mỹ chợ đen hôm nay""","=""1600""","=""0""","=""7""","=""Low""","=""false"""
"=""giá đô tudo""","=""1600""","=""0""","=""3""","=""Low""","=""false"""
"=""giá đô tự do""","=""1600""","=""0""","=""4""","=""Low""","=""false"""
"=""giá đồng yên""","=""1600""","=""0""","=""3""","=""Low""","=""false"""
"=""quy doi usd""","=""1600""","=""0""","=""3""","=""Low""","=""false"""
"=""quy đổi ngoại tệ""","=""1600""","=""0""","=""4""","=""Low""","=""false"""
"=""tiền bảng anh""","=""1600""","=""0""","=""3""","=""Low""","=""false"""
"=""tiền đô mỹ""","=""1600""","=""0""","=""3""","=""Low""","=""false"""
"=""usd hom nay""","=""1600""","=""0""","=""3""","=""Low""","=""false"""
"=""đổi dollar sang vnd""","=""1600""","=""0""","=""4""","=""Low""","=""false"""
"=""đổi euro""","=""1600""","=""0""","=""2""","=""Low""","=""false"""
"=""đổi tiền euro""","=""1600""","=""0""","=""3""","=""Low""","=""false"""
"=""đổi tiền won""","=""1600""","=""0""","=""3""","=""Low""","=""false"""
"=""đổi tiền đài""","=""1600""","=""0""","=""3""","=""Low""","=""false"""
"=""đổi usd qua vnd""","=""1600""","=""0""","=""4""","=""Low""","=""false"""
"=""1 euro vnd""","=""1300""","=""0""","=""3""","=""Low""","=""false"""
"=""1 đô la mỹ""","=""1300""","=""0""","=""4""","=""Low""","=""false"""
"=""45 usd to vnd""","=""1300""","=""0""","=""4""","=""Low""","=""true"""
"=""chuyển đổi tiền""","=""1300""","=""0.64""","=""3""","=""Low""","=""false"""
"=""doi tien te""","=""1300""","=""0""","=""3""","=""Low""","=""false"""
"=""giá aud hôm nay""","=""1300""","=""0""","=""4""","=""Low""","=""true"""
"=""giá man hiện tại""","=""1300""","=""0""","=""4""","=""Low""","=""false"""
"=""giá tiền won""","=""1300""","=""0""","=""3""","=""Low""","=""true"""
"=""giá tệ trung hôm nay""","=""1300""","=""0""","=""5""","=""Low""","=""true"""
"=""giá usd chợ đen ngày hôm nay""","=""1300""","=""0""","=""7""","=""Low""","=""false"""
"=""giá usd hiện nay""","=""1300""","=""0""","=""4""","=""Low""","=""false"""
"=""giá vàng usd hôm nay""","=""1300""","=""1.14""","=""5""","=""Low""","=""true"""
"=""giá đô mỹ chợ đen""","=""1300""","=""0""","=""5""","=""Low""","=""false"""
"=""giá đôla hôm nay""","=""1300""","=""0""","=""4""","=""Low""","=""false"""
"=""quy đổi tiền đô""","=""1300""","=""0""","=""4""","=""Low""","=""false"""
"=""tiền yên hôm nay""","=""1300""","=""0""","=""4""","=""Low""","=""false"""
"=""tiền đô la mỹ""","=""1300""","=""0""","=""4""","=""Low""","=""false"""
"=""đô hiện tại""","=""1300""","=""0""","=""3""","=""Low""","=""false"""
"=""đổi tiền usd""","=""1300""","=""1.16""","=""3""","=""Low""","=""false"""
"=""đổi tiền yên""","=""1300""","=""0""","=""3""","=""Low""","=""false"""
"=""đổi tiền đô sang vnd""","=""1300""","=""0""","=""5""","=""Low""","=""false"""
"=""1 đô la mỹ hôm nay""","=""1000""","=""0""","=""6""","=""Low""","=""false"""
"=""300.000 usd to vnd""","=""1000""","=""0""","=""4""","=""Low""","=""false"""
"=""6 usd to vnd""","=""1000""","=""0""","=""4""","=""Low""","=""false"""
"=""biểu đồ usd""","=""1000""","=""0.63""","=""3""","=""Low""","=""true"""
"=""dola sang vnd""","=""1000""","=""0""","=""3""","=""Low""","=""false"""
"=""gia do la cho den hom nay""","=""1000""","=""0""","=""7""","=""Low""","=""false"""
"=""gia usd tu do""","=""1000""","=""0""","=""4""","=""Low""","=""false"""
"=""giá tiền euro""","=""1000""","=""0.01""","=""3""","=""Low""","=""false"""
"=""giá tiền tệ""","=""1000""","=""0""","=""3""","=""Low""","=""false"""
"=""giá won hiện tại""","=""1000""","=""0""","=""4""","=""Low""","=""true"""
"=""giá đô la chợ đen ngày hôm nay""","=""1000""","=""0""","=""8""","=""Low""","=""false"""
"=""giá đô la tự do""","=""1000""","=""0""","=""5""","=""Low""","=""false"""
"=""giá đô sing hôm nay""","=""1000""","=""0""","=""5""","=""Low""","=""true"""
"=""ký hiệu nhân dân tệ""","=""1000""","=""0""","=""5""","=""Low""","=""false"""
"=""quy đổi nhân dân tệ""","=""1000""","=""0""","=""5""","=""Low""","=""false"""
"=""sơ đồ giá vàng""","=""1000""","=""0.76""","=""4""","=""Low""","=""false"""
"=""tỉ giá tệ hôm nay""","=""1000""","=""0""","=""5""","=""Low""","=""false"""
"=""vnd sang usd""","=""1000""","=""0""","=""3""","=""Low""","=""false"""
"=""đô la chợ đen hôm nay""","=""1000""","=""0""","=""6""","=""Low""","=""false"""
"=""đô la mỹ chợ đen""","=""1000""","=""0""","=""5""","=""Low""","=""false"""
"=""đô mỹ sang vnd""","=""1000""","=""0""","=""4""","=""Low""","=""false"""
"=""đồng won hôm nay""","=""1000""","=""0""","=""4""","=""Low""","=""true"""
"=""đổi bảng anh sang vnd""","=""1000""","=""0""","=""5""","=""Low""","=""false"""
"=""đổi eur sang vnd""","=""1000""","=""0""","=""4""","=""Low""","=""false"""
"=""đổi tiền nhân dân tệ""","=""1000""","=""0.41""","=""5""","=""Low""","=""false"""
"=""đổi đô la""","=""1000""","=""0""","=""3""","=""Low""","=""false"""
"=""đổi đô mỹ""","=""1000""","=""0""","=""3""","=""Low""","=""false"""
"=""1 bảng anh to vnd""","=""880""","=""0""","=""5""","=""Low""","=""false"""
"=""1 đô mỹ""","=""880""","=""0""","=""3""","=""Low""","=""false"""
"=""10 yên vnd""","=""880""","=""0""","=""3""","=""Low""","=""false"""
"=""30 dollar to vnd""","=""880""","=""0""","=""4""","=""Low""","=""true"""
"=""chuyển đổi tiền tệ sang vnd""","=""880""","=""0.32""","=""6""","=""Low""","=""false"""
"=""chợ giá ngoại tệ""","=""880""","=""0""","=""4""","=""Low""","=""false"""
"=""do la my hom nay""","=""880""","=""0.1""","=""5""","=""Low""","=""false"""
"=""dola my hom nay""","=""880""","=""0.1""","=""4""","=""Low""","=""false"""
"=""dollar chợ đen""","=""880""","=""0""","=""3""","=""Low""","=""false"""
"=""gia do la my""","=""880""","=""0.01""","=""4""","=""Low""","=""false"""
"=""gia won hom nay""","=""880""","=""0""","=""4""","=""Low""","=""true"""
"=""gia yen hôm nay""","=""880""","=""0""","=""4""","=""Low""","=""false"""
"=""giá chợ đen""","=""880""","=""0""","=""3""","=""Low""","=""false"""
"=""giá dollar chợ đen""","=""880""","=""0""","=""4""","=""Low""","=""false"""
"=""giá euro hiện nay""","=""880""","=""0""","=""4""","=""Low""","=""false"""
"=""giá ndt""","=""880""","=""0""","=""2""","=""Low""","=""false"""
"=""giá tiền won hôm nay""","=""880""","=""0""","=""5""","=""Low""","=""false"""
"=""giá tiền đô hiện tại""","=""880""","=""0.1""","=""5""","=""Low""","=""true"""
"=""giá tệ hiện tại""","=""880""","=""0""","=""4""","=""Low""","=""false"""
"=""giá usd thị trường tự do""","=""880""","=""0""","=""6""","=""Low""","=""false"""
"=""giá won hom nay""","=""880""","=""0""","=""4""","=""Low""","=""true"""
"=""giá đô tự do hôm nay""","=""880""","=""0""","=""6""","=""Low""","=""false"""
"=""giá đổi tiền đô ở tiệm vàng""","=""880""","=""0""","=""7""","=""Low""","=""false"""
"=""ngoại tệ chợ đen""","=""880""","=""0""","=""4""","=""Low""","=""false"""
"=""nhan dan te""","=""880""","=""0""","=""3""","=""Low""","=""false"""
"=""quy đổi dollar""","=""880""","=""0""","=""3""","=""Low""","=""false"""
"=""quy đổi tiền tệ usd""","=""880""","=""1.79""","=""5""","=""Low""","=""false"""
"=""usd tu do""","=""880""","=""0""","=""3""","=""Low""","=""false"""
"=""đô la mỹ chợ đen hôm nay""","=""880""","=""0""","=""7""","=""Low""","=""false"""
"=""đô la mỹ sang vnd""","=""880""","=""0""","=""5""","=""Low""","=""false"""
"=""đô to vnd""","=""880""","=""0""","=""3""","=""Low""","=""false"""
"=""đổi euro sang usd""","=""880""","=""0""","=""4""","=""Low""","=""false"""
"=""đổi rmb sang vnd""","=""880""","=""0""","=""4""","=""Low""","=""false"""
"=""1 tỷ vnd to usd""","=""720""","=""0""","=""5""","=""Low""","=""false"""
"=""10.000 usd to vnd""","=""720""","=""0""","=""4""","=""Low""","=""false"""
"=""100 bảng anh vnd""","=""720""","=""0""","=""4""","=""Low""","=""false"""
"=""2 usd to vnd""","=""720""","=""0""","=""4""","=""Low""","=""false"""
"=""20 dollar to vnd""","=""720""","=""0""","=""4""","=""Low""","=""true"""
"=""25 tệ""","=""720""","=""0""","=""2""","=""Low""","=""false"""
"=""chuyển đổi ngoại tệ""","=""720""","=""0""","=""4""","=""Low""","=""false"""
"=""chỉ số đồng đô la mỹ""","=""720""","=""0.6""","=""6""","=""Low""","=""true"""
"=""euro giá""","=""720""","=""0""","=""2""","=""Low""","=""false"""
"=""gia dola hôm nay""","=""720""","=""0""","=""4""","=""Low""","=""false"""
"=""gia dola my cho den hom nay""","=""720""","=""0""","=""7""","=""Low""","=""false"""
"=""gia ngoai te""","=""720""","=""0""","=""3""","=""Low""","=""false"""
"=""gia tien usd""","=""720""","=""0""","=""3""","=""Low""","=""false"""
"=""gia úd cho den hom nay""","=""720""","=""0""","=""6""","=""Low""","=""false"""
"=""giá cad hôm nay""","=""720""","=""0""","=""4""","=""Low""","=""false"""
"=""giá jpy""","=""720""","=""0""","=""2""","=""Low""","=""false"""
"=""giá tiền trung""","=""720""","=""0""","=""3""","=""Low""","=""false"""
"=""giá tiền usd""","=""720""","=""0""","=""3""","=""Low""","=""false"""
"=""giá tiền yên""","=""720""","=""0""","=""3""","=""Low""","=""false"""
"=""giá tiền yên hôm nay""","=""720""","=""0""","=""5""","=""Low""","=""false"""
"=""giá vàng hôm nay chợ đen""","=""720""","=""0""","=""6""","=""Low""","=""false"""
"=""giá won hiện nay""","=""720""","=""0""","=""4""","=""Low""","=""true"""
"=""giá đô chợ đen ngày hôm nay""","=""720""","=""0""","=""7""","=""Low""","=""false"""
"=""giá đô la mỹ hiện nay""","=""720""","=""0""","=""6""","=""Low""","=""false"""
"=""giá đô usd""","=""720""","=""0""","=""3""","=""Low""","=""false"""
"=""giá đô usd hôm nay""","=""720""","=""0""","=""5""","=""Low""","=""false"""
"=""giá đô vietcombank hôm nay""","=""720""","=""0""","=""5""","=""Low""","=""false"""
"=""giá đồng yên hôm nay""","=""720""","=""0""","=""5""","=""Low""","=""false"""
"=""nhân dân tệ hôm nay""","=""720""","=""0""","=""5""","=""Low""","=""true"""
"=""quy doi tien te""","=""720""","=""0""","=""4""","=""Low""","=""false"""
"=""quy đổi tệ sang vnd""","=""720""","=""0""","=""5""","=""Low""","=""false"""
"=""rmb sang vnd""","=""720""","=""0""","=""3""","=""Low""","=""false"""
"=""ti gia usd tu do""","=""720""","=""0""","=""5""","=""Low""","=""true"""
"=""tien do la""","=""720""","=""0""","=""3""","=""Low""","=""false"""
"=""tien trung hom nay""","=""720""","=""0""","=""4""","=""Low""","=""false"""
"=""tiền đô mỹ hôm nay""","=""720""","=""0""","=""5""","=""Low""","=""false"""
"=""usd to vnd chợ đen""","=""720""","=""0""","=""5""","=""Low""","=""false"""
"=""úd ra vnd""","=""720""","=""0""","=""3""","=""Low""","=""false"""
"=""đô la tự do""","=""720""","=""0""","=""4""","=""Low""","=""false"""
"=""đồng đô la mỹ""","=""720""","=""0""","=""4""","=""Low""","=""false"""
"=""đổi tiền ngoại tệ""","=""720""","=""0""","=""4""","=""Low""","=""false"""
"=""đổi đô sing sang vnd""","=""720""","=""0""","=""5""","=""Low""","=""true"""
"=""giá man sbi""","=""590""","=""0""","=""3""","=""Low""","=""false"""
"=""100 usd vnd""","=""590""","=""0""","=""3""","=""Low""","=""false"""
"=""100.000 won to vnd""","=""590""","=""0""","=""4""","=""Low""","=""true"""
"=""biểu đồ giá usd""","=""590""","=""0""","=""4""","=""Low""","=""true"""
"=""chuyển usd sang vnd""","=""590""","=""0""","=""4""","=""Low""","=""false"""
"=""chuyển đổi usd sang vnd""","=""590""","=""0""","=""5""","=""Low""","=""false"""
"=""chỉ số đô la""","=""590""","=""0.64""","=""4""","=""Low""","=""true"""
"=""gia do my hom nay""","=""590""","=""0.06""","=""5""","=""Low""","=""false"""
"=""gia dola my cho den""","=""590""","=""0""","=""5""","=""Low""","=""false"""
"=""giá nhân dân tệ ngày hôm nay""","=""590""","=""0""","=""7""","=""Low""","=""true"""
"=""giá tiền euro hôm nay""","=""590""","=""0""","=""5""","=""Low""","=""false"""
"=""giá tiền tệ hôm nay""","=""590""","=""0""","=""5""","=""Low""","=""false"""
"=""giá đo la mỹ""","=""590""","=""0""","=""4""","=""Low""","=""false"""
"=""giá đô la hiện nay""","=""590""","=""0""","=""5""","=""Low""","=""false"""
"=""giá đô la my""","=""590""","=""0""","=""4""","=""Low""","=""false"""
"=""giá đô la mỹ hiện tại""","=""590""","=""0""","=""6""","=""Low""","=""false"""
"=""giá đô la mỹ hôm nay chợ đen""","=""590""","=""0""","=""8""","=""Low""","=""false"""
"=""giá đô la tự do hôm nay""","=""590""","=""0""","=""7""","=""Low""","=""false"""
"=""ngoai te""","=""590""","=""0""","=""2""","=""Low""","=""false"""
"=""quy đổi won sang vnd""","=""590""","=""0""","=""5""","=""Low""","=""false"""
"=""tiền tệ hôm nay""","=""590""","=""0""","=""4""","=""Low""","=""false"""
"=""tiền usd hôm nay""","=""590""","=""0""","=""4""","=""Low""","=""false"""
"=""tyr gias usd""","=""590""","=""0""","=""3""","=""Low""","=""false"""
"=""usd cho den hom nay""","=""590""","=""0""","=""5""","=""Low""","=""false"""
"=""usd qua vnd""","=""590""","=""0""","=""3""","=""Low""","=""false"""
"=""đô mỹ chợ đen""","=""590""","=""0""","=""4""","=""Low""","=""false"""
"=""đô sing hôm nay""","=""590""","=""0""","=""4""","=""Low""","=""true"""
"=""đổi baht""","=""590""","=""0""","=""2""","=""Low""","=""false"""
"=""đổi peso sang vnd""","=""590""","=""0""","=""4""","=""Low""","=""false"""
"=""mua bán ngoại tệ""","=""480""","=""1.7""","=""4""","=""Low""","=""false"""
"=""1 nhân dân tệ to vnd""","=""480""","=""0""","=""6""","=""Low""","=""false"""
"=""1 đô mỹ to vnd""","=""480""","=""0""","=""5""","=""Low""","=""false"""
"=""10 dollar to vnd""","=""480""","=""0""","=""4""","=""Low""","=""false"""
"=""50 usd vnd""","=""480""","=""0""","=""3""","=""Low""","=""false"""
"=""500 usd vnd""","=""480""","=""0""","=""3""","=""Low""","=""false"""
"=""gia bang anh""","=""480""","=""0""","=""3""","=""Low""","=""false"""
"=""gia do hien tai""","=""480""","=""0""","=""4""","=""Low""","=""false"""
"=""gia dola tu do""","=""480""","=""0""","=""4""","=""Low""","=""false"""
"=""gia usd tu do hom nay""","=""480""","=""0""","=""6""","=""Low""","=""false"""
"=""giá bath hôm nay""","=""480""","=""0""","=""4""","=""Low""","=""false"""
"=""giá bảng anh ngày hôm nay""","=""480""","=""0""","=""6""","=""Low""","=""false"""
"=""giá dollar mỹ hôm nay""","=""480""","=""0""","=""5""","=""Low""","=""true"""
"=""giá euro vnd""","=""480""","=""0""","=""3""","=""Low""","=""false"""
"=""giá tiền đô la mỹ""","=""480""","=""0""","=""5""","=""Low""","=""false"""
"=""giá usd mỹ hôm nay""","=""480""","=""0""","=""5""","=""Low""","=""false"""
"=""giá usd thị trường hôm nay""","=""480""","=""0""","=""6""","=""Low""","=""false"""
"=""giá vàng đô la hôm nay""","=""480""","=""0""","=""6""","=""Low""","=""true"""
"=""giá đô mỹ hiện tại""","=""480""","=""0""","=""5""","=""Low""","=""false"""
"=""giá đô thị trường tự do""","=""480""","=""0""","=""6""","=""Low""","=""false"""
"=""giá đồng euro""","=""480""","=""0""","=""3""","=""Low""","=""false"""
"=""tien euro""","=""480""","=""0""","=""2""","=""Low""","=""false"""
"=""tiền won sang vnd""","=""480""","=""0""","=""4""","=""Low""","=""false"""
"=""tiền đài tệ hôm nay""","=""480""","=""0""","=""5""","=""Low""","=""false"""
"=""úd hôm nay""","=""480""","=""0""","=""3""","=""Low""","=""false"""
"=""đo la mỹ""","=""480""","=""0""","=""3""","=""Low""","=""false"""
"=""đô la mỹ ngày hôm nay""","=""480""","=""0""","=""6""","=""Low""","=""false"""
"=""đô vietcombank""","=""480""","=""0""","=""2""","=""Low""","=""false"""
"=""đồng euro hôm nay""","=""480""","=""0""","=""4""","=""Low""","=""false"""
"=""đổi bath""","=""480""","=""0""","=""2""","=""Low""","=""false"""
"=""đổi giá đô""","=""480""","=""0""","=""3""","=""Low""","=""false"""
"=""đổi tiền sing""","=""480""","=""0""","=""3""","=""Low""","=""true"""
"=""đổi tiền tệ sang vnd""","=""480""","=""0""","=""5""","=""Low""","=""false"""
"=""đổi usd ra vnd""","=""480""","=""0""","=""4""","=""Low""","=""false"""
"=""đổi won ra vnd""","=""480""","=""0""","=""4""","=""Low""","=""false"""
"=""đổi won sang usd""","=""480""","=""0""","=""4""","=""Low""","=""false"""
"=""đổi đơn vị tiền tệ""","=""480""","=""0""","=""5""","=""Low""","=""true"""
"=""10 usd vnd""","=""390""","=""0""","=""3""","=""Low""","=""false"""
"=""100 đô vnd""","=""390""","=""0""","=""3""","=""Low""","=""false"""
"=""1ndt to vnd""","=""390""","=""0""","=""3""","=""Low""","=""false"""
"=""2 euro to vnd""","=""390""","=""0""","=""4""","=""Low""","=""false"""
"=""20 usd vnd""","=""390""","=""0""","=""3""","=""Low""","=""false"""
"=""200 usd vnd""","=""390""","=""0""","=""3""","=""Low""","=""false"""
"=""5 usd vnd""","=""390""","=""0""","=""3""","=""Low""","=""false"""
"=""bảng anh sang vnd""","=""390""","=""0""","=""4""","=""Low""","=""false"""
"=""doi dola""","=""390""","=""0""","=""2""","=""Low""","=""false"""
"=""doi ngoai te""","=""390""","=""0""","=""3""","=""Low""","=""false"""
"=""dola tu do""","=""390""","=""0""","=""3""","=""Low""","=""false"""
"=""dollar hôm nay""","=""390""","=""0""","=""3""","=""Low""","=""false"""
"=""euro chợ đen""","=""390""","=""0""","=""3""","=""Low""","=""false"""
"=""gia đô la chợ đen""","=""390""","=""0""","=""5""","=""Low""","=""false"""
"=""giá 100 đô hôm nay""","=""390""","=""0""","=""5""","=""Low""","=""false"""
"=""giá dô hôm nay""","=""390""","=""0""","=""4""","=""Low""","=""false"""
"=""giá ngoai tệ tệ hôm nay""","=""390""","=""0""","=""6""","=""Low""","=""false"""
"=""giá rúp""","=""390""","=""0""","=""2""","=""Low""","=""false"""
"=""giá tiền đô mỹ""","=""390""","=""0""","=""4""","=""Low""","=""false"""
"=""giá tiền đô mỹ hôm nay""","=""390""","=""0""","=""6""","=""Low""","=""true"""
"=""giá vàng và đô la hôm nay""","=""390""","=""0""","=""7""","=""Low""","=""false"""
"=""giá won ngày hôm nay""","=""390""","=""0""","=""5""","=""Low""","=""true"""
"=""giá won sang vnd""","=""390""","=""0""","=""4""","=""Low""","=""false"""
"=""giá đô la mỹ chợ đen ngày hôm nay""","=""390""","=""0""","=""9""","=""Low""","=""false"""
"=""giá đồng won""","=""390""","=""0""","=""3""","=""Low""","=""true"""
"=""mệnh giá euro""","=""390""","=""0""","=""3""","=""Low""","=""false"""
"=""mệnh giá tiền""","=""390""","=""0""","=""3""","=""Low""","=""true"""
"=""quy đổi euro""","=""390""","=""0""","=""3""","=""Low""","=""false"""
"=""ti gia hoi doi""","=""390""","=""0""","=""4""","=""Low""","=""false"""
"=""tiền tệ sang vnd""","=""390""","=""0""","=""4""","=""Low""","=""true"""
"=""tiền usd sang vnd""","=""390""","=""0""","=""4""","=""Low""","=""true"""
"=""đô mỹ giá hôm nay""","=""390""","=""0""","=""5""","=""Low""","=""false"""
"=""đô sing to vnd""","=""390""","=""0""","=""4""","=""Low""","=""true"""
"=""đô tự do""","=""390""","=""0""","=""3""","=""Low""","=""false"""
"=""đồng tiền euro""","=""390""","=""0""","=""3""","=""Low""","=""false"""
"=""đồng usd hôm nay""","=""390""","=""0""","=""4""","=""Low""","=""true"""
"=""đổi tiền đô ở tiệm vàng""","=""390""","=""0""","=""6""","=""Low""","=""false"""
"=""đổi từ won sang vnd""","=""390""","=""0""","=""5""","=""Low""","=""false"""
"=""1 dollar vnd""","=""320""","=""0""","=""3""","=""Low""","=""false"""
"=""10 nhân dân tệ""","=""320""","=""0""","=""4""","=""Low""","=""false"""
"=""1000 tiền đài""","=""320""","=""0""","=""3""","=""Low""","=""false"""
"=""biểu đồ giá đô la mỹ""","=""320""","=""0""","=""6""","=""Low""","=""true"""
"=""do la hom nay""","=""320""","=""0""","=""4""","=""Low""","=""false"""
"=""doi tien dola""","=""320""","=""0""","=""3""","=""Low""","=""false"""
"=""doi tien usd""","=""320""","=""0""","=""3""","=""Low""","=""false"""
"=""gia do la tu do""","=""320""","=""0""","=""5""","=""Low""","=""false"""
"=""gia do tu do""","=""320""","=""0""","=""4""","=""Low""","=""false"""
"=""gia đola my""","=""320""","=""0""","=""3""","=""Low""","=""false"""
"=""giá 1 usd""","=""320""","=""0""","=""3""","=""Low""","=""false"""
"=""giá 1 đô""","=""320""","=""0""","=""3""","=""Low""","=""false"""
"=""giá chợ đen usd""","=""320""","=""0""","=""4""","=""Low""","=""false"""
"=""giá dola ngày hôm nay""","=""320""","=""0""","=""5""","=""Low""","=""false"""
"=""giá ngoại tệ vietcombank""","=""320""","=""0""","=""4""","=""Low""","=""false"""
"=""giá tệ chợ đen""","=""320""","=""0""","=""4""","=""Low""","=""false"""
"=""giá won vnd""","=""320""","=""0""","=""3""","=""Low""","=""true"""
"=""giá đô mua vào hôm nay""","=""320""","=""0""","=""6""","=""Low""","=""false"""
"=""giá đô my ngày hôm nay""","=""320""","=""0""","=""6""","=""Low""","=""false"""
"=""giá đô mỹ ngày hôm nay""","=""320""","=""0""","=""6""","=""Low""","=""false"""
"=""giá đô ngân hàng""","=""320""","=""0""","=""4""","=""Low""","=""true"""
"=""giá đồng nhân dân tệ""","=""320""","=""0""","=""5""","=""Low""","=""false"""
"=""mệnh giá đô""","=""320""","=""0""","=""3""","=""Low""","=""false"""
"=""nhân dân tệ vnd""","=""320""","=""0""","=""4""","=""Low""","=""false"""
"=""quy đổi tiền trung""","=""320""","=""0""","=""4""","=""Low""","=""false"""
"=""thu đổi ngoại tệ minh thư""","=""320""","=""0""","=""6""","=""Low""","=""false"""
"=""tie giá đô""","=""320""","=""0""","=""3""","=""Low""","=""false"""
"=""tiền nhân dân tệ hôm nay""","=""320""","=""0""","=""6""","=""Low""","=""true"""
"=""tiền tệ usd""","=""320""","=""0""","=""3""","=""Low""","=""false"""
"=""tiền đô la mỹ hôm nay""","=""320""","=""0""","=""6""","=""Low""","=""false"""
"=""tygiado""","=""320""","=""0""","=""1""","=""Low""","=""false"""
"=""tệ qua vnd""","=""320""","=""0""","=""3""","=""Low""","=""false"""
"=""tỉ giá naver""","=""320""","=""0""","=""3""","=""Low""","=""false"""
"=""đổi tiền bath""","=""320""","=""0""","=""3""","=""Low""","=""false"""
"=""mua usd""","=""260""","=""0""","=""2""","=""Low""","=""false"""
"=""1 yên bang bao nhieu vnd""","=""260""","=""0""","=""6""","=""Low""","=""false"""
"=""10 đô vnd""","=""260""","=""0""","=""3""","=""Low""","=""false"""
"=""2 đô la mỹ""","=""260""","=""0""","=""4""","=""Medium""","=""false"""
"=""30 usd vnd""","=""260""","=""0""","=""3""","=""Low""","=""false"""
"=""5 dollar to vnd""","=""260""","=""0""","=""4""","=""Low""","=""false"""
"=""50 đô la""","=""260""","=""0""","=""3""","=""Low""","=""false"""
"=""bảng anh to usd""","=""260""","=""0""","=""4""","=""Low""","=""false"""
"=""chuyển vnd sang usd""","=""260""","=""0""","=""4""","=""Low""","=""false"""
"=""chỉ số usd hôm nay""","=""260""","=""0""","=""5""","=""Low""","=""true"""
"=""gia cad""","=""260""","=""0""","=""2""","=""Low""","=""false"""
"=""gia do sing""","=""260""","=""0""","=""3""","=""Low""","=""false"""
"=""gia dola hom nay cho den""","=""260""","=""0""","=""6""","=""Low""","=""false"""
"=""gia úd cho den""","=""260""","=""0""","=""4""","=""Low""","=""false"""
"=""giá chợ đen usd hôm nay""","=""260""","=""0""","=""6""","=""Low""","=""false"""
"=""giá eur hôm nay""","=""260""","=""0""","=""4""","=""Low""","=""false"""
"=""giá euro hôm nay chợ đen""","=""260""","=""0""","=""6""","=""Low""","=""false"""
"=""giá euro mua vào hôm nay""","=""260""","=""0""","=""6""","=""Low""","=""false"""
"=""giá kip lào""","=""260""","=""0""","=""3""","=""Low""","=""false"""
"=""giá ngoại tệ chợ đen ngày hôm nay""","=""260""","=""0""","=""8""","=""Low""","=""false"""
"=""giá nhân dân tệ chợ đen""","=""260""","=""0""","=""6""","=""Low""","=""false"""
"=""giá tiền usd hôm nay""","=""260""","=""0""","=""5""","=""Low""","=""true"""
"=""giá tiền đô la mỹ hôm nay""","=""260""","=""0.12""","=""7""","=""Low""","=""false"""
"=""giá usd mua vào hôm nay""","=""260""","=""0""","=""6""","=""Low""","=""false"""
"=""giá usd ngân hàng""","=""260""","=""0""","=""4""","=""Low""","=""false"""
"=""giá usd thị trường chợ đen""","=""260""","=""0""","=""6""","=""Low""","=""false"""
"=""giá usd thị trường chợ đen hôm nay""","=""260""","=""0""","=""8""","=""Low""","=""false"""
"=""giá usd vnd hôm nay""","=""260""","=""0""","=""5""","=""Low""","=""false"""
"=""giá đô bán ra hôm nay""","=""260""","=""0""","=""6""","=""Low""","=""false"""
"=""giá đô ca""","=""260""","=""0""","=""3""","=""Low""","=""false"""
"=""giá đô la hôm nay chợ đen""","=""260""","=""0""","=""7""","=""Low""","=""false"""
"=""giá đô la thị trường chợ đen""","=""260""","=""0""","=""7""","=""Low""","=""false"""
"=""giá đồng euro hôm nay""","=""260""","=""0""","=""5""","=""Low""","=""false"""
"=""hối đoái""","=""260""","=""0""","=""2""","=""Low""","=""false"""
"=""mua ngoại tệ""","=""260""","=""1.29""","=""3""","=""Low""","=""false"""
"=""mệnh giá đô la mỹ""","=""260""","=""0""","=""5""","=""Low""","=""false"""
"=""naver đổi tiền""","=""260""","=""0""","=""3""","=""Low""","=""false"""
"=""ngoại tệ chợ đen hôm nay""","=""260""","=""0""","=""6""","=""Low""","=""false"""
"=""phố hà trung đổi tiền""","=""260""","=""0""","=""5""","=""Low""","=""false"""
"=""quy đổi đô la""","=""260""","=""0""","=""4""","=""Low""","=""false"""
"=""ti gia nhan dan te""","=""260""","=""0""","=""5""","=""Low""","=""false"""
"=""tien do hom nay""","=""260""","=""0""","=""4""","=""Low""","=""false"""
"=""tien euro hom nay""","=""260""","=""0""","=""4""","=""Low""","=""false"""
"=""tien usd""","=""260""","=""0""","=""2""","=""Low""","=""false"""
"=""tiền đô cũ có đổi được không""","=""260""","=""0.41""","=""7""","=""Low""","=""false"""
"=""usd chợ đen ngày hôm nay""","=""260""","=""0""","=""6""","=""Low""","=""false"""
"=""usd giá chợ đen""","=""260""","=""0""","=""4""","=""Low""","=""false"""
"=""úd cho den""","=""260""","=""0""","=""3""","=""Low""","=""false"""
"=""đô la to vnd""","=""260""","=""0""","=""4""","=""Low""","=""false"""
"=""đô ra vnd""","=""260""","=""0""","=""3""","=""Low""","=""false"""
"=""đô usd""","=""260""","=""0""","=""2""","=""Low""","=""false"""
"=""đơn vị tiền""","=""260""","=""0""","=""3""","=""Low""","=""false"""
"=""đổi giá tiền""","=""260""","=""0""","=""3""","=""Low""","=""false"""
"=""đổi tiền mỹ""","=""260""","=""0""","=""3""","=""Low""","=""false"""
"=""đổi tiền vnd sang usd""","=""260""","=""0""","=""5""","=""Low""","=""false"""
"=""đổi usd vnd""","=""260""","=""0""","=""3""","=""Low""","=""false"""
"=""1 đô bằng""","=""210""","=""0""","=""3""","=""Low""","=""false"""
"=""1 đô la vnd""","=""210""","=""0""","=""4""","=""Low""","=""false"""
"=""1ndt bang bao nhieu vnd""","=""210""","=""0""","=""5""","=""Low""","=""false"""
"=""2 tỷ vnd to usd""","=""210""","=""0""","=""5""","=""Low""","=""false"""
"=""5 đô la mỹ""","=""210""","=""0""","=""4""","=""Low""","=""false"""
"=""500 nhân dân tệ""","=""210""","=""0""","=""4""","=""Low""","=""false"""
"=""bảng anh vnd""","=""210""","=""0""","=""3""","=""Low""","=""false"""
"=""chuyển đổi tiền đô""","=""210""","=""0""","=""4""","=""Low""","=""false"""
"=""các mệnh giá tiền đô la mỹ hiện nay""","=""210""","=""0""","=""9""","=""Low""","=""false"""
"=""do hom nay""","=""210""","=""0""","=""3""","=""Low""","=""false"""
"=""doi tien usd sang vnd""","=""210""","=""0""","=""5""","=""Low""","=""false"""
"=""dola hôm nay""","=""210""","=""0""","=""3""","=""Low""","=""false"""
"=""gia ngoai te hom nay""","=""210""","=""0""","=""5""","=""Low""","=""false"""
"=""gia nhan dan te""","=""210""","=""0""","=""4""","=""Low""","=""false"""
"=""gia tien do""","=""210""","=""0""","=""3""","=""Low""","=""false"""
"=""giá 1 euro""","=""210""","=""0""","=""3""","=""Low""","=""false"""
"=""giá aud chợ đen""","=""210""","=""0""","=""4""","=""Low""","=""true"""
"=""giá dola my hom nay""","=""210""","=""0""","=""5""","=""Low""","=""false"""
"=""giá euro chợ đen ngày hôm nay""","=""210""","=""0""","=""7""","=""Low""","=""false"""
"=""giá ngoại tệ ngày hôm nay""","=""210""","=""0""","=""6""","=""Low""","=""false"""
"=""giá peso""","=""210""","=""0""","=""2""","=""Low""","=""false"""
"=""giá tiền nhân dân tệ hôm nay""","=""210""","=""0""","=""7""","=""Low""","=""false"""
"=""giá tiền đô la""","=""210""","=""0""","=""4""","=""Low""","=""false"""
"=""giá usd mỹ""","=""210""","=""0""","=""3""","=""Low""","=""false"""
"=""giá vàng chợ đen ngày hôm nay""","=""210""","=""0""","=""7""","=""Low""","=""false"""
"=""giá úd ngày hôm nay""","=""210""","=""0""","=""5""","=""Low""","=""false"""
"=""giá đô bây giờ""","=""210""","=""0""","=""4""","=""Low""","=""false"""
"=""giá đô hôm nay tăng hay giảm""","=""210""","=""0""","=""7""","=""Low""","=""true"""
"=""giá đô hôm qua""","=""210""","=""0""","=""4""","=""Low""","=""false"""
"=""giá đô mua vào""","=""210""","=""0""","=""4""","=""Low""","=""false"""
"=""giá đô mỹ hôm nay chợ đen""","=""210""","=""0""","=""7""","=""Low""","=""false"""
"=""giá đồng usd""","=""210""","=""0""","=""3""","=""Low""","=""false"""
"=""giá đồng won hôm nay""","=""210""","=""0""","=""5""","=""Low""","=""true"""
"=""mệnh giá tiền euro""","=""210""","=""0.01""","=""4""","=""Low""","=""false"""
"=""mệnh giá usd""","=""210""","=""0""","=""3""","=""Low""","=""false"""
"=""quy đổi tiền yên""","=""210""","=""0""","=""4""","=""Low""","=""false"""
"=""tien ngoai tê""","=""210""","=""0""","=""3""","=""Low""","=""false"""
"=""tiền 100 đồng""","=""210""","=""0""","=""3""","=""Medium""","=""false"""
"=""usd giá""","=""210""","=""0""","=""2""","=""Low""","=""false"""
"=""usd hôm nay chợ đen""","=""210""","=""0""","=""5""","=""Low""","=""false"""
"=""đô usd hôm nay""","=""210""","=""0""","=""4""","=""Low""","=""false"""
"=""đồng đô la mỹ hôm nay""","=""210""","=""0""","=""6""","=""Low""","=""false"""
"=""đổi ringgit sang vnd""","=""210""","=""0""","=""4""","=""Low""","=""false"""
"=""đổi usd sang aud""","=""210""","=""0""","=""4""","=""Low""","=""false"""
"=""đổi usd to vnd""","=""210""","=""0""","=""4""","=""Low""","=""false"""
"=""đổi đô la mỹ""","=""210""","=""0""","=""4""","=""Low""","=""false"""
"=""đổi đơn vị tiền""","=""210""","=""0""","=""4""","=""Low""","=""false"""
"=""10 tỷ vnd to usd""","=""170""","=""0""","=""5""","=""Low""","=""false"""
"=""bán đô""","=""170""","=""0""","=""2""","=""Low""","=""false"""
"=""bảng giá ngoại tệ""","=""170""","=""0""","=""4""","=""Low""","=""false"""
"=""chi so dola my""","=""170""","=""0""","=""4""","=""Low""","=""true"""
"=""chuyển đổi vnd sang usd""","=""170""","=""0""","=""5""","=""Low""","=""false"""
"=""do la tu do""","=""170""","=""0""","=""4""","=""Low""","=""false"""
"=""do to vnd""","=""170""","=""0""","=""3""","=""Low""","=""false"""
"=""doi tien trung""","=""170""","=""0""","=""3""","=""Low""","=""false"""
"=""doi tien won""","=""170""","=""0""","=""3""","=""Low""","=""false"""
"=""dollar mỹ hôm nay""","=""170""","=""0""","=""4""","=""Low""","=""false"""
"=""euro tiền""","=""170""","=""0""","=""2""","=""Low""","=""false"""
"=""giá tiền đài tệ hôm nay""","=""170""","=""0""","=""6""","=""Low""","=""false"""
"=""giá usd jpy""","=""170""","=""1.82""","=""3""","=""Low""","=""true"""
"=""giá đô bán ra""","=""170""","=""0""","=""4""","=""Low""","=""false"""
"=""giá đô la mỹ bán ra hôm nay""","=""170""","=""0""","=""8""","=""Low""","=""false"""
"=""giá đô la mỹ tự do""","=""170""","=""0""","=""6""","=""Low""","=""false"""
"=""giá đô ngân hàng hôm nay""","=""170""","=""0""","=""6""","=""Low""","=""false"""
"=""giá đồng đô la""","=""170""","=""0""","=""4""","=""Low""","=""false"""
"=""giá đồng đô la hôm nay""","=""170""","=""0""","=""6""","=""Low""","=""false"""
"=""mệnh giá nhân dân tệ""","=""170""","=""0""","=""5""","=""Low""","=""false"""
"=""ngoại tệ usd""","=""170""","=""0""","=""3""","=""Low""","=""false"""
"=""quy đổi tiền euro""","=""170""","=""0""","=""4""","=""Low""","=""false"""
"=""quy đổi tiền usd""","=""170""","=""0""","=""4""","=""Low""","=""false"""
"=""quy đổi tiền usd sang vnd""","=""170""","=""0""","=""6""","=""Low""","=""false"""
"=""quy đổi won""","=""170""","=""0""","=""3""","=""Low""","=""false"""
"=""tiền aud""","=""170""","=""0""","=""2""","=""Low""","=""false"""
"=""usd giá hôm nay""","=""170""","=""0""","=""4""","=""Low""","=""false"""
"=""usd ngày hôm nay""","=""170""","=""0""","=""4""","=""Low""","=""false"""
"=""usd to vnd cho den""","=""170""","=""0""","=""5""","=""Low""","=""false"""
"=""won đổi sang vnd""","=""170""","=""0""","=""4""","=""Low""","=""false"""
"=""đô ca""","=""170""","=""0""","=""2""","=""Low""","=""false"""
"=""đổi tiền đô la""","=""170""","=""0""","=""4""","=""Low""","=""false"""
"=""đổi tiền đô mỹ""","=""170""","=""0""","=""4""","=""Low""","=""false"""
"=""đổi úd""","=""170""","=""0""","=""2""","=""Low""","=""false"""
"=""1 tỷ nhân dân tệ""","=""140""","=""0""","=""5""","=""Low""","=""false"""
"=""1 tỷ usd to vnd""","=""140""","=""0""","=""5""","=""Low""","=""false"""
"=""1 đô mỹ vnd""","=""140""","=""0""","=""4""","=""Low""","=""true"""
"=""100 đô mỹ hôm nay""","=""140""","=""0""","=""5""","=""Low""","=""false"""
"=""2 usd vnd""","=""140""","=""0""","=""3""","=""Low""","=""false"""
"=""5000 nhân dân tệ""","=""140""","=""0""","=""4""","=""Low""","=""false"""
"=""bang anh hom nay""","=""140""","=""0""","=""4""","=""Low""","=""false"""
"=""bán ngoại tệ""","=""140""","=""0""","=""3""","=""Low""","=""false"""
"=""bảng giá euro""","=""140""","=""0""","=""3""","=""Low""","=""false"""
"=""bảng giá tiền tệ""","=""140""","=""0""","=""4""","=""Low""","=""false"""
"=""bảng giá usd""","=""140""","=""0""","=""3""","=""Low""","=""false"""
"=""bảng quy đổi tiền tệ""","=""140""","=""0""","=""5""","=""Low""","=""false"""
"=""chuyển tệ sang vnd""","=""140""","=""0""","=""4""","=""Low""","=""false"""
"=""chuyển đổi euro sang vnd""","=""140""","=""0""","=""5""","=""Low""","=""false"""
"=""chuyển đổi tệ sang vnd""","=""140""","=""0""","=""5""","=""Low""","=""false"""
"=""chuyển đổi usd""","=""140""","=""0""","=""3""","=""Low""","=""false"""
"=""các mệnh giá euro""","=""140""","=""0""","=""4""","=""Low""","=""false"""
"=""các mệnh giá tiền euro""","=""140""","=""0""","=""5""","=""Low""","=""false"""
"=""gia bang anh hom nay""","=""140""","=""0""","=""5""","=""Low""","=""false"""
"=""gia dola cho den đen hôm nay""","=""140""","=""0""","=""7""","=""Low""","=""false"""
"=""gia dola cho đen""","=""140""","=""0""","=""4""","=""Low""","=""false"""
"=""gia dola my hôm nay""","=""140""","=""0""","=""5""","=""Low""","=""false"""
"=""gia dola tu do hom nay""","=""140""","=""0""","=""6""","=""Low""","=""false"""
"=""gia euro cho den hom nay""","=""140""","=""0""","=""6""","=""Low""","=""false"""
"=""gia usd tudo""","=""140""","=""0""","=""3""","=""Low""","=""false"""
"=""gia vang va dola hom nay""","=""140""","=""0""","=""6""","=""Low""","=""true"""
"=""gia đola my hom nay""","=""140""","=""0""","=""5""","=""Low""","=""false"""
"=""giá 1 đô la mỹ hôm nay""","=""140""","=""0""","=""7""","=""Low""","=""false"""
"=""giá bán usd hôm nay""","=""140""","=""0""","=""5""","=""Low""","=""false"""
"=""giá euro bán ra hôm nay""","=""140""","=""0""","=""6""","=""Low""","=""true"""
"=""giá ngoại tệ 24h""","=""140""","=""0""","=""4""","=""Low""","=""false"""
"=""giá nhân dân tệ chợ đen hôm nay""","=""140""","=""0""","=""8""","=""Low""","=""true"""
"=""giá ringgit""","=""140""","=""0""","=""2""","=""Low""","=""false"""
"=""giá tiền bảng anh""","=""140""","=""0""","=""4""","=""Low""","=""false"""
"=""giá tiền bảng anh hôm nay""","=""140""","=""0""","=""6""","=""Low""","=""false"""
"=""giá tiền mỹ""","=""140""","=""0""","=""3""","=""Low""","=""false"""
"=""giá trị tiền đô""","=""140""","=""0""","=""4""","=""Low""","=""false"""
"=""giá usd bán ra hôm nay""","=""140""","=""0""","=""6""","=""Low""","=""false"""
"=""giá usd mi hồng""","=""140""","=""0""","=""4""","=""Low""","=""false"""
"=""giá usd sang vnd""","=""140""","=""0""","=""4""","=""Low""","=""true"""
"=""giá đô la thị trường chợ đen hôm nay""","=""140""","=""0""","=""9""","=""Low""","=""false"""
"=""giá đô sing chợ đen hôm nay""","=""140""","=""0""","=""7""","=""Low""","=""false"""
"=""giá đô thị trường chợ đen""","=""140""","=""0""","=""6""","=""Low""","=""false"""
"=""giá đô tiệm vàng""","=""140""","=""0""","=""4""","=""Low""","=""false"""
"=""giá đồng nhân dân tệ hôm nay""","=""140""","=""0""","=""7""","=""Low""","=""false"""
"=""giá đồng usd hôm nay""","=""140""","=""0""","=""5""","=""Low""","=""true"""
"=""mua ngoại tệ ở ngân hàng""","=""140""","=""0""","=""6""","=""Low""","=""false"""
"=""ngân hàng đổi ngoại tệ""","=""140""","=""0""","=""5""","=""Low""","=""false"""
"=""quy doi dola""","=""140""","=""0""","=""3""","=""Low""","=""false"""
"=""quy doi tien""","=""140""","=""0""","=""3""","=""Low""","=""false"""
"=""quy đổi tiền won""","=""140""","=""0""","=""4""","=""Low""","=""false"""
"=""ti gia rmb""","=""140""","=""0""","=""3""","=""Low""","=""false"""
"=""tie giá euro""","=""140""","=""0""","=""3""","=""Low""","=""false"""
"=""tien euro gia bao nhieu hom nay""","=""140""","=""0""","=""7""","=""Low""","=""false"""
"=""tygia euro""","=""140""","=""0""","=""2""","=""Low""","=""false"""
"=""usd to vnd hôm nay""","=""140""","=""0""","=""5""","=""Low""","=""false"""
"=""usd đổi vnd""","=""140""","=""0""","=""3""","=""Low""","=""false"""
"=""yên nhật bản""","=""140""","=""0""","=""3""","=""Low""","=""false"""
"=""đô la ngày hôm nay""","=""140""","=""0""","=""5""","=""Low""","=""false"""
"=""đồng nhân dân tệ hôm nay""","=""140""","=""0""","=""6""","=""Low""","=""false"""
"=""đổi eur""","=""140""","=""0""","=""2""","=""Low""","=""false"""
"=""đổi tiền nhân dân tệ sang vnd""","=""140""","=""0""","=""7""","=""Low""","=""false"""
"=""đổi tiền peso sang vnd""","=""140""","=""0""","=""5""","=""Low""","=""false"""
"=""mua bán usd""","=""110""","=""1.51""","=""3""","=""Low""","=""false"""
"=""1 vnd usd""","=""110""","=""0""","=""3""","=""Low""","=""false"""
"=""1 yên bằng""","=""110""","=""0""","=""3""","=""Low""","=""false"""
"=""100 tỷ vnd to usd""","=""110""","=""0""","=""5""","=""Low""","=""false"""
"=""5 tỷ vnd to usd""","=""110""","=""0""","=""5""","=""Low""","=""true"""
"=""bán usd""","=""110""","=""0""","=""2""","=""Low""","=""false"""
"=""bảng giá tiền tệ thế giới""","=""110""","=""0""","=""6""","=""Low""","=""false"""
"=""bảng giá đô""","=""110""","=""0""","=""3""","=""Low""","=""false"""
"=""chuyển đổi nhân dân tệ""","=""110""","=""0""","=""5""","=""Low""","=""false"""
"=""chuyển đổi won sang vnd""","=""110""","=""0""","=""5""","=""Low""","=""false"""
"=""các mệnh giá đô la mỹ""","=""110""","=""0""","=""6""","=""Low""","=""false"""
"=""doi nhan dan te""","=""110""","=""0""","=""4""","=""Low""","=""false"""
"=""doi tien euro""","=""110""","=""0""","=""3""","=""Low""","=""false"""
"=""gia usd thi truong tu do""","=""110""","=""0""","=""6""","=""Low""","=""false"""
"=""giá bảng anh chợ đen""","=""110""","=""0""","=""5""","=""Low""","=""false"""
"=""giá dô mỹ hôm nay""","=""110""","=""0""","=""5""","=""Low""","=""false"""
"=""giá man hôm qua""","=""110""","=""0""","=""4""","=""Low""","=""false"""
"=""giá mua euro hôm nay""","=""110""","=""0""","=""5""","=""Low""","=""false"""
"=""giá mua đô hôm nay""","=""110""","=""0""","=""5""","=""Low""","=""false"""
"=""giá tiền hôm nay""","=""110""","=""0""","=""4""","=""Low""","=""false"""
"=""giá tiền man""","=""110""","=""0""","=""3""","=""Low""","=""false"""
"=""giá tiền đô hiện nay""","=""110""","=""0""","=""5""","=""Low""","=""false"""
"=""giá tiền đô la hôm nay""","=""110""","=""0""","=""6""","=""Low""","=""true"""
"=""giá tiền đô ngày hôm nay""","=""110""","=""0""","=""6""","=""Low""","=""false"""
"=""giá trị tiền tệ""","=""110""","=""0""","=""4""","=""Low""","=""false"""
"=""giá usd các ngân hàng""","=""110""","=""0""","=""5""","=""Low""","=""false"""
"=""giá usd hà trung""","=""110""","=""0""","=""4""","=""Low""","=""false"""
"=""giá usd hôm nay tại chợ đen""","=""110""","=""0""","=""7""","=""Low""","=""false"""
"=""giá usd techcombank""","=""110""","=""0""","=""3""","=""Low""","=""false"""
"=""giá usd to vnd""","=""110""","=""0""","=""4""","=""Low""","=""false"""
"=""giá vàng usd chợ đen hôm nay""","=""110""","=""0""","=""7""","=""Low""","=""false"""
"=""giá won naver""","=""110""","=""0""","=""3""","=""Low""","=""false"""
"=""giá won vnd hôm nay""","=""110""","=""0""","=""5""","=""Low""","=""false"""
"=""giá yên nhật bản hôm nay""","=""110""","=""0""","=""6""","=""Low""","=""false"""
"=""giá đô euro""","=""110""","=""0""","=""3""","=""Low""","=""true"""
"=""giá đô mỹ chợ đen ngày hôm nay""","=""110""","=""0""","=""8""","=""Low""","=""true"""
"=""giá đồng tiền euro""","=""110""","=""0""","=""4""","=""Low""","=""false"""
"=""giá đồng đô la mỹ""","=""110""","=""0""","=""5""","=""Low""","=""false"""
"=""hoán đổi tiền tệ""","=""110""","=""0""","=""4""","=""Low""","=""false"""
"=""mua đô la""","=""110""","=""0.85""","=""3""","=""Low""","=""false"""
"=""mệnh giá bảng anh""","=""110""","=""0""","=""4""","=""Low""","=""false"""
"=""mệnh giá tiền won""","=""110""","=""0""","=""4""","=""Low""","=""false"""
"=""naver tỉ giá""","=""110""","=""0""","=""3""","=""Low""","=""false"""
"=""quy đổi đô la mỹ""","=""110""","=""0""","=""5""","=""Low""","=""true"""
"=""tien bang anh""","=""110""","=""0""","=""3""","=""Low""","=""false"""
"=""tiền gbp""","=""110""","=""0""","=""2""","=""Low""","=""false"""
"=""tiền ngoại tệ hôm nay""","=""110""","=""0""","=""5""","=""Low""","=""false"""
"=""tiền tệ euro""","=""110""","=""0""","=""3""","=""Low""","=""false"""
"=""usd thị trường chợ đen""","=""110""","=""0""","=""5""","=""Low""","=""false"""
"=""usd tăng""","=""110""","=""0""","=""2""","=""Low""","=""false"""
"=""đô giá chợ đen""","=""110""","=""0""","=""4""","=""Low""","=""false"""
"=""đô ngày hôm nay""","=""110""","=""0""","=""4""","=""Low""","=""false"""
"=""đổi tiền bảng anh sang vnd""","=""110""","=""0""","=""6""","=""Low""","=""false"""
"=""đổi tiền dô""","=""110""","=""0""","=""3""","=""Low""","=""false"""
"=""đổi tiền peso""","=""110""","=""0""","=""3""","=""Low""","=""false"""
"=""đổi usd sang won""","=""110""","=""0""","=""4""","=""Low""","=""false"""
"=""1 bang anh""","=""90""","=""0""","=""3""","=""Low""","=""false"""
"=""1 bảng anh euro""","=""90""","=""0""","=""4""","=""Low""","=""false"""
"=""20 tỷ vnd to usd""","=""90""","=""0""","=""5""","=""Low""","=""true"""
"=""bảng giá chợ đen""","=""90""","=""0""","=""4""","=""Low""","=""false"""
"=""bảng giá usd hôm nay""","=""90""","=""0""","=""5""","=""Low""","=""false"""
"=""bảng giá đô la mỹ""","=""90""","=""0""","=""5""","=""Low""","=""false"""
"=""chuyển từ usd sang vnd""","=""90""","=""0""","=""5""","=""Low""","=""true"""
"=""chuyển won sang vnd""","=""90""","=""0""","=""4""","=""Low""","=""false"""
"=""chuyển đổi tiền usd sang vnd""","=""90""","=""0""","=""6""","=""Low""","=""false"""
"=""các loại tiền tệ""","=""90""","=""0""","=""4""","=""Low""","=""false"""
"=""các mệnh giá tiền euro hiện nay""","=""90""","=""0""","=""7""","=""Low""","=""false"""
"=""dola hom nay bao nhieu""","=""90""","=""0""","=""5""","=""Low""","=""true"""
"=""euro đồng""","=""90""","=""0""","=""2""","=""Low""","=""false"""
"=""gia do la tu do hom nay""","=""90""","=""0""","=""7""","=""Low""","=""false"""
"=""gia dola hom nay bao nhieu""","=""90""","=""0""","=""6""","=""Low""","=""false"""
"=""gia tien do hom nay""","=""90""","=""0""","=""5""","=""Low""","=""false"""
"=""gia tien euro""","=""90""","=""0""","=""3""","=""Low""","=""false"""
"=""gia tien yen""","=""90""","=""0""","=""3""","=""Low""","=""false"""
"=""giá bán usd""","=""90""","=""0""","=""3""","=""Low""","=""false"""
"=""giá euro hôm nay 24h""","=""90""","=""0""","=""5""","=""Low""","=""false"""
"=""giá euro hôm nay tăng hay giảm""","=""90""","=""0""","=""7""","=""Low""","=""true"""
"=""giá krw""","=""90""","=""0""","=""2""","=""Low""","=""false"""
"=""giá mua usd""","=""90""","=""0""","=""3""","=""Low""","=""false"""
"=""giá mua usd hôm nay""","=""90""","=""0""","=""5""","=""Low""","=""false"""
"=""giá trị đô la mỹ""","=""90""","=""0""","=""5""","=""Low""","=""false"""
"=""giá yên sbi""","=""90""","=""0""","=""3""","=""Low""","=""false"""
"=""giá đài hôm nay""","=""90""","=""0""","=""4""","=""Low""","=""false"""
"=""giá đô cho den hôm nay""","=""90""","=""0""","=""6""","=""Low""","=""false"""
"=""giá đô la mỹ thị trường chợ đen hôm nay""","=""90""","=""0""","=""10""","=""Low""","=""false"""
"=""giá đô techcombank""","=""90""","=""0""","=""3""","=""Low""","=""false"""
"=""giá đô thị trường""","=""90""","=""0""","=""4""","=""Low""","=""false"""
"=""giá đô thị trường hôm nay""","=""90""","=""0""","=""6""","=""Low""","=""false"""
"=""giá đồng đô""","=""90""","=""0""","=""3""","=""Low""","=""true"""
"=""giá đổi đô""","=""90""","=""0""","=""3""","=""Low""","=""false"""
"=""mệnh giá tiền mỹ""","=""90""","=""0""","=""4""","=""Low""","=""false"""
"=""mệnh giá won""","=""90""","=""0""","=""3""","=""Low""","=""true"""
"=""quy doi ngoai te""","=""90""","=""0""","=""4""","=""Low""","=""false"""
"=""ti gia euro vnd""","=""90""","=""0""","=""4""","=""Low""","=""false"""
"=""ti gia hoi doai""","=""90""","=""0""","=""4""","=""Low""","=""false"""
"=""ti gia ndt""","=""90""","=""0""","=""3""","=""Low""","=""false"""
"=""tie giá yên""","=""90""","=""0""","=""3""","=""Low""","=""false"""
"=""tiền bảng anh hôm nay""","=""90""","=""0""","=""5""","=""Low""","=""false"""
"=""tiền dollar mỹ""","=""90""","=""0""","=""3""","=""Low""","=""false"""
"=""tiền đô chợ đen hôm nay""","=""90""","=""0""","=""6""","=""Low""","=""false"""
"=""tygia net""","=""90""","=""0""","=""2""","=""Low""","=""false"""
"=""tyr giá yên""","=""90""","=""0""","=""3""","=""Low""","=""false"""
"=""usd giảm""","=""90""","=""0""","=""2""","=""Low""","=""false"""
"=""usd jpy hôm nay""","=""90""","=""0""","=""4""","=""Low""","=""false"""
"=""usd mỹ""","=""90""","=""0""","=""2""","=""Low""","=""false"""
"=""usd to vnd techcombank""","=""90""","=""0""","=""4""","=""Low""","=""false"""
"=""xếp hạng tiền tệ thế giới""","=""90""","=""0""","=""6""","=""Low""","=""false"""
"=""yên qua vnd""","=""90""","=""0""","=""3""","=""Low""","=""false"""
"=""đo la my""","=""90""","=""0""","=""3""","=""Low""","=""false"""
"=""đô euro""","=""90""","=""0""","=""2""","=""Low""","=""false"""
"=""đô giá nhiêu""","=""90""","=""0""","=""3""","=""Low""","=""true"""
"=""đô la vnd""","=""90""","=""0""","=""3""","=""Low""","=""false"""
"=""đô sang rub""","=""90""","=""0""","=""3""","=""Low""","=""false"""
"=""đồng tiền nhỏ nhất thế giới""","=""90""","=""0""","=""6""","=""Low""","=""false"""
"=""đổi tiền won sang usd""","=""90""","=""0""","=""5""","=""Low""","=""false"""
"=""đổi tiền đô sing""","=""90""","=""0""","=""4""","=""Low""","=""false"""
"=""đổi đô sang won""","=""90""","=""0""","=""4""","=""Low""","=""false"""
"=""1 ngan won bang bao nhieu vnd""","=""70""","=""0""","=""7""","=""Low""","=""false"""
"=""1 nhan dan te""","=""70""","=""0""","=""4""","=""Low""","=""false"""
"=""1 nhân dân tệ usd""","=""70""","=""0""","=""5""","=""Low""","=""false"""
"=""1 đồng euro""","=""70""","=""0""","=""3""","=""Low""","=""false"""
"=""7 tỷ vnd to usd""","=""70""","=""0""","=""5""","=""Low""","=""false"""
"=""bang anh to vnd""","=""70""","=""0""","=""4""","=""Low""","=""false"""
"=""biểu đồ giá euro""","=""70""","=""0""","=""4""","=""Low""","=""false"""
"=""bảng anh và euro""","=""70""","=""0""","=""4""","=""Low""","=""false"""
"=""bảng giá ngoại tệ hôm nay""","=""70""","=""0""","=""6""","=""Low""","=""false"""
"=""bảng giá đô hôm nay""","=""70""","=""0""","=""5""","=""Low""","=""false"""
"=""chuyển đổi đơn vị tiền tệ""","=""70""","=""0""","=""6""","=""Low""","=""false"""
"=""chỉ số usd dxy""","=""70""","=""0""","=""4""","=""Low""","=""true"""
"=""các mệnh giá usd""","=""70""","=""0""","=""4""","=""Low""","=""false"""
"=""công cụ đổi tiền""","=""70""","=""0""","=""4""","=""Low""","=""false"""
"=""euro giá chợ đen""","=""70""","=""0""","=""4""","=""Low""","=""false"""
"=""gia dollar hom nay""","=""70""","=""0""","=""4""","=""Low""","=""false"""
"=""gia dong yen""","=""70""","=""0""","=""3""","=""Low""","=""false"""
"=""giá 1 đô hôm nay""","=""70""","=""0""","=""5""","=""Low""","=""false"""
"=""giá 1 đô la mỹ""","=""70""","=""0""","=""5""","=""Low""","=""false"""
"=""giá bán euro hôm nay""","=""70""","=""0""","=""5""","=""Low""","=""false"""
"=""giá peso hôm nay""","=""70""","=""0""","=""4""","=""Low""","=""false"""
"=""giá tiền trung chợ đen hôm nay""","=""70""","=""0""","=""7""","=""Low""","=""false"""
"=""giá usd bán ra""","=""70""","=""0""","=""4""","=""Low""","=""false"""
"=""giá usd mua vào""","=""70""","=""0""","=""4""","=""Low""","=""false"""
"=""giá usd tăng""","=""70""","=""0""","=""3""","=""Low""","=""false"""
"=""giá vàng và ngoại tệ ngày hôm nay""","=""70""","=""0""","=""8""","=""Low""","=""false"""
"=""giá đô hôm nay bán ra""","=""70""","=""0""","=""6""","=""Low""","=""false"""
"=""giá đô hôm nay mua vào""","=""70""","=""0""","=""6""","=""Low""","=""true"""
"=""giá đô la mỹ hôm nay vietcombank""","=""70""","=""0""","=""7""","=""Low""","=""false"""
"=""giá đồng bảng anh""","=""70""","=""0""","=""4""","=""Low""","=""false"""
"=""mua euro""","=""70""","=""0""","=""2""","=""Low""","=""false"""
"=""mua đô ở ngân hàng""","=""70""","=""0""","=""5""","=""Low""","=""false"""
"=""mệnh giá tiền usd""","=""70""","=""0""","=""4""","=""Low""","=""false"""
"=""ngoai te hom nay""","=""70""","=""0""","=""4""","=""Low""","=""true"""
"=""ngoại tệ euro hôm nay""","=""70""","=""0""","=""5""","=""Low""","=""false"""
"=""ngoại tệ usd hôm nay""","=""70""","=""0""","=""5""","=""Low""","=""false"""
"=""ti gia vnd usd""","=""70""","=""0""","=""4""","=""Low""","=""false"""
"=""tien dola my hom nay""","=""70""","=""0""","=""5""","=""Low""","=""false"""
"=""tien đô la đoi sang vnd""","=""70""","=""0""","=""6""","=""Low""","=""false"""
"=""tiền tệ chợ đen""","=""70""","=""0""","=""4""","=""Low""","=""true"""
"=""tygiangoaite""","=""70""","=""0""","=""1""","=""Low""","=""false"""
"=""tyr giá won""","=""70""","=""0""","=""3""","=""Low""","=""false"""
"=""tỷ usd hôm nay""","=""70""","=""0""","=""4""","=""Low""","=""false"""
"=""usd và vnd""","=""70""","=""0""","=""3""","=""Low""","=""false"""
"=""vnd úd""","=""70""","=""0""","=""2""","=""Low""","=""false"""
"=""đô sing vnd""","=""70""","=""0""","=""3""","=""Low""","=""false"""
"=""đô usd sang vnd""","=""70""","=""0""","=""4""","=""Low""","=""false"""
"=""đồng bảng anh hôm nay""","=""70""","=""0""","=""5""","=""Low""","=""false"""
"=""đồng gbp""","=""70""","=""0""","=""2""","=""Low""","=""false"""
"=""đồng tiền giá trị thấp nhất thế giới""","=""70""","=""0""","=""8""","=""Low""","=""false"""
"=""đổi ngoại tệ online""","=""70""","=""0""","=""4""","=""Low""","=""false"""
"=""đổi tiền quốc trinh""","=""70""","=""0""","=""4""","=""Low""","=""false"""
"=""đổi tiền đô ở ngân hàng""","=""70""","=""0""","=""6""","=""Low""","=""false"""
"=""đổi won sang đô""","=""70""","=""0""","=""4""","=""Low""","=""false"""
"=""đổi won to vnd""","=""70""","=""0""","=""4""","=""Low""","=""true"""
"=""đổi đô ở ngân hàng""","=""70""","=""0""","=""5""","=""Low""","=""false"""
"=""2 dollar vnd""","=""50""","=""0""","=""3""","=""Low""","=""false"""
"=""bảng giá tiền đô""","=""50""","=""0""","=""4""","=""Low""","=""false"""
"=""chuyển tiền usd sang vnd""","=""50""","=""0""","=""5""","=""Low""","=""false"""
"=""chuyển đổi tiền tệ usd""","=""50""","=""0""","=""5""","=""Low""","=""false"""
"=""dịch tiền đô""","=""50""","=""0""","=""3""","=""Low""","=""false"""
"=""gia do la hien nay""","=""50""","=""0""","=""5""","=""Low""","=""false"""
"=""gia dola my cho den ngay hom nay""","=""50""","=""0""","=""8""","=""Low""","=""false"""
"=""gia euro ngay hom nay""","=""50""","=""0""","=""5""","=""Low""","=""false"""
"=""gia tien dola my""","=""50""","=""0""","=""4""","=""Low""","=""false"""
"=""giá 1 bảng anh""","=""50""","=""0""","=""4""","=""Low""","=""false"""
"=""giá 1 euro hôm nay""","=""50""","=""0""","=""5""","=""Low""","=""false"""
"=""giá bang anh""","=""50""","=""0""","=""3""","=""Low""","=""false"""
"=""giá bán euro""","=""50""","=""0""","=""3""","=""Low""","=""false"""
"=""giá tiền ngoại tệ""","=""50""","=""0""","=""4""","=""Low""","=""false"""
"=""giá tiền yên ngày hôm nay""","=""50""","=""0""","=""6""","=""Low""","=""false"""
"=""giá tiền yên nhật bản""","=""50""","=""0""","=""5""","=""Low""","=""false"""
"=""giá trị usd""","=""50""","=""0""","=""3""","=""Low""","=""false"""
"=""giá usd tiệm vàng""","=""50""","=""0""","=""4""","=""Low""","=""false"""
"=""giá vàng và ngoại tệ""","=""50""","=""0""","=""5""","=""Low""","=""false"""
"=""giá won hôm nay naver""","=""50""","=""0""","=""5""","=""Low""","=""true"""
"=""giá đô la cho den hôm nay""","=""50""","=""0""","=""7""","=""Low""","=""false"""
"=""giá đô thị trường chợ đen hôm nay""","=""50""","=""0""","=""8""","=""Low""","=""false"""
"=""giá đổi tiền đô""","=""50""","=""0""","=""4""","=""Low""","=""false"""
"=""jpy hôm nay""","=""50""","=""0""","=""3""","=""Low""","=""false"""
"=""ngân hàng đổi tiền đô""","=""50""","=""0""","=""5""","=""Low""","=""false"""
"=""quy tiền đô""","=""50""","=""0""","=""3""","=""Low""","=""false"""
"=""ti gai""","=""50""","=""0""","=""2""","=""Low""","=""false"""
"=""ti gia do la tu do""","=""50""","=""0""","=""6""","=""Low""","=""false"""
"=""ti gia tien trung""","=""50""","=""0""","=""4""","=""Low""","=""false"""
"=""ti gia vib""","=""50""","=""0""","=""3""","=""Low""","=""false"""
"=""ti gia vnd""","=""50""","=""0""","=""3""","=""Low""","=""false"""
"=""tien usd doi sang vnd""","=""50""","=""0""","=""5""","=""Low""","=""false"""
"=""tiền có mệnh giá thấp nhất thế giới""","=""50""","=""0""","=""8""","=""Low""","=""false"""
"=""tiền đô ngày hôm nay""","=""50""","=""0""","=""5""","=""Low""","=""false"""
"=""trị giá tiền đô""","=""50""","=""0""","=""4""","=""Low""","=""false"""
"=""tỷ lệ hối đoái""","=""50""","=""0""","=""4""","=""Low""","=""false"""
"=""usd tăng giá""","=""50""","=""0""","=""3""","=""Low""","=""true"""
"=""won sang vnd hôm nay""","=""50""","=""0""","=""5""","=""Low""","=""false"""
"=""đôla hôm nay""","=""50""","=""0""","=""3""","=""Low""","=""false"""
"=""đổi tiền dollar""","=""50""","=""0""","=""3""","=""Low""","=""false"""
"=""đổi tiền đô la mỹ""","=""50""","=""0""","=""5""","=""Low""","=""false"""
"=""đổi đô sing sang usd""","=""50""","=""0""","=""5""","=""Low""","=""false"""
"=""biểu đồ eur usd""","=""40""","=""0""","=""4""","=""Low""","=""false"""
"=""bảng giá đô la mỹ hôm nay""","=""40""","=""0""","=""7""","=""Low""","=""false"""
"=""bảng vnd""","=""40""","=""0""","=""2""","=""Low""","=""false"""
"=""bảng đổi tiền tệ""","=""40""","=""0""","=""4""","=""Low""","=""true"""
"=""chuyển đổi euro sang usd""","=""40""","=""0""","=""5""","=""Low""","=""false"""
"=""các loại tiền tệ trên thế giới""","=""40""","=""0""","=""7""","=""Low""","=""false"""
"=""cách đổi usd sang vnd""","=""40""","=""0""","=""5""","=""Low""","=""false"""
"=""gia rub""","=""40""","=""0""","=""2""","=""Low""","=""true"""
"=""giá bee network""","=""40""","=""0""","=""3""","=""Low""","=""false"""
"=""giá bán đô la mỹ hôm nay""","=""40""","=""0""","=""7""","=""Low""","=""false"""
"=""giá rm hôm nay""","=""40""","=""0""","=""4""","=""Low""","=""true"""
"=""giá tiền kip hôm nay""","=""40""","=""0""","=""5""","=""Low""","=""false"""
"=""giá tiền ngoại tệ hôm nay""","=""40""","=""0""","=""6""","=""Low""","=""false"""
"=""giá tiền thế giới""","=""40""","=""0""","=""4""","=""Low""","=""false"""
"=""giá tiền trung chợ đen""","=""40""","=""0""","=""5""","=""Low""","=""false"""
"=""giá đô la mỹ thị trường chợ đen""","=""40""","=""0""","=""8""","=""Low""","=""false"""
"=""giá đồng rúp hôm nay""","=""40""","=""0""","=""5""","=""Low""","=""false"""
"=""menh gia dola""","=""40""","=""0""","=""3""","=""Low""","=""false"""
"=""mua usd ở ngân hàng""","=""40""","=""0""","=""5""","=""Low""","=""false"""
"=""mệnh giá tiền euro hôm nay""","=""40""","=""0""","=""6""","=""Low""","=""false"""
"=""mệnh giá đô la mỹ hôm nay""","=""40""","=""0""","=""7""","=""Low""","=""false"""
"=""ngoại tệ bảng anh""","=""40""","=""0""","=""4""","=""Low""","=""false"""
"=""quy đổi tiền tệ euro""","=""40""","=""0""","=""5""","=""Low""","=""true"""
"=""thị trường hối đoái""","=""40""","=""0""","=""4""","=""Low""","=""false"""
"=""ti gia dong yen""","=""40""","=""0""","=""4""","=""Low""","=""false"""
"=""ti gia peso""","=""40""","=""0""","=""3""","=""Low""","=""false"""
"=""ti gia đo""","=""40""","=""0""","=""3""","=""Low""","=""false"""
"=""tiền 100 đô la mỹ""","=""40""","=""0""","=""5""","=""High""","=""false"""
"=""trị giá euro""","=""40""","=""0""","=""3""","=""Low""","=""false"""
"=""tài khoản ngoại tệ vietcombank""","=""40""","=""0""","=""5""","=""Low""","=""false"""
"=""usd sang won""","=""40""","=""0""","=""3""","=""Low""","=""false"""
"=""webgia com usd""","=""40""","=""0""","=""3""","=""Low""","=""false"""
"=""đô la chợ đen ngày hôm nay""","=""40""","=""0""","=""7""","=""Low""","=""true"""
"=""đồng 1 đô la mỹ""","=""40""","=""0""","=""5""","=""Medium""","=""false"""
"=""đổi won qua vnd""","=""40""","=""0""","=""4""","=""Low""","=""false"""
"=""1 euro to vnd hôm nay""","=""30""","=""0""","=""6""","=""Low""","=""false"""
"=""bảng giá tỉ số""","=""30""","=""0""","=""4""","=""Low""","=""true"""
"=""dự đoán giá đô la mỹ tuần tới""","=""30""","=""0""","=""8""","=""Low""","=""false"""
"=""euro và bảng anh""","=""30""","=""0""","=""4""","=""Low""","=""false"""
"=""gia tien won doi sang vnd""","=""30""","=""0""","=""6""","=""Low""","=""false"""
"=""gias euro hoom nay""","=""30""","=""0""","=""4""","=""Low""","=""true"""
"=""giá chợ đen euro""","=""30""","=""0""","=""4""","=""Low""","=""false"""
"=""giá eur vnd""","=""30""","=""0""","=""3""","=""Low""","=""false"""
"=""giá kip lào hôm nay""","=""30""","=""0""","=""5""","=""Low""","=""true"""
"=""giá ngoại tệ euro hom nay""","=""30""","=""0""","=""6""","=""Low""","=""false"""
"=""giá tiền bath""","=""30""","=""0""","=""3""","=""Low""","=""true"""
"=""giá tiền yên nhật bản hôm nay""","=""30""","=""0""","=""7""","=""Low""","=""false"""
"=""giá tiền đài ngày hôm nay""","=""30""","=""0""","=""6""","=""Low""","=""false"""
"=""giá trị đồng euro""","=""30""","=""0""","=""4""","=""Low""","=""true"""
"=""giá usd hôm nay bán ra""","=""30""","=""0""","=""6""","=""Low""","=""false"""
"=""giá usd mi hồng hôm nay""","=""30""","=""0""","=""6""","=""Low""","=""true"""
"=""giá đô hôm nay tại các ngân hàng""","=""30""","=""0""","=""8""","=""Low""","=""false"""
"=""giá đôla tự do""","=""30""","=""0""","=""4""","=""Low""","=""false"""
"=""hoi doai euro hom nay""","=""30""","=""0""","=""5""","=""Low""","=""false"""
"=""hối đoái hôm nay""","=""30""","=""0""","=""4""","=""Low""","=""false"""
"=""mua bán đô la mỹ""","=""30""","=""0""","=""5""","=""Low""","=""false"""
"=""mua đô la mỹ""","=""30""","=""0""","=""4""","=""Low""","=""false"""
"=""ngoai te euro hom nay""","=""30""","=""0""","=""5""","=""Low""","=""false"""
"=""quy đổi tiền đô sang vnd""","=""30""","=""0""","=""6""","=""Low""","=""false"""
"=""quy đổi usd qua vnd""","=""30""","=""0""","=""5""","=""Low""","=""false"""
"=""quốc trinh đổi tiền""","=""30""","=""0""","=""4""","=""Low""","=""false"""
"=""ti gia eur vnd""","=""30""","=""0""","=""4""","=""Low""","=""false"""
"=""ti gia tien do""","=""30""","=""0""","=""4""","=""Low""","=""false"""
"=""ti gia tien te""","=""30""","=""0""","=""4""","=""Low""","=""false"""
"=""tie giá đài tệ""","=""30""","=""0""","=""4""","=""Low""","=""false"""
"=""tien đo đoi sang vnd""","=""30""","=""0""","=""5""","=""Low""","=""true"""
"=""tien đô la mỹ đoi sang vnd""","=""30""","=""0""","=""7""","=""Low""","=""true"""
"=""tiền kip hôm nay""","=""30""","=""0""","=""4""","=""Low""","=""false"""
"=""tygia com""","=""30""","=""0""","=""2""","=""Low""","=""false"""
"=""tyr giá đô""","=""30""","=""0""","=""3""","=""Low""","=""true"""
"=""tỉ giá xe""","=""30""","=""0""","=""3""","=""Low""","=""false"""
"=""tỷ lệ tiền tệ""","=""30""","=""0""","=""4""","=""Low""","=""true"""
"=""tỷ lệ tiền đài""","=""30""","=""0""","=""4""","=""Low""","=""true"""
"=""đơn vị đổi tiền""","=""30""","=""0""","=""4""","=""Low""","=""false"""
"=""đổi dollar sing sang vnd""","=""30""","=""0""","=""5""","=""Low""","=""false"""
"=""đổi tiền tệ usd""","=""30""","=""0""","=""4""","=""Low""","=""false"""
"=""dự đoán xauusd""","=""20""","=""0""","=""3""","=""Low""","=""false"""
"=""1 tỷ dong to usd""","=""20""","=""0""","=""5""","=""Low""","=""false"""
"=""1 tỷ vnd to aud""","=""20""","=""0""","=""5""","=""Low""","=""false"""
"=""1 won bang bao nhieu vnd""","=""20""","=""0""","=""6""","=""Low""","=""false"""
"=""biểu đồ jpy vnd""","=""20""","=""0""","=""4""","=""Low""","=""false"""
"=""bảng anh ngày hôm nay""","=""20""","=""0""","=""5""","=""Low""","=""false"""
"=""bảng giá đô la hôm nay""","=""20""","=""0""","=""6""","=""Low""","=""false"""
"=""công cụ chuyển đổi tiền""","=""20""","=""0""","=""5""","=""Low""","=""false"""
"=""doi tien bath""","=""20""","=""0""","=""3""","=""Low""","=""false"""
"=""gia dola my ngay hom nay""","=""20""","=""0""","=""6""","=""Low""","=""false"""
"=""gia dola tudo hom nay""","=""20""","=""0""","=""5""","=""Low""","=""false"""
"=""gia ngoai tệ hom nay""","=""20""","=""0""","=""5""","=""Low""","=""false"""
"=""gia tien dola hom nay""","=""20""","=""0""","=""5""","=""Low""","=""false"""
"=""gias man hôm nay""","=""20""","=""0""","=""4""","=""Low""","=""false"""
"=""giá euro và usd""","=""20""","=""0""","=""4""","=""Low""","=""false"""
"=""giá ngoại tệ thị trường chợ đen""","=""20""","=""0""","=""7""","=""Low""","=""false"""
"=""giá ngoại tệ usd hôm nay""","=""20""","=""0""","=""6""","=""Low""","=""false"""
"=""giá quy đổi euro""","=""20""","=""0""","=""4""","=""Low""","=""false"""
"=""giá quy đổi usd""","=""20""","=""0""","=""4""","=""Low""","=""false"""
"=""giá đô la mỹ trong ngày hôm nay""","=""20""","=""0""","=""8""","=""Low""","=""false"""
"=""giá đôla chợ đen""","=""20""","=""0""","=""4""","=""Low""","=""false"""
"=""mệnh giá tiền đô hiện nay""","=""20""","=""0""","=""6""","=""Low""","=""false"""
"=""ngoại tệ mỹ""","=""20""","=""0""","=""3""","=""Low""","=""false"""
"=""quy đổi ngoại tệ usd""","=""20""","=""0""","=""5""","=""Low""","=""false"""
"=""ti gia tien yen""","=""20""","=""0""","=""4""","=""Low""","=""false"""
"=""tien do my hom nay""","=""20""","=""0""","=""5""","=""Low""","=""false"""
"=""tien won doi sang vnd""","=""20""","=""0""","=""5""","=""Low""","=""true"""
"=""tiền euro chợ đen""","=""20""","=""0""","=""4""","=""Low""","=""false"""
"=""tri gia ngoai te24h""","=""20""","=""0""","=""4""","=""Low""","=""false"""
"=""tygia usd""","=""20""","=""0""","=""2""","=""Low""","=""true"""
"=""tyr giá euro hôm nay""","=""20""","=""0""","=""5""","=""Low""","=""false"""
"=""tỷ lệ đô la""","=""20""","=""0""","=""4""","=""Low""","=""false"""
"=""tỷ số hối đoái""","=""20""","=""0""","=""4""","=""Low""","=""false"""
"=""đổi 2 đô""","=""20""","=""0""","=""3""","=""Low""","=""false"""
"=""đổi tiền tệ euro""","=""20""","=""0""","=""4""","=""Low""","=""false"""
"=""1 tệ vnd 2022""","=""10""","=""0""","=""4""","=""Low""","=""false"""
"=""1 won vnd 2021""","=""10""","=""0""","=""4""","=""Low""","=""false"""
"=""1 won vnd 2022""","=""10""","=""0""","=""4""","=""Low""","=""false"""
"=""bảng giá tỉ số tối nay""","=""10""","=""0""","=""6""","=""Low""","=""true"""
"=""bằng giá chợ đen""","=""10""","=""0""","=""4""","=""Low""","=""false"""
"=""chuyển tiền tệ sang vnd""","=""10""","=""0""","=""5""","=""Low""","=""false"""
"=""cong cu doi tien""","=""10""","=""0""","=""4""","=""Low""","=""false"""
"=""các đơn vị tiền tệ trên thế giới""","=""10""","=""0""","=""8""","=""Low""","=""false"""
"=""doi tien dola sang vnd""","=""10""","=""0""","=""5""","=""Low""","=""false"""
"=""dong rup doi ra usd""","=""10""","=""0""","=""5""","=""Low""","=""false"""
"=""gia do la thi truong""","=""10""","=""0""","=""5""","=""Low""","=""false"""
"=""gia dong rup""","=""10""","=""0""","=""3""","=""Low""","=""false"""
"=""gia ngoai hom nay""","=""10""","=""0""","=""4""","=""Low""","=""false"""
"=""gia ngoai te euro hom nay""","=""10""","=""0""","=""6""","=""Low""","=""false"""
"=""gia tien rup ngay hom nay""","=""10""","=""0""","=""6""","=""Low""","=""false"""
"=""gias euro hom nay""","=""10""","=""0""","=""4""","=""Low""","=""false"""
"=""giá bảng anh ngoại chợ đen hôm nay""","=""10""","=""0""","=""8""","=""Low""","=""false"""
"=""giá euro chợ đen hôm nay 9 3 2020""","=""10""","=""0""","=""9""","=""Low""","=""false"""
"=""giá fxt hôm nay""","=""10""","=""0""","=""4""","=""Low""","=""false"""
"=""giá man bán ra hôm nay""","=""10""","=""0""","=""6""","=""Low""","=""false"""
"=""giá tiền forint""","=""10""","=""0""","=""3""","=""Low""","=""false"""
"=""giá tiền lei hôm nay""","=""10""","=""0""","=""5""","=""Low""","=""false"""
"=""giá tiền rúp hôm nay""","=""10""","=""0""","=""5""","=""Low""","=""false"""
"=""giá usd hôm nay ở tiệm vàng""","=""10""","=""0""","=""7""","=""Low""","=""false"""
"=""giá usd trên thị trường ngày hôm nay""","=""10""","=""0""","=""8""","=""Low""","=""false"""
"=""giá usd trên thị trường ngày hôm nay chợ đen""","=""10""","=""0""","=""10""","=""Low""","=""false"""
"=""giá đô mỹ hôm nay tại tiệm vàng""","=""10""","=""0""","=""8""","=""Low""","=""false"""
"=""giá đồng rub""","=""10""","=""0""","=""3""","=""Low""","=""false"""
"=""giá đồng rúp ngày hôm nay""","=""10""","=""0""","=""6""","=""Low""","=""false"""
"=""hối đoái euro""","=""10""","=""0""","=""3""","=""Low""","=""false"""
"=""mua tiền tệ""","=""10""","=""0""","=""3""","=""Low""","=""false"""
"=""nhận định gbpusd hôm nay""","=""10""","=""0""","=""5""","=""Low""","=""false"""
"=""quy doi tien usd""","=""10""","=""0""","=""4""","=""Low""","=""true"""
"=""quy đổi usd quả vnd""","=""10""","=""0""","=""5""","=""Low""","=""false"""
"=""sbi giá man hôm nay""","=""10""","=""0""","=""5""","=""Low""","=""false"""
"=""sbi remit giá man""","=""10""","=""0""","=""4""","=""Low""","=""false"""
"=""ti gia ca""","=""10""","=""0""","=""3""","=""Low""","=""false"""
"=""tia gia usd""","=""10""","=""0""","=""3""","=""Low""","=""false"""
"=""tie giá hôm nay""","=""10""","=""0""","=""4""","=""Low""","=""false"""
"=""tien rup doi sang usd""","=""10""","=""0""","=""5""","=""Low""","=""false"""
"=""tien won doi ra usd hom nay""","=""10""","=""0""","=""7""","=""Low""","=""false"""
"=""trị giá bảng anh hôm nay""","=""10""","=""0""","=""6""","=""Low""","=""false"""
"=""trị giá đô la mỹ""","=""10""","=""0""","=""5""","=""Low""","=""false"""
"=""tyr giá man""","=""10""","=""0""","=""3""","=""Low""","=""false"""
"=""tyr giá ngoại tệ""","=""10""","=""0""","=""4""","=""Low""","=""false"""
"=""usd doi rup""","=""10""","=""0""","=""3""","=""Low""","=""false"""
"=""usd na vnd""","=""10""","=""0""","=""3""","=""Low""","=""false"""
"=""usd to vnd hom nay""","=""10""","=""0""","=""5""","=""Low""","=""false"""
"=""usd to vnd online""","=""10""","=""0""","=""4""","=""Low""","=""false"""
"=""đôla chợ đen""","=""10""","=""0""","=""3""","=""Low""","=""false"""
"=""đổi tiền lei sang usd""","=""10""","=""0""","=""5""","=""Low""","=""false"""
"=""đổi tiền usd qua vnd""","=""10""","=""0""","=""5""","=""Low""","=""false"""
"=""đổi tiền won qua vnd""","=""10""","=""0""","=""5""","=""Low""","=""false"""
"=""tỉ giá rub usd""","=""0""","=""0""","=""4""","=""Low""","=""false"""
"=""tỷ lệ trượt giá cpi năm 2025""","=""0""","=""0""","=""7""","=""Low""","=""false"""
"=""tỷ lệ trượt giá cpi năm 2023""","=""0""","=""0""","=""7""","=""Low""","=""false"""
"=""giá rockwool tỷ trọng 80kg m3""","=""0""","=""0""","=""6""","=""Low""","=""false"""
"=""giá tỷ số wc hôm nay""","=""0""","=""0""","=""6""","=""Low""","=""false"""
"=""giá tỷ số wc""","=""0""","=""0""","=""4""","=""Low""","=""false"""
"=""giá 4 tỷ""","=""0""","=""0""","=""3""","=""Low""","=""false"""
"=""thế nào là tỷ suất giá trị thặng dư""","=""0""","=""0""","=""9""","=""Low""","=""false"""
"=""thế nào là tỷ lệ giá trị dư thừa""","=""0""","=""0""","=""9""","=""Low""","=""false"""
"=""tỷ lệ trượt giá để tính lương hưu""","=""0""","=""0""","=""8""","=""Low""","=""false"""
