Keyword,Volume,CPC,Word count,PPC Competition,Trending
"=""vay tín chấp""","=""12100""","=""1.45""","=""3""","=""Medium""","=""false"""
"=""vay tin chap""","=""12100""","=""1.45""","=""3""","=""Medium""","=""false"""
"=""vay tin chấp""","=""12100""","=""1.45""","=""3""","=""Medium""","=""false"""
"=""vay tín chấp là gì""","=""5400""","=""0.66""","=""5""","=""Medium""","=""false"""
"=""vay tín chấp online""","=""1900""","=""1.5""","=""4""","=""Medium""","=""false"""
"=""vay tin chap online""","=""1900""","=""1.5""","=""4""","=""Medium""","=""false"""
"=""vay tín chấp vpbank""","=""1600""","=""0.81""","=""4""","=""Medium""","=""false"""
"=""vay tin chap vpbank""","=""1600""","=""0.81""","=""4""","=""Medium""","=""false"""
"=""vay tin chap vp bank""","=""1600""","=""0.81""","=""5""","=""Medium""","=""false"""
"=""vay tin chap vpb""","=""1600""","=""0.81""","=""4""","=""Medium""","=""false"""
"=""vay tín chấp ngân hàng""","=""1300""","=""1.03""","=""5""","=""Medium""","=""true"""
"=""vay tín chấp vietcombank""","=""1300""","=""0.86""","=""4""","=""Medium""","=""false"""
"=""vay tin chap vcb""","=""1300""","=""0.86""","=""4""","=""Medium""","=""false"""
"=""vay tin chap ngan hang""","=""1300""","=""1.03""","=""5""","=""Medium""","=""true"""
"=""vay tín chấp vcb""","=""1300""","=""0.86""","=""4""","=""Medium""","=""false"""
"=""vay tin chap vietcombank""","=""1300""","=""0.86""","=""4""","=""Medium""","=""false"""
"=""vay tín chấp ngan hang""","=""1300""","=""1.03""","=""5""","=""Medium""","=""true"""
"=""vay tín chấp techcombank""","=""880""","=""0.61""","=""4""","=""Medium""","=""true"""
"=""vay tín chấp doanh nghiệp""","=""590""","=""1.59""","=""5""","=""Medium""","=""true"""
"=""vay tín chấp mb bank""","=""590""","=""0.81""","=""5""","=""Medium""","=""false"""
"=""vay tin chap mbbank""","=""590""","=""0.81""","=""4""","=""Medium""","=""false"""
"=""vay tín chấp là sao""","=""590""","=""0.65""","=""5""","=""Medium""","=""false"""
"=""vay tín chấp tpbank""","=""480""","=""0.92""","=""4""","=""Medium""","=""false"""
"=""vay tín chấp vietinbank""","=""480""","=""0.79""","=""4""","=""Medium""","=""false"""
"=""vay tín chấp agribank""","=""480""","=""0.62""","=""4""","=""Medium""","=""false"""
"=""vay tín chấp vib""","=""480""","=""0.73""","=""4""","=""Medium""","=""false"""
"=""vay tín chấp bidv""","=""480""","=""0.63""","=""4""","=""Medium""","=""false"""
"=""vay tin chap tpbank""","=""480""","=""0.92""","=""4""","=""Medium""","=""false"""
"=""vay tin chap agribank""","=""480""","=""0.62""","=""4""","=""Medium""","=""false"""
"=""vay tin chap bidv""","=""480""","=""0.63""","=""4""","=""Medium""","=""false"""
"=""vay tin chap vib""","=""480""","=""0.73""","=""4""","=""Medium""","=""false"""
"=""vay tin chap vietinbank""","=""480""","=""0.79""","=""4""","=""Medium""","=""false"""
"=""vay tín chấp tienphongbank""","=""480""","=""0.92""","=""4""","=""Medium""","=""false"""
"=""vay tín chấp theo lương""","=""390""","=""1""","=""5""","=""Medium""","=""false"""
"=""vay tín chấp shinhan""","=""320""","=""0.63""","=""4""","=""Medium""","=""false"""
"=""vay tín chấp shinhan bank""","=""320""","=""0.57""","=""5""","=""Medium""","=""false"""
"=""vay tín chấp mb""","=""320""","=""0.81""","=""4""","=""Medium""","=""false"""
"=""vay tin chap shinhan""","=""320""","=""0.63""","=""4""","=""Medium""","=""false"""
"=""vay tin chap mb""","=""320""","=""0.81""","=""4""","=""Medium""","=""false"""
"=""vay tin chap shinhan bank""","=""320""","=""0.57""","=""5""","=""Medium""","=""false"""
"=""vay tin chap shinhanbank""","=""320""","=""0.57""","=""4""","=""Medium""","=""false"""
"=""vay tin chấp shinhan""","=""320""","=""0.63""","=""4""","=""Medium""","=""false"""
"=""vay tín chấp vib online""","=""260""","=""0.99""","=""5""","=""Medium""","=""false"""
"=""vay tín chấp mbbank cần những gì""","=""260""","=""0.56""","=""7""","=""Medium""","=""false"""
"=""vay tín chấp dễ duyệt""","=""260""","=""1.28""","=""5""","=""High""","=""true"""
"=""vay tín chấp sacombank""","=""210""","=""0.76""","=""4""","=""Medium""","=""false"""
"=""vay tín chấp acb""","=""210""","=""0.73""","=""4""","=""Medium""","=""false"""
"=""vay tín chấp không chứng minh thu nhập""","=""210""","=""1.27""","=""8""","=""Medium""","=""true"""
"=""vay tín chấp chỉ cần cccd""","=""210""","=""1.15""","=""6""","=""Medium""","=""true"""
"=""vay tin chap sacombank""","=""210""","=""0.76""","=""4""","=""Medium""","=""false"""
"=""vay tin chấp sacombank""","=""210""","=""0.76""","=""4""","=""Medium""","=""false"""
"=""vay tín chấp tpbank lừa đảo""","=""210""","=""2.11""","=""6""","=""Low""","=""true"""
"=""vay tín chấp nhanh""","=""170""","=""1.45""","=""4""","=""Medium""","=""false"""
"=""vay tín chấp hd bank""","=""170""","=""0.94""","=""5""","=""Medium""","=""false"""
"=""vay tín chấp ngân hàng mb""","=""170""","=""0.69""","=""6""","=""Medium""","=""false"""
"=""vay tín chấp hsbc""","=""170""","=""0.76""","=""4""","=""Medium""","=""false"""
"=""vay tin chap nhanh""","=""170""","=""1.45""","=""4""","=""Medium""","=""false"""
"=""vay tin chap hd bank""","=""170""","=""0.94""","=""5""","=""Medium""","=""false"""
"=""vay tin chap hdbank""","=""170""","=""0.94""","=""4""","=""Medium""","=""false"""
"=""vay tin chap ngan hang mb""","=""170""","=""0.69""","=""6""","=""Medium""","=""false"""
"=""vay tín chấp hdbank""","=""170""","=""0.94""","=""4""","=""Medium""","=""false"""
"=""vay tín chấp nợ xấu""","=""170""","=""1.36""","=""5""","=""Medium""","=""false"""
"=""vay tín chấp lãi suất thấp""","=""140""","=""1""","=""6""","=""Medium""","=""false"""
"=""vay tín chấp vpbank online""","=""140""","=""1.06""","=""5""","=""Medium""","=""false"""
"=""vay tín chấp shb""","=""140""","=""0.83""","=""4""","=""Medium""","=""false"""
"=""vay tín chấp ngân hàng agribank""","=""140""","=""0.44""","=""6""","=""Medium""","=""true"""
"=""vay tín chấp hộ kinh doanh""","=""140""","=""1.21""","=""6""","=""High""","=""false"""
"=""vay tín chấp tp bank""","=""140""","=""0.8""","=""5""","=""Medium""","=""false"""
"=""vay tín chấp 200 triệu trong 5 năm agribank""","=""140""","=""0.63""","=""9""","=""Low""","=""false"""
"=""vay tin chap ngan hang agribank""","=""140""","=""0.44""","=""6""","=""Medium""","=""true"""
"=""vay tin chap shb""","=""140""","=""0.83""","=""4""","=""Medium""","=""false"""
"=""vay tin chap tp bank""","=""140""","=""0.8""","=""5""","=""Medium""","=""false"""
"=""vay tín chấp là j""","=""140""","=""0.62""","=""5""","=""Medium""","=""false"""
"=""vay tín chấp hd saison""","=""110""","=""0.82""","=""5""","=""Medium""","=""true"""
"=""vay tín chấp ngân hàng vietcombank""","=""110""","=""0.62""","=""6""","=""Medium""","=""true"""
"=""vay tín chấp shinhan finance""","=""110""","=""0.61""","=""5""","=""Medium""","=""false"""
"=""vay tín chấp trả góp""","=""110""","=""1.39""","=""5""","=""High""","=""false"""
"=""vay tín chấp mirae asset""","=""110""","=""0.98""","=""5""","=""Low""","=""false"""
"=""vay tín chấp theo lương vietcombank""","=""110""","=""0.81""","=""6""","=""Low""","=""false"""
"=""vay tin chap hd saison""","=""110""","=""0.82""","=""5""","=""Medium""","=""true"""
"=""vay tin chap mirae asset""","=""110""","=""0.98""","=""5""","=""Low""","=""false"""
"=""vay tín chấp agribank theo lương""","=""110""","=""1.64""","=""6""","=""Medium""","=""false"""
"=""vay tín chấp vpbank lãi suất""","=""110""","=""0.48""","=""6""","=""Medium""","=""true"""
"=""vay tín chấp không trả được có bị đi tù không""","=""110""","=""0""","=""11""","=""Low""","=""false"""
"=""vay tín chấp shinhan bank lừa đảo""","=""110""","=""3.78""","=""7""","=""Low""","=""false"""
"=""vay tín chấp lãi suất bao nhiêu""","=""110""","=""0.42""","=""7""","=""Medium""","=""true"""
"=""vay tín chấp fe""","=""90""","=""0.5""","=""4""","=""Medium""","=""false"""
"=""vay tín chấp uy tín""","=""90""","=""1.53""","=""5""","=""Medium""","=""true"""
"=""vay tín chấp tiêu dùng""","=""90""","=""1.16""","=""5""","=""Medium""","=""false"""
"=""vay tín chấp ngân hàng techcombank""","=""90""","=""0.45""","=""6""","=""Medium""","=""false"""
"=""vay tín chấp qua lương""","=""90""","=""0.98""","=""5""","=""Medium""","=""true"""
"=""vay tín chấp standard chartered""","=""90""","=""1.05""","=""5""","=""Medium""","=""true"""
"=""vay tín chấp dư nợ cao""","=""90""","=""1.27""","=""6""","=""Medium""","=""true"""
"=""vay tín chấp woori bank""","=""90""","=""0.7""","=""5""","=""Low""","=""false"""
"=""vay tín chấp seabank""","=""90""","=""0.99""","=""4""","=""Medium""","=""true"""
"=""vay tín chấp online mb bank""","=""90""","=""1.16""","=""6""","=""Medium""","=""true"""
"=""vay tin chap fe""","=""90""","=""0.5""","=""4""","=""Medium""","=""false"""
"=""vay tin chap uy tin""","=""90""","=""1.53""","=""5""","=""Medium""","=""true"""
"=""vay tín chấp uob""","=""90""","=""0.67""","=""4""","=""Medium""","=""true"""
"=""vay tín chấp voz""","=""90""","=""1.48""","=""4""","=""Low""","=""false"""
"=""vay tín chấp vpbank không có khả năng trả""","=""90""","=""0""","=""9""","=""Low""","=""false"""
"=""vay tín chấp max vib""","=""90""","=""1.13""","=""5""","=""Low""","=""false"""
"=""vay tín chấp là như nào""","=""90""","=""0.34""","=""6""","=""Medium""","=""false"""
"=""vay tín chấp homecredit""","=""70""","=""0.66""","=""4""","=""Medium""","=""false"""
"=""vay tín chấp hộ kinh doanh vpbank online""","=""70""","=""0.71""","=""8""","=""Medium""","=""false"""
"=""vay tín chấp online nhanh""","=""70""","=""2.05""","=""5""","=""High""","=""false"""
"=""vay tín chap""","=""70""","=""1.35""","=""3""","=""Medium""","=""false"""
"=""vay tín chấp ngân hàng vpbank""","=""70""","=""0.51""","=""6""","=""Medium""","=""false"""
"=""vay tín chấp ngân hàng vietinbank""","=""70""","=""0.52""","=""6""","=""Medium""","=""true"""
"=""vay tín chấp cá nhân""","=""70""","=""0.83""","=""5""","=""Medium""","=""false"""
"=""vay tín chấp 100 triệu""","=""70""","=""1.19""","=""5""","=""Medium""","=""false"""
"=""vay tín chấp home credit""","=""70""","=""0.66""","=""5""","=""Medium""","=""false"""
"=""vay tín chấp từ lương sacombank""","=""70""","=""0.38""","=""6""","=""Medium""","=""false"""
"=""vay tín chấp ngân hàng bidv""","=""70""","=""0.49""","=""6""","=""Medium""","=""false"""
"=""vay tin chap ca nhan""","=""70""","=""0.83""","=""5""","=""Medium""","=""false"""
"=""vay tin chap ngan hang vietinbank""","=""70""","=""0.52""","=""6""","=""Medium""","=""true"""
"=""vay tin chap ngan hang vpbank""","=""70""","=""0.51""","=""6""","=""Medium""","=""false"""
"=""vay tín chấp 200 triệu""","=""70""","=""0.93""","=""5""","=""High""","=""true"""
"=""vay tín chấp doanh nghiệp nhỏ""","=""70""","=""1.14""","=""6""","=""Medium""","=""false"""
"=""vay tín chấp online ngân hàng""","=""70""","=""0.94""","=""6""","=""Medium""","=""false"""
"=""vay tín chấp vpbank lãi suất bao nhiêu""","=""70""","=""0.33""","=""8""","=""Low""","=""true"""
"=""vay tín chấp và thế chấp là gì""","=""70""","=""0.27""","=""8""","=""Low""","=""false"""
"=""vay tín chấp hỗ trợ nợ xấu""","=""70""","=""1.74""","=""7""","=""High""","=""true"""
"=""vay tín chấp lãi suất thấp nhất""","=""70""","=""1.06""","=""7""","=""High""","=""false"""
"=""vay tín chấp vietcombank lãi suất bao nhiêu""","=""70""","=""0.37""","=""8""","=""Low""","=""false"""
"=""vay tín chấp f88""","=""70""","=""0.94""","=""4""","=""High""","=""false"""
"=""vay tín chấp vietcombank cần những gì""","=""70""","=""1.04""","=""7""","=""Low""","=""false"""
"=""vay tín chấp 18 tuổi""","=""50""","=""0.79""","=""5""","=""Medium""","=""false"""
"=""vay tín chấp acb online""","=""50""","=""0.92""","=""5""","=""Medium""","=""true"""
"=""vay tín chấp shb finance""","=""50""","=""0.76""","=""5""","=""Medium""","=""true"""
"=""vay tín chấp lương""","=""50""","=""0.76""","=""4""","=""Medium""","=""false"""
"=""vay tín chấp ngân hàng tpbank""","=""50""","=""0.66""","=""6""","=""Medium""","=""false"""
"=""vay tín chấp fe credit""","=""50""","=""0.68""","=""5""","=""High""","=""false"""
"=""vay tin chap vp""","=""50""","=""0.5""","=""4""","=""Medium""","=""false"""
"=""vay tín chấp 100tr""","=""50""","=""0.93""","=""4""","=""High""","=""false"""
"=""vay tín chấp bidv online""","=""50""","=""0.87""","=""5""","=""Medium""","=""true"""
"=""vay tín chấp fecredit""","=""50""","=""0.68""","=""4""","=""High""","=""false"""
"=""vay tín chấp không trả được có sao không""","=""50""","=""0""","=""9""","=""Low""","=""false"""
"=""vay tín chấp lotte finance""","=""50""","=""1.31""","=""5""","=""Medium""","=""false"""
"=""vay tín chấp ngân hàng nào dễ""","=""50""","=""1.18""","=""7""","=""High""","=""false"""
"=""vay tín chấp vp""","=""50""","=""0.5""","=""4""","=""Medium""","=""false"""
"=""vay tín chấp và vay thế chấp""","=""50""","=""0.16""","=""7""","=""Low""","=""false"""
"=""vay tín chấp đà nẵng""","=""50""","=""1.42""","=""5""","=""High""","=""false"""
"=""vay tín chấp tối đa được bao nhiêu""","=""50""","=""0.62""","=""8""","=""Medium""","=""false"""
"=""vay tín chấp vpbank cần những gì""","=""50""","=""0.56""","=""7""","=""Low""","=""true"""
"=""vay tín chấp tpbank lãi suất bao nhiêu""","=""50""","=""0.71""","=""8""","=""Medium""","=""false"""
"=""vay tín chấp agribank 2025""","=""50""","=""0""","=""5""","=""Low""","=""false"""
"=""vay tín chấp là gì cho ví dụ""","=""50""","=""0.01""","=""8""","=""Low""","=""false"""
"=""vay tín chấp msb online""","=""50""","=""0.87""","=""5""","=""Medium""","=""false"""
"=""vay tín chấp techcombank cần gì""","=""50""","=""0.75""","=""6""","=""Low""","=""false"""
"=""vay tín chấp không cần chứng minh thu nhập""","=""40""","=""1.14""","=""9""","=""High""","=""false"""
"=""vay tín chấp hộ kinh doanh vpbank""","=""40""","=""0.67""","=""7""","=""Medium""","=""false"""
"=""vay tín chấp mcredit""","=""40""","=""0.82""","=""4""","=""Medium""","=""false"""
"=""vay tín chấp lần 2 fe credit""","=""40""","=""3.36""","=""7""","=""Medium""","=""false"""
"=""vay tín chấp nhanh lãi suất thấp""","=""40""","=""0""","=""7""","=""Low""","=""false"""
"=""vay tín chấp kinh doanh""","=""40""","=""1.94""","=""5""","=""Medium""","=""false"""
"=""vay tín chấp doanh nghiệp acb""","=""40""","=""0.5""","=""6""","=""Medium""","=""true"""
"=""vay tín chấp bằng lương""","=""40""","=""0.76""","=""5""","=""Medium""","=""false"""
"=""vay tín chấp công ty tài chính""","=""40""","=""0.87""","=""7""","=""Medium""","=""true"""
"=""vay tín chấp cccd""","=""40""","=""1.23""","=""4""","=""Medium""","=""true"""
"=""vay tín chấp cho doanh nghiệp mới thành lập""","=""40""","=""2.34""","=""9""","=""Medium""","=""false"""
"=""vay tín chấp giải ngân nhanh""","=""40""","=""1.25""","=""6""","=""Medium""","=""true"""
"=""vay tín chấp ngân hàng shinhan bank""","=""40""","=""0.35""","=""7""","=""Medium""","=""true"""
"=""vay tín chấp pvcombank""","=""40""","=""0.77""","=""4""","=""Medium""","=""false"""
"=""vay tin chap ngan hang nao""","=""40""","=""0.92""","=""6""","=""Medium""","=""false"""
"=""vay tín chấp ko cần chứng minh thu nhập""","=""40""","=""1.14""","=""9""","=""High""","=""false"""
"=""vay tín chấp lãi suất""","=""40""","=""0.64""","=""5""","=""Low""","=""false"""
"=""vay tín chấp lãi thấp""","=""40""","=""1.18""","=""5""","=""High""","=""false"""
"=""vay tín chấp ngân hàng nào""","=""40""","=""0.92""","=""6""","=""Medium""","=""false"""
"=""vay tín chấp vietcombank theo lương""","=""40""","=""0.7""","=""6""","=""Medium""","=""false"""
"=""vay tín chấp acb lãi suất bao nhiêu""","=""40""","=""0.67""","=""8""","=""Low""","=""true"""
"=""vay tín chấp tiếng anh là gì""","=""40""","=""0""","=""7""","=""Low""","=""false"""
"=""vay tín chấp có bị khởi kiện không""","=""40""","=""0.74""","=""8""","=""Low""","=""true"""
"=""vay tín chấp doanh nghiệp techcombank""","=""40""","=""125.69""","=""6""","=""Medium""","=""true"""
"=""vay tín chấp uy tín nhất hiện nay""","=""40""","=""2.36""","=""8""","=""High""","=""false"""
"=""vay tín chấp mb lãi suất bao nhiêu""","=""40""","=""0.65""","=""8""","=""Low""","=""true"""
"=""vay tín chấp tpbank cần những gì""","=""40""","=""0.63""","=""7""","=""Medium""","=""false"""
"=""vay tín chấp agribank theo lương 2025""","=""40""","=""0.74""","=""7""","=""Low""","=""false"""
"=""vay tín chấp mb bank online""","=""40""","=""0.85""","=""6""","=""Medium""","=""true"""
"=""vay tín chấp shinhan bank online""","=""40""","=""0.63""","=""6""","=""Medium""","=""false"""
"=""vay tín chấp vikki""","=""40""","=""0.85""","=""4""","=""Medium""","=""false"""
"=""vay tín chấp nhanh trong ngày""","=""30""","=""1.35""","=""6""","=""High""","=""false"""
"=""vay tín chấp ngân hàng acb""","=""30""","=""0.61""","=""6""","=""High""","=""false"""
"=""vay tín chấp bằng giấy phép kinh doanh""","=""30""","=""1.41""","=""8""","=""Medium""","=""false"""
"=""vay tín chấp 50 triệu""","=""30""","=""0.79""","=""5""","=""High""","=""false"""
"=""vay tín chấp online vpbank""","=""30""","=""0.83""","=""5""","=""Medium""","=""false"""
"=""vay tín chấp doanh nghiệp vpbank""","=""30""","=""0.82""","=""6""","=""Medium""","=""false"""
"=""vay tín chấp ngân hàng sacombank""","=""30""","=""0.58""","=""6""","=""Medium""","=""false"""
"=""vay tín chấp lotte""","=""30""","=""0.89""","=""4""","=""Medium""","=""false"""
"=""vay tín chấp ngân hàng online""","=""30""","=""1.29""","=""6""","=""High""","=""false"""
"=""vay tín chấp 300 triệu""","=""30""","=""1.03""","=""5""","=""Medium""","=""false"""
"=""vay tín chấp 30 triệu""","=""30""","=""1.16""","=""5""","=""High""","=""false"""
"=""vay tín chấp ngân hàng vib""","=""30""","=""0.41""","=""6""","=""Medium""","=""false"""
"=""vay tín chấp tpbank fico""","=""30""","=""0.91""","=""5""","=""Medium""","=""false"""
"=""vay tin chap ngan hang sacombank""","=""30""","=""0.58""","=""6""","=""Medium""","=""false"""
"=""vay tín chấp bằng sổ bhxh""","=""30""","=""1.13""","=""6""","=""Medium""","=""false"""
"=""vay tín chấp duyệt online""","=""30""","=""1.15""","=""5""","=""Medium""","=""true"""
"=""vay tín chấp eximbank""","=""30""","=""0.38""","=""4""","=""Medium""","=""false"""
"=""vay tín chấp home credit online""","=""30""","=""0.72""","=""6""","=""Medium""","=""false"""
"=""vay tín chấp không trả có bị kiện không""","=""30""","=""0""","=""9""","=""Low""","=""false"""
"=""vay tín chấp không trả có sao không""","=""30""","=""0""","=""8""","=""Low""","=""false"""
"=""vay tín chấp ngân hàng mb bank""","=""30""","=""0.45""","=""7""","=""Medium""","=""false"""
"=""vay tín chấp ngân hàng nào lãi suất thấp""","=""30""","=""0.79""","=""9""","=""High""","=""true"""
"=""vay tín chấp online techcombank""","=""30""","=""1.02""","=""5""","=""Medium""","=""true"""
"=""vay tín chấp sacombank lãi suất bảo nhiêu""","=""30""","=""0.4""","=""8""","=""Low""","=""false"""
"=""vay tín chấp theo lương bidv""","=""30""","=""0.98""","=""6""","=""Low""","=""false"""
"=""vay tín chấp theo lương vietinbank""","=""30""","=""0.44""","=""6""","=""Medium""","=""false"""
"=""vay tín chấp trên app mb bank""","=""30""","=""1.81""","=""7""","=""Medium""","=""false"""
"=""vay tín chấp từ lương""","=""30""","=""0.73""","=""5""","=""Medium""","=""false"""
"=""vay tín chấp vpbank không trả được""","=""30""","=""0""","=""7""","=""Low""","=""false"""
"=""vay tín chấp và thế chấp""","=""30""","=""0.18""","=""6""","=""Low""","=""false"""
"=""vay tín chấp agribank cần những gì""","=""30""","=""0.76""","=""7""","=""Low""","=""true"""
"=""vay tín chấp là gì tpbank""","=""30""","=""1.21""","=""6""","=""Low""","=""false"""
"=""vay tín chấp nợ xấu nhóm 5""","=""30""","=""1.15""","=""7""","=""Medium""","=""false"""
"=""vay tín chấp sacombank lãi suất bao nhiêu""","=""30""","=""0.4""","=""8""","=""Low""","=""false"""
"=""vay tín chấp thế chấp là gì""","=""30""","=""0.31""","=""7""","=""Low""","=""false"""
"=""vay tín chấp là vay như thế nào""","=""30""","=""0.35""","=""8""","=""Low""","=""true"""
"=""vay tín chấp lãi bao nhiêu""","=""30""","=""0.39""","=""6""","=""Medium""","=""true"""
"=""vay tín chấp app""","=""30""","=""2.76""","=""4""","=""High""","=""false"""
"=""vay tín chấp khác gì vay thế chấp""","=""30""","=""0""","=""8""","=""Low""","=""false"""
"=""vay tín chấp ko trả có sao không""","=""30""","=""0""","=""8""","=""Low""","=""true"""
"=""vay tín chấp lpbank""","=""30""","=""0.92""","=""4""","=""Medium""","=""false"""
"=""vay tín chấp vpbank neo""","=""30""","=""0.66""","=""5""","=""Medium""","=""false"""
"=""vay tín chấp từ lương sacombank pay""","=""30""","=""0.39""","=""7""","=""Low""","=""false"""
"=""vay tín chấp vib max""","=""30""","=""0.63""","=""5""","=""Medium""","=""true"""
"=""vay tín chấp ngân hàng shinhan""","=""20""","=""0.54""","=""6""","=""Medium""","=""false"""
"=""vay tín chấp kinh doanh nhỏ""","=""20""","=""0""","=""6""","=""Medium""","=""false"""
"=""vay tín chấp không thẩm định""","=""20""","=""1.6""","=""6""","=""Medium""","=""true"""
"=""vay tín chấp nhanh nhất""","=""20""","=""0.56""","=""5""","=""Medium""","=""false"""
"=""vay tín chấp abbank""","=""20""","=""0.71""","=""4""","=""Medium""","=""false"""
"=""vay tin chap doanh nghiep""","=""20""","=""0""","=""5""","=""Low""","=""false"""
"=""vay tín chấp bằng cccd""","=""20""","=""1.23""","=""5""","=""High""","=""false"""
"=""vay tín chấp theo bảng lương""","=""20""","=""0.9""","=""6""","=""Medium""","=""false"""
"=""vay tín chấp 19 tuổi""","=""20""","=""0.57""","=""5""","=""Medium""","=""true"""
"=""vay tín chấp bảng lương""","=""20""","=""1.09""","=""5""","=""Medium""","=""true"""
"=""vay tín chấp cho doanh nghiệp""","=""20""","=""1.78""","=""6""","=""Medium""","=""false"""
"=""vay tín chấp tiên phong bank""","=""20""","=""0.58""","=""6""","=""Medium""","=""false"""
"=""vay tín chấp không cần bảng lương""","=""20""","=""1""","=""7""","=""High""","=""true"""
"=""vay tin chap theo luong""","=""20""","=""0""","=""5""","=""Low""","=""false"""
"=""vay tín chấp hộ kinh doanh tpbank""","=""20""","=""0.83""","=""7""","=""Medium""","=""false"""
"=""vay tín chấp 500 triệu""","=""20""","=""0.99""","=""5""","=""Medium""","=""false"""
"=""vay tin chap cho doanh nghiep""","=""20""","=""1.78""","=""6""","=""Medium""","=""false"""
"=""vay tin chap ngan hang shinhan""","=""20""","=""0.54""","=""6""","=""Medium""","=""false"""
"=""vay tin chap techcombank""","=""20""","=""0""","=""4""","=""Low""","=""false"""
"=""vay tín chấp 1 tỷ""","=""20""","=""1.71""","=""5""","=""Medium""","=""false"""
"=""vay tín chấp 100 triệu trong 5 năm""","=""20""","=""0.65""","=""8""","=""High""","=""false"""
"=""vay tín chấp 150 triệu""","=""20""","=""0.72""","=""5""","=""High""","=""false"""
"=""vay tín chấp agribank online""","=""20""","=""1.15""","=""5""","=""Medium""","=""true"""
"=""vay tín chấp bảo việt bank""","=""20""","=""0.98""","=""6""","=""Medium""","=""true"""
"=""vay tín chấp bằng bảng lương""","=""20""","=""0.71""","=""6""","=""Medium""","=""false"""
"=""vay tín chấp các ngân hàng""","=""20""","=""1.9""","=""6""","=""High""","=""false"""
"=""vay tín chấp có bị kiện không""","=""20""","=""0""","=""7""","=""Low""","=""false"""
"=""vay tín chấp có bị đi tù không""","=""20""","=""0""","=""8""","=""Low""","=""false"""
"=""vay tín chấp có tài sản đảm bảo""","=""20""","=""1.73""","=""8""","=""Medium""","=""false"""
"=""vay tín chấp có đi tù không""","=""20""","=""0""","=""7""","=""Low""","=""false"""
"=""vay tín chấp công ty""","=""20""","=""1.87""","=""5""","=""Medium""","=""false"""
"=""vay tín chấp giấy phép kinh doanh""","=""20""","=""0.91""","=""7""","=""Medium""","=""true"""
"=""vay tín chấp là""","=""20""","=""0.22""","=""4""","=""Low""","=""false"""
"=""vay tín chấp lương vietcombank""","=""20""","=""0.45""","=""5""","=""Medium""","=""false"""
"=""vay tín chấp mb quân nhân""","=""20""","=""0.58""","=""6""","=""Medium""","=""false"""
"=""vay tín chấp mua nhà""","=""20""","=""0""","=""5""","=""Low""","=""false"""
"=""vay tín chấp nam á bank""","=""20""","=""1.09""","=""6""","=""Medium""","=""false"""
"=""vay tín chấp ncb""","=""20""","=""1.24""","=""4""","=""Medium""","=""false"""
"=""vay tín chấp ngân hàng không trả có sao không""","=""20""","=""0""","=""10""","=""Low""","=""false"""
"=""vay tín chấp online vietinbank""","=""20""","=""1.33""","=""5""","=""Medium""","=""false"""
"=""vay tín chấp qua app""","=""20""","=""1.96""","=""5""","=""Medium""","=""false"""
"=""vay tín chấp qua lương bidv""","=""20""","=""0.65""","=""6""","=""Low""","=""true"""
"=""vay tín chấp qua lương vietcombank""","=""20""","=""0.57""","=""6""","=""Low""","=""false"""
"=""vay tín chấp quân nhân mb""","=""20""","=""0.49""","=""6""","=""Low""","=""true"""
"=""vay tín chấp seabank online""","=""20""","=""1.01""","=""5""","=""Medium""","=""false"""
"=""vay tín chấp sinh viên""","=""20""","=""1.28""","=""5""","=""Medium""","=""true"""
"=""vay tín chấp sổ đỏ""","=""20""","=""0.45""","=""5""","=""Medium""","=""false"""
"=""vay tín chấp theo lương agribank""","=""20""","=""0.38""","=""6""","=""Low""","=""false"""
"=""vay tín chấp theo lương shinhan bank""","=""20""","=""0.42""","=""7""","=""Medium""","=""false"""
"=""vay tín chấp theo lương techcombank""","=""20""","=""0.38""","=""6""","=""Medium""","=""false"""
"=""vay tín chấp theo lương vpbank""","=""20""","=""0.44""","=""6""","=""Medium""","=""false"""
"=""vay tín chấp tpbank online""","=""20""","=""1""","=""5""","=""Medium""","=""false"""
"=""vay tín chấp trả chậm có sao không""","=""20""","=""0""","=""8""","=""Low""","=""false"""
"=""vay tín chấp tại agribank""","=""20""","=""0.56""","=""5""","=""Low""","=""false"""
"=""vay tín chấp tại vpbank""","=""20""","=""1.7""","=""5""","=""Medium""","=""false"""
"=""vay tín chấp agribank lãi suất bao nhiêu""","=""20""","=""2.02""","=""8""","=""Low""","=""false"""
"=""vay tín chấp bao nợ xấu""","=""20""","=""1.22""","=""6""","=""High""","=""false"""
"=""vay tín chấp có bắt buộc mua bảo hiểm không""","=""20""","=""0""","=""10""","=""Low""","=""false"""
"=""vay tín chấp có đi nước ngoài được không""","=""20""","=""0""","=""9""","=""Low""","=""false"""
"=""vay tín chấp fe lãi suất bao nhiêu""","=""20""","=""0.67""","=""8""","=""Medium""","=""false"""
"=""vay tín chấp grab""","=""20""","=""1.01""","=""4""","=""Medium""","=""false"""
"=""vay tín chấp hà nội""","=""20""","=""1.4""","=""5""","=""Medium""","=""false"""
"=""vay tín chấp không trả thì sao""","=""20""","=""0""","=""7""","=""Low""","=""false"""
"=""vay tín chấp kiên giang""","=""20""","=""0""","=""5""","=""Low""","=""false"""
"=""vay tín chấp là thế nào""","=""20""","=""0.34""","=""6""","=""Medium""","=""true"""
"=""vay tín chấp là gì mb bank""","=""20""","=""0.53""","=""7""","=""Medium""","=""false"""
"=""vay tín chấp vpbank là gì""","=""20""","=""0.29""","=""6""","=""Low""","=""false"""
"=""vay tín chấp cần những gì""","=""20""","=""0.46""","=""6""","=""Medium""","=""false"""
"=""vay tín chấp rẻ nhất""","=""20""","=""1.19""","=""5""","=""High""","=""false"""
"=""vay tín chấp shinhan bank cần những gì""","=""20""","=""0.29""","=""8""","=""Low""","=""true"""
"=""vay tín chấp tiêu dùng là gì""","=""20""","=""0.26""","=""7""","=""Low""","=""true"""
"=""vay tín chấp vietinbank cần những gì""","=""20""","=""0.65""","=""7""","=""Low""","=""false"""
"=""vay tín chấp cần giấy tờ gì""","=""20""","=""0.65""","=""7""","=""Low""","=""true"""
"=""vay tín chấp được bao nhiêu tiền""","=""20""","=""0.33""","=""7""","=""Medium""","=""false"""
"=""vay tín chấp khác vay thế chấp như thế nào""","=""20""","=""0""","=""10""","=""Low""","=""false"""
"=""vay tín chấp không có khả năng trả""","=""20""","=""0""","=""8""","=""Low""","=""false"""
"=""vay tín chấp agribank 2026""","=""20""","=""0.97""","=""5""","=""Low""","=""false"""
"=""vay tín chấp bidv lãi suất""","=""20""","=""3.39""","=""6""","=""Low""","=""false"""
"=""vay tín chấp bvbank""","=""20""","=""0.42""","=""4""","=""Low""","=""false"""
"=""vay tín chấp có cần mua bảo hiểm không""","=""20""","=""0.32""","=""9""","=""Low""","=""false"""
"=""vay tín chấp doanh nghiệp mbbank""","=""20""","=""0.62""","=""6""","=""Medium""","=""false"""
"=""vay tín chấp hsbc lãi suất bao nhiêu""","=""20""","=""0.95""","=""8""","=""Low""","=""false"""
"=""vay tín chấp momo""","=""20""","=""1.39""","=""4""","=""Medium""","=""false"""
"=""vay tín chấp sacombank online""","=""20""","=""0.98""","=""5""","=""Medium""","=""false"""
"=""vay tín chấp sacombank trả góp""","=""20""","=""1.15""","=""6""","=""Medium""","=""false"""
"=""vay tín chấp lãi suất bao nhiêu 1 năm""","=""20""","=""0""","=""9""","=""Low""","=""false"""
"=""vay tín chấp techcombank qua app""","=""20""","=""1.53""","=""6""","=""Low""","=""true"""
"=""vay tín chấp không tsbd là gì""","=""20""","=""0""","=""7""","=""Low""","=""false"""
"=""vay tín chấp citibank""","=""10""","=""0.72""","=""4""","=""Medium""","=""false"""
"=""vay tín chấp giải ngân trong ngày""","=""10""","=""0""","=""7""","=""High""","=""false"""
"=""vay tín chấp chỉ cần cmnd""","=""10""","=""0""","=""6""","=""Low""","=""false"""
"=""vay tín chấp doanh nghiệp shinhan bank""","=""10""","=""0.52""","=""7""","=""Medium""","=""false"""
"=""vay tín chấp không cần gặp mặt""","=""10""","=""0""","=""7""","=""Low""","=""false"""
"=""vay tín chấp bằng cmnd""","=""10""","=""0""","=""5""","=""Low""","=""false"""
"=""vay tín chấp ngân hàng quân đội""","=""10""","=""0.79""","=""7""","=""Medium""","=""false"""
"=""vay tín chấp nhanh uy tín""","=""10""","=""0""","=""6""","=""High""","=""false"""
"=""vay tín chấp kbank""","=""10""","=""0""","=""4""","=""Medium""","=""false"""
"=""vay tín chấp cavet xe máy""","=""10""","=""0""","=""6""","=""High""","=""false"""
"=""vay tín chấp bằng bảo hiểm nhân thọ""","=""10""","=""1.34""","=""8""","=""Medium""","=""false"""
"=""vay tín chấp lãi suất thấp 2022""","=""10""","=""0""","=""7""","=""Low""","=""false"""
"=""vay tín chấp hỗ trợ nợ chú ý""","=""10""","=""0""","=""8""","=""Low""","=""false"""
"=""vay tín chấp bằng sao kê ngân hàng""","=""10""","=""0""","=""8""","=""Low""","=""false"""
"=""vay tín chấp lương tiền mặt""","=""10""","=""1.59""","=""6""","=""High""","=""false"""
"=""vay tín chấp kinh doanh online""","=""10""","=""0.9""","=""6""","=""Medium""","=""false"""
"=""vay tín chấp cho sinh viên""","=""10""","=""0.8""","=""6""","=""Medium""","=""true"""
"=""vay tín chấp bằng cavet xe máy""","=""10""","=""0.8""","=""7""","=""Medium""","=""false"""
"=""vay tín chấp sao kê tài khoản ngân hàng""","=""10""","=""0""","=""9""","=""Medium""","=""false"""
"=""vay tín chấp vietcredit""","=""10""","=""0.96""","=""4""","=""Medium""","=""false"""
"=""vay tín chấp bảo hiểm nhân thọ""","=""10""","=""0.7""","=""7""","=""Medium""","=""false"""
"=""vay tín chấp dài hạn""","=""10""","=""0.89""","=""5""","=""Medium""","=""false"""
"=""vay tín chấp bằng sim viettel""","=""10""","=""0""","=""6""","=""High""","=""false"""
"=""vay tín chấp scb""","=""10""","=""1.08""","=""4""","=""Medium""","=""false"""
"=""vay tín chấp qua sim viettel""","=""10""","=""0.62""","=""6""","=""High""","=""false"""
"=""vay tín chấp qua sao kê ngân hàng""","=""10""","=""0""","=""8""","=""Medium""","=""false"""
"=""vay tín chấp trong ngày""","=""10""","=""0""","=""5""","=""Low""","=""false"""
"=""vay tín chấp 20 triệu""","=""10""","=""1.08""","=""5""","=""High""","=""false"""
"=""vay tín chấp cmnd""","=""10""","=""0""","=""4""","=""Low""","=""false"""
"=""vay tín chấp theo lương tiền mặt""","=""10""","=""0""","=""7""","=""Medium""","=""false"""
"=""vay tín chấp ngân hàng tiên phong""","=""10""","=""0.8""","=""7""","=""High""","=""false"""
"=""vay tín chấp từ 18 tuổi""","=""10""","=""0""","=""6""","=""Medium""","=""false"""
"=""vay tín chấp cho chủ doanh nghiệp""","=""10""","=""0""","=""7""","=""Low""","=""false"""
"=""vay tín chấp 10 triệu""","=""10""","=""2.22""","=""5""","=""High""","=""false"""
"=""vay tin chap 100tr""","=""10""","=""0""","=""4""","=""Low""","=""false"""
"=""vay tin chap bang bao hiem nhan tho""","=""10""","=""0""","=""8""","=""Low""","=""false"""
"=""vay tin chap bang luong""","=""10""","=""0""","=""5""","=""Low""","=""false"""
"=""vay tin chap bang the tin dung""","=""10""","=""0""","=""7""","=""Low""","=""false"""
"=""vay tin chap bao hiem nhan tho""","=""10""","=""0""","=""7""","=""Low""","=""false"""
"=""vay tin chap cavet xe""","=""10""","=""0""","=""5""","=""Low""","=""false"""
"=""vay tin chap citibank""","=""10""","=""0""","=""4""","=""Low""","=""false"""
"=""vay tin chap cong ty tai chinh""","=""10""","=""0""","=""7""","=""Low""","=""false"""
"=""vay tin chap eximbank""","=""10""","=""0""","=""4""","=""Low""","=""false"""
"=""vay tin chap findo""","=""10""","=""0""","=""4""","=""Low""","=""false"""
"=""vay tin chap hd""","=""10""","=""0""","=""4""","=""Low""","=""false"""
"=""vay tin chap ho kinh doanh""","=""10""","=""0""","=""6""","=""Low""","=""false"""
"=""vay tin chap ho kinh doanh vpbank""","=""10""","=""0""","=""7""","=""Low""","=""false"""
"=""vay tin chap home credit""","=""10""","=""0""","=""5""","=""Low""","=""false"""
"=""vay tin chap hsbc""","=""10""","=""0""","=""4""","=""Low""","=""false"""
"=""vay tin chap khong can chung minh thu nhap""","=""10""","=""0""","=""9""","=""Low""","=""false"""
"=""vay tin chap khong chung minh thu nhap""","=""10""","=""0""","=""8""","=""Low""","=""false"""
"=""vay tin chap khong co tien tra""","=""10""","=""0""","=""7""","=""Low""","=""false"""
"=""vay tin chap khong tra""","=""10""","=""0""","=""5""","=""Low""","=""false"""
"=""vay tin chap kinh doanh""","=""10""","=""0""","=""5""","=""Low""","=""false"""
"=""vay tin chap ko tra co sao ko""","=""10""","=""0""","=""8""","=""Low""","=""false"""
"=""vay tin chap la sao""","=""10""","=""0""","=""5""","=""Low""","=""true"""
"=""vay tin chap lai suat bao nhieu""","=""10""","=""0""","=""7""","=""Low""","=""false"""
"=""vay tin chap lai suat thap""","=""10""","=""1.04""","=""6""","=""Medium""","=""true"""
"=""vay tin chap lienviet post bank""","=""10""","=""0""","=""6""","=""Low""","=""false"""
"=""vay tin chap luong""","=""10""","=""0""","=""4""","=""Low""","=""false"""
"=""vay tin chap mcredit""","=""10""","=""0""","=""4""","=""Low""","=""false"""
"=""vay tin chap ngan hang acb""","=""10""","=""0""","=""6""","=""Low""","=""false"""
"=""vay tin chap ngan hang bidv""","=""10""","=""0""","=""6""","=""Low""","=""false"""
"=""vay tin chap ngan hang lien viet""","=""10""","=""0""","=""7""","=""Low""","=""false"""
"=""vay tin chap ngan hang quan doi""","=""10""","=""0""","=""7""","=""Low""","=""false"""
"=""vay tin chap ngan hang shb""","=""10""","=""0""","=""6""","=""Low""","=""false"""
"=""vay tin chap ngan hang shinhan bank""","=""10""","=""0""","=""7""","=""Low""","=""false"""
"=""vay tin chap ngan hang tien phong""","=""10""","=""0""","=""7""","=""Low""","=""false"""
"=""vay tin chap ngan hang tp bank""","=""10""","=""0""","=""7""","=""Low""","=""false"""
"=""vay tin chap ngan hang vib""","=""10""","=""0""","=""6""","=""Low""","=""false"""
"=""vay tin chap nhanh nhat""","=""10""","=""0""","=""5""","=""Low""","=""false"""
"=""vay tin chap o dau""","=""10""","=""0""","=""5""","=""Low""","=""false"""
"=""vay tin chap qua luong""","=""10""","=""0""","=""5""","=""Low""","=""false"""
"=""vay tin chap scb""","=""10""","=""0""","=""4""","=""Low""","=""false"""
"=""vay tin chap seabank""","=""10""","=""0""","=""4""","=""Low""","=""false"""
"=""vay tin chap standard chartered""","=""10""","=""0""","=""5""","=""Low""","=""false"""
"=""vay tin chap tai bidv""","=""10""","=""0""","=""5""","=""Low""","=""false"""
"=""vay tin chap tai ngan hang""","=""10""","=""0.58""","=""6""","=""High""","=""false"""
"=""vay tin chap theo bang luong""","=""10""","=""0""","=""6""","=""Low""","=""false"""
"=""vay tin chap tieu dung""","=""10""","=""0""","=""5""","=""Low""","=""false"""
"=""vay tin chap vib bank""","=""10""","=""0""","=""5""","=""Low""","=""false"""
"=""vay tin chap vpbank ko co kha nang tra""","=""10""","=""0""","=""9""","=""Low""","=""false"""
"=""vay tin chấp hsbc""","=""10""","=""0""","=""4""","=""Low""","=""false"""
"=""vay tin chấp ngân hàng agribank""","=""10""","=""0""","=""6""","=""Low""","=""false"""
"=""vay tin chấp ngân hàng techcombank""","=""10""","=""0""","=""6""","=""Low""","=""false"""
"=""vay tín chap vietcombank""","=""10""","=""0""","=""4""","=""High""","=""false"""
"=""vay tín châp ngan hang shb""","=""10""","=""0""","=""6""","=""Low""","=""false"""
"=""vay tín chấp 1 tháng""","=""10""","=""1.8""","=""5""","=""High""","=""false"""
"=""vay tín chấp 100 triệu agribank""","=""10""","=""0""","=""6""","=""High""","=""false"""
"=""vay tín chấp 10tr""","=""10""","=""0.99""","=""4""","=""Medium""","=""false"""
"=""vay tín chấp 2 ngân hàng được không""","=""10""","=""0""","=""8""","=""Low""","=""false"""
"=""vay tín chấp 2 tỷ""","=""10""","=""0.71""","=""5""","=""Medium""","=""false"""
"=""vay tín chấp 200 triệu trong 5 năm""","=""10""","=""0.56""","=""8""","=""Medium""","=""true"""
"=""vay tín chấp 200 triệu vietcombank""","=""10""","=""0.5""","=""6""","=""High""","=""false"""
"=""vay tín chấp 24h""","=""10""","=""0""","=""4""","=""Low""","=""false"""
"=""vay tín chấp 3 tỷ""","=""10""","=""0""","=""5""","=""Low""","=""false"""
"=""vay tín chấp 300 triệu agribank""","=""10""","=""0""","=""6""","=""Low""","=""false"""
"=""vay tín chấp 300 triệu trong 5 năm""","=""10""","=""0.73""","=""8""","=""Medium""","=""true"""
"=""vay tín chấp 400 triệu""","=""10""","=""0.79""","=""5""","=""Medium""","=""true"""
"=""vay tín chấp 5 tỷ""","=""10""","=""0""","=""5""","=""Low""","=""false"""
"=""vay tín chấp 50tr""","=""10""","=""1.81""","=""4""","=""High""","=""false"""
"=""vay tín chấp 6 tháng""","=""10""","=""0""","=""5""","=""Low""","=""false"""
"=""vay tín chấp 60 triệu""","=""10""","=""1.39""","=""5""","=""High""","=""false"""
"=""vay tín chấp 70 triệu""","=""10""","=""1.68""","=""5""","=""High""","=""false"""
"=""vay tín chấp 89""","=""10""","=""0""","=""4""","=""Low""","=""false"""
"=""vay tín chấp acb bank""","=""10""","=""0""","=""5""","=""Medium""","=""false"""
"=""vay tín chấp acb lãi suất""","=""10""","=""0""","=""6""","=""Low""","=""false"""
"=""vay tín chấp agribank 2022""","=""10""","=""0""","=""5""","=""Low""","=""false"""
"=""vay tín chấp an bình bank""","=""10""","=""1.25""","=""6""","=""Medium""","=""false"""
"=""vay tín chấp an toàn""","=""10""","=""1.37""","=""5""","=""High""","=""false"""
"=""vay tín chấp anz""","=""10""","=""0""","=""4""","=""Low""","=""false"""
"=""vay tín chấp avay""","=""10""","=""0""","=""4""","=""Low""","=""false"""
"=""vay tín chấp bên lotte""","=""10""","=""0""","=""5""","=""Low""","=""false"""
"=""vay tín chấp bên ngân hàng quân đội""","=""10""","=""0""","=""8""","=""High""","=""false"""
"=""vay tín chấp bên vpbank""","=""10""","=""0.48""","=""5""","=""Medium""","=""false"""
"=""vay tín chấp bưu điện""","=""10""","=""0.68""","=""5""","=""High""","=""false"""
"=""vay tín chấp bản việt""","=""10""","=""0.65""","=""5""","=""Medium""","=""false"""
"=""vay tín chấp bảng lương agribank""","=""10""","=""0""","=""6""","=""Medium""","=""false"""
"=""vay tín chấp bảng lương tiền mặt""","=""10""","=""0""","=""7""","=""Low""","=""false"""
"=""vay tín chấp bảo hiểm bảo việt""","=""10""","=""0""","=""7""","=""Low""","=""false"""
"=""vay tín chấp bảo hiểm prudential""","=""10""","=""0""","=""6""","=""Low""","=""false"""
"=""vay tín chấp bảo hiểm y tế""","=""10""","=""0""","=""7""","=""Low""","=""false"""
"=""vay tín chấp bảo việt""","=""10""","=""1.12""","=""5""","=""High""","=""false"""
"=""vay tín chấp bắc á bank""","=""10""","=""0""","=""6""","=""High""","=""false"""
"=""vay tín chấp bằng bảo hiểm y tế""","=""10""","=""0""","=""8""","=""Low""","=""false"""
"=""vay tín chấp bằng chứng minh nhân dân""","=""10""","=""0""","=""8""","=""Low""","=""false"""
"=""vay tín chấp bằng cmnd và bằng lái xe""","=""10""","=""0""","=""9""","=""Low""","=""false"""
"=""vay tín chấp bằng giấy phép lái xe""","=""10""","=""0""","=""8""","=""High""","=""false"""
"=""vay tín chấp bằng hóa đơn tiền điện""","=""10""","=""0""","=""8""","=""Medium""","=""false"""
"=""vay tín chấp bằng hợp đồng bảo hiểm""","=""10""","=""0""","=""8""","=""High""","=""false"""
"=""vay tín chấp bằng hợp đồng bảo hiểm nhân thọ""","=""10""","=""0.61""","=""10""","=""Medium""","=""true"""
"=""vay tín chấp bằng iphone""","=""10""","=""0""","=""5""","=""Low""","=""false"""
"=""vay tín chấp bằng lái xe""","=""10""","=""1.19""","=""6""","=""High""","=""false"""
"=""vay tín chấp bằng lương bidv""","=""10""","=""0""","=""6""","=""Low""","=""false"""
"=""vay tín chấp bằng lương hưu""","=""10""","=""0.29""","=""6""","=""Medium""","=""false"""
"=""vay tín chấp bằng lương tiền mặt""","=""10""","=""0""","=""7""","=""Low""","=""false"""
"=""vay tín chấp bằng sim""","=""10""","=""0""","=""5""","=""Low""","=""false"""
"=""vay tín chấp bằng sim mobifone""","=""10""","=""0""","=""6""","=""High""","=""false"""
"=""vay tín chấp bằng sổ hộ khẩu""","=""10""","=""0""","=""7""","=""Low""","=""false"""
"=""vay tín chấp bằng sổ lương hưu""","=""10""","=""0.33""","=""7""","=""Medium""","=""false"""
"=""vay tín chấp bằng sổ tiết kiệm""","=""10""","=""0""","=""7""","=""Low""","=""false"""
"=""vay tín chấp bằng thẻ bảo hiểm y tế""","=""10""","=""0""","=""9""","=""Low""","=""false"""
"=""vay tín chấp bằng thẻ tín dụng""","=""10""","=""0""","=""7""","=""High""","=""false"""
"=""vay tín chấp bằng đăng ký xe máy""","=""10""","=""0""","=""8""","=""High""","=""false"""
"=""vay tín chấp cavet xe""","=""10""","=""0""","=""5""","=""High""","=""false"""
"=""vay tín chấp cho công an""","=""10""","=""0""","=""6""","=""High""","=""false"""
"=""vay tín chấp cho doanh nghiệp nhỏ""","=""10""","=""1.78""","=""7""","=""Medium""","=""true"""
"=""vay tín chấp cho giáo viên""","=""10""","=""0.97""","=""6""","=""Medium""","=""false"""
"=""vay tín chấp cho người 19 tuổi""","=""10""","=""0""","=""7""","=""Medium""","=""false"""
"=""vay tín chấp cho nhân viên y tế""","=""10""","=""0""","=""8""","=""High""","=""false"""
"=""vay tín chấp cho quân nhân""","=""10""","=""0.65""","=""6""","=""Medium""","=""false"""
"=""vay tín chấp chỉ cần hộ khẩu và cmnd""","=""10""","=""0""","=""9""","=""Low""","=""false"""
"=""vay tín chấp cimb""","=""10""","=""0.74""","=""4""","=""Low""","=""false"""
"=""vay tín chấp cimb bank""","=""10""","=""0""","=""5""","=""Low""","=""false"""
"=""vay tín chấp credit""","=""10""","=""0""","=""4""","=""High""","=""false"""
"=""vay tín chấp cà vẹt xe""","=""10""","=""0""","=""6""","=""High""","=""false"""
"=""vay tín chấp cán bộ công chức""","=""10""","=""0.84""","=""7""","=""Medium""","=""false"""
"=""vay tín chấp có an toàn không""","=""10""","=""0""","=""7""","=""Medium""","=""false"""
"=""vay tín chấp có bảo hiểm nhân thọ""","=""10""","=""0""","=""8""","=""High""","=""false"""
"=""vay tín chấp có nguy hiểm không""","=""10""","=""0""","=""7""","=""Low""","=""false"""
"=""vay tín chấp có tiền trong ngày""","=""10""","=""0""","=""7""","=""Low""","=""false"""
"=""vay tín chấp công ty tài chính prudential""","=""10""","=""0""","=""8""","=""Low""","=""false"""
"=""vay tín chấp của bidv""","=""10""","=""0""","=""5""","=""Low""","=""false"""
"=""vay tín chấp của hd saison""","=""10""","=""0""","=""6""","=""Medium""","=""false"""
"=""vay tín chấp của mb bank""","=""10""","=""1.14""","=""6""","=""High""","=""false"""
"=""vay tín chấp của ngân hàng agribank""","=""10""","=""0""","=""7""","=""Medium""","=""false"""
"=""vay tín chấp của ngân hàng quân đội""","=""10""","=""0""","=""8""","=""Low""","=""false"""
"=""vay tín chấp của vib""","=""10""","=""0""","=""5""","=""Medium""","=""false"""
"=""vay tín chấp của vietcombank""","=""10""","=""0""","=""5""","=""Medium""","=""false"""
"=""vay tín chấp của vpbank""","=""10""","=""0.63""","=""5""","=""Medium""","=""true"""
"=""vay tín chấp doanh nghiệp abbank""","=""10""","=""0""","=""6""","=""Low""","=""false"""
"=""vay tín chấp doanh nghiệp maritime bank""","=""10""","=""0""","=""7""","=""Low""","=""false"""
"=""vay tín chấp doanh nghiệp mới thành lập""","=""10""","=""0""","=""8""","=""Low""","=""false"""
"=""vay tín chấp doanh nghiệp sacombank""","=""10""","=""0""","=""6""","=""Low""","=""false"""
"=""vay tín chấp doanh nghiệp vừa và nhỏ""","=""10""","=""1.96""","=""8""","=""Medium""","=""true"""
"=""vay tín chấp doctor đồng""","=""10""","=""0""","=""5""","=""High""","=""false"""
"=""vay tín chấp du học""","=""10""","=""0""","=""5""","=""Low""","=""false"""
"=""vay tín chấp dành cho cán bộ công an""","=""10""","=""0""","=""9""","=""High""","=""false"""
"=""vay tín chấp dành cho doanh nghiệp""","=""10""","=""0""","=""7""","=""Low""","=""false"""
"=""vay tín chấp dành cho người 18 tuổi""","=""10""","=""0""","=""8""","=""Low""","=""false"""
"=""vay tín chấp dành cho sinh viên""","=""10""","=""0""","=""7""","=""Low""","=""false"""
"=""vay tín chấp dư nợ giảm dần""","=""10""","=""1.34""","=""7""","=""Medium""","=""false"""
"=""vay tín chấp dễ""","=""10""","=""1.49""","=""4""","=""High""","=""false"""
"=""vay tín chấp dễ dàng""","=""10""","=""1.58""","=""5""","=""High""","=""false"""
"=""vay tín chấp easy credit""","=""10""","=""0""","=""5""","=""Low""","=""false"""
"=""vay tín chấp evn""","=""10""","=""1.08""","=""4""","=""Medium""","=""false"""
"=""vay tín chấp fe credit không trả""","=""10""","=""0""","=""7""","=""Low""","=""false"""
"=""vay tín chấp fe không trả được""","=""10""","=""0""","=""7""","=""Low""","=""false"""
"=""vay tín chấp fico""","=""10""","=""0""","=""4""","=""Low""","=""false"""
"=""vay tín chấp findo""","=""10""","=""0""","=""4""","=""Low""","=""false"""
"=""vay tín chấp giáo viên""","=""10""","=""0.42""","=""5""","=""Medium""","=""false"""
"=""vay tín chấp giải ngân nhanh nhất""","=""10""","=""0""","=""7""","=""Low""","=""false"""
"=""vay tín chấp giấy tờ xe máy""","=""10""","=""0""","=""7""","=""Low""","=""false"""
"=""vay tín chấp gpbank""","=""10""","=""0""","=""4""","=""Low""","=""false"""
"=""vay tín chấp hd""","=""10""","=""0.75""","=""4""","=""High""","=""false"""
"=""vay tín chấp home""","=""10""","=""17.41""","=""4""","=""Medium""","=""false"""
"=""vay tín chấp hong leong bank""","=""10""","=""0""","=""6""","=""Low""","=""false"""
"=""vay tín chấp hóa đơn tiền điện""","=""10""","=""0""","=""7""","=""Low""","=""false"""
"=""vay tín chấp hóa đơn điện""","=""10""","=""0""","=""6""","=""Medium""","=""false"""
"=""vay tín chấp hồ sơ khó""","=""10""","=""0""","=""6""","=""Low""","=""false"""
"=""vay tín chấp hộ khẩu""","=""10""","=""0""","=""5""","=""Low""","=""false"""
"=""vay tín chấp hộ kinh doanh cá thể""","=""10""","=""0""","=""8""","=""Medium""","=""false"""
"=""vay tín chấp hợp đồng bảo hiểm""","=""10""","=""0""","=""7""","=""High""","=""false"""
"=""vay tín chấp jaccs""","=""10""","=""0.94""","=""4""","=""Medium""","=""false"""
"=""vay tín chấp khong can hop dong lao dong""","=""10""","=""0""","=""9""","=""Low""","=""false"""
"=""vay tín chấp không có bảng lương""","=""10""","=""0""","=""7""","=""Medium""","=""false"""
"=""vay tín chấp không cần bảo hiểm y tế""","=""10""","=""0""","=""9""","=""High""","=""false"""
"=""vay tín chấp không cần chứng minh thu nhập vpbank""","=""10""","=""0""","=""10""","=""Low""","=""false"""
"=""vay tín chấp không cần giấy phép kinh doanh""","=""10""","=""0""","=""9""","=""Low""","=""false"""
"=""vay tín chấp không cần hộ khẩu""","=""10""","=""0""","=""7""","=""Low""","=""false"""
"=""vay tín chấp không cần sao kê lương""","=""10""","=""0.74""","=""8""","=""Medium""","=""false"""
"=""vay tín chấp không cần sổ hộ khẩu""","=""10""","=""0""","=""8""","=""Low""","=""false"""
"=""vay tín chấp không cần xác minh""","=""10""","=""0""","=""7""","=""High""","=""false"""
"=""vay tín chấp không sao kê lương""","=""10""","=""0""","=""7""","=""Medium""","=""false"""
"=""vay tín chấp không thẩm định nhà""","=""10""","=""0""","=""7""","=""Low""","=""false"""
"=""vay tín chấp không trả""","=""10""","=""0""","=""5""","=""Low""","=""false"""
"=""vay tín chấp không trả có bị đi tù không""","=""10""","=""0""","=""10""","=""Low""","=""false"""
"=""vay tín chấp không trả được""","=""10""","=""0""","=""6""","=""Low""","=""false"""
"=""vay tín chấp không trả được nợ""","=""10""","=""0""","=""7""","=""Low""","=""false"""
"=""vay tín chấp kinh doanh vietcombank""","=""10""","=""0""","=""6""","=""Low""","=""false"""
"=""vay tín chấp kinh doanh vpbank""","=""10""","=""0""","=""6""","=""Medium""","=""false"""
"=""vay tín chấp lai suat thap""","=""10""","=""1.04""","=""6""","=""Medium""","=""true"""
"=""vay tín chấp lienvietpostbank""","=""10""","=""1.99""","=""4""","=""Medium""","=""false"""
"=""vay tín chấp liên việt""","=""10""","=""0""","=""5""","=""Low""","=""false"""
"=""vay tín chấp liên việt post bank""","=""10""","=""0""","=""7""","=""High""","=""false"""
"=""vay tín chấp lãi suất thấp vietcombank""","=""10""","=""0""","=""7""","=""Low""","=""false"""
"=""vay tín chấp lương agribank""","=""10""","=""0""","=""5""","=""Low""","=""false"""
"=""vay tín chấp lương bidv""","=""10""","=""0""","=""5""","=""Low""","=""false"""
"=""vay tín chấp lương chuyển khoản""","=""10""","=""0""","=""6""","=""Medium""","=""false"""
"=""vay tín chấp lương vietinbank""","=""10""","=""0.37""","=""5""","=""Medium""","=""false"""
"=""vay tín chấp lần 2""","=""10""","=""0""","=""5""","=""Low""","=""false"""
"=""vay tín chấp lần 2 home credit""","=""10""","=""0""","=""7""","=""Low""","=""false"""
"=""vay tín chấp lần 3 fe credit""","=""10""","=""0""","=""7""","=""Low""","=""false"""
"=""vay tín chấp maritime bank""","=""10""","=""0""","=""5""","=""Low""","=""false"""
"=""vay tín chấp mb cho quân nhân""","=""10""","=""0""","=""7""","=""Medium""","=""false"""
"=""vay tín chấp mb lãi suất""","=""10""","=""0""","=""6""","=""Low""","=""false"""
"=""vay tín chấp mb quân đội""","=""10""","=""0.91""","=""6""","=""High""","=""false"""
"=""vay tín chấp mbbank lãi suất""","=""10""","=""0""","=""6""","=""Low""","=""false"""
"=""vay tín chấp mirae""","=""10""","=""0.23""","=""4""","=""Medium""","=""false"""
"=""vay tín chấp mua xe máy""","=""10""","=""0""","=""6""","=""Low""","=""false"""
"=""vay tín chấp mua ô tô""","=""10""","=""0""","=""6""","=""Medium""","=""false"""
"=""vay tín chấp mua đất""","=""10""","=""0""","=""5""","=""Low""","=""false"""
"=""vay tín chấp nam a bank""","=""10""","=""0""","=""6""","=""Low""","=""false"""
"=""vay tín chấp ngân hàng 100 triệu""","=""10""","=""0.59""","=""7""","=""High""","=""false"""
"=""vay tín chấp ngân hàng 500 triệu""","=""10""","=""0""","=""7""","=""High""","=""false"""
"=""vay tín chấp ngân hàng abbank""","=""10""","=""1""","=""6""","=""High""","=""false"""
"=""vay tín chấp ngân hàng acb 2021""","=""10""","=""0""","=""7""","=""Low""","=""false"""
"=""vay tín chấp ngân hàng an bình""","=""10""","=""0.75""","=""7""","=""High""","=""false"""
"=""vay tín chấp ngân hàng anz""","=""10""","=""0""","=""6""","=""Low""","=""false"""
"=""vay tín chấp ngân hàng bưu điện""","=""10""","=""0.35""","=""7""","=""Medium""","=""false"""
"=""vay tín chấp ngân hàng bưu điện liên việt""","=""10""","=""0.54""","=""9""","=""Medium""","=""false"""
"=""vay tín chấp ngân hàng bản việt""","=""10""","=""0.98""","=""7""","=""High""","=""false"""
"=""vay tín chấp ngân hàng bảo việt""","=""10""","=""0.52""","=""7""","=""Medium""","=""false"""
"=""vay tín chấp ngân hàng bắc á""","=""10""","=""0""","=""7""","=""Medium""","=""false"""
"=""vay tín chấp ngân hàng bằng bảng lương""","=""10""","=""0.26""","=""8""","=""Medium""","=""false"""
"=""vay tín chấp ngân hàng cimb bank""","=""10""","=""0.98""","=""7""","=""Medium""","=""false"""
"=""vay tín chấp ngân hàng citibank""","=""10""","=""0""","=""6""","=""High""","=""false"""
"=""vay tín chấp ngân hàng coopbank""","=""10""","=""0""","=""6""","=""Medium""","=""false"""
"=""vay tín chấp ngân hàng công thương""","=""10""","=""0""","=""7""","=""Low""","=""false"""
"=""vay tín chấp ngân hàng eximbank""","=""10""","=""0""","=""6""","=""High""","=""false"""
"=""vay tín chấp ngân hàng fe""","=""10""","=""0""","=""6""","=""High""","=""false"""
"=""vay tín chấp ngân hàng fe credit""","=""10""","=""0""","=""7""","=""Low""","=""false"""
"=""vay tín chấp ngân hàng hd""","=""10""","=""0""","=""6""","=""Low""","=""false"""
"=""vay tín chấp ngân hàng hd bank""","=""10""","=""0.81""","=""7""","=""Medium""","=""false"""
"=""vay tín chấp ngân hàng hd saison""","=""10""","=""0.46""","=""7""","=""Medium""","=""false"""
"=""vay tín chấp ngân hàng hdbank""","=""10""","=""0""","=""6""","=""High""","=""false"""
"=""vay tín chấp ngân hàng home credit""","=""10""","=""0.62""","=""7""","=""Medium""","=""false"""
"=""vay tín chấp ngân hàng hsbc""","=""10""","=""0.53""","=""6""","=""Low""","=""false"""
"=""vay tín chấp ngân hàng hàng hải""","=""10""","=""0""","=""7""","=""Medium""","=""false"""
"=""vay tín chấp ngân hàng không chứng minh thu nhập""","=""10""","=""0.84""","=""10""","=""Medium""","=""true"""
"=""vay tín chấp ngân hàng không cần bảng lương""","=""10""","=""0""","=""9""","=""Medium""","=""false"""
"=""vay tín chấp ngân hàng không trả""","=""10""","=""0""","=""7""","=""Low""","=""false"""
"=""vay tín chấp ngân hàng không trả được""","=""10""","=""0""","=""8""","=""Low""","=""false"""
"=""vay tín chấp ngân hàng kiên long""","=""10""","=""0.4""","=""7""","=""Low""","=""false"""
"=""vay tín chấp ngân hàng lienvietpostbank""","=""10""","=""0""","=""6""","=""Low""","=""false"""
"=""vay tín chấp ngân hàng liên việt""","=""10""","=""0.36""","=""7""","=""Medium""","=""false"""
"=""vay tín chấp ngân hàng liên việt bank""","=""10""","=""0""","=""8""","=""Low""","=""false"""
"=""vay tín chấp ngân hàng liên việt theo luong""","=""10""","=""0""","=""9""","=""Low""","=""false"""
"=""vay tín chấp ngân hàng lotte""","=""10""","=""0.42""","=""6""","=""High""","=""false"""
"=""vay tín chấp ngân hàng lãi suất thấp""","=""10""","=""2.46""","=""8""","=""High""","=""false"""
"=""vay tín chấp ngân hàng maritime bank""","=""10""","=""0""","=""7""","=""High""","=""false"""
"=""vay tín chấp ngân hàng mb quân đội""","=""10""","=""0""","=""8""","=""Low""","=""false"""
"=""vay tín chấp ngân hàng mirae asset""","=""10""","=""0""","=""7""","=""Medium""","=""false"""
"=""vay tín chấp ngân hàng nam á""","=""10""","=""0""","=""7""","=""Low""","=""false"""
"=""vay tín chấp ngân hàng ncb""","=""10""","=""0.66""","=""6""","=""Medium""","=""false"""
"=""vay tín chấp ngân hàng nhà nước""","=""10""","=""0""","=""7""","=""Medium""","=""false"""
"=""vay tín chấp ngân hàng nào thủ tục đơn giản""","=""10""","=""0.58""","=""10""","=""Medium""","=""false"""
"=""vay tín chấp ngân hàng nào tốt""","=""10""","=""0""","=""7""","=""High""","=""false"""
"=""vay tín chấp ngân hàng nào uy tín""","=""10""","=""1.05""","=""8""","=""High""","=""false"""
"=""vay tín chấp ngân hàng nông nghiệp""","=""10""","=""0.68""","=""7""","=""Medium""","=""false"""
"=""vay tín chấp ngân hàng oceanbank""","=""10""","=""0""","=""6""","=""Low""","=""false"""
"=""vay tín chấp ngân hàng phương đông""","=""10""","=""0""","=""7""","=""Medium""","=""false"""
"=""vay tín chấp ngân hàng pvcombank""","=""10""","=""0""","=""6""","=""Low""","=""false"""
"=""vay tín chấp ngân hàng qua bảng lương""","=""10""","=""0""","=""8""","=""Low""","=""false"""
"=""vay tín chấp ngân hàng quân đội mb""","=""10""","=""0""","=""8""","=""Low""","=""false"""
"=""vay tín chấp ngân hàng quốc dân""","=""10""","=""1.51""","=""7""","=""High""","=""false"""
"=""vay tín chấp ngân hàng quốc tế""","=""10""","=""0""","=""7""","=""Low""","=""false"""
"=""vay tín chấp ngân hàng scb""","=""10""","=""1.93""","=""6""","=""Medium""","=""false"""
"=""vay tín chấp ngân hàng seabank""","=""10""","=""2.04""","=""6""","=""Medium""","=""false"""
"=""vay tín chấp ngân hàng standard chartered""","=""10""","=""0.9""","=""7""","=""Low""","=""false"""
"=""vay tín chấp ngân hàng theo lương""","=""10""","=""3.08""","=""7""","=""High""","=""false"""
"=""vay tín chấp ngân hàng thịnh vượng""","=""10""","=""0""","=""7""","=""Low""","=""false"""
"=""vay tín chấp ngân hàng tiên phong bank""","=""10""","=""0""","=""8""","=""High""","=""false"""
"=""vay tín chấp ngân hàng uob""","=""10""","=""0.79""","=""6""","=""Medium""","=""true"""
"=""vay tín chấp ngân hàng vcb""","=""10""","=""0.42""","=""6""","=""High""","=""false"""
"=""vay tín chấp ngân hàng vib bank""","=""10""","=""0""","=""7""","=""Low""","=""false"""
"=""vay tín chấp ngân hàng việt á""","=""10""","=""0""","=""7""","=""Low""","=""false"""
"=""vay tín chấp ngân hàng woori bank""","=""10""","=""0.67""","=""7""","=""Medium""","=""false"""
"=""vay tín chấp ngân hàng xây dựng""","=""10""","=""0""","=""7""","=""Low""","=""false"""
"=""vay tín chấp ngân hàng á châu""","=""10""","=""0.39""","=""7""","=""Medium""","=""false"""
"=""vay tín chấp ngân hàng điện lực""","=""10""","=""0""","=""7""","=""Medium""","=""false"""
"=""vay tín chấp ngân hàng đông á""","=""10""","=""0""","=""7""","=""High""","=""false"""
"=""vay tín chấp nhanh gọn""","=""10""","=""0""","=""5""","=""Low""","=""false"""
"=""vay tín chấp nhiều ngân hàng""","=""10""","=""0""","=""6""","=""Low""","=""false"""
"=""vay tín chấp nhất tín""","=""10""","=""0""","=""5""","=""Low""","=""false"""
"=""vay tín chấp nhận tiền trong ngày""","=""10""","=""0""","=""7""","=""Low""","=""false"""
"=""vay tín chấp nên vay ngân hàng nào""","=""10""","=""0.82""","=""8""","=""High""","=""false"""
"=""vay tín chấp oceanbank""","=""10""","=""0""","=""4""","=""Medium""","=""false"""
"=""vay tín chấp online có an toàn không""","=""10""","=""0""","=""8""","=""Low""","=""false"""
"=""vay tín chấp online sacombank""","=""10""","=""0""","=""5""","=""High""","=""false"""
"=""vay tín chấp online tpbank""","=""10""","=""0.95""","=""5""","=""Medium""","=""false"""
"=""vay tín chấp online vietcombank""","=""10""","=""0.67""","=""5""","=""Medium""","=""false"""
"=""vay tín chấp pg bank""","=""10""","=""0""","=""5""","=""Medium""","=""false"""
"=""vay tín chấp prudential""","=""10""","=""0""","=""4""","=""Low""","=""false"""
"=""vay tín chấp prudential finance""","=""10""","=""0""","=""5""","=""Low""","=""false"""
"=""vay tín chấp ptf""","=""10""","=""1.28""","=""4""","=""Medium""","=""false"""
"=""vay tín chấp public bank""","=""10""","=""0""","=""5""","=""Low""","=""false"""
"=""vay tín chấp qua bảng lương""","=""10""","=""0.53""","=""6""","=""High""","=""false"""
"=""vay tín chấp qua bảo hiểm nhân thọ""","=""10""","=""0""","=""8""","=""High""","=""false"""
"=""vay tín chấp qua bằng lái xe""","=""10""","=""0""","=""7""","=""High""","=""false"""
"=""vay tín chấp qua hoá đơn tiền điện""","=""10""","=""0""","=""8""","=""Low""","=""false"""
"=""vay tín chấp qua lương agribank""","=""10""","=""0""","=""6""","=""Low""","=""true"""
"=""vay tín chấp qua lương chuyển khoản""","=""10""","=""0""","=""7""","=""Medium""","=""false"""
"=""vay tín chấp qua lương mb bank""","=""10""","=""0.71""","=""7""","=""Medium""","=""false"""
"=""vay tín chấp qua lương techcombank""","=""10""","=""0""","=""6""","=""Medium""","=""false"""
"=""vay tín chấp qua lương tiền mặt""","=""10""","=""0""","=""7""","=""Low""","=""false"""
"=""vay tín chấp qua lương vietinbank""","=""10""","=""0""","=""6""","=""Medium""","=""false"""
"=""vay tín chấp qua lương vpbank""","=""10""","=""0.53""","=""6""","=""Medium""","=""false"""
"=""vay tín chấp qua sao kê tài khoản ngân hàng""","=""10""","=""0""","=""10""","=""High""","=""false"""
"=""vay tín chấp qua sim""","=""10""","=""0""","=""5""","=""Low""","=""false"""
"=""vay tín chấp qua thẻ atm""","=""10""","=""0""","=""6""","=""Low""","=""false"""
"=""vay tín chấp qua thẻ tín dụng""","=""10""","=""0""","=""7""","=""Medium""","=""false"""
"=""vay tín chấp qua thẻ tín dụng vpbank""","=""10""","=""0""","=""8""","=""Low""","=""false"""
"=""vay tín chấp quân nhân""","=""10""","=""0.6""","=""5""","=""Medium""","=""false"""
"=""vay tín chấp quân đội""","=""10""","=""0""","=""5""","=""Medium""","=""false"""
"=""vay tín chấp rồi có vay thế chấp được không""","=""10""","=""0""","=""10""","=""Low""","=""false"""
"=""vay tín chấp sacombank lãi suất""","=""10""","=""0""","=""6""","=""Low""","=""false"""
"=""vay tín chấp saigonbank""","=""10""","=""1.08""","=""4""","=""Medium""","=""false"""
"=""vay tín chấp sao kê lương""","=""10""","=""0""","=""6""","=""High""","=""false"""
"=""vay tín chấp shb đà nẵng""","=""10""","=""0""","=""6""","=""Medium""","=""false"""
"=""vay tín chấp shinhan lãi suất""","=""10""","=""0""","=""6""","=""High""","=""false"""
"=""vay tín chấp sim mobi""","=""10""","=""0""","=""5""","=""Low""","=""false"""
"=""vay tín chấp sim mobifone""","=""10""","=""0""","=""5""","=""Low""","=""false"""
"=""vay tín chấp sim viettel""","=""10""","=""0""","=""5""","=""High""","=""false"""
"=""vay tín chấp siêu tốc""","=""10""","=""0""","=""5""","=""Low""","=""false"""
"=""vay tín chấp standard chartered bank""","=""10""","=""1.08""","=""6""","=""Medium""","=""false"""
"=""vay tín chấp sổ hộ khẩu""","=""10""","=""0""","=""6""","=""Low""","=""false"""
"=""vay tín chấp sổ đỏ ngân hàng agribank""","=""10""","=""0""","=""8""","=""Low""","=""false"""
"=""vay tín chấp sổ đỏ vietcombank""","=""10""","=""0""","=""6""","=""Low""","=""false"""
"=""vay tín chấp sửa nhà""","=""10""","=""0""","=""5""","=""Low""","=""false"""
"=""vay tín chấp tamo""","=""10""","=""0""","=""4""","=""Low""","=""false"""
"=""vay tín chấp techcom""","=""10""","=""0""","=""4""","=""Low""","=""false"""
"=""vay tín chấp techcombank 2022""","=""10""","=""0""","=""5""","=""Low""","=""false"""
"=""vay tín chấp theo bảo hiểm nhân thọ""","=""10""","=""0.74""","=""8""","=""Medium""","=""false"""
"=""vay tín chấp theo bảo hiểm xã hội""","=""10""","=""0.47""","=""8""","=""High""","=""false"""
"=""vay tín chấp theo bảo hiểm y tế""","=""10""","=""0""","=""8""","=""Low""","=""false"""
"=""vay tín chấp theo cavet xe""","=""10""","=""0""","=""6""","=""Low""","=""false"""
"=""vay tín chấp theo giấy phép kinh doanh""","=""10""","=""0""","=""8""","=""Medium""","=""false"""
"=""vay tín chấp theo hoá đơn điện""","=""10""","=""0""","=""7""","=""Medium""","=""false"""
"=""vay tín chấp theo hóa đơn tiền điện""","=""10""","=""0""","=""8""","=""Low""","=""false"""
"=""vay tín chấp theo hóa đơn điện""","=""10""","=""0""","=""7""","=""Medium""","=""false"""
"=""vay tín chấp theo hộ kinh doanh""","=""10""","=""2.03""","=""7""","=""High""","=""false"""
"=""vay tín chấp theo hợp đồng bảo hiểm nhân thọ""","=""10""","=""0.89""","=""10""","=""Medium""","=""false"""
"=""vay tín chấp theo hợp đồng cũ""","=""10""","=""0""","=""7""","=""Low""","=""false"""
"=""vay tín chấp theo hợp đồng trả góp home credit""","=""10""","=""0""","=""10""","=""Low""","=""false"""
"=""vay tín chấp theo hợp đồng tín dụng""","=""10""","=""0""","=""8""","=""Low""","=""false"""
"=""vay tín chấp theo hợp đồng tín dụng khác""","=""10""","=""0""","=""9""","=""Low""","=""false"""
"=""vay tín chấp theo lương acb""","=""10""","=""0.65""","=""6""","=""Medium""","=""false"""
"=""vay tín chấp theo lương chuyển khoản""","=""10""","=""1.96""","=""7""","=""High""","=""false"""
"=""vay tín chấp theo lương chuyển khoản agribank""","=""10""","=""0""","=""8""","=""Low""","=""false"""
"=""vay tín chấp theo lương chuyển khoản techcombank""","=""10""","=""0""","=""8""","=""Low""","=""false"""
"=""vay tín chấp theo lương giáo viên""","=""10""","=""0""","=""7""","=""Low""","=""false"""
"=""vay tín chấp theo lương hưu""","=""10""","=""0""","=""6""","=""Low""","=""false"""
"=""vay tín chấp theo lương lãi suất thấp""","=""10""","=""0.78""","=""8""","=""Medium""","=""false"""
"=""vay tín chấp theo lương mb bank""","=""10""","=""1.39""","=""7""","=""Medium""","=""false"""
"=""vay tín chấp theo lương ngân hàng agribank""","=""10""","=""0""","=""8""","=""Medium""","=""false"""
"=""vay tín chấp theo lương ngân hàng bidv""","=""10""","=""0""","=""8""","=""Medium""","=""false"""
"=""vay tín chấp theo lương ngân hàng vietcombank""","=""10""","=""0""","=""8""","=""Low""","=""false"""
"=""vay tín chấp theo lương sacombank""","=""10""","=""0.31""","=""6""","=""Low""","=""true"""
"=""vay tín chấp theo lương tiền mặt vietcombank""","=""10""","=""0""","=""8""","=""Low""","=""false"""
"=""vay tín chấp theo lương tpbank""","=""10""","=""0""","=""6""","=""Low""","=""false"""
"=""vay tín chấp theo lương vib""","=""10""","=""0""","=""6""","=""Medium""","=""false"""
"=""vay tín chấp theo sao kê lương""","=""10""","=""0""","=""7""","=""High""","=""false"""
"=""vay tín chấp theo sao kê ngân hàng""","=""10""","=""0""","=""8""","=""Low""","=""false"""
"=""vay tín chấp theo sao kê tài khoản""","=""10""","=""0""","=""8""","=""Low""","=""false"""
"=""vay tín chấp theo sao kê tài khoản ngân hàng""","=""10""","=""0""","=""10""","=""High""","=""false"""
"=""vay tín chấp theo sim""","=""10""","=""0""","=""5""","=""Low""","=""false"""
"=""vay tín chấp theo sim mobifone""","=""10""","=""0""","=""6""","=""Low""","=""false"""
"=""vay tín chấp theo sim viettel""","=""10""","=""0""","=""6""","=""Low""","=""false"""
"=""vay tín chấp theo sổ hộ khẩu""","=""10""","=""0""","=""7""","=""Low""","=""false"""
"=""vay tín chấp theo thẻ tín dụng""","=""10""","=""0""","=""7""","=""Medium""","=""false"""
"=""vay tín chấp theo đăng ký xe máy""","=""10""","=""0""","=""8""","=""Low""","=""false"""
"=""vay tín chấp thẻ tín dụng""","=""10""","=""0.98""","=""6""","=""Medium""","=""true"""
"=""vay tín chấp thủ tục đơn giản""","=""10""","=""0""","=""7""","=""Low""","=""false"""
"=""vay tín chấp timo""","=""10""","=""1.61""","=""4""","=""Medium""","=""true"""
"=""vay tín chấp tiêu dùng cá nhân""","=""10""","=""0""","=""7""","=""Medium""","=""false"""
"=""vay tín chấp tiêu dùng fe credit""","=""10""","=""0""","=""7""","=""Low""","=""false"""
"=""vay tín chấp tiêu dùng techcombank""","=""10""","=""0""","=""6""","=""Medium""","=""false"""
"=""vay tín chấp tiêu dùng vietcombank""","=""10""","=""0""","=""6""","=""High""","=""false"""
"=""vay tín chấp tiêu dùng vpbank""","=""10""","=""0.27""","=""6""","=""Medium""","=""false"""
"=""vay tín chấp tiếng anh""","=""10""","=""0""","=""5""","=""Low""","=""false"""
"=""vay tín chấp tiền mặt""","=""10""","=""1.07""","=""5""","=""Medium""","=""false"""
"=""vay tín chấp tiền phong bank""","=""10""","=""0.47""","=""6""","=""Medium""","=""false"""
"=""vay tín chấp tiểu thương vpbank""","=""10""","=""0""","=""6""","=""High""","=""false"""
"=""vay tín chấp toàn quốc""","=""10""","=""0""","=""5""","=""Low""","=""false"""
"=""vay tín chấp tp""","=""10""","=""1.61""","=""4""","=""Medium""","=""false"""
"=""vay tín chấp tpbank có an toàn""","=""10""","=""0""","=""7""","=""Low""","=""false"""
"=""vay tín chấp tpbank có dễ không""","=""10""","=""0""","=""7""","=""Low""","=""false"""
"=""vay tín chấp tpbank lãi suất""","=""10""","=""0""","=""6""","=""Medium""","=""false"""
"=""vay tín chấp tpbank lãi suất bao nhiều""","=""10""","=""0""","=""8""","=""Low""","=""false"""
"=""vay tín chấp tpbank lãi suất bảo nhiều""","=""10""","=""0""","=""8""","=""Low""","=""false"""
"=""vay tín chấp tpfico""","=""10""","=""1.03""","=""4""","=""Medium""","=""true"""
"=""vay tín chấp trả góp ngân hàng""","=""10""","=""0""","=""7""","=""High""","=""false"""
"=""vay tín chấp trả góp techcombank""","=""10""","=""0.72""","=""6""","=""Low""","=""true"""
"=""vay tín chấp trả góp tháng""","=""10""","=""0""","=""6""","=""Low""","=""false"""
"=""vay tín chấp trực tuyến""","=""10""","=""0""","=""5""","=""Low""","=""false"""
"=""vay tín chấp tại acb""","=""10""","=""0.73""","=""5""","=""Medium""","=""false"""
"=""vay tín chấp tại bidv""","=""10""","=""0.72""","=""5""","=""Low""","=""false"""
"=""vay tín chấp tại citibank""","=""10""","=""0""","=""5""","=""Low""","=""false"""
"=""vay tín chấp tại fe credit""","=""10""","=""0""","=""6""","=""High""","=""false"""
"=""vay tín chấp tại hd saison""","=""10""","=""0""","=""6""","=""Low""","=""false"""
"=""vay tín chấp tại hdbank""","=""10""","=""0""","=""5""","=""Low""","=""false"""
"=""vay tín chấp tại home credit""","=""10""","=""0""","=""6""","=""High""","=""false"""
"=""vay tín chấp tại hsbc""","=""10""","=""0""","=""5""","=""High""","=""false"""
"=""vay tín chấp tại liên việt post bank""","=""10""","=""0""","=""8""","=""Low""","=""false"""
"=""vay tín chấp tại mb""","=""10""","=""0.7""","=""5""","=""Medium""","=""false"""
"=""vay tín chấp tại mb bank""","=""10""","=""0.43""","=""6""","=""Medium""","=""true"""
"=""vay tín chấp tại mirae asset""","=""10""","=""0""","=""6""","=""Low""","=""false"""
"=""vay tín chấp tại ngân hàng acb""","=""10""","=""0""","=""7""","=""Medium""","=""false"""
"=""vay tín chấp tại ngân hàng agribank""","=""10""","=""0.39""","=""7""","=""Medium""","=""false"""
"=""vay tín chấp tại ngân hàng bidv""","=""10""","=""0""","=""7""","=""Low""","=""false"""
"=""vay tín chấp tại ngân hàng chính sách xã hội""","=""10""","=""0""","=""10""","=""Low""","=""false"""
"=""vay tín chấp tại ngân hàng mb""","=""10""","=""0""","=""7""","=""Low""","=""false"""
"=""vay tín chấp tại ngân hàng nông nghiệp""","=""10""","=""0""","=""8""","=""Low""","=""false"""
"=""vay tín chấp tại ngân hàng quân đội""","=""10""","=""0""","=""8""","=""Low""","=""false"""
"=""vay tín chấp tại ngân hàng sacombank""","=""10""","=""0""","=""7""","=""Low""","=""false"""
"=""vay tín chấp tại ngân hàng shinhan bank""","=""10""","=""0""","=""8""","=""Medium""","=""false"""
"=""vay tín chấp tại ngân hàng techcombank""","=""10""","=""0""","=""7""","=""Medium""","=""false"""
"=""vay tín chấp tại ngân hàng tiên phong""","=""10""","=""0""","=""8""","=""Low""","=""false"""
"=""vay tín chấp tại ngân hàng vib""","=""10""","=""0""","=""7""","=""High""","=""false"""
"=""vay tín chấp tại ngân hàng vietcombank""","=""10""","=""0.78""","=""7""","=""Medium""","=""false"""
"=""vay tín chấp tại ngân hàng vietinbank""","=""10""","=""0""","=""7""","=""Low""","=""false"""
"=""vay tín chấp tại ngân hàng vpbank""","=""10""","=""0""","=""7""","=""High""","=""false"""
"=""vay tín chấp tại sacombank""","=""10""","=""0.5""","=""5""","=""Medium""","=""false"""
"=""vay tín chấp tại scb""","=""10""","=""0""","=""5""","=""Low""","=""false"""
"=""vay tín chấp tại seabank""","=""10""","=""0""","=""5""","=""Medium""","=""false"""
"=""vay tín chấp tại shb""","=""10""","=""0""","=""5""","=""Medium""","=""false"""
"=""vay tín chấp tại shinhan bank""","=""10""","=""0.26""","=""6""","=""Medium""","=""false"""
"=""vay tín chấp tại techcombank""","=""10""","=""0.56""","=""5""","=""Medium""","=""true"""
"=""vay tín chấp tại tp bank""","=""10""","=""0""","=""6""","=""Medium""","=""false"""
"=""vay tín chấp tại tpbank""","=""10""","=""0""","=""5""","=""Medium""","=""false"""
"=""vay tín chấp tại vib""","=""10""","=""0""","=""5""","=""Medium""","=""false"""
"=""vay tín chấp tại vietcombank""","=""10""","=""0.62""","=""5""","=""Medium""","=""true"""
"=""vay tín chấp tại vietinbank""","=""10""","=""0.43""","=""5""","=""Low""","=""false"""
"=""vay tín chấp tại đông á bank""","=""10""","=""0""","=""7""","=""Low""","=""false"""
"=""vay tín chấp từ 19 tuổi""","=""10""","=""0""","=""6""","=""Low""","=""false"""
"=""vay tín chấp từ 20 tuổi""","=""10""","=""0""","=""6""","=""Medium""","=""false"""
"=""vay tín chấp vay thế chấp""","=""10""","=""0""","=""6""","=""Low""","=""false"""
"=""vay tín chấp vib bank""","=""10""","=""0""","=""5""","=""Medium""","=""false"""
"=""vay tín chấp vietcombank online""","=""10""","=""1.24""","=""5""","=""Medium""","=""true"""
"=""vay tín chấp vietinbank lãi suất bao nhiều""","=""10""","=""0""","=""8""","=""Low""","=""false"""
"=""vay tín chấp viettel""","=""10""","=""0""","=""4""","=""Low""","=""false"""
"=""vay tín chấp viettelpay""","=""10""","=""0""","=""4""","=""Low""","=""false"""
"=""vay tín chấp vpbank có an toàn""","=""10""","=""0""","=""7""","=""Low""","=""false"""
"=""vay tín chấp vpbank không chứng minh thu nhập""","=""10""","=""2.12""","=""9""","=""Medium""","=""false"""
"=""vay tín chấp vpbank theo lương""","=""10""","=""0""","=""6""","=""Low""","=""false"""
"=""vay tín chấp woori""","=""10""","=""0""","=""4""","=""Medium""","=""false"""
"=""vay tín chấp xe máy""","=""10""","=""0.32""","=""5""","=""Medium""","=""false"""
"=""vay tín chấp xe ô tô""","=""10""","=""1.29""","=""6""","=""Medium""","=""false"""
"=""vay tín chấp xây nhà""","=""10""","=""1.03""","=""5""","=""Medium""","=""false"""
"=""vay tín chấp xã hội đen""","=""10""","=""0""","=""6""","=""Low""","=""false"""
"=""vay tín chấp xét duyệt online""","=""10""","=""1.39""","=""6""","=""High""","=""false"""
"=""vay tín chấp đi xklđ""","=""10""","=""0""","=""5""","=""Low""","=""false"""
"=""vay tín chấp điện lực""","=""10""","=""0""","=""5""","=""Medium""","=""false"""
"=""vay tín chấp đông á""","=""10""","=""0""","=""5""","=""High""","=""false"""
"=""vay tín chấp đông á bank""","=""10""","=""0""","=""6""","=""Low""","=""false"""
"=""vay tín chấp đăng ký xe máy""","=""10""","=""0""","=""7""","=""Low""","=""false"""
"=""vay tín chấp đơn giản""","=""10""","=""2.34""","=""5""","=""Medium""","=""false"""
"=""vay tín chấp đơn giản nhất""","=""10""","=""0""","=""6""","=""Low""","=""false"""
"=""vay tín chấp được mấy ngân hàng""","=""10""","=""0""","=""7""","=""Low""","=""false"""
"=""vay tín chấp ưu đãi""","=""10""","=""0""","=""5""","=""Medium""","=""false"""
"=""vay tín chấp ưu đãi giáo viên""","=""10""","=""0""","=""7""","=""Low""","=""false"""
"=""vay tín chấp ở agribank""","=""10""","=""0""","=""5""","=""Low""","=""false"""
"=""vay tín chấp ở bưu điện""","=""10""","=""0""","=""6""","=""Low""","=""false"""
"=""vay tín chấp ở vietcombank""","=""10""","=""0.55""","=""5""","=""Medium""","=""false"""
"=""vay tín chấp ở vpbank""","=""10""","=""0.8""","=""5""","=""Medium""","=""false"""
"=""vay tín chấp acb cần giấy tờ gì""","=""10""","=""0.63""","=""8""","=""Low""","=""false"""
"=""vay tín chấp acs""","=""10""","=""1.11""","=""4""","=""High""","=""false"""
"=""vay tín chấp bao nhiêu phần trăm""","=""10""","=""0.4""","=""7""","=""Low""","=""false"""
"=""vay tín chấp bidv theo lương""","=""10""","=""0.79""","=""6""","=""Medium""","=""true"""
"=""vay tín chấp có nợ xấu""","=""10""","=""1.75""","=""6""","=""Medium""","=""true"""
"=""vay tín chấp daklak""","=""10""","=""0""","=""4""","=""Low""","=""false"""
"=""vay tín chấp tại đà nẵng""","=""10""","=""1.19""","=""6""","=""Low""","=""false"""
"=""vay tín chấp được bao nhiêu""","=""10""","=""0.26""","=""6""","=""Medium""","=""true"""
"=""vay tín chấp doanh nghiệp là gì""","=""10""","=""0""","=""7""","=""Low""","=""false"""
"=""vay tín chấp doanh nghiệp vietcombank""","=""10""","=""0""","=""6""","=""Low""","=""false"""
"=""vay tín chấp doanh nghiệp msb""","=""10""","=""0.44""","=""6""","=""Medium""","=""false"""
"=""vay tín chấp fe cần những gì""","=""10""","=""0.44""","=""7""","=""Medium""","=""false"""
"=""vay tín chấp shinhan finance lừa đảo""","=""10""","=""0""","=""7""","=""Low""","=""false"""
"=""vay tín chấp giá rẻ""","=""10""","=""0.91""","=""5""","=""Medium""","=""false"""
"=""vay tín chấp giấy tờ xe""","=""10""","=""0""","=""6""","=""Medium""","=""false"""
"=""vay tín chấp gia lai""","=""10""","=""0""","=""5""","=""High""","=""false"""
"=""vay tín chấp vietinbank grab""","=""10""","=""1.29""","=""5""","=""Medium""","=""false"""
"=""vay tín chấp tốt nhất hiện nay""","=""10""","=""0""","=""7""","=""Medium""","=""false"""
"=""vay tín chấp phải mua bảo hiểm""","=""10""","=""0""","=""7""","=""Low""","=""false"""
"=""vay tín chấp hcm""","=""10""","=""0.64""","=""4""","=""Medium""","=""false"""
"=""vay tín chấp ở huế""","=""10""","=""0""","=""5""","=""Low""","=""false"""
"=""vay tín chấp không có khả năng trả nợ""","=""10""","=""0""","=""9""","=""Low""","=""true"""
"=""vay tín chấp ko trả""","=""10""","=""0""","=""5""","=""Low""","=""false"""
"=""vay tín chấp mc""","=""10""","=""0""","=""4""","=""Medium""","=""false"""
"=""vay tín chấp lương msb""","=""10""","=""0""","=""5""","=""Low""","=""false"""
"=""vay tín chấp mua xe""","=""10""","=""0""","=""5""","=""Low""","=""false"""
"=""vay tín chấp như thế nào""","=""10""","=""1.44""","=""6""","=""Medium""","=""false"""
"=""vay tín chấp nhưng mất khả năng chi trả""","=""10""","=""0""","=""9""","=""Low""","=""false"""
"=""vay tín chấp nam á""","=""10""","=""0""","=""5""","=""Low""","=""false"""
"=""vay tín chấp nam định""","=""10""","=""0""","=""5""","=""High""","=""false"""
"=""vay tín chấp bắc ninh""","=""10""","=""0""","=""5""","=""High""","=""false"""
"=""vay tín chấp nợ xấu nhóm 3""","=""10""","=""0""","=""7""","=""Medium""","=""false"""
"=""vay tín chấp nợ xấu nhóm 2""","=""10""","=""0""","=""7""","=""High""","=""false"""
"=""vay tín chấp có phải mua bảo hiểm""","=""10""","=""0""","=""8""","=""Low""","=""false"""
"=""vay tín chấp hải phòng""","=""10""","=""1.17""","=""5""","=""High""","=""false"""
"=""vay tín chấp lãi rẻ nhất""","=""10""","=""3.88""","=""6""","=""Medium""","=""false"""
"=""vay tín chấp lãi rẻ""","=""10""","=""0.75""","=""5""","=""Medium""","=""false"""
"=""vay tín chấp sacombank cần những gì""","=""10""","=""0.71""","=""7""","=""Medium""","=""false"""
"=""vay tín chấp lãi suất như thế nào""","=""10""","=""0.25""","=""8""","=""Medium""","=""false"""
"=""vay tín chấp theo lương tối đa được bao nhiêu""","=""10""","=""0.69""","=""10""","=""Medium""","=""false"""
"=""vay tín chấp tima""","=""10""","=""2.14""","=""4""","=""Medium""","=""true"""
"=""vay tín chấp mất khả năng thanh toán""","=""10""","=""0""","=""8""","=""Low""","=""true"""
"=""vay tín chấp xamvn""","=""10""","=""0""","=""4""","=""Medium""","=""false"""
"=""vay tín chấp xe""","=""10""","=""0""","=""4""","=""High""","=""false"""
"=""vay tín chấp có xuất cảnh được không""","=""10""","=""0""","=""8""","=""Low""","=""false"""
"=""vay tín chấp zalo""","=""10""","=""0.58""","=""4""","=""High""","=""false"""
"=""vay tín chấp english""","=""10""","=""0""","=""4""","=""Low""","=""false"""
"=""vay tín chấp mất khả năng chi trả""","=""10""","=""0""","=""8""","=""Low""","=""false"""
"=""vay tín chấp dành cho giáo viên""","=""10""","=""0""","=""7""","=""Low""","=""false"""
"=""vay tín chấp agribank theo lương 2026""","=""10""","=""0.52""","=""7""","=""Low""","=""true"""
"=""vay tín chấp agribank theo lương lãi suất bao nhiêu""","=""10""","=""0.61""","=""10""","=""Low""","=""true"""
"=""vay tín chấp bidv cần gì""","=""10""","=""0.46""","=""6""","=""Low""","=""false"""
"=""vay tín chấp bidv được bao nhiêu""","=""10""","=""0""","=""7""","=""Low""","=""false"""
"=""vay tín chấp bidv tối đa bảo nhiều""","=""10""","=""0""","=""8""","=""Low""","=""false"""
"=""vay tín chấp bidv 2025""","=""10""","=""0""","=""5""","=""Low""","=""false"""
"=""vay tín chấp cake""","=""10""","=""0.82""","=""4""","=""Medium""","=""false"""
"=""vay tín chấp online duyệt nhanh""","=""10""","=""1.78""","=""6""","=""High""","=""true"""
"=""vay tín chấp fundiin""","=""10""","=""1.15""","=""4""","=""Medium""","=""false"""
"=""vay tín chấp hdbank lãi suất bao nhiêu""","=""10""","=""0.29""","=""8""","=""Medium""","=""false"""
"=""vay tín chấp hộ kinh doanh techcombank""","=""10""","=""0.51""","=""7""","=""Low""","=""false"""
"=""vay tín chấp kiên long bank""","=""10""","=""0.52""","=""6""","=""Medium""","=""false"""
"=""vay tín chấp là gì vpbank""","=""10""","=""0.29""","=""6""","=""Medium""","=""true"""
"=""vay tín chấp vpbank điều kiện""","=""10""","=""0.49""","=""6""","=""Medium""","=""true"""
"=""vay tín chấp vpbank có dễ không""","=""10""","=""0.67""","=""7""","=""Low""","=""false"""
"=""vay tín chấp max""","=""10""","=""1.16""","=""4""","=""Medium""","=""false"""
"=""vay tín chấp trên max vib""","=""10""","=""0""","=""6""","=""Medium""","=""false"""
"=""vay tín chấp online không chứng minh thu nhập""","=""10""","=""1.26""","=""9""","=""High""","=""true"""
"=""vay tín chấp viettel money""","=""10""","=""1.13""","=""5""","=""Medium""","=""false"""
"=""vay tín chấp msb lãi suất bao nhiêu""","=""10""","=""0""","=""8""","=""Low""","=""true"""
"=""vay tín chấp seabank lãi suất bao nhiêu""","=""10""","=""0.41""","=""8""","=""Low""","=""true"""
"=""vay tín chấp bằng số điện thoại""","=""10""","=""0""","=""7""","=""High""","=""false"""
"=""vay tín chấp techcombank lãi suất""","=""10""","=""0.33""","=""6""","=""Low""","=""true"""
"=""vay tín chấp techcombank có dễ không""","=""10""","=""0.82""","=""7""","=""Low""","=""false"""
"=""vay tín chấp tnex""","=""10""","=""1.86""","=""4""","=""Medium""","=""false"""
"=""vay tín chấp tpb""","=""10""","=""0""","=""4""","=""Medium""","=""false"""
"=""vay tín chấp từ lương sacombank là gì""","=""10""","=""0""","=""8""","=""Low""","=""false"""
"=""vay tín chấp và vay thế chấp khác nhau chỗ nào""","=""10""","=""0""","=""11""","=""Low""","=""false"""
"=""vay tín chấp vpbank hộ kinh doanh""","=""10""","=""0.83""","=""7""","=""Medium""","=""false"""
"=""vay tín chấp vpbank voz""","=""10""","=""0""","=""5""","=""Low""","=""false"""
"=""vay tín chấp tối đa được bao nhiêu tiền""","=""10""","=""0.25""","=""9""","=""Low""","=""true"""
"=""vay tín chấp 200tr""","=""10""","=""0.74""","=""4""","=""Medium""","=""true"""
"=""vay tín chấp 20 tuổi""","=""10""","=""2.02""","=""5""","=""Medium""","=""false"""
"=""vay tín chấp agribank 50 triệu""","=""10""","=""0""","=""6""","=""Low""","=""false"""
"=""vay tín chấp là gì đối tượng được vay tín chấp""","=""10""","=""1.15""","=""11""","=""Low""","=""true"""
"=""vay tín chấp không có khả năng trả có sao không""","=""10""","=""0""","=""11""","=""Low""","=""false"""
"=""vay tín chấp fe credit qua sim""","=""0""","=""0""","=""7""","=""Low""","=""false"""
"=""vay tín chấp vietcombank 2022""","=""0""","=""0""","=""5""","=""Low""","=""false"""
"=""vay tin chap 100 trieu""","=""0""","=""0""","=""5""","=""Low""","=""false"""
"=""vay tin chap donga bank""","=""0""","=""0""","=""5""","=""Low""","=""false"""
"=""vay tin chap ngan hang dong a""","=""0""","=""0""","=""7""","=""Low""","=""false"""
"=""vay tin chap theo bao hiem nhan tho""","=""0""","=""0""","=""8""","=""Low""","=""false"""
"=""vay tin chap theo sim viettel""","=""0""","=""0""","=""6""","=""Low""","=""false"""
"=""vay tín chấp 2 ngân hàng""","=""0""","=""0""","=""6""","=""Low""","=""false"""
"=""vay tín chấp 24h maritime bank""","=""0""","=""0""","=""6""","=""Low""","=""false"""
"=""vay tín chấp agribank 2021""","=""0""","=""0""","=""5""","=""Low""","=""false"""
"=""vay tín chấp avay có an toàn không""","=""0""","=""0""","=""8""","=""Low""","=""false"""
"=""vay tín chấp bidv 2022""","=""0""","=""0""","=""5""","=""Low""","=""false"""
"=""vay tín chấp bảo hiểm nhân thọ manulife""","=""0""","=""0""","=""8""","=""Low""","=""false"""
"=""vay tín chấp bằng cmnd và hộ khẩu""","=""0""","=""0""","=""8""","=""Low""","=""false"""
"=""vay tín chấp bằng hợp đồng cũ""","=""0""","=""0""","=""7""","=""Low""","=""false"""
"=""vay tín chấp bằng hợp đồng trả góp""","=""0""","=""0""","=""8""","=""Low""","=""false"""
"=""vay tín chấp bằng lương cua vietcombank""","=""0""","=""0""","=""7""","=""Low""","=""false"""
"=""vay tín chấp chỉ cần cmnd và bằng lái xe""","=""0""","=""0""","=""10""","=""Low""","=""false"""
"=""vay tín chấp chỉ cần cmnd và hộ khẩu""","=""0""","=""0""","=""9""","=""Low""","=""false"""
"=""vay tín chấp cmnd và bằng lái""","=""0""","=""0""","=""7""","=""Low""","=""false"""
"=""vay tín chấp cmnd và hộ khẩu""","=""0""","=""0""","=""7""","=""Low""","=""false"""
"=""vay tín chấp dongabank""","=""0""","=""0""","=""4""","=""Low""","=""false"""
"=""vay tín chấp hdfinance""","=""0""","=""0""","=""4""","=""Low""","=""false"""
"=""vay tín chấp home fe credit""","=""0""","=""0""","=""6""","=""Low""","=""false"""
"=""vay tín chấp kienbank""","=""0""","=""0""","=""4""","=""Low""","=""false"""
"=""vay tín chấp lãi suất thấp 2021""","=""0""","=""0""","=""7""","=""Low""","=""false"""
"=""vay tín chấp ngân hàng acb 2020""","=""0""","=""0""","=""7""","=""Low""","=""false"""
"=""vay tín chấp ngân hàng không cần sổ hộ khẩu""","=""0""","=""0""","=""10""","=""Low""","=""false"""
"=""vay tín chấp ngân hàng tp bank""","=""0""","=""0""","=""7""","=""Low""","=""false"""
"=""vay tín chấp pvf""","=""0""","=""0""","=""4""","=""Low""","=""false"""
"=""vay tín chấp sacombank 2021""","=""0""","=""0""","=""5""","=""Low""","=""false"""
"=""vay tín chấp sổ hộ khẩu và cmnd""","=""0""","=""0""","=""8""","=""Low""","=""false"""
"=""vay tín chấp techcombank 2020""","=""0""","=""0""","=""5""","=""Low""","=""false"""
"=""vay tín chấp techcombank bankso""","=""0""","=""0""","=""5""","=""Low""","=""false"""
"=""vay tín chấp thebank""","=""0""","=""0""","=""4""","=""Low""","=""false"""
"=""vay tín chấp theo cmnd và bằng lái xe""","=""0""","=""0""","=""9""","=""Low""","=""false"""
"=""vay tín chấp theo hợp đồng trả góp""","=""0""","=""0""","=""8""","=""Low""","=""false"""
"=""vay tín chấp theo lương tiền mặt agribank""","=""0""","=""0""","=""8""","=""Low""","=""false"""
"=""vay tín chấp theo sim vinaphone""","=""0""","=""0""","=""6""","=""Low""","=""false"""
"=""vay tín chấp vietcombank 2021""","=""0""","=""0""","=""5""","=""Low""","=""false"""
"=""vay tín chấp vietinbank 2020""","=""0""","=""0""","=""5""","=""Low""","=""false"""
"=""vay tín chấp vietinbank 2021""","=""0""","=""0""","=""5""","=""Low""","=""false"""
"=""vay tín chấp vpbank theo sổ hộ khẩu""","=""0""","=""0""","=""8""","=""Low""","=""false"""
"=""vay tín chấp aeon""","=""0""","=""0""","=""4""","=""Low""","=""false"""
"=""vay tín chấp công an""","=""0""","=""0""","=""5""","=""Low""","=""false"""
"=""vay tín chấp app max vib""","=""0""","=""0""","=""6""","=""Low""","=""false"""
"=""vay tín chấp app max""","=""0""","=""0""","=""5""","=""Low""","=""false"""
"=""vay tín chấp app nào""","=""0""","=""0""","=""5""","=""Low""","=""false"""
"=""vay tín chấp trên app techcombank""","=""0""","=""0""","=""6""","=""Low""","=""false"""
"=""vay tín chấp trên app vietcombank""","=""0""","=""0""","=""6""","=""Low""","=""false"""
"=""vay tín chấp trên app vpbank""","=""0""","=""0""","=""6""","=""Low""","=""false"""
"=""vay tín chấp trên app vietinbank""","=""0""","=""0""","=""6""","=""Low""","=""false"""
"=""vay tín chấp bao nhiêu""","=""0""","=""0""","=""5""","=""Low""","=""false"""
"=""vay tín chấp bao nhiêu tuổi""","=""0""","=""0""","=""6""","=""Low""","=""false"""
"=""vay tín chấp bank""","=""0""","=""0""","=""4""","=""Low""","=""false"""
"=""vay tín chấp bac a bank""","=""0""","=""0""","=""6""","=""Low""","=""false"""
"=""vay tín chấp bao nhiêu lần lương""","=""0""","=""0""","=""7""","=""Low""","=""false"""
"=""vay tín chấp bank nào rẻ nhất""","=""0""","=""0""","=""7""","=""Low""","=""false"""
"=""vay tín chấp bhxh""","=""0""","=""0""","=""4""","=""Low""","=""false"""
"=""vay tín chấp bằng bhxh""","=""0""","=""0""","=""5""","=""Low""","=""false"""
"=""vay tín chấp bằng bhnt""","=""0""","=""0""","=""5""","=""Low""","=""false"""
"=""vay tín chấp bidv 2026""","=""0""","=""0""","=""5""","=""Low""","=""false"""
"=""vay tín chấp bidv lãi suất bao nhiều 2025""","=""0""","=""0""","=""9""","=""Low""","=""false"""
"=""vay tín chấp bmt""","=""0""","=""0""","=""4""","=""Low""","=""false"""
"=""vay tín chấp lãi bn""","=""0""","=""0""","=""5""","=""Low""","=""false"""
"=""vay tín chấp lãi suất bn""","=""0""","=""0""","=""6""","=""Low""","=""false"""
"=""vay tín chấp cho bộ đội""","=""0""","=""0""","=""6""","=""Low""","=""false"""
"=""vay tín chấp max by vib""","=""0""","=""0""","=""6""","=""Low""","=""false"""
"=""vay tín chấp cao nhất bao nhiêu""","=""0""","=""0""","=""7""","=""Low""","=""false"""
"=""vay tín chấp cathay""","=""0""","=""0""","=""4""","=""Low""","=""false"""
"=""vay tín chấp cathay united bank""","=""0""","=""0""","=""6""","=""Low""","=""false"""
"=""vay tín chấp cao""","=""0""","=""0""","=""4""","=""Low""","=""false"""
"=""vay tín chấp cake bank""","=""0""","=""0""","=""5""","=""Low""","=""false"""
"=""vay tín chấp cavet oto""","=""0""","=""0""","=""5""","=""Low""","=""false"""
"=""vay tín chấp cao nhất""","=""0""","=""0""","=""5""","=""Low""","=""false"""
"=""vay tín chấp cep""","=""0""","=""0""","=""4""","=""Low""","=""false"""
"=""vay tín chấp cbnv là gì""","=""0""","=""0""","=""6""","=""Low""","=""false"""
"=""vay tín chấp cbnv""","=""0""","=""0""","=""4""","=""Low""","=""false"""
"=""vay tín chấp cbnv vietinbank""","=""0""","=""0""","=""5""","=""Low""","=""false"""
"=""vay tín chấp cic""","=""0""","=""0""","=""4""","=""Low""","=""false"""
"=""vay tín chấp cic trắng""","=""0""","=""0""","=""5""","=""Low""","=""false"""
"=""vay tín chấp không check cic""","=""0""","=""0""","=""6""","=""Low""","=""false"""
"=""vay tín chấp cho hộ kinh doanh""","=""0""","=""0""","=""7""","=""Low""","=""false"""
"=""vay tín chấp chủ doanh nghiệp""","=""0""","=""0""","=""6""","=""Low""","=""false"""
"=""vay tín chấp cho lao động tự do""","=""0""","=""0""","=""8""","=""Low""","=""false"""
"=""vay tín chấp có bị tịch thu tài sản không""","=""0""","=""0""","=""10""","=""Low""","=""false"""
"=""vay tín chấp có bị kê biên tài sản không""","=""0""","=""0""","=""10""","=""Low""","=""false"""
"=""vay tín chấp cttc""","=""0""","=""0""","=""4""","=""Low""","=""false"""
"=""vay tín chấp cty tài chính""","=""0""","=""0""","=""6""","=""Low""","=""false"""
"=""vay tín chấp cty""","=""0""","=""0""","=""4""","=""Low""","=""false"""
"=""vay tín chấp cub""","=""0""","=""0""","=""4""","=""Low""","=""false"""
"=""vay tín chấp tối đa bao nhiêu lần lương""","=""0""","=""0""","=""9""","=""Low""","=""false"""
"=""vay tín chấp tối đa bao nhiêu năm""","=""0""","=""0""","=""8""","=""Low""","=""false"""
"=""vay tín chấp tối đa""","=""0""","=""0""","=""5""","=""Low""","=""false"""
"=""vay tín chấp tối đa bao nhiêu tháng lương""","=""0""","=""0""","=""9""","=""Low""","=""false"""
"=""vay tín chấp tại đà lạt""","=""0""","=""0""","=""6""","=""Low""","=""false"""
"=""vay tín chấp dễ nhất""","=""0""","=""0""","=""5""","=""Low""","=""false"""
"=""vay tín chấp để mua nhà""","=""0""","=""0""","=""6""","=""Low""","=""false"""
"=""vay tín chấp dễ duyệt nhất""","=""0""","=""0""","=""6""","=""Low""","=""false"""
"=""vay tín chấp để kinh doanh""","=""0""","=""0""","=""6""","=""Low""","=""false"""
"=""vay tín chấp vib dễ không""","=""0""","=""0""","=""6""","=""Low""","=""false"""
"=""vay tín chấp online dễ duyệt""","=""0""","=""0""","=""6""","=""Low""","=""false"""
"=""vay tín chấp có dễ không""","=""0""","=""0""","=""6""","=""Low""","=""false"""
"=""vay tín chấp digimi""","=""0""","=""0""","=""4""","=""Low""","=""false"""
"=""vay tín chấp đi du học""","=""0""","=""0""","=""6""","=""Low""","=""false"""
"=""vay tín chấp đi tù""","=""0""","=""0""","=""5""","=""Low""","=""false"""
"=""vay tín chấp thế giới di động""","=""0""","=""0""","=""7""","=""Low""","=""false"""
"=""vay tín chấp duyệt nhanh""","=""0""","=""0""","=""5""","=""Low""","=""false"""
"=""vay tín chấp duyệt tự động""","=""0""","=""0""","=""6""","=""Low""","=""false"""
"=""vay tín chấp duyệt ngay""","=""0""","=""0""","=""5""","=""Low""","=""false"""
"=""vay tín chấp duyệt dễ""","=""0""","=""0""","=""5""","=""Low""","=""false"""
"=""vay tín chấp theo lương eximbank""","=""0""","=""0""","=""6""","=""Low""","=""false"""
"=""vay tín chấp facebook""","=""0""","=""0""","=""4""","=""Low""","=""false"""
"=""vay tín chấp fe không trả có sao không""","=""0""","=""0""","=""9""","=""Low""","=""false"""
"=""vay tín chấp finance""","=""0""","=""0""","=""4""","=""Low""","=""false"""
"=""vay tín chấp shinhan finance voz""","=""0""","=""0""","=""6""","=""Low""","=""false"""
"=""vay tín chấp fccom""","=""0""","=""0""","=""4""","=""Low""","=""false"""
"=""vay tín chấp trên fundiin""","=""0""","=""0""","=""5""","=""Low""","=""false"""
"=""vay tín chấp gfin""","=""0""","=""0""","=""4""","=""Low""","=""false"""
"=""vay tín chấp gom nợ""","=""0""","=""0""","=""5""","=""Low""","=""false"""
"=""vay tín chấp gpkd""","=""0""","=""0""","=""4""","=""Low""","=""false"""
"=""vay tín chấp bằng gpkd""","=""0""","=""0""","=""5""","=""Low""","=""false"""
"=""vay tín chấp qua ứng dụng grab""","=""0""","=""0""","=""7""","=""Low""","=""false"""
"=""vay tín chấp hay thế chấp là gì""","=""0""","=""0""","=""8""","=""Low""","=""false"""
"=""vay tín chấp hay thế chấp""","=""0""","=""0""","=""6""","=""Low""","=""false"""
"=""vay tín chấp hà tĩnh""","=""0""","=""0""","=""5""","=""Low""","=""false"""
"=""vay tín chấp ngan hang quan doi""","=""0""","=""0""","=""7""","=""Low""","=""false"""
"=""vay tín chấp lãi suất cao hay thấp""","=""0""","=""0""","=""8""","=""Low""","=""false"""
"=""vay tín chấp online hdbank""","=""0""","=""0""","=""5""","=""Low""","=""false"""
"=""vay tín chấp hhb vpbank""","=""0""","=""0""","=""5""","=""Low""","=""false"""
"=""vay tín chấp hhb là gì""","=""0""","=""0""","=""6""","=""Low""","=""false"""
"=""vay tín chấp hkd""","=""0""","=""0""","=""4""","=""Low""","=""false"""
"=""vay tín chấp hkd vpbank""","=""0""","=""0""","=""5""","=""Low""","=""false"""
"=""vay tín chấp hiện nay""","=""0""","=""0""","=""5""","=""Low""","=""false"""
"=""vay tín chấp bảo hiểm xã hội""","=""0""","=""0""","=""7""","=""Low""","=""false"""
"=""vay tín chấp bằng bảo hiểm xã hội""","=""0""","=""0""","=""8""","=""Low""","=""false"""
"=""vay tín chấp qua bảo hiểm""","=""0""","=""0""","=""6""","=""Low""","=""false"""
"=""vay tín chấp tp hcm""","=""0""","=""0""","=""5""","=""Low""","=""false"""
"=""vay tín chấp hsbc voz""","=""0""","=""0""","=""5""","=""Low""","=""false"""
"=""vay tín chấp theo lương hsbc""","=""0""","=""0""","=""6""","=""Low""","=""false"""
"=""vay tín chấp icloud""","=""0""","=""0""","=""4""","=""Low""","=""false"""
"=""vay tín chấp ít lãi suất""","=""0""","=""0""","=""6""","=""Low""","=""false"""
"=""vay tín chấp jeff""","=""0""","=""0""","=""4""","=""Low""","=""false"""
"=""vay tín chấp doanh nghiệp jet 5 tỷ""","=""0""","=""0""","=""8""","=""Low""","=""false"""
"=""vay tín chấp không tài sản đảm bảo""","=""0""","=""0""","=""8""","=""Low""","=""false"""
"=""vay tín chấp không còn khả năng trả""","=""0""","=""0""","=""8""","=""Low""","=""false"""
"=""vay tín chấp kinh doanh techcombank""","=""0""","=""0""","=""6""","=""Low""","=""false"""
"=""vay tín chấp kinh doanh tự do""","=""0""","=""0""","=""7""","=""Low""","=""false"""
"=""vay tín chấp kiotviet""","=""0""","=""0""","=""4""","=""Low""","=""false"""
"=""vay tín chấp kinh doanh vib""","=""0""","=""0""","=""6""","=""Low""","=""false"""
"=""vay tín chấp kredivo""","=""0""","=""0""","=""4""","=""Low""","=""false"""
"=""vay tín chấp lao động tự do""","=""0""","=""0""","=""7""","=""Low""","=""false"""
"=""vay tín chấp là gì agribank""","=""0""","=""0""","=""6""","=""Low""","=""false"""
"=""vay tín chấp liobank""","=""0""","=""0""","=""4""","=""Low""","=""false"""
"=""vay tín chấp linh hoạt""","=""0""","=""0""","=""5""","=""Low""","=""false"""
"=""vay tín chấp ls thấp""","=""0""","=""0""","=""5""","=""Low""","=""false"""
"=""vay tín chấp vpbank không trả có sao không""","=""0""","=""0""","=""9""","=""Low""","=""false"""
"=""vay tín chấp theo luong""","=""0""","=""0""","=""5""","=""Low""","=""false"""
"=""vay tín chấp mbv""","=""0""","=""0""","=""4""","=""Low""","=""false"""
"=""vay tín chấp mb có cần mua bảo hiểm không""","=""0""","=""0""","=""10""","=""Low""","=""false"""
"=""vay tín chấp mb có lừa đảo không""","=""0""","=""0""","=""8""","=""Low""","=""false"""
"=""vay tín chấp mafc""","=""0""","=""0""","=""4""","=""Low""","=""false"""
"=""vay tín chấp max vib có thẩm định không""","=""0""","=""0""","=""9""","=""Low""","=""false"""
"=""vay tín chấp mà không trả có sao không""","=""0""","=""0""","=""9""","=""Low""","=""false"""
"=""vay tín chấp qua max vib""","=""0""","=""0""","=""6""","=""Low""","=""false"""
"=""vay tín chấp mfast""","=""0""","=""0""","=""4""","=""Low""","=""false"""
"=""vay tín chấp misa""","=""0""","=""0""","=""4""","=""Low""","=""false"""
"=""vay tín chấp chứng minh thu nhập""","=""0""","=""0""","=""7""","=""Low""","=""false"""
"=""vay tín chấp msb doanh nghiệp""","=""0""","=""0""","=""6""","=""Low""","=""false"""
"=""vay tín chấp mua bất động sản""","=""0""","=""0""","=""7""","=""Low""","=""false"""
"=""vay tín chấp nhanh online""","=""0""","=""0""","=""5""","=""Low""","=""false"""
"=""vay tín chấp việt nam""","=""0""","=""0""","=""5""","=""Low""","=""false"""
"=""vay tín chấp no xau""","=""0""","=""0""","=""5""","=""Low""","=""false"""
"=""vay tín chấp nợ chú ý""","=""0""","=""0""","=""6""","=""Low""","=""false"""
"=""vay tín chấp nợ nhóm 2""","=""0""","=""0""","=""6""","=""Low""","=""false"""
"=""vay tín chấp nợ quá hạn""","=""0""","=""0""","=""6""","=""Low""","=""false"""
"=""vay tín chấp là nnao""","=""0""","=""0""","=""5""","=""Low""","=""false"""
"=""vay tín chấp ntn""","=""0""","=""0""","=""4""","=""Low""","=""false"""
"=""vay tín chấp lãi suất ntn""","=""0""","=""0""","=""6""","=""Low""","=""false"""
"=""vay tín chấp ocb""","=""0""","=""0""","=""4""","=""Low""","=""false"""
"=""vay tín chấp ocb lãi suất bao nhiêu""","=""0""","=""0""","=""8""","=""Low""","=""false"""
"=""vay tín chấp ocb online""","=""0""","=""0""","=""5""","=""Low""","=""false"""
"=""vay tín chấp ocb cần gì""","=""0""","=""0""","=""6""","=""Low""","=""false"""
"=""vay tín chấp ocb omni""","=""0""","=""0""","=""5""","=""Low""","=""false"""
"=""vay tín chấp trên ocb""","=""0""","=""0""","=""5""","=""Low""","=""false"""
"=""vay tín chấp online bidv""","=""0""","=""0""","=""5""","=""Low""","=""false"""
"=""vay tín chấp ô tô""","=""0""","=""0""","=""5""","=""Low""","=""false"""
"=""vay tín chấp otofun""","=""0""","=""0""","=""4""","=""Low""","=""false"""
"=""vay tín chấp sacombank pay""","=""0""","=""0""","=""5""","=""Low""","=""false"""
"=""vay tín chấp lộc phát bank""","=""0""","=""0""","=""6""","=""Low""","=""false"""
"=""vay tín chấp có phải đóng bảo hiểm không""","=""0""","=""0""","=""9""","=""Low""","=""false"""
"=""vay tín chấp hội phụ nữ""","=""0""","=""0""","=""6""","=""Low""","=""false"""
"=""vay tín chấp có phải đi tù không""","=""0""","=""0""","=""8""","=""Low""","=""false"""
"=""vay tín chấp tiên phong""","=""0""","=""0""","=""5""","=""Low""","=""false"""
"=""vay tín chấp pil techcombank""","=""0""","=""0""","=""5""","=""Low""","=""false"""
"=""vay tín chấp rẻ""","=""0""","=""0""","=""4""","=""Low""","=""false"""
"=""vay tín chấp có rủi ro không""","=""0""","=""0""","=""7""","=""Low""","=""false"""
"=""vay tín chấp sc""","=""0""","=""0""","=""4""","=""Low""","=""false"""
"=""vay tín chấp sacombank được bao nhiêu""","=""0""","=""0""","=""7""","=""Low""","=""false"""
"=""vay tín chấp shinhan bank lãi suất bao nhiêu""","=""0""","=""0""","=""9""","=""Low""","=""false"""
"=""vay tín chấp shb cần những gì""","=""0""","=""0""","=""7""","=""Low""","=""false"""
"=""vay tín chấp seashop""","=""0""","=""0""","=""4""","=""Low""","=""false"""
"=""vay tín chấp theo lương seabank""","=""0""","=""0""","=""6""","=""Low""","=""false"""
"=""vay tín chấp doanh nghiệp seabank""","=""0""","=""0""","=""6""","=""Low""","=""false"""
"=""vay tín chấp kinh doanh seabank""","=""0""","=""0""","=""6""","=""Low""","=""false"""
"=""vay tín chấp sme vpbank""","=""0""","=""0""","=""5""","=""Low""","=""false"""
"=""vay tín chấp sme""","=""0""","=""0""","=""4""","=""Low""","=""false"""
"=""vay tín chấp doanh nghiệp sme""","=""0""","=""0""","=""6""","=""Low""","=""false"""
"=""vay tín chấp sổ tiết kiệm""","=""0""","=""0""","=""6""","=""Low""","=""false"""
"=""vay tín chấp sổ lương""","=""0""","=""0""","=""5""","=""Low""","=""false"""
"=""vay tín chấp số zalo""","=""0""","=""0""","=""5""","=""Low""","=""false"""
"=""vay tín chấp số tiền lớn""","=""0""","=""0""","=""6""","=""Low""","=""false"""
"=""vay tín chấp standard chartered voz""","=""0""","=""0""","=""6""","=""Low""","=""false"""
"=""vay tín chấp standard""","=""0""","=""0""","=""4""","=""Low""","=""false"""
"=""vay tín chấp theo lương standard chartered""","=""0""","=""0""","=""7""","=""Low""","=""false"""
"=""vay tín chấp doanh nghiệp standard chartered""","=""0""","=""0""","=""7""","=""Low""","=""false"""
"=""vay tín chấp super cash vib""","=""0""","=""0""","=""6""","=""Low""","=""false"""
"=""vay tín chấp super cash""","=""0""","=""0""","=""5""","=""Low""","=""false"""
"=""vay tín chấp lãi suất ưu đãi""","=""0""","=""0""","=""7""","=""Low""","=""false"""
"=""vay tín chấp sinopac""","=""0""","=""0""","=""4""","=""Low""","=""false"""
"=""vay tín chấp siêu nhanh""","=""0""","=""0""","=""5""","=""Low""","=""false"""
"=""vay tín chấp doanh nghiệp siêu nhỏ""","=""0""","=""0""","=""7""","=""Low""","=""false"""
"=""vay tín chấp tcb""","=""0""","=""0""","=""4""","=""Low""","=""false"""
"=""vay tín chấp techcombank là gì""","=""0""","=""0""","=""6""","=""Low""","=""false"""
"=""vay tín chấp techcombank voz""","=""0""","=""0""","=""5""","=""Low""","=""false"""
"=""vay tín chấp techcombank cần điều kiện gì""","=""0""","=""0""","=""8""","=""Low""","=""false"""
"=""vay tín chấp thấu chi là gì""","=""0""","=""0""","=""7""","=""Low""","=""false"""
"=""vay tín chấp tiêu dùng agribank""","=""0""","=""0""","=""6""","=""Low""","=""false"""
"=""vay tín chấp tiêu dùng vietinbank""","=""0""","=""0""","=""6""","=""Low""","=""false"""
"=""vay tín chấp trên 60 tuổi""","=""0""","=""0""","=""6""","=""Low""","=""false"""
"=""vay tín chấp trả trước hạn có bị phạt không""","=""0""","=""0""","=""10""","=""Low""","=""false"""
"=""vay tín chấp trên app max vib""","=""0""","=""0""","=""7""","=""Low""","=""false"""
"=""vay tín chấp không tsbd mb bank""","=""0""","=""0""","=""7""","=""Low""","=""false"""
"=""vay tín chấp không tsbd""","=""0""","=""0""","=""5""","=""Low""","=""false"""
"=""vay tín chấp từ lương sacombank lãi suất bảo nhiều""","=""0""","=""0""","=""10""","=""Low""","=""false"""
"=""vay tín chấp từ lương là gì""","=""0""","=""0""","=""7""","=""Low""","=""false"""
"=""vay tín chấp từ lương vietcombank""","=""0""","=""0""","=""6""","=""Low""","=""false"""
"=""vay tín chấp từ lương bidv""","=""0""","=""0""","=""6""","=""Low""","=""false"""
"=""vay tín chấp công ty tài chính điện lực""","=""0""","=""0""","=""9""","=""Low""","=""false"""
"=""vay tín chấp tại công ty tài chính shb finance""","=""0""","=""0""","=""10""","=""Low""","=""false"""
"=""vay tín chấp uob bank""","=""0""","=""0""","=""5""","=""Low""","=""false"""
"=""vay tín chấp uob voz""","=""0""","=""0""","=""5""","=""Low""","=""false"""
"=""vay tín chấp upl""","=""0""","=""0""","=""4""","=""Low""","=""false"""
"=""vay tín chấp vay thế chấp là gì""","=""0""","=""0""","=""8""","=""Low""","=""false"""
"=""vay tín chấp và thấu chi""","=""0""","=""0""","=""6""","=""Low""","=""false"""
"=""vay tín chấp được vay bao nhiêu""","=""0""","=""0""","=""7""","=""Low""","=""false"""
"=""vay tín chấp là vay sao""","=""0""","=""0""","=""6""","=""Low""","=""false"""
"=""vay tín chấp được vay tối đa bao nhiêu""","=""0""","=""0""","=""9""","=""Low""","=""false"""
"=""vay tín chấp khác gì vay thấu chi""","=""0""","=""0""","=""8""","=""Low""","=""false"""
"=""vay tín chấp app nào uy tín""","=""0""","=""0""","=""7""","=""Low""","=""false"""
"=""vay tín chấp vib có dễ không""","=""0""","=""0""","=""7""","=""Low""","=""false"""
"=""vay tín chấp vrb""","=""0""","=""0""","=""4""","=""Low""","=""false"""
"=""vay tín chấp vs thế chấp""","=""0""","=""0""","=""6""","=""Low""","=""false"""
"=""vay tín chấp vo""","=""0""","=""0""","=""4""","=""Low""","=""false"""
"=""vay tín chấp shinhan voz""","=""0""","=""0""","=""5""","=""Low""","=""false"""
"=""vay tín chấp vib voz""","=""0""","=""0""","=""5""","=""Low""","=""false"""
"=""vay tín chấp vietcombank voz""","=""0""","=""0""","=""5""","=""Low""","=""false"""
"=""vay tín chấp tpbank voz""","=""0""","=""0""","=""5""","=""Low""","=""false"""
"=""vay tín chấp agribank voz""","=""0""","=""0""","=""5""","=""Low""","=""false"""
"=""vay tín chấp woori bank voz""","=""0""","=""0""","=""6""","=""Low""","=""false"""
"=""vay tín chấp điện máy xanh""","=""0""","=""0""","=""6""","=""Low""","=""false"""
"=""vay tín chấp mua xe ô tô""","=""0""","=""0""","=""7""","=""Low""","=""false"""
"=""vay tín chấp sản xuất kinh doanh""","=""0""","=""0""","=""7""","=""Low""","=""false"""
"=""vay tín chấp zalo là gì""","=""0""","=""0""","=""6""","=""Low""","=""false"""
"=""vay tín chấp zalopay""","=""0""","=""0""","=""4""","=""Low""","=""false"""
"=""vay tín chấp zalo có lừa đảo không""","=""0""","=""0""","=""8""","=""Low""","=""false"""
"=""vay tín chấp có rút được tiền không""","=""0""","=""0""","=""8""","=""Low""","=""false"""
"=""vay tín chấp 150tr""","=""0""","=""0""","=""4""","=""Low""","=""false"""
"=""vay tín chấp 100 triệu trong 1 năm lãi suất bao nhiêu""","=""0""","=""0""","=""12""","=""Low""","=""false"""
"=""vay tín chấp 100tr lãi suất bao nhiêu""","=""0""","=""0""","=""8""","=""Low""","=""false"""
"=""vay tín chấp 200 triệu trong 2 năm agribank""","=""0""","=""0""","=""9""","=""Low""","=""false"""
"=""vay tín chấp 20tr""","=""0""","=""0""","=""4""","=""Low""","=""false"""
"=""vay tín chấp 200tr lãi suất bao nhiêu""","=""0""","=""0""","=""8""","=""Low""","=""false"""
"=""vay tín chấp 250 triệu""","=""0""","=""0""","=""5""","=""Low""","=""false"""
"=""vay tín chấp 200 triệu trong 5 năm bidv""","=""0""","=""0""","=""9""","=""Low""","=""false"""
"=""vay tín chấp 300tr lãi suất bao nhiêu""","=""0""","=""0""","=""8""","=""Low""","=""false"""
"=""vay tín chấp 3 tháng""","=""0""","=""0""","=""5""","=""Low""","=""false"""
"=""vay tín chấp 300 triệu trong 5 năm agribank""","=""0""","=""0""","=""9""","=""Low""","=""false"""
"=""vay tín chấp yêu cầu gì""","=""0""","=""0""","=""6""","=""Low""","=""false"""
"=""vay tín chấp 500 triệu trong 5 năm""","=""0""","=""0""","=""8""","=""Low""","=""false"""
"=""vay tín chấp 500tr""","=""0""","=""0""","=""4""","=""Low""","=""false"""
"=""vay tín chấp 5tr""","=""0""","=""0""","=""4""","=""Low""","=""false"""
"=""vay tín chấp 500 triệu lãi suất bao nhiêu""","=""0""","=""0""","=""9""","=""Low""","=""false"""
"=""vay tín chấp 50tr lãi suất bao nhiêu""","=""0""","=""0""","=""8""","=""Low""","=""false"""
"=""vay tín chấp 5 năm""","=""0""","=""0""","=""5""","=""Low""","=""false"""
"=""vay tín chấp 60 tháng""","=""0""","=""0""","=""5""","=""Low""","=""false"""
"=""vay tín chấp 600 triệu""","=""0""","=""0""","=""5""","=""Low""","=""false"""
"=""vay tín chấp 40 triệu""","=""0""","=""0""","=""5""","=""Low""","=""false"""
"=""vay tín chấp 80tr""","=""0""","=""0""","=""4""","=""Low""","=""false"""
"=""vay tín chấp 800 triệu""","=""0""","=""0""","=""5""","=""Low""","=""false"""
"=""vay tín chấp 700 triệu""","=""0""","=""0""","=""5""","=""Low""","=""false"""
"=""vay tín chấp 24 7""","=""0""","=""0""","=""5""","=""Low""","=""false"""
"=""vay tín chấp bên nào lãi suất thấp nhất""","=""0""","=""0""","=""9""","=""Low""","=""false"""
"=""vay tín chấp là gì và vay thế chấp là gì""","=""0""","=""0""","=""11""","=""Low""","=""false"""
"=""vay tín chấp bao nhiêu năm""","=""0""","=""0""","=""6""","=""Low""","=""false"""
"=""vay tín chấp vpbank bao nhiêu tuổi""","=""0""","=""0""","=""7""","=""Low""","=""false"""
"=""vay tín chấp vietcombank bao nhiêu""","=""0""","=""0""","=""6""","=""Low""","=""false"""
"=""vay tín chấp lãi bao nhiêu 1 năm""","=""0""","=""0""","=""8""","=""Low""","=""false"""
"=""vay tín chấp từ lương sacombank lãi suất bao nhiều""","=""0""","=""0""","=""10""","=""Low""","=""false"""
"=""vay tín chấp từ bao nhiêu tuổi""","=""0""","=""0""","=""7""","=""Low""","=""false"""
"=""vay tín chấp trả như thế nào""","=""0""","=""0""","=""7""","=""Low""","=""false"""
"=""vay tín chấp lãi như thế nào""","=""0""","=""0""","=""7""","=""Low""","=""false"""
"=""vay tín chấp của techcombank""","=""0""","=""0""","=""5""","=""Low""","=""false"""
"=""vay tín chấp của vietinbank""","=""0""","=""0""","=""5""","=""Low""","=""false"""
"=""vay tín chấp của tp bank""","=""0""","=""0""","=""6""","=""Low""","=""false"""
"=""vay tín chấp trên ứng dụng max""","=""0""","=""0""","=""7""","=""Low""","=""false"""
"=""vay tín chấp trên mac""","=""0""","=""0""","=""5""","=""Low""","=""false"""
"=""vay tín chấp dưới 20 tuổi""","=""0""","=""0""","=""6""","=""Low""","=""false"""
"=""vay tín chấp có mất phí không""","=""0""","=""0""","=""7""","=""Low""","=""false"""
"=""vay tín chấp trong tiếng anh""","=""0""","=""0""","=""6""","=""Low""","=""false"""
"=""vay tín chấp làm tự do""","=""0""","=""0""","=""6""","=""Low""","=""false"""
"=""vay tín chấp với thế chấp khác nhau như thế nào""","=""0""","=""0""","=""11""","=""Low""","=""false"""
"=""vay tín chấp với thế chấp là gì""","=""0""","=""0""","=""8""","=""Low""","=""false"""
"=""vay tín chấp với thế chấp""","=""0""","=""0""","=""6""","=""Low""","=""false"""
"=""hợp đồng vay tín chấp fe credit""","=""2900""","=""0""","=""7""","=""Low""","=""false"""
"=""các ngân hàng cho vay tín chấp""","=""590""","=""1.32""","=""7""","=""Medium""","=""false"""
"=""cac ngan hang cho vay tin chap""","=""590""","=""1.32""","=""7""","=""Medium""","=""false"""
"=""vpbank vay tín chấp""","=""390""","=""0.89""","=""4""","=""Medium""","=""true"""
"=""lãi suất vay tín chấp các ngân hàng""","=""390""","=""0.83""","=""8""","=""Low""","=""false"""
"=""ngân hàng cho vay tín chấp""","=""260""","=""0.95""","=""6""","=""Medium""","=""false"""
"=""cho vay tín chấp""","=""260""","=""1.03""","=""4""","=""Medium""","=""false"""
"=""có nên vay tín chấp shinhan bank""","=""260""","=""0.47""","=""7""","=""Low""","=""false"""
"=""lãi suất vay tín chấp""","=""260""","=""0.32""","=""5""","=""Low""","=""false"""
"=""hợp đồng vay tín chấp""","=""260""","=""0""","=""5""","=""Low""","=""false"""
"=""quy trình thẩm định vay tín chấp tpbank""","=""210""","=""0.86""","=""8""","=""Low""","=""false"""
"=""vietcombank vay tín chấp""","=""210""","=""0.67""","=""4""","=""Medium""","=""false"""
"=""lãi suất vay tín chấp vpbank""","=""170""","=""0.28""","=""6""","=""Low""","=""false"""
"=""lãi suất vay tín chấp vietcombank""","=""170""","=""1.07""","=""6""","=""Low""","=""false"""
"=""tpbank vay tín chấp""","=""140""","=""0.95""","=""4""","=""Medium""","=""false"""
"=""shb vay tín chấp""","=""140""","=""0.9""","=""4""","=""Medium""","=""false"""
"=""vib vay tín chấp""","=""140""","=""0.81""","=""4""","=""Medium""","=""false"""
"=""kinh nghiệm vay tín chấp vpbank""","=""140""","=""0.45""","=""6""","=""Low""","=""false"""
"=""các ngân hàng cho vay tín chấp online""","=""140""","=""1.57""","=""8""","=""High""","=""true"""
"=""shb vay tin chap""","=""140""","=""0.9""","=""4""","=""Medium""","=""false"""
"=""tpbank vay tin chap""","=""140""","=""0.95""","=""4""","=""Medium""","=""false"""
"=""hd bank vay tín chấp""","=""110""","=""1.04""","=""5""","=""Medium""","=""true"""
"=""shinhan bank vay tín chấp""","=""110""","=""0.53""","=""5""","=""Medium""","=""false"""
"=""techcombank vay tín chấp""","=""110""","=""0.52""","=""4""","=""Low""","=""false"""
"=""ptf vay tín chấp""","=""110""","=""0.89""","=""4""","=""Medium""","=""false"""
"=""ngân hàng nào cho vay tín chấp""","=""110""","=""1.18""","=""7""","=""Medium""","=""false"""
"=""mb bank vay tín chấp""","=""110""","=""0.79""","=""5""","=""Medium""","=""false"""
"=""tp bank vay tín chấp""","=""110""","=""1.01""","=""5""","=""Medium""","=""false"""
"=""hd bank vay tin chap""","=""110""","=""1.04""","=""5""","=""Medium""","=""true"""
"=""mbbank vay tín chấp""","=""110""","=""0.79""","=""4""","=""Medium""","=""false"""
"=""ngan hang nao cho vay tin chap""","=""110""","=""1.18""","=""7""","=""Medium""","=""false"""
"=""shinhan bank vay tin chap""","=""110""","=""0.53""","=""5""","=""Medium""","=""false"""
"=""techcombank vay tin chap""","=""110""","=""0.52""","=""4""","=""Low""","=""false"""
"=""ngân hàng vay tín chấp""","=""90""","=""1.03""","=""5""","=""Medium""","=""true"""
"=""shinhan vay tín chấp""","=""90""","=""0.73""","=""4""","=""Medium""","=""true"""
"=""hsbc vay tín chấp""","=""90""","=""0.84""","=""4""","=""Medium""","=""true"""
"=""điều kiện vay tín chấp vpbank""","=""90""","=""0.48""","=""6""","=""Low""","=""false"""
"=""lãi suất vay tín chấp techcombank""","=""90""","=""0.73""","=""6""","=""Low""","=""false"""
"=""hợp đồng vay tín chấp vpbank""","=""90""","=""0""","=""6""","=""Low""","=""true"""
"=""lãi suất vay tín chấp mb bank""","=""90""","=""0.8""","=""7""","=""Low""","=""false"""
"=""ngân hàng mb có cho vay tín chấp không""","=""90""","=""0.74""","=""9""","=""Medium""","=""false"""
"=""agribank vay tín chấp""","=""90""","=""0.78""","=""4""","=""Medium""","=""false"""
"=""shinhan vay tin chap""","=""90""","=""0.73""","=""4""","=""Medium""","=""true"""
"=""điều kiện vay tín chấp vib""","=""90""","=""0.77""","=""6""","=""Low""","=""false"""
"=""sacombank vay tín chấp""","=""70""","=""0.71""","=""4""","=""Medium""","=""false"""
"=""acb vay tín chấp""","=""70""","=""0.87""","=""4""","=""Medium""","=""false"""
"=""vietcombank có cho vay tín chấp không""","=""70""","=""0.85""","=""7""","=""Medium""","=""true"""
"=""vpbank vay tín chấp online""","=""70""","=""0.7""","=""5""","=""Medium""","=""true"""
"=""lãi vay tín chấp các ngân hàng""","=""70""","=""0.67""","=""7""","=""Low""","=""false"""
"=""lãi vay tín chấp""","=""70""","=""1.69""","=""4""","=""Low""","=""false"""
"=""lãi suất vay tín chấp ngân hàng""","=""70""","=""0.22""","=""7""","=""Low""","=""true"""
"=""acb vay tin chap""","=""70""","=""0.87""","=""4""","=""Medium""","=""false"""
"=""bảng tính lãi suất vay tín chấp shinhan bank""","=""70""","=""0.16""","=""9""","=""Low""","=""false"""
"=""lãi suất vay tín chấp agribank""","=""70""","=""0.69""","=""6""","=""Low""","=""false"""
"=""lãi suất vay tín chấp bidv""","=""70""","=""0""","=""6""","=""Low""","=""false"""
"=""sacombank vay tin chap""","=""70""","=""0.71""","=""4""","=""Medium""","=""false"""
"=""điều kiện vay tín chấp shinhan bank""","=""70""","=""0.28""","=""7""","=""Medium""","=""false"""
"=""hồ sơ vay tín chấp""","=""50""","=""0.33""","=""5""","=""Low""","=""false"""
"=""vietinbank vay tín chấp""","=""50""","=""0.71""","=""4""","=""Medium""","=""false"""
"=""những ngân hàng cho vay tín chấp""","=""50""","=""1.54""","=""7""","=""Medium""","=""true"""
"=""thủ tục vay tín chấp""","=""50""","=""0.57""","=""5""","=""Medium""","=""false"""
"=""lãi suất vay tín chấp shinhan bank""","=""50""","=""0.21""","=""7""","=""Medium""","=""false"""
"=""điều kiện vay tín chấp""","=""50""","=""0.27""","=""5""","=""Low""","=""true"""
"=""có nên vay tín chấp vpbank""","=""50""","=""0.44""","=""6""","=""Low""","=""false"""
"=""acb có cho vay tín chấp không""","=""50""","=""1.2""","=""7""","=""Medium""","=""false"""
"=""agribank có cho vay tín chấp không""","=""50""","=""0.72""","=""7""","=""Low""","=""true"""
"=""bidv vay tin chap""","=""50""","=""0.67""","=""4""","=""Medium""","=""false"""
"=""quy định lãi suất cho vay tín chấp""","=""50""","=""0""","=""8""","=""Low""","=""false"""
"=""seabank vay tín chấp""","=""50""","=""1.11""","=""4""","=""Medium""","=""true"""
"=""thu tuc vay tin chap""","=""50""","=""0.57""","=""5""","=""Medium""","=""false"""
"=""vietinbank có cho vay tín chấp không""","=""50""","=""0.66""","=""7""","=""Medium""","=""true"""
"=""vietinbank vay tin chap""","=""50""","=""0.71""","=""4""","=""Medium""","=""false"""
"=""điều kiện vay tín chấp techcombank""","=""50""","=""0.35""","=""6""","=""Low""","=""false"""
"=""thế nào là vay tín chấp""","=""50""","=""0.12""","=""6""","=""Low""","=""false"""
"=""đăng ký vay tín chấp""","=""40""","=""1.17""","=""5""","=""High""","=""false"""
"=""các công ty tài chính cho vay tín chấp""","=""40""","=""1.75""","=""9""","=""Medium""","=""false"""
"=""mb vay tín chấp""","=""40""","=""0.91""","=""4""","=""Medium""","=""false"""
"=""các ngân hàng vay tín chấp""","=""40""","=""1.23""","=""6""","=""High""","=""false"""
"=""ngân hàng acb có cho vay tín chấp không""","=""40""","=""0.5""","=""9""","=""Medium""","=""true"""
"=""lãi vay tín chấp vpbank""","=""40""","=""0.32""","=""5""","=""Low""","=""false"""
"=""các cty tài chính cho vay tín chấp""","=""40""","=""1.86""","=""8""","=""High""","=""false"""
"=""các ngân hàng cho vay tín chấp hiện nay""","=""40""","=""1.31""","=""9""","=""High""","=""true"""
"=""dang ky vay tin chap""","=""40""","=""1.17""","=""5""","=""High""","=""false"""
"=""lãi suất vay tín chấp của các ngân hàng""","=""40""","=""0.45""","=""9""","=""Medium""","=""false"""
"=""lãi suất vay tín chấp tpbank""","=""40""","=""0.26""","=""6""","=""Low""","=""false"""
"=""ngân hàng agribank có cho vay tín chấp không""","=""40""","=""0.53""","=""9""","=""Low""","=""true"""
"=""nợ chú ý có vay tín chấp được không""","=""40""","=""0.72""","=""9""","=""Medium""","=""false"""
"=""standard chartered vay tín chấp""","=""40""","=""0.86""","=""5""","=""Medium""","=""false"""
"=""techcombank có cho vay tín chấp không""","=""40""","=""0.61""","=""7""","=""Medium""","=""false"""
"=""woori bank vay tín chấp""","=""40""","=""0.8""","=""5""","=""Medium""","=""false"""
"=""vpbank có cho vay tín chấp không""","=""40""","=""0.46""","=""7""","=""Medium""","=""false"""
"=""f88 có vay tín chấp không""","=""40""","=""1.13""","=""6""","=""Medium""","=""true"""
"=""ngân hàng cho vay tín chấp lãi suất thấp""","=""30""","=""1.78""","=""9""","=""High""","=""false"""
"=""đăng ký vay tín chấp vpbank""","=""30""","=""0.95""","=""6""","=""High""","=""true"""
"=""hỗ trợ vay tín chấp""","=""30""","=""0.94""","=""5""","=""Medium""","=""false"""
"=""ngân hàng mb cho vay tín chấp""","=""30""","=""1.18""","=""7""","=""Medium""","=""false"""
"=""đăng ký vay tín chấp tpbank""","=""30""","=""0.91""","=""6""","=""Medium""","=""false"""
"=""bidv có cho vay tín chấp không""","=""30""","=""0.61""","=""7""","=""Low""","=""true"""
"=""các ngân hàng cho vay tín chấp doanh nghiệp""","=""30""","=""2.32""","=""9""","=""Medium""","=""false"""
"=""có nên vay tín chấp hsbc""","=""30""","=""1.29""","=""6""","=""Low""","=""false"""
"=""có nên vay tín chấp tpbank""","=""30""","=""0.68""","=""6""","=""Low""","=""false"""
"=""gói vay tín chấp""","=""30""","=""1.42""","=""4""","=""Medium""","=""false"""
"=""lãi suất cho vay tín chấp""","=""30""","=""0.13""","=""6""","=""Low""","=""false"""
"=""lãi suất vay tín chấp hsbc""","=""30""","=""0""","=""6""","=""Low""","=""false"""
"=""lãi suất vay tín chấp ngân hàng agribank""","=""30""","=""0""","=""8""","=""Low""","=""false"""
"=""lãi suất vay tín chấp vib""","=""30""","=""0""","=""6""","=""Low""","=""false"""
"=""lãi suất vay tín chấp vietinbank""","=""30""","=""0""","=""6""","=""Low""","=""false"""
"=""mb bank có cho vay tín chấp không""","=""30""","=""0.61""","=""8""","=""Medium""","=""false"""
"=""ngân hàng bidv có cho vay tín chấp không""","=""30""","=""0.62""","=""9""","=""Medium""","=""false"""
"=""ngân hàng nào cho vay tín chấp lãi suất thấp""","=""30""","=""0.86""","=""10""","=""High""","=""true"""
"=""sacombank có cho vay tín chấp không""","=""30""","=""0.87""","=""7""","=""Medium""","=""false"""
"=""shinhan finance vay tín chấp""","=""30""","=""0.79""","=""5""","=""Medium""","=""false"""
"=""vay thế chấp và vay tín chấp""","=""30""","=""0""","=""7""","=""Low""","=""false"""
"=""điều kiện vay tín chấp bidv""","=""30""","=""0.55""","=""6""","=""Low""","=""true"""
"=""đăng ký vay tín chấp techcombank""","=""30""","=""0.81""","=""6""","=""Medium""","=""false"""
"=""data khách hàng vay tín chấp free""","=""30""","=""0""","=""7""","=""Low""","=""false"""
"=""vietcombank có vay tín chấp không""","=""30""","=""1.12""","=""6""","=""Medium""","=""true"""
"=""cho vay tín chấp doanh nghiệp""","=""20""","=""2.25""","=""6""","=""Medium""","=""false"""
"=""công ty tài chính cho vay tín chấp""","=""20""","=""1.31""","=""8""","=""Medium""","=""false"""
"=""doanh nghiệp vay tín chấp""","=""20""","=""1.06""","=""5""","=""Medium""","=""false"""
"=""lãi suất vay tín chấp ngân hàng vietcombank""","=""20""","=""0""","=""8""","=""Low""","=""false"""
"=""vpbank cho vay tín chấp""","=""20""","=""0.6""","=""5""","=""Medium""","=""false"""
"=""các ngân hàng cho vay tín chấp lãi suất thấp""","=""20""","=""1.46""","=""10""","=""Medium""","=""false"""
"=""ngân hàng cho vay tín chấp online""","=""20""","=""0.88""","=""7""","=""High""","=""false"""
"=""nên vay tín chấp ngân hàng nào""","=""20""","=""0.91""","=""7""","=""Medium""","=""true"""
"=""ngân hàng mb vay tín chấp""","=""20""","=""0.51""","=""6""","=""Medium""","=""false"""
"=""finance vay tín chấp""","=""20""","=""1.05""","=""4""","=""Medium""","=""true"""
"=""thủ tục vay tín chấp vpbank""","=""20""","=""0""","=""6""","=""Low""","=""false"""
"=""techcombank cho vay tín chấp""","=""20""","=""0.52""","=""5""","=""Medium""","=""false"""
"=""ngân hàng vpbank vay tín chấp""","=""20""","=""0.87""","=""6""","=""Medium""","=""false"""
"=""can vay tin chap""","=""20""","=""1.04""","=""4""","=""High""","=""false"""
"=""các gói vay tín chấp""","=""20""","=""1.07""","=""5""","=""Medium""","=""true"""
"=""cần vay tín chấp""","=""20""","=""1.04""","=""4""","=""High""","=""false"""
"=""gói vay tín chấp vpbank""","=""20""","=""0.35""","=""5""","=""Medium""","=""false"""
"=""hd vay tín chấp""","=""20""","=""0.77""","=""4""","=""High""","=""false"""
"=""hình thức vay tín chấp""","=""20""","=""0.14""","=""5""","=""Medium""","=""false"""
"=""hồ sơ vay tín chấp vpbank""","=""20""","=""0.23""","=""6""","=""Low""","=""false"""
"=""lai suat vay tin chap""","=""20""","=""0""","=""5""","=""Low""","=""true"""
"=""lãi suất ngân hàng vay tín chấp""","=""20""","=""0.77""","=""7""","=""Low""","=""false"""
"=""lãi suất vay tín chấp home credit""","=""20""","=""0.21""","=""7""","=""Low""","=""true"""
"=""lãi suất vay tín chấp mb""","=""20""","=""0""","=""6""","=""Low""","=""false"""
"=""lãi suất vay tín chấp ngân hàng bidv""","=""20""","=""0""","=""8""","=""Low""","=""false"""
"=""lãi suất vay tín chấp ngân hàng mb""","=""20""","=""0""","=""8""","=""Low""","=""false"""
"=""lãi suất vay tín chấp ngân hàng vpbank""","=""20""","=""0.22""","=""8""","=""Low""","=""false"""
"=""lãi suất vay tín chấp sacombank""","=""20""","=""1.17""","=""6""","=""Low""","=""false"""
"=""lãi suất vay tín chấp seabank""","=""20""","=""0""","=""6""","=""Low""","=""false"""
"=""lãi suất vay tín chấp shinhan""","=""20""","=""0.19""","=""6""","=""Low""","=""false"""
"=""lãi suất vay tín chấp standard chartered""","=""20""","=""0""","=""7""","=""Low""","=""false"""
"=""lãi suất vay tín chấp theo lương""","=""20""","=""0.21""","=""7""","=""Low""","=""false"""
"=""lãi suất vay tín chấp woori bank""","=""20""","=""0""","=""7""","=""Low""","=""false"""
"=""lãi vay tín chấp ngân hàng""","=""20""","=""0.16""","=""6""","=""Low""","=""false"""
"=""mb bank cho vay tín chấp""","=""20""","=""0.58""","=""6""","=""Medium""","=""false"""
"=""mb cho vay tín chấp""","=""20""","=""0.51""","=""5""","=""Medium""","=""false"""
"=""muon vay tin chap""","=""20""","=""1.04""","=""4""","=""High""","=""false"""
"=""muốn vay tín chấp""","=""20""","=""1.04""","=""4""","=""High""","=""false"""
"=""ngân hàng có cho vay tín chấp không""","=""20""","=""0.43""","=""8""","=""Medium""","=""true"""
"=""ngân hàng techcombank có cho vay tín chấp không""","=""20""","=""0.44""","=""9""","=""Medium""","=""true"""
"=""ngân hàng vib có cho vay tín chấp không""","=""20""","=""0.82""","=""9""","=""Medium""","=""true"""
"=""ngân hàng vietcombank có cho vay tín chấp không""","=""20""","=""0.49""","=""9""","=""Low""","=""false"""
"=""ngân hàng vietinbank có cho vay tín chấp không""","=""20""","=""0.41""","=""9""","=""Low""","=""false"""
"=""những ngân hàng nào cho vay tín chấp""","=""20""","=""1.15""","=""8""","=""High""","=""true"""
"=""quy trình thẩm định vay tín chấp mb""","=""20""","=""0""","=""8""","=""Low""","=""false"""
"=""thủ tục vay tín chấp agribank""","=""20""","=""0""","=""6""","=""Low""","=""false"""
"=""thủ tục vay tín chấp bidv""","=""20""","=""0.89""","=""6""","=""Low""","=""false"""
"=""thủ tục vay tín chấp mb bank""","=""20""","=""0.64""","=""7""","=""Medium""","=""false"""
"=""thủ tục vay tín chấp ngân hàng""","=""20""","=""0.21""","=""7""","=""Medium""","=""false"""
"=""thủ tục vay tín chấp techcombank""","=""20""","=""0.55""","=""6""","=""Medium""","=""false"""
"=""thủ tục vay tín chấp vietcombank""","=""20""","=""0.87""","=""6""","=""Low""","=""false"""
"=""tính lãi suất vay tín chấp""","=""20""","=""0""","=""6""","=""Low""","=""false"""
"=""tính lãi vay tín chấp""","=""20""","=""0""","=""5""","=""Low""","=""false"""
"=""vcb vay tín chấp""","=""20""","=""0.7""","=""4""","=""Medium""","=""false"""
"=""vib có cho vay tín chấp không""","=""20""","=""0.95""","=""7""","=""Medium""","=""true"""
"=""vietcombank vay tín chấp theo lương""","=""20""","=""0.84""","=""6""","=""Low""","=""false"""
"=""vp bank cho vay tín chấp""","=""20""","=""0.72""","=""6""","=""Medium""","=""false"""
"=""vp vay tín chấp""","=""20""","=""1.24""","=""4""","=""Medium""","=""false"""
"=""điều kiện vay tín chấp agribank""","=""20""","=""0""","=""6""","=""Low""","=""false"""
"=""điều kiện vay tín chấp mb bank""","=""20""","=""0.73""","=""7""","=""Low""","=""false"""
"=""điều kiện vay tín chấp ngân hàng""","=""20""","=""0.3""","=""7""","=""Medium""","=""false"""
"=""điều kiện vay tín chấp sacombank""","=""20""","=""0.2""","=""6""","=""Low""","=""false"""
"=""điều kiện vay tín chấp vietcombank""","=""20""","=""0.23""","=""6""","=""Low""","=""false"""
"=""điều kiện vay tín chấp vietinbank""","=""20""","=""0""","=""6""","=""Low""","=""false"""
"=""đăng ký vay tín chấp bidv""","=""20""","=""0.58""","=""6""","=""Medium""","=""false"""
"=""thanh toán khoản vay tín chấp vpbank""","=""20""","=""0""","=""7""","=""Low""","=""false"""
"=""so sánh vay tín chấp và vay thế chấp""","=""20""","=""0""","=""9""","=""Low""","=""false"""
"=""đăng ký vay tín chấp msb""","=""20""","=""0.72""","=""6""","=""Medium""","=""false"""
"=""thanh toán vay tín chấp techcombank""","=""20""","=""0""","=""6""","=""Low""","=""true"""
"=""app vay tín chấp uy tín""","=""20""","=""2.37""","=""6""","=""High""","=""true"""
"=""ngân hàng nào cho vay tín chấp bằng cmnd""","=""10""","=""0""","=""9""","=""Low""","=""false"""
"=""citibank vay tín chấp""","=""10""","=""0.74""","=""4""","=""Medium""","=""false"""
"=""ngân hàng vay tín chấp lãi suất thấp""","=""10""","=""1.5""","=""8""","=""High""","=""false"""
"=""công ty tài chính vay tín chấp""","=""10""","=""1.48""","=""7""","=""High""","=""false"""
"=""dịch vụ làm hồ sơ giả vay tín chấp""","=""10""","=""0""","=""9""","=""Low""","=""false"""
"=""tư vấn vay tín chấp""","=""10""","=""0.7""","=""5""","=""Medium""","=""false"""
"=""có nên vay tín chấp shinhan finance""","=""10""","=""0""","=""7""","=""Low""","=""false"""
"=""ngân hàng acb cho vay tín chấp""","=""10""","=""0""","=""7""","=""Medium""","=""false"""
"=""ngân hàng acb vay tín chấp""","=""10""","=""1.16""","=""6""","=""Medium""","=""false"""
"=""cho vay tín chấp doanh nghiệp siêu nhỏ""","=""10""","=""0""","=""8""","=""Low""","=""false"""
"=""home credit vay tín chấp""","=""10""","=""0""","=""5""","=""Medium""","=""false"""
"=""cho vay tín chấp shinhan bank""","=""10""","=""0""","=""6""","=""Medium""","=""false"""
"=""ngân hàng shinhan vay tín chấp""","=""10""","=""0.6""","=""6""","=""Medium""","=""false"""
"=""cho doanh nghiệp vay tín chấp""","=""10""","=""1.36""","=""6""","=""High""","=""false"""
"=""cty tài chính cho vay tín chấp""","=""10""","=""1.18""","=""7""","=""High""","=""false"""
"=""các tổ chức tín dụng cho vay tín chấp""","=""10""","=""1.64""","=""9""","=""Medium""","=""false"""
"=""vietcombank cho vay tín chấp""","=""10""","=""1.89""","=""5""","=""Low""","=""false"""
"=""cho vay tín chấp doanh nghiệp vừa và nhỏ""","=""10""","=""0""","=""9""","=""High""","=""false"""
"=""tôi muốn vay tín chấp""","=""10""","=""0""","=""5""","=""High""","=""false"""
"=""20 tuổi vay tín chấp""","=""10""","=""0.95""","=""5""","=""Medium""","=""false"""
"=""abbank vay tín chấp""","=""10""","=""0.56""","=""4""","=""Medium""","=""false"""
"=""acb cho vay tín chấp""","=""10""","=""2.95""","=""5""","=""Medium""","=""false"""
"=""agribank cho vay tín chấp""","=""10""","=""0.32""","=""5""","=""Medium""","=""false"""
"=""agribank cho vay tín chấp theo lương""","=""10""","=""0""","=""7""","=""Low""","=""false"""
"=""anz vay tín chấp""","=""10""","=""0""","=""4""","=""Low""","=""false"""
"=""avay dịch vụ vay tín chấp trực tuyến siêu tốc""","=""10""","=""0.73""","=""10""","=""Medium""","=""false"""
"=""bidv cho vay tín chấp""","=""10""","=""0""","=""5""","=""Low""","=""false"""
"=""bảng lãi suất vay tín chấp các ngân hàng""","=""10""","=""0""","=""9""","=""Low""","=""false"""
"=""bảng lãi suất vay tín chấp vpbank""","=""10""","=""0""","=""7""","=""Low""","=""false"""
"=""bảng tính lãi suất vay tín chấp""","=""10""","=""0.2""","=""7""","=""Low""","=""false"""
"=""bảng tính lãi suất vay tín chấp fe credit""","=""10""","=""0""","=""9""","=""Low""","=""false"""
"=""bảng tính lãi suất vay tín chấp vpbank""","=""10""","=""0""","=""8""","=""Low""","=""false"""
"=""bảng tính lãi vay tín chấp""","=""10""","=""0""","=""6""","=""Low""","=""false"""
"=""bảng tính vay tín chấp""","=""10""","=""0""","=""5""","=""Low""","=""false"""
"=""bảo hiểm khoản vay tín chấp tpbank""","=""10""","=""0""","=""7""","=""Low""","=""false"""
"=""bảo hiểm khoản vay tín chấp vpbank""","=""10""","=""0""","=""7""","=""Low""","=""true"""
"=""bảo hiểm vay tín chấp""","=""10""","=""0""","=""5""","=""Low""","=""false"""
"=""bảo hiểm vay tín chấp vpbank""","=""10""","=""0""","=""6""","=""Low""","=""false"""
"=""bằng tính lãi suất vay tín chấp vpbank""","=""10""","=""0""","=""8""","=""Low""","=""false"""
"=""cho vay tin chap hd saison""","=""10""","=""0""","=""6""","=""Low""","=""false"""
"=""cho vay tín chấp acb""","=""10""","=""0""","=""5""","=""Low""","=""false"""
"=""cho vay tín chấp agribank""","=""10""","=""0""","=""5""","=""Low""","=""false"""
"=""cho vay tín chấp bidv""","=""10""","=""0""","=""5""","=""Medium""","=""false"""
"=""cho vay tín chấp cá nhân""","=""10""","=""0.55""","=""6""","=""High""","=""false"""
"=""cho vay tín chấp fe credit""","=""10""","=""0""","=""6""","=""Low""","=""false"""
"=""cho vay tín chấp giải ngân trong ngày""","=""10""","=""0""","=""8""","=""Low""","=""false"""
"=""cho vay tín chấp homecredit""","=""10""","=""0""","=""5""","=""High""","=""false"""
"=""cho vay tín chấp hộ kinh doanh cá thể""","=""10""","=""0""","=""9""","=""Low""","=""false"""
"=""cho vay tín chấp không cần chứng minh thu nhập""","=""10""","=""0""","=""10""","=""Low""","=""false"""
"=""cho vay tín chấp lãi suất thấp""","=""10""","=""0""","=""7""","=""Medium""","=""false"""
"=""cho vay tín chấp mbbank""","=""10""","=""0""","=""5""","=""Low""","=""false"""
"=""cho vay tín chấp mirae asset""","=""10""","=""0""","=""6""","=""Low""","=""false"""
"=""cho vay tín chấp ngân hàng""","=""10""","=""0.74""","=""6""","=""Medium""","=""false"""
"=""cho vay tín chấp ngân hàng quân đội""","=""10""","=""0""","=""8""","=""Low""","=""false"""
"=""cho vay tín chấp ngân hàng vietcombank""","=""10""","=""0""","=""7""","=""Low""","=""false"""
"=""cho vay tín chấp ngân hàng vpbank""","=""10""","=""0""","=""7""","=""Low""","=""false"""
"=""cho vay tín chấp nhanh""","=""10""","=""0""","=""5""","=""Medium""","=""false"""
"=""cho vay tín chấp online""","=""10""","=""0""","=""5""","=""High""","=""false"""
"=""cho vay tín chấp sacombank""","=""10""","=""0""","=""5""","=""Low""","=""false"""
"=""cho vay tín chấp techcombank""","=""10""","=""0""","=""5""","=""Low""","=""false"""
"=""cho vay tín chấp theo lương""","=""10""","=""0""","=""6""","=""High""","=""false"""
"=""cho vay tín chấp tiêu dùng""","=""10""","=""0""","=""6""","=""Low""","=""false"""
"=""cho vay tín chấp tp bank""","=""10""","=""0""","=""6""","=""Low""","=""false"""
"=""cho vay tín chấp uy tín""","=""10""","=""0""","=""6""","=""Low""","=""false"""
"=""cho vay tín chấp vietcombank""","=""10""","=""0""","=""5""","=""Low""","=""false"""
"=""cho vay tín chấp vietinbank""","=""10""","=""0""","=""5""","=""Low""","=""false"""
"=""cho vay tín chấp vpbank""","=""10""","=""0""","=""5""","=""Low""","=""false"""
"=""cimb bank vay tín chấp""","=""10""","=""0.91""","=""5""","=""Medium""","=""false"""
"=""cimb vay tín chấp""","=""10""","=""1.23""","=""4""","=""Medium""","=""true"""
"=""co nen vay tin chap hay khong""","=""10""","=""0""","=""7""","=""Low""","=""false"""
"=""cong ty tai chinh cho vay tin chap""","=""10""","=""0""","=""8""","=""Low""","=""false"""
"=""các cty cho vay tín chấp""","=""10""","=""2.22""","=""6""","=""High""","=""false"""
"=""các công ty cho vay tín chấp""","=""10""","=""1.32""","=""7""","=""Medium""","=""false"""
"=""các công ty vay tín chấp""","=""10""","=""4.58""","=""6""","=""High""","=""false"""
"=""các gói vay tín chấp của tpbank""","=""10""","=""0""","=""7""","=""Low""","=""false"""
"=""các gói vay tín chấp của vpbank""","=""10""","=""0""","=""7""","=""Medium""","=""false"""
"=""các gói vay tín chấp vpbank""","=""10""","=""0.27""","=""6""","=""Medium""","=""false"""
"=""các hình thức vay tín chấp""","=""10""","=""1.61""","=""6""","=""Medium""","=""false"""
"=""các khoản vay tín chấp""","=""10""","=""1.78""","=""5""","=""Medium""","=""false"""
"=""các ngân hàng cho công an vay tín chấp""","=""10""","=""0""","=""9""","=""Medium""","=""false"""
"=""các ngân hàng cho doanh nghiệp vay tín chấp""","=""10""","=""1.13""","=""9""","=""Medium""","=""false"""
"=""các ngân hàng cho vay tín chấp theo lương""","=""10""","=""0.67""","=""9""","=""High""","=""false"""
"=""các ngân hàng cho vay tín chấp uy tín""","=""10""","=""0""","=""9""","=""Medium""","=""false"""
"=""các ngân hàng hỗ trợ vay tín chấp""","=""10""","=""0.94""","=""8""","=""High""","=""false"""
"=""các ngân hàng vay tín chấp lãi suất thấp""","=""10""","=""1.02""","=""9""","=""High""","=""false"""
"=""các tổ chức cho vay tín chấp""","=""10""","=""1.47""","=""7""","=""High""","=""false"""
"=""các tổ chức cho vay tín chấp uy tín""","=""10""","=""0.43""","=""9""","=""Medium""","=""false"""
"=""có nên vay tín chấp""","=""10""","=""0""","=""5""","=""Low""","=""false"""
"=""có nên vay tín chấp fe credit""","=""10""","=""0""","=""7""","=""Low""","=""false"""
"=""có nên vay tín chấp không""","=""10""","=""0.52""","=""6""","=""Low""","=""false"""
"=""có nên vay tín chấp mcredit""","=""10""","=""0""","=""6""","=""Low""","=""false"""
"=""có nên vay tín chấp ngân hàng""","=""10""","=""0""","=""7""","=""Low""","=""false"""
"=""có nên vay tín chấp ngân hàng tpbank""","=""10""","=""0""","=""8""","=""Low""","=""false"""
"=""có nên vay tín chấp ngân hàng vpbank""","=""10""","=""0""","=""8""","=""Low""","=""false"""
"=""có nên vay tín chấp vietcombank""","=""10""","=""0""","=""6""","=""Low""","=""false"""
"=""có nên vay tín chấp vpbank không""","=""10""","=""0""","=""7""","=""Low""","=""false"""
"=""có được vay tín chấp 2 ngân hàng""","=""10""","=""0""","=""8""","=""Low""","=""false"""
"=""công an vay tín chấp""","=""10""","=""0""","=""5""","=""Medium""","=""false"""
"=""công thức tính lãi suất vay tín chấp""","=""10""","=""0""","=""8""","=""Low""","=""false"""
"=""công ty cho vay tín chấp""","=""10""","=""0.31""","=""6""","=""Medium""","=""false"""
"=""công ty vay tín chấp""","=""10""","=""0.89""","=""5""","=""Medium""","=""false"""
"=""công ty vay tín chấp uy tín""","=""10""","=""0""","=""7""","=""Low""","=""false"""
"=""cầm đồ cho vay tín chấp""","=""10""","=""0""","=""6""","=""Medium""","=""false"""
"=""cần vay tín chấp theo lương""","=""10""","=""0""","=""6""","=""Low""","=""false"""
"=""cộng tác viên cho vay tín chấp""","=""10""","=""0""","=""7""","=""Low""","=""false"""
"=""cộng tác viên vay tín chấp""","=""10""","=""0""","=""6""","=""Low""","=""false"""
"=""danh sách các ngân hàng cho vay tín chấp""","=""10""","=""0""","=""9""","=""Medium""","=""false"""
"=""danh sách khách hàng vay tín chấp""","=""10""","=""0""","=""7""","=""Low""","=""false"""
"=""danh sách ngân hàng cho vay tín chấp""","=""10""","=""0""","=""8""","=""Medium""","=""false"""
"=""dieu kien vay tin chap""","=""10""","=""0""","=""5""","=""Low""","=""false"""
"=""dieu kien vay tin chap shinhan bank""","=""10""","=""0""","=""7""","=""Low""","=""false"""
"=""diễn đàn vay tín chấp""","=""10""","=""1.03""","=""5""","=""Medium""","=""false"""
"=""doanh nghiệp có được vay tín chấp không""","=""10""","=""0""","=""8""","=""Low""","=""false"""
"=""doanh nghiệp vay tín chấp ngân hàng""","=""10""","=""2.17""","=""7""","=""Medium""","=""false"""
"=""dùng cmnd giả vay tín chấp""","=""10""","=""0""","=""6""","=""Low""","=""false"""
"=""dịch vụ cho vay tín chấp""","=""10""","=""0""","=""6""","=""High""","=""false"""
"=""dịch vụ làm hồ sơ vay tín chấp""","=""10""","=""0""","=""8""","=""Low""","=""false"""
"=""dịch vụ vay tín chấp""","=""10""","=""0.91""","=""5""","=""High""","=""false"""
"=""dịch vụ vay tín chấp trọn gói""","=""10""","=""1.43""","=""7""","=""High""","=""false"""
"=""evn cho vay tín chấp""","=""10""","=""0""","=""5""","=""Low""","=""false"""
"=""evn vay tín chấp""","=""10""","=""0""","=""4""","=""Low""","=""false"""
"=""eximbank vay tín chấp""","=""10""","=""0.61""","=""4""","=""Medium""","=""true"""
"=""fe credit vay tin chap""","=""10""","=""0""","=""5""","=""Low""","=""false"""
"=""fe credit vay tín chấp""","=""10""","=""0.37""","=""5""","=""Medium""","=""false"""
"=""fe vay tín chấp""","=""10""","=""0""","=""4""","=""Medium""","=""false"""
"=""gói vay tín chấp agribank""","=""10""","=""0.84""","=""5""","=""Medium""","=""false"""
"=""gói vay tín chấp bidv""","=""10""","=""0.33""","=""5""","=""Low""","=""false"""
"=""gói vay tín chấp cho công an""","=""10""","=""0""","=""7""","=""Low""","=""false"""
"=""gói vay tín chấp cho doanh nghiệp""","=""10""","=""1.54""","=""7""","=""Medium""","=""true"""
"=""gói vay tín chấp doanh nghiệp""","=""10""","=""3.84""","=""6""","=""High""","=""false"""
"=""gói vay tín chấp sacombank""","=""10""","=""0.5""","=""5""","=""High""","=""false"""
"=""gói vay tín chấp vietcombank""","=""10""","=""0.44""","=""5""","=""Medium""","=""false"""
"=""hd saison vay tín chấp""","=""10""","=""0.56""","=""5""","=""Medium""","=""true"""
"=""ho tro vay tin chap""","=""10""","=""0""","=""5""","=""Low""","=""false"""
"=""hop dong vay tin chap""","=""10""","=""0""","=""5""","=""Low""","=""false"""
"=""hsbc cho vay tín chấp""","=""10""","=""0.95""","=""5""","=""Medium""","=""false"""
"=""hình thức cho vay tín chấp""","=""10""","=""0""","=""6""","=""Low""","=""false"""
"=""hình thức vay tín chấp của ngân hàng vietcombank""","=""10""","=""0""","=""9""","=""Low""","=""false"""
"=""hình thức vay tín chấp của ngân hàng vpbank""","=""10""","=""0""","=""9""","=""Low""","=""false"""
"=""hướng dẫn vay tín chấp""","=""10""","=""0.95""","=""5""","=""Medium""","=""false"""
"=""hậu quả của vay tín chấp""","=""10""","=""0""","=""6""","=""Low""","=""false"""
"=""hồ sơ vay tín chấp agribank""","=""10""","=""0""","=""6""","=""Low""","=""false"""
"=""hồ sơ vay tín chấp bidv""","=""10""","=""0""","=""6""","=""Low""","=""false"""
"=""hồ sơ vay tín chấp bị từ chối""","=""10""","=""0""","=""8""","=""Medium""","=""false"""
"=""hồ sơ vay tín chấp ngân hàng""","=""10""","=""0""","=""7""","=""Low""","=""false"""
"=""hồ sơ vay tín chấp shinhan bank""","=""10""","=""0.23""","=""7""","=""Medium""","=""false"""
"=""hồ sơ vay tín chấp techcombank""","=""10""","=""0""","=""6""","=""Low""","=""false"""
"=""hồ sơ vay tín chấp tpbank""","=""10""","=""0""","=""6""","=""Low""","=""false"""
"=""hồ sơ vay tín chấp vietcombank""","=""10""","=""0""","=""6""","=""Low""","=""false"""
"=""hỗ trợ hồ sơ vay tín chấp""","=""10""","=""0""","=""7""","=""Medium""","=""false"""
"=""hỗ trợ vay tín chấp ngân hàng""","=""10""","=""1.18""","=""7""","=""Medium""","=""false"""
"=""hỗ trợ vay tín chấp tiêu dùng ngân hàng""","=""10""","=""0.33""","=""9""","=""Medium""","=""false"""
"=""hỗ trợ vay tín chấp vpbank""","=""10""","=""0.81""","=""6""","=""Medium""","=""false"""
"=""hợp đồng cho vay tín chấp""","=""10""","=""0""","=""6""","=""Low""","=""false"""
"=""hợp đồng vay tín chấp tpbank""","=""10""","=""0""","=""6""","=""Low""","=""false"""
"=""jaccs vay tín chấp""","=""10""","=""0""","=""4""","=""Medium""","=""false"""
"=""khong dong tien vay tin chap co sao khong""","=""10""","=""0""","=""9""","=""Low""","=""false"""
"=""không trả nợ vay tín chấp""","=""10""","=""0""","=""6""","=""Low""","=""false"""
"=""không trả tiền vay tín chấp""","=""10""","=""0""","=""6""","=""Low""","=""false"""
"=""không trả tiền vay tín chấp fe credit""","=""10""","=""0""","=""8""","=""Low""","=""false"""
"=""không trả được nợ vay tín chấp tiêu dùng""","=""10""","=""0""","=""9""","=""Low""","=""false"""
"=""kinh nghiệm vay tín chấp""","=""10""","=""0""","=""5""","=""Low""","=""false"""
"=""kinh nghiệm vay tín chấp standard""","=""10""","=""0""","=""6""","=""Low""","=""false"""
"=""lai suat cho vay tin chap""","=""10""","=""0""","=""6""","=""Low""","=""false"""
"=""lai suat vay tin chap acb""","=""10""","=""0""","=""6""","=""Low""","=""false"""
"=""lai suat vay tin chap bidv""","=""10""","=""0""","=""6""","=""Low""","=""false"""
"=""lai suat vay tin chap ngan hang""","=""10""","=""0""","=""7""","=""Low""","=""false"""
"=""lai suat vay tin chap tai vietcombank""","=""10""","=""0""","=""7""","=""Low""","=""false"""
"=""lai suat vay tin chap vietcombank""","=""10""","=""0""","=""6""","=""Low""","=""false"""
"=""lai suat vay tin chap vpbank""","=""10""","=""0""","=""6""","=""Low""","=""false"""
"=""lienvietpostbank vay tin chap""","=""10""","=""0""","=""4""","=""Low""","=""false"""
"=""liên việt post bank vay tín chấp""","=""10""","=""0""","=""7""","=""Low""","=""false"""
"=""lotte vay tín chấp""","=""10""","=""0""","=""4""","=""Medium""","=""false"""
"=""làm hồ sơ vay tín chấp""","=""10""","=""0.37""","=""6""","=""Medium""","=""false"""
"=""lãi suất cho vay tín chấp các ngân hàng""","=""10""","=""2.85""","=""9""","=""Low""","=""false"""
"=""lãi suất cho vay tín chấp của các ngân hàng""","=""10""","=""0""","=""10""","=""Low""","=""false"""
"=""lãi suất cho vay tín chấp của ngân hàng agribank""","=""10""","=""0""","=""10""","=""Low""","=""false"""
"=""lãi suất cho vay tín chấp của ngân hàng sacombank""","=""10""","=""0""","=""10""","=""Low""","=""false"""
"=""lãi suất cho vay tín chấp của ngân hàng techcombank""","=""10""","=""0""","=""10""","=""Low""","=""false"""
"=""lãi suất cho vay tín chấp của ngân hàng vietinbank""","=""10""","=""0""","=""10""","=""Low""","=""false"""
"=""lãi suất cho vay tín chấp vietcombank""","=""10""","=""0""","=""7""","=""Low""","=""false"""
"=""lãi suất cho vay tín chấp vpbank""","=""10""","=""0""","=""7""","=""Low""","=""false"""
"=""lãi suất ngân hàng cho vay tín chấp""","=""10""","=""0""","=""8""","=""Low""","=""false"""
"=""lãi suất tối đa của vay tín chấp""","=""10""","=""0""","=""8""","=""Low""","=""false"""
"=""lãi suất vay tín chấp acb""","=""10""","=""0""","=""6""","=""Low""","=""false"""
"=""lãi suất vay tín chấp bidv 2021""","=""10""","=""0""","=""7""","=""Low""","=""false"""
"=""lãi suất vay tín chấp citibank""","=""10""","=""0""","=""6""","=""Low""","=""false"""
"=""lãi suất vay tín chấp các ngân hàng 2022""","=""10""","=""0""","=""9""","=""Low""","=""false"""
"=""lãi suất vay tín chấp của ngân hàng vpbank""","=""10""","=""0""","=""9""","=""Low""","=""false"""
"=""lãi suất vay tín chấp của vpbank""","=""10""","=""0""","=""7""","=""Low""","=""false"""
"=""lãi suất vay tín chấp doanh nghiệp""","=""10""","=""0""","=""7""","=""Low""","=""false"""
"=""lãi suất vay tín chấp fe""","=""10""","=""1.33""","=""6""","=""High""","=""false"""
"=""lãi suất vay tín chấp fe credit""","=""10""","=""0.22""","=""7""","=""Medium""","=""false"""
"=""lãi suất vay tín chấp fecredit""","=""10""","=""0.22""","=""6""","=""Medium""","=""false"""
"=""lãi suất vay tín chấp hd saison""","=""10""","=""0""","=""7""","=""Low""","=""false"""
"=""lãi suất vay tín chấp hiện nay""","=""10""","=""0""","=""7""","=""Low""","=""false"""
"=""lãi suất vay tín chấp liên việt post bank""","=""10""","=""0""","=""9""","=""Low""","=""false"""
"=""lãi suất vay tín chấp maritime bank""","=""10""","=""0""","=""7""","=""Low""","=""false"""
"=""lãi suất vay tín chấp mcredit""","=""10""","=""0""","=""6""","=""Low""","=""false"""
"=""lãi suất vay tín chấp mirae asset""","=""10""","=""0""","=""7""","=""Low""","=""false"""
"=""lãi suất vay tín chấp ngân hàng acb""","=""10""","=""0""","=""8""","=""Low""","=""false"""
"=""lãi suất vay tín chấp ngân hàng agribank 2020""","=""10""","=""0""","=""9""","=""Low""","=""false"""
"=""lãi suất vay tín chấp ngân hàng agribank 2022""","=""10""","=""0""","=""9""","=""Low""","=""false"""
"=""lãi suất vay tín chấp ngân hàng bidv 2022""","=""10""","=""0""","=""9""","=""Low""","=""false"""
"=""lãi suất vay tín chấp ngân hàng bản việt""","=""10""","=""0""","=""9""","=""Low""","=""false"""
"=""lãi suất vay tín chấp ngân hàng citibank""","=""10""","=""0""","=""8""","=""Low""","=""false"""
"=""lãi suất vay tín chấp ngân hàng eximbank""","=""10""","=""0""","=""8""","=""Low""","=""false"""
"=""lãi suất vay tín chấp ngân hàng hdbank""","=""10""","=""0""","=""8""","=""Medium""","=""false"""
"=""lãi suất vay tín chấp ngân hàng lienvietpostbank""","=""10""","=""0""","=""8""","=""Low""","=""false"""
"=""lãi suất vay tín chấp ngân hàng liên việt""","=""10""","=""0""","=""9""","=""Low""","=""false"""
"=""lãi suất vay tín chấp ngân hàng mb 2021""","=""10""","=""0""","=""9""","=""Low""","=""false"""
"=""lãi suất vay tín chấp ngân hàng mb bank""","=""10""","=""0""","=""9""","=""Low""","=""false"""
"=""lãi suất vay tín chấp ngân hàng nông nghiệp""","=""10""","=""0""","=""9""","=""Low""","=""false"""
"=""lãi suất vay tín chấp ngân hàng quân đội""","=""10""","=""0""","=""9""","=""Low""","=""false"""
"=""lãi suất vay tín chấp ngân hàng quân đội 2021""","=""10""","=""0""","=""10""","=""Low""","=""false"""
"=""lãi suất vay tín chấp ngân hàng sacombank""","=""10""","=""0""","=""8""","=""Low""","=""false"""
"=""lãi suất vay tín chấp ngân hàng scb""","=""10""","=""0""","=""8""","=""Low""","=""false"""
"=""lãi suất vay tín chấp ngân hàng shb""","=""10""","=""0""","=""8""","=""Low""","=""false"""
"=""lãi suất vay tín chấp ngân hàng shinhan""","=""10""","=""0.23""","=""8""","=""Medium""","=""false"""
"=""lãi suất vay tín chấp ngân hàng shinhan bank""","=""10""","=""0.32""","=""9""","=""Medium""","=""false"""
"=""lãi suất vay tín chấp ngân hàng standard chartered""","=""10""","=""0""","=""9""","=""Low""","=""false"""
"=""lãi suất vay tín chấp ngân hàng techcombank""","=""10""","=""0""","=""8""","=""Low""","=""false"""
"=""lãi suất vay tín chấp ngân hàng tpbank""","=""10""","=""0""","=""8""","=""Low""","=""false"""
"=""lãi suất vay tín chấp ngân hàng vib""","=""10""","=""0""","=""8""","=""Low""","=""false"""
"=""lãi suất vay tín chấp ngân hàng vietinbank""","=""10""","=""0""","=""8""","=""Low""","=""false"""
"=""lãi suất vay tín chấp ngân hàng vietinbank 2021""","=""10""","=""0""","=""9""","=""Low""","=""false"""
"=""lãi suất vay tín chấp ngân hàng vietinbank 2022""","=""10""","=""0""","=""9""","=""Low""","=""false"""
"=""lãi suất vay tín chấp ngân hàng vpbank mới nhất""","=""10""","=""0""","=""10""","=""Low""","=""false"""
"=""lãi suất vay tín chấp ngân hàng đông á""","=""10""","=""0""","=""9""","=""Low""","=""false"""
"=""lãi suất vay tín chấp shb""","=""10""","=""0""","=""6""","=""Low""","=""false"""
"=""lãi suất vay tín chấp shb finance""","=""10""","=""0""","=""7""","=""Low""","=""false"""
"=""lãi suất vay tín chấp shinhan finance""","=""10""","=""0.21""","=""7""","=""Medium""","=""false"""
"=""lãi suất vay tín chấp techcombank 2021""","=""10""","=""0""","=""7""","=""Low""","=""false"""
"=""lãi suất vay tín chấp techcombank 2022""","=""10""","=""0""","=""7""","=""Low""","=""false"""
"=""lãi suất vay tín chấp tp bank""","=""10""","=""0""","=""7""","=""Low""","=""false"""
"=""lãi suất vay tín chấp tpbank 2022""","=""10""","=""0""","=""7""","=""Low""","=""false"""
"=""lãi suất vay tín chấp tại bidv""","=""10""","=""0""","=""7""","=""Low""","=""false"""
"=""lãi suất vay tín chấp tại các ngân hàng""","=""10""","=""0""","=""9""","=""Medium""","=""false"""
"=""lãi suất vay tín chấp tại shinhan bank""","=""10""","=""0""","=""8""","=""Medium""","=""false"""
"=""lãi suất vay tín chấp tại vpbank""","=""10""","=""0""","=""7""","=""Low""","=""false"""
"=""lãi suất vay tín chấp vietinbank 2022""","=""10""","=""0""","=""7""","=""Low""","=""false"""
"=""lãi suất vay tín chấp vpbank 2020""","=""10""","=""0""","=""7""","=""Low""","=""false"""
"=""lãi suất vay tín chấp vpbank 2021""","=""10""","=""0""","=""7""","=""Low""","=""false"""
"=""lãi suất vay tín chấp vpbank 2022""","=""10""","=""0""","=""7""","=""Low""","=""false"""
"=""lãi suất vay tín chấp và thế chấp""","=""10""","=""0""","=""8""","=""Low""","=""false"""
"=""lãi suất vpbank vay tín chấp""","=""10""","=""0""","=""6""","=""Low""","=""false"""
"=""lãi vay tín chấp bidv""","=""10""","=""0""","=""5""","=""Low""","=""true"""
"=""lãi vay tín chấp techcombank""","=""10""","=""0""","=""5""","=""Low""","=""false"""
"=""lãi vay tín chấp tpbank""","=""10""","=""0""","=""5""","=""Low""","=""false"""
"=""lãi vay tín chấp vietcombank""","=""10""","=""0""","=""5""","=""Low""","=""false"""
"=""maritime bank cho vay tín chấp""","=""10""","=""0""","=""6""","=""Low""","=""false"""
"=""maritime bank vay tín chấp""","=""10""","=""0""","=""5""","=""High""","=""false"""
"=""mcredit vay tín chấp""","=""10""","=""1.28""","=""4""","=""Medium""","=""false"""
"=""mirae asset vay tín chấp""","=""10""","=""0.52""","=""5""","=""Medium""","=""false"""
"=""muốn vay tín chấp qua lương""","=""10""","=""0""","=""6""","=""Low""","=""false"""
"=""máy tính vay tín chấp""","=""10""","=""0""","=""5""","=""Low""","=""false"""
"=""nam á bank vay tín chấp""","=""10""","=""0.92""","=""6""","=""Medium""","=""true"""
"=""ngan hang acb co cho vay tin chap khong""","=""10""","=""0""","=""9""","=""Low""","=""false"""
"=""ngan hang cho vay tin chap lai suat thap""","=""10""","=""0""","=""9""","=""Low""","=""false"""
"=""ngan hang hdbank co cho vay tin chap khong""","=""10""","=""0""","=""9""","=""Low""","=""false"""
"=""ngan hang jaccs co cho vay tin chap khong""","=""10""","=""0""","=""9""","=""Low""","=""false"""
"=""ngan hang nao cho vay tin chap lai suat thap""","=""10""","=""0""","=""10""","=""Low""","=""false"""
"=""ngân hàng agribank cho vay tín chấp""","=""10""","=""0.52""","=""7""","=""Medium""","=""false"""
"=""ngân hàng agribank vay tín chấp""","=""10""","=""0.42""","=""6""","=""Medium""","=""false"""
"=""ngân hàng an bình cho vay tín chấp""","=""10""","=""0""","=""8""","=""Low""","=""false"""
"=""ngân hàng bidv cho vay tín chấp""","=""10""","=""0""","=""7""","=""Medium""","=""false"""
"=""ngân hàng bidv vay tín chấp""","=""10""","=""0.72""","=""6""","=""High""","=""false"""
"=""ngân hàng bưu điện cho vay tín chấp""","=""10""","=""0.73""","=""8""","=""Medium""","=""false"""
"=""ngân hàng bản việt cho vay tín chấp""","=""10""","=""0""","=""8""","=""Low""","=""false"""
"=""ngân hàng cho công an vay tín chấp""","=""10""","=""0""","=""8""","=""Medium""","=""false"""
"=""ngân hàng cho doanh nghiệp vay tín chấp""","=""10""","=""0.95""","=""8""","=""High""","=""false"""
"=""ngân hàng cho vay tín chấp doanh nghiệp""","=""10""","=""1.23""","=""8""","=""High""","=""true"""
"=""ngân hàng cho vay tín chấp theo lương""","=""10""","=""0.83""","=""8""","=""Medium""","=""false"""
"=""ngân hàng cho vay tín chấp uy tín""","=""10""","=""1.46""","=""8""","=""High""","=""false"""
"=""ngân hàng hdbank cho vay tín chấp""","=""10""","=""0""","=""7""","=""High""","=""false"""
"=""ngân hàng hsbc vay tín chấp""","=""10""","=""0""","=""6""","=""Low""","=""false"""
"=""ngân hàng hàng hải cho vay tín chấp""","=""10""","=""0""","=""8""","=""Low""","=""false"""
"=""ngân hàng hỗ trợ vay tín chấp""","=""10""","=""1.27""","=""7""","=""High""","=""false"""
"=""ngân hàng jaccs có cho vay tín chấp không""","=""10""","=""0""","=""9""","=""Low""","=""false"""
"=""ngân hàng liên việt cho vay tín chấp""","=""10""","=""0""","=""8""","=""Low""","=""false"""
"=""ngân hàng mb bank vay tín chấp""","=""10""","=""0.64""","=""7""","=""High""","=""false"""
"=""ngân hàng nào cho vay tín chấp bằng cmnd bankso""","=""10""","=""0""","=""10""","=""Low""","=""false"""
"=""ngân hàng phương đông vay tín chấp""","=""10""","=""0""","=""7""","=""Low""","=""false"""
"=""ngân hàng quân đội cho vay tín chấp""","=""10""","=""0""","=""8""","=""Medium""","=""false"""
"=""ngân hàng quân đội mb cho vay tín chấp""","=""10""","=""0""","=""9""","=""Medium""","=""false"""
"=""ngân hàng quân đội vay tín chấp""","=""10""","=""0""","=""7""","=""Low""","=""false"""
"=""ngân hàng sacombank cho vay tín chấp""","=""10""","=""0""","=""7""","=""Low""","=""false"""
"=""ngân hàng sacombank có cho vay tín chấp không""","=""10""","=""0.57""","=""9""","=""Medium""","=""true"""
"=""ngân hàng sacombank vay tín chấp""","=""10""","=""0.42""","=""6""","=""High""","=""false"""
"=""ngân hàng seabank cho vay tín chấp""","=""10""","=""0.66""","=""7""","=""Medium""","=""false"""
"=""ngân hàng shb cho vay tín chấp""","=""10""","=""0""","=""7""","=""Low""","=""false"""
"=""ngân hàng shb có cho vay tín chấp không""","=""10""","=""1.17""","=""9""","=""Medium""","=""false"""
"=""ngân hàng shb vay tín chấp""","=""10""","=""0.72""","=""6""","=""Medium""","=""false"""
"=""ngân hàng shinhan bank vay tín chấp""","=""10""","=""0""","=""7""","=""Low""","=""false"""
"=""ngân hàng shinhan cho vay tín chấp""","=""10""","=""0.39""","=""7""","=""High""","=""false"""
"=""ngân hàng standard chartered cho vay tín chấp""","=""10""","=""0""","=""8""","=""Low""","=""false"""
"=""ngân hàng techcombank cho vay tín chấp""","=""10""","=""0.33""","=""7""","=""Medium""","=""false"""
"=""ngân hàng tiên phong cho vay tín chấp""","=""10""","=""0""","=""8""","=""High""","=""false"""
"=""ngân hàng tiên phong vay tín chấp""","=""10""","=""0""","=""7""","=""Low""","=""false"""
"=""ngân hàng tp bank cho vay tín chấp""","=""10""","=""0""","=""8""","=""Low""","=""false"""
"=""ngân hàng tp bank vay tín chấp""","=""10""","=""0.6""","=""7""","=""Medium""","=""false"""
"=""ngân hàng tpbank cho vay tín chấp""","=""10""","=""0""","=""7""","=""Medium""","=""false"""
"=""ngân hàng tpbank vay tín chấp""","=""10""","=""0.53""","=""6""","=""Medium""","=""false"""
"=""ngân hàng vay tín chấp fe credit""","=""10""","=""0""","=""7""","=""High""","=""false"""
"=""ngân hàng vay tín chấp uy tín""","=""10""","=""0""","=""7""","=""High""","=""false"""
"=""ngân hàng vib cho vay tín chấp""","=""10""","=""0.67""","=""7""","=""Medium""","=""false"""
"=""ngân hàng vib vay tín chấp""","=""10""","=""0.49""","=""6""","=""High""","=""false"""
"=""ngân hàng vietcombank cho vay tín chấp""","=""10""","=""0.55""","=""7""","=""Medium""","=""false"""
"=""ngân hàng vietcombank vay tín chấp""","=""10""","=""0.36""","=""6""","=""Medium""","=""false"""
"=""ngân hàng vietinbank cho vay tín chấp""","=""10""","=""0""","=""7""","=""High""","=""false"""
"=""ngân hàng vietinbank vay tín chấp""","=""10""","=""0""","=""6""","=""Medium""","=""false"""
"=""ngân hàng vpbank cho vay tín chấp""","=""10""","=""0.59""","=""7""","=""Low""","=""false"""
"=""ngân hàng vpbank có cho vay tín chấp""","=""10""","=""0""","=""8""","=""Low""","=""false"""
"=""ngân hàng woori bank cho vay tín chấp""","=""10""","=""0""","=""8""","=""Low""","=""false"""
"=""ngân hàng đông á cho vay tín chấp""","=""10""","=""0""","=""8""","=""Low""","=""false"""
"=""ngân hàng đông á vay tín chấp""","=""10""","=""0""","=""7""","=""High""","=""false"""
"=""nhung ngan hang cho vay tin chap""","=""10""","=""0""","=""7""","=""Low""","=""false"""
"=""nhân làm hồ sơ vay tín chấp khó""","=""10""","=""0""","=""8""","=""Low""","=""false"""
"=""nhận làm hồ sơ vay tín chấp khó""","=""10""","=""0""","=""8""","=""Low""","=""false"""
"=""nhận làm hồ sơ vay tín chấp ngân hàng""","=""10""","=""0""","=""9""","=""Low""","=""false"""
"=""những ngân hàng cho vay tín chấp lãi suất thấp""","=""10""","=""1.43""","=""10""","=""High""","=""false"""
"=""những ngân hàng vay tín chấp""","=""10""","=""1.02""","=""6""","=""Medium""","=""false"""
"=""nên vay tín chấp của ngân hàng nào""","=""10""","=""0""","=""8""","=""Low""","=""false"""
"=""nên vay tín chấp hay thế chấp""","=""10""","=""0""","=""7""","=""Low""","=""false"""
"=""nên vay tín chấp ở ngân hàng nào""","=""10""","=""0""","=""8""","=""Medium""","=""false"""
"=""nợ nhóm 2 có vay tín chấp được không""","=""10""","=""0.58""","=""9""","=""Low""","=""false"""
"=""nợ tiền vay tín chấp""","=""10""","=""0""","=""5""","=""Low""","=""false"""
"=""oceanbank vay tín chấp""","=""10""","=""0""","=""4""","=""Low""","=""false"""
"=""prudential vay tín chấp""","=""10""","=""1.73""","=""4""","=""High""","=""false"""
"=""public bank vay tín chấp""","=""10""","=""0.86""","=""5""","=""Medium""","=""false"""
"=""pvcombank vay tín chấp""","=""10""","=""0.85""","=""4""","=""Medium""","=""false"""
"=""quy trình cho vay tín chấp""","=""10""","=""0""","=""6""","=""Low""","=""false"""
"=""quy trình thẩm định vay tín chấp""","=""10""","=""0""","=""7""","=""Low""","=""false"""
"=""quy trình thẩm định vay tín chấp vpbank""","=""10""","=""0""","=""8""","=""Low""","=""false"""
"=""quy trình vay tín chấp""","=""10""","=""0""","=""5""","=""Medium""","=""false"""
"=""quy trình vay tín chấp shinhan bank""","=""10""","=""0""","=""7""","=""Low""","=""false"""
"=""quy trình vay tín chấp tpbank""","=""10""","=""0""","=""6""","=""Low""","=""false"""
"=""quy trình vay tín chấp vpbank""","=""10""","=""0""","=""6""","=""Low""","=""false"""
"=""quy định cho vay tín chấp""","=""10""","=""0""","=""6""","=""Low""","=""false"""
"=""quy định lãi suất vay tín chấp""","=""10""","=""0""","=""7""","=""Low""","=""false"""
"=""quy định vay tín chấp""","=""10""","=""0""","=""5""","=""Low""","=""false"""
"=""quy định về cho vay tín chấp""","=""10""","=""0""","=""7""","=""Low""","=""false"""
"=""quy định về lãi suất cho vay tín chấp""","=""10""","=""0""","=""9""","=""Low""","=""false"""
"=""quy định về vay tín chấp""","=""10""","=""0""","=""6""","=""Low""","=""false"""
"=""sacombank cho vay tín chấp""","=""10""","=""0.79""","=""5""","=""Medium""","=""false"""
"=""sacombank có cho vay tín chấp""","=""10""","=""0.54""","=""6""","=""Medium""","=""false"""
"=""scb vay tín chấp""","=""10""","=""0.69""","=""4""","=""Medium""","=""false"""
"=""shb cho vay tín chấp""","=""10""","=""0.8""","=""5""","=""Medium""","=""false"""
"=""shb finance cho vay tín chấp""","=""10""","=""0""","=""6""","=""Low""","=""false"""
"=""shinhan bank cho vay tín chấp""","=""10""","=""0.42""","=""6""","=""Medium""","=""true"""
"=""sản phẩm vay tín chấp""","=""10""","=""0""","=""5""","=""Medium""","=""false"""
"=""sản phẩm vay tín chấp của tpbank""","=""10""","=""0""","=""7""","=""Low""","=""false"""
"=""sản phẩm vay tín chấp của vpbank""","=""10""","=""0""","=""7""","=""Low""","=""false"""
"=""the nao la vay tin chap""","=""10""","=""0""","=""6""","=""Low""","=""false"""
"=""thu tuc vay tin chap tai agribank""","=""10""","=""0""","=""7""","=""Low""","=""false"""
"=""thẩm định hồ sơ vay tín chấp""","=""10""","=""0""","=""7""","=""Low""","=""false"""
"=""thẩm định vay tín chấp""","=""10""","=""0""","=""5""","=""Medium""","=""false"""
"=""thẩm định vay tín chấp vpbank""","=""10""","=""0""","=""6""","=""Low""","=""false"""
"=""thời gian giải ngân vay tín chấp""","=""10""","=""0""","=""7""","=""Low""","=""false"""
"=""thời gian giải ngân vay tín chấp tpbank""","=""10""","=""0""","=""8""","=""Low""","=""false"""
"=""thời gian giải ngân vay tín chấp vpbank""","=""10""","=""0""","=""8""","=""Low""","=""false"""
"=""thủ tục cho vay tín chấp""","=""10""","=""0""","=""6""","=""Low""","=""false"""
"=""thủ tục vay tín chấp fe credit""","=""10""","=""0""","=""7""","=""High""","=""false"""
"=""thủ tục vay tín chấp home credit""","=""10""","=""0""","=""7""","=""Low""","=""false"""
"=""thủ tục vay tín chấp lương ngân hàng quân đội""","=""10""","=""0""","=""10""","=""Low""","=""false"""
"=""thủ tục vay tín chấp ngân hàng acb""","=""10""","=""0""","=""8""","=""Medium""","=""false"""
"=""thủ tục vay tín chấp ngân hàng agribank""","=""10""","=""0""","=""8""","=""Low""","=""false"""
"=""thủ tục vay tín chấp ngân hàng bidv""","=""10""","=""0""","=""8""","=""Medium""","=""false"""
"=""thủ tục vay tín chấp ngân hàng liên việt""","=""10""","=""0""","=""9""","=""Low""","=""false"""
"=""thủ tục vay tín chấp ngân hàng mb""","=""10""","=""0.43""","=""8""","=""Medium""","=""false"""
"=""thủ tục vay tín chấp ngân hàng quân đội""","=""10""","=""0""","=""9""","=""Low""","=""false"""
"=""thủ tục vay tín chấp ngân hàng sacombank""","=""10""","=""0""","=""8""","=""Medium""","=""false"""
"=""thủ tục vay tín chấp ngân hàng techcombank""","=""10""","=""0""","=""8""","=""Low""","=""false"""
"=""thủ tục vay tín chấp ngân hàng vietcombank""","=""10""","=""0.36""","=""8""","=""Low""","=""true"""
"=""thủ tục vay tín chấp ngân hàng vietinbank""","=""10""","=""0""","=""8""","=""Low""","=""false"""
"=""thủ tục vay tín chấp ngân hàng vpbank""","=""10""","=""0""","=""8""","=""Low""","=""false"""
"=""thủ tục vay tín chấp sacombank""","=""10""","=""0""","=""6""","=""Low""","=""false"""
"=""thủ tục vay tín chấp shinhan bank""","=""10""","=""0.27""","=""7""","=""Medium""","=""false"""
"=""thủ tục vay tín chấp tpbank""","=""10""","=""0""","=""6""","=""Medium""","=""false"""
"=""thủ tục vay tín chấp tại ngân hàng agribank""","=""10""","=""0""","=""9""","=""Low""","=""false"""
"=""thủ tục vay tín chấp tại vpbank""","=""10""","=""0""","=""7""","=""Low""","=""false"""
"=""thủ tục vay tín chấp vietinbank""","=""10""","=""0""","=""6""","=""Low""","=""false"""
"=""tinh lai suat vay tin chap""","=""10""","=""0""","=""6""","=""Low""","=""false"""
"=""tp bank cho vay tín chấp""","=""10""","=""1.15""","=""6""","=""Medium""","=""false"""
"=""tpbank cho vay tín chấp""","=""10""","=""0.84""","=""5""","=""Medium""","=""false"""
"=""tpbank cho vay tín chấp doanh nghiệp""","=""10""","=""0""","=""7""","=""Low""","=""false"""
"=""tpbank fico vay tín chấp""","=""10""","=""0""","=""5""","=""Low""","=""false"""
"=""tìm hiểu về vay tín chấp""","=""10""","=""0""","=""6""","=""High""","=""false"""
"=""tìm khách hàng vay tín chấp""","=""10""","=""0""","=""6""","=""Low""","=""false"""
"=""tìm kiếm khách hàng vay tín chấp""","=""10""","=""0""","=""7""","=""Low""","=""false"""
"=""tìm ngân hàng cho vay tín chấp""","=""10""","=""0""","=""7""","=""High""","=""false"""
"=""tìm vay tín chấp""","=""10""","=""0""","=""4""","=""Low""","=""false"""
"=""tính khoản vay tín chấp""","=""10""","=""0""","=""5""","=""Low""","=""false"""
"=""tư vấn vay tín chấp vietcombank""","=""10""","=""0""","=""6""","=""Low""","=""false"""
"=""tư vấn vay tín chấp vpbank""","=""10""","=""0.48""","=""6""","=""Medium""","=""false"""
"=""tổ chức cho vay tín chấp""","=""10""","=""0.77""","=""6""","=""High""","=""false"""
"=""tổng đài vay tín chấp shb""","=""10""","=""0""","=""6""","=""Low""","=""false"""
"=""tổng đài vay tín chấp tpbank""","=""10""","=""0""","=""6""","=""Low""","=""false"""
"=""tổng đài vay tín chấp vpbank""","=""10""","=""0""","=""6""","=""Low""","=""false"""
"=""tổng đài vpbank vay tín chấp""","=""10""","=""0""","=""6""","=""Low""","=""false"""
"=""vay thế chấp rồi có được vay tín chấp không""","=""10""","=""0""","=""10""","=""Low""","=""false"""
"=""vay tiêu dùng và vay tín chấp""","=""10""","=""0""","=""7""","=""Low""","=""false"""
"=""vay tín dụng và vay tín chấp""","=""10""","=""0""","=""7""","=""Low""","=""false"""
"=""vib bank vay tín chấp""","=""10""","=""0""","=""5""","=""Low""","=""false"""
"=""vib cho vay tín chấp""","=""10""","=""0.55""","=""5""","=""Medium""","=""false"""
"=""vib vay tin chap""","=""10""","=""0""","=""4""","=""Low""","=""false"""
"=""vietcombank cho vay tin chap""","=""10""","=""1.89""","=""5""","=""Low""","=""false"""
"=""vietcombank vay tin chap""","=""10""","=""0""","=""4""","=""Low""","=""false"""
"=""vietcredit vay tín chấp""","=""10""","=""0""","=""4""","=""Medium""","=""false"""
"=""vietinbank cho vay tín chấp""","=""10""","=""0.55""","=""5""","=""Medium""","=""false"""
"=""viettel cho vay tín chấp""","=""10""","=""0""","=""5""","=""Low""","=""false"""
"=""vp bank vay tin chap""","=""10""","=""0.09""","=""5""","=""Low""","=""false"""
"=""vpbank cho vay tin chap""","=""10""","=""0""","=""5""","=""Low""","=""false"""
"=""vpbank cho vay tín chấp doanh nghiệp""","=""10""","=""0.84""","=""7""","=""Medium""","=""false"""
"=""vpbank neo vay tín chấp""","=""10""","=""0""","=""5""","=""Low""","=""false"""
"=""vpbank vay tín chấp kinh doanh""","=""10""","=""0""","=""6""","=""Low""","=""false"""
"=""vpbank vay tín chấp theo lương""","=""10""","=""0.59""","=""6""","=""Medium""","=""false"""
"=""woori bank cho vay tín chấp""","=""10""","=""0""","=""6""","=""Low""","=""false"""
"=""yêu cầu vay tín chấp""","=""10""","=""0""","=""5""","=""Medium""","=""false"""
"=""đang vay tín chấp có được vay thế chấp không""","=""10""","=""0""","=""10""","=""Low""","=""false"""
"=""điều kiện cho vay tín chấp""","=""10""","=""0""","=""6""","=""Low""","=""false"""
"=""điều kiện vay tín chấp acb""","=""10""","=""0""","=""6""","=""Low""","=""false"""
"=""điều kiện vay tín chấp citibank""","=""10""","=""0""","=""6""","=""Low""","=""false"""
"=""điều kiện vay tín chấp doanh nghiệp""","=""10""","=""0""","=""7""","=""Medium""","=""false"""
"=""điều kiện vay tín chấp fe credit""","=""10""","=""0""","=""7""","=""Low""","=""false"""
"=""điều kiện vay tín chấp home credit""","=""10""","=""0""","=""7""","=""Medium""","=""false"""
"=""điều kiện vay tín chấp hsbc""","=""10""","=""0""","=""6""","=""Medium""","=""false"""
"=""điều kiện vay tín chấp jaccs""","=""10""","=""0""","=""6""","=""Low""","=""false"""
"=""điều kiện vay tín chấp mcredit""","=""10""","=""0""","=""6""","=""Medium""","=""false"""
"=""điều kiện vay tín chấp ngân hàng agribank""","=""10""","=""0""","=""8""","=""Low""","=""false"""
"=""điều kiện vay tín chấp ngân hàng bidv""","=""10""","=""0""","=""8""","=""Low""","=""false"""
"=""điều kiện vay tín chấp ngân hàng sacombank""","=""10""","=""0""","=""8""","=""Low""","=""false"""
"=""điều kiện vay tín chấp ngân hàng shinhan""","=""10""","=""0""","=""8""","=""Medium""","=""false"""
"=""điều kiện vay tín chấp ngân hàng vietcombank""","=""10""","=""0""","=""8""","=""Low""","=""false"""
"=""điều kiện vay tín chấp ngân hàng vpbank""","=""10""","=""0""","=""8""","=""Medium""","=""false"""
"=""điều kiện vay tín chấp tpbank""","=""10""","=""0.66""","=""6""","=""Medium""","=""false"""
"=""điều kiện vay tín chấp tại sacombank""","=""10""","=""0""","=""7""","=""Low""","=""false"""
"=""điều kiện vay tín chấp tại shinhan""","=""10""","=""0""","=""7""","=""Low""","=""false"""
"=""điều kiện vay tín chấp tại vpbank""","=""10""","=""0""","=""7""","=""Low""","=""false"""
"=""điều kiện để doanh nghiệp vay tín chấp""","=""10""","=""0""","=""8""","=""Medium""","=""false"""
"=""điều kiện để vay tín chấp""","=""10""","=""0.39""","=""6""","=""Medium""","=""false"""
"=""điều kiện để vay tín chấp theo lương""","=""10""","=""0""","=""8""","=""Low""","=""false"""
"=""đã vay tín chấp có vay được nữa không""","=""10""","=""0""","=""9""","=""Low""","=""false"""
"=""đăng ký vay tín chấp acb""","=""10""","=""0""","=""6""","=""Medium""","=""false"""
"=""đăng ký vay tín chấp fe credit""","=""10""","=""0""","=""7""","=""Low""","=""false"""
"=""đăng ký vay tín chấp home credit""","=""10""","=""0""","=""7""","=""High""","=""false"""
"=""đăng ký vay tín chấp mb bank""","=""10""","=""0.85""","=""7""","=""High""","=""false"""
"=""đăng ký vay tín chấp online""","=""10""","=""1.24""","=""6""","=""High""","=""false"""
"=""đăng ký vay tín chấp sacombank""","=""10""","=""0""","=""6""","=""High""","=""false"""
"=""đăng ký vay tín chấp seabank""","=""10""","=""0""","=""6""","=""Low""","=""false"""
"=""đăng ký vay tín chấp vietcombank""","=""10""","=""0.81""","=""6""","=""Medium""","=""false"""
"=""địa chỉ vay tín chấp""","=""10""","=""0""","=""5""","=""Low""","=""false"""
"=""độ tuổi vay tín chấp""","=""10""","=""0.23""","=""5""","=""Low""","=""true"""
"=""luật vay tín chấp""","=""10""","=""0""","=""4""","=""Low""","=""false"""
"=""luật mới về vay tín chấp""","=""10""","=""0""","=""6""","=""Low""","=""false"""
"=""lãi vay tín chấp msb""","=""10""","=""0""","=""5""","=""Low""","=""false"""
"=""gói vay tín chấp msb""","=""10""","=""0""","=""5""","=""Low""","=""false"""
"=""khái niệm vay tín chấp""","=""10""","=""0""","=""5""","=""Low""","=""false"""
"=""review vay tín chấp""","=""10""","=""0""","=""4""","=""High""","=""false"""
"=""review vay tín chấp shinhan""","=""10""","=""0""","=""5""","=""Low""","=""false"""
"=""rủi ro vay tín chấp""","=""10""","=""0""","=""5""","=""Low""","=""false"""
"=""tất toán vay tín chấp vpbank""","=""10""","=""0""","=""6""","=""Low""","=""false"""
"=""lãi suất vay tín chấp rẻ nhất""","=""10""","=""0""","=""7""","=""High""","=""false"""
"=""làm thế nào để vay tín chấp""","=""10""","=""0""","=""7""","=""High""","=""false"""
"=""lương 7 triệu vay tín chấp được bao nhiêu""","=""10""","=""0""","=""9""","=""Low""","=""false"""
"=""khi nào nên vay tín chấp""","=""10""","=""0""","=""6""","=""Low""","=""false"""
"=""thế nào là cho vay tín chấp""","=""10""","=""0""","=""7""","=""Low""","=""false"""
"=""cho vay tín chấp là như thế nào""","=""10""","=""0""","=""8""","=""Low""","=""false"""
"=""có nên vay tín chấp qua lương""","=""10""","=""0""","=""7""","=""Low""","=""false"""
"=""lãi suất vay tín chấp eximbank""","=""10""","=""0""","=""6""","=""Low""","=""false"""
"=""lãi suất vay tín chấp lotte finance""","=""10""","=""0.97""","=""7""","=""Medium""","=""true"""
"=""lừa đảo vay tín chấp mcredit""","=""10""","=""0""","=""6""","=""Low""","=""false"""
"=""lãi suất vay tín chấp nam a bank""","=""10""","=""0""","=""8""","=""Low""","=""false"""
"=""khái niệm cho vay tín chấp""","=""10""","=""0""","=""6""","=""Low""","=""false"""
"=""thanh toán khoản vay tín chấp trên app techcombank""","=""10""","=""0""","=""9""","=""Low""","=""false"""
"=""khi vay tín chấp""","=""10""","=""0""","=""4""","=""Low""","=""false"""
"=""citibank vay tin chap""","=""0""","=""0""","=""4""","=""Low""","=""false"""
"=""credit now vay tín chấp""","=""0""","=""0""","=""5""","=""Low""","=""false"""
"=""công ty tài chính prudential cho vay tin chap""","=""0""","=""0""","=""9""","=""Low""","=""false"""
"=""giải vay tín chấp prudential 0988484892""","=""0""","=""0""","=""6""","=""Low""","=""false"""
"=""lãi suất vay tín chấp agribank 2022""","=""0""","=""0""","=""7""","=""Low""","=""false"""
"=""lãi suất vay tín chấp bidv 2022""","=""0""","=""0""","=""7""","=""Low""","=""false"""
"=""lãi suất vay tín chấp các ngân hàng 2021""","=""0""","=""0""","=""9""","=""Low""","=""false"""
"=""lãi suất vay tín chấp ngân hàng acb 2021""","=""0""","=""0""","=""9""","=""Low""","=""false"""
"=""lãi suất vay tín chấp ngân hàng agribank 2021""","=""0""","=""0""","=""9""","=""Low""","=""false"""
"=""lãi suất vay tín chấp ngân hàng shinhan bank 2022""","=""0""","=""0""","=""10""","=""Low""","=""false"""
"=""lãi suất vay tín chấp ngân hàng tp bank""","=""0""","=""0""","=""9""","=""Low""","=""false"""
"=""lãi suất vay tín chấp ngân hàng tpbank 2021""","=""0""","=""0""","=""9""","=""Low""","=""false"""
"=""lãi suất vay tín chấp sacombank 2021""","=""0""","=""0""","=""7""","=""Low""","=""false"""
"=""lãi suất vay tín chấp sacombank 2022""","=""0""","=""0""","=""7""","=""Low""","=""false"""
"=""lãi suất vay tín chấp vietcombank 2021""","=""0""","=""0""","=""7""","=""Low""","=""false"""
"=""mirae asset cho vay tin chap""","=""0""","=""0""","=""6""","=""Low""","=""false"""
"=""ngân hàng mbbank cho vay tín chấp""","=""0""","=""0""","=""7""","=""Low""","=""false"""
"=""tat ca ngan hang cho vay tin chap""","=""0""","=""0""","=""8""","=""Low""","=""false"""
"=""thủ tục vay tín chấp ngân hàng đông á""","=""0""","=""0""","=""9""","=""Low""","=""false"""
"=""abf vay tín chấp""","=""0""","=""0""","=""4""","=""Low""","=""false"""
"=""abbank có cho vay tín chấp không""","=""0""","=""0""","=""7""","=""Low""","=""false"""
"=""gói vay tín chấp acb""","=""0""","=""0""","=""5""","=""Low""","=""false"""
"=""cách vay tín chấp acb""","=""0""","=""0""","=""5""","=""Low""","=""false"""
"=""ai có thể vay tín chấp""","=""0""","=""0""","=""6""","=""Low""","=""false"""
"=""cimb có cho vay tín chấp không""","=""0""","=""0""","=""7""","=""Low""","=""false"""
"=""các cty vay tín chấp""","=""0""","=""0""","=""5""","=""Low""","=""false"""
"=""eximbank có cho vay tín chấp không""","=""0""","=""0""","=""7""","=""Low""","=""false"""
"=""lãi vay tín chấp fe""","=""0""","=""0""","=""5""","=""Low""","=""false"""
"=""cách vay tín chấp hd vpbank""","=""0""","=""0""","=""6""","=""Low""","=""false"""
"=""điều kiện vay tín chấp hdbank""","=""0""","=""0""","=""6""","=""Low""","=""false"""
"=""điều kiện vay tín chấp hd saison""","=""0""","=""0""","=""7""","=""Low""","=""false"""
"=""thủ tục vay tín chấp hdbank""","=""0""","=""0""","=""6""","=""Low""","=""false"""
"=""lãi vay tín chấp hiện tại""","=""0""","=""0""","=""6""","=""Low""","=""false"""
"=""thủ tục vay tín chấp hsbc""","=""0""","=""0""","=""6""","=""Low""","=""false"""
"=""tất toán khoản vay tín chấp hsbc""","=""0""","=""0""","=""7""","=""Low""","=""false"""
"=""lãi suất cho vay tín chấp hsbc""","=""0""","=""0""","=""7""","=""Low""","=""false"""
"=""bidv có vay tín chấp ko""","=""0""","=""0""","=""6""","=""Low""","=""false"""
"=""f88 có vay tín chấp ko""","=""0""","=""0""","=""6""","=""Low""","=""false"""
"=""có nên vay tín chấp ko""","=""0""","=""0""","=""6""","=""Low""","=""false"""
"=""vietcombank có cho vay tín chấp ko""","=""0""","=""0""","=""7""","=""Low""","=""false"""
"=""agribank có cho vay tín chấp ko""","=""0""","=""0""","=""7""","=""Low""","=""false"""
"=""điều kiện vay tín chấp lotte finance""","=""0""","=""0""","=""7""","=""Low""","=""false"""
"=""các loại vay tín chấp""","=""0""","=""0""","=""5""","=""Low""","=""false"""
"=""ls vay tín chấp vpbank""","=""0""","=""0""","=""5""","=""Low""","=""false"""
"=""ls vay tín chấp""","=""0""","=""0""","=""4""","=""Low""","=""false"""
"=""luật vay tín chấp công ty tài chính""","=""0""","=""0""","=""8""","=""Low""","=""false"""
"=""tính lãi suất vay tín chấp mcredit""","=""0""","=""0""","=""7""","=""Low""","=""false"""
"=""điều kiện vay tín chấp mirae asset""","=""0""","=""0""","=""7""","=""Low""","=""false"""
"=""lãi suất vay tín chấp momo""","=""0""","=""0""","=""6""","=""Low""","=""false"""
"=""lãi suất vay tín chấp viettel money""","=""0""","=""0""","=""7""","=""Low""","=""false"""
"=""điều kiện vay tín chấp msb""","=""0""","=""0""","=""6""","=""Low""","=""false"""
"=""lãi suất vay tín chấp mua nhà""","=""0""","=""0""","=""7""","=""Low""","=""false"""
"=""lãi vay tín chấp hiện nay""","=""0""","=""0""","=""6""","=""Low""","=""false"""
"=""ncb có cho vay tín chấp không""","=""0""","=""0""","=""7""","=""Low""","=""false"""
"=""lãi vay tín chấp ocb""","=""0""","=""0""","=""5""","=""Low""","=""false"""
"=""cách vay tín chấp ocb""","=""0""","=""0""","=""5""","=""Low""","=""false"""
"=""kinh nghiệm vay tín chấp ocb""","=""0""","=""0""","=""6""","=""Low""","=""false"""
"=""lãi suất vay tín chấp public bank""","=""0""","=""0""","=""7""","=""Low""","=""false"""
"=""lãi suất vay tín chấp pvcombank""","=""0""","=""0""","=""6""","=""Low""","=""false"""
"=""điều kiện vay tín chấp pvcombank""","=""0""","=""0""","=""6""","=""Low""","=""false"""
"=""review vay tín chấp vpbank""","=""0""","=""0""","=""5""","=""Low""","=""false"""
"=""review vay tín chấp techcombank""","=""0""","=""0""","=""5""","=""Low""","=""false"""
"=""review vay tín chấp vib""","=""0""","=""0""","=""5""","=""Low""","=""false"""
"=""điều kiện vay tín chấp seabank""","=""0""","=""0""","=""6""","=""Low""","=""false"""
"=""lãi suất vay tín chấp sinopac""","=""0""","=""0""","=""6""","=""Low""","=""false"""
"=""gói vay tín chấp cho sinh viên""","=""0""","=""0""","=""7""","=""Low""","=""false"""
"=""shb finance vay tín chấp online siêu tốc""","=""0""","=""0""","=""8""","=""Low""","=""false"""
"=""lãi suất vay tín chấp tcb""","=""0""","=""0""","=""6""","=""Low""","=""false"""
"=""lãi suất vay tín chấp tnex""","=""0""","=""0""","=""6""","=""Low""","=""false"""
"=""tất toán vay tín chấp techcombank""","=""0""","=""0""","=""6""","=""Low""","=""false"""
"=""thanh toán khoản vay tín chấp techcombank online""","=""0""","=""0""","=""8""","=""Low""","=""false"""
"=""lãi vay tín chấp uob""","=""0""","=""0""","=""5""","=""Low""","=""false"""
"=""điều kiện vay tín chấp uob""","=""0""","=""0""","=""6""","=""Low""","=""false"""
"=""đăng ký vay tín chấp uob""","=""0""","=""0""","=""6""","=""Low""","=""false"""
"=""bảng tính vay tín chấp uob""","=""0""","=""0""","=""6""","=""Low""","=""false"""
"=""uob có cho vay tín chấp không""","=""0""","=""0""","=""7""","=""Low""","=""false"""
"=""các công ty vay tín chấp uy tín""","=""0""","=""0""","=""8""","=""Low""","=""false"""
"=""điều kiện vay tín chấp woori bank""","=""0""","=""0""","=""7""","=""Low""","=""false"""
"=""lãi xuất vay tín chấp vcb""","=""0""","=""0""","=""6""","=""Low""","=""false"""
"=""lãi xuất vay tín chấp tpbank""","=""0""","=""0""","=""6""","=""Low""","=""false"""
"=""cho vay tín chấp là j""","=""0""","=""0""","=""6""","=""Low""","=""false"""
"=""63 tuổi vay tín chấp được không""","=""0""","=""0""","=""7""","=""Low""","=""false"""
"=""65 tuổi vay tín chấp được không""","=""0""","=""0""","=""7""","=""Low""","=""false"""
"=""62 tuổi có vay tín chấp được không""","=""0""","=""0""","=""8""","=""Low""","=""false"""
"=""tại sao vay tín chấp lãi suất cao hơn thế chấp""","=""0""","=""0""","=""11""","=""Low""","=""false"""
"=""70 tuổi vay tín chấp được không""","=""0""","=""0""","=""7""","=""Low""","=""false"""
"=""làm sao để vay tín chấp""","=""0""","=""0""","=""6""","=""Low""","=""false"""
"=""làm sao để vay tín chấp techcombank""","=""0""","=""0""","=""7""","=""Low""","=""false"""
"=""thế nào là vay tín chấp và thế chấp""","=""0""","=""0""","=""9""","=""Low""","=""false"""
"=""thế nào gọi là vay tín chấp""","=""0""","=""0""","=""7""","=""Low""","=""false"""
"=""nợ xấu có thể vay tín chấp được không""","=""0""","=""0""","=""9""","=""Low""","=""false"""
"=""lãi suất vay tín chấp tính như thế nào""","=""0""","=""0""","=""9""","=""Low""","=""false"""
"=""có nên vay tín chấp để kinh doanh""","=""0""","=""0""","=""8""","=""Low""","=""false"""
"=""điều kiện để vay tín chấp vpbank""","=""0""","=""0""","=""7""","=""Low""","=""false"""
"=""điều kiện để vay tín chấp techcombank""","=""0""","=""0""","=""7""","=""Low""","=""false"""
"=""có nên vay tín chấp techcombank""","=""0""","=""0""","=""6""","=""Low""","=""false"""
"=""so sánh lãi vay tín chấp""","=""0""","=""0""","=""6""","=""Low""","=""false"""
"=""so sánh vay thấu chi và vay tín chấp""","=""0""","=""0""","=""9""","=""Low""","=""false"""
"=""so sánh lãi vay tín chấp và thế chấp""","=""0""","=""0""","=""9""","=""Low""","=""false"""
"=""vay nhanh""","=""135000""","=""1.15""","=""2""","=""Low""","=""true"""
"=""vay nhanh online""","=""27100""","=""1.79""","=""3""","=""Low""","=""false"""
"=""vay fe""","=""5400""","=""0.59""","=""2""","=""High""","=""false"""
"=""vay ngân hàng""","=""5400""","=""0.73""","=""3""","=""Medium""","=""false"""
"=""khoan vay""","=""3600""","=""0.78""","=""2""","=""Low""","=""false"""
"=""vay nóng""","=""2900""","=""0.89""","=""2""","=""Medium""","=""true"""
"=""vay tiền nóng""","=""2400""","=""0.78""","=""3""","=""Medium""","=""false"""
"=""vay sinh vien""","=""2400""","=""1.06""","=""3""","=""Medium""","=""true"""
"=""vay thế chấp sổ đỏ""","=""1900""","=""0.84""","=""5""","=""Low""","=""false"""
"=""easy vay""","=""1600""","=""0.85""","=""2""","=""Medium""","=""false"""
"=""jeff vay""","=""1600""","=""1.27""","=""2""","=""High""","=""true"""
"=""kim ung vay""","=""1600""","=""0.72""","=""3""","=""Medium""","=""false"""
"=""vay von ngan hang""","=""1600""","=""0.56""","=""4""","=""Medium""","=""false"""
"=""công ty tai chinh""","=""1600""","=""0.97""","=""4""","=""Medium""","=""false"""
"=""h5 vay tiền""","=""1300""","=""0.65""","=""3""","=""Medium""","=""false"""
"=""vay mb bank""","=""1300""","=""0.71""","=""3""","=""Medium""","=""true"""
"=""lãi vay ngân hàng agribank""","=""1300""","=""0.18""","=""5""","=""Low""","=""false"""
"=""vay tiêu dùng trả góp""","=""1000""","=""1.4""","=""5""","=""Medium""","=""false"""
"=""hồ sơ vay fe""","=""1000""","=""0.33""","=""4""","=""Low""","=""false"""
"=""vay thế chấp ngân hàng""","=""880""","=""0.43""","=""5""","=""Low""","=""false"""
"=""vay tiền icloud""","=""880""","=""1.25""","=""3""","=""Medium""","=""false"""
"=""vay thế chấp sổ hồng""","=""880""","=""0.33""","=""5""","=""Low""","=""false"""
"=""vay trả góp theo tháng""","=""880""","=""1.74""","=""5""","=""High""","=""false"""
"=""ngân hàng hd saison""","=""880""","=""0.5""","=""4""","=""Low""","=""false"""
"=""vay nhanh 3 triệu""","=""880""","=""0""","=""4""","=""Low""","=""true"""
"=""vay tiền sinh viên""","=""720""","=""0.96""","=""4""","=""Medium""","=""false"""
"=""vay tiền bằng cavet xe máy online""","=""720""","=""0.75""","=""7""","=""Low""","=""false"""
"=""ngân hàng home credit""","=""720""","=""0.47""","=""4""","=""Low""","=""false"""
"=""vay tiêu dùng nhanh""","=""720""","=""1.15""","=""4""","=""Medium""","=""false"""
"=""vay de""","=""720""","=""0.91""","=""2""","=""Medium""","=""false"""
"=""vay ngân hàng chính sách""","=""720""","=""0.79""","=""5""","=""Low""","=""false"""
"=""lãi suất vay bidv""","=""720""","=""1.08""","=""4""","=""Low""","=""false"""
"=""cho vay ngang hàng""","=""720""","=""1.54""","=""4""","=""Low""","=""false"""
"=""vay trả góp bằng cmnd""","=""590""","=""0.96""","=""5""","=""Medium""","=""false"""
"=""vay nhanh uy tín""","=""590""","=""0""","=""4""","=""Low""","=""true"""
"=""vay ptf""","=""590""","=""0.8""","=""2""","=""Medium""","=""false"""
"=""vay shinhan bank""","=""590""","=""0.62""","=""3""","=""Medium""","=""false"""
"=""vay hd""","=""590""","=""0.65""","=""2""","=""High""","=""false"""
"=""vay agribank""","=""590""","=""0.53""","=""2""","=""Low""","=""false"""
"=""vay bidv""","=""590""","=""0.56""","=""2""","=""Medium""","=""false"""
"=""vay tiền lãi suất thấp""","=""480""","=""1.03""","=""5""","=""High""","=""false"""
"=""vay tamo""","=""480""","=""0.94""","=""2""","=""Medium""","=""false"""
"=""vay 10 triệu""","=""480""","=""1.21""","=""3""","=""Medium""","=""false"""
"=""vay 5 triệu""","=""480""","=""1.16""","=""3""","=""Medium""","=""false"""
"=""vay lãi""","=""480""","=""0.98""","=""2""","=""Medium""","=""false"""
"=""vay nong nhanh""","=""480""","=""1""","=""3""","=""Medium""","=""false"""
"=""home credit là của ngân hàng nào""","=""480""","=""0.63""","=""7""","=""Low""","=""false"""
"=""lãi suất vay mua nhà vietcombank""","=""480""","=""0.73""","=""6""","=""Low""","=""false"""
"=""vay cavet xe""","=""390""","=""1.31""","=""3""","=""Medium""","=""true"""
"=""vay tài chính""","=""390""","=""0.98""","=""3""","=""High""","=""false"""
"=""những ngân hàng cho vay trả góp""","=""390""","=""1.13""","=""7""","=""Medium""","=""false"""
"=""vay tiền trên momo""","=""390""","=""1.07""","=""4""","=""Medium""","=""false"""
"=""vay tiền nóng nhanh""","=""390""","=""0.73""","=""4""","=""Medium""","=""false"""
"=""vpbank vay""","=""390""","=""0.75""","=""2""","=""Medium""","=""true"""
"=""cần vay gấp 6 triệu""","=""390""","=""0.79""","=""5""","=""Medium""","=""true"""
"=""lãi suất vay ngân hàng mb""","=""390""","=""0.23""","=""6""","=""Low""","=""false"""
"=""vay mua xe""","=""390""","=""0.36""","=""3""","=""Low""","=""false"""
"=""mirae asset vay""","=""390""","=""0.74""","=""3""","=""Medium""","=""true"""
"=""cong ty home credit""","=""390""","=""0.58""","=""4""","=""Low""","=""false"""
"=""hợp đồng fe""","=""390""","=""0""","=""3""","=""Low""","=""false"""
"=""vay tiêu dùng tín chấp""","=""320""","=""1.17""","=""5""","=""Medium""","=""false"""
"=""easy vay siêu tốc""","=""320""","=""1.07""","=""4""","=""Medium""","=""true"""
"=""vay tiền techcombank online""","=""320""","=""0.65""","=""4""","=""Medium""","=""false"""
"=""vay 20tr""","=""320""","=""0.99""","=""2""","=""Medium""","=""false"""
"=""vay 2 triệu trả góp""","=""320""","=""1.17""","=""5""","=""Medium""","=""true"""
"=""hồ sơ vay fe credit bị từ chối""","=""320""","=""0.55""","=""8""","=""Low""","=""false"""
"=""tín chấp""","=""320""","=""0.89""","=""2""","=""Low""","=""false"""
"=""vay mua xe ô tô""","=""320""","=""0.5""","=""5""","=""Low""","=""false"""
"=""vay nhanh mb bank""","=""320""","=""0""","=""4""","=""Low""","=""true"""
"=""cong ty fe credit""","=""320""","=""0.44""","=""4""","=""Low""","=""false"""
"=""vay mua nhà bidv""","=""320""","=""0.98""","=""4""","=""Low""","=""false"""
"=""vay tiền nhanh trong ngày""","=""260""","=""1.01""","=""5""","=""Medium""","=""false"""
"=""vay nhanh trong ngày""","=""260""","=""0""","=""4""","=""Low""","=""false"""
"=""vay tiền tín chấp""","=""260""","=""1.33""","=""4""","=""Medium""","=""false"""
"=""vay tín dụng ngân hàng""","=""260""","=""1.07""","=""5""","=""Medium""","=""false"""
"=""vay tiền ngân hàng sacombank không the chấp""","=""260""","=""0.71""","=""8""","=""Medium""","=""false"""
"=""vay on""","=""260""","=""0.87""","=""2""","=""High""","=""false"""
"=""vay online trả góp""","=""260""","=""1.14""","=""4""","=""Medium""","=""false"""
"=""hỗ trợ vay vốn ngân hàng""","=""260""","=""0.6""","=""6""","=""Low""","=""true"""
"=""jeff vay tiền""","=""260""","=""1""","=""3""","=""Medium""","=""true"""
"=""vay tiền mb""","=""260""","=""0.72""","=""3""","=""Medium""","=""false"""
"=""vay theo bảng lương""","=""260""","=""0.93""","=""4""","=""High""","=""false"""
"=""vay 3 triệu""","=""260""","=""1.18""","=""3""","=""High""","=""false"""
"=""vay vpbank tín chấp""","=""260""","=""1""","=""4""","=""High""","=""false"""
"=""vay the chap""","=""260""","=""0.57""","=""3""","=""Medium""","=""false"""
"=""vay thấu chi vpbank""","=""260""","=""0.56""","=""4""","=""Low""","=""true"""
"=""vay tien qua icloud""","=""260""","=""1.3""","=""4""","=""High""","=""false"""
"=""lãi suất cho vay của các ngân hàng""","=""260""","=""0.71""","=""8""","=""Low""","=""false"""
"=""vay tien ngay""","=""260""","=""0.84""","=""3""","=""Medium""","=""false"""
"=""lãi suất vay vpbank""","=""260""","=""0.36""","=""4""","=""Low""","=""false"""
"=""cong ty tai chinh fe credit""","=""260""","=""0.56""","=""6""","=""Low""","=""false"""
"=""home credit có uy tín không""","=""260""","=""0.69""","=""6""","=""Low""","=""true"""
"=""vay mua nhà vietcombank""","=""260""","=""1.17""","=""4""","=""Low""","=""false"""
"=""vay trả góp tháng""","=""210""","=""1.74""","=""4""","=""Medium""","=""false"""
"=""vay tiền qua sim""","=""210""","=""0.93""","=""4""","=""High""","=""false"""
"=""vay tiêu dùng mb""","=""210""","=""0.8""","=""4""","=""Medium""","=""false"""
"=""vay tiền theo sim mobifone""","=""210""","=""0.79""","=""5""","=""Medium""","=""false"""
"=""vay tin dụng""","=""210""","=""0.09""","=""3""","=""Low""","=""false"""
"=""vay online tín chấp""","=""210""","=""1.66""","=""4""","=""High""","=""true"""
"=""vay hộ kinh doanh""","=""210""","=""1.82""","=""4""","=""Medium""","=""true"""
"=""vay cat""","=""210""","=""1.05""","=""2""","=""Medium""","=""false"""
"=""ngân hàng mirae""","=""210""","=""0.53""","=""3""","=""Low""","=""false"""
"=""l vay""","=""210""","=""0.66""","=""2""","=""Medium""","=""false"""
"=""quy trình duyệt hồ sơ mirae asset""","=""210""","=""0.58""","=""7""","=""Low""","=""false"""
"=""lãi suất vay mb bank""","=""210""","=""0.4""","=""5""","=""Low""","=""false"""
"=""thẻ hd saison""","=""210""","=""0.44""","=""3""","=""Low""","=""true"""
"=""tín dụng tiêu dùng""","=""210""","=""0""","=""4""","=""Low""","=""false"""
"=""vay tinh dung""","=""210""","=""0.09""","=""3""","=""Low""","=""false"""
"=""vay tiền bằng cavet xe""","=""170""","=""0.84""","=""5""","=""Low""","=""true"""
"=""vay vang""","=""170""","=""0.79""","=""2""","=""Medium""","=""false"""
"=""vay góp""","=""170""","=""0.92""","=""2""","=""Medium""","=""false"""
"=""vay qua lương""","=""170""","=""0.81""","=""3""","=""Medium""","=""false"""
"=""vay ngân hàng acb""","=""170""","=""0.59""","=""4""","=""Medium""","=""false"""
"=""vay bằng bảo hiểm xã hội""","=""170""","=""0.74""","=""6""","=""High""","=""false"""
"=""vay thế chấp vpbank""","=""170""","=""0.24""","=""4""","=""Low""","=""false"""
"=""lãi suất vay ngân hàng vib""","=""170""","=""0""","=""6""","=""Low""","=""false"""
"=""vay thế chấp shinhan bank""","=""170""","=""0.31""","=""5""","=""Low""","=""false"""
"=""cầm icloud iphone""","=""170""","=""1.09""","=""3""","=""Medium""","=""false"""
"=""home credit là ngân hàng nào""","=""170""","=""0.6""","=""6""","=""Low""","=""false"""
"=""lãi suất cho vay ngân hàng hiện nay""","=""170""","=""0.75""","=""8""","=""Low""","=""true"""
"=""lãi suất vay tiêu dùng vietcombank""","=""170""","=""0.51""","=""6""","=""Low""","=""false"""
"=""lãi vay agribank""","=""170""","=""0""","=""3""","=""Low""","=""false"""
"=""vay thế chấp bidv""","=""170""","=""0""","=""4""","=""Low""","=""false"""
"=""vay thế chấp shinhanbank""","=""170""","=""0.31""","=""4""","=""Low""","=""false"""
"=""vay thế giới di động""","=""170""","=""0.75""","=""5""","=""Medium""","=""false"""
"=""vay tiền bằng sim viettel""","=""140""","=""0.83""","=""5""","=""Medium""","=""false"""
"=""vay vốn tiêu dùng""","=""140""","=""0.87""","=""4""","=""Medium""","=""false"""
"=""vay tiền duyệt nhanh""","=""140""","=""0.8""","=""4""","=""High""","=""false"""
"=""đồng vay""","=""140""","=""0.93""","=""2""","=""Medium""","=""false"""
"=""mcredit vay theo sim""","=""140""","=""0.86""","=""4""","=""Medium""","=""false"""
"=""thủ tục vay tiền ngân hàng""","=""140""","=""0.28""","=""6""","=""Medium""","=""false"""
"=""vay ngân hàng tín chấp""","=""140""","=""0.82""","=""5""","=""Medium""","=""false"""
"=""vay tiền 18t""","=""140""","=""0.61""","=""3""","=""Medium""","=""true"""
"=""hồ sơ vay vốn ngân hàng""","=""140""","=""0.52""","=""6""","=""Low""","=""false"""
"=""vay theo bảo hiểm xã hội""","=""140""","=""0.85""","=""6""","=""Medium""","=""true"""
"=""dễ vay""","=""140""","=""1.39""","=""2""","=""Low""","=""true"""
"=""vay sim""","=""140""","=""0.89""","=""2""","=""Medium""","=""false"""
"=""lãi suất vay ngân hàng theo tháng""","=""140""","=""0.55""","=""7""","=""Low""","=""false"""
"=""lãi suất vay home credit""","=""140""","=""0.26""","=""5""","=""Medium""","=""false"""
"=""hd vay""","=""140""","=""0.67""","=""2""","=""Medium""","=""false"""
"=""vay hưu trí""","=""140""","=""1.2""","=""3""","=""Low""","=""false"""
"=""thủ tục vay ngân hàng chính sách""","=""140""","=""0""","=""7""","=""Low""","=""false"""
"=""thẻ tín dụng mirae asset""","=""140""","=""0.62""","=""5""","=""Low""","=""false"""
"=""lãi suất vay fe credit""","=""140""","=""0.3""","=""5""","=""Medium""","=""false"""
"=""cho vay nong""","=""140""","=""0.86""","=""3""","=""Medium""","=""false"""
"=""dr dong vay""","=""140""","=""0.83""","=""3""","=""Medium""","=""true"""
"=""thấu chi tín chấp vpbank""","=""140""","=""0.44""","=""5""","=""Low""","=""true"""
"=""vay snap""","=""140""","=""0""","=""2""","=""Low""","=""false"""
"=""vay tiền mặt điện máy xanh""","=""140""","=""0.94""","=""6""","=""Medium""","=""false"""
"=""vay tiền cấp tốc""","=""110""","=""0.82""","=""4""","=""Medium""","=""false"""
"=""vay tiền qua iphone""","=""110""","=""1.01""","=""4""","=""Low""","=""true"""
"=""vay tín dụng vpbank""","=""110""","=""0.63""","=""4""","=""Medium""","=""false"""
"=""vay tiền on""","=""110""","=""0.87""","=""3""","=""High""","=""false"""
"=""vay tiền đứng""","=""110""","=""0.81""","=""3""","=""Medium""","=""false"""
"=""vay đăng ký xe máy""","=""110""","=""0.82""","=""5""","=""High""","=""false"""
"=""vay 200k""","=""110""","=""0.69""","=""2""","=""Medium""","=""true"""
"=""vay tín dụng mb""","=""110""","=""0.78""","=""4""","=""High""","=""false"""
"=""vay lãi suất thấp cho sinh viên""","=""110""","=""1.53""","=""7""","=""Medium""","=""false"""
"=""vay nhanh 24""","=""110""","=""0""","=""3""","=""Low""","=""true"""
"=""vay tin""","=""110""","=""0.86""","=""2""","=""Medium""","=""true"""
"=""vay mua oto""","=""110""","=""0.47""","=""3""","=""Low""","=""false"""
"=""hd saison thẻ tín dụng""","=""110""","=""0.5""","=""5""","=""Medium""","=""false"""
"=""lãi suất cho vay các ngân hàng hiện nay""","=""110""","=""0.76""","=""9""","=""Low""","=""true"""
"=""lãi suất cho vay của vietcombank""","=""110""","=""0""","=""6""","=""Low""","=""false"""
"=""vay mirae asset có dễ không""","=""110""","=""3.83""","=""6""","=""Low""","=""false"""
"=""vay mua nhà trả góp 20 năm bidv""","=""110""","=""0""","=""8""","=""Low""","=""false"""
"=""vay mua đất""","=""110""","=""0""","=""3""","=""Low""","=""false"""
"=""vay tiền ngân hàng chính sách xã hội""","=""110""","=""0.65""","=""8""","=""Low""","=""false"""
"=""vaydi""","=""90""","=""0.67""","=""1""","=""Medium""","=""false"""
"=""vay tiền cavet xe""","=""90""","=""1.21""","=""4""","=""Medium""","=""false"""
"=""các công ty tài chính cho vay trả góp""","=""90""","=""1.54""","=""9""","=""Medium""","=""false"""
"=""vay theo cavet xe home credit""","=""90""","=""0.66""","=""6""","=""Medium""","=""false"""
"=""vay tín dụng online""","=""90""","=""1.5""","=""4""","=""High""","=""false"""
"=""vay tín dụng mb bank""","=""90""","=""0.75""","=""5""","=""Medium""","=""false"""
"=""vay tín dụng techcombank""","=""90""","=""0.71""","=""4""","=""Medium""","=""false"""
"=""vay cà vẹt xe""","=""90""","=""1.11""","=""4""","=""Medium""","=""true"""
"=""vay bằng bảo hiểm nhân thọ""","=""90""","=""0.73""","=""6""","=""Medium""","=""false"""
"=""vay 100k""","=""90""","=""0.61""","=""2""","=""Medium""","=""false"""
"=""vay crezu""","=""90""","=""0.84""","=""2""","=""Medium""","=""false"""
"=""vay nhanh doctor đồng""","=""90""","=""0""","=""4""","=""Low""","=""false"""
"=""vay tín dụng vietinbank""","=""90""","=""0.54""","=""4""","=""Medium""","=""false"""
"=""vay tiền ở điện máy xanh""","=""90""","=""0.55""","=""6""","=""Medium""","=""false"""
"=""vay trả góp ngân hàng bưu điện liên việt""","=""90""","=""0.6""","=""9""","=""Medium""","=""false"""
"=""vay tiêu dùng mcredit""","=""90""","=""0.7""","=""4""","=""Medium""","=""false"""
"=""vay tiền trên web""","=""90""","=""1.18""","=""4""","=""Medium""","=""true"""
"=""vay tiền vnd""","=""90""","=""0.76""","=""3""","=""Medium""","=""false"""
"=""money vay tiền""","=""90""","=""1.12""","=""3""","=""Medium""","=""true"""
"=""vay the chấp sổ hồng""","=""90""","=""0.48""","=""5""","=""Medium""","=""false"""
"=""cho vay vốn""","=""90""","=""0.69""","=""3""","=""Low""","=""false"""
"=""vay nóng nhanh trong ngày""","=""90""","=""1.14""","=""5""","=""Medium""","=""true"""
"=""lãi suất vay shinhan bank""","=""90""","=""0.22""","=""5""","=""Low""","=""true"""
"=""cho vay hộ kinh doanh agribank""","=""90""","=""0.75""","=""6""","=""Medium""","=""false"""
"=""vay sổ đỏ ngân hàng agribank""","=""90""","=""0""","=""6""","=""Low""","=""false"""
"=""hợp đồng vay fe""","=""90""","=""0""","=""4""","=""Low""","=""false"""
"=""lãi suất trả góp thẻ tín dụng vpbank""","=""90""","=""0""","=""8""","=""Low""","=""false"""
"=""lãi suất vay mua nhà các ngân hàng""","=""90""","=""0""","=""8""","=""Low""","=""false"""
"=""thấu chi vietinbank""","=""90""","=""0""","=""3""","=""Low""","=""false"""
"=""tín chấp và thế chấp""","=""90""","=""0.01""","=""5""","=""Low""","=""false"""
"=""vay không thế chấp techcombank""","=""90""","=""0.84""","=""5""","=""Medium""","=""false"""
"=""vay mua nhà vietinbank""","=""90""","=""0""","=""4""","=""Low""","=""true"""
"=""vay mua xe máy""","=""90""","=""0.34""","=""4""","=""Medium""","=""false"""
"=""vay on credit""","=""90""","=""0.74""","=""3""","=""Medium""","=""false"""
"=""vay techcombank tín chấp""","=""90""","=""0.71""","=""4""","=""Medium""","=""false"""
"=""vay tien qua sim viettel""","=""90""","=""1""","=""5""","=""High""","=""false"""
"=""đăng nhập mcredit""","=""90""","=""0""","=""3""","=""Low""","=""false"""
"=""vay tiền theo sim viettel""","=""70""","=""0.92""","=""5""","=""High""","=""false"""
"=""vay 50tr vpbank""","=""70""","=""0.67""","=""3""","=""Medium""","=""false"""
"=""o vay""","=""70""","=""1.05""","=""2""","=""High""","=""false"""
"=""vay icloud iphone""","=""70""","=""1.33""","=""3""","=""Medium""","=""true"""
"=""cần vay tiền nhanh""","=""70""","=""0.95""","=""4""","=""Medium""","=""false"""
"=""vay cavet xe chính chủ""","=""70""","=""0.87""","=""5""","=""Medium""","=""false"""
"=""vay qua đăng ký xe máy""","=""70""","=""0.93""","=""6""","=""Medium""","=""true"""
"=""vay tiền bằng bảo hiểm xã hội""","=""70""","=""0.72""","=""7""","=""Medium""","=""false"""
"=""vay vốn tín chấp""","=""70""","=""0.73""","=""4""","=""Medium""","=""false"""
"=""vay tiền qua đăng ký xe máy""","=""70""","=""0.91""","=""7""","=""Medium""","=""false"""
"=""vay tín dụng fe""","=""70""","=""0.5""","=""4""","=""Medium""","=""false"""
"=""cho vay sinh viên""","=""70""","=""1.1""","=""4""","=""Low""","=""false"""
"=""vay tiền trên mạng""","=""70""","=""0.78""","=""4""","=""High""","=""false"""
"=""vay tiền 500k""","=""70""","=""0.52""","=""3""","=""Medium""","=""true"""
"=""cho vay uy tín""","=""70""","=""1.27""","=""4""","=""High""","=""false"""
"=""vay tiền an toàn""","=""70""","=""1.13""","=""4""","=""High""","=""false"""
"=""vay vốn kinh doanh nhỏ lẻ""","=""70""","=""0.85""","=""6""","=""Medium""","=""false"""
"=""vay tín dụng sacombank""","=""70""","=""0.49""","=""4""","=""Medium""","=""false"""
"=""vay tín dụng tpbank""","=""70""","=""0.71""","=""4""","=""Medium""","=""false"""
"=""vay tín dụng nhanh""","=""70""","=""1.14""","=""4""","=""Medium""","=""false"""
"=""vay tiêu dùng shinhan finance""","=""70""","=""0.58""","=""5""","=""Medium""","=""false"""
"=""vay nhanh tín chấp""","=""70""","=""0""","=""4""","=""Low""","=""true"""
"=""vay mobifone""","=""70""","=""0.86""","=""2""","=""Medium""","=""false"""
"=""vay không thế chấp vietcombank""","=""70""","=""0.53""","=""5""","=""Medium""","=""false"""
"=""vay tu dong""","=""70""","=""0.82""","=""3""","=""Medium""","=""false"""
"=""dịch vụ cho vay""","=""70""","=""0.59""","=""4""","=""Medium""","=""false"""
"=""vay vốn ngân hàng bidv""","=""70""","=""0.36""","=""5""","=""Low""","=""true"""
"=""nên vay ngân hàng nào""","=""70""","=""0.66""","=""5""","=""Medium""","=""false"""
"=""hồ sơ vay vốn""","=""70""","=""0.35""","=""4""","=""Low""","=""true"""
"=""các hình thức vay ngân hàng""","=""70""","=""0.25""","=""6""","=""Low""","=""false"""
"=""vay uy tín không thế chấp""","=""70""","=""1.51""","=""6""","=""High""","=""true"""
"=""lãi suất vay tín dụng""","=""70""","=""0.76""","=""5""","=""Low""","=""false"""
"=""tín chấp vpbank""","=""70""","=""0.67""","=""3""","=""Medium""","=""true"""
"=""lãi cho vay ngân hàng""","=""70""","=""0""","=""5""","=""Low""","=""false"""
"=""lãi suất cho vay của agribank""","=""70""","=""0""","=""6""","=""Low""","=""false"""
"=""lãi suất cho vay của ngân hàng vietcombank""","=""70""","=""0""","=""8""","=""Low""","=""false"""
"=""lãi suất cho vay sacombank""","=""70""","=""0""","=""5""","=""Low""","=""false"""
"=""lãi suất vay mcredit""","=""70""","=""0.36""","=""4""","=""Low""","=""false"""
"=""lãi suất vay tiêu dùng techcombank""","=""70""","=""0.56""","=""6""","=""Low""","=""false"""
"=""lãi suất vay xây nhà vietcombank""","=""70""","=""0""","=""6""","=""Low""","=""false"""
"=""lãi vay mua nhà vietcombank""","=""70""","=""0""","=""5""","=""Low""","=""false"""
"=""thế chấp sổ đỏ vay ngân hàng""","=""70""","=""0.37""","=""7""","=""Low""","=""false"""
"=""vay nhà nước""","=""70""","=""1.37""","=""3""","=""Low""","=""false"""
"=""vay nước sạch ngân hàng chính sách""","=""70""","=""0.64""","=""7""","=""Low""","=""false"""
"=""vay online ko thẩm định""","=""70""","=""1.67""","=""5""","=""Medium""","=""false"""
"=""vay sửa nhà""","=""70""","=""1.08""","=""3""","=""Low""","=""false"""
"=""vay tiền mobi""","=""70""","=""0.96""","=""3""","=""Medium""","=""false"""
"=""vây tiền trả góp""","=""70""","=""1.23""","=""4""","=""Medium""","=""false"""
"=""xe vay""","=""70""","=""0""","=""2""","=""Low""","=""false"""
"=""hỗ trợ vay tiền nhanh""","=""50""","=""3.14""","=""5""","=""Medium""","=""false"""
"=""vay tiền 19 tuổi""","=""50""","=""0.66""","=""4""","=""Medium""","=""false"""
"=""trang vay tiền uy tín""","=""50""","=""1.79""","=""5""","=""High""","=""false"""
"=""dịch vụ vay tiền nhanh""","=""50""","=""1.02""","=""5""","=""Medium""","=""false"""
"=""vay tiền bằng giấy phép lái xe""","=""50""","=""0.97""","=""7""","=""High""","=""false"""
"=""vay tiền bên fe""","=""50""","=""0.45""","=""4""","=""Medium""","=""false"""
"=""muốn vay tiền ngân hàng""","=""50""","=""0.65""","=""5""","=""High""","=""false"""
"=""vaytinchap""","=""50""","=""1.01""","=""1""","=""Medium""","=""true"""
"=""vay bằng bảo hiểm y tế""","=""50""","=""0.88""","=""6""","=""Medium""","=""true"""
"=""vay tiền online ngân hàng""","=""50""","=""1.34""","=""5""","=""Medium""","=""false"""
"=""vay tiền hưu trí ngân hàng liên việt""","=""50""","=""0""","=""8""","=""Low""","=""true"""
"=""cho vay tín dụng""","=""50""","=""0.69""","=""4""","=""Low""","=""false"""
"=""vay trả góp mb bank""","=""50""","=""0.84""","=""5""","=""Medium""","=""false"""
"=""vay tiền sim mobifone""","=""50""","=""1.2""","=""4""","=""High""","=""false"""
"=""những ngân hàng cho vay qua bảo hiểm nhân thọ""","=""50""","=""0.82""","=""10""","=""Medium""","=""false"""
"=""vay nóng 200 triệu""","=""50""","=""1""","=""4""","=""Medium""","=""false"""
"=""vay trả góp vietcombank""","=""50""","=""0.37""","=""4""","=""Medium""","=""false"""
"=""home credit vay tiêu dùng""","=""50""","=""0.71""","=""5""","=""Medium""","=""false"""
"=""vay không tín chấp""","=""50""","=""0.9""","=""4""","=""High""","=""false"""
"=""vaytienngay""","=""50""","=""0.72""","=""1""","=""High""","=""false"""
"=""fe cho vay""","=""50""","=""0.52""","=""3""","=""Medium""","=""false"""
"=""vay 50 triệu trả góp 48 tháng""","=""50""","=""1.5""","=""7""","=""Medium""","=""false"""
"=""vay trên app mb""","=""50""","=""0.44""","=""4""","=""Medium""","=""false"""
"=""vay thế chấp ngân hàng mb""","=""50""","=""0""","=""6""","=""Low""","=""false"""
"=""acb vay""","=""50""","=""0.74""","=""2""","=""Medium""","=""false"""
"=""vay thế chấp mua nhà""","=""50""","=""0""","=""5""","=""Low""","=""false"""
"=""vay thế chấp online""","=""50""","=""1.16""","=""4""","=""Medium""","=""false"""
"=""vay ngân hàng mua nhà trả góp""","=""50""","=""0""","=""7""","=""Low""","=""false"""
"=""vay bang cmnd""","=""50""","=""1.08""","=""3""","=""Low""","=""true"""
"=""vay bằng đăng ký xe ô tô""","=""50""","=""2.27""","=""7""","=""Medium""","=""false"""
"=""tín chấp doanh nghiệp""","=""50""","=""6.52""","=""4""","=""Medium""","=""false"""
"=""vay gấp 1tr""","=""50""","=""0.88""","=""3""","=""Medium""","=""false"""
"=""agribank lãi suất vay""","=""50""","=""0""","=""4""","=""Low""","=""false"""
"=""hồ sơ tín dụng""","=""50""","=""0""","=""4""","=""Low""","=""false"""
"=""lãi suất tín chấp vpbank""","=""50""","=""0.33""","=""5""","=""Low""","=""false"""
"=""lãi suất vay cá nhân""","=""50""","=""0""","=""5""","=""Low""","=""false"""
"=""lãi suất vay shb""","=""50""","=""0.4""","=""4""","=""Low""","=""false"""
"=""lãi suất ưu đãi""","=""50""","=""0""","=""4""","=""Low""","=""false"""
"=""ngân hàng cho vay sinh viên""","=""50""","=""1.16""","=""6""","=""Medium""","=""false"""
"=""quy trình cho vay khách hàng cá nhân""","=""50""","=""0""","=""8""","=""Low""","=""false"""
"=""thấu chi tín chấp""","=""50""","=""0.35""","=""4""","=""Medium""","=""true"""
"=""trả góp hd bank""","=""50""","=""0.47""","=""4""","=""Low""","=""false"""
"=""vay 300 triệu trong 10 năm agribank""","=""50""","=""0""","=""7""","=""Low""","=""false"""
"=""vay bằng sim mobifone""","=""50""","=""0.99""","=""4""","=""Medium""","=""false"""
"=""vay cầm cố""","=""50""","=""0.96""","=""3""","=""Medium""","=""false"""
"=""vay hộ kinh doanh vpbank""","=""50""","=""0.7""","=""5""","=""Medium""","=""false"""
"=""vay khong tin chap""","=""50""","=""0.9""","=""4""","=""High""","=""false"""
"=""vay mua nhà mb bank""","=""50""","=""0""","=""5""","=""Low""","=""false"""
"=""vay mua xe oto""","=""50""","=""0.28""","=""4""","=""Low""","=""false"""
"=""vay mua xe oto trả góp""","=""50""","=""0.3""","=""6""","=""Low""","=""false"""
"=""vay ngân hàng 1 tỷ""","=""50""","=""0.67""","=""5""","=""Low""","=""false"""
"=""vay thế chấp sổ đỏ vietinbank""","=""50""","=""0""","=""6""","=""Low""","=""false"""
"=""vay tins chaaps""","=""50""","=""1.01""","=""3""","=""Medium""","=""true"""
"=""vay tiêu dùng không tài sản đảm bảo mb bank""","=""50""","=""0.77""","=""10""","=""Medium""","=""true"""
"=""vay tiêu dùng tín chấp bidv""","=""50""","=""0.53""","=""6""","=""Medium""","=""false"""
"=""vay tiền tại điện máy xanh""","=""50""","=""0.41""","=""6""","=""Medium""","=""false"""
"=""vietcredit là ngân hàng nào""","=""50""","=""0""","=""5""","=""Low""","=""false"""
"=""viettel vay""","=""50""","=""0.63""","=""2""","=""Medium""","=""false"""
"=""vay ko tín chấp""","=""50""","=""0.9""","=""4""","=""High""","=""false"""
"=""vay vốn tín chấp tpbank""","=""40""","=""0.81""","=""5""","=""Medium""","=""false"""
"=""mượn tiền online""","=""40""","=""1.05""","=""3""","=""High""","=""false"""
"=""vay tiền bằng bảo hiểm nhân thọ""","=""40""","=""1.3""","=""7""","=""Medium""","=""false"""
"=""vay tiền easy credit""","=""40""","=""0.84""","=""4""","=""Medium""","=""false"""
"=""vay qua thẻ tín dụng""","=""40""","=""0.94""","=""5""","=""Medium""","=""false"""
"=""vay không lãi""","=""40""","=""1.17""","=""3""","=""High""","=""false"""
"=""vay qua bảo hiểm nhân thọ""","=""40""","=""1.02""","=""6""","=""Medium""","=""false"""
"=""vay acb tín chấp""","=""40""","=""1.08""","=""4""","=""Medium""","=""false"""
"=""vay ngân hàng shinhan bank""","=""40""","=""0.39""","=""5""","=""Medium""","=""false"""
"=""vay tiền qua sim viettel chính chủ""","=""40""","=""1.08""","=""7""","=""High""","=""false"""
"=""vay bằng cà vẹt xe""","=""40""","=""1.65""","=""5""","=""Medium""","=""true"""
"=""vay tiền tháng""","=""40""","=""0.92""","=""3""","=""High""","=""false"""
"=""vay tiền mặt vpbank""","=""40""","=""0.78""","=""4""","=""High""","=""false"""
"=""vay tín dụng vib""","=""40""","=""0.53""","=""4""","=""Medium""","=""false"""
"=""vay tiền bằng cà vẹt xe máy""","=""40""","=""1.01""","=""7""","=""Medium""","=""false"""
"=""vay tiền bằng cavet""","=""40""","=""1.24""","=""4""","=""Medium""","=""false"""
"=""vay trả góp ngân hàng vietinbank""","=""40""","=""1.07""","=""6""","=""Medium""","=""false"""
"=""vay vốn fe credit""","=""40""","=""0.6""","=""4""","=""Medium""","=""false"""
"=""vay theo bhxh""","=""40""","=""0.87""","=""3""","=""Medium""","=""true"""
"=""ngân hàng cho vay không thế chấp""","=""40""","=""0.76""","=""7""","=""Medium""","=""false"""
"=""vay tiền qua sim điện thoại viettel""","=""40""","=""1.16""","=""7""","=""High""","=""false"""
"=""vay tiền ngân hàng không thế chấp""","=""40""","=""0.52""","=""7""","=""Medium""","=""false"""
"=""vay ngân hàng sinh viên""","=""40""","=""0.87""","=""5""","=""Medium""","=""false"""
"=""vay qua lương vietcombank""","=""40""","=""0.55""","=""4""","=""Medium""","=""true"""
"=""vay thế chấp tpbank""","=""40""","=""0.43""","=""4""","=""Low""","=""false"""
"=""ngân hàng cho sinh viên vay""","=""40""","=""0.9""","=""6""","=""Medium""","=""false"""
"=""bidv cho vay""","=""40""","=""1.34""","=""3""","=""Low""","=""false"""
"=""check hợp đồng mcredit""","=""40""","=""0""","=""4""","=""Low""","=""false"""
"=""home credit cho vay""","=""40""","=""0.47""","=""4""","=""Medium""","=""false"""
"=""hồ sơ vay vốn sinh viên""","=""40""","=""0.7""","=""6""","=""Low""","=""false"""
"=""lai suat cho vay vcb""","=""40""","=""0""","=""5""","=""Low""","=""false"""
"=""lãi suất cho vay thế chấp""","=""40""","=""0""","=""6""","=""Low""","=""false"""
"=""lãi suất cho vay thế chấp của các ngân hàng""","=""40""","=""0.19""","=""10""","=""Low""","=""false"""
"=""lãi suất thế chấp ngân hàng""","=""40""","=""0""","=""6""","=""Low""","=""false"""
"=""lãi suất tín chấp""","=""40""","=""4.12""","=""4""","=""Low""","=""false"""
"=""lãi suất vay của ngân hàng bidv""","=""40""","=""0""","=""7""","=""Low""","=""false"""
"=""lãi suất vay tiêu dùng vietinbank""","=""40""","=""0""","=""6""","=""Low""","=""false"""
"=""lãi vay mua xe""","=""40""","=""0""","=""4""","=""Low""","=""false"""
"=""mua nhà vay ngân hàng""","=""40""","=""0""","=""5""","=""Low""","=""false"""
"=""mua trả góp hd saison""","=""40""","=""0.7""","=""5""","=""Low""","=""false"""
"=""sacombank vay""","=""40""","=""0.45""","=""2""","=""Medium""","=""false"""
"=""sổ bảo hiểm xã hội có cầm được không""","=""40""","=""1.32""","=""9""","=""Low""","=""false"""
"=""sổ đỏ có vay ngân hàng được không""","=""40""","=""0.24""","=""8""","=""Low""","=""false"""
"=""tín dụng cá nhân""","=""40""","=""1.49""","=""4""","=""Low""","=""false"""
"=""tín dụng hd saison""","=""40""","=""0.38""","=""4""","=""Medium""","=""false"""
"=""vay 100tr tín chấp""","=""40""","=""1.3""","=""4""","=""High""","=""false"""
"=""vay mua nhà tpbank""","=""40""","=""0""","=""4""","=""Low""","=""false"""
"=""vay ngân hàng mua ô tô""","=""40""","=""0""","=""6""","=""Low""","=""false"""
"=""vay thấu chi tín chấp""","=""40""","=""0.79""","=""5""","=""Medium""","=""true"""
"=""vay tiêu dùng standard chartered""","=""40""","=""0.68""","=""5""","=""Low""","=""false"""
"=""vay tiêu dùng điện máy xanh""","=""40""","=""0.86""","=""6""","=""Medium""","=""false"""
"=""vay vpbank không cần thế chấp""","=""40""","=""0.92""","=""6""","=""Medium""","=""false"""
"=""vay xây nhà bidv""","=""40""","=""0""","=""4""","=""Low""","=""false"""
"=""vietcombank lãi suất cho vay""","=""40""","=""0""","=""5""","=""Low""","=""false"""
"=""điều kiện vay ngân hàng agribank""","=""40""","=""0.3""","=""6""","=""Low""","=""false"""
"=""độ tuổi vay home credit""","=""40""","=""0.15""","=""5""","=""Low""","=""false"""
"=""vay qua sim viettel chính chủ""","=""30""","=""0.86""","=""6""","=""High""","=""true"""
"=""vay tín dụng shinhan""","=""30""","=""0.6""","=""4""","=""High""","=""false"""
"=""vay online trả góp tháng""","=""30""","=""0.93""","=""5""","=""High""","=""false"""
"=""vay tiền trả theo tháng""","=""30""","=""1.5""","=""5""","=""High""","=""false"""
"=""vay 888""","=""30""","=""0.93""","=""2""","=""Medium""","=""false"""
"=""vay tiền tín chấp ngân hàng""","=""30""","=""1.11""","=""6""","=""High""","=""false"""
"=""vay bằng bằng lái xe""","=""30""","=""0.86""","=""5""","=""High""","=""true"""
"=""vay tiền theo bảo hiểm xã hội""","=""30""","=""0.98""","=""7""","=""High""","=""false"""
"=""vay online ngân hàng mb""","=""30""","=""0.64""","=""5""","=""Medium""","=""false"""
"=""vay tiền nhanh vpbank""","=""30""","=""0.82""","=""4""","=""High""","=""true"""
"=""vay tien tin chap""","=""30""","=""0""","=""4""","=""Low""","=""false"""
"=""vay 18""","=""30""","=""0.63""","=""2""","=""Medium""","=""false"""
"=""ngân hàng vay tiêu dùng""","=""30""","=""0.94""","=""5""","=""Medium""","=""true"""
"=""vay theo hợp đồng bảo hiểm nhân thọ""","=""30""","=""0.75""","=""8""","=""Medium""","=""false"""
"=""vay tiền cho nguoi 18 tuoi""","=""30""","=""0.6""","=""6""","=""High""","=""false"""
"=""vay ngân hàng không cần chứng minh thu nhập""","=""30""","=""1.44""","=""9""","=""Medium""","=""true"""
"=""vay tiền tín chấp online""","=""30""","=""1.9""","=""5""","=""High""","=""false"""
"=""vay mua nhà trả góp 10 năm""","=""30""","=""0""","=""7""","=""Low""","=""false"""
"=""vay 5 triệu trả góp""","=""30""","=""0.76""","=""5""","=""High""","=""false"""
"=""ho tro vay""","=""30""","=""0.65""","=""3""","=""Medium""","=""false"""
"=""thủ tục vay shinhan""","=""30""","=""0.24""","=""4""","=""Medium""","=""false"""
"=""ngân hàng easy credit""","=""30""","=""0.74""","=""4""","=""Low""","=""false"""
"=""các công ty tài chính uy tín""","=""30""","=""1.62""","=""7""","=""Medium""","=""false"""
"=""hướng dẫn vay tiền""","=""30""","=""1.52""","=""4""","=""Medium""","=""false"""
"=""vay tín dụng acb""","=""30""","=""0.6""","=""4""","=""Medium""","=""false"""
"=""vpbank vay trả góp""","=""30""","=""0.77""","=""4""","=""High""","=""false"""
"=""vay tiền qua vietcombank""","=""30""","=""1.03""","=""4""","=""High""","=""false"""
"=""vay theo sổ bảo hiểm xã hội""","=""30""","=""0.66""","=""7""","=""Medium""","=""false"""
"=""on vay""","=""30""","=""0.94""","=""2""","=""Medium""","=""false"""
"=""cho vay không thế chấp""","=""30""","=""0.65""","=""5""","=""Medium""","=""true"""
"=""vay thế chấp shinhan""","=""30""","=""0.39""","=""4""","=""Low""","=""false"""
"=""vay tiền nhanh 50 triệu""","=""30""","=""1.22""","=""5""","=""Medium""","=""false"""
"=""vay tín dụng shb""","=""30""","=""1.13""","=""4""","=""High""","=""false"""
"=""hỗ trợ vay fe""","=""30""","=""0.59""","=""4""","=""Medium""","=""false"""
"=""mượn tiền đứng""","=""30""","=""1.03""","=""3""","=""Medium""","=""false"""
"=""hỗ trợ vay sinh viên""","=""30""","=""1.15""","=""5""","=""Medium""","=""true"""
"=""vay tín dụng tiêu dùng""","=""30""","=""1.39""","=""5""","=""Medium""","=""false"""
"=""vay tiêu dùng tín chấp techcombank""","=""30""","=""0.87""","=""6""","=""Medium""","=""false"""
"=""vay theo lương hưu""","=""30""","=""0.8""","=""4""","=""Low""","=""false"""
"=""vay prudential""","=""30""","=""0.83""","=""2""","=""Medium""","=""false"""
"=""vay tiêu dùng lãi suất thấp nhất""","=""30""","=""1.35""","=""7""","=""High""","=""true"""
"=""ngân hàng nào cho vay""","=""30""","=""1.16""","=""5""","=""Medium""","=""true"""
"=""cần vay 20 triệu""","=""30""","=""1.29""","=""4""","=""High""","=""true"""
"=""vay qua sổ bảo hiểm xã hội""","=""30""","=""0.67""","=""7""","=""Medium""","=""false"""
"=""bảng lương vay ngân hàng""","=""30""","=""0""","=""5""","=""Low""","=""false"""
"=""chính sách vay mua nhà""","=""30""","=""0""","=""5""","=""Low""","=""false"""
"=""có nên vay home credit""","=""30""","=""0.75""","=""5""","=""Low""","=""true"""
"=""hợp đồng vay tín dụng""","=""30""","=""0""","=""5""","=""Low""","=""false"""
"=""lãi suất cho vay tiêu dùng""","=""30""","=""0""","=""6""","=""Low""","=""false"""
"=""lãi suất cho vay tại các ngân hàng""","=""30""","=""2.25""","=""8""","=""Low""","=""true"""
"=""lãi suất của hd saison""","=""30""","=""0.28""","=""5""","=""Low""","=""false"""
"=""lãi suất của home credit và fe credit""","=""30""","=""0.28""","=""8""","=""Low""","=""false"""
"=""lãi suất tiền vay vietinbank""","=""30""","=""0""","=""5""","=""Low""","=""false"""
"=""lãi suất tín chấp các ngân hàng""","=""30""","=""0.23""","=""7""","=""Low""","=""false"""
"=""lãi suất vay của home credit""","=""30""","=""0.53""","=""6""","=""Medium""","=""false"""
"=""lãi suất vay của ngân hàng vietinbank""","=""30""","=""0""","=""7""","=""Low""","=""false"""
"=""lãi suất vay hsbc""","=""30""","=""0""","=""4""","=""Low""","=""true"""
"=""lãi suất vay mua nhà của vietcombank""","=""30""","=""0""","=""7""","=""Low""","=""false"""
"=""lãi suất vay sửa nhà vietcombank""","=""30""","=""0""","=""6""","=""Low""","=""false"""
"=""lãi suất vay the chấp ngân hàng agribank""","=""30""","=""0""","=""8""","=""Low""","=""false"""
"=""lãi suất vay the chấp shinhan bank""","=""30""","=""0""","=""7""","=""Low""","=""false"""
"=""lãi suất vay tiền""","=""30""","=""0.64""","=""4""","=""Low""","=""false"""
"=""mượn tiền momo""","=""30""","=""0.93""","=""3""","=""Medium""","=""false"""
"=""quy trình mua nhà vay ngân hàng""","=""30""","=""0""","=""7""","=""Low""","=""false"""
"=""thủ tục vay agribank""","=""30""","=""0""","=""4""","=""Low""","=""false"""
"=""thủ tục vay mua nhà""","=""30""","=""0""","=""5""","=""Low""","=""false"""
"=""thủ tục vay the chấp sổ đỏ ngân hàng agribank""","=""30""","=""0""","=""10""","=""Low""","=""false"""
"=""trả góp thẻ tín dụng home credit""","=""30""","=""0.84""","=""7""","=""Low""","=""false"""
"=""trụ sở vietcredit""","=""30""","=""0""","=""3""","=""Low""","=""false"""
"=""vay 1 tỷ trong 5 năm""","=""30""","=""0""","=""6""","=""Low""","=""true"""
"=""vay 200 triệu trong 10 năm agribank""","=""30""","=""0""","=""7""","=""Low""","=""false"""
"=""vay bidv online""","=""30""","=""0.42""","=""3""","=""Medium""","=""false"""
"=""vay cá nhân techcombank""","=""30""","=""0.6""","=""4""","=""Medium""","=""true"""
"=""vay hỗ trợ sinh viên""","=""30""","=""0.85""","=""5""","=""Low""","=""false"""
"=""vay kinh doanh vietinbank""","=""30""","=""0.34""","=""4""","=""Low""","=""false"""
"=""vay lương vietcombank""","=""30""","=""0.37""","=""3""","=""Medium""","=""true"""
"=""vay mua nhà hsbc""","=""30""","=""0.87""","=""4""","=""Low""","=""false"""
"=""vay ngân hàng 1 tỷ trong 10 năm""","=""30""","=""0""","=""8""","=""Low""","=""false"""
"=""vay ngân hàng 1 tỷ trả trong 10 năm""","=""30""","=""0""","=""9""","=""Low""","=""false"""
"=""vay ngân hàng mua xe trả góp""","=""30""","=""0.24""","=""7""","=""Low""","=""false"""
"=""vay ngân hàng woori bank""","=""30""","=""0.3""","=""5""","=""Medium""","=""false"""
"=""vay sổ đỏ agribank""","=""30""","=""0""","=""4""","=""Low""","=""false"""
"=""vay theo hợp đồng tín dụng khác""","=""30""","=""1.65""","=""7""","=""Medium""","=""false"""
"=""vay thấu chi tín chấp vpbank""","=""30""","=""0.57""","=""6""","=""Low""","=""true"""
"=""vay thẻ tín dụng vpbank""","=""30""","=""0.59""","=""5""","=""Medium""","=""false"""
"=""vay thế chấp bảng lương""","=""30""","=""0.47""","=""5""","=""Low""","=""false"""
"=""vay tien tín chấp""","=""30""","=""0""","=""4""","=""Low""","=""false"""
"=""vay tiền bằng đăng ký ô tô""","=""30""","=""0.17""","=""7""","=""Low""","=""false"""
"=""vay tiền qua app vietcombank""","=""30""","=""1.12""","=""5""","=""Medium""","=""false"""
"=""vay tín dụng fecredit""","=""30""","=""0.64""","=""4""","=""Medium""","=""false"""
"=""vay v""","=""30""","=""0.64""","=""2""","=""Medium""","=""false"""
"=""vay vietcombank tín chấp""","=""30""","=""0.56""","=""4""","=""Medium""","=""false"""
"=""vay vốn sinh viên vietinbank""","=""30""","=""0""","=""5""","=""Low""","=""false"""
"=""vay xây sửa nhà""","=""30""","=""0""","=""4""","=""Low""","=""false"""
"=""vietcredit lãi suất""","=""30""","=""0""","=""3""","=""Low""","=""false"""
"=""vpbank tín chấp""","=""30""","=""0.91""","=""3""","=""Medium""","=""true"""
"=""vpbank vay mua nhà""","=""30""","=""0""","=""4""","=""Low""","=""false"""
"=""điều kiện vay agribank""","=""30""","=""0.27""","=""4""","=""Low""","=""true"""
"=""điều kiện vay vốn""","=""30""","=""0""","=""4""","=""Low""","=""false"""
"=""vay 50 triệu trả góp 36 tháng""","=""20""","=""1.08""","=""7""","=""Medium""","=""false"""
"=""vay tiền bằng sổ bảo hiểm xã hội""","=""20""","=""0.96""","=""8""","=""Medium""","=""false"""
"=""vay vốn ngân hàng shinhan""","=""20""","=""0.65""","=""5""","=""Medium""","=""false"""
"=""cần vay tiền nóng""","=""20""","=""0.68""","=""4""","=""Medium""","=""false"""
"=""đăng nhập doctordong""","=""20""","=""0.65""","=""3""","=""Medium""","=""true"""
"=""vay cho người 18 tuổi""","=""20""","=""0.72""","=""5""","=""Medium""","=""false"""
"=""vay vốn kinh doanh tín chấp""","=""20""","=""0.98""","=""6""","=""Medium""","=""false"""
"=""các web vay tiền online""","=""20""","=""0.84""","=""5""","=""Medium""","=""true"""
"=""mượn tiền nóng""","=""20""","=""0.84""","=""3""","=""High""","=""false"""
"=""vay vốn uy tín""","=""20""","=""0.83""","=""4""","=""High""","=""false"""
"=""hỗ trợ tài chính sinh viên""","=""20""","=""0""","=""6""","=""Low""","=""false"""
"=""vay tiền online shinhan bank""","=""20""","=""1.13""","=""5""","=""High""","=""false"""
"=""vay ho""","=""20""","=""0.65""","=""2""","=""Medium""","=""false"""
"=""vay tiền nợ chú ý""","=""20""","=""1.03""","=""5""","=""Medium""","=""true"""
"=""vay qua bảo hiểm y tế""","=""20""","=""1.07""","=""6""","=""Medium""","=""false"""
"=""vay mb quân đội""","=""20""","=""0.83""","=""4""","=""Medium""","=""false"""
"=""vay tiền 5 triệu""","=""20""","=""0.82""","=""4""","=""Medium""","=""true"""
"=""vay tiền qua sim vina""","=""20""","=""1.03""","=""5""","=""Medium""","=""false"""
"=""vay 200 triệu trong 5 năm""","=""20""","=""0.26""","=""6""","=""Medium""","=""false"""
"=""vay 5 triệu fe credit""","=""20""","=""0.37""","=""5""","=""Medium""","=""false"""
"=""vay trả góp theo ngày""","=""20""","=""1.45""","=""5""","=""High""","=""false"""
"=""vay ip""","=""20""","=""0""","=""2""","=""Medium""","=""false"""
"=""vay tiền mặt shinhan bank""","=""20""","=""1.31""","=""5""","=""Medium""","=""false"""
"=""vay trả góp tín chấp""","=""20""","=""1.15""","=""5""","=""High""","=""false"""
"=""vay tín dụng không thế chấp""","=""20""","=""1.24""","=""6""","=""High""","=""false"""
"=""vay tieu dung nhanh""","=""20""","=""0.97""","=""4""","=""High""","=""false"""
"=""vay tien shb""","=""20""","=""0.5""","=""3""","=""High""","=""false"""
"=""vay shinhan bank có tốt không""","=""20""","=""0.55""","=""6""","=""Low""","=""false"""
"=""vay tiền 30 ngày""","=""20""","=""1.43""","=""4""","=""High""","=""false"""
"=""vay tiền không lãi""","=""20""","=""0.92""","=""4""","=""Medium""","=""false"""
"=""thủ tục vay shinhan finance""","=""20""","=""0.38""","=""5""","=""Medium""","=""false"""
"=""vay tieu dung online""","=""20""","=""0.74""","=""4""","=""Medium""","=""true"""
"=""vay tín dụng ngân hàng mb""","=""20""","=""0.56""","=""6""","=""Medium""","=""true"""
"=""vay gấp 20 triệu""","=""20""","=""0.99""","=""4""","=""Medium""","=""false"""
"=""vay tiền mặt mb bank""","=""20""","=""0.56""","=""5""","=""High""","=""false"""
"=""công ty hỗ trợ tài chính""","=""20""","=""0.53""","=""6""","=""Low""","=""false"""
"=""vay lãi nằm""","=""20""","=""1.17""","=""3""","=""Medium""","=""false"""
"=""hỗ trợ cho vay""","=""20""","=""1.14""","=""4""","=""Medium""","=""false"""
"=""vay kinh doanh tín chấp""","=""20""","=""1.48""","=""5""","=""Medium""","=""true"""
"=""vay bằng hợp đồng bảo hiểm nhân thọ""","=""20""","=""0.75""","=""8""","=""Medium""","=""false"""
"=""làm hồ sơ vay vốn ngân hàng""","=""20""","=""0.47""","=""7""","=""Medium""","=""false"""
"=""vay nhanh 6 triệu""","=""20""","=""0""","=""4""","=""Low""","=""false"""
"=""vay tiền từ thẻ tín dụng""","=""20""","=""1.51""","=""6""","=""Medium""","=""false"""
"=""ngân hàng vay tiền lãi suất thấp""","=""20""","=""0.96""","=""7""","=""High""","=""false"""
"=""vay vốn ngân hàng mua nhà""","=""20""","=""0""","=""6""","=""Low""","=""false"""
"=""can vay gap""","=""20""","=""0.81""","=""3""","=""High""","=""false"""
"=""vay ko the chap""","=""20""","=""0.63""","=""4""","=""High""","=""false"""
"=""vay gấp 2tr""","=""20""","=""1.31""","=""3""","=""High""","=""false"""
"=""vay tiền tại cửa hàng viettel""","=""20""","=""0.56""","=""6""","=""Medium""","=""false"""
"=""acb cho vay""","=""20""","=""0.44""","=""3""","=""Low""","=""false"""
"=""app an tâm vay""","=""20""","=""1.05""","=""4""","=""High""","=""true"""
"=""bảng lãi suất vay ngân hàng vietcombank""","=""20""","=""0""","=""7""","=""Low""","=""false"""
"=""cho vay hưu trí""","=""20""","=""0""","=""4""","=""Low""","=""false"""
"=""cho vay vpbank""","=""20""","=""0""","=""3""","=""Low""","=""false"""
"=""fe credit cho vay nặng lãi""","=""20""","=""0""","=""6""","=""Low""","=""false"""
"=""fiin vay tiền""","=""20""","=""0.75""","=""3""","=""Medium""","=""false"""
"=""hsbc vay thế chấp""","=""20""","=""0""","=""4""","=""Low""","=""false"""
"=""hỗ trợ tiêu dùng""","=""20""","=""0.97""","=""4""","=""Medium""","=""false"""
"=""lãi suất cho vay của mb bank""","=""20""","=""0""","=""7""","=""Low""","=""false"""
"=""lãi suất cho vay của sacombank""","=""20""","=""0""","=""6""","=""Low""","=""false"""
"=""lãi suất cho vay mua nhà các ngân hàng""","=""20""","=""0""","=""9""","=""Low""","=""false"""
"=""lãi suất cho vay pvcombank""","=""20""","=""0""","=""5""","=""Low""","=""false"""
"=""lãi suất ngân hàng fe credit""","=""20""","=""0.19""","=""6""","=""Medium""","=""false"""
"=""lãi suất ngân hàng mua nhà trả góp""","=""20""","=""0""","=""8""","=""Low""","=""false"""
"=""lãi suất ngân hàng vay mua xe""","=""20""","=""0""","=""7""","=""Low""","=""false"""
"=""lãi suất vay dài hạn vietcombank""","=""20""","=""0""","=""6""","=""Low""","=""false"""
"=""lãi suất vay mua nhà ngân hàng vietcombank""","=""20""","=""0""","=""8""","=""Low""","=""false"""
"=""lãi suất vay mua nhà sacombank""","=""20""","=""0""","=""6""","=""Low""","=""false"""
"=""lãi suất vay nam á bank""","=""20""","=""0""","=""6""","=""Low""","=""false"""
"=""lãi suất vay ngân hàng mua đất""","=""20""","=""0""","=""7""","=""Low""","=""false"""
"=""lãi suất vay thế chấp mb bank""","=""20""","=""0""","=""7""","=""Low""","=""true"""
"=""lãi suất vay thế chấp nhà""","=""20""","=""0""","=""6""","=""Low""","=""true"""
"=""lãi suất vay thế chấp sổ đỏ ngân hàng agribank""","=""20""","=""0""","=""10""","=""Low""","=""false"""
"=""lãi suất vay tại ngân hàng agribank""","=""20""","=""0""","=""7""","=""Low""","=""false"""
"=""lãi tín chấp""","=""20""","=""0""","=""3""","=""Low""","=""false"""
"=""mượn ngân hàng""","=""20""","=""0.32""","=""3""","=""Medium""","=""false"""
"=""ngan hang tin chap""","=""20""","=""0.57""","=""4""","=""Medium""","=""false"""
"=""nên vay tiền ở ngân hàng nào""","=""20""","=""0""","=""7""","=""Medium""","=""false"""
"=""nợ tín chấp""","=""20""","=""0""","=""3""","=""Low""","=""false"""
"=""quy trình cho vay của ngân hàng""","=""20""","=""0""","=""7""","=""Low""","=""false"""
"=""quỹ tín dụng nhân dân lãi suất""","=""20""","=""0""","=""7""","=""Low""","=""false"""
"=""senmo cho vay""","=""20""","=""1.47""","=""3""","=""High""","=""false"""
"=""shinhan bank cho vay""","=""20""","=""0.42""","=""4""","=""Medium""","=""false"""
"=""shinhan vay thế chấp""","=""20""","=""0""","=""4""","=""Low""","=""false"""
"=""sinh viên vay vốn""","=""20""","=""0""","=""4""","=""Low""","=""false"""
"=""sổ bảo hiểm xã hội có vay được tiền""","=""20""","=""0.69""","=""9""","=""Low""","=""false"""
"=""thế chấp và tín chấp""","=""20""","=""0""","=""5""","=""Low""","=""false"""
"=""thủ tục mua nhà vay ngân hàng""","=""20""","=""0""","=""7""","=""Low""","=""false"""
"=""thủ tục vay sổ đỏ ngân hàng agribank""","=""20""","=""0""","=""8""","=""Low""","=""false"""
"=""thủ tục vay tiền sinh viên""","=""20""","=""0""","=""6""","=""Low""","=""false"""
"=""thủ tục vay vpbank""","=""20""","=""0.27""","=""4""","=""Medium""","=""true"""
"=""tpbank vay mua nhà""","=""20""","=""0""","=""4""","=""Low""","=""false"""
"=""tín chấp techcombank""","=""20""","=""0.5""","=""3""","=""Medium""","=""false"""
"=""tín chấp tpbank""","=""20""","=""0.6""","=""3""","=""Low""","=""true"""
"=""tính khoản vay shinhan""","=""20""","=""0.78""","=""4""","=""Low""","=""false"""
"=""tổng đài thẻ tín dụng fe credit""","=""20""","=""0""","=""7""","=""Low""","=""false"""
"=""vay 200 triệu tín chấp""","=""20""","=""0.61""","=""5""","=""High""","=""true"""
"=""vay 3 triệu trả góp""","=""20""","=""2.11""","=""5""","=""Medium""","=""false"""
"=""vay 3 tỷ trong 30 năm""","=""20""","=""0""","=""6""","=""Low""","=""false"""
"=""vay 400 triệu trong 5 năm""","=""20""","=""0""","=""6""","=""Low""","=""true"""
"=""vay 50""","=""20""","=""0.84""","=""2""","=""Medium""","=""false"""
"=""vay bidv tín chấp""","=""20""","=""0.94""","=""4""","=""Medium""","=""false"""
"=""vay bằng hợp đồng bảo hiểm""","=""20""","=""0.85""","=""6""","=""Medium""","=""false"""
"=""vay góp đứng""","=""20""","=""0""","=""3""","=""Low""","=""false"""
"=""vay không tài sản đảm bảo""","=""20""","=""1.08""","=""6""","=""Medium""","=""true"""
"=""vay không tài sản đảm bảo mb""","=""20""","=""0.91""","=""7""","=""Medium""","=""true"""
"=""vay lãi ngân hàng mb""","=""20""","=""0.21""","=""5""","=""Low""","=""false"""
"=""vay lương hưu trí""","=""20""","=""0.34""","=""4""","=""Low""","=""false"""
"=""vay mb tín chấp""","=""20""","=""0.95""","=""4""","=""High""","=""false"""
"=""vay mua nhà ngân hàng bidv""","=""20""","=""0""","=""6""","=""Low""","=""false"""
"=""vay mua nhà standard chartered""","=""20""","=""0""","=""5""","=""Low""","=""false"""
"=""vay mua xe hơi""","=""20""","=""0.17""","=""4""","=""Low""","=""false"""
"=""vay mua đất bidv""","=""20""","=""0""","=""4""","=""Low""","=""false"""
"=""vay ngân hàng 30 triệu""","=""20""","=""1.15""","=""5""","=""Medium""","=""false"""
"=""vay ngân hàng 50 triệu""","=""20""","=""0.5""","=""5""","=""Medium""","=""false"""
"=""vay ngân hàng 500 triệu""","=""20""","=""0.2""","=""5""","=""Low""","=""false"""
"=""vay ngân hàng 500 triệu trong 10 năm""","=""20""","=""0""","=""8""","=""Low""","=""false"""
"=""vay ngân hàng bằng sổ bảo hiểm xã hội""","=""20""","=""0.42""","=""9""","=""Medium""","=""false"""
"=""vay ngân hàng bằng sổ lương""","=""20""","=""0""","=""6""","=""Low""","=""false"""
"=""vay ngân hàng kinh doanh""","=""20""","=""0.45""","=""5""","=""Low""","=""false"""
"=""vay ngân hàng ngắn hạn""","=""20""","=""0.78""","=""5""","=""Medium""","=""false"""
"=""vay ngân hàng thế chấp nhà""","=""20""","=""0""","=""6""","=""Low""","=""false"""
"=""vay ngân hàng tín dụng""","=""20""","=""1.33""","=""5""","=""Medium""","=""false"""
"=""vay qua hợp đồng bảo hiểm nhân thọ""","=""20""","=""0.68""","=""8""","=""Medium""","=""true"""
"=""vay sacombank không cần thế chấp""","=""20""","=""1.08""","=""6""","=""Medium""","=""false"""
"=""vay sổ lương""","=""20""","=""0.58""","=""3""","=""Medium""","=""false"""
"=""vay the chấp""","=""20""","=""0""","=""3""","=""Low""","=""false"""
"=""vay theo bảng lương techcombank""","=""20""","=""0.71""","=""5""","=""Medium""","=""false"""
"=""vay theo bảo hiểm nhân thọ vietcombank""","=""20""","=""0.79""","=""7""","=""Low""","=""false"""
"=""vay theo hóa đơn internet""","=""20""","=""2.56""","=""5""","=""Low""","=""false"""
"=""vay thinh vuong""","=""20""","=""1.43""","=""3""","=""Medium""","=""true"""
"=""vay thế chấp bảo hiểm nhân thọ""","=""20""","=""0.68""","=""7""","=""Medium""","=""false"""
"=""vay thế chấp ngân hàng chính sách xã hội""","=""20""","=""0""","=""9""","=""Low""","=""false"""
"=""vay thế chấp sổ đỏ shinhan bank""","=""20""","=""0""","=""7""","=""Low""","=""false"""
"=""vay thế chấp và tín chấp""","=""20""","=""0.26""","=""6""","=""Low""","=""false"""
"=""vay tien tren momo""","=""20""","=""1.12""","=""4""","=""Medium""","=""true"""
"=""vay tiêu dùng trên sacombank pay""","=""20""","=""0""","=""6""","=""Low""","=""false"""
"=""vay tiền bằng hợp đồng bảo hiểm nhân thọ""","=""20""","=""0""","=""9""","=""Medium""","=""false"""
"=""vay tiền của home credit có an toàn không""","=""20""","=""0.68""","=""9""","=""Low""","=""false"""
"=""vay tiền finizi""","=""20""","=""0.67""","=""3""","=""Medium""","=""false"""
"=""vay tiền hsbc""","=""20""","=""0.8""","=""3""","=""Medium""","=""true"""
"=""vay tiền mua nhà ngân hàng agribank""","=""20""","=""0""","=""7""","=""Low""","=""true"""
"=""vay tiền mặt shb""","=""20""","=""1.09""","=""4""","=""Medium""","=""false"""
"=""vay tiền qua app mbbank""","=""20""","=""1.02""","=""5""","=""Medium""","=""true"""
"=""vay tiền qua fe credit có tốt không""","=""20""","=""1.43""","=""8""","=""Medium""","=""false"""
"=""vay tiền qua my viettel""","=""20""","=""0.89""","=""5""","=""Medium""","=""true"""
"=""vay tiền sim vinaphone""","=""20""","=""1.33""","=""4""","=""Medium""","=""false"""
"=""vay tiền theo sim điện thoại""","=""20""","=""1.13""","=""6""","=""High""","=""false"""
"=""vay tiền ở bưu điện""","=""20""","=""0""","=""5""","=""Low""","=""false"""
"=""vay tpbank tín chấp""","=""20""","=""1.57""","=""4""","=""Medium""","=""false"""
"=""vay trả góp ngân hàng bidv""","=""20""","=""0""","=""6""","=""Low""","=""false"""
"=""vay tín dụng shinhan bank""","=""20""","=""0.37""","=""5""","=""High""","=""false"""
"=""vay vốn du học""","=""20""","=""1.13""","=""4""","=""Low""","=""false"""
"=""vay vốn ngân hàng hdbank""","=""20""","=""0.32""","=""5""","=""Medium""","=""false"""
"=""vay vốn sinh viên ngân hàng""","=""20""","=""0.56""","=""6""","=""Low""","=""false"""
"=""vay vốn tín chấp doanh nghiệp""","=""20""","=""1.86""","=""6""","=""Medium""","=""false"""
"=""vay xây nhà vietinbank""","=""20""","=""0""","=""4""","=""Low""","=""false"""
"=""vay đồng shop sun""","=""20""","=""0.68""","=""4""","=""Medium""","=""false"""
"=""vietcredit địa chỉ""","=""20""","=""0""","=""3""","=""Low""","=""false"""
"=""vpbank vay tín dụng""","=""20""","=""0.61""","=""4""","=""High""","=""false"""
"=""đang vay tiền có mua trả góp được không""","=""20""","=""0""","=""9""","=""Low""","=""false"""
"=""đi vay tiền""","=""20""","=""1""","=""3""","=""Medium""","=""false"""
"=""ưu đãi vay mua nhà""","=""20""","=""0""","=""5""","=""Low""","=""false"""
"=""vay 333""","=""10""","=""0.92""","=""2""","=""High""","=""false"""
"=""vay tiền qua the atm techcombank""","=""10""","=""0""","=""6""","=""Low""","=""false"""
"=""vay tiền bằng cavet xe không chính chủ""","=""10""","=""0.57""","=""8""","=""Medium""","=""false"""
"=""vay tiền bằng thẻ atm""","=""10""","=""1.34""","=""5""","=""Medium""","=""false"""
"=""cho vay cầm cố sổ bảo hiểm xã hội""","=""10""","=""0""","=""9""","=""Low""","=""false"""
"=""vay tiền qua thẻ atm""","=""10""","=""0""","=""5""","=""Medium""","=""false"""
"=""vay tiền fe bằng cmnd""","=""10""","=""0.37""","=""5""","=""Medium""","=""false"""
"=""cho vay tiền nóng toàn quốc""","=""10""","=""0""","=""6""","=""Low""","=""false"""
"=""vay bằng sổ hộ khẩu""","=""10""","=""0""","=""5""","=""High""","=""false"""
"=""vay tiền nhanh từ 18 tuổi""","=""10""","=""0.53""","=""6""","=""High""","=""false"""
"=""muốn vay tiền fe""","=""10""","=""0.68""","=""4""","=""High""","=""false"""
"=""vay 10tr bằng cmnd""","=""10""","=""0""","=""4""","=""High""","=""false"""
"=""vay tiền online cho người 18 tuổi""","=""10""","=""0""","=""7""","=""Medium""","=""false"""
"=""vay tiền đốc tơ đồng""","=""10""","=""0.54""","=""5""","=""High""","=""false"""
"=""vay theo sim vina""","=""10""","=""1.43""","=""4""","=""High""","=""true"""
"=""vay viettelpay""","=""10""","=""0.63""","=""2""","=""Medium""","=""false"""
"=""vay 10 triệu trả góp 6 tháng""","=""10""","=""2.53""","=""7""","=""Medium""","=""false"""
"=""hỗ trợ vay vốn kinh doanh""","=""10""","=""0.54""","=""6""","=""High""","=""false"""
"=""vay tiền theo bảo hiểm nhân thọ""","=""10""","=""0.6""","=""7""","=""Medium""","=""false"""
"=""vay tiền nhanh 365""","=""10""","=""0""","=""4""","=""Low""","=""false"""
"=""vay o dong""","=""10""","=""1.13""","=""3""","=""High""","=""false"""
"=""ngân hàng doctor đồng""","=""10""","=""0.91""","=""4""","=""High""","=""false"""
"=""ơi vay ios""","=""10""","=""0""","=""3""","=""High""","=""false"""
"=""công ty tài chính bưu điện cho vay""","=""10""","=""0""","=""8""","=""High""","=""false"""
"=""vay tiền bằng lái xe và cmnd""","=""10""","=""0""","=""7""","=""Low""","=""false"""
"=""vay fe credit chỉ cần cmnd""","=""10""","=""0""","=""6""","=""Low""","=""false"""
"=""vay tiền chỉ cần cmnd và hộ khẩu photo""","=""10""","=""0""","=""9""","=""Low""","=""false"""
"=""vay tiền bằng thẻ căn cước""","=""10""","=""0.41""","=""6""","=""High""","=""false"""
"=""vay tiền qua chứng minh thư""","=""10""","=""0""","=""6""","=""High""","=""false"""
"=""vay tiền trong đêm""","=""10""","=""0.97""","=""4""","=""Medium""","=""false"""
"=""vay tiền nhanh 5 phút""","=""10""","=""0.62""","=""5""","=""High""","=""true"""
"=""vay tiền đủ 18 tuổi""","=""10""","=""0.43""","=""5""","=""High""","=""false"""
"=""ho tro vay von kinh doanh khong the chap""","=""10""","=""0.46""","=""9""","=""High""","=""false"""
"=""vay tiền trên online""","=""10""","=""0.8""","=""4""","=""High""","=""false"""
"=""online vay""","=""10""","=""0.8""","=""2""","=""Medium""","=""true"""
"=""vay bằng đăng ký xe máy không chính chủ""","=""10""","=""1.26""","=""9""","=""High""","=""false"""
"=""vay tiền nhanh cho 18 tuổi""","=""10""","=""0""","=""6""","=""High""","=""false"""
"=""vay online tamo""","=""10""","=""0""","=""3""","=""Low""","=""false"""
"=""vay tiền mặt tín chấp""","=""10""","=""1.64""","=""5""","=""High""","=""false"""
"=""vay tiền bên viettel""","=""10""","=""0.57""","=""4""","=""Medium""","=""false"""
"=""and vay""","=""10""","=""0.51""","=""2""","=""Medium""","=""false"""
"=""vay siêu nhanh mb""","=""10""","=""0.75""","=""4""","=""Medium""","=""true"""
"=""ngân hàng nào cho người 18 tuổi vay""","=""10""","=""0.58""","=""8""","=""Medium""","=""true"""
"=""vay tiền trả góp fe""","=""10""","=""0.41""","=""5""","=""High""","=""false"""
"=""web vay tiền nhanh 24 7""","=""10""","=""0""","=""6""","=""Low""","=""false"""
"=""vay tien senmo""","=""10""","=""0""","=""3""","=""Low""","=""false"""
"=""vay vốn tín chấp vib""","=""10""","=""0""","=""5""","=""High""","=""false"""
"=""vay 200 triệu không cần thế chấp""","=""10""","=""0""","=""7""","=""Medium""","=""false"""
"=""vay tiền bằng passport""","=""10""","=""0.7""","=""4""","=""Medium""","=""false"""
"=""vay tiền ngân hàng tín chấp""","=""10""","=""1.33""","=""6""","=""High""","=""false"""
"=""vay tieu dung tin chap""","=""10""","=""0""","=""5""","=""Low""","=""false"""
"=""vay tiêu dùng online fe credit""","=""10""","=""0""","=""6""","=""Low""","=""false"""
"=""vay tiền online uy tín nhanh chóng""","=""10""","=""1.79""","=""7""","=""High""","=""true"""
"=""vay tiền ơi vay""","=""10""","=""0""","=""4""","=""Low""","=""false"""
"=""vay tiền vcash""","=""10""","=""0""","=""3""","=""Low""","=""false"""
"=""vay bằng thẻ bảo hiểm y tế""","=""10""","=""1.01""","=""7""","=""Medium""","=""false"""
"=""vay tiền tín chấp uy tín""","=""10""","=""1.35""","=""6""","=""High""","=""false"""
"=""vay von tieu dung""","=""10""","=""0.63""","=""4""","=""Medium""","=""false"""
"=""vay tiền không cần chứng minh nhân dân""","=""10""","=""0""","=""8""","=""High""","=""false"""
"=""vay tiền tiên phong""","=""10""","=""0.48""","=""4""","=""Low""","=""false"""
"=""vay tiền ngân hàng shinhan bank""","=""10""","=""0.37""","=""6""","=""Medium""","=""false"""
"=""có nên vay tiền ngân hàng vpbank""","=""10""","=""0""","=""7""","=""Low""","=""false"""
"=""vay lại doctor đồng""","=""10""","=""0""","=""4""","=""Low""","=""false"""
"=""cho vay chỉ cần cmnd""","=""10""","=""0""","=""5""","=""Low""","=""false"""
"=""cho sinh viên vay tiền""","=""10""","=""0""","=""5""","=""Low""","=""false"""
"=""vay vốn ngân hàng lãi suất thấp""","=""10""","=""1.05""","=""7""","=""Medium""","=""false"""
"=""vay theo giấy tờ xe""","=""10""","=""0""","=""5""","=""Low""","=""false"""
"=""vay theo bảo hiểm y tế fe credit""","=""10""","=""0""","=""8""","=""Medium""","=""false"""
"=""vay tiền bằng điện thoại""","=""10""","=""0.64""","=""5""","=""Medium""","=""false"""
"=""vay tiền theo hợp đồng bảo hiểm nhân thọ""","=""10""","=""0.59""","=""9""","=""Medium""","=""false"""
"=""vay tín dụng ngân hàng shinhan""","=""10""","=""0.31""","=""6""","=""High""","=""false"""
"=""ngân hàng cho vay tiền từ 18 tuổi""","=""10""","=""0.44""","=""8""","=""High""","=""false"""
"=""vay tiền qua hộ chiếu""","=""10""","=""0""","=""5""","=""Medium""","=""false"""
"=""vay tiền bên quân đội""","=""10""","=""0""","=""5""","=""Low""","=""false"""
"=""vay online vietcredit""","=""10""","=""0.69""","=""3""","=""Medium""","=""true"""
"=""vay tiên fe credit""","=""10""","=""0.45""","=""4""","=""Medium""","=""false"""
"=""vay tiền tín chấp vpbank""","=""10""","=""0.92""","=""5""","=""Medium""","=""false"""
"=""vay tiền chứng minh thư""","=""10""","=""0""","=""5""","=""Low""","=""false"""
"=""vay tiền bằng hợp đồng bảo hiểm""","=""10""","=""0.76""","=""7""","=""High""","=""false"""
"=""vay tiền tín chấp vietcombank""","=""10""","=""1.35""","=""5""","=""Medium""","=""false"""
"=""vay siêu nhanh trên app mb bank""","=""10""","=""0""","=""7""","=""Low""","=""false"""
"=""ngân hàng cho vay uy tín""","=""10""","=""1.77""","=""6""","=""High""","=""false"""
"=""vay tien dung""","=""10""","=""0.47""","=""3""","=""Medium""","=""true"""
"=""vay tiền nhanh gọn lẹ""","=""10""","=""0""","=""5""","=""High""","=""false"""
"=""vay tiền qua bưu điện""","=""10""","=""0.75""","=""5""","=""Medium""","=""false"""
"=""vay tien tin chap khong can chung minh thu nhap""","=""10""","=""0""","=""10""","=""Low""","=""false"""
"=""vay tiền bên shinhan bank""","=""10""","=""0.13""","=""5""","=""High""","=""false"""
"=""cho vay bằng đăng ký xe máy""","=""10""","=""1.06""","=""7""","=""High""","=""false"""
"=""vay vốn qua bảng lương""","=""10""","=""0.62""","=""5""","=""High""","=""false"""
"=""vay tiêu dùng sinh viên""","=""10""","=""1.08""","=""5""","=""Medium""","=""false"""
"=""vay tiền tín chấp mb bank""","=""10""","=""0.61""","=""6""","=""Medium""","=""false"""
"=""vay tiền cmnd bằng lái xe""","=""10""","=""0""","=""6""","=""Low""","=""false"""
"=""vay digital credit""","=""10""","=""0""","=""3""","=""Low""","=""false"""
"=""vay 20 triệu không chứng minh thu nhập""","=""10""","=""0""","=""8""","=""High""","=""false"""
"=""vay vốn ngân hàng tín chấp""","=""10""","=""0.72""","=""6""","=""High""","=""false"""
"=""vay tiền bằng chứng minh""","=""10""","=""0.24""","=""5""","=""High""","=""false"""
"=""vay tín dụng không cần chứng minh thu nhập""","=""10""","=""1.14""","=""9""","=""Medium""","=""false"""
"=""dịch vụ vay tiền online uy tín""","=""10""","=""1.13""","=""7""","=""High""","=""false"""
"=""vay vốn ngân hàng mb quân đội""","=""10""","=""0""","=""7""","=""Low""","=""false"""
"=""cho vay nóng gấp""","=""10""","=""0""","=""4""","=""High""","=""false"""
"=""thẻ vay""","=""10""","=""0""","=""2""","=""Low""","=""false"""
"=""vay tiền trên viettelpay""","=""10""","=""0""","=""4""","=""High""","=""false"""
"=""vay tiền nhanh không the chấp""","=""10""","=""0""","=""6""","=""Low""","=""false"""
"=""vay tien vamo""","=""10""","=""0""","=""3""","=""Low""","=""false"""
"=""vay liên việt""","=""10""","=""0.8""","=""3""","=""Medium""","=""false"""
"=""vay quân đội""","=""10""","=""1.02""","=""3""","=""Medium""","=""false"""
"=""vay qua lương hưu""","=""10""","=""0""","=""4""","=""Low""","=""false"""
"=""vay theo sổ lương hưu""","=""10""","=""0.41""","=""5""","=""Medium""","=""false"""
"=""vay tiền không cần thẩm định""","=""10""","=""0.91""","=""6""","=""High""","=""true"""
"=""vay theo đăng ký xe máy chính chủ""","=""10""","=""0""","=""8""","=""Medium""","=""false"""
"=""vay tiền bằng đăng ký xe không chính chủ""","=""10""","=""0.45""","=""9""","=""Medium""","=""false"""
"=""sendo cho vay tiền""","=""10""","=""0""","=""4""","=""High""","=""false"""
"=""vay tín dụng doanh nghiệp""","=""10""","=""1.17""","=""5""","=""Medium""","=""false"""
"=""vay tien kinh doanh""","=""10""","=""0.63""","=""4""","=""Medium""","=""false"""
"=""vay tiền bên ngân hàng quân đội""","=""10""","=""0""","=""7""","=""High""","=""false"""
"=""cho người chưa đủ 18 tuổi vay tiền""","=""10""","=""0""","=""8""","=""Low""","=""false"""
"=""vay tiền tiêu dùng vietcombank""","=""10""","=""0.32""","=""5""","=""Medium""","=""false"""
"=""vay tiền nhanh shinhan bank""","=""10""","=""0.52""","=""5""","=""High""","=""false"""
"=""app vay tiền không cần thẻ ngân hàng""","=""10""","=""0""","=""8""","=""Low""","=""false"""
"=""vay tiền bằng sổ lương hưu""","=""10""","=""0""","=""6""","=""Low""","=""false"""
"=""vay hộ kinh doanh cá thể""","=""10""","=""0.51""","=""6""","=""Medium""","=""false"""
"=""vay tiền ngân hàng vpbank online""","=""10""","=""0""","=""6""","=""Low""","=""false"""
"=""thủ tục vay tiền ngân hàng mb""","=""10""","=""0.27""","=""7""","=""Medium""","=""false"""
"=""vay fe tín chấp""","=""10""","=""0.31""","=""4""","=""Medium""","=""false"""
"=""vay 50 triệu trong 3 năm""","=""10""","=""2.34""","=""6""","=""High""","=""false"""
"=""19 tuổi vay tiền""","=""10""","=""0""","=""4""","=""Medium""","=""false"""
"=""20 tuổi có được vay tiền ngân hàng""","=""10""","=""0""","=""8""","=""Medium""","=""false"""
"=""akulaku vay tiền""","=""10""","=""0""","=""3""","=""Low""","=""false"""
"=""bưu điện cho vay tiền""","=""10""","=""0""","=""5""","=""Low""","=""false"""
"=""bảng lãi suất cho vay ngân hàng agribank""","=""10""","=""0""","=""8""","=""Low""","=""false"""
"=""bảng tính lãi suất vay ngân hàng vpbank""","=""10""","=""0""","=""8""","=""Low""","=""false"""
"=""bảo hiểm khoản vay thế chấp vpbank""","=""10""","=""0""","=""7""","=""Low""","=""false"""
"=""cash24 là của fe""","=""10""","=""0""","=""4""","=""Low""","=""false"""
"=""cho muon tien""","=""10""","=""0.81""","=""3""","=""Medium""","=""false"""
"=""cho trẻ dưới 18 tuổi vay tiền""","=""10""","=""0""","=""7""","=""Low""","=""false"""
"=""cho vay hd saison""","=""10""","=""0.31""","=""4""","=""Medium""","=""false"""
"=""cho vay hưu trí ngân hàng liên việt""","=""10""","=""0""","=""8""","=""Low""","=""false"""
"=""cho vay khong the chap""","=""10""","=""0""","=""5""","=""Low""","=""false"""
"=""cho vay không tín chấp""","=""10""","=""0""","=""5""","=""Medium""","=""false"""
"=""cho vay lãi đứng""","=""10""","=""0""","=""4""","=""Medium""","=""false"""
"=""cho vay mua nhà bidv""","=""10""","=""0""","=""5""","=""Low""","=""false"""
"=""cho vay mua nhà vietcombank""","=""10""","=""0""","=""5""","=""Low""","=""false"""
"=""cho vay mua oto""","=""10""","=""0""","=""4""","=""Low""","=""false"""
"=""cho vay sinh viên tpbank""","=""10""","=""0""","=""5""","=""Low""","=""false"""
"=""cho vay theo bảo hiểm xã hội""","=""10""","=""0""","=""7""","=""Low""","=""false"""
"=""cho vay thẻ tín dụng""","=""10""","=""0""","=""5""","=""Medium""","=""false"""
"=""cho vay tin dung""","=""10""","=""0""","=""4""","=""Low""","=""false"""
"=""cho vay tiêu dùng cá nhân""","=""10""","=""0""","=""6""","=""Low""","=""false"""
"=""cho vay tiêu dùng tín chấp""","=""10""","=""0.73""","=""6""","=""Medium""","=""false"""
"=""cho vay tiêu dùng vietinbank""","=""10""","=""0""","=""5""","=""Low""","=""false"""
"=""cho vay tiền bằng cmnd""","=""10""","=""0""","=""5""","=""Low""","=""false"""
"=""cho vay tiền gấp trong ngày""","=""10""","=""0""","=""6""","=""Low""","=""false"""
"=""cho vay tiền tín chấp""","=""10""","=""0""","=""5""","=""Low""","=""false"""
"=""chính sách cho vay của ngân hàng agribank""","=""10""","=""0""","=""8""","=""Low""","=""false"""
"=""cmnd có vay tiền được không""","=""10""","=""0""","=""6""","=""Low""","=""false"""
"=""crezu tín dụng""","=""10""","=""0""","=""3""","=""High""","=""false"""
"=""cà vẹt xe có cầm được không""","=""10""","=""0.64""","=""7""","=""Medium""","=""false"""
"=""các công ty vay tiêu dùng""","=""10""","=""0""","=""6""","=""High""","=""false"""
"=""các công ty vay trả góp""","=""10""","=""0""","=""6""","=""High""","=""false"""
"=""các hình thức cho vay của ngân hàng""","=""10""","=""0""","=""8""","=""Low""","=""false"""
"=""các hình thức vay the chấp ngân hàng""","=""10""","=""0""","=""8""","=""Low""","=""false"""
"=""các ngân hàng hỗ trợ trả góp""","=""10""","=""0""","=""7""","=""Medium""","=""false"""
"=""các ngân hàng hỗ trợ vay vốn cho sinh viên""","=""10""","=""0""","=""10""","=""Low""","=""false"""
"=""các thủ tục vay tiền ngân hàng""","=""10""","=""0""","=""7""","=""Low""","=""false"""
"=""các thủ tục vay vốn ngân hàng agribank""","=""10""","=""0""","=""8""","=""Low""","=""false"""
"=""có nên cho mượn tiền""","=""10""","=""0""","=""5""","=""Low""","=""false"""
"=""có nên mở thẻ vietcredit""","=""10""","=""0""","=""5""","=""Low""","=""false"""
"=""có nên vay 1 tỷ mua nhà""","=""10""","=""0""","=""7""","=""Low""","=""false"""
"=""có nên vay the chấp ngân hàng vpbank""","=""10""","=""0""","=""8""","=""Low""","=""false"""
"=""có nên vay tiêu dùng""","=""10""","=""0""","=""5""","=""Low""","=""false"""
"=""có nên vay tiền bên fe credit""","=""10""","=""0""","=""7""","=""Low""","=""false"""
"=""có nên vay tiền của fe credit""","=""10""","=""0""","=""7""","=""Low""","=""false"""
"=""có nên vay tiền của shinhan finance""","=""10""","=""0""","=""7""","=""Low""","=""false"""
"=""có nên vay tiền ngân hàng mua nhà không""","=""10""","=""0""","=""9""","=""Low""","=""false"""
"=""có nên vay tiền ngân hàng shinhan bank""","=""10""","=""0""","=""8""","=""Low""","=""false"""
"=""có nên vay tiền online""","=""10""","=""0""","=""5""","=""Low""","=""false"""
"=""có nên vay tín dụng""","=""10""","=""0""","=""5""","=""Low""","=""false"""
"=""công ty tài chính cho vay tiền mặt""","=""10""","=""0""","=""8""","=""Low""","=""false"""
"=""công ty tài chính credit""","=""10""","=""0""","=""5""","=""Low""","=""true"""
"=""công ty tài chính jaccs cho vay tiền mặt""","=""10""","=""1.32""","=""9""","=""Medium""","=""false"""
"=""công ty tín dụng fe credit""","=""10""","=""0""","=""6""","=""Low""","=""false"""
"=""công ty vay credit""","=""10""","=""0""","=""4""","=""Low""","=""false"""
"=""cầm bảo hiểm nhân thọ""","=""10""","=""0""","=""5""","=""Low""","=""false"""
"=""cầm sổ đỏ vay tiền""","=""10""","=""0""","=""5""","=""Medium""","=""false"""
"=""cần vay 20 triệu tín chấp trả góp 24 tháng""","=""10""","=""0""","=""10""","=""Low""","=""false"""
"=""cần vay tiền tín chấp""","=""10""","=""0""","=""5""","=""Low""","=""false"""
"=""dich vu vay tien""","=""10""","=""0""","=""4""","=""Low""","=""false"""
"=""doctor đồng cho vay""","=""10""","=""0""","=""4""","=""Low""","=""false"""
"=""doctor đồng của ngân hàng nào""","=""10""","=""0""","=""6""","=""Low""","=""false"""
"=""dịch vụ cho vay fe credit""","=""10""","=""0""","=""6""","=""High""","=""false"""
"=""dịch vụ cầm sổ bảo hiểm""","=""10""","=""0""","=""6""","=""Low""","=""false"""
"=""dịch vụ vay thế chấp""","=""10""","=""0""","=""5""","=""Low""","=""false"""
"=""dịch vụ vay tiền fe""","=""10""","=""0""","=""5""","=""High""","=""false"""
"=""dịch vụ vay tiền fe credit""","=""10""","=""0""","=""6""","=""Low""","=""false"""
"=""easy vay viettelpay""","=""10""","=""0""","=""3""","=""Low""","=""false"""
"=""fe credit vay tiêu dùng tín chấp""","=""10""","=""0""","=""7""","=""High""","=""false"""
"=""fe vay tiêu dùng tín chấp""","=""10""","=""0""","=""6""","=""Low""","=""false"""
"=""giáo viên vay vốn ngân hàng vietcombank""","=""10""","=""0""","=""7""","=""Low""","=""false"""
"=""giải ngân fe credit""","=""10""","=""0""","=""4""","=""Low""","=""true"""
"=""h5 vay là có""","=""10""","=""0""","=""4""","=""Low""","=""false"""
"=""ho tro vay tien mat""","=""10""","=""0""","=""5""","=""Medium""","=""false"""
"=""hop dong vay tin dung""","=""10""","=""0""","=""5""","=""Low""","=""false"""
"=""hsbc cho vay""","=""10""","=""0""","=""3""","=""Low""","=""false"""
"=""hình thức vay tiền online""","=""10""","=""0""","=""5""","=""High""","=""false"""
"=""hình thức vay tín dụng""","=""10""","=""0""","=""5""","=""Medium""","=""false"""
"=""hình thức vay tín dụng ngân hàng nào""","=""10""","=""0""","=""8""","=""Low""","=""false"""
"=""hướng dẫn vay doctor đồng""","=""10""","=""0""","=""5""","=""High""","=""false"""
"=""hướng dẫn vay tiền doctor đồng""","=""10""","=""0""","=""6""","=""Low""","=""false"""
"=""hướng dẫn vay tiền trên viettelpay""","=""10""","=""0""","=""6""","=""Low""","=""false"""
"=""hướng dẫn vay vốn ngân hàng""","=""10""","=""0.35""","=""6""","=""High""","=""false"""
"=""hồ sơ fe credit""","=""10""","=""0""","=""4""","=""Low""","=""false"""
"=""hồ sơ pháp lý vay vốn ngân hàng""","=""10""","=""0""","=""8""","=""Low""","=""false"""
"=""hồ sơ vay mcredit""","=""10""","=""0""","=""4""","=""Low""","=""false"""
"=""hồ sơ vay mua nhà""","=""10""","=""0""","=""5""","=""Low""","=""true"""
"=""hồ sơ vay tiêu dùng agribank""","=""10""","=""0""","=""6""","=""Low""","=""false"""
"=""hồ sơ vay tiền bị từ chối""","=""10""","=""0""","=""7""","=""Low""","=""false"""
"=""hồ sơ vay tín dụng""","=""10""","=""0""","=""5""","=""Low""","=""false"""
"=""hồ sơ vay vốn ngân hàng vietcombank""","=""10""","=""0""","=""7""","=""Low""","=""false"""
"=""hồ sơ vay vốn vietcombank""","=""10""","=""0""","=""5""","=""Medium""","=""false"""
"=""hỗ trợ giáo viên vay vốn mua nhà""","=""10""","=""0""","=""8""","=""Low""","=""false"""
"=""hỗ trợ sinh viên vay tiền""","=""10""","=""0""","=""6""","=""Low""","=""false"""
"=""hỗ trợ sinh viên vay vốn""","=""10""","=""2.05""","=""6""","=""Low""","=""false"""
"=""hỗ trợ vay mua nhà lãi suất thấp""","=""10""","=""0""","=""8""","=""Low""","=""false"""
"=""hỗ trợ vay tiền nhanh trong ngày""","=""10""","=""0""","=""7""","=""Low""","=""false"""
"=""hỗ trợ vay tiền online""","=""10""","=""0.8""","=""5""","=""High""","=""false"""
"=""hỗ trợ vay vốn ngân hàng bidv""","=""10""","=""0""","=""7""","=""Low""","=""false"""
"=""hỗ trợ vay vốn ngân hàng vietinbank""","=""10""","=""0""","=""7""","=""Medium""","=""false"""
"=""hỗ trợ vay vốn techcombank""","=""10""","=""0""","=""5""","=""Low""","=""false"""
"=""hỗ trợ vay vốn tín chấp""","=""10""","=""0""","=""6""","=""Low""","=""false"""
"=""hỗ trợ vay vốn vietinbank""","=""10""","=""0""","=""5""","=""High""","=""false"""
"=""hộ gia đình vay vốn ngân hàng""","=""10""","=""0""","=""7""","=""Medium""","=""false"""
"=""hợp đồng tín chấp""","=""10""","=""0""","=""4""","=""Low""","=""false"""
"=""hợp đồng vay tiền của fe credit""","=""10""","=""0""","=""7""","=""Low""","=""false"""
"=""hợp đồng vay tiền tín chấp""","=""10""","=""0""","=""6""","=""Low""","=""false"""
"=""k trả tiền fe""","=""10""","=""0""","=""4""","=""Low""","=""false"""
"=""khong tra tien vay tin dung""","=""10""","=""0""","=""6""","=""Low""","=""false"""
"=""không trả tiền fe có sao không""","=""10""","=""0""","=""7""","=""Low""","=""false"""
"=""kinh nghiệm vay tiền online""","=""10""","=""0""","=""5""","=""Medium""","=""false"""
"=""lai suat cho vay mua nha""","=""10""","=""0""","=""6""","=""Low""","=""false"""
"=""lai suat cho vay mua oto""","=""10""","=""0""","=""6""","=""Low""","=""false"""
"=""lai suat vay mua nha vietcombank""","=""10""","=""0""","=""6""","=""Low""","=""false"""
"=""lai suat vay mua oto""","=""10""","=""0""","=""5""","=""Low""","=""false"""
"=""lai suat vay ngan hang mua nha""","=""10""","=""0""","=""7""","=""Low""","=""false"""
"=""lai suat vay tin dung""","=""10""","=""0""","=""5""","=""Low""","=""false"""
"=""lala credit h5""","=""10""","=""0""","=""3""","=""Low""","=""false"""
"=""làm hồ sơ vay fe credit""","=""10""","=""0.43""","=""6""","=""High""","=""false"""
"=""làm hồ sơ vay tiền fe credit""","=""10""","=""0""","=""7""","=""Low""","=""false"""
"=""lãi suất cho vay của các công ty tài chính""","=""10""","=""0""","=""10""","=""Low""","=""false"""
"=""lãi suất cho vay kinh doanh của các ngân hàng""","=""10""","=""0""","=""10""","=""Low""","=""false"""
"=""lãi suất cho vay ngân hàng bidv 2021""","=""10""","=""0""","=""8""","=""Low""","=""false"""
"=""lãi suất cho vay ngân hàng maritime bank""","=""10""","=""0""","=""8""","=""Low""","=""false"""
"=""lãi suất cho vay ngân hàng scb""","=""10""","=""0""","=""7""","=""Low""","=""false"""
"=""lãi suất cho vay ngân hàng xây dựng""","=""10""","=""0""","=""8""","=""Low""","=""false"""
"=""lãi suất cho vay ngắn hạn của các ngân hàng""","=""10""","=""0""","=""10""","=""Low""","=""false"""
"=""lãi suất cho vay standard chartered""","=""10""","=""0""","=""6""","=""Low""","=""false"""
"=""lãi suất cho vay tiêu dùng vietcombank""","=""10""","=""0""","=""7""","=""Low""","=""false"""
"=""lãi suất mua nhà trả góp các ngân hàng""","=""10""","=""0""","=""9""","=""Low""","=""false"""
"=""lãi suất ngân hàng thấp""","=""10""","=""0""","=""5""","=""Low""","=""false"""
"=""lãi suất ngân hàng vietcombank cho vay mua nhà""","=""10""","=""0""","=""9""","=""Low""","=""false"""
"=""lãi suất ngân hàng vietinbank cho vay""","=""10""","=""0""","=""7""","=""Low""","=""false"""
"=""lãi suất thẻ fe credit""","=""10""","=""0""","=""5""","=""Low""","=""false"""
"=""lãi suất tiền vay ngân hàng mb""","=""10""","=""0""","=""7""","=""Low""","=""false"""
"=""lãi suất tín chấp mb bank""","=""10""","=""0""","=""6""","=""Low""","=""false"""
"=""lãi suất tín chấp shinhan""","=""10""","=""0""","=""5""","=""Low""","=""false"""
"=""lãi suất tín chấp techcombank""","=""10""","=""0""","=""5""","=""Low""","=""false"""
"=""lãi suất tín chấp vietcombank""","=""10""","=""0""","=""5""","=""Low""","=""false"""
"=""lãi suất vay bên fe credit""","=""10""","=""0""","=""6""","=""Low""","=""false"""
"=""lãi suất vay của ngân hàng mb bank""","=""10""","=""0""","=""8""","=""Low""","=""false"""
"=""lãi suất vay dài hạn ngân hàng vietcombank""","=""10""","=""0""","=""8""","=""Low""","=""false"""
"=""lãi suất vay không thế chấp""","=""10""","=""0.55""","=""6""","=""Medium""","=""false"""
"=""lãi suất vay kinh doanh ngân hàng vietcombank""","=""10""","=""0""","=""8""","=""Low""","=""false"""
"=""lãi suất vay mua nhà hsbc""","=""10""","=""0""","=""6""","=""Low""","=""true"""
"=""lãi suất vay mua nhà ngân hàng acb""","=""10""","=""0""","=""8""","=""Low""","=""false"""
"=""lãi suất vay ngân hàng 5 năm""","=""10""","=""0""","=""7""","=""Low""","=""false"""
"=""lãi suất vay ngân hàng agribank 2020""","=""10""","=""0""","=""7""","=""Low""","=""false"""
"=""lãi suất vay ngân hàng agribank thế chấp sổ đỏ""","=""10""","=""0""","=""10""","=""Low""","=""false"""
"=""lãi suất vay ngân hàng eximbank hiện nay""","=""10""","=""0""","=""8""","=""Low""","=""false"""
"=""lãi suất vay ngân hàng hsbc""","=""10""","=""0""","=""6""","=""Low""","=""false"""
"=""lãi suất vay ngân hàng hàng hải""","=""10""","=""0""","=""7""","=""Low""","=""false"""
"=""lãi suất vay ngân hàng maritime bank""","=""10""","=""0""","=""7""","=""Low""","=""false"""
"=""lãi suất vay ngân hàng sacombank 2021""","=""10""","=""0""","=""7""","=""Low""","=""false"""
"=""lãi suất vay ngân hàng saigonbank""","=""10""","=""0""","=""6""","=""Low""","=""false"""
"=""lãi suất vay ngân hàng techcombank mua nhà""","=""10""","=""0""","=""8""","=""Low""","=""false"""
"=""lãi suất vay ngân hàng tín chấp""","=""10""","=""0.42""","=""7""","=""Low""","=""true"""
"=""lãi suất vay nông nghiệp""","=""10""","=""0""","=""5""","=""Low""","=""true"""
"=""lãi suất vay online mb bank""","=""10""","=""0""","=""6""","=""Low""","=""false"""
"=""lãi suất vay sổ đỏ ngân hàng""","=""10""","=""0""","=""7""","=""Low""","=""false"""
"=""lãi suất vay the chấp ngân hàng vietinbank 2021""","=""10""","=""0""","=""9""","=""Low""","=""false"""
"=""lãi suất vay the chấp quỹ tín dụng""","=""10""","=""0""","=""8""","=""Low""","=""false"""
"=""lãi suất vay thế chấp ngân hàng hdbank""","=""10""","=""0""","=""8""","=""Low""","=""false"""
"=""lãi suất vay thế chấp quỹ tín dụng""","=""10""","=""0""","=""8""","=""Low""","=""false"""
"=""lãi suất vay tiêu dùng tín chấp techcombank""","=""10""","=""0""","=""8""","=""Low""","=""false"""
"=""lãi suất vay tín dụng ngân hàng""","=""10""","=""0""","=""7""","=""Low""","=""false"""
"=""lãi suất vay tín dụng techcombank""","=""10""","=""0""","=""6""","=""Low""","=""false"""
"=""lãi suất vay vốn ngân hàng techcombank""","=""10""","=""0""","=""7""","=""Low""","=""false"""
"=""lương fe credit""","=""10""","=""0""","=""3""","=""Low""","=""false"""
"=""lấy hợp đồng mcredit""","=""10""","=""0""","=""4""","=""Low""","=""false"""
"=""mcredit có thẩm định tại nhà không""","=""10""","=""0""","=""7""","=""Low""","=""false"""
"=""mua nhà ngân hàng hỗ trợ""","=""10""","=""0""","=""6""","=""Low""","=""false"""
"=""mua nhà nên vay ngân hàng nào""","=""10""","=""0""","=""7""","=""Low""","=""false"""
"=""mua xe trả góp không qua ngân hàng""","=""10""","=""0""","=""8""","=""Low""","=""false"""
"=""mua đất ngân hàng hỗ trợ""","=""10""","=""0""","=""6""","=""Low""","=""false"""
"=""muon vay tien ngan hang""","=""10""","=""0""","=""5""","=""High""","=""false"""
"=""muốn vay thêm fe credit""","=""10""","=""0.52""","=""5""","=""High""","=""false"""
"=""mượn 10 triệu""","=""10""","=""1.17""","=""3""","=""Low""","=""true"""
"=""mượn tiền bằng cmnd""","=""10""","=""0""","=""4""","=""Low""","=""false"""
"=""mượn tiền chỉ cần cmnd""","=""10""","=""0""","=""5""","=""Low""","=""false"""
"=""mượn tiền ngân hàng fe credit""","=""10""","=""0""","=""6""","=""Low""","=""false"""
"=""mượn tiền sinh viên""","=""10""","=""1.01""","=""4""","=""Low""","=""false"""
"=""mở thẻ vay""","=""10""","=""0""","=""3""","=""High""","=""false"""
"=""ngan hang cho vay khong the chap""","=""10""","=""0.6""","=""7""","=""High""","=""false"""
"=""ngan hang cho vay mua xe""","=""10""","=""0""","=""6""","=""Low""","=""false"""
"=""ngan hang cho vay tien""","=""10""","=""0.49""","=""5""","=""High""","=""false"""
"=""ngan hang cho vay von""","=""10""","=""0""","=""5""","=""Low""","=""false"""
"=""ngan hang tai chinh fecredit""","=""10""","=""0""","=""5""","=""Low""","=""false"""
"=""ngan hang vay tin dung""","=""10""","=""0""","=""5""","=""Low""","=""false"""
"=""ngân hàng agribank cho vay""","=""10""","=""0""","=""5""","=""Low""","=""false"""
"=""ngân hàng cho vay không thẩm định nhà""","=""10""","=""1.91""","=""8""","=""Medium""","=""false"""
"=""ngân hàng cho vay theo bảng lương""","=""10""","=""1.08""","=""7""","=""Medium""","=""true"""
"=""ngân hàng cho vay theo lương""","=""10""","=""0.55""","=""6""","=""Medium""","=""false"""
"=""ngân hàng fe credit là ngân hàng nào""","=""10""","=""0""","=""8""","=""Low""","=""false"""
"=""ngân hàng hd cho vay tiêu dùng""","=""10""","=""1.02""","=""7""","=""Medium""","=""false"""
"=""ngân hàng home credit so dien thoai""","=""10""","=""0""","=""7""","=""Low""","=""false"""
"=""ngân hàng hỗ trợ mua nhà""","=""10""","=""0""","=""6""","=""Low""","=""false"""
"=""ngân hàng hỗ trợ vay vốn kinh doanh""","=""10""","=""0""","=""8""","=""Low""","=""false"""
"=""ngân hàng mb cho vay tiêu dùng""","=""10""","=""0""","=""7""","=""Low""","=""false"""
"=""ngân hàng nào cho vay theo bảo hiểm nhân thọ""","=""10""","=""2.04""","=""10""","=""Medium""","=""false"""
"=""ngân hàng nào cho vay theo cavet xe máy""","=""10""","=""0""","=""9""","=""Low""","=""false"""
"=""ngân hàng phương đông cho vay""","=""10""","=""0""","=""6""","=""High""","=""false"""
"=""ngân hàng quân đôi mb""","=""10""","=""0""","=""5""","=""Low""","=""false"""
"=""ngân hàng quân đội vay trả góp""","=""10""","=""0.57""","=""7""","=""Medium""","=""false"""
"=""ngân hàng sacombank cho vay""","=""10""","=""0""","=""5""","=""Low""","=""false"""
"=""ngân hàng sacombank cho vay tiêu dùng""","=""10""","=""0""","=""7""","=""Medium""","=""false"""
"=""ngân hàng tpbank cho sinh viên vay""","=""10""","=""0""","=""7""","=""Low""","=""false"""
"=""ngân hàng tpbank fico""","=""10""","=""0""","=""4""","=""Low""","=""true"""
"=""ngân hàng vay tín dụng""","=""10""","=""1.1""","=""5""","=""High""","=""false"""
"=""ngân hàng vietcombank cho vay tiêu dùng""","=""10""","=""1.01""","=""7""","=""Medium""","=""false"""
"=""ngân hàng điện lực easy credit""","=""10""","=""0.72""","=""6""","=""Low""","=""true"""
"=""người cho vay tiền""","=""10""","=""0.35""","=""4""","=""Low""","=""false"""
"=""những người không nên cho vay tiền""","=""10""","=""0""","=""7""","=""Low""","=""false"""
"=""nên vay thế chấp hay tín chấp""","=""10""","=""0""","=""7""","=""Low""","=""false"""
"=""ola vay""","=""10""","=""0""","=""2""","=""Low""","=""false"""
"=""prudential cho vay khong can the chap""","=""10""","=""0""","=""7""","=""High""","=""false"""
"=""quy trình cho vay khách hàng cá nhân tại vietinbank""","=""10""","=""0""","=""10""","=""Low""","=""false"""
"=""quy trình cho vay tín dụng""","=""10""","=""0""","=""6""","=""Low""","=""false"""
"=""quy trình thẩm định shinhan bank""","=""10""","=""0""","=""6""","=""Low""","=""false"""
"=""quy trình thẩm định vay thế chấp tpbank""","=""10""","=""0""","=""8""","=""Low""","=""false"""
"=""sacombank vay the chap""","=""10""","=""0""","=""4""","=""Low""","=""false"""
"=""sacombank vay tín dụng""","=""10""","=""0""","=""4""","=""Medium""","=""false"""
"=""shb tín chấp""","=""10""","=""0.59""","=""3""","=""Medium""","=""false"""
"=""shinhan bank vay tin dung""","=""10""","=""0""","=""5""","=""Low""","=""false"""
"=""sinh viên vay tiền ngân hàng vpbank""","=""10""","=""0""","=""7""","=""Low""","=""false"""
"=""sinh viên vay vốn ngân hàng vietcombank""","=""10""","=""0""","=""7""","=""High""","=""false"""
"=""snap vay""","=""10""","=""0.63""","=""2""","=""Medium""","=""false"""
"=""sổ tạm trú có vay tiền được không""","=""10""","=""0""","=""8""","=""Low""","=""false"""
"=""thông tin công ty fe credit""","=""10""","=""0""","=""6""","=""Low""","=""false"""
"=""thông tin hợp đồng fe""","=""10""","=""0""","=""5""","=""Low""","=""false"""
"=""thấu chi là phương thức cho vay""","=""10""","=""0""","=""7""","=""Low""","=""false"""
"=""thẩm định shinhan finance""","=""10""","=""0""","=""4""","=""Low""","=""false"""
"=""thẻ ngân hàng có vay tiền được không""","=""10""","=""0""","=""8""","=""Low""","=""false"""
"=""thẻ tín chấp""","=""10""","=""0.68""","=""3""","=""Medium""","=""false"""
"=""thẻ vay tiêu dùng fe credit""","=""10""","=""0""","=""6""","=""Low""","=""false"""
"=""thẻ vay tiêu dùng tín chấp fe credit""","=""10""","=""0""","=""8""","=""Low""","=""false"""
"=""thẻ vay tiêu dùng vietcredit""","=""10""","=""0""","=""5""","=""Low""","=""false"""
"=""thời gian thẩm định hồ sơ vay""","=""10""","=""0""","=""7""","=""Low""","=""false"""
"=""thủ tục cho sinh viên vay vốn ngân hàng""","=""10""","=""0""","=""9""","=""Low""","=""false"""
"=""thủ tục cho vay""","=""10""","=""0""","=""4""","=""Low""","=""false"""
"=""thủ tục cho vay tiền""","=""10""","=""0""","=""5""","=""Low""","=""false"""
"=""thủ tục làm thấu chi agribank""","=""10""","=""0""","=""6""","=""Low""","=""false"""
"=""thủ tục vay easy credit""","=""10""","=""0""","=""5""","=""Medium""","=""false"""
"=""thủ tục vay mua xe ô tô""","=""10""","=""0""","=""7""","=""Low""","=""false"""
"=""thủ tục vay ngân hàng mua xe""","=""10""","=""0""","=""7""","=""Low""","=""false"""
"=""thủ tục vay online fe credit""","=""10""","=""0""","=""6""","=""Medium""","=""false"""
"=""thủ tục vay thấu chi ngân hàng agribank""","=""10""","=""0""","=""8""","=""Low""","=""false"""
"=""thủ tục vay thế chấp sổ đỏ ngân hàng bidv""","=""10""","=""0""","=""10""","=""Low""","=""false"""
"=""thủ tục vay tiêu dùng""","=""10""","=""0""","=""5""","=""Medium""","=""false"""
"=""thủ tục vay tiền bằng sổ đỏ""","=""10""","=""0.5""","=""7""","=""Medium""","=""false"""
"=""thủ tục vay tiền mua nhà""","=""10""","=""0""","=""6""","=""Low""","=""false"""
"=""thủ tục vay tiền mặt của hd saison""","=""10""","=""0""","=""8""","=""High""","=""false"""
"=""thủ tục vay tiền ngân hàng techcombank""","=""10""","=""0""","=""7""","=""Low""","=""false"""
"=""thủ tục vay trả góp""","=""10""","=""0""","=""5""","=""Medium""","=""false"""
"=""thủ tục vay tín dụng xã""","=""10""","=""0""","=""6""","=""Low""","=""false"""
"=""thủ tục vay vietcredit""","=""10""","=""0""","=""4""","=""Low""","=""false"""
"=""thủ tục vay vốn ngân hàng agribank bằng sổ đỏ""","=""10""","=""0""","=""10""","=""Low""","=""false"""
"=""thủ tục vay vốn ngân hàng mb""","=""10""","=""0.47""","=""7""","=""Low""","=""false"""
"=""thủ tục vay vốn ngân hàng tín chấp""","=""10""","=""0""","=""8""","=""Low""","=""false"""
"=""tim cho vay tien gap""","=""10""","=""0""","=""5""","=""Low""","=""false"""
"=""tin chap""","=""10""","=""0""","=""2""","=""Low""","=""false"""
"=""toi can vay tien gap""","=""10""","=""0""","=""5""","=""Low""","=""false"""
"=""tpbank tín chấp""","=""10""","=""0.75""","=""3""","=""Low""","=""false"""
"=""trusting social cho vay""","=""10""","=""0""","=""4""","=""Low""","=""false"""
"=""trả góp ngân hàng mb""","=""10""","=""0""","=""5""","=""Low""","=""false"""
"=""tín chấp bidv""","=""10""","=""0""","=""3""","=""Low""","=""false"""
"=""tín chấp fe credit""","=""10""","=""0""","=""4""","=""Low""","=""false"""
"=""tín chấp mb bank""","=""10""","=""0.59""","=""4""","=""Medium""","=""false"""
"=""tín chấp ngân hàng""","=""10""","=""0""","=""4""","=""Medium""","=""false"""
"=""tín chấp sacombank""","=""10""","=""0""","=""3""","=""Low""","=""false"""
"=""tín chấp shb""","=""10""","=""0""","=""3""","=""High""","=""false"""
"=""tín chấp shinhan""","=""10""","=""0.41""","=""3""","=""Medium""","=""false"""
"=""tín chấp shinhan bank""","=""10""","=""0.39""","=""4""","=""Medium""","=""true"""
"=""tín chấp tiêu dùng""","=""10""","=""0""","=""4""","=""High""","=""false"""
"=""tín chấp tp bank""","=""10""","=""0""","=""4""","=""Low""","=""false"""
"=""tín chấp vietcombank""","=""10""","=""0.47""","=""3""","=""Low""","=""false"""
"=""tín dụng tín chấp""","=""10""","=""0""","=""4""","=""Low""","=""false"""
"=""tôi muốn vay 10 triệu""","=""10""","=""1.51""","=""5""","=""High""","=""true"""
"=""tư vấn khách hàng fe credit""","=""10""","=""0""","=""6""","=""Low""","=""false"""
"=""tư vấn vay vốn ngân hàng agribank""","=""10""","=""0""","=""7""","=""Low""","=""false"""
"=""tổ chức tín dụng fe credit""","=""10""","=""0""","=""6""","=""Low""","=""false"""
"=""tổng đài cho vay fe credit""","=""10""","=""0""","=""6""","=""Low""","=""false"""
"=""vay 100 triệu tín chấp""","=""10""","=""2.07""","=""5""","=""High""","=""true"""
"=""vay 100 triệu vietcombank""","=""10""","=""0.58""","=""4""","=""Medium""","=""false"""
"=""vay 10tr trong ngày""","=""10""","=""9.02""","=""4""","=""Medium""","=""false"""
"=""vay 20 triệu agribank""","=""10""","=""0""","=""4""","=""Medium""","=""false"""
"=""vay 30 triệu ngân hàng bidv""","=""10""","=""0""","=""6""","=""Medium""","=""false"""
"=""vay 30 triệu trong 2 năm""","=""10""","=""0""","=""6""","=""Low""","=""false"""
"=""vay 300 triệu trong 5 năm mua ô tô""","=""10""","=""0""","=""9""","=""Low""","=""false"""
"=""vay 300 triệu tín chấp""","=""10""","=""0.82""","=""5""","=""Medium""","=""true"""
"=""vay 3333""","=""10""","=""0""","=""2""","=""Low""","=""false"""
"=""vay 400 triệu trong 15 năm agribank""","=""10""","=""0""","=""7""","=""Low""","=""false"""
"=""vay 400 triệu trong 20 năm""","=""10""","=""0""","=""6""","=""Low""","=""false"""
"=""vay 500 triệu trong 15 năm""","=""10""","=""0""","=""6""","=""Low""","=""false"""
"=""vay 500 triệu trong 20 năm""","=""10""","=""0""","=""6""","=""Low""","=""false"""
"=""vay 5tr trong ngày""","=""10""","=""0""","=""4""","=""Low""","=""false"""
"=""vay agribank tín chấp""","=""10""","=""0.68""","=""4""","=""Low""","=""false"""
"=""vay agribank xây nhà""","=""10""","=""0""","=""4""","=""Low""","=""false"""
"=""vay bee credit""","=""10""","=""2.96""","=""3""","=""Low""","=""false"""
"=""vay bảng lương techcombank""","=""10""","=""0""","=""4""","=""Low""","=""false"""
"=""vay bằng hóa đơn tiền điện""","=""10""","=""0""","=""6""","=""Medium""","=""false"""
"=""vay bằng hợp đồng trả góp""","=""10""","=""0""","=""6""","=""Low""","=""false"""
"=""vay ca nhan ngan hang vietcombank""","=""10""","=""0""","=""6""","=""Low""","=""false"""
"=""vay credit home""","=""10""","=""45.02""","=""3""","=""High""","=""false"""
"=""vay của doctor đồng""","=""10""","=""0""","=""4""","=""Low""","=""false"""
"=""vay của fe credit""","=""10""","=""0""","=""4""","=""Low""","=""false"""
"=""vay doanh nghiệp không thế chấp""","=""10""","=""1.82""","=""6""","=""Medium""","=""false"""
"=""vay doctor đồng không trả""","=""10""","=""0""","=""5""","=""Low""","=""false"""
"=""vay fe credit lãi suất""","=""10""","=""0.31""","=""5""","=""Medium""","=""false"""
"=""vay fe credit theo hợp đồng cũ""","=""10""","=""0""","=""7""","=""Low""","=""false"""
"=""vay h5 lala""","=""10""","=""0""","=""3""","=""Low""","=""false"""
"=""vay hub""","=""10""","=""0""","=""2""","=""Medium""","=""false"""
"=""vay hưu trí ngân hàng đông a""","=""10""","=""0""","=""7""","=""Low""","=""false"""
"=""vay hợp đồng bảo hiểm""","=""10""","=""0.73""","=""5""","=""Medium""","=""false"""
"=""vay khong tin chap vietinbank""","=""10""","=""0""","=""5""","=""Low""","=""false"""
"=""vay không thế chấp tp bank""","=""10""","=""0""","=""6""","=""High""","=""false"""
"=""vay không thế chấp vpbank""","=""10""","=""0.71""","=""5""","=""High""","=""false"""
"=""vay không tín chấp agribank""","=""10""","=""0""","=""5""","=""Low""","=""false"""
"=""vay không tín chấp bidv""","=""10""","=""0""","=""5""","=""Medium""","=""false"""
"=""vay không tín chấp lãi suất thấp""","=""10""","=""0""","=""7""","=""Low""","=""false"""
"=""vay không tín chấp mbbank""","=""10""","=""0""","=""5""","=""Medium""","=""false"""
"=""vay không tín chấp vietcombank""","=""10""","=""0.49""","=""5""","=""High""","=""false"""
"=""vay không tín chấp vpbank""","=""10""","=""1.11""","=""5""","=""High""","=""false"""
"=""vay ko the chap vietcombank""","=""10""","=""0""","=""5""","=""Low""","=""false"""
"=""vay lương sacombank""","=""10""","=""0""","=""3""","=""Medium""","=""false"""
"=""vay lương techcombank""","=""10""","=""0.45""","=""3""","=""Medium""","=""false"""
"=""vay lần 2 fe""","=""10""","=""0""","=""4""","=""Low""","=""false"""
"=""vay mbbank qua app""","=""10""","=""0""","=""4""","=""Medium""","=""false"""
"=""vay mua dat""","=""10""","=""0""","=""3""","=""Low""","=""false"""
"=""vay mua nhà 20 năm""","=""10""","=""0""","=""5""","=""Low""","=""false"""
"=""vay mua nhà không cần chứng minh thu nhập""","=""10""","=""0""","=""9""","=""Low""","=""false"""
"=""vay mua nhà lãi suất cố định""","=""10""","=""0""","=""7""","=""Low""","=""false"""
"=""vay mua nhà ngân hàng nào tốt""","=""10""","=""0""","=""7""","=""Low""","=""false"""
"=""vay mua nhà nên vay ngân hàng nào""","=""10""","=""0""","=""8""","=""Low""","=""false"""
"=""vay mua nhà trả góp vietcombank""","=""10""","=""0""","=""6""","=""Low""","=""false"""
"=""vay mua xe máy trả góp fe credit""","=""10""","=""0""","=""8""","=""Low""","=""false"""
"=""vay ngan hang quan doi""","=""10""","=""3.76""","=""5""","=""Medium""","=""false"""
"=""vay ngan hang shinhan bank""","=""10""","=""0""","=""5""","=""Low""","=""false"""
"=""vay ngay 24h""","=""10""","=""0""","=""3""","=""Low""","=""false"""
"=""vay ngân hàng 1 tỷ trong 15 năm""","=""10""","=""0""","=""8""","=""Low""","=""false"""
"=""vay ngân hàng 500 triệu trong 5 năm""","=""10""","=""0""","=""8""","=""Low""","=""false"""
"=""vay ngân hàng bằng bảo hiểm nhân thọ""","=""10""","=""0""","=""8""","=""Low""","=""false"""
"=""vay ngân hàng dài hạn""","=""10""","=""0.28""","=""5""","=""Medium""","=""false"""
"=""vay ngân hàng easy credit""","=""10""","=""0.72""","=""5""","=""High""","=""false"""
"=""vay ngân hàng eximbank""","=""10""","=""0""","=""4""","=""Low""","=""false"""
"=""vay ngân hàng không cần sổ đỏ""","=""10""","=""0""","=""7""","=""Low""","=""false"""
"=""vay ngân hàng không tín chấp""","=""10""","=""0.49""","=""6""","=""Medium""","=""false"""
"=""vay ngân hàng mua nhà lãi suất""","=""10""","=""0""","=""7""","=""Low""","=""false"""
"=""vay ngân hàng mua nhà đất""","=""10""","=""0""","=""6""","=""Low""","=""false"""
"=""vay ngân hàng phương đông""","=""10""","=""0""","=""5""","=""Low""","=""false"""
"=""vay ngân hàng scb""","=""10""","=""0.95""","=""4""","=""Medium""","=""false"""
"=""vay ngân hàng shb có dễ không""","=""10""","=""0.26""","=""7""","=""Low""","=""false"""
"=""vay ngân hàng theo bảo hiểm nhân thọ""","=""10""","=""0""","=""8""","=""Low""","=""false"""
"=""vay ngân hàng thế chấp bảng lương""","=""10""","=""0""","=""7""","=""Medium""","=""false"""
"=""vay ngân hàng tín chấp vietcombank""","=""10""","=""0.23""","=""6""","=""Medium""","=""false"""
"=""vay ngân hàng vietcombank theo bảng lương""","=""10""","=""0""","=""7""","=""Low""","=""false"""
"=""vay ngân hàng đông á""","=""10""","=""1.48""","=""5""","=""Medium""","=""false"""
"=""vay ngắn hạn và dài hạn""","=""10""","=""0""","=""6""","=""Low""","=""true"""
"=""vay nhiều ngân hàng có được không""","=""10""","=""0""","=""7""","=""Low""","=""false"""
"=""vay nóng trả góp""","=""10""","=""1.31""","=""4""","=""High""","=""false"""
"=""vay nóng tín chấp""","=""10""","=""0""","=""4""","=""High""","=""false"""
"=""vay prudential finance""","=""10""","=""0.81""","=""3""","=""Medium""","=""false"""
"=""vay prudential không trả""","=""10""","=""0""","=""4""","=""Low""","=""false"""
"=""vay qua atm""","=""10""","=""0""","=""3""","=""Low""","=""false"""
"=""vay qua chứng minh thư""","=""10""","=""0""","=""5""","=""Medium""","=""false"""
"=""vay qua cà vẹt xe""","=""10""","=""0""","=""5""","=""High""","=""false"""
"=""vay qua lương tiền mặt""","=""10""","=""0""","=""5""","=""Low""","=""false"""
"=""vay qua sim trả sau""","=""10""","=""0""","=""5""","=""Low""","=""false"""
"=""vay qua đăng ký xe không chính chủ""","=""10""","=""1.26""","=""8""","=""Medium""","=""false"""
"=""vay scash""","=""10""","=""0.44""","=""2""","=""Medium""","=""false"""
"=""vay sinh viên fe credit""","=""10""","=""0""","=""5""","=""Low""","=""false"""
"=""vay siêu nhanh trên app mb""","=""10""","=""0""","=""6""","=""Medium""","=""false"""
"=""vay siêu tốc tín chấp""","=""10""","=""0""","=""5""","=""Low""","=""false"""
"=""vay so do""","=""10""","=""0""","=""3""","=""Low""","=""false"""
"=""vay sổ hộ khẩu và cmnd""","=""10""","=""0""","=""6""","=""Low""","=""false"""
"=""vay sổ đỏ ngân hàng nào rẻ""","=""10""","=""0""","=""7""","=""Low""","=""false"""
"=""vay tamo không trả""","=""10""","=""0""","=""4""","=""Low""","=""false"""
"=""vay the""","=""10""","=""1.14""","=""2""","=""Medium""","=""false"""
"=""vay the chap acb""","=""10""","=""0""","=""4""","=""Low""","=""false"""
"=""vay the chap bao hiem nhan tho""","=""10""","=""0""","=""7""","=""Low""","=""false"""
"=""vay the chap cavet xe""","=""10""","=""0""","=""5""","=""High""","=""false"""
"=""vay the chap hsbc""","=""10""","=""0""","=""4""","=""Low""","=""false"""
"=""vay the chap lai suat thap""","=""10""","=""0""","=""6""","=""Low""","=""false"""
"=""vay the chap luong""","=""10""","=""0""","=""4""","=""Low""","=""false"""
"=""vay the chap mua nha""","=""10""","=""0""","=""5""","=""Low""","=""false"""
"=""vay the chap ngan hang hsbc""","=""10""","=""0""","=""6""","=""Low""","=""false"""
"=""vay the chap ngan hang quan doi""","=""10""","=""0""","=""7""","=""Low""","=""false"""
"=""vay the chap ngan hang shinhan bank""","=""10""","=""0""","=""7""","=""Low""","=""false"""
"=""vay the chap ngan hang vietcombank""","=""10""","=""0.45""","=""6""","=""Medium""","=""false"""
"=""vay the chap ngan hang vpbank""","=""10""","=""0""","=""6""","=""Low""","=""false"""
"=""vay the chap sacombank""","=""10""","=""0""","=""4""","=""Medium""","=""false"""
"=""vay the chap techcombank""","=""10""","=""0.56""","=""4""","=""Medium""","=""false"""
"=""vay the chap vpbank""","=""10""","=""0""","=""4""","=""Low""","=""false"""
"=""vay the chấp agribank""","=""10""","=""1.71""","=""4""","=""Medium""","=""false"""
"=""vay the chấp ngân hàng""","=""10""","=""0.36""","=""5""","=""Medium""","=""false"""
"=""vay the chấp ngân hàng sacombank""","=""10""","=""0""","=""6""","=""Low""","=""false"""
"=""vay the chấp ngân hàng shinhan bank""","=""10""","=""0""","=""7""","=""Low""","=""false"""
"=""vay the chấp ngân hàng vpbank""","=""10""","=""0""","=""6""","=""Low""","=""false"""
"=""vay the chấp sacombank""","=""10""","=""0""","=""4""","=""Medium""","=""false"""
"=""vay the chấp sổ hồng vietcombank""","=""10""","=""0""","=""6""","=""Low""","=""false"""
"=""vay the chấp sổ đỏ tại quỹ tín dụng""","=""10""","=""0""","=""9""","=""Low""","=""false"""
"=""vay the chấp techcombank""","=""10""","=""0""","=""4""","=""Low""","=""false"""
"=""vay the chấp tpbank""","=""10""","=""0""","=""4""","=""Low""","=""false"""
"=""vay the chấp vib""","=""10""","=""0""","=""4""","=""High""","=""false"""
"=""vay the chấp vietinbank""","=""10""","=""0""","=""4""","=""Low""","=""false"""
"=""vay the chấp vpbank""","=""10""","=""0""","=""4""","=""Medium""","=""false"""
"=""vay theo bao hiem nhan tho""","=""10""","=""0""","=""6""","=""Medium""","=""false"""
"=""vay theo bảng lương ngân hàng shinhan bank""","=""10""","=""0.17""","=""8""","=""Medium""","=""false"""
"=""vay theo bảng lương tiền mặt""","=""10""","=""0""","=""6""","=""Medium""","=""false"""
"=""vay theo bảo hiểm""","=""10""","=""1.21""","=""4""","=""Medium""","=""false"""
"=""vay theo bảo hiểm nhân thọ agribank""","=""10""","=""0""","=""7""","=""Low""","=""false"""
"=""vay theo bảo hiểm nhân thọ chubb life""","=""10""","=""1.13""","=""8""","=""High""","=""false"""
"=""vay theo bảo hiểm nhân thọ dưới 1 năm""","=""10""","=""0""","=""9""","=""Low""","=""false"""
"=""vay theo bảo hiểm nhân thọ prudential""","=""10""","=""0""","=""7""","=""Low""","=""false"""
"=""vay theo bảo hiểm nhân thọ shb""","=""10""","=""0""","=""7""","=""Low""","=""false"""
"=""vay theo bảo hiểm nhân thọ techcombank""","=""10""","=""0""","=""7""","=""Medium""","=""false"""
"=""vay theo bảo hiểm y tế shb""","=""10""","=""0""","=""7""","=""Low""","=""false"""
"=""vay theo cavet xe máy chính chủ""","=""10""","=""0""","=""7""","=""Low""","=""false"""
"=""vay theo cavet xe máy không chính chủ""","=""10""","=""0""","=""8""","=""High""","=""false"""
"=""vay theo cavet xe oto""","=""10""","=""0""","=""5""","=""Medium""","=""false"""
"=""vay theo cavet xe vpbank""","=""10""","=""0""","=""5""","=""Low""","=""false"""
"=""vay theo giay phep kinh doanh""","=""10""","=""0.82""","=""6""","=""Medium""","=""false"""
"=""vay theo giấy phép kinh doanh vietcombank""","=""10""","=""0""","=""7""","=""Low""","=""false"""
"=""vay theo hợp đồng bảo hiểm""","=""10""","=""1.38""","=""6""","=""Medium""","=""false"""
"=""vay theo hợp đồng cũ fe""","=""10""","=""0""","=""6""","=""Low""","=""false"""
"=""vay theo hợp đồng tín chấp cũ""","=""10""","=""0""","=""7""","=""Low""","=""false"""
"=""vay theo hợp đồng tín chấp cũ fe credit""","=""10""","=""0""","=""9""","=""Low""","=""false"""
"=""vay theo hợp đồng tín dụng cũ mcredit""","=""10""","=""0""","=""8""","=""Low""","=""false"""
"=""vay theo iphone""","=""10""","=""0""","=""3""","=""High""","=""false"""
"=""vay theo luong bidv""","=""10""","=""0""","=""4""","=""High""","=""false"""
"=""vay theo luong shinhan""","=""10""","=""0""","=""4""","=""Low""","=""false"""
"=""vay theo lương agribank 2021""","=""10""","=""0""","=""5""","=""Low""","=""false"""
"=""vay theo lương hưu agribank""","=""10""","=""0""","=""5""","=""Low""","=""false"""
"=""vay theo lương ngân hàng shinhan bank""","=""10""","=""0.44""","=""7""","=""Medium""","=""false"""
"=""vay theo sim fe""","=""10""","=""0""","=""4""","=""Low""","=""false"""
"=""vay theo sim viettel ngân hàng quân đội""","=""10""","=""0""","=""8""","=""Low""","=""false"""
"=""vay theo thẻ bảo hiểm y tế""","=""10""","=""0""","=""7""","=""High""","=""false"""
"=""vay theo thẻ tín dụng shinhan""","=""10""","=""0""","=""6""","=""Low""","=""false"""
"=""vay theo thẻ tín dụng vpbank""","=""10""","=""0""","=""6""","=""Low""","=""false"""
"=""vay theo đăng ký kinh doanh""","=""10""","=""0.45""","=""6""","=""High""","=""false"""
"=""vay thấu chi tín chấp vietcombank""","=""10""","=""0""","=""6""","=""Medium""","=""false"""
"=""vay thế chấp citibank""","=""10""","=""0""","=""4""","=""Low""","=""false"""
"=""vay thế chấp eximbank""","=""10""","=""0""","=""4""","=""Low""","=""false"""
"=""vay thế chấp homecredit""","=""10""","=""0.35""","=""4""","=""Medium""","=""false"""
"=""vay thế chấp lương agribank""","=""10""","=""0""","=""5""","=""Low""","=""false"""
"=""vay thế chấp lương bidv""","=""10""","=""0""","=""5""","=""Low""","=""false"""
"=""vay thế chấp lương mb""","=""10""","=""0""","=""5""","=""Low""","=""false"""
"=""vay thế chấp lương ngân hàng agribank""","=""10""","=""0""","=""7""","=""Low""","=""false"""
"=""vay thế chấp lương vietcombank""","=""10""","=""0""","=""5""","=""Low""","=""false"""
"=""vay thế chấp lương vietinbank""","=""10""","=""0""","=""5""","=""Low""","=""false"""
"=""vay thế chấp ngân hàng eximbank""","=""10""","=""0""","=""6""","=""Low""","=""false"""
"=""vay thế chấp ngân hàng kiên long""","=""10""","=""0""","=""7""","=""Low""","=""false"""
"=""vay thế chấp ngân hàng nào uy tín""","=""10""","=""0""","=""8""","=""High""","=""false"""
"=""vay thế chấp ngân hàng quân đội""","=""10""","=""0""","=""7""","=""Low""","=""false"""
"=""vay thế chấp ngân hàng shb""","=""10""","=""0""","=""6""","=""Low""","=""false"""
"=""vay thế chấp nhà đất agribank""","=""10""","=""0""","=""6""","=""Low""","=""false"""
"=""vay thế chấp qua lương""","=""10""","=""0""","=""5""","=""Low""","=""false"""
"=""vay thế chấp quỹ tín dụng""","=""10""","=""0""","=""6""","=""Low""","=""false"""
"=""vay thế chấp shinhan finance""","=""10""","=""0""","=""5""","=""Medium""","=""false"""
"=""vay thế chấp standard chartered""","=""10""","=""0""","=""5""","=""Low""","=""false"""
"=""vay thế chấp sổ hồng không chính chủ""","=""10""","=""0""","=""8""","=""Low""","=""true"""
"=""vay thế chấp sổ đỏ acb""","=""10""","=""0""","=""6""","=""Low""","=""false"""
"=""vay thế chấp sổ đỏ quỹ tín dụng""","=""10""","=""0""","=""8""","=""Low""","=""false"""
"=""vay thế chấp sổ đỏ tại quỹ tín dụng""","=""10""","=""0""","=""9""","=""Low""","=""false"""
"=""vay thế chấp tp bank""","=""10""","=""0""","=""5""","=""Low""","=""false"""
"=""vay thế chấp tại shinhan bank""","=""10""","=""0""","=""6""","=""Low""","=""false"""
"=""vay thế chấp uy tín""","=""10""","=""0""","=""5""","=""High""","=""false"""
"=""vay tien bang the atm""","=""10""","=""0""","=""5""","=""High""","=""false"""
"=""vay tien cashwagon""","=""10""","=""0""","=""3""","=""Low""","=""false"""
"=""vay tien cavet xe khong chinh chu""","=""10""","=""0""","=""7""","=""Medium""","=""false"""
"=""vay tien khong can chung minh thu nhap""","=""10""","=""0.79""","=""8""","=""High""","=""false"""
"=""vay tien khong can the chap""","=""10""","=""1.45""","=""6""","=""High""","=""false"""
"=""vay tien lai suat 0""","=""10""","=""0""","=""5""","=""Low""","=""false"""
"=""vay tien lai thap""","=""10""","=""0""","=""4""","=""High""","=""false"""
"=""vay tien mat tin chap""","=""10""","=""0""","=""5""","=""Low""","=""false"""
"=""vay tien mbbank""","=""10""","=""0""","=""3""","=""Low""","=""false"""
"=""vay tien moneyveo""","=""10""","=""0""","=""3""","=""High""","=""false"""
"=""vay tien mua dat""","=""10""","=""0""","=""4""","=""Low""","=""false"""
"=""vay tien ngan hang agribank""","=""10""","=""0.41""","=""5""","=""Medium""","=""false"""
"=""vay tien ngan hang khong can the chap""","=""10""","=""0""","=""8""","=""Low""","=""false"""
"=""vay tien ngan hang mua dat""","=""10""","=""0""","=""6""","=""Low""","=""false"""
"=""vay tien ngan hang tin chap""","=""10""","=""0""","=""6""","=""Low""","=""false"""
"=""vay tien nhanh bang cmnd""","=""10""","=""0""","=""5""","=""Low""","=""false"""
"=""vay tien nhanh fe""","=""10""","=""0""","=""4""","=""Low""","=""false"""
"=""vay tien nhanh momo""","=""10""","=""1.58""","=""4""","=""Medium""","=""false"""
"=""vay tien qua luong""","=""10""","=""0.67""","=""4""","=""Medium""","=""false"""
"=""vay tien sacombank""","=""10""","=""0.46""","=""3""","=""Medium""","=""false"""
"=""vay tien theo luong""","=""10""","=""0.76""","=""4""","=""High""","=""false"""
"=""vay tien tieu tet""","=""10""","=""0""","=""4""","=""Low""","=""false"""
"=""vay tien tin chap ngan hang""","=""10""","=""0""","=""6""","=""Low""","=""false"""
"=""vay tien tin chap tai agribank""","=""10""","=""0""","=""6""","=""Low""","=""false"""
"=""vay tien tin chap vietinbank""","=""10""","=""0""","=""5""","=""Low""","=""false"""
"=""vay tien uvay""","=""10""","=""0""","=""3""","=""Medium""","=""false"""
"=""vay tien viettelpay""","=""10""","=""0""","=""3""","=""Medium""","=""false"""
"=""vay tieu dung acb tin chap""","=""10""","=""0""","=""6""","=""Low""","=""false"""
"=""vay tieu dung ca nhan""","=""10""","=""0.64""","=""5""","=""High""","=""false"""
"=""vay tieu dung homecredit""","=""10""","=""0""","=""4""","=""Low""","=""false"""
"=""vay tieu dung khong the chap""","=""10""","=""0""","=""6""","=""High""","=""false"""
"=""vay tieu dung lai suat thap""","=""10""","=""0.77""","=""6""","=""High""","=""false"""
"=""vay tieu dung mb""","=""10""","=""0.41""","=""4""","=""Medium""","=""false"""
"=""vay tieu dung the chap""","=""10""","=""0""","=""5""","=""Medium""","=""false"""
"=""vay tieu dung tin chap fecredit""","=""10""","=""0""","=""6""","=""Low""","=""false"""
"=""vay tin dung acb""","=""10""","=""0""","=""4""","=""Low""","=""false"""
"=""vay tin dung agribank""","=""10""","=""0""","=""4""","=""Low""","=""false"""
"=""vay tin dung bidv""","=""10""","=""0""","=""4""","=""Low""","=""false"""
"=""vay tin dung fe""","=""10""","=""0""","=""4""","=""Low""","=""false"""
"=""vay tin dung home credit""","=""10""","=""0""","=""5""","=""Low""","=""false"""
"=""vay tin dung khong the chap""","=""10""","=""0""","=""6""","=""Low""","=""false"""
"=""vay tin dung mb bank""","=""10""","=""0""","=""5""","=""Low""","=""false"""
"=""vay tin dung ngan hang quan doi""","=""10""","=""0""","=""7""","=""Low""","=""false"""
"=""vay tin dung nhanh""","=""10""","=""0""","=""4""","=""Medium""","=""false"""
"=""vay tin dung online""","=""10""","=""0""","=""4""","=""Low""","=""false"""
"=""vay tin dung sacombank""","=""10""","=""0""","=""4""","=""Low""","=""false"""
"=""vay tin dung shinhan""","=""10""","=""0""","=""4""","=""Low""","=""false"""
"=""vay tin dung shinhan bank""","=""10""","=""0""","=""5""","=""Low""","=""false"""
"=""vay tin dung techcombank""","=""10""","=""0""","=""4""","=""Low""","=""false"""
"=""vay tin dung vietinbank""","=""10""","=""0""","=""4""","=""Low""","=""false"""
"=""vay tin dung vp bank""","=""10""","=""0""","=""5""","=""Low""","=""false"""
"=""vay tiêu dùng credit""","=""10""","=""0.97""","=""4""","=""Medium""","=""false"""
"=""vay tiêu dùng cá nhân không the chấp""","=""10""","=""0""","=""8""","=""Low""","=""false"""
"=""vay tiêu dùng không tín chấp""","=""10""","=""1.45""","=""6""","=""Medium""","=""false"""
"=""vay tiêu dùng ngân hàng tiên phong""","=""10""","=""0""","=""7""","=""High""","=""false"""
"=""vay tiêu dùng prudential""","=""10""","=""0""","=""4""","=""Low""","=""false"""
"=""vay tiêu dùng qua sim viettel""","=""10""","=""0""","=""6""","=""High""","=""false"""
"=""vay tiêu dùng tín chấp acb""","=""10""","=""0.49""","=""6""","=""Medium""","=""false"""
"=""vay tiêu dùng tín chấp agribank""","=""10""","=""0""","=""6""","=""Low""","=""false"""
"=""vay tiêu dùng tín chấp cá nhân""","=""10""","=""0""","=""7""","=""Low""","=""false"""
"=""vay tiêu dùng tín chấp fe credit""","=""10""","=""0""","=""7""","=""Low""","=""false"""
"=""vay tiêu dùng tín chấp hd saison""","=""10""","=""0""","=""7""","=""Low""","=""false"""
"=""vay tiêu dùng tín chấp homecredit""","=""10""","=""0""","=""6""","=""Low""","=""false"""
"=""vay tiêu dùng tín chấp không chứng minh thu nhập""","=""10""","=""0.64""","=""10""","=""High""","=""false"""
"=""vay tiêu dùng tín chấp lãi suất thấp""","=""10""","=""0.91""","=""8""","=""High""","=""false"""
"=""vay tiêu dùng tín chấp mb bank""","=""10""","=""0.22""","=""7""","=""Medium""","=""false"""
"=""vay tiêu dùng tín chấp oceanbank""","=""10""","=""0""","=""6""","=""Low""","=""false"""
"=""vay tiêu dùng tín chấp sacombank""","=""10""","=""1.43""","=""6""","=""Medium""","=""false"""
"=""vay tiêu dùng tín chấp shinhan bank""","=""10""","=""0""","=""7""","=""Medium""","=""false"""
"=""vay tiêu dùng tín chấp tpbank""","=""10""","=""0""","=""6""","=""Low""","=""false"""
"=""vay tiêu dùng tín chấp vib""","=""10""","=""0""","=""6""","=""Low""","=""false"""
"=""vay tiêu dùng tín chấp vietcombank""","=""10""","=""0""","=""6""","=""Low""","=""false"""
"=""vay tiêu dùng tín chấp vietinbank""","=""10""","=""0.59""","=""6""","=""Medium""","=""false"""
"=""vay tiêu dùng tín chấp vpbank""","=""10""","=""0""","=""6""","=""Low""","=""false"""
"=""vay tiêu dùng viettelpay""","=""10""","=""0""","=""4""","=""Low""","=""false"""
"=""vay tiền 68""","=""10""","=""0""","=""3""","=""Medium""","=""false"""
"=""vay tiền agribank theo lương""","=""10""","=""0""","=""5""","=""Low""","=""false"""
"=""vay tiền bang chung minh""","=""10""","=""0""","=""5""","=""Low""","=""false"""
"=""vay tiền bên bảo hiểm aia""","=""10""","=""0""","=""6""","=""Low""","=""false"""
"=""vay tiền bên home""","=""10""","=""0.65""","=""4""","=""Medium""","=""false"""
"=""vay tiền bên phụ nữ""","=""10""","=""0""","=""5""","=""Low""","=""false"""
"=""vay tiền bằng chứng minh và bằng lái xe""","=""10""","=""0""","=""9""","=""Low""","=""false"""
"=""vay tiền bằng cmnd và sổ hộ khẩu""","=""10""","=""0""","=""8""","=""Low""","=""false"""
"=""vay tiền bằng cà vẹt xe không chính chủ""","=""10""","=""0""","=""9""","=""High""","=""false"""
"=""vay tiền bằng cà vẹt xe ô tô""","=""10""","=""0""","=""8""","=""Low""","=""false"""
"=""vay tiền bằng hợp đồng bảo hiểm bảo việt""","=""10""","=""0""","=""9""","=""Low""","=""false"""
"=""vay tiền bằng mua hàng trả góp""","=""10""","=""0.7""","=""7""","=""High""","=""false"""
"=""vay tiền bằng sim trả sau""","=""10""","=""0""","=""6""","=""Medium""","=""false"""
"=""vay tiền bằng sim vietnamobile""","=""10""","=""0""","=""5""","=""Medium""","=""false"""
"=""vay tiền bằng sim viettel trả sau""","=""10""","=""0""","=""7""","=""Low""","=""false"""
"=""vay tiền bằng sổ bảo hiểm nhân thọ""","=""10""","=""0""","=""8""","=""Low""","=""false"""
"=""vay tiền bằng thẻ agribank""","=""10""","=""0""","=""5""","=""Medium""","=""false"""
"=""vay tiền bằng thẻ bảo hiểm""","=""10""","=""0""","=""6""","=""Low""","=""false"""
"=""vay tiền bằng thẻ tín dụng fe credit""","=""10""","=""0""","=""8""","=""Low""","=""false"""
"=""vay tiền bằng thẻ visa""","=""10""","=""0""","=""5""","=""Low""","=""false"""
"=""vay tiền bằng điện thoại oppo""","=""10""","=""0""","=""6""","=""Low""","=""false"""
"=""vay tiền chứng minh""","=""10""","=""0""","=""4""","=""Low""","=""false"""
"=""vay tiền công ty tài chính fe credit""","=""10""","=""0.32""","=""8""","=""High""","=""false"""
"=""vay tiền cần chứng minh nhân dân""","=""10""","=""0""","=""7""","=""Low""","=""false"""
"=""vay tiền của fe credit""","=""10""","=""0""","=""5""","=""Low""","=""false"""
"=""vay tiền của fe credit có an toàn không""","=""10""","=""0""","=""9""","=""Low""","=""false"""
"=""vay tiền edit""","=""10""","=""0.78""","=""3""","=""High""","=""false"""
"=""vay tiền eximbank""","=""10""","=""1.42""","=""3""","=""Medium""","=""false"""
"=""vay tiền facebook""","=""10""","=""0""","=""3""","=""Low""","=""false"""
"=""vay tiền fe bằng sim""","=""10""","=""0""","=""5""","=""Low""","=""false"""
"=""vay tiền hỗ trợ sinh viên""","=""10""","=""1.08""","=""6""","=""Low""","=""false"""
"=""vay tiền không cần chứng minh thư""","=""10""","=""0""","=""7""","=""Medium""","=""false"""
"=""vay tiền không thẩm định nhà""","=""10""","=""0""","=""6""","=""Low""","=""false"""
"=""vay tiền không thế chấp vpbank""","=""10""","=""0""","=""6""","=""High""","=""false"""
"=""vay tiền không tín chấp""","=""10""","=""0.77""","=""5""","=""High""","=""false"""
"=""vay tiền mb bank qua app""","=""10""","=""0.54""","=""6""","=""Medium""","=""false"""
"=""vay tiền mua oto""","=""10""","=""0.15""","=""4""","=""Medium""","=""false"""
"=""vay tiền mua điện thoại""","=""10""","=""0.9""","=""5""","=""Medium""","=""false"""
"=""vay tiền mua đất bidv""","=""10""","=""0""","=""5""","=""Low""","=""false"""
"=""vay tiền mặt 2 triệu""","=""10""","=""0""","=""5""","=""High""","=""false"""
"=""vay tiền mặt 20 triệu""","=""10""","=""0""","=""5""","=""Low""","=""false"""
"=""vay tiền mặt acb""","=""10""","=""0.64""","=""4""","=""Medium""","=""false"""
"=""vay tiền mặt không mua hàng trả góp""","=""10""","=""0""","=""8""","=""Low""","=""false"""
"=""vay tiền mặt lotte""","=""10""","=""1.42""","=""4""","=""High""","=""false"""
"=""vay tiền mặt ngân hàng quân đội""","=""10""","=""0""","=""7""","=""High""","=""false"""
"=""vay tiền mặt sacombank""","=""10""","=""0.61""","=""4""","=""High""","=""false"""
"=""vay tiền mặt sim mobifone""","=""10""","=""0""","=""5""","=""Low""","=""false"""
"=""vay tiền mặt theo hợp đồng trả góp fe credit""","=""10""","=""0""","=""10""","=""Low""","=""false"""
"=""vay tiền mặt tiêu dùng""","=""10""","=""0""","=""5""","=""Low""","=""false"""
"=""vay tiền mặt trả góp online""","=""10""","=""0""","=""6""","=""Low""","=""false"""
"=""vay tiền mặt trả góp theo tháng""","=""10""","=""0""","=""7""","=""High""","=""false"""
"=""vay tiền mặt trực tuyến""","=""10""","=""0""","=""5""","=""Low""","=""false"""
"=""vay tiền ngân hàng agribank không cần thế chấp""","=""10""","=""0""","=""9""","=""Medium""","=""false"""
"=""vay tiền ngân hàng agribank trả góp""","=""10""","=""0.34""","=""7""","=""Medium""","=""false"""
"=""vay tiền ngân hàng agribank tín chấp""","=""10""","=""0""","=""7""","=""Low""","=""false"""
"=""vay tiền ngân hàng bằng giấy phép kinh doanh""","=""10""","=""0""","=""9""","=""High""","=""false"""
"=""vay tiền ngân hàng bằng sổ bảo hiểm xã hội""","=""10""","=""0""","=""10""","=""High""","=""false"""
"=""vay tiền ngân hàng kinh doanh""","=""10""","=""0.26""","=""6""","=""Medium""","=""false"""
"=""vay tiền ngân hàng mua xe""","=""10""","=""0""","=""6""","=""Low""","=""false"""
"=""vay tiền ngân hàng phát triển nông thôn""","=""10""","=""0.66""","=""8""","=""Low""","=""true"""
"=""vay tiền ngân hàng standard chartered""","=""10""","=""0""","=""6""","=""Low""","=""false"""
"=""vay tiền ngân hàng vpbank không cần thế chấp""","=""10""","=""0.71""","=""9""","=""High""","=""false"""
"=""vay tiền ngân hàng để kinh doanh""","=""10""","=""0""","=""7""","=""Medium""","=""false"""
"=""vay tiền nhanh bidv""","=""10""","=""0.44""","=""4""","=""High""","=""false"""
"=""vay tiền nóng bên ngoài""","=""10""","=""0""","=""5""","=""High""","=""false"""
"=""vay tiền online bằng chứng minh thư""","=""10""","=""0""","=""7""","=""Low""","=""false"""
"=""vay tiền online có nguy hiểm không""","=""10""","=""0""","=""7""","=""Medium""","=""false"""
"=""vay tiền prudential""","=""10""","=""1.78""","=""3""","=""Medium""","=""false"""
"=""vay tiền prudential finance""","=""10""","=""0""","=""4""","=""Low""","=""false"""
"=""vay tiền qua bảng lương techcombank""","=""10""","=""0.72""","=""6""","=""Medium""","=""false"""
"=""vay tiền qua bảng lương vpbank""","=""10""","=""0""","=""6""","=""High""","=""false"""
"=""vay tiền qua cmnd và bằng lái xe""","=""10""","=""0""","=""8""","=""Low""","=""false"""
"=""vay tiền qua cmt và blx""","=""10""","=""0""","=""6""","=""Low""","=""false"""
"=""vay tiền qua hợp đồng bảo hiểm nhân thọ""","=""10""","=""0.38""","=""9""","=""Medium""","=""false"""
"=""vay tiền qua hợp đồng bảo hiểm prudential""","=""10""","=""0""","=""8""","=""Medium""","=""false"""
"=""vay tiền qua sim trả sau""","=""10""","=""0""","=""6""","=""High""","=""false"""
"=""vay tiền qua sổ bảo hiểm""","=""10""","=""0.63""","=""6""","=""High""","=""false"""
"=""vay tiền qua sổ lương hưu""","=""10""","=""0""","=""6""","=""High""","=""false"""
"=""vay tiền qua thẻ bidv""","=""10""","=""0""","=""5""","=""Low""","=""false"""
"=""vay tiền qua thẻ tín dụng vpbank""","=""10""","=""0.56""","=""7""","=""Medium""","=""false"""
"=""vay tiền qua thẻ vietcombank""","=""10""","=""0""","=""5""","=""High""","=""false"""
"=""vay tiền qua thẻ visa""","=""10""","=""0""","=""5""","=""Low""","=""false"""
"=""vay tiền theo bảng lương shinhan bank""","=""10""","=""0""","=""7""","=""High""","=""false"""
"=""vay tiền theo bảng lương tpbank""","=""10""","=""0.97""","=""6""","=""Medium""","=""false"""
"=""vay tiền theo bảo hiểm""","=""10""","=""0""","=""5""","=""High""","=""false"""
"=""vay tiền theo bảo hiểm nhân thọ aia""","=""10""","=""0""","=""8""","=""Low""","=""false"""
"=""vay tiền theo bằng lái xe""","=""10""","=""0""","=""6""","=""Low""","=""false"""
"=""vay tiền theo cà vẹt xe máy""","=""10""","=""0""","=""7""","=""Low""","=""false"""
"=""vay tiền theo hóa đơn internet""","=""10""","=""0""","=""6""","=""Low""","=""false"""
"=""vay tiền theo hộ khẩu""","=""10""","=""0""","=""5""","=""High""","=""false"""
"=""vay tiền theo hợp đồng bảo hiểm""","=""10""","=""0""","=""7""","=""Low""","=""false"""
"=""vay tiền theo lương chuyển khoản""","=""10""","=""0""","=""6""","=""High""","=""false"""
"=""vay tiền thẻ tín dụng fe credit""","=""10""","=""0""","=""7""","=""Low""","=""false"""
"=""vay tiền thẻ vietcombank""","=""10""","=""0""","=""4""","=""Medium""","=""false"""
"=""vay tiền thế chấp bảng lương""","=""10""","=""0""","=""6""","=""Low""","=""false"""
"=""vay tiền thủ tục nhanh gọn""","=""10""","=""4.04""","=""6""","=""High""","=""false"""
"=""vay tiền tiêu dùng home credit""","=""10""","=""0""","=""6""","=""Medium""","=""false"""
"=""vay tiền tiêu dùng trên viettelpay""","=""10""","=""0""","=""6""","=""Low""","=""false"""
"=""vay tiền tiêu dùng tín chấp""","=""10""","=""0""","=""6""","=""High""","=""false"""
"=""vay tiền tiêu dùng vpbank""","=""10""","=""0""","=""5""","=""Low""","=""false"""
"=""vay tiền trên sendo""","=""10""","=""0""","=""4""","=""Low""","=""false"""
"=""vay tiền trên viettelpay có an toàn không""","=""10""","=""0""","=""8""","=""Low""","=""false"""
"=""vay tiền trả góp tháng ngân hàng""","=""10""","=""0""","=""7""","=""Low""","=""false"""
"=""vay tiền tín chấp acb""","=""10""","=""0""","=""5""","=""High""","=""false"""
"=""vay tiền tín chấp agribank""","=""10""","=""0.38""","=""5""","=""Medium""","=""false"""
"=""vay tiền tín chấp bidv""","=""10""","=""1.24""","=""5""","=""Medium""","=""true"""
"=""vay tiền tín chấp bằng sim viettel""","=""10""","=""0""","=""7""","=""Low""","=""false"""
"=""vay tiền tín chấp fe""","=""10""","=""0""","=""5""","=""Low""","=""false"""
"=""vay tiền tín chấp fe credit""","=""10""","=""0""","=""6""","=""Low""","=""false"""
"=""vay tiền tín chấp hd bank""","=""10""","=""0""","=""6""","=""Low""","=""false"""
"=""vay tiền tín chấp home credit""","=""10""","=""0""","=""6""","=""Low""","=""false"""
"=""vay tiền tín chấp không trả được""","=""10""","=""0""","=""7""","=""Low""","=""false"""
"=""vay tiền tín chấp lãi suất thấp""","=""10""","=""0""","=""7""","=""High""","=""false"""
"=""vay tiền tín chấp ngân hàng agribank""","=""10""","=""0""","=""7""","=""Low""","=""false"""
"=""vay tiền tín chấp ngân hàng bidv""","=""10""","=""0""","=""7""","=""Low""","=""false"""
"=""vay tiền tín chấp ngân hàng vietcombank""","=""10""","=""0""","=""7""","=""Low""","=""false"""
"=""vay tiền tín chấp nhanh""","=""10""","=""0""","=""5""","=""Low""","=""false"""
"=""vay tiền tín chấp sacombank""","=""10""","=""0""","=""5""","=""Medium""","=""false"""
"=""vay tiền tín chấp shb""","=""10""","=""0""","=""5""","=""Low""","=""false"""
"=""vay tiền tín chấp techcombank""","=""10""","=""1.15""","=""5""","=""Medium""","=""false"""
"=""vay tiền tín chấp tp bank""","=""10""","=""0.92""","=""6""","=""Medium""","=""false"""
"=""vay tiền tín chấp trả góp""","=""10""","=""0""","=""6""","=""High""","=""false"""
"=""vay tiền tín chấp vietinbank""","=""10""","=""0""","=""5""","=""Low""","=""false"""
"=""vay tiền tại doctor đồng""","=""10""","=""0""","=""5""","=""Low""","=""false"""
"=""vay tiền tại hd saison""","=""10""","=""0.5""","=""5""","=""High""","=""false"""
"=""vay tiền tại ngân hàng bidv""","=""10""","=""0.31""","=""6""","=""Medium""","=""false"""
"=""vay tiền tại vietcredit""","=""10""","=""0""","=""4""","=""High""","=""false"""
"=""vay tiền tại vpbank""","=""10""","=""0""","=""4""","=""Medium""","=""false"""
"=""vay tiền từ sim viettel""","=""10""","=""0.78""","=""5""","=""High""","=""false"""
"=""vay tiền từ thẻ tín dụng mbbank""","=""10""","=""0""","=""7""","=""Low""","=""false"""
"=""vay tiền vietcombank cho sinh viên""","=""10""","=""0""","=""6""","=""Low""","=""false"""
"=""vay tiền vietinbank qua thẻ atm""","=""10""","=""0""","=""6""","=""Low""","=""false"""
"=""vay tiền với sim viettel""","=""10""","=""0""","=""5""","=""Low""","=""false"""
"=""vay tiền xây nhà vietcombank""","=""10""","=""0""","=""5""","=""Low""","=""false"""
"=""vay tiền đi""","=""10""","=""0""","=""3""","=""Low""","=""false"""
"=""vay tiền để kinh doanh""","=""10""","=""0.47""","=""5""","=""Medium""","=""false"""
"=""vay tiền ở doctor đồng""","=""10""","=""0""","=""5""","=""Low""","=""false"""
"=""vay tpbank không cần thế chấp""","=""10""","=""0.88""","=""6""","=""High""","=""false"""
"=""vay trên hợp đồng bảo hiểm nhân thọ""","=""10""","=""0""","=""8""","=""Low""","=""false"""
"=""vay trên mạng""","=""10""","=""1.32""","=""3""","=""Medium""","=""false"""
"=""vay trả góp mua xe""","=""10""","=""0""","=""5""","=""Low""","=""false"""
"=""vay trả góp mua xe máy""","=""10""","=""0.38""","=""6""","=""Medium""","=""false"""
"=""vay trả góp ngân hàng acb""","=""10""","=""2.91""","=""6""","=""High""","=""false"""
"=""vay trả góp ngân hàng shb""","=""10""","=""0""","=""6""","=""Medium""","=""false"""
"=""vay tài chính mirae asset""","=""10""","=""0.79""","=""5""","=""Low""","=""false"""
"=""vay tài chính ngân hàng""","=""10""","=""1.15""","=""5""","=""High""","=""false"""
"=""vay tín dụng bằng sim viettel""","=""10""","=""0""","=""6""","=""Low""","=""false"""
"=""vay tín dụng credit""","=""10""","=""0""","=""4""","=""High""","=""false"""
"=""vay tín dụng hd""","=""10""","=""0.72""","=""4""","=""Medium""","=""false"""
"=""vay tín dụng không trả""","=""10""","=""0""","=""5""","=""Low""","=""false"""
"=""vay tín dụng ngân hàng bidv""","=""10""","=""0.29""","=""6""","=""Medium""","=""false"""
"=""vay tín dụng ngân hàng quân đội""","=""10""","=""0""","=""7""","=""Low""","=""false"""
"=""vay tín dụng ngân hàng sacombank""","=""10""","=""0""","=""6""","=""Low""","=""false"""
"=""vay tín dụng ngân hàng vpbank""","=""10""","=""0.56""","=""6""","=""Medium""","=""false"""
"=""vay tín dụng prudential""","=""10""","=""0""","=""4""","=""High""","=""false"""
"=""vay tín dụng qua lương""","=""10""","=""0""","=""5""","=""High""","=""false"""
"=""vay tín dụng qua sim viettel""","=""10""","=""0""","=""6""","=""Low""","=""false"""
"=""vay tín dụng theo bảng lương""","=""10""","=""1.01""","=""6""","=""High""","=""false"""
"=""vay tín dụng theo sim viettel""","=""10""","=""0""","=""6""","=""Low""","=""false"""
"=""vay vay nhanh""","=""10""","=""0""","=""3""","=""Low""","=""false"""
"=""vay von khong can the chap""","=""10""","=""0""","=""6""","=""Low""","=""false"""
"=""vay vpbank theo lương""","=""10""","=""0.72""","=""4""","=""Medium""","=""true"""
"=""vay vốn bằng bảo hiểm nhân thọ""","=""10""","=""0""","=""7""","=""Low""","=""false"""
"=""vay vốn bằng hợp đồng bảo hiểm""","=""10""","=""0""","=""7""","=""Low""","=""false"""
"=""vay vốn bằng sổ bảo hiểm xã hội""","=""10""","=""0.92""","=""8""","=""Medium""","=""false"""
"=""vay vốn không cần thế chấp của ngân hàng vpbank""","=""10""","=""0.22""","=""10""","=""Medium""","=""false"""
"=""vay vốn không tín chấp""","=""10""","=""0""","=""5""","=""Low""","=""false"""
"=""vay vốn mua nhà vietcombank""","=""10""","=""0""","=""5""","=""Low""","=""false"""
"=""vay vốn mua xe""","=""10""","=""0""","=""4""","=""Low""","=""false"""
"=""vay vốn ngân hàng agribank chăn nuôi""","=""10""","=""0""","=""7""","=""Low""","=""false"""
"=""vay vốn ngân hàng bằng bảng lương""","=""10""","=""0.65""","=""7""","=""Low""","=""false"""
"=""vay vốn ngân hàng bằng bảo hiểm nhân thọ""","=""10""","=""0""","=""9""","=""Medium""","=""false"""
"=""vay vốn ngân hàng phương đông""","=""10""","=""0""","=""6""","=""Low""","=""false"""
"=""vay vốn ngân hàng theo bảng lương""","=""10""","=""0""","=""7""","=""High""","=""false"""
"=""vay vốn ngân hàng thế chấp""","=""10""","=""0""","=""6""","=""High""","=""false"""
"=""vay vốn sinh viên không lãi suất""","=""10""","=""0""","=""7""","=""Low""","=""false"""
"=""vay vốn sinh viên tpbank""","=""10""","=""0""","=""5""","=""Low""","=""false"""
"=""vay vốn sinh viên uniloan""","=""10""","=""0""","=""5""","=""Low""","=""false"""
"=""vay vốn sinh viên vpbank""","=""10""","=""0""","=""5""","=""Low""","=""false"""
"=""vay vốn theo bảo hiểm nhân thọ""","=""10""","=""0""","=""7""","=""Medium""","=""false"""
"=""vay vốn tín chấp acb""","=""10""","=""0""","=""5""","=""Low""","=""false"""
"=""vay vốn tín chấp agribank""","=""10""","=""0""","=""5""","=""Medium""","=""false"""
"=""vay vốn tín chấp bidv""","=""10""","=""0""","=""5""","=""Low""","=""false"""
"=""vay vốn tín chấp doanh nghiệp nhỏ""","=""10""","=""0""","=""7""","=""Low""","=""false"""
"=""vay vốn tín chấp ngân hàng""","=""10""","=""0.79""","=""6""","=""Medium""","=""false"""
"=""vay vốn tín chấp ngân hàng agribank""","=""10""","=""0""","=""7""","=""Low""","=""false"""
"=""vay vốn tín chấp ngân hàng seabank""","=""10""","=""0""","=""7""","=""Low""","=""false"""
"=""vay vốn tín chấp ngân hàng vietcombank""","=""10""","=""0""","=""7""","=""Medium""","=""false"""
"=""vay vốn tín chấp ngân hàng vpbank""","=""10""","=""0""","=""7""","=""Low""","=""false"""
"=""vay vốn tín chấp shinhan""","=""10""","=""0""","=""5""","=""Medium""","=""false"""
"=""vay vốn tín chấp techcombank""","=""10""","=""0.68""","=""5""","=""High""","=""false"""
"=""vay vốn tín chấp vietcombank""","=""10""","=""0""","=""5""","=""Medium""","=""false"""
"=""vay vốn tín chấp vietinbank""","=""10""","=""0""","=""5""","=""Low""","=""false"""
"=""vay vốn tín chấp vpbank""","=""10""","=""0.66""","=""5""","=""Medium""","=""false"""
"=""vay waka""","=""10""","=""0""","=""2""","=""Low""","=""false"""
"=""vay đầu tư""","=""10""","=""0.82""","=""3""","=""Medium""","=""false"""
"=""vaytinchapmsb""","=""10""","=""0""","=""1""","=""High""","=""false"""
"=""vietcombank lai suat cho vay""","=""10""","=""0""","=""5""","=""Low""","=""false"""
"=""vietcombank tín chấp""","=""10""","=""0""","=""3""","=""Low""","=""false"""
"=""vietcombank vay theo lương""","=""10""","=""0.85""","=""4""","=""Medium""","=""false"""
"=""vietcombank vay tín dụng""","=""10""","=""0""","=""4""","=""Medium""","=""false"""
"=""vietinbank cho vay thế chấp sổ đỏ""","=""10""","=""0""","=""7""","=""Low""","=""false"""
"=""vpbank cho vay không thế chấp""","=""10""","=""0.2""","=""6""","=""Medium""","=""false"""
"=""vpbank vay không thế chấp""","=""10""","=""1.45""","=""5""","=""Medium""","=""false"""
"=""vpbank vay the chap""","=""10""","=""0""","=""4""","=""Low""","=""false"""
"=""đang trả góp fe có được mua thêm không""","=""10""","=""0""","=""9""","=""Low""","=""false"""
"=""đang vay bên fe credit muốn vay thêm""","=""10""","=""0""","=""8""","=""Low""","=""false"""
"=""đang vay tiền fe có mua trả góp được không""","=""10""","=""0""","=""10""","=""Low""","=""false"""
"=""điều kiện làm thẻ vay vietcredit""","=""10""","=""0""","=""6""","=""Low""","=""false"""
"=""điều kiện vay ngân hàng bidv""","=""10""","=""0""","=""6""","=""Low""","=""false"""
"=""điều kiện vay ngân hàng quân đội""","=""10""","=""0""","=""7""","=""Low""","=""false"""
"=""điều kiện vay thấu chi tín chấp vpbank""","=""10""","=""0""","=""8""","=""Low""","=""true"""
"=""điều kiện vay tín dụng""","=""10""","=""0.54""","=""5""","=""Medium""","=""false"""
"=""điều kiện vay vốn tại prudential finance""","=""10""","=""0""","=""7""","=""Low""","=""false"""
"=""điều kiện để vay ngân hàng agribank""","=""10""","=""0""","=""7""","=""Low""","=""false"""
"=""đăng ký trả góp vpbank""","=""10""","=""0""","=""5""","=""Low""","=""false"""
"=""đăng ký vay lại fe credit""","=""10""","=""0""","=""6""","=""Low""","=""false"""
"=""đăng ký vay shinhan bank""","=""10""","=""0.91""","=""5""","=""High""","=""false"""
"=""đăng ký vay thêm fe credit""","=""10""","=""0""","=""6""","=""Low""","=""false"""
"=""đăng ký vay tiền bằng sim mobifone""","=""10""","=""0""","=""7""","=""Low""","=""false"""
"=""đăng ký vay tiền mặt home credit""","=""10""","=""0.72""","=""7""","=""Medium""","=""false"""
"=""đầu tư cho vay""","=""10""","=""0""","=""4""","=""Low""","=""false"""
"=""đầu tư cho vay ngang hàng""","=""10""","=""0""","=""6""","=""Low""","=""false"""
"=""ưu đãi trả góp thẻ tín dụng vpbank""","=""10""","=""0""","=""8""","=""Low""","=""false"""
"=""ứng dụng vay tiền của fe credit""","=""10""","=""0""","=""7""","=""Low""","=""false"""
"=""vay tiền trả góp qua thẻ atm""","=""0""","=""0""","=""7""","=""Low""","=""false"""
"=""cho vay tiền chỉ cần cmnd và bằng lái xe""","=""0""","=""0""","=""10""","=""Low""","=""false"""
"=""có nên vay tiền qua snap""","=""0""","=""0""","=""6""","=""Low""","=""false"""
"=""công ty tín chấp bảo việt""","=""0""","=""0""","=""6""","=""Low""","=""false"""
"=""easy vay trên viettelpay""","=""0""","=""0""","=""4""","=""Low""","=""false"""
"=""fe credit hỗ trợ khách hàng mùa dịch""","=""0""","=""0""","=""8""","=""Low""","=""false"""
"=""làm the tín dụng bằng cavet xe máy""","=""0""","=""0""","=""8""","=""Low""","=""false"""
"=""lãi suất vay ngân hàng hdbank 2021""","=""0""","=""0""","=""7""","=""Low""","=""false"""
"=""mua xe trả góp fe credit 2020""","=""0""","=""0""","=""7""","=""Low""","=""false"""
"=""ngân hàng hsbc cho vay sim viettel""","=""0""","=""0""","=""7""","=""Low""","=""false"""
"=""the chấp cà vẹt xe""","=""0""","=""0""","=""5""","=""Low""","=""false"""
"=""vay bằng cmt và sổ hộ khẩu""","=""0""","=""0""","=""7""","=""Low""","=""false"""
"=""vay bằng the tín dụng vietcombank""","=""0""","=""0""","=""6""","=""Low""","=""false"""
"=""vay easy credit trên viettelpay""","=""0""","=""0""","=""5""","=""Low""","=""false"""
"=""vay fe qua sim vinaphone""","=""0""","=""0""","=""5""","=""Low""","=""false"""
"=""vay ngân hàng bidv 2021""","=""0""","=""0""","=""5""","=""Low""","=""false"""
"=""vay qua cmt và hộ khẩu""","=""0""","=""0""","=""6""","=""Low""","=""false"""
"=""vay siêu nhiên""","=""0""","=""0""","=""3""","=""Low""","=""false"""
"=""vay the chấp sổ đỏ hồ sơ khó""","=""0""","=""0""","=""8""","=""Low""","=""false"""
"=""vay theo cmnd blx""","=""0""","=""0""","=""4""","=""Low""","=""false"""
"=""vay theo hợp đồng tín chấp cũ prudential""","=""0""","=""0""","=""8""","=""Low""","=""false"""
"=""vay theo lương vay theo sao kê lương""","=""0""","=""0""","=""8""","=""Low""","=""false"""
"=""vay thấu chi agribank 2021""","=""0""","=""0""","=""5""","=""Low""","=""false"""
"=""vay tien cmnd gplx""","=""0""","=""0""","=""4""","=""Low""","=""false"""
"=""vay tien theo so ho khau""","=""0""","=""0""","=""6""","=""Low""","=""false"""
"=""vay tiêu dùng của viettelpay""","=""0""","=""0""","=""5""","=""Low""","=""false"""
"=""vay tiêu dùng trên viettelpay""","=""0""","=""0""","=""5""","=""Low""","=""false"""
"=""vay tiền bằng cmnd hộ khẩu""","=""0""","=""0""","=""6""","=""Low""","=""false"""
"=""vay tiền bằng cmnd và cavet xe""","=""0""","=""0""","=""7""","=""Low""","=""false"""
"=""vay tiền bằng thẻ fe credit""","=""0""","=""0""","=""6""","=""Low""","=""false"""
"=""vay tiền chỉ cần cmnd và bằng lái fe""","=""0""","=""0""","=""9""","=""Low""","=""false"""
"=""vay tiền chỉ cần cmnd và bằng lái fecredit""","=""0""","=""0""","=""9""","=""Low""","=""false"""
"=""vay tiền cmnd photo""","=""0""","=""0""","=""4""","=""Low""","=""false"""
"=""vay tiền cmt blx""","=""0""","=""0""","=""4""","=""Low""","=""false"""
"=""vay tiền fe qua sim""","=""0""","=""0""","=""5""","=""Low""","=""false"""
"=""vay tiền không the chấp không chứng minh thu nhập""","=""0""","=""0""","=""10""","=""Low""","=""false"""
"=""vay tiền ngân hàng bằng cmnd và bằng lái xe""","=""0""","=""0""","=""10""","=""Low""","=""false"""
"=""vay tiền ngân hàng tpbank cho sinh viên""","=""0""","=""0""","=""8""","=""Low""","=""false"""
"=""vay tiền nhanh 123s""","=""0""","=""0""","=""4""","=""Low""","=""false"""
"=""vay tiền nhanh az""","=""0""","=""0""","=""4""","=""Low""","=""false"""
"=""vay tiền nhanh az99""","=""0""","=""0""","=""4""","=""Low""","=""false"""
"=""vay tiền nhanh không the chấp online""","=""0""","=""0""","=""7""","=""Low""","=""false"""
"=""vay tiền qua cmt shk""","=""0""","=""0""","=""5""","=""Low""","=""false"""
"=""vay tiền theo cmnd và hộ khẩu""","=""0""","=""0""","=""7""","=""Low""","=""false"""
"=""vay tiền theo hồ sơ trả góp""","=""0""","=""0""","=""7""","=""Low""","=""false"""
"=""vay tiền trả góp bằng cmnd và hộ khẩu""","=""0""","=""0""","=""9""","=""Low""","=""false"""
"=""vay tiền trả góp bằng cmt và bằng lái xe""","=""0""","=""0""","=""10""","=""Low""","=""false"""
"=""vay tiền tín chấp ngân hàng quân đội""","=""0""","=""0""","=""8""","=""Low""","=""false"""
"=""vay tiền vpbank trả góp""","=""0""","=""0""","=""5""","=""Low""","=""false"""
"=""vay tiền xây nhà agribank 2021""","=""0""","=""0""","=""6""","=""Low""","=""false"""
"=""vay tài chính 24h""","=""0""","=""0""","=""4""","=""Low""","=""false"""
"=""vay tín dụng maritime bank""","=""0""","=""0""","=""5""","=""Low""","=""false"""
"=""vay von ngan hang vpbank khong can the chap""","=""0""","=""0""","=""9""","=""Low""","=""false"""
"=""vay von tin chap agribank""","=""0""","=""0""","=""5""","=""Low""","=""false"""
"=""vaytin chap""","=""0""","=""0""","=""2""","=""Low""","=""false"""
"=""vaytinchap 6868 org""","=""0""","=""0""","=""3""","=""Low""","=""false"""
"=""điều kiện vay theo hợp đồng tín chấp cũ""","=""0""","=""0""","=""9""","=""Low""","=""false"""
"=""đăng ký vay tiền ngân hàng quân đội""","=""0""","=""0""","=""8""","=""Low""","=""false"""
"=""đồng tiền trả góp fe credit ở đầu""","=""0""","=""0""","=""8""","=""Low""","=""false"""
"=""vay tiêu dùng tín chấp hsbc""","=""0""","=""0""","=""6""","=""Low""","=""false"""
"=""vay tiêu dùng tín chấp msb""","=""0""","=""0""","=""6""","=""Low""","=""false"""
"=""vay tiêu dùng tín chấp ocb""","=""0""","=""0""","=""6""","=""Low""","=""false"""
"=""vay tiêu dùng tín chấp pvcombank""","=""0""","=""0""","=""6""","=""Low""","=""false"""
"=""vay thấu chi tín chấp seabank""","=""0""","=""0""","=""6""","=""Low""","=""false"""
"=""vay tiền tín chấp standard bank""","=""0""","=""0""","=""6""","=""Low""","=""false"""
"=""vay thế chấp zalo uy tín""","=""0""","=""0""","=""6""","=""Low""","=""false"""
"=""vay tiền tín chấp trong ngày tại cần thơ""","=""0""","=""0""","=""9""","=""Low""","=""false"""
