Keyword,Volume,CPC,Word count,PPC Competition,Trending
"=""biển số xe""","=""22200""","=""0.12""","=""3""","=""High""","=""false"""
"=""biển số xe các tỉnh""","=""14800""","=""0.24""","=""5""","=""Low""","=""false"""
"=""biển số xe các tỉnh thành""","=""4400""","=""0""","=""6""","=""Low""","=""true"""
"=""biển số đẹp""","=""4400""","=""0.18""","=""3""","=""High""","=""false"""
"=""biển số""","=""3600""","=""0.19""","=""2""","=""High""","=""false"""
"=""biển số xe máy""","=""1900""","=""0.07""","=""4""","=""High""","=""false"""
"=""biển số 63 tỉnh thành""","=""1600""","=""0.01""","=""5""","=""Low""","=""false"""
"=""biển số xe 64 tỉnh thành""","=""1600""","=""0.01""","=""6""","=""Low""","=""false"""
"=""biển số xe đẹp""","=""1600""","=""0.14""","=""4""","=""High""","=""false"""
"=""biển số các tỉnh""","=""1300""","=""0.01""","=""4""","=""Low""","=""false"""
"=""biển số 99""","=""1300""","=""0""","=""3""","=""Low""","=""false"""
"=""biển số xe ô tô""","=""1300""","=""0.1""","=""5""","=""High""","=""false"""
"=""biển số 47""","=""1000""","=""0""","=""3""","=""Low""","=""false"""
"=""biển số 60""","=""1000""","=""0""","=""3""","=""Low""","=""false"""
"=""biển số 93""","=""1000""","=""0""","=""3""","=""Low""","=""false"""
"=""bien so xe""","=""880""","=""0.14""","=""3""","=""High""","=""false"""
"=""biển số 18""","=""880""","=""0""","=""3""","=""Low""","=""false"""
"=""biển số 36""","=""880""","=""0""","=""3""","=""Low""","=""false"""
"=""biển số 37""","=""880""","=""0""","=""3""","=""Low""","=""false"""
"=""biển số 63""","=""880""","=""0""","=""3""","=""Low""","=""false"""
"=""biển số 66""","=""880""","=""0""","=""3""","=""Low""","=""false"""
"=""biển số 67""","=""880""","=""0""","=""3""","=""Low""","=""false"""
"=""biển số 68""","=""880""","=""0""","=""3""","=""Low""","=""false"""
"=""biển số 72""","=""880""","=""0""","=""3""","=""Low""","=""false"""
"=""biển số 77""","=""880""","=""0""","=""3""","=""Low""","=""false"""
"=""biển số 79""","=""880""","=""0""","=""3""","=""Low""","=""false"""
"=""biển số 81""","=""880""","=""0""","=""3""","=""Low""","=""false"""
"=""biển số 83""","=""880""","=""0""","=""3""","=""Low""","=""false"""
"=""biển số 86""","=""880""","=""0""","=""3""","=""Low""","=""false"""
"=""biển số 88""","=""880""","=""0""","=""3""","=""Low""","=""false"""
"=""biển số 92""","=""880""","=""0""","=""3""","=""Low""","=""true"""
"=""biển số 95""","=""880""","=""0""","=""3""","=""Low""","=""false"""
"=""biển số xe cao bằng""","=""880""","=""0""","=""5""","=""Low""","=""false"""
"=""biển số 15""","=""720""","=""0""","=""3""","=""Low""","=""false"""
"=""biển số 22""","=""720""","=""0""","=""3""","=""Low""","=""false"""
"=""biển số 22 ở tỉnh nào""","=""720""","=""0""","=""6""","=""Low""","=""false"""
"=""biển số 30""","=""720""","=""0""","=""3""","=""Low""","=""false"""
"=""biển số 34""","=""720""","=""0""","=""3""","=""Low""","=""false"""
"=""biển số 35""","=""720""","=""0""","=""3""","=""Low""","=""false"""
"=""biển số 38""","=""720""","=""0""","=""3""","=""Low""","=""false"""
"=""biển số 43""","=""720""","=""0""","=""3""","=""Low""","=""false"""
"=""biển số 49""","=""720""","=""0""","=""3""","=""Low""","=""false"""
"=""biển số 61""","=""720""","=""0""","=""3""","=""Low""","=""false"""
"=""biển số 62""","=""720""","=""0""","=""3""","=""Low""","=""false"""
"=""biển số 68 tỉnh nào""","=""720""","=""0""","=""5""","=""Low""","=""true"""
"=""biển số 70""","=""720""","=""0""","=""3""","=""Low""","=""false"""
"=""biển số 71""","=""720""","=""0""","=""3""","=""Low""","=""false"""
"=""biển số 73""","=""720""","=""0""","=""3""","=""Low""","=""false"""
"=""biển số 74""","=""720""","=""0""","=""3""","=""Low""","=""false"""
"=""biển số 75""","=""720""","=""0""","=""3""","=""Low""","=""false"""
"=""biển số 76""","=""720""","=""0""","=""3""","=""Low""","=""false"""
"=""biển số 78""","=""720""","=""0""","=""3""","=""Low""","=""false"""
"=""biển số 84""","=""720""","=""0""","=""3""","=""Low""","=""false"""
"=""biển số 85""","=""720""","=""0""","=""3""","=""Low""","=""false"""
"=""biển số 89""","=""720""","=""0""","=""3""","=""Low""","=""false"""
"=""biển số 94""","=""720""","=""0""","=""3""","=""Low""","=""false"""
"=""biển số xe 63 tỉnh thành""","=""720""","=""0.01""","=""6""","=""Low""","=""false"""
"=""biển số 17""","=""590""","=""0""","=""3""","=""Low""","=""false"""
"=""biển số 19""","=""590""","=""0""","=""3""","=""Low""","=""false"""
"=""biển số 20""","=""590""","=""0""","=""3""","=""Low""","=""false"""
"=""biển số 29""","=""590""","=""0""","=""3""","=""Low""","=""false"""
"=""biển số 63 tỉnh nào""","=""590""","=""0.01""","=""5""","=""Low""","=""false"""
"=""biển số 64""","=""590""","=""0""","=""3""","=""Low""","=""false"""
"=""biển số 65""","=""590""","=""0""","=""3""","=""Low""","=""false"""
"=""biển số 69""","=""590""","=""0""","=""3""","=""Low""","=""false"""
"=""biển số 82""","=""590""","=""0""","=""3""","=""Low""","=""false"""
"=""biển số 90""","=""590""","=""0""","=""3""","=""Low""","=""false"""
"=""biển số cao bằng""","=""590""","=""0""","=""4""","=""Low""","=""false"""
"=""biển số xe 99 ở tỉnh nào""","=""590""","=""0""","=""7""","=""Low""","=""true"""
"=""biển số xe các tỉnh thành phố""","=""590""","=""0.01""","=""7""","=""Low""","=""false"""
"=""biển số xe máy đẹp""","=""590""","=""0.07""","=""5""","=""High""","=""false"""
"=""biển số xe phong thuỷ""","=""590""","=""0.11""","=""5""","=""Low""","=""false"""
"=""biển số 12""","=""480""","=""0""","=""3""","=""Low""","=""false"""
"=""biển số 14""","=""480""","=""0""","=""3""","=""Low""","=""false"""
"=""biển số 15 là tỉnh nào""","=""480""","=""0""","=""6""","=""Low""","=""false"""
"=""biển số 20 tỉnh nào""","=""480""","=""0""","=""5""","=""Low""","=""false"""
"=""biển số 21""","=""480""","=""0""","=""3""","=""Low""","=""false"""
"=""biển số 24""","=""480""","=""0""","=""3""","=""Low""","=""false"""
"=""biển số 48""","=""480""","=""0""","=""3""","=""Low""","=""false"""
"=""biển số 50""","=""480""","=""0""","=""3""","=""Low""","=""false"""
"=""biển số 59""","=""480""","=""0""","=""3""","=""Low""","=""false"""
"=""biển số 67 là tỉnh nào""","=""480""","=""0""","=""6""","=""Low""","=""true"""
"=""biển số 75 của tỉnh nào""","=""480""","=""0""","=""6""","=""Low""","=""true"""
"=""biển số 76 ở tỉnh nào""","=""480""","=""0""","=""6""","=""Low""","=""false"""
"=""biển số 93 tỉnh nào""","=""480""","=""0""","=""5""","=""Low""","=""true"""
"=""biển số 95 là tỉnh nào""","=""480""","=""0""","=""6""","=""Low""","=""false"""
"=""biển số 98""","=""480""","=""0""","=""3""","=""Low""","=""false"""
"=""biển số 99 ở tỉnh nào""","=""480""","=""0""","=""6""","=""Low""","=""true"""
"=""biển số phong thuỷ""","=""480""","=""0.01""","=""4""","=""Low""","=""false"""
"=""biển số xe 18""","=""480""","=""0""","=""4""","=""Low""","=""false"""
"=""biển số xe 22 ở tỉnh nào""","=""480""","=""0""","=""7""","=""Low""","=""true"""
"=""biển số xe 98 ở tỉnh nào""","=""480""","=""0""","=""7""","=""Low""","=""true"""
"=""biển số xe 99""","=""480""","=""0""","=""4""","=""Low""","=""false"""
"=""biển số ô tô""","=""480""","=""0.09""","=""4""","=""High""","=""false"""
"=""bien so""","=""390""","=""0.13""","=""2""","=""High""","=""false"""
"=""bien so dep""","=""390""","=""0.2""","=""3""","=""High""","=""false"""
"=""biển số 11""","=""390""","=""0""","=""3""","=""Low""","=""false"""
"=""biển số 12 ở tỉnh nào""","=""390""","=""0""","=""6""","=""Low""","=""false"""
"=""biển số 14 tỉnh nào""","=""390""","=""0""","=""5""","=""Low""","=""false"""
"=""biển số 19 tỉnh nào""","=""390""","=""0""","=""5""","=""Low""","=""false"""
"=""biển số 23""","=""390""","=""0""","=""3""","=""Low""","=""true"""
"=""biển số 25""","=""390""","=""0""","=""3""","=""Low""","=""false"""
"=""biển số 25 ở tỉnh nào""","=""390""","=""0""","=""6""","=""Low""","=""false"""
"=""biển số 27""","=""390""","=""0""","=""3""","=""Low""","=""false"""
"=""biển số 28""","=""390""","=""0""","=""3""","=""Low""","=""false"""
"=""biển số 35 ở tỉnh nào""","=""390""","=""0""","=""6""","=""Low""","=""false"""
"=""biển số 37 của tỉnh nào""","=""390""","=""0""","=""6""","=""Low""","=""false"""
"=""biển số 51""","=""390""","=""0""","=""3""","=""Low""","=""false"""
"=""biển số 66 tỉnh nào""","=""390""","=""0""","=""5""","=""Low""","=""false"""
"=""biển số 69 tỉnh nào""","=""390""","=""0""","=""5""","=""Low""","=""false"""
"=""biển số 70 ở tỉnh nào""","=""390""","=""0""","=""6""","=""Low""","=""false"""
"=""biển số 80""","=""390""","=""0""","=""3""","=""Low""","=""false"""
"=""biển số 81 tỉnh nào""","=""390""","=""0""","=""5""","=""Low""","=""true"""
"=""biển số 82 thuộc tỉnh nào""","=""390""","=""0""","=""6""","=""Low""","=""false"""
"=""biển số 89 tỉnh nào""","=""390""","=""0""","=""5""","=""Low""","=""false"""
"=""biển số các tỉnh thành""","=""390""","=""0.01""","=""5""","=""Low""","=""false"""
"=""biển số xe 15 ở tỉnh nào""","=""390""","=""0""","=""7""","=""Low""","=""true"""
"=""biển số xe 19 ở tỉnh nào""","=""390""","=""0""","=""7""","=""Low""","=""false"""
"=""biển số xe 36""","=""390""","=""0""","=""4""","=""Low""","=""false"""
"=""biển số xe 47""","=""390""","=""0""","=""4""","=""Low""","=""false"""
"=""biển số xe 64 tỉnh nào""","=""390""","=""0.01""","=""6""","=""Low""","=""false"""
"=""biển số xe 67""","=""390""","=""0""","=""4""","=""Low""","=""false"""
"=""biển số xe 81""","=""390""","=""0""","=""4""","=""Low""","=""false"""
"=""biển số xe 88 ở tỉnh nào""","=""390""","=""0""","=""7""","=""Low""","=""false"""
"=""biển số xe oto""","=""390""","=""0.08""","=""4""","=""High""","=""false"""
"=""biển số đỏ""","=""390""","=""0""","=""3""","=""Low""","=""false"""
"=""bien số xe""","=""320""","=""0.05""","=""3""","=""High""","=""false"""
"=""biển số 17 tỉnh nào""","=""320""","=""0""","=""5""","=""Low""","=""false"""
"=""biển số 18 là tỉnh nào""","=""320""","=""0""","=""6""","=""Low""","=""false"""
"=""biển số 24 của tỉnh nào""","=""320""","=""0""","=""6""","=""Low""","=""false"""
"=""biển số 39""","=""320""","=""0""","=""3""","=""Low""","=""false"""
"=""biển số 43 tỉnh nào""","=""320""","=""0""","=""5""","=""Low""","=""true"""
"=""biển số 47 tỉnh nào""","=""320""","=""0""","=""5""","=""Low""","=""false"""
"=""biển số 48 tỉnh nào""","=""320""","=""0""","=""5""","=""Low""","=""false"""
"=""biển số 59 ở quận máy""","=""320""","=""0""","=""6""","=""Low""","=""true"""
"=""biển số 60 là tỉnh nào""","=""320""","=""0""","=""6""","=""Low""","=""false"""
"=""biển số 60 tỉnh nào""","=""320""","=""0""","=""5""","=""Low""","=""false"""
"=""biển số 65 tỉnh nào""","=""320""","=""0""","=""5""","=""Low""","=""true"""
"=""biển số 66 ở tỉnh nào""","=""320""","=""0""","=""6""","=""Low""","=""true"""
"=""biển số 73 tỉnh nào""","=""320""","=""0""","=""5""","=""Low""","=""false"""
"=""biển số 78 tỉnh nào""","=""320""","=""0""","=""5""","=""Low""","=""false"""
"=""biển số 88 tỉnh nào""","=""320""","=""0""","=""5""","=""Low""","=""true"""
"=""biển số 90 là tỉnh nào""","=""320""","=""0""","=""6""","=""Low""","=""false"""
"=""biển số 92 của tỉnh nào""","=""320""","=""0""","=""6""","=""Low""","=""true"""
"=""biển số 93 ở tỉnh nào""","=""320""","=""0""","=""6""","=""Low""","=""false"""
"=""biển số xe 15""","=""320""","=""0""","=""4""","=""Low""","=""false"""
"=""biển số xe 17""","=""320""","=""0""","=""4""","=""Low""","=""false"""
"=""biển số xe 17 ở tỉnh nào""","=""320""","=""0""","=""7""","=""Low""","=""false"""
"=""biển số xe 18 ở tỉnh nào""","=""320""","=""0""","=""7""","=""Low""","=""true"""
"=""biển số xe 19""","=""320""","=""0""","=""4""","=""Low""","=""false"""
"=""biển số xe 22""","=""320""","=""0""","=""4""","=""Low""","=""false"""
"=""biển số xe 37""","=""320""","=""0""","=""4""","=""Low""","=""false"""
"=""biển số xe 38""","=""320""","=""0""","=""4""","=""Low""","=""false"""
"=""biển số xe 47 ở tỉnh nào""","=""320""","=""0""","=""7""","=""Low""","=""false"""
"=""biển số xe 49""","=""320""","=""0""","=""4""","=""Low""","=""false"""
"=""biển số xe 50""","=""320""","=""0""","=""4""","=""Low""","=""false"""
"=""biển số xe 59""","=""320""","=""0""","=""4""","=""Low""","=""true"""
"=""biển số xe 60""","=""320""","=""0""","=""4""","=""Low""","=""false"""
"=""biển số xe 66""","=""320""","=""0""","=""4""","=""Low""","=""false"""
"=""biển số xe 68""","=""320""","=""0""","=""4""","=""Low""","=""false"""
"=""biển số xe 77""","=""320""","=""0""","=""4""","=""Low""","=""false"""
"=""biển số xe 79""","=""320""","=""0""","=""4""","=""Low""","=""false"""
"=""biển số xe 79 ở tỉnh nào""","=""320""","=""0""","=""7""","=""Low""","=""false"""
"=""biển số xe 86""","=""320""","=""0""","=""4""","=""Low""","=""false"""
"=""biển số xe 88""","=""320""","=""0""","=""4""","=""Low""","=""false"""
"=""biển số xe 89""","=""320""","=""0""","=""4""","=""Low""","=""false"""
"=""biển số xe 89 ở tỉnh nào""","=""320""","=""0""","=""7""","=""Low""","=""false"""
"=""biển số xe 93 ở tỉnh nào""","=""320""","=""0""","=""7""","=""Low""","=""false"""
"=""biển số xe 94 ở tỉnh nào""","=""320""","=""0""","=""7""","=""Low""","=""false"""
"=""biển số xe 95 ở tỉnh nào""","=""320""","=""0""","=""7""","=""Low""","=""false"""
"=""biển số xe 97 ở tỉnh nào""","=""320""","=""0""","=""7""","=""Low""","=""false"""
"=""biển số xe của các tỉnh""","=""320""","=""0.01""","=""6""","=""Low""","=""false"""
"=""biển số xe mỹ""","=""320""","=""0""","=""4""","=""Low""","=""true"""
"=""biển số xe ninh thuận""","=""320""","=""0""","=""5""","=""Low""","=""false"""
"=""biển số ô tô đẹp""","=""320""","=""0.1""","=""5""","=""High""","=""false"""
"=""biển số đẹp xe máy""","=""320""","=""0.07""","=""5""","=""High""","=""false"""
"=""bien so xe may""","=""260""","=""0.08""","=""4""","=""High""","=""false"""
"=""biển số 11 ở tỉnh nào""","=""260""","=""0""","=""6""","=""Low""","=""true"""
"=""biển số 22 tỉnh nào""","=""260""","=""0""","=""5""","=""Low""","=""false"""
"=""biển số 26""","=""260""","=""0""","=""3""","=""Low""","=""false"""
"=""biển số 34 của tỉnh nào""","=""260""","=""0""","=""6""","=""Low""","=""false"""
"=""biển số 35 thuộc tỉnh nào""","=""260""","=""0""","=""6""","=""Low""","=""true"""
"=""biển số 36 là tỉnh nào""","=""260""","=""0""","=""6""","=""Low""","=""false"""
"=""biển số 47 của tỉnh nào""","=""260""","=""0""","=""6""","=""Low""","=""false"""
"=""biển số 62 tỉnh nào""","=""260""","=""0""","=""5""","=""Low""","=""false"""
"=""biển số 64 tỉnh nào""","=""260""","=""0.01""","=""5""","=""Low""","=""false"""
"=""biển số 71 tỉnh nào""","=""260""","=""0""","=""5""","=""Low""","=""true"""
"=""biển số 72 tỉnh nào""","=""260""","=""0""","=""5""","=""Low""","=""true"""
"=""biển số 77 của tỉnh nào""","=""260""","=""0""","=""6""","=""Low""","=""false"""
"=""biển số 77 tỉnh nào""","=""260""","=""0""","=""5""","=""Low""","=""false"""
"=""biển số 79 là tỉnh nào""","=""260""","=""0""","=""6""","=""Low""","=""false"""
"=""biển số 88 của tỉnh nào""","=""260""","=""0""","=""6""","=""Low""","=""false"""
"=""biển số 92 ở tỉnh nào""","=""260""","=""0""","=""6""","=""Low""","=""false"""
"=""biển số 93 thuộc tỉnh nào""","=""260""","=""0""","=""6""","=""Low""","=""true"""
"=""biển số 95 tỉnh nào""","=""260""","=""0""","=""5""","=""Low""","=""true"""
"=""biển số 97""","=""260""","=""0""","=""3""","=""Low""","=""false"""
"=""biển số 98 tỉnh nào""","=""260""","=""0""","=""5""","=""Low""","=""true"""
"=""biển số xanh""","=""260""","=""0""","=""3""","=""Low""","=""false"""
"=""biển số xe 11 ở tỉnh nào""","=""260""","=""0""","=""7""","=""Low""","=""true"""
"=""biển số xe 12""","=""260""","=""0""","=""4""","=""Low""","=""false"""
"=""biển số xe 12 ở tỉnh nào""","=""260""","=""0""","=""7""","=""Low""","=""false"""
"=""biển số xe 14""","=""260""","=""0""","=""4""","=""Low""","=""false"""
"=""biển số xe 20""","=""260""","=""0""","=""4""","=""Low""","=""false"""
"=""biển số xe 20 ở tỉnh nào""","=""260""","=""0""","=""7""","=""Low""","=""false"""
"=""biển số xe 21""","=""260""","=""0""","=""4""","=""Low""","=""false"""
"=""biển số xe 21 ở tỉnh nào""","=""260""","=""0""","=""7""","=""Low""","=""false"""
"=""biển số xe 23 ở tỉnh nào""","=""260""","=""0""","=""7""","=""Low""","=""false"""
"=""biển số xe 24""","=""260""","=""0""","=""4""","=""Low""","=""true"""
"=""biển số xe 24 ở tỉnh nào""","=""260""","=""0""","=""7""","=""Low""","=""false"""
"=""biển số xe 29""","=""260""","=""0""","=""4""","=""Low""","=""false"""
"=""biển số xe 30""","=""260""","=""0""","=""4""","=""Low""","=""false"""
"=""biển số xe 34""","=""260""","=""0""","=""4""","=""Low""","=""false"""
"=""biển số xe 35""","=""260""","=""0""","=""4""","=""Low""","=""false"""
"=""biển số xe 37 ở tỉnh nào""","=""260""","=""0""","=""7""","=""Low""","=""true"""
"=""biển số xe 60 ở tỉnh nào""","=""260""","=""0""","=""7""","=""Low""","=""true"""
"=""biển số xe 61""","=""260""","=""0""","=""4""","=""Low""","=""false"""
"=""biển số xe 63""","=""260""","=""0""","=""4""","=""Low""","=""false"""
"=""biển số xe 68 ở tỉnh nào""","=""260""","=""0""","=""7""","=""Low""","=""false"""
"=""biển số xe 70""","=""260""","=""0""","=""4""","=""Low""","=""false"""
"=""biển số xe 71""","=""260""","=""0""","=""4""","=""Low""","=""false"""
"=""biển số xe 72""","=""260""","=""0""","=""4""","=""Low""","=""false"""
"=""biển số xe 74""","=""260""","=""0""","=""4""","=""Low""","=""false"""
"=""biển số xe 76""","=""260""","=""0""","=""4""","=""Low""","=""false"""
"=""biển số xe 78""","=""260""","=""0""","=""4""","=""Low""","=""false"""
"=""biển số xe 81 ở tỉnh nào""","=""260""","=""0""","=""7""","=""Low""","=""false"""
"=""biển số xe 83""","=""260""","=""0""","=""4""","=""Low""","=""false"""
"=""biển số xe 84 ở tỉnh nào""","=""260""","=""0""","=""7""","=""Low""","=""false"""
"=""biển số xe 90""","=""260""","=""0""","=""4""","=""Low""","=""false"""
"=""biển số xe 92""","=""260""","=""0""","=""4""","=""Low""","=""false"""
"=""biển số xe 92 ở tỉnh nào""","=""260""","=""0""","=""7""","=""Low""","=""false"""
"=""biển số xe 93""","=""260""","=""0""","=""4""","=""Low""","=""false"""
"=""biển số xe 95""","=""260""","=""0""","=""4""","=""Low""","=""false"""
"=""biển số xe hơi""","=""260""","=""0.06""","=""4""","=""High""","=""false"""
"=""biển số xe tải""","=""260""","=""0""","=""4""","=""High""","=""false"""
"=""biển số xe ô tô đẹp""","=""260""","=""0.11""","=""6""","=""High""","=""false"""
"=""bien so xe cac tinh""","=""210""","=""0.01""","=""5""","=""Low""","=""false"""
"=""biển số 16""","=""210""","=""0""","=""3""","=""Low""","=""false"""
"=""biển số 28 tỉnh nào""","=""210""","=""0""","=""5""","=""Low""","=""false"""
"=""biển số 33""","=""210""","=""0""","=""3""","=""Low""","=""false"""
"=""biển số 37 ở tỉnh nào""","=""210""","=""0""","=""6""","=""Low""","=""true"""
"=""biển số 38 của tỉnh nào""","=""210""","=""0""","=""6""","=""Low""","=""false"""
"=""biển số 39 ở tỉnh nào""","=""210""","=""0""","=""6""","=""Low""","=""true"""
"=""biển số 41""","=""210""","=""0""","=""3""","=""Low""","=""false"""
"=""biển số 70 tỉnh nào""","=""210""","=""0""","=""5""","=""Low""","=""false"""
"=""biển số 73 của tỉnh nào""","=""210""","=""0""","=""6""","=""Low""","=""false"""
"=""biển số 79 của tỉnh nào""","=""210""","=""0""","=""6""","=""Low""","=""true"""
"=""biển số 83 ở tỉnh nào""","=""210""","=""0""","=""6""","=""Low""","=""false"""
"=""biển số 84 là tỉnh nào""","=""210""","=""0""","=""6""","=""Low""","=""false"""
"=""biển số 86 là tỉnh nào""","=""210""","=""0""","=""6""","=""Low""","=""false"""
"=""biển số 93 là tỉnh nào""","=""210""","=""0""","=""6""","=""Low""","=""false"""
"=""biển số 94 tỉnh nào""","=""210""","=""0""","=""5""","=""Low""","=""false"""
"=""biển số 99 tỉnh nào""","=""210""","=""0""","=""5""","=""Low""","=""true"""
"=""biển số giả""","=""210""","=""0""","=""3""","=""High""","=""false"""
"=""biển số oto""","=""210""","=""0.05""","=""3""","=""High""","=""false"""
"=""biển số vàng""","=""210""","=""0""","=""3""","=""Low""","=""true"""
"=""biển số xe 10 ở tỉnh nào""","=""210""","=""0""","=""7""","=""Low""","=""false"""
"=""biển số xe 11""","=""210""","=""0""","=""4""","=""Low""","=""false"""
"=""biển số xe 13 ở tỉnh nào""","=""210""","=""0""","=""7""","=""Low""","=""false"""
"=""biển số xe 14 ở tỉnh nào""","=""210""","=""0""","=""7""","=""Low""","=""false"""
"=""biển số xe 23""","=""210""","=""0""","=""4""","=""Low""","=""false"""
"=""biển số xe 25""","=""210""","=""0""","=""4""","=""Low""","=""false"""
"=""biển số xe 27""","=""210""","=""0""","=""4""","=""Low""","=""false"""
"=""biển số xe 28""","=""210""","=""0""","=""4""","=""Low""","=""false"""
"=""biển số xe 28 ở tỉnh nào""","=""210""","=""0""","=""7""","=""Low""","=""false"""
"=""biển số xe 34 ở tỉnh nào""","=""210""","=""0""","=""7""","=""Low""","=""true"""
"=""biển số xe 35 ở tỉnh nào""","=""210""","=""0""","=""7""","=""Low""","=""false"""
"=""biển số xe 39 tỉnh nào""","=""210""","=""0""","=""6""","=""Low""","=""false"""
"=""biển số xe 43""","=""210""","=""0""","=""4""","=""Low""","=""false"""
"=""biển số xe 48""","=""210""","=""0""","=""4""","=""Low""","=""false"""
"=""biển số xe 51""","=""210""","=""0""","=""4""","=""Low""","=""false"""
"=""biển số xe 64""","=""210""","=""0""","=""4""","=""Low""","=""false"""
"=""biển số xe 66 ở tỉnh nào""","=""210""","=""0""","=""7""","=""Low""","=""false"""
"=""biển số xe 69""","=""210""","=""0""","=""4""","=""Low""","=""false"""
"=""biển số xe 71 ở tỉnh nào""","=""210""","=""0""","=""7""","=""Low""","=""false"""
"=""biển số xe 72 ở tỉnh nào""","=""210""","=""0""","=""7""","=""Low""","=""false"""
"=""biển số xe 73""","=""210""","=""0""","=""4""","=""Low""","=""false"""
"=""biển số xe 73 ở tỉnh nào""","=""210""","=""0""","=""7""","=""Low""","=""false"""
"=""biển số xe 75""","=""210""","=""0""","=""4""","=""Low""","=""false"""
"=""biển số xe 76 ở tỉnh nào""","=""210""","=""0""","=""7""","=""Low""","=""false"""
"=""biển số xe 78 ở tỉnh nào""","=""210""","=""0""","=""7""","=""Low""","=""false"""
"=""biển số xe 83 ở tỉnh nào""","=""210""","=""0""","=""7""","=""Low""","=""false"""
"=""biển số xe 84""","=""210""","=""0""","=""4""","=""Low""","=""false"""
"=""biển số xe 85""","=""210""","=""0""","=""4""","=""Low""","=""false"""
"=""biển số xe 86 ở tỉnh nào""","=""210""","=""0""","=""7""","=""Low""","=""false"""
"=""biển số xe 90 ở tỉnh nào""","=""210""","=""0""","=""7""","=""Low""","=""false"""
"=""biển số xe 94""","=""210""","=""0""","=""4""","=""Low""","=""false"""
"=""biển số xe 98""","=""210""","=""0""","=""4""","=""Low""","=""false"""
"=""biển số xe máy các tỉnh""","=""210""","=""0""","=""6""","=""High""","=""false"""
"=""biển số xe mới""","=""210""","=""0""","=""4""","=""High""","=""false"""
"=""biển số xe đỏ""","=""210""","=""0""","=""4""","=""Low""","=""false"""
"=""biển số 10""","=""170""","=""0""","=""3""","=""Low""","=""false"""
"=""biển số 15 ở tỉnh nào""","=""170""","=""0""","=""6""","=""Low""","=""false"""
"=""biển số 18 ở tỉnh nào""","=""170""","=""0""","=""6""","=""Low""","=""false"""
"=""biển số 23 ở tỉnh nào""","=""170""","=""0""","=""6""","=""Low""","=""false"""
"=""biển số 25 là tỉnh nào""","=""170""","=""0""","=""6""","=""Low""","=""false"""
"=""biển số 28 ở tỉnh nào""","=""170""","=""0""","=""6""","=""Low""","=""true"""
"=""biển số 30 tỉnh nào""","=""170""","=""0""","=""5""","=""Low""","=""false"""
"=""biển số 37 là tỉnh nào""","=""170""","=""0""","=""6""","=""Low""","=""false"""
"=""biển số 54""","=""170""","=""0""","=""3""","=""Low""","=""false"""
"=""biển số 63 tỉnh""","=""170""","=""0""","=""4""","=""Low""","=""false"""
"=""biển số 64 tỉnh thành""","=""170""","=""0.02""","=""5""","=""Low""","=""false"""
"=""biển số 65 thuộc tỉnh nào""","=""170""","=""0""","=""6""","=""Low""","=""true"""
"=""biển số 71 thuộc tỉnh nào""","=""170""","=""0""","=""6""","=""Low""","=""false"""
"=""biển số 72 ở tỉnh nào""","=""170""","=""0""","=""6""","=""Low""","=""false"""
"=""biển số 73 thuộc tỉnh nào""","=""170""","=""0""","=""6""","=""Low""","=""false"""
"=""biển số 73 ở tỉnh nào""","=""170""","=""0""","=""6""","=""Low""","=""true"""
"=""biển số 82 tỉnh nào""","=""170""","=""0""","=""5""","=""Low""","=""true"""
"=""biển số 84 của tỉnh nào""","=""170""","=""0""","=""6""","=""Low""","=""false"""
"=""biển số 86 ở tỉnh nào""","=""170""","=""0""","=""6""","=""Low""","=""false"""
"=""biển số 89 ở tỉnh nào""","=""170""","=""0""","=""6""","=""Low""","=""false"""
"=""biển số 90 ở tỉnh nào""","=""170""","=""0""","=""6""","=""Low""","=""true"""
"=""biển số a""","=""170""","=""0""","=""3""","=""Low""","=""false"""
"=""biển số tạm""","=""170""","=""0""","=""3""","=""Low""","=""false"""
"=""biển số tỉnh""","=""170""","=""0.01""","=""3""","=""Low""","=""false"""
"=""biển số xe 24 tỉnh nào""","=""170""","=""0""","=""6""","=""Low""","=""false"""
"=""biển số xe 25 ở tỉnh nào""","=""170""","=""0.01""","=""7""","=""Low""","=""true"""
"=""biển số xe 26""","=""170""","=""0""","=""4""","=""Low""","=""false"""
"=""biển số xe 26 ở tỉnh nào""","=""170""","=""0""","=""7""","=""Low""","=""false"""
"=""biển số xe 27 ở tỉnh nào""","=""170""","=""0""","=""7""","=""Low""","=""false"""
"=""biển số xe 30 ở tỉnh nào""","=""170""","=""0""","=""7""","=""Low""","=""false"""
"=""biển số xe 36 ở tỉnh nào""","=""170""","=""0""","=""7""","=""Low""","=""false"""
"=""biển số xe 39""","=""170""","=""0""","=""4""","=""Low""","=""false"""
"=""biển số xe 47 các huyện""","=""170""","=""0""","=""6""","=""Low""","=""false"""
"=""biển số xe 48 ở tỉnh nào""","=""170""","=""0""","=""7""","=""Low""","=""true"""
"=""biển số xe 51 ở tỉnh nào""","=""170""","=""0""","=""7""","=""Low""","=""false"""
"=""biển số xe 61 ở tỉnh nào""","=""170""","=""0""","=""7""","=""Low""","=""false"""
"=""biển số xe 62""","=""170""","=""0""","=""4""","=""Low""","=""false"""
"=""biển số xe 65""","=""170""","=""0""","=""4""","=""Low""","=""false"""
"=""biển số xe 65 ở tỉnh nào""","=""170""","=""0""","=""7""","=""Low""","=""true"""
"=""biển số xe 67 ở tỉnh nào""","=""170""","=""0""","=""7""","=""Low""","=""true"""
"=""biển số xe 80""","=""170""","=""0""","=""4""","=""Low""","=""false"""
"=""biển số xe 80a biển xanh""","=""170""","=""0""","=""6""","=""Low""","=""true"""
"=""biển số xe 82""","=""170""","=""0""","=""4""","=""Low""","=""false"""
"=""biển số xe 96 ở tỉnh nào""","=""170""","=""0""","=""7""","=""Low""","=""false"""
"=""biển số xe 97""","=""170""","=""0""","=""4""","=""Low""","=""false"""
"=""biển số 13""","=""140""","=""0""","=""3""","=""Low""","=""false"""
"=""biển số 16 là tỉnh nào""","=""140""","=""0""","=""6""","=""Low""","=""false"""
"=""biển số 20 của tỉnh nào""","=""140""","=""0""","=""6""","=""Low""","=""true"""
"=""biển số 24 ở tỉnh nào""","=""140""","=""0""","=""6""","=""Low""","=""true"""
"=""biển số 49 tỉnh nào""","=""140""","=""0""","=""5""","=""Low""","=""false"""
"=""biển số 72 thuộc tỉnh nào""","=""140""","=""0""","=""6""","=""Low""","=""true"""
"=""biển số 75 là tỉnh nào""","=""140""","=""0""","=""6""","=""Low""","=""false"""
"=""biển số 79 ở tỉnh nào""","=""140""","=""0""","=""6""","=""Low""","=""false"""
"=""biển số 80 ở tỉnh nào""","=""140""","=""0""","=""6""","=""Low""","=""false"""
"=""biển số 80a""","=""140""","=""0""","=""3""","=""Low""","=""true"""
"=""biển số 83 tỉnh nào""","=""140""","=""0""","=""5""","=""Low""","=""false"""
"=""biển số 86 của tỉnh nào""","=""140""","=""0""","=""6""","=""Low""","=""false"""
"=""biển số 88 ở tỉnh nào""","=""140""","=""0""","=""6""","=""Low""","=""false"""
"=""biển số 89 thuộc tỉnh nào""","=""140""","=""0""","=""6""","=""Low""","=""false"""
"=""biển số 92 tỉnh nào""","=""140""","=""0""","=""5""","=""Low""","=""false"""
"=""biển số 95 ở tỉnh nào""","=""140""","=""0""","=""6""","=""Low""","=""false"""
"=""biển số 98 ở tỉnh nào""","=""140""","=""0""","=""6""","=""Low""","=""true"""
"=""biển số 99 của tỉnh nào""","=""140""","=""0""","=""6""","=""Low""","=""false"""
"=""biển số 99 là tỉnh nào""","=""140""","=""0""","=""6""","=""Low""","=""false"""
"=""biển số xe 10""","=""140""","=""0""","=""4""","=""Low""","=""false"""
"=""biển số xe 16 ở tỉnh nào""","=""140""","=""0""","=""7""","=""Low""","=""true"""
"=""biển số xe 29 ở tỉnh nào""","=""140""","=""0""","=""7""","=""Low""","=""true"""
"=""biển số xe 38 ở tỉnh nào""","=""140""","=""0""","=""7""","=""Low""","=""false"""
"=""biển số xe 50cc""","=""140""","=""0""","=""4""","=""Low""","=""false"""
"=""biển số xe 51 ở quận máy""","=""140""","=""0""","=""7""","=""Low""","=""false"""
"=""biển số xe 59 ở tỉnh nào""","=""140""","=""0""","=""7""","=""Low""","=""true"""
"=""biển số xe 69 ở tỉnh nào""","=""140""","=""0""","=""7""","=""Low""","=""true"""
"=""biển số xe 74 ở tỉnh nào""","=""140""","=""0""","=""7""","=""Low""","=""false"""
"=""biển số xe 75 ở tỉnh nào""","=""140""","=""0""","=""7""","=""Low""","=""false"""
"=""biển số xe 80 ở tỉnh nào""","=""140""","=""0""","=""7""","=""Low""","=""true"""
"=""biển số xe 82 ở tỉnh nào""","=""140""","=""0""","=""7""","=""Low""","=""false"""
"=""biển số xe tỉnh""","=""140""","=""0""","=""4""","=""Low""","=""false"""
"=""biển số xe xanh và đỏ""","=""140""","=""0""","=""6""","=""Low""","=""false"""
"=""biển số xe xấu""","=""140""","=""0""","=""4""","=""Low""","=""false"""
"=""bien so 47""","=""110""","=""0""","=""3""","=""Low""","=""false"""
"=""bien so 67""","=""110""","=""0""","=""3""","=""Low""","=""true"""
"=""bien so 68""","=""110""","=""0""","=""3""","=""Low""","=""false"""
"=""bien so 81""","=""110""","=""0""","=""3""","=""Low""","=""false"""
"=""bien so 83""","=""110""","=""0""","=""3""","=""Low""","=""false"""
"=""bien so 86""","=""110""","=""0""","=""3""","=""Low""","=""false"""
"=""bien so 89""","=""110""","=""0""","=""3""","=""Low""","=""false"""
"=""bien so 92""","=""110""","=""0""","=""3""","=""Low""","=""false"""
"=""bien so 93""","=""110""","=""0""","=""3""","=""Low""","=""false"""
"=""bien so 99""","=""110""","=""0""","=""3""","=""Low""","=""false"""
"=""bien so xe dep""","=""110""","=""0.12""","=""4""","=""High""","=""false"""
"=""biển số 11 là tỉnh nào""","=""110""","=""0""","=""6""","=""Low""","=""false"""
"=""biển số 26 tỉnh nào""","=""110""","=""0""","=""5""","=""Low""","=""false"""
"=""biển số 30 ở tỉnh nào""","=""110""","=""0""","=""6""","=""Low""","=""false"""
"=""biển số 34 tỉnh nào""","=""110""","=""0""","=""5""","=""Low""","=""false"""
"=""biển số 35 tỉnh nào""","=""110""","=""0""","=""5""","=""Low""","=""false"""
"=""biển số 36 tỉnh nào""","=""110""","=""0""","=""5""","=""Low""","=""false"""
"=""biển số 40""","=""110""","=""0""","=""3""","=""Low""","=""false"""
"=""biển số 43 là tỉnh nào""","=""110""","=""0""","=""6""","=""Low""","=""false"""
"=""biển số 49 là tỉnh nào""","=""110""","=""0""","=""6""","=""Low""","=""true"""
"=""biển số 52""","=""110""","=""0""","=""3""","=""Low""","=""false"""
"=""biển số 53""","=""110""","=""0""","=""3""","=""Low""","=""false"""
"=""biển số 61 tỉnh nào""","=""110""","=""0""","=""5""","=""Low""","=""false"""
"=""biển số 67 ở tỉnh nào""","=""110""","=""0""","=""6""","=""Low""","=""false"""
"=""biển số 68 là tỉnh nào""","=""110""","=""0""","=""6""","=""Low""","=""false"""
"=""biển số 68 thuộc tỉnh nào""","=""110""","=""0""","=""6""","=""Low""","=""false"""
"=""biển số 68 ở tỉnh nào""","=""110""","=""0""","=""6""","=""Low""","=""false"""
"=""biển số 72 của tỉnh nào""","=""110""","=""0""","=""6""","=""Low""","=""false"""
"=""biển số 74 là tỉnh nào""","=""110""","=""0""","=""6""","=""Low""","=""false"""
"=""biển số 77 là tỉnh nào""","=""110""","=""0""","=""6""","=""Low""","=""false"""
"=""biển số 81 của tỉnh nào""","=""110""","=""0""","=""6""","=""Low""","=""false"""
"=""biển số 85 là tỉnh nào""","=""110""","=""0""","=""6""","=""Low""","=""true"""
"=""biển số 85 tỉnh nào""","=""110""","=""0""","=""5""","=""Low""","=""false"""
"=""biển số 85 ở tỉnh nào""","=""110""","=""0""","=""6""","=""Low""","=""false"""
"=""biển số 86 tỉnh nào""","=""110""","=""0""","=""5""","=""Low""","=""false"""
"=""biển số 87""","=""110""","=""0""","=""3""","=""Low""","=""false"""
"=""biển số 93 của tỉnh nào""","=""110""","=""0""","=""6""","=""Low""","=""false"""
"=""biển số 96""","=""110""","=""0""","=""3""","=""Low""","=""false"""
"=""biển số 98 của tỉnh nào""","=""110""","=""0""","=""6""","=""Low""","=""false"""
"=""biển số tỉnh thành""","=""110""","=""0.01""","=""4""","=""Low""","=""false"""
"=""biển số xe 13""","=""110""","=""0""","=""4""","=""Low""","=""false"""
"=""biển số xe 16""","=""110""","=""0""","=""4""","=""Low""","=""false"""
"=""biển số xe 22 tỉnh nào""","=""110""","=""0""","=""6""","=""Low""","=""false"""
"=""biển số xe 33""","=""110""","=""0""","=""4""","=""Low""","=""false"""
"=""biển số xe 41""","=""110""","=""0""","=""4""","=""Low""","=""false"""
"=""biển số xe 43 ở tỉnh nào""","=""110""","=""0""","=""7""","=""Low""","=""true"""
"=""biển số xe 49 ở tỉnh nào""","=""110""","=""0""","=""7""","=""Low""","=""false"""
"=""biển số xe 60 là tỉnh nào""","=""110""","=""0""","=""7""","=""Low""","=""false"""
"=""biển số xe 67 tỉnh nào""","=""110""","=""0""","=""6""","=""Low""","=""false"""
"=""biển số xe 70 ở tỉnh nào""","=""110""","=""0""","=""7""","=""Low""","=""true"""
"=""biển số xe 89 tỉnh nào""","=""110""","=""0""","=""6""","=""Low""","=""false"""
"=""biển số xe của 63 tỉnh thành""","=""110""","=""0""","=""7""","=""Low""","=""false"""
"=""bien so 18""","=""90""","=""0""","=""3""","=""Low""","=""false"""
"=""bien so 36""","=""90""","=""0""","=""3""","=""Low""","=""false"""
"=""bien so 37""","=""90""","=""0""","=""3""","=""Low""","=""false"""
"=""bien so 43""","=""90""","=""0""","=""3""","=""Low""","=""false"""
"=""bien so 49""","=""90""","=""0""","=""3""","=""Low""","=""false"""
"=""bien so 60""","=""90""","=""0""","=""3""","=""Low""","=""false"""
"=""bien so 63""","=""90""","=""0""","=""3""","=""Low""","=""false"""
"=""bien so 66""","=""90""","=""0""","=""3""","=""Low""","=""false"""
"=""bien so 70""","=""90""","=""0""","=""3""","=""Low""","=""false"""
"=""bien so 71""","=""90""","=""0""","=""3""","=""Low""","=""false"""
"=""bien so 73""","=""90""","=""0""","=""3""","=""Low""","=""false"""
"=""bien so 76""","=""90""","=""0""","=""3""","=""Low""","=""false"""
"=""bien so 77""","=""90""","=""0""","=""3""","=""Low""","=""false"""
"=""bien so 79""","=""90""","=""0""","=""3""","=""Low""","=""false"""
"=""bien so 84""","=""90""","=""0""","=""3""","=""Low""","=""false"""
"=""bien so 85""","=""90""","=""0""","=""3""","=""Low""","=""false"""
"=""bien so 88""","=""90""","=""0""","=""3""","=""Low""","=""false"""
"=""bien so 94""","=""90""","=""0""","=""3""","=""Low""","=""false"""
"=""bien so 95""","=""90""","=""0""","=""3""","=""Low""","=""false"""
"=""bien so xe oto""","=""90""","=""0.05""","=""4""","=""High""","=""false"""
"=""bien số xe các tỉnh""","=""90""","=""0.01""","=""5""","=""Low""","=""false"""
"=""biển số 12 thuộc tỉnh nào""","=""90""","=""0""","=""6""","=""Low""","=""false"""
"=""biển số 13 ở tỉnh nào""","=""90""","=""0""","=""6""","=""Low""","=""false"""
"=""biển số 14 ở tỉnh nào""","=""90""","=""0""","=""6""","=""Low""","=""false"""
"=""biển số 15 thuộc tỉnh nào""","=""90""","=""0""","=""6""","=""Low""","=""false"""
"=""biển số 15 tỉnh nào""","=""90""","=""0""","=""5""","=""Low""","=""false"""
"=""biển số 17 ở tỉnh nào""","=""90""","=""0""","=""6""","=""Low""","=""true"""
"=""biển số 20 ở tỉnh nào""","=""90""","=""0""","=""6""","=""Low""","=""true"""
"=""biển số 21 là tỉnh nào""","=""90""","=""0""","=""6""","=""Low""","=""false"""
"=""biển số 22 là tỉnh nào""","=""90""","=""0""","=""6""","=""Low""","=""true"""
"=""biển số 22 thuộc tỉnh nào""","=""90""","=""0""","=""6""","=""Low""","=""false"""
"=""biển số 24 tỉnh nào""","=""90""","=""0""","=""5""","=""Low""","=""false"""
"=""biển số 26 thuộc tỉnh nào""","=""90""","=""0""","=""6""","=""Low""","=""true"""
"=""biển số 27 tỉnh nào""","=""90""","=""0""","=""5""","=""Low""","=""false"""
"=""biển số 31""","=""90""","=""0""","=""3""","=""Low""","=""false"""
"=""biển số 33 tỉnh nào""","=""90""","=""0""","=""5""","=""Low""","=""false"""
"=""biển số 34 là tỉnh nào""","=""90""","=""0""","=""6""","=""Low""","=""false"""
"=""biển số 37 tỉnh nào""","=""90""","=""0""","=""5""","=""Low""","=""false"""
"=""biển số 38 là tỉnh nào""","=""90""","=""0""","=""6""","=""Low""","=""false"""
"=""biển số 39 của tỉnh nào""","=""90""","=""0""","=""6""","=""Low""","=""false"""
"=""biển số 42""","=""90""","=""0""","=""3""","=""Low""","=""false"""
"=""biển số 47 ở tỉnh nào""","=""90""","=""0""","=""6""","=""Low""","=""false"""
"=""biển số 60 ở tỉnh nào""","=""90""","=""0""","=""6""","=""Low""","=""false"""
"=""biển số 63 tỉnh thành nào""","=""90""","=""0""","=""6""","=""Low""","=""false"""
"=""biển số 66 là tỉnh nào""","=""90""","=""0""","=""6""","=""Low""","=""false"""
"=""biển số 67 tỉnh nào""","=""90""","=""0""","=""5""","=""Low""","=""false"""
"=""biển số 70 của tỉnh nào""","=""90""","=""0""","=""6""","=""Low""","=""false"""
"=""biển số 70 thuộc tỉnh nào""","=""90""","=""0""","=""6""","=""Low""","=""false"""
"=""biển số 71 của tỉnh nào""","=""90""","=""0""","=""6""","=""Low""","=""false"""
"=""biển số 71 là tỉnh nào""","=""90""","=""0""","=""6""","=""Low""","=""false"""
"=""biển số 72 là tỉnh nào""","=""90""","=""0""","=""6""","=""Low""","=""false"""
"=""biển số 74 tỉnh nào""","=""90""","=""0""","=""5""","=""Low""","=""true"""
"=""biển số 75 tỉnh nào""","=""90""","=""0""","=""5""","=""Low""","=""false"""
"=""biển số 75 ở tỉnh nào""","=""90""","=""0""","=""6""","=""Low""","=""false"""
"=""biển số 76 của tỉnh nào""","=""90""","=""0""","=""6""","=""Low""","=""true"""
"=""biển số 79 tỉnh nào""","=""90""","=""0""","=""5""","=""Low""","=""false"""
"=""biển số 81 là tỉnh nào""","=""90""","=""0""","=""6""","=""Low""","=""false"""
"=""biển số 82 của tỉnh nào""","=""90""","=""0""","=""6""","=""Low""","=""false"""
"=""biển số 83 là tỉnh nào""","=""90""","=""0""","=""6""","=""Low""","=""false"""
"=""biển số 84 tỉnh nào""","=""90""","=""0""","=""5""","=""Low""","=""false"""
"=""biển số 88 là tỉnh nào""","=""90""","=""0""","=""6""","=""Low""","=""false"""
"=""biển số 91""","=""90""","=""0""","=""3""","=""Low""","=""false"""
"=""biển số 92 thuộc tỉnh nào""","=""90""","=""0""","=""6""","=""Low""","=""false"""
"=""biển số 94 là tỉnh nào""","=""90""","=""0""","=""6""","=""Low""","=""false"""
"=""biển số 94 thuộc tỉnh nào""","=""90""","=""0""","=""6""","=""Low""","=""false"""
"=""biển số dài""","=""90""","=""0""","=""3""","=""High""","=""false"""
"=""biển số miền bắc""","=""90""","=""0""","=""4""","=""Low""","=""false"""
"=""biển số mới""","=""90""","=""0""","=""3""","=""High""","=""false"""
"=""biển số tạm thời""","=""90""","=""0""","=""4""","=""Low""","=""false"""
"=""biển số xe 39 ở tỉnh nào""","=""90""","=""0""","=""7""","=""Low""","=""false"""
"=""biển số xe 62 ở tỉnh nào""","=""90""","=""0""","=""7""","=""Low""","=""false"""
"=""biển số xe 71 tỉnh nào""","=""90""","=""0""","=""6""","=""Low""","=""false"""
"=""biển số xe 77 ở tỉnh nào""","=""90""","=""0""","=""7""","=""Low""","=""false"""
"=""biển số xe 81 thuộc tỉnh nào""","=""90""","=""0""","=""7""","=""Low""","=""false"""
"=""biển số xe 85 ở tỉnh nào""","=""90""","=""0""","=""7""","=""Low""","=""false"""
"=""biển số xe 87 ở tỉnh nào""","=""90""","=""0""","=""7""","=""Low""","=""false"""
"=""biển số xe 92 của tỉnh nào""","=""90""","=""0""","=""7""","=""Low""","=""false"""
"=""biển số xe 99 tỉnh nào""","=""90""","=""0""","=""6""","=""Low""","=""false"""
"=""biển số xe aa""","=""90""","=""0""","=""4""","=""Low""","=""false"""
"=""biển số xe công an""","=""90""","=""0""","=""5""","=""Low""","=""true"""
"=""biển số xe cơ giới""","=""90""","=""0""","=""5""","=""Low""","=""false"""
"=""biển số xe của các tỉnh thành""","=""90""","=""0.01""","=""7""","=""Low""","=""false"""
"=""biển số xe giả""","=""90""","=""0""","=""4""","=""High""","=""false"""
"=""biển số xe hợp tuổi""","=""90""","=""0""","=""5""","=""Low""","=""false"""
"=""biển số xe vàng""","=""90""","=""0""","=""4""","=""Low""","=""false"""
"=""biển số xấu""","=""90""","=""0""","=""3""","=""Low""","=""false"""
"=""bien so 15""","=""70""","=""0""","=""3""","=""Low""","=""false"""
"=""bien so 17""","=""70""","=""0""","=""3""","=""Low""","=""false"""
"=""bien so 22""","=""70""","=""0""","=""3""","=""Low""","=""false"""
"=""bien so 30""","=""70""","=""0""","=""3""","=""Low""","=""false"""
"=""bien so 34""","=""70""","=""0""","=""3""","=""Low""","=""false"""
"=""bien so 35""","=""70""","=""0""","=""3""","=""Low""","=""false"""
"=""bien so 38""","=""70""","=""0""","=""3""","=""Low""","=""false"""
"=""bien so 61""","=""70""","=""0""","=""3""","=""Low""","=""true"""
"=""bien so 62""","=""70""","=""0""","=""3""","=""Low""","=""false"""
"=""bien so 64""","=""70""","=""0""","=""3""","=""Low""","=""false"""
"=""bien so 65""","=""70""","=""0""","=""3""","=""Low""","=""false"""
"=""bien so 69""","=""70""","=""0""","=""3""","=""Low""","=""false"""
"=""bien so 72""","=""70""","=""0""","=""3""","=""Low""","=""false"""
"=""bien so 74""","=""70""","=""0""","=""3""","=""Low""","=""false"""
"=""bien so 75""","=""70""","=""0""","=""3""","=""Low""","=""true"""
"=""bien so 78""","=""70""","=""0""","=""3""","=""Low""","=""false"""
"=""bien so 82""","=""70""","=""0""","=""3""","=""Low""","=""false"""
"=""bien so 90""","=""70""","=""0""","=""3""","=""Low""","=""false"""
"=""bien so 98""","=""70""","=""0""","=""3""","=""Low""","=""false"""
"=""bien so cac tinh""","=""70""","=""0""","=""4""","=""Low""","=""false"""
"=""bien so phong thuy""","=""70""","=""0""","=""4""","=""Low""","=""false"""
"=""biển số 10 là tỉnh nào""","=""70""","=""0""","=""6""","=""Low""","=""false"""
"=""biển số 12 là tỉnh nào""","=""70""","=""0""","=""6""","=""Low""","=""true"""
"=""biển số 14 là tỉnh nào""","=""70""","=""0""","=""6""","=""Low""","=""false"""
"=""biển số 17 là tỉnh nào""","=""70""","=""0""","=""6""","=""Low""","=""false"""
"=""biển số 19 là tỉnh nào""","=""70""","=""0""","=""6""","=""Low""","=""false"""
"=""biển số 19 ở tỉnh nào""","=""70""","=""0""","=""6""","=""Low""","=""false"""
"=""biển số 21 tỉnh nào""","=""70""","=""0""","=""5""","=""Low""","=""false"""
"=""biển số 23 tỉnh nào""","=""70""","=""0""","=""5""","=""Low""","=""false"""
"=""biển số 24 là tỉnh nào""","=""70""","=""0""","=""6""","=""Low""","=""false"""
"=""biển số 32""","=""70""","=""0""","=""3""","=""Low""","=""false"""
"=""biển số 34 ở tỉnh nào""","=""70""","=""0""","=""6""","=""Low""","=""false"""
"=""biển số 35 là tỉnh nào""","=""70""","=""0""","=""6""","=""Low""","=""false"""
"=""biển số 38 tỉnh nào""","=""70""","=""0""","=""5""","=""Low""","=""true"""
"=""biển số 38 ở tỉnh nào""","=""70""","=""0""","=""6""","=""Low""","=""false"""
"=""biển số 43 của tỉnh nào""","=""70""","=""0""","=""6""","=""Low""","=""false"""
"=""biển số 43 thuộc tỉnh nào""","=""70""","=""0""","=""6""","=""Low""","=""false"""
"=""biển số 43 ở tỉnh nào""","=""70""","=""0""","=""6""","=""Low""","=""true"""
"=""biển số 44""","=""70""","=""0""","=""3""","=""Low""","=""false"""
"=""biển số 45""","=""70""","=""0""","=""3""","=""Low""","=""false"""
"=""biển số 46""","=""70""","=""0""","=""3""","=""Low""","=""false"""
"=""biển số 47 thuộc tỉnh nào""","=""70""","=""0""","=""6""","=""Low""","=""false"""
"=""biển số 55""","=""70""","=""0""","=""3""","=""Low""","=""false"""
"=""biển số 59 là tỉnh nào""","=""70""","=""0""","=""6""","=""Low""","=""false"""
"=""biển số 61 thuộc tỉnh nào""","=""70""","=""0""","=""6""","=""Low""","=""false"""
"=""biển số 62 thuộc tỉnh nào""","=""70""","=""0""","=""6""","=""Low""","=""false"""
"=""biển số 63 là tỉnh nào""","=""70""","=""0""","=""6""","=""Low""","=""true"""
"=""biển số 64 thuộc tỉnh nào""","=""70""","=""0""","=""6""","=""Low""","=""false"""
"=""biển số 65 ở tỉnh nào""","=""70""","=""0""","=""6""","=""Low""","=""false"""
"=""biển số 66 thuộc tỉnh nào""","=""70""","=""0""","=""6""","=""Low""","=""true"""
"=""biển số 67 thuộc tỉnh nào""","=""70""","=""0""","=""6""","=""Low""","=""false"""
"=""biển số 69 ở tỉnh nào""","=""70""","=""0""","=""6""","=""Low""","=""false"""
"=""biển số 74 thuộc tỉnh nào""","=""70""","=""0""","=""6""","=""Low""","=""false"""
"=""biển số 76 thuộc tỉnh nào""","=""70""","=""0""","=""6""","=""Low""","=""false"""
"=""biển số 76 tỉnh nào""","=""70""","=""0""","=""5""","=""Low""","=""false"""
"=""biển số 83 thuộc tỉnh nào""","=""70""","=""0""","=""6""","=""Low""","=""false"""
"=""biển số 85 thuộc tỉnh nào""","=""70""","=""0""","=""6""","=""Low""","=""false"""
"=""biển số 86 thuộc tỉnh nào""","=""70""","=""0""","=""6""","=""Low""","=""false"""
"=""biển số 90 tỉnh nào""","=""70""","=""0""","=""5""","=""Low""","=""false"""
"=""biển số 92 là tỉnh nào""","=""70""","=""0""","=""6""","=""Low""","=""false"""
"=""biển số 94 ở tỉnh nào""","=""70""","=""0""","=""6""","=""Low""","=""false"""
"=""biển số 95 của tỉnh nào""","=""70""","=""0""","=""6""","=""Low""","=""false"""
"=""biển số 99 thuộc tỉnh nào""","=""70""","=""0""","=""6""","=""Low""","=""true"""
"=""biển số xe 17 là tỉnh nào""","=""70""","=""0""","=""7""","=""Low""","=""true"""
"=""biển số xe 18 tỉnh nào""","=""70""","=""0""","=""6""","=""Low""","=""false"""
"=""biển số xe 30 là tỉnh nào""","=""70""","=""0""","=""7""","=""Low""","=""false"""
"=""biển số xe 36 tỉnh nào""","=""70""","=""0""","=""6""","=""Low""","=""false"""
"=""biển số xe 38 tỉnh nào""","=""70""","=""0""","=""6""","=""Low""","=""false"""
"=""biển số xe 4 số""","=""70""","=""0""","=""5""","=""Medium""","=""false"""
"=""biển số xe 40""","=""70""","=""0""","=""4""","=""Low""","=""false"""
"=""biển số xe 40 ở tỉnh nào""","=""70""","=""0""","=""7""","=""Low""","=""false"""
"=""biển số xe 41 ở tỉnh nào""","=""70""","=""0""","=""7""","=""Low""","=""false"""
"=""biển số xe 44""","=""70""","=""0""","=""4""","=""Low""","=""false"""
"=""biển số xe 49 là tỉnh nào""","=""70""","=""0""","=""7""","=""Low""","=""true"""
"=""biển số xe 5 số có từ năm nào""","=""70""","=""0""","=""9""","=""Low""","=""false"""
"=""biển số xe 54""","=""70""","=""0""","=""4""","=""Low""","=""false"""
"=""biển số xe 54 ở tỉnh nào""","=""70""","=""0""","=""7""","=""Low""","=""false"""
"=""biển số xe 60 tỉnh nào""","=""70""","=""0""","=""6""","=""Low""","=""false"""
"=""biển số xe 61 tỉnh nào""","=""70""","=""0""","=""6""","=""Low""","=""false"""
"=""biển số xe 62 thuộc tỉnh nào""","=""70""","=""0""","=""7""","=""Low""","=""false"""
"=""biển số xe 63 tỉnh""","=""70""","=""0""","=""5""","=""Low""","=""false"""
"=""biển số xe 67 của tỉnh nào""","=""70""","=""0""","=""7""","=""Low""","=""true"""
"=""biển số xe 77 tỉnh nào""","=""70""","=""0""","=""6""","=""Low""","=""true"""
"=""biển số xe 81 tỉnh nào""","=""70""","=""0""","=""6""","=""Low""","=""false"""
"=""biển số xe 85 tỉnh nào""","=""70""","=""0""","=""6""","=""Low""","=""false"""
"=""biển số xe 86 là tỉnh nào""","=""70""","=""0""","=""7""","=""Low""","=""true"""
"=""biển số xe 86 thuộc tỉnh nào""","=""70""","=""0""","=""7""","=""Low""","=""false"""
"=""biển số xe 86 tỉnh nào""","=""70""","=""0""","=""6""","=""Low""","=""true"""
"=""biển số xe 87""","=""70""","=""0""","=""4""","=""Low""","=""false"""
"=""biển số xe 88 thuộc tỉnh nào""","=""70""","=""0""","=""7""","=""Low""","=""false"""
"=""biển số xe 9 nút""","=""70""","=""0""","=""5""","=""Low""","=""true"""
"=""biển số xe 92 tỉnh nào""","=""70""","=""0""","=""6""","=""Low""","=""false"""
"=""biển số xe 93 thuộc tỉnh nào""","=""70""","=""0""","=""7""","=""Low""","=""false"""
"=""biển số xe 94 của tỉnh nào""","=""70""","=""0""","=""7""","=""Low""","=""false"""
"=""biển số xe 94 tỉnh nào""","=""70""","=""0""","=""6""","=""Low""","=""false"""
"=""biển số xe 99 thuộc tỉnh nào""","=""70""","=""0""","=""7""","=""Low""","=""false"""
"=""biển số xe khách""","=""70""","=""0""","=""4""","=""Low""","=""false"""
"=""biển số xe phong thủy online""","=""70""","=""0""","=""6""","=""Low""","=""false"""
"=""biển số xe xanh""","=""70""","=""0""","=""4""","=""Low""","=""false"""
"=""biển số xe đẹp hay xấu""","=""70""","=""0""","=""6""","=""Low""","=""false"""
"=""bien so 19""","=""50""","=""0""","=""3""","=""Low""","=""false"""
"=""bien so 20""","=""50""","=""0""","=""3""","=""Low""","=""false"""
"=""bien so 24""","=""50""","=""0""","=""3""","=""Low""","=""false"""
"=""bien so 29""","=""50""","=""0""","=""3""","=""Low""","=""false"""
"=""bien so 48""","=""50""","=""0""","=""3""","=""Low""","=""true"""
"=""bien so xe 99""","=""50""","=""0""","=""4""","=""Low""","=""false"""
"=""biển số 1""","=""50""","=""0""","=""3""","=""Low""","=""false"""
"=""biển số 10 thuộc tỉnh nào""","=""50""","=""0""","=""6""","=""Low""","=""true"""
"=""biển số 10 ở tỉnh nào""","=""50""","=""0""","=""6""","=""Low""","=""false"""
"=""biển số 11 của tỉnh nào""","=""50""","=""0""","=""6""","=""Low""","=""true"""
"=""biển số 11 tỉnh nào""","=""50""","=""0""","=""5""","=""Low""","=""false"""
"=""biển số 20 thuộc tỉnh nào""","=""50""","=""0""","=""6""","=""Low""","=""false"""
"=""biển số 21 của tỉnh nào""","=""50""","=""0""","=""6""","=""Low""","=""false"""
"=""biển số 21 thuộc tỉnh nào""","=""50""","=""0""","=""6""","=""Low""","=""false"""
"=""biển số 22 là của tỉnh nào""","=""50""","=""0""","=""7""","=""Low""","=""false"""
"=""biển số 23 là tỉnh nào""","=""50""","=""0""","=""6""","=""Low""","=""false"""
"=""biển số 25 tỉnh nào""","=""50""","=""0""","=""5""","=""Low""","=""false"""
"=""biển số 27 là tỉnh nào""","=""50""","=""0""","=""6""","=""Low""","=""false"""
"=""biển số 28 của tỉnh nào""","=""50""","=""0""","=""6""","=""Low""","=""false"""
"=""biển số 29 tỉnh nào""","=""50""","=""0""","=""5""","=""Low""","=""false"""
"=""biển số 29 ở tỉnh nào""","=""50""","=""0""","=""6""","=""Low""","=""false"""
"=""biển số 30 là tỉnh nào""","=""50""","=""0""","=""6""","=""Low""","=""false"""
"=""biển số 37 thuộc tỉnh nào""","=""50""","=""0""","=""6""","=""Low""","=""false"""
"=""biển số 39 tỉnh nào""","=""50""","=""0""","=""5""","=""Low""","=""false"""
"=""biển số 47 là tỉnh nào""","=""50""","=""0""","=""6""","=""Low""","=""false"""
"=""biển số 51 tỉnh nào""","=""50""","=""0""","=""5""","=""Low""","=""false"""
"=""biển số 51h""","=""50""","=""0""","=""3""","=""Low""","=""true"""
"=""biển số 63 ở tỉnh nào""","=""50""","=""0""","=""6""","=""Low""","=""true"""
"=""biển số 65 là tỉnh nào""","=""50""","=""0""","=""6""","=""Low""","=""false"""
"=""biển số 69 thuộc tỉnh nào""","=""50""","=""0""","=""6""","=""Low""","=""false"""
"=""biển số 70 là tỉnh nào""","=""50""","=""0""","=""6""","=""Low""","=""true"""
"=""biển số 71 ở tỉnh nào""","=""50""","=""0""","=""6""","=""Low""","=""false"""
"=""biển số 73 là tỉnh nào""","=""50""","=""0""","=""6""","=""Low""","=""false"""
"=""biển số 74 của tỉnh nào""","=""50""","=""0""","=""6""","=""Low""","=""false"""
"=""biển số 76 là tỉnh nào""","=""50""","=""0""","=""6""","=""Low""","=""false"""
"=""biển số 77 thuộc tỉnh nào""","=""50""","=""0""","=""6""","=""Low""","=""false"""
"=""biển số 77 ở tỉnh nào""","=""50""","=""0""","=""6""","=""Low""","=""false"""
"=""biển số 79 thuộc tỉnh nào""","=""50""","=""0""","=""6""","=""Low""","=""false"""
"=""biển số 82 ở tỉnh nào""","=""50""","=""0""","=""6""","=""Low""","=""false"""
"=""biển số 88 thuộc tỉnh nào""","=""50""","=""0""","=""6""","=""Low""","=""false"""
"=""biển số 89 là tỉnh nào""","=""50""","=""0""","=""6""","=""Low""","=""false"""
"=""biển số 94 của tỉnh nào""","=""50""","=""0""","=""6""","=""Low""","=""false"""
"=""biển số 97 tỉnh nào""","=""50""","=""0""","=""5""","=""Low""","=""false"""
"=""biển số 98 thuộc tỉnh nào""","=""50""","=""0""","=""6""","=""Low""","=""false"""
"=""biển số 99 là của tỉnh nào""","=""50""","=""0""","=""7""","=""Low""","=""false"""
"=""biển số kt""","=""50""","=""0""","=""3""","=""Low""","=""false"""
"=""biển số miền nam""","=""50""","=""0""","=""4""","=""Low""","=""false"""
"=""biển số thành phố""","=""50""","=""0""","=""4""","=""Low""","=""false"""
"=""biển số xe 22 thuộc tỉnh nào""","=""50""","=""0""","=""7""","=""Low""","=""false"""
"=""biển số xe 27 là ở tỉnh nào""","=""50""","=""0""","=""8""","=""Low""","=""false"""
"=""biển số xe 28 tỉnh nào""","=""50""","=""0""","=""6""","=""Low""","=""false"""
"=""biển số xe 31""","=""50""","=""0""","=""4""","=""Low""","=""false"""
"=""biển số xe 32""","=""50""","=""0""","=""4""","=""Low""","=""false"""
"=""biển số xe 34 tỉnh nào""","=""50""","=""0""","=""6""","=""Low""","=""false"""
"=""biển số xe 45""","=""50""","=""0""","=""4""","=""Low""","=""false"""
"=""biển số xe 60k""","=""50""","=""0""","=""4""","=""High""","=""false"""
"=""biển số xe 61 là tỉnh nào""","=""50""","=""0""","=""7""","=""Low""","=""true"""
"=""biển số xe 63 ở tỉnh nào""","=""50""","=""0""","=""7""","=""Low""","=""true"""
"=""biển số xe 64 ở tỉnh nào""","=""50""","=""0""","=""7""","=""Low""","=""false"""
"=""biển số xe 67 thuộc tỉnh nào""","=""50""","=""0""","=""7""","=""Low""","=""false"""
"=""biển số xe 68 tỉnh nào""","=""50""","=""0""","=""6""","=""Low""","=""false"""
"=""biển số xe 69 tỉnh nào""","=""50""","=""0""","=""6""","=""Low""","=""false"""
"=""biển số xe 74 thuộc tỉnh nào""","=""50""","=""0""","=""7""","=""Low""","=""false"""
"=""biển số xe 75 tỉnh nào""","=""50""","=""0""","=""6""","=""Low""","=""true"""
"=""biển số xe 79 tỉnh nào""","=""50""","=""0""","=""6""","=""Low""","=""false"""
"=""biển số xe 80 xanh""","=""50""","=""0""","=""5""","=""Low""","=""false"""
"=""biển số xe 88 tỉnh nào""","=""50""","=""0""","=""6""","=""Low""","=""false"""
"=""biển số xe 89 thuộc tỉnh nào""","=""50""","=""0""","=""7""","=""Low""","=""false"""
"=""biển số xe 91""","=""50""","=""0""","=""4""","=""Low""","=""false"""
"=""biển số xe 93 tỉnh nào""","=""50""","=""0""","=""6""","=""Low""","=""false"""
"=""biển số xe 96""","=""50""","=""0""","=""4""","=""Low""","=""false"""
"=""biển số xe 99 của tỉnh nào""","=""50""","=""0""","=""7""","=""Low""","=""false"""
"=""biển số xe các tỉnh miền bắc""","=""50""","=""0""","=""7""","=""Low""","=""false"""
"=""biển số xe hà tây""","=""50""","=""0""","=""5""","=""Low""","=""false"""
"=""biển số xe hà tây cũ""","=""50""","=""0""","=""6""","=""Low""","=""false"""
"=""biển số xe miền bắc""","=""50""","=""0""","=""5""","=""Low""","=""false"""
"=""biển số xe như nào là đẹp""","=""50""","=""0""","=""7""","=""Medium""","=""false"""
"=""biển số xe tỉnh thành""","=""50""","=""0""","=""5""","=""Low""","=""false"""
"=""biển số xe tứ quý 4""","=""50""","=""0""","=""6""","=""Low""","=""false"""
"=""bien so 12""","=""40""","=""0""","=""3""","=""Low""","=""false"""
"=""bien so 14""","=""40""","=""0""","=""3""","=""Low""","=""false"""
"=""bien so 21""","=""40""","=""0""","=""3""","=""Low""","=""false"""
"=""bien so 23""","=""40""","=""0""","=""3""","=""Low""","=""false"""
"=""bien so 25""","=""40""","=""0""","=""3""","=""Low""","=""false"""
"=""bien so 28""","=""40""","=""0""","=""3""","=""Low""","=""false"""
"=""bien so 39""","=""40""","=""0""","=""3""","=""Low""","=""false"""
"=""bien so 59""","=""40""","=""0""","=""3""","=""Low""","=""false"""
"=""bien so xe 18""","=""40""","=""0""","=""4""","=""Low""","=""false"""
"=""bien so xe 36""","=""40""","=""0""","=""4""","=""Low""","=""false"""
"=""bien so xe 47""","=""40""","=""0""","=""4""","=""Low""","=""false"""
"=""bien so xe 67""","=""40""","=""0""","=""4""","=""Low""","=""false"""
"=""bien so xe 68""","=""40""","=""0""","=""4""","=""Low""","=""false"""
"=""bien so xe 79""","=""40""","=""0""","=""4""","=""Low""","=""false"""
"=""bien so xe 81""","=""40""","=""0""","=""4""","=""Low""","=""false"""
"=""bien so xe 86""","=""40""","=""0""","=""4""","=""Low""","=""false"""
"=""bien so xe 88""","=""40""","=""0""","=""4""","=""Low""","=""false"""
"=""bien so xe 89""","=""40""","=""0""","=""4""","=""Low""","=""false"""
"=""bien so xe 94""","=""40""","=""0""","=""4""","=""Low""","=""false"""
"=""bien so xe phong thuy""","=""40""","=""0""","=""5""","=""Low""","=""false"""
"=""biển số 10 của tỉnh nào""","=""40""","=""0""","=""6""","=""Low""","=""false"""
"=""biển số 16 tỉnh nào""","=""40""","=""0""","=""5""","=""Low""","=""false"""
"=""biển số 34 thuộc tỉnh nào""","=""40""","=""0""","=""6""","=""Low""","=""true"""
"=""biển số 38 thuộc tỉnh nào""","=""40""","=""0""","=""6""","=""Low""","=""false"""
"=""biển số 39 thuộc tỉnh nào""","=""40""","=""0""","=""6""","=""Low""","=""false"""
"=""biển số 41 tỉnh nào""","=""40""","=""0""","=""5""","=""Low""","=""false"""
"=""biển số 48 thuộc tỉnh nào""","=""40""","=""0""","=""6""","=""Low""","=""false"""
"=""biển số 5 số có từ năm nào""","=""40""","=""0""","=""8""","=""Low""","=""false"""
"=""biển số 56""","=""40""","=""0""","=""3""","=""Low""","=""false"""
"=""biển số 57""","=""40""","=""0""","=""3""","=""Low""","=""false"""
"=""biển số 58""","=""40""","=""0""","=""3""","=""Low""","=""false"""
"=""biển số 66 của tỉnh nào""","=""40""","=""0""","=""6""","=""Low""","=""false"""
"=""biển số 75 thuộc tỉnh nào""","=""40""","=""0""","=""6""","=""Low""","=""false"""
"=""biển số 78 thuộc tỉnh nào""","=""40""","=""0""","=""6""","=""Low""","=""false"""
"=""biển số 81 thuộc tỉnh nào""","=""40""","=""0""","=""6""","=""Low""","=""true"""
"=""biển số 82 là tỉnh nào""","=""40""","=""0""","=""6""","=""Low""","=""true"""
"=""biển số 84 thuộc tỉnh nào""","=""40""","=""0""","=""6""","=""Low""","=""false"""
"=""biển số 90 thuộc tỉnh nào""","=""40""","=""0""","=""6""","=""Low""","=""false"""
"=""biển số 95 thuộc tỉnh nào""","=""40""","=""0""","=""6""","=""Low""","=""true"""
"=""biển số 97 ở tỉnh nào""","=""40""","=""0""","=""6""","=""Low""","=""false"""
"=""biển số a1""","=""40""","=""0""","=""3""","=""Low""","=""false"""
"=""biển số hà tây""","=""40""","=""0""","=""4""","=""Low""","=""false"""
"=""biển số thần tài""","=""40""","=""0""","=""4""","=""Low""","=""true"""
"=""biển số xe 20 tỉnh nào""","=""40""","=""0""","=""6""","=""Low""","=""true"""
"=""biển số xe 23 tỉnh nào""","=""40""","=""0""","=""6""","=""Low""","=""true"""
"=""biển số xe 30 tỉnh nào""","=""40""","=""0""","=""6""","=""Low""","=""false"""
"=""biển số xe 37 là tỉnh nào""","=""40""","=""0""","=""7""","=""Low""","=""false"""
"=""biển số xe 42""","=""40""","=""0""","=""4""","=""Low""","=""false"""
"=""biển số xe 46""","=""40""","=""0""","=""4""","=""Low""","=""false"""
"=""biển số xe 47 của tỉnh nào""","=""40""","=""0""","=""7""","=""Low""","=""false"""
"=""biển số xe 47 thuộc tỉnh nào""","=""40""","=""0""","=""7""","=""Low""","=""false"""
"=""biển số xe 52""","=""40""","=""0""","=""4""","=""Low""","=""false"""
"=""biển số xe 55""","=""40""","=""0""","=""4""","=""Low""","=""false"""
"=""biển số xe 63 tỉnh nào""","=""40""","=""0""","=""6""","=""Low""","=""false"""
"=""biển số xe 65 tỉnh nào""","=""40""","=""0""","=""6""","=""Low""","=""false"""
"=""biển số xe 66 tỉnh nào""","=""40""","=""0""","=""6""","=""Low""","=""true"""
"=""biển số xe 68 thuộc tỉnh nào""","=""40""","=""0""","=""7""","=""Low""","=""true"""
"=""biển số xe 70 thuộc tỉnh nào""","=""40""","=""0""","=""7""","=""Low""","=""false"""
"=""biển số xe 73 tỉnh nào""","=""40""","=""0""","=""6""","=""Low""","=""false"""
"=""biển số xe 76 là của tỉnh nào""","=""40""","=""0""","=""8""","=""Low""","=""true"""
"=""biển số xe 76 thuộc tỉnh nào""","=""40""","=""0""","=""7""","=""Low""","=""false"""
"=""biển số xe 92 thuộc tỉnh nào""","=""40""","=""0""","=""7""","=""Low""","=""false"""
"=""biển số xe 95 của tỉnh nào""","=""40""","=""0""","=""7""","=""Low""","=""false"""
"=""biển số xe 95 tỉnh nào""","=""40""","=""0""","=""6""","=""Low""","=""false"""
"=""biển số xe 99 là tỉnh nào""","=""40""","=""0""","=""7""","=""Low""","=""false"""
"=""biển số xe cub 50""","=""40""","=""0""","=""5""","=""Low""","=""false"""
"=""biển số xe các tinh""","=""40""","=""0""","=""5""","=""Low""","=""false"""
"=""biển số xe phong thủy đẹp""","=""40""","=""0""","=""6""","=""Medium""","=""false"""
"=""biển số xe thành phố""","=""40""","=""0""","=""5""","=""Low""","=""false"""
"=""bien so 11""","=""30""","=""0""","=""3""","=""Low""","=""false"""
"=""bien so 27""","=""30""","=""0""","=""3""","=""Low""","=""false"""
"=""bien so 51""","=""30""","=""0""","=""3""","=""Low""","=""false"""
"=""bien so 80""","=""30""","=""0""","=""3""","=""Low""","=""true"""
"=""bien so 97""","=""30""","=""0""","=""3""","=""Low""","=""false"""
"=""bien so xe 15""","=""30""","=""0""","=""4""","=""Low""","=""false"""
"=""bien so xe 17""","=""30""","=""0""","=""4""","=""Low""","=""false"""
"=""bien so xe 19""","=""30""","=""0""","=""4""","=""Low""","=""false"""
"=""bien so xe 29""","=""30""","=""0""","=""4""","=""Low""","=""false"""
"=""bien so xe 37""","=""30""","=""0""","=""4""","=""Low""","=""false"""
"=""bien so xe 38""","=""30""","=""0""","=""4""","=""Low""","=""false"""
"=""bien so xe 49""","=""30""","=""0""","=""4""","=""Low""","=""false"""
"=""bien so xe 60""","=""30""","=""0""","=""4""","=""Low""","=""true"""
"=""bien so xe 61""","=""30""","=""0""","=""4""","=""Low""","=""false"""
"=""bien so xe 63""","=""30""","=""0""","=""4""","=""Low""","=""false"""
"=""bien so xe 64""","=""30""","=""0""","=""4""","=""Low""","=""false"""
"=""bien so xe 66""","=""30""","=""0""","=""4""","=""Low""","=""false"""
"=""bien so xe 69""","=""30""","=""0""","=""4""","=""Low""","=""false"""
"=""bien so xe 70""","=""30""","=""0""","=""4""","=""Low""","=""false"""
"=""bien so xe 71""","=""30""","=""0""","=""4""","=""Low""","=""false"""
"=""bien so xe 74""","=""30""","=""0""","=""4""","=""Low""","=""false"""
"=""bien so xe 76""","=""30""","=""0""","=""4""","=""Low""","=""false"""
"=""bien so xe 77""","=""30""","=""0""","=""4""","=""Low""","=""false"""
"=""bien so xe 78""","=""30""","=""0""","=""4""","=""Low""","=""false"""
"=""bien so xe 83""","=""30""","=""0""","=""4""","=""Low""","=""false"""
"=""bien so xe 84""","=""30""","=""0""","=""4""","=""Low""","=""false"""
"=""bien so xe 85""","=""30""","=""0""","=""4""","=""Low""","=""false"""
"=""bien so xe 92""","=""30""","=""0""","=""4""","=""Low""","=""false"""
"=""bien so xe 93""","=""30""","=""0""","=""4""","=""Low""","=""false"""
"=""bien so xe 95""","=""30""","=""0""","=""4""","=""Low""","=""false"""
"=""bien so xe cac tinh thanh""","=""30""","=""0""","=""6""","=""Low""","=""false"""
"=""biên sô xe 63 tinh thanh""","=""30""","=""0""","=""6""","=""Low""","=""true"""
"=""biển số 18 thuộc tỉnh nào""","=""30""","=""0""","=""6""","=""Low""","=""true"""
"=""biển số 25 là của tỉnh nào""","=""30""","=""0""","=""7""","=""Low""","=""false"""
"=""biển số 26 là tỉnh nào""","=""30""","=""0""","=""6""","=""Low""","=""false"""
"=""biển số 33 là tỉnh nào""","=""30""","=""0""","=""6""","=""Low""","=""false"""
"=""biển số 48 của tỉnh nào""","=""30""","=""0""","=""6""","=""Low""","=""false"""
"=""biển số 54 ở tỉnh nào""","=""30""","=""0""","=""6""","=""Low""","=""false"""
"=""biển số 62 tỉnh thành""","=""30""","=""0""","=""5""","=""Low""","=""false"""
"=""biển số 9 nút""","=""30""","=""0""","=""4""","=""Medium""","=""false"""
"=""biển số 97 thuộc tỉnh nào""","=""30""","=""0""","=""6""","=""Low""","=""false"""
"=""biển số 99999""","=""30""","=""0""","=""3""","=""Low""","=""false"""
"=""biển số các quận""","=""30""","=""0""","=""4""","=""Low""","=""true"""
"=""biển số của 63 tỉnh thành""","=""30""","=""0""","=""6""","=""Low""","=""false"""
"=""biển số gánh""","=""30""","=""0""","=""3""","=""Low""","=""false"""
"=""biển số xanh dương""","=""30""","=""0""","=""4""","=""Low""","=""false"""
"=""biển số xe 14 tỉnh nào""","=""30""","=""0""","=""6""","=""Low""","=""false"""
"=""biển số xe 26 tỉnh nào""","=""30""","=""0""","=""6""","=""Low""","=""false"""
"=""biển số xe 27 tỉnh nào""","=""30""","=""0""","=""6""","=""Low""","=""false"""
"=""biển số xe 39 có từ nam nào""","=""30""","=""0""","=""8""","=""Low""","=""false"""
"=""biển số xe 39 thuộc tỉnh nào""","=""30""","=""0""","=""7""","=""Low""","=""false"""
"=""biển số xe 42 ở tỉnh nào""","=""30""","=""0""","=""7""","=""Low""","=""true"""
"=""biển số xe 50cc các tỉnh""","=""30""","=""0""","=""6""","=""Low""","=""false"""
"=""biển số xe 56""","=""30""","=""0""","=""4""","=""Low""","=""false"""
"=""biển số xe 57""","=""30""","=""0""","=""4""","=""Low""","=""false"""
"=""biển số xe 58""","=""30""","=""0""","=""4""","=""Low""","=""false"""
"=""biển số xe 72 tỉnh nào""","=""30""","=""0""","=""6""","=""Low""","=""false"""
"=""biển số xe 73 của tỉnh nào""","=""30""","=""0""","=""7""","=""Low""","=""false"""
"=""biển số xe 79 thuộc tỉnh nào""","=""30""","=""0""","=""7""","=""Low""","=""false"""
"=""biển số xe 89 của tỉnh nào""","=""30""","=""0""","=""7""","=""Low""","=""false"""
"=""biển số xe 93 của tỉnh nào""","=""30""","=""0""","=""7""","=""Low""","=""false"""
"=""biển số xe 95 thuộc tỉnh nào""","=""30""","=""0""","=""7""","=""Low""","=""false"""
"=""biển số xe các quận""","=""30""","=""0""","=""5""","=""Low""","=""true"""
"=""biển số xe các vùng""","=""30""","=""0""","=""5""","=""Low""","=""true"""
"=""biển số xe may mắn""","=""30""","=""0""","=""5""","=""High""","=""false"""
"=""biển số xe theo phong thủy""","=""30""","=""0""","=""6""","=""Low""","=""false"""
"=""biển số xe toàn quốc""","=""30""","=""0""","=""5""","=""Low""","=""false"""
"=""biển số xe tất cả các tỉnh""","=""30""","=""0""","=""7""","=""Low""","=""false"""
"=""biển số đẹp phong thủy""","=""30""","=""0""","=""5""","=""High""","=""true"""
"=""bien so 41""","=""20""","=""0""","=""3""","=""Low""","=""false"""
"=""bien so xe 24""","=""20""","=""0""","=""4""","=""Low""","=""false"""
"=""bien so xe 59""","=""20""","=""0""","=""4""","=""Low""","=""false"""
"=""bien so xe 62""","=""20""","=""0""","=""4""","=""Low""","=""false"""
"=""bien so xe 72""","=""20""","=""0""","=""4""","=""Low""","=""false"""
"=""bien so xe 73""","=""20""","=""0""","=""4""","=""Low""","=""false"""
"=""bien so xe 75""","=""20""","=""0""","=""4""","=""Low""","=""false"""
"=""bien so xe 98""","=""20""","=""0""","=""4""","=""Low""","=""true"""
"=""biển số 13 tỉnh nào""","=""20""","=""0""","=""5""","=""Low""","=""false"""
"=""biển số 19 là của tỉnh nào""","=""20""","=""0""","=""7""","=""Low""","=""false"""
"=""biển số 31 tỉnh nào""","=""20""","=""0""","=""5""","=""Low""","=""false"""
"=""biển số 40 ở tỉnh nào""","=""20""","=""0""","=""6""","=""Low""","=""false"""
"=""biển số 41 thuộc tỉnh nào""","=""20""","=""0""","=""6""","=""Low""","=""false"""
"=""biển số 42 của tỉnh nào""","=""20""","=""0""","=""6""","=""Low""","=""false"""
"=""biển số 42 thuộc tỉnh nào""","=""20""","=""0""","=""6""","=""Low""","=""false"""
"=""biển số 51k""","=""20""","=""0""","=""3""","=""Medium""","=""false"""
"=""biển số 54 tỉnh thành""","=""20""","=""0""","=""5""","=""Low""","=""false"""
"=""biển số 54 ở quận máy""","=""20""","=""0""","=""6""","=""Low""","=""true"""
"=""biển số 60k""","=""20""","=""0""","=""3""","=""Medium""","=""false"""
"=""biển số 87 thuộc tỉnh nào""","=""20""","=""0""","=""6""","=""Low""","=""false"""
"=""biển số 87 tỉnh nào""","=""20""","=""0""","=""5""","=""Low""","=""false"""
"=""biển số xe 18 là tỉnh nào""","=""20""","=""0""","=""7""","=""Low""","=""false"""
"=""biển số xe 23 của tỉnh nào""","=""20""","=""0""","=""7""","=""Low""","=""false"""
"=""biển số xe 29 là tỉnh nào""","=""20""","=""0""","=""7""","=""Low""","=""false"""
"=""biển số xe 41 thuộc tỉnh nào""","=""20""","=""0""","=""7""","=""Low""","=""false"""
"=""biển số xe 52 ở quận máy""","=""20""","=""0""","=""7""","=""Low""","=""false"""
"=""biển số xe 55 ở tỉnh nào""","=""20""","=""0""","=""7""","=""Low""","=""false"""
"=""biển số xe 67 có đẹp không""","=""20""","=""0""","=""7""","=""Low""","=""false"""
"=""biển số xe 79 của tỉnh nào""","=""20""","=""0""","=""7""","=""Low""","=""false"""
"=""biển số xe 99999""","=""20""","=""0""","=""4""","=""Medium""","=""false"""
"=""biển số xe các tỉnh miền nam""","=""20""","=""0""","=""7""","=""Low""","=""false"""
"=""biển số xe của bộ công an""","=""20""","=""0""","=""7""","=""Low""","=""false"""
"=""biển số xe máy của tỉnh a""","=""20""","=""0""","=""7""","=""Low""","=""false"""
"=""biển số xe theo tỉnh""","=""20""","=""0""","=""5""","=""Low""","=""true"""
"=""biển số xe thần tài""","=""20""","=""0""","=""5""","=""Medium""","=""true"""
"=""biển số xe ô to""","=""20""","=""0""","=""5""","=""High""","=""false"""
"=""biển số xe ô tô các tỉnh""","=""20""","=""0.01""","=""7""","=""Medium""","=""false"""
"=""bien so xe 63 tinh thanh""","=""10""","=""0""","=""6""","=""Low""","=""false"""
"=""bien so xe ca nuoc""","=""10""","=""0""","=""5""","=""Medium""","=""false"""
"=""biển số 17 là của tỉnh nào""","=""10""","=""0""","=""7""","=""Low""","=""false"""
"=""biển số 30h đăng ký năm nào""","=""10""","=""0""","=""7""","=""Low""","=""false"""
"=""biển số 32 tỉnh nào""","=""10""","=""0""","=""5""","=""Low""","=""false"""
"=""biển số 39 có từ nam nào""","=""10""","=""0""","=""7""","=""Low""","=""false"""
"=""biển số 42 tỉnh nào""","=""10""","=""0""","=""5""","=""Low""","=""true"""
"=""biển số 42 ở tỉnh nào""","=""10""","=""0""","=""6""","=""Low""","=""false"""
"=""biển số 51k xe oto""","=""10""","=""0""","=""5""","=""Low""","=""false"""
"=""biển số 59 a3""","=""10""","=""0""","=""4""","=""Low""","=""false"""
"=""biển số 91 tỉnh nào""","=""10""","=""0""","=""5""","=""Low""","=""false"""
"=""biển số a1 a2 a3""","=""10""","=""0""","=""5""","=""Low""","=""false"""
"=""biển số a3""","=""10""","=""0""","=""3""","=""Low""","=""false"""
"=""biển số các tỉnh thành phố""","=""10""","=""0""","=""6""","=""Low""","=""false"""
"=""biển số dài xe ô tô""","=""10""","=""0""","=""6""","=""High""","=""false"""
"=""biển số k""","=""10""","=""0""","=""3""","=""Low""","=""false"""
"=""biển số vàng và trắng""","=""10""","=""0""","=""5""","=""Low""","=""false"""
"=""biển số xanh 80""","=""10""","=""0""","=""4""","=""Low""","=""false"""
"=""biển số xe 10 nút""","=""10""","=""0""","=""5""","=""Low""","=""false"""
"=""biển số xe 10 nút có đẹp không""","=""10""","=""0""","=""8""","=""Low""","=""false"""
"=""biển số xe 21 b1""","=""10""","=""0""","=""5""","=""Low""","=""false"""
"=""biển số xe 42 thuộc tỉnh nào""","=""10""","=""0""","=""7""","=""Low""","=""false"""
"=""biển số xe 59 ở quận máy""","=""10""","=""0""","=""7""","=""Low""","=""false"""
"=""biển số xe 99 nằm ở tỉnh nào""","=""10""","=""0""","=""8""","=""Low""","=""false"""
"=""biển số xe a1""","=""10""","=""0""","=""4""","=""Low""","=""false"""
"=""biển số xe a1 a2 a3""","=""10""","=""0""","=""6""","=""Low""","=""false"""
"=""biển số xe bị tróc sơn""","=""10""","=""0""","=""6""","=""Low""","=""false"""
"=""biển số xe các tỉnh 2020""","=""10""","=""0""","=""6""","=""Low""","=""false"""
"=""biển số xe các tỉnh 2022""","=""10""","=""0""","=""6""","=""Low""","=""false"""
"=""biển số xe tỉnh hà bắc cũ""","=""10""","=""0""","=""7""","=""Low""","=""false"""
"=""biển số xe tổng 10 có đẹp không""","=""10""","=""0""","=""8""","=""Low""","=""false"""
"=""biển số xe wave 50cc""","=""10""","=""0""","=""5""","=""Low""","=""false"""
"=""biển số xe đẹp hợp tuổi""","=""10""","=""0""","=""6""","=""High""","=""false"""
"=""biển số xe đẹp xấu""","=""10""","=""0""","=""5""","=""Low""","=""false"""
"=""biển số ô to 30h đăng ký năm nào""","=""10""","=""0""","=""9""","=""Low""","=""false"""
"=""biển số xe các tỉnh 2021""","=""0""","=""0""","=""6""","=""Low""","=""false"""
"=""đăng ký biển số xe máy online""","=""1600""","=""0.01""","=""7""","=""Low""","=""false"""
"=""làm biển số xe máy""","=""1000""","=""0.36""","=""5""","=""High""","=""false"""
"=""19 là biển số xe tỉnh nào""","=""1000""","=""0""","=""7""","=""Low""","=""false"""
"=""23 là biển số xe tỉnh nào""","=""1000""","=""0""","=""7""","=""Low""","=""true"""
"=""phong thuỷ biển số xe""","=""880""","=""0.01""","=""5""","=""Low""","=""false"""
"=""phong thủy biển số xe""","=""880""","=""0.01""","=""5""","=""Low""","=""false"""
"=""làm biển số xe""","=""720""","=""0.36""","=""4""","=""High""","=""false"""
"=""12 là biển số xe tỉnh nào""","=""720""","=""0""","=""7""","=""Low""","=""false"""
"=""20 là biển số xe tỉnh nào""","=""720""","=""0""","=""7""","=""Low""","=""false"""
"=""24 biển số xe tỉnh nào""","=""720""","=""0""","=""6""","=""Low""","=""true"""
"=""28 là biển số xe tỉnh nào""","=""720""","=""0""","=""7""","=""Low""","=""false"""
"=""72 là biển số xe tỉnh nào""","=""720""","=""0""","=""7""","=""Low""","=""false"""
"=""73 biển số tỉnh nào""","=""720""","=""0""","=""5""","=""Low""","=""false"""
"=""21 là biển số xe tỉnh nào""","=""590""","=""0""","=""7""","=""Low""","=""true"""
"=""22 là biển số xe tỉnh nào""","=""590""","=""0""","=""7""","=""Low""","=""true"""
"=""81 là biển số xe tỉnh nào""","=""590""","=""0""","=""7""","=""Low""","=""false"""
"=""hùng biển số""","=""590""","=""0""","=""3""","=""Low""","=""false"""
"=""75 là biển số xe tỉnh nào""","=""480""","=""0""","=""7""","=""Low""","=""false"""
"=""làm biển số""","=""480""","=""1.14""","=""3""","=""Medium""","=""false"""
"=""đăng ký biển số xe""","=""480""","=""0.01""","=""5""","=""Low""","=""false"""
"=""đăng ký biển số xe máy""","=""480""","=""0.01""","=""6""","=""Low""","=""false"""
"=""làm biển số xe theo yêu cầu""","=""390""","=""0.27""","=""7""","=""Low""","=""false"""
"=""14 biển số tỉnh nào""","=""390""","=""0""","=""5""","=""Low""","=""false"""
"=""25 là biển số xe tỉnh nào""","=""390""","=""0""","=""7""","=""Low""","=""false"""
"=""50 là biển số xe tỉnh nào""","=""390""","=""0""","=""7""","=""Low""","=""true"""
"=""73 là biển số xe tỉnh nào""","=""390""","=""0""","=""7""","=""Low""","=""true"""
"=""78 là biển số xe tỉnh nào""","=""390""","=""0""","=""7""","=""Low""","=""false"""
"=""84 là biển số xe tỉnh nào""","=""390""","=""0""","=""7""","=""Low""","=""true"""
"=""94 là biển số xe tỉnh nào""","=""390""","=""0""","=""7""","=""Low""","=""false"""
"=""các biển số xe các tỉnh""","=""390""","=""0.01""","=""6""","=""Low""","=""false"""
"=""43 là biển số xe tỉnh nào""","=""320""","=""0""","=""7""","=""Low""","=""false"""
"=""61 là biển số xe tỉnh nào""","=""320""","=""0""","=""7""","=""Low""","=""false"""
"=""65 là biển số xe tỉnh nào""","=""320""","=""0""","=""7""","=""Low""","=""false"""
"=""69 là biển số xe tỉnh nào""","=""320""","=""0""","=""7""","=""Low""","=""false"""
"=""99 biển số tỉnh nào""","=""320""","=""0""","=""5""","=""Low""","=""true"""
"=""99 biển số xe tỉnh nào""","=""320""","=""0""","=""6""","=""Low""","=""false"""
"=""99 là biển số xe tỉnh nào""","=""320""","=""0""","=""7""","=""Low""","=""false"""
"=""làm biển số xe ô tô""","=""260""","=""0.53""","=""6""","=""High""","=""false"""
"=""11 là biển số xe tỉnh nào""","=""260""","=""0""","=""7""","=""Low""","=""false"""
"=""14 là biển số xe tỉnh nào""","=""260""","=""0""","=""7""","=""Low""","=""false"""
"=""35 là biển số xe tỉnh nào""","=""260""","=""0""","=""7""","=""Low""","=""false"""
"=""51 là biển số xe tỉnh nào""","=""260""","=""0""","=""7""","=""Low""","=""false"""
"=""60 là biển số xe tỉnh nào""","=""260""","=""0""","=""7""","=""Low""","=""true"""
"=""68 là biển số xe tỉnh nào""","=""260""","=""0""","=""7""","=""Low""","=""false"""
"=""71 là biển số xe tỉnh nào""","=""260""","=""0""","=""7""","=""Low""","=""true"""
"=""85 là biển số xe tỉnh nào""","=""260""","=""0""","=""7""","=""Low""","=""true"""
"=""88 biển số xe tỉnh nào""","=""260""","=""0""","=""6""","=""Low""","=""false"""
"=""93 biển số tỉnh nào""","=""260""","=""0""","=""5""","=""Low""","=""false"""
"=""kích thước biển số xe ô tô""","=""260""","=""0""","=""7""","=""High""","=""false"""
"=""15 là biển số xe tỉnh nào""","=""210""","=""0""","=""7""","=""Low""","=""false"""
"=""18 biển số xe tỉnh nào""","=""210""","=""0""","=""6""","=""Low""","=""false"""
"=""18 là biển số xe tỉnh nào""","=""210""","=""0""","=""7""","=""Low""","=""true"""
"=""24 là biển số xe tỉnh nào""","=""210""","=""0""","=""7""","=""Low""","=""true"""
"=""26 là biển số xe tỉnh nào""","=""210""","=""0""","=""7""","=""Low""","=""false"""
"=""34 là biển số xe tỉnh nào""","=""210""","=""0""","=""7""","=""Low""","=""false"""
"=""36 là biển số xe tỉnh nào""","=""210""","=""0""","=""7""","=""Low""","=""false"""
"=""48 là biển số xe tỉnh nào""","=""210""","=""0""","=""7""","=""Low""","=""true"""
"=""62 là biển số xe tỉnh nào""","=""210""","=""0""","=""7""","=""Low""","=""false"""
"=""64 là biển số xe tỉnh nào""","=""210""","=""0""","=""7""","=""Low""","=""false"""
"=""74 là biển số xe tỉnh nào""","=""210""","=""0""","=""7""","=""Low""","=""false"""
"=""88 là biển số xe tỉnh nào""","=""210""","=""0""","=""7""","=""Low""","=""false"""
"=""89 là biển số xe tỉnh nào""","=""210""","=""0""","=""7""","=""Low""","=""false"""
"=""90 là biển số xe tỉnh nào""","=""210""","=""0""","=""7""","=""Low""","=""false"""
"=""các biển số xe""","=""210""","=""0.01""","=""4""","=""Medium""","=""false"""
"=""kích thước biển số xe máy""","=""210""","=""0""","=""6""","=""Medium""","=""true"""
"=""16 là biển số xe tỉnh nào""","=""170""","=""0""","=""7""","=""Low""","=""false"""
"=""33 là biển số xe tỉnh nào""","=""170""","=""0""","=""7""","=""Low""","=""false"""
"=""49 là biển số xe tỉnh nào""","=""170""","=""0""","=""7""","=""Low""","=""false"""
"=""63 là biển số xe tỉnh nào""","=""170""","=""0""","=""7""","=""Low""","=""true"""
"=""66 là biển số xe tỉnh nào""","=""170""","=""0""","=""7""","=""Low""","=""false"""
"=""70 là biển số xe tỉnh nào""","=""170""","=""0""","=""7""","=""Low""","=""false"""
"=""82 là biển số xe tỉnh nào""","=""170""","=""0""","=""7""","=""Low""","=""false"""
"=""83 là biển số xe tỉnh nào""","=""170""","=""0""","=""7""","=""Low""","=""false"""
"=""93 là biển số xe tỉnh nào""","=""170""","=""0""","=""7""","=""Low""","=""false"""
"=""95 là biển số xe tỉnh nào""","=""170""","=""0""","=""7""","=""Low""","=""false"""
"=""98 biển số xe tỉnh nào""","=""170""","=""0""","=""6""","=""Low""","=""false"""
"=""dập biển số xe máy""","=""170""","=""0.31""","=""5""","=""High""","=""false"""
"=""lắp biển số xe máy""","=""170""","=""0.07""","=""5""","=""High""","=""false"""
"=""phong thuỷ biển số""","=""170""","=""0""","=""4""","=""Low""","=""false"""
"=""phong thủy biển số xe ô tô""","=""170""","=""0.01""","=""7""","=""Low""","=""false"""
"=""thủ tục đăng ký biển số xe ô tô cũ""","=""170""","=""0""","=""10""","=""Low""","=""false"""
"=""38 là biển số xe tỉnh nào""","=""140""","=""0""","=""7""","=""Low""","=""false"""
"=""86 là biển số xe tỉnh nào""","=""140""","=""0""","=""7""","=""Low""","=""false"""
"=""98 là biển số xe tỉnh nào""","=""140""","=""0""","=""7""","=""Low""","=""true"""
"=""ký hiệu biển số xe máy""","=""140""","=""0""","=""6""","=""Low""","=""false"""
"=""xe biển số vàng""","=""140""","=""0""","=""4""","=""Low""","=""false"""
"=""xe máy biển số đẹp""","=""140""","=""0""","=""5""","=""Low""","=""true"""
"=""13 là biển số xe tỉnh nào""","=""110""","=""0""","=""7""","=""Low""","=""false"""
"=""30 là biển số xe của tỉnh nào""","=""110""","=""0""","=""8""","=""Low""","=""false"""
"=""32 là biển số xe tỉnh nào""","=""110""","=""0""","=""7""","=""Low""","=""false"""
"=""39 là biển số xe tỉnh nào""","=""110""","=""0""","=""7""","=""Low""","=""false"""
"=""40 là biển số xe tỉnh nào""","=""110""","=""0""","=""7""","=""Low""","=""true"""
"=""59 là biển số xe tỉnh nào""","=""110""","=""0""","=""7""","=""Low""","=""false"""
"=""64 biển số xe tỉnh nào""","=""110""","=""0""","=""6""","=""Low""","=""false"""
"=""79 là biển số xe tỉnh nào""","=""110""","=""0""","=""7""","=""Low""","=""true"""
"=""92 là biển số xe tỉnh nào""","=""110""","=""0""","=""7""","=""Low""","=""false"""
"=""bốc biển số xe ô tô""","=""110""","=""0""","=""6""","=""Low""","=""false"""
"=""danh sách biển số xe""","=""110""","=""0.01""","=""5""","=""Low""","=""false"""
"=""danh sách biển số xe các tỉnh""","=""110""","=""0.01""","=""7""","=""Low""","=""false"""
"=""làm biển số xe giả""","=""110""","=""0.48""","=""5""","=""Low""","=""false"""
"=""phong thủy biển số xe máy""","=""110""","=""0""","=""6""","=""Low""","=""false"""
"=""xe biển số xanh""","=""110""","=""0""","=""4""","=""Low""","=""false"""
"=""10 là biển số xe tỉnh nào""","=""90""","=""0""","=""7""","=""Low""","=""false"""
"=""29 là biển số xe tỉnh nào""","=""90""","=""0""","=""7""","=""Low""","=""false"""
"=""41 là biển số xe tỉnh nào""","=""90""","=""0""","=""7""","=""Low""","=""false"""
"=""70 biển số tỉnh nào""","=""90""","=""0""","=""5""","=""Low""","=""true"""
"=""95 biển số tỉnh nào""","=""90""","=""0""","=""5""","=""Low""","=""true"""
"=""bảng biển số xe các tỉnh""","=""90""","=""0""","=""6""","=""Low""","=""false"""
"=""danh sách biển số các tỉnh""","=""90""","=""0.01""","=""6""","=""Low""","=""false"""
"=""thủ tục đăng ký biển số xe máy""","=""90""","=""0""","=""8""","=""Low""","=""false"""
"=""tất cả biển số xe các tỉnh""","=""90""","=""0.01""","=""7""","=""Low""","=""false"""
"=""đi xe không biển số""","=""90""","=""0""","=""5""","=""Low""","=""false"""
"=""thủ tục làm biển số xe máy""","=""70""","=""0""","=""7""","=""Low""","=""false"""
"=""30 là biển số xe tỉnh nào""","=""70""","=""0""","=""7""","=""Low""","=""false"""
"=""42 là biển số xe tỉnh nào""","=""70""","=""0""","=""7""","=""Low""","=""false"""
"=""52 là biển số xe tỉnh nào""","=""70""","=""0""","=""7""","=""Low""","=""false"""
"=""54 là biển số xe tỉnh nào""","=""70""","=""0""","=""7""","=""Low""","=""false"""
"=""bảng biển số xe""","=""70""","=""0""","=""4""","=""High""","=""false"""
"=""bốc biển số xe""","=""70""","=""0""","=""4""","=""Low""","=""false"""
"=""ký hiệu biển số xe""","=""70""","=""0""","=""5""","=""Low""","=""false"""
"=""làm biển số giả""","=""70""","=""0.36""","=""4""","=""High""","=""false"""
"=""phong thuy bien so xe""","=""70""","=""0""","=""5""","=""Medium""","=""false"""
"=""số biển số xe""","=""70""","=""0""","=""4""","=""Medium""","=""false"""
"=""số biển số xe các tỉnh""","=""70""","=""0""","=""6""","=""Low""","=""false"""
"=""tất cả biển số xe""","=""70""","=""0""","=""5""","=""Low""","=""false"""
"=""xe không biển số""","=""70""","=""0""","=""4""","=""Low""","=""false"""
"=""đăng ký biển số xe ô tô""","=""70""","=""0""","=""7""","=""Low""","=""false"""
"=""17 biển số tỉnh nào""","=""50""","=""0""","=""5""","=""Low""","=""false"""
"=""39 biển số xe tỉnh nào""","=""50""","=""0""","=""6""","=""Low""","=""true"""
"=""63 tỉnh thành biển số xe""","=""50""","=""0""","=""6""","=""Low""","=""false"""
"=""78 biển số xe""","=""50""","=""0""","=""4""","=""Low""","=""false"""
"=""91 là biển số xe tỉnh nào""","=""50""","=""0""","=""7""","=""Low""","=""false"""
"=""97 biển số xe tỉnh nào""","=""50""","=""0""","=""6""","=""Low""","=""false"""
"=""boc bien so xe oto""","=""50""","=""0.08""","=""5""","=""High""","=""false"""
"=""các số biển số xe""","=""50""","=""0""","=""5""","=""Low""","=""false"""
"=""lắp biển số xe ô to tại nhà""","=""50""","=""0.71""","=""8""","=""High""","=""false"""
"=""xe biển số đẹp""","=""50""","=""0""","=""4""","=""High""","=""false"""
"=""thời gian làm biển số xe máy""","=""40""","=""0""","=""7""","=""Low""","=""false"""
"=""15 biển số xe tỉnh nào""","=""40""","=""0""","=""6""","=""Low""","=""false"""
"=""85 biển số xe tỉnh nào""","=""40""","=""0""","=""6""","=""Low""","=""false"""
"=""cao bằng biển số xe""","=""40""","=""0""","=""5""","=""Low""","=""false"""
"=""các biển số""","=""40""","=""0""","=""3""","=""Low""","=""false"""
"=""các biển số các tỉnh""","=""40""","=""0""","=""5""","=""Low""","=""true"""
"=""những biển số xe đẹp""","=""40""","=""0.09""","=""5""","=""High""","=""false"""
"=""quy định dán biển số xe tải""","=""40""","=""0""","=""7""","=""Low""","=""false"""
"=""quy định về biển số xe máy""","=""40""","=""0""","=""7""","=""Low""","=""false"""
"=""tổng hợp biển số xe các tỉnh""","=""40""","=""0""","=""7""","=""Low""","=""false"""
"=""đóng biển số xe máy""","=""40""","=""0""","=""5""","=""High""","=""false"""
"=""63 biển số xe tỉnh nào""","=""30""","=""0""","=""6""","=""Low""","=""true"""
"=""boi bien so xe""","=""30""","=""0""","=""4""","=""Low""","=""false"""
"=""các bien so xe 64 tinh thanh""","=""30""","=""0""","=""7""","=""Low""","=""false"""
"=""các biển số xe của các tỉnh""","=""30""","=""0""","=""7""","=""Low""","=""false"""
"=""các biển số xe đẹp""","=""30""","=""0.05""","=""5""","=""High""","=""false"""
"=""quy định biển số xe ô tô""","=""30""","=""0""","=""7""","=""Low""","=""false"""
"=""quy định về biển số xe ô tô""","=""30""","=""0""","=""8""","=""Low""","=""false"""
"=""tiền biển số xe máy""","=""30""","=""0""","=""5""","=""Low""","=""false"""
"=""tất cả các biển số xe""","=""30""","=""0""","=""6""","=""Low""","=""false"""
"=""làm biển số xe máy giả""","=""20""","=""0""","=""6""","=""Medium""","=""false"""
"=""78 biển số""","=""20""","=""0""","=""3""","=""Low""","=""false"""
"=""danh sách biển số xe 64 tỉnh thành""","=""20""","=""0""","=""8""","=""Low""","=""false"""
"=""ký hiệu biển số xe các tỉnh""","=""20""","=""0""","=""7""","=""Low""","=""false"""
"=""ký hiệu biển số xe ô tô""","=""20""","=""0""","=""7""","=""Low""","=""false"""
"=""làm biển số dài ô tô""","=""20""","=""0.39""","=""6""","=""High""","=""false"""
"=""những biển số xe xấu""","=""20""","=""0""","=""5""","=""Low""","=""false"""
"=""sơn biển số xe""","=""20""","=""0""","=""4""","=""High""","=""false"""
"=""thơ biển số xe""","=""20""","=""0""","=""4""","=""Low""","=""false"""
"=""42 biển số tỉnh nào""","=""10""","=""0""","=""5""","=""Low""","=""false"""
"=""bảng phong thuỷ biển số xe""","=""10""","=""0""","=""6""","=""Low""","=""false"""
"=""các biển số xe của tỉnh""","=""10""","=""0""","=""6""","=""Low""","=""false"""
"=""danh sach bien so xe cua 64 tinh thanh""","=""10""","=""0""","=""9""","=""Low""","=""false"""
"=""danh sách biển số xe 63 tỉnh thành""","=""10""","=""0""","=""8""","=""Low""","=""false"""
"=""dau gia bien so xe dep""","=""10""","=""0""","=""6""","=""High""","=""false"""
"=""hình anh biển số xe các tỉnh""","=""10""","=""0""","=""7""","=""Low""","=""false"""
"=""kích thước biển số xe ô tô mới""","=""10""","=""0""","=""8""","=""Medium""","=""false"""
"=""làm biển số giả theo yêu cầu""","=""10""","=""0""","=""7""","=""High""","=""false"""
"=""làm biển số xe khác tỉnh""","=""10""","=""0""","=""6""","=""Low""","=""false"""
"=""làm mới biển số xe""","=""10""","=""0.3""","=""5""","=""High""","=""false"""
"=""số 0 trong biển số xe""","=""10""","=""0""","=""6""","=""Low""","=""false"""
"=""số 2 trong biển số xe""","=""10""","=""0""","=""6""","=""Low""","=""false"""
"=""số 3 trong biển số xe""","=""10""","=""0""","=""6""","=""Low""","=""false"""
"=""số 5 trong biển số xe""","=""10""","=""0""","=""6""","=""Low""","=""false"""
"=""số 9 trong biển số xe""","=""10""","=""0""","=""6""","=""Low""","=""false"""
"=""xe biển số vàng có cần phù hiệu không""","=""10""","=""0""","=""9""","=""Low""","=""false"""
"=""biển đăng ký xe""","=""550000""","=""0.31""","=""4""","=""High""","=""false"""
"=""đăng ký xe""","=""8100""","=""0.16""","=""3""","=""Low""","=""false"""
"=""bảng số""","=""2400""","=""0""","=""2""","=""High""","=""false"""
"=""biển 88 tỉnh nào""","=""1300""","=""0""","=""4""","=""Low""","=""true"""
"=""biển 99 tỉnh nào""","=""1300""","=""0""","=""4""","=""Low""","=""false"""
"=""biển 35 là tỉnh nào""","=""880""","=""0.01""","=""5""","=""Low""","=""true"""
"=""biển 49 tỉnh nào""","=""880""","=""0""","=""4""","=""Low""","=""false"""
"=""bảng số xe các tỉnh""","=""880""","=""0.01""","=""5""","=""Low""","=""true"""
"=""số xe""","=""880""","=""0.16""","=""2""","=""Low""","=""false"""
"=""biển 49""","=""720""","=""0""","=""2""","=""Low""","=""true"""
"=""biển 60 là tỉnh nào""","=""720""","=""0""","=""5""","=""Low""","=""true"""
"=""biển 60 tỉnh nào""","=""720""","=""0.01""","=""4""","=""Low""","=""false"""
"=""biển 81""","=""720""","=""0""","=""2""","=""Low""","=""false"""
"=""biển 63""","=""590""","=""0""","=""2""","=""Low""","=""false"""
"=""biển 66""","=""590""","=""0""","=""2""","=""Low""","=""false"""
"=""biển 79""","=""590""","=""0""","=""2""","=""Low""","=""false"""
"=""biển 89 tỉnh nào""","=""590""","=""0""","=""4""","=""Low""","=""false"""
"=""biển 89 ở tỉnh nào""","=""590""","=""0""","=""5""","=""Low""","=""false"""
"=""biển xe""","=""590""","=""0.08""","=""2""","=""Low""","=""false"""
"=""xe biển vàng""","=""590""","=""0""","=""3""","=""Low""","=""false"""
"=""biển 64""","=""480""","=""0""","=""2""","=""Low""","=""false"""
"=""biển 68 tỉnh nào""","=""480""","=""0""","=""4""","=""Low""","=""false"""
"=""biển 77""","=""480""","=""0""","=""2""","=""Low""","=""false"""
"=""biển 98 tỉnh nào""","=""480""","=""0""","=""4""","=""Low""","=""false"""
"=""biển xe máy""","=""480""","=""0.08""","=""3""","=""High""","=""false"""
"=""thủ tục đăng ký xe máy tại xã""","=""480""","=""0""","=""8""","=""Low""","=""false"""
"=""biển 61 tỉnh nào""","=""390""","=""0""","=""4""","=""Low""","=""false"""
"=""biển 66 tỉnh nào""","=""390""","=""0""","=""4""","=""Low""","=""false"""
"=""biển 71""","=""390""","=""0""","=""2""","=""Low""","=""false"""
"=""biển xe các tỉnh""","=""390""","=""0.01""","=""4""","=""Low""","=""false"""
"=""biển ô tô""","=""390""","=""0.07""","=""3""","=""High""","=""false"""
"=""xe xin số""","=""390""","=""0""","=""3""","=""Low""","=""false"""
"=""biển 69 tỉnh nào""","=""320""","=""0""","=""4""","=""Low""","=""true"""
"=""biển 83 tỉnh nào""","=""320""","=""0""","=""4""","=""Low""","=""false"""
"=""biển 92 của tỉnh nào""","=""320""","=""0""","=""5""","=""Low""","=""true"""
"=""biển 93 của tỉnh nào""","=""320""","=""0""","=""5""","=""Low""","=""true"""
"=""biển xe ô tô""","=""320""","=""0.09""","=""4""","=""High""","=""false"""
"=""biển 49 ở tỉnh nào""","=""260""","=""0""","=""5""","=""Low""","=""true"""
"=""biển 81 ở tỉnh nào""","=""260""","=""0""","=""5""","=""Low""","=""false"""
"=""biển 86 thuộc tỉnh nào""","=""260""","=""0""","=""5""","=""Low""","=""true"""
"=""biển xe 21""","=""260""","=""0""","=""3""","=""Low""","=""false"""
"=""biển xe 24 ở tỉnh nào""","=""260""","=""0""","=""6""","=""Low""","=""false"""
"=""biển xe 89""","=""260""","=""0""","=""3""","=""Low""","=""false"""
"=""các biển""","=""260""","=""0""","=""2""","=""Low""","=""false"""
"=""thủ tục đăng ký xe máy mới""","=""260""","=""0.02""","=""7""","=""Low""","=""false"""
"=""xe đi đăng ký""","=""260""","=""0""","=""4""","=""Low""","=""false"""
"=""làm đăng ký xe máy""","=""210""","=""0.02""","=""5""","=""Low""","=""false"""
"=""biển 64 tỉnh nào""","=""210""","=""0.01""","=""4""","=""Low""","=""true"""
"=""biển 67 ở tỉnh nào""","=""210""","=""0""","=""5""","=""Low""","=""false"""
"=""biển 93 tỉnh nào""","=""210""","=""0""","=""4""","=""Low""","=""false"""
"=""biển xe 17 ở tỉnh nào""","=""210""","=""0""","=""6""","=""Low""","=""true"""
"=""biển xe 18""","=""210""","=""0""","=""3""","=""Low""","=""false"""
"=""biển xe 18 ở tỉnh nào""","=""210""","=""0""","=""6""","=""Low""","=""true"""
"=""biển xe 19""","=""210""","=""0""","=""3""","=""Low""","=""false"""
"=""biển xe 22""","=""210""","=""0""","=""3""","=""Low""","=""false"""
"=""biển xe 24""","=""210""","=""0""","=""3""","=""Low""","=""false"""
"=""biển xe 81""","=""210""","=""0""","=""3""","=""Low""","=""false"""
"=""biển xe 88""","=""210""","=""0""","=""3""","=""Low""","=""false"""
"=""biển xe 99""","=""210""","=""0""","=""3""","=""Low""","=""false"""
"=""so xe phong thuy""","=""210""","=""0""","=""4""","=""Low""","=""false"""
"=""số xe các tỉnh""","=""210""","=""0.01""","=""4""","=""Low""","=""false"""
"=""xe công an xã""","=""210""","=""0""","=""4""","=""Low""","=""true"""
"=""80a biển xanh""","=""170""","=""0""","=""3""","=""Low""","=""true"""
"=""biển 36 tỉnh nào""","=""170""","=""0""","=""4""","=""Low""","=""false"""
"=""biển 51 tỉnh nào""","=""170""","=""0""","=""4""","=""Low""","=""true"""
"=""biển 72 ở tỉnh nào""","=""170""","=""0""","=""5""","=""Low""","=""false"""
"=""biển 97 ở tỉnh nào""","=""170""","=""0""","=""5""","=""Low""","=""false"""
"=""biển 99 ở tỉnh nào""","=""170""","=""0""","=""5""","=""Low""","=""true"""
"=""biển xe 14""","=""170""","=""0""","=""3""","=""Low""","=""false"""
"=""biển xe 17""","=""170""","=""0""","=""3""","=""Low""","=""false"""
"=""biển xe 20""","=""170""","=""0""","=""3""","=""Low""","=""false"""
"=""biển xe 20 ở tỉnh nào""","=""170""","=""0""","=""6""","=""Low""","=""false"""
"=""biển xe 21 ở tỉnh nào""","=""170""","=""0""","=""6""","=""Low""","=""false"""
"=""biển xe 25""","=""170""","=""0""","=""3""","=""Low""","=""false"""
"=""biển xe 28""","=""170""","=""0""","=""3""","=""Low""","=""false"""
"=""biển xe 35""","=""170""","=""0""","=""3""","=""Low""","=""false"""
"=""biển xe 47""","=""170""","=""0""","=""3""","=""Low""","=""false"""
"=""biển xe 49""","=""170""","=""0""","=""3""","=""Low""","=""false"""
"=""biển xe 49 ở tỉnh nào""","=""170""","=""0""","=""6""","=""Low""","=""false"""
"=""biển xe 51""","=""170""","=""0""","=""3""","=""Low""","=""false"""
"=""biển xe 60""","=""170""","=""0""","=""3""","=""Low""","=""false"""
"=""biển xe 61""","=""170""","=""0""","=""3""","=""Low""","=""false"""
"=""biển xe 90""","=""170""","=""0""","=""3""","=""Low""","=""false"""
"=""biển xe 90 ở tỉnh nào""","=""170""","=""0""","=""6""","=""Low""","=""false"""
"=""biển xe 97 ở tỉnh nào""","=""170""","=""0""","=""6""","=""Low""","=""false"""
"=""biển xe cao bằng""","=""170""","=""0""","=""4""","=""Low""","=""false"""
"=""biển xe máy đẹp""","=""170""","=""0.07""","=""4""","=""High""","=""true"""
"=""biển xe đẹp""","=""170""","=""0.15""","=""3""","=""High""","=""false"""
"=""biển xe đỏ""","=""170""","=""0""","=""3""","=""Low""","=""false"""
"=""biển 59 ở tỉnh nào""","=""140""","=""0""","=""5""","=""Low""","=""false"""
"=""biển 63 tỉnh nào""","=""140""","=""0""","=""4""","=""Low""","=""false"""
"=""biển 76 tỉnh nào""","=""140""","=""0""","=""4""","=""Low""","=""false"""
"=""biển 88 ở tỉnh nào""","=""140""","=""0""","=""5""","=""Low""","=""false"""
"=""biển 93 ở tỉnh nào""","=""140""","=""0""","=""5""","=""Low""","=""false"""
"=""biển các tỉnh""","=""140""","=""0.01""","=""3""","=""Low""","=""false"""
"=""biển xe 12""","=""140""","=""0""","=""3""","=""Low""","=""false"""
"=""biển xe 15""","=""140""","=""0""","=""3""","=""Low""","=""false"""
"=""biển xe 19 ở tỉnh nào""","=""140""","=""0""","=""6""","=""Low""","=""true"""
"=""biển xe 27""","=""140""","=""0""","=""3""","=""Low""","=""false"""
"=""biển xe 34""","=""140""","=""0""","=""3""","=""Low""","=""false"""
"=""biển xe 37""","=""140""","=""0""","=""3""","=""Low""","=""false"""
"=""biển xe 38""","=""140""","=""0""","=""3""","=""Low""","=""false"""
"=""biển xe 68""","=""140""","=""0""","=""3""","=""Low""","=""false"""
"=""biển xe 68 ở tỉnh nào""","=""140""","=""0""","=""6""","=""Low""","=""false"""
"=""biển xe 81 của tỉnh nào""","=""140""","=""0""","=""6""","=""Low""","=""false"""
"=""biển xe 86""","=""140""","=""0""","=""3""","=""Low""","=""false"""
"=""biển xe 88 ở tỉnh nào""","=""140""","=""0""","=""6""","=""Low""","=""false"""
"=""biển xe 97""","=""140""","=""0""","=""3""","=""Low""","=""false"""
"=""biển xe 98""","=""140""","=""0""","=""3""","=""Low""","=""false"""
"=""biển xe 99 ở tỉnh nào""","=""140""","=""0""","=""6""","=""Low""","=""true"""
"=""biển đỏ xe ô tô""","=""140""","=""0""","=""5""","=""Low""","=""false"""
"=""các vùng biển""","=""140""","=""0""","=""3""","=""Low""","=""false"""
"=""phong thuy so xe""","=""140""","=""0""","=""4""","=""Low""","=""false"""
"=""xe biển xanh 80a""","=""140""","=""0""","=""4""","=""Low""","=""true"""
"=""88 biển tỉnh nào""","=""110""","=""0""","=""4""","=""Low""","=""true"""
"=""biển 34 là tỉnh nào""","=""110""","=""0""","=""5""","=""Low""","=""false"""
"=""biển 5 số có từ năm nào""","=""110""","=""0""","=""7""","=""Low""","=""false"""
"=""biển 59 là tỉnh nào""","=""110""","=""0""","=""5""","=""Low""","=""false"""
"=""biển 61 là tỉnh nào""","=""110""","=""0""","=""5""","=""Low""","=""true"""
"=""biển 79 tỉnh nào""","=""110""","=""0""","=""4""","=""Low""","=""false"""
"=""biển 92 tỉnh nào""","=""110""","=""0""","=""4""","=""Low""","=""false"""
"=""biển giả""","=""110""","=""0""","=""2""","=""Medium""","=""false"""
"=""biển kiểm soát xe""","=""110""","=""0""","=""4""","=""Low""","=""false"""
"=""biển xe 26""","=""110""","=""0""","=""3""","=""Low""","=""false"""
"=""biển xe 26 của tỉnh nào""","=""110""","=""0""","=""6""","=""Low""","=""false"""
"=""biển xe 29""","=""110""","=""0""","=""3""","=""Low""","=""false"""
"=""biển xe 36""","=""110""","=""0""","=""3""","=""Low""","=""false"""
"=""biển xe 43""","=""110""","=""0""","=""3""","=""Low""","=""true"""
"=""biển xe 43 tỉnh nào""","=""110""","=""0""","=""5""","=""Low""","=""false"""
"=""biển xe 59""","=""110""","=""0""","=""3""","=""Low""","=""false"""
"=""biển xe 66""","=""110""","=""0""","=""3""","=""Low""","=""false"""
"=""biển xe 67""","=""110""","=""0""","=""3""","=""Low""","=""false"""
"=""biển xe 79""","=""110""","=""0""","=""3""","=""Low""","=""false"""
"=""biển xe xin số""","=""110""","=""0""","=""4""","=""Low""","=""false"""
"=""bảng số xe 63 tỉnh thành""","=""110""","=""0""","=""6""","=""Low""","=""false"""
"=""bảng số xe các tỉnh thành""","=""110""","=""0.01""","=""6""","=""Low""","=""false"""
"=""làm biển xe máy""","=""110""","=""0.51""","=""4""","=""High""","=""false"""
"=""phong thuỷ số xe""","=""110""","=""0""","=""4""","=""Low""","=""false"""
"=""biển 77 tỉnh nào""","=""90""","=""0""","=""4""","=""Low""","=""true"""
"=""biển tạm ô tô""","=""90""","=""0""","=""4""","=""Low""","=""false"""
"=""biển xe 11""","=""90""","=""0""","=""3""","=""Low""","=""false"""
"=""biển xe 38 tỉnh nào""","=""90""","=""0""","=""5""","=""Low""","=""false"""
"=""biển xe 48""","=""90""","=""0""","=""3""","=""Low""","=""false"""
"=""biển xe 50""","=""90""","=""0""","=""3""","=""Low""","=""false"""
"=""biển xe 70 ở tỉnh nào""","=""90""","=""0""","=""6""","=""Low""","=""false"""
"=""biển xe 71""","=""90""","=""0""","=""3""","=""Low""","=""false"""
"=""biển xe 72""","=""90""","=""0""","=""3""","=""Low""","=""false"""
"=""biển xe 73""","=""90""","=""0""","=""3""","=""Low""","=""false"""
"=""biển xe 73 ở tỉnh nào""","=""90""","=""0""","=""6""","=""Low""","=""true"""
"=""biển xe 74""","=""90""","=""0""","=""3""","=""Low""","=""true"""
"=""biển xe 76""","=""90""","=""0""","=""3""","=""Low""","=""false"""
"=""biển xe 77""","=""90""","=""0""","=""3""","=""Low""","=""false"""
"=""biển xe 80""","=""90""","=""0""","=""3""","=""Low""","=""false"""
"=""biển xe 89 thuộc tỉnh nào""","=""90""","=""0""","=""6""","=""Low""","=""false"""
"=""biển xe 92""","=""90""","=""0""","=""3""","=""Low""","=""false"""
"=""biển xe 98 ở tỉnh nào""","=""90""","=""0""","=""6""","=""Low""","=""false"""
"=""biển xe vàng""","=""90""","=""0""","=""3""","=""Low""","=""false"""
"=""số xe 36 tỉnh nào""","=""90""","=""0""","=""5""","=""Low""","=""false"""
"=""số xe 47 tỉnh nào""","=""90""","=""0""","=""5""","=""Low""","=""false"""
"=""số xe 77 tỉnh nào""","=""90""","=""0""","=""5""","=""Low""","=""true"""
"=""số xe 99 tỉnh nào""","=""90""","=""0""","=""5""","=""Low""","=""false"""
"=""80a biển trắng""","=""70""","=""0""","=""3""","=""Low""","=""false"""
"=""biển 3 số""","=""70""","=""0""","=""3""","=""Low""","=""false"""
"=""biển 36 là tỉnh nào""","=""70""","=""0""","=""5""","=""Low""","=""false"""
"=""biển 36 ở tỉnh nào""","=""70""","=""0""","=""5""","=""Low""","=""false"""
"=""biển 37 là tỉnh nào""","=""70""","=""0""","=""5""","=""Low""","=""false"""
"=""biển 4 số""","=""70""","=""0""","=""3""","=""Low""","=""false"""
"=""biển 49 là tỉnh nào""","=""70""","=""0""","=""5""","=""Low""","=""false"""
"=""biển 61 ở tỉnh nào""","=""70""","=""0""","=""5""","=""Low""","=""false"""
"=""biển 63 tỉnh thành""","=""70""","=""0""","=""4""","=""Low""","=""false"""
"=""biển 73 tỉnh nào""","=""70""","=""0""","=""4""","=""Low""","=""false"""
"=""biển 80a trắng""","=""70""","=""0""","=""3""","=""Low""","=""true"""
"=""biển 95 tỉnh nào""","=""70""","=""0""","=""4""","=""Low""","=""false"""
"=""biển 99 là tỉnh nào""","=""70""","=""0""","=""5""","=""Low""","=""false"""
"=""biển kiểm soát xe máy""","=""70""","=""0""","=""5""","=""Low""","=""false"""
"=""biển xe 28 tỉnh nào""","=""70""","=""0""","=""5""","=""Low""","=""false"""
"=""biển xe 30""","=""70""","=""0""","=""3""","=""Low""","=""false"""
"=""biển xe 34 ở tỉnh nào""","=""70""","=""0""","=""6""","=""Low""","=""false"""
"=""biển xe 48 tỉnh nào""","=""70""","=""0""","=""5""","=""Low""","=""true"""
"=""biển xe 50cc""","=""70""","=""0""","=""3""","=""Low""","=""true"""
"=""biển xe 62""","=""70""","=""0""","=""3""","=""Low""","=""false"""
"=""biển xe 63""","=""70""","=""0""","=""3""","=""Low""","=""false"""
"=""biển xe 64""","=""70""","=""0""","=""3""","=""Low""","=""false"""
"=""biển xe 65""","=""70""","=""0""","=""3""","=""Low""","=""false"""
"=""biển xe 69""","=""70""","=""0""","=""3""","=""Low""","=""false"""
"=""biển xe 70""","=""70""","=""0""","=""3""","=""Low""","=""false"""
"=""biển xe 75""","=""70""","=""0""","=""3""","=""Low""","=""false"""
"=""biển xe 78""","=""70""","=""0""","=""3""","=""Low""","=""false"""
"=""biển xe 88 là tỉnh nào""","=""70""","=""0""","=""6""","=""Low""","=""false"""
"=""biển xe 93""","=""70""","=""0""","=""3""","=""Low""","=""false"""
"=""biển xe 95""","=""70""","=""0""","=""3""","=""Low""","=""false"""
"=""biển xe 99 tỉnh nào""","=""70""","=""0""","=""5""","=""Low""","=""false"""
"=""bảng số 99 tỉnh nào""","=""70""","=""0""","=""5""","=""Low""","=""false"""
"=""bảng số các tỉnh""","=""70""","=""0""","=""4""","=""Low""","=""false"""
"=""bảng số xe 64 tỉnh thành""","=""70""","=""0""","=""6""","=""Low""","=""false"""
"=""bảng số xe 83 tỉnh nào""","=""70""","=""0""","=""6""","=""Low""","=""false"""
"=""so xe""","=""70""","=""0""","=""2""","=""Medium""","=""false"""
"=""số xe 38 tỉnh nào""","=""70""","=""0""","=""5""","=""Low""","=""false"""
"=""số xe 67 tỉnh nào""","=""70""","=""0""","=""5""","=""Low""","=""false"""
"=""số xe 68 tỉnh nào""","=""70""","=""0""","=""5""","=""Low""","=""true"""
"=""số xe 70 tỉnh nào""","=""70""","=""0""","=""5""","=""Low""","=""false"""
"=""số xe 76 tỉnh nào""","=""70""","=""0""","=""5""","=""Low""","=""false"""
"=""số xe 81 tỉnh nào""","=""70""","=""0""","=""5""","=""Low""","=""false"""
"=""số xe 83 tỉnh nào""","=""70""","=""0""","=""5""","=""Low""","=""false"""
"=""số xe 86 tỉnh nào""","=""70""","=""0""","=""5""","=""Low""","=""false"""
"=""số xe 89 tỉnh nào""","=""70""","=""0""","=""5""","=""Low""","=""false"""
"=""số xe 94 tỉnh nào""","=""70""","=""0""","=""5""","=""Low""","=""false"""
"=""số xe máy""","=""70""","=""0""","=""3""","=""High""","=""false"""
"=""số xe đẹp""","=""70""","=""0.11""","=""3""","=""Medium""","=""false"""
"=""thủ tục làm đăng ký xe máy""","=""70""","=""0.02""","=""7""","=""Low""","=""false"""
"=""xe biển aa""","=""70""","=""0""","=""3""","=""Low""","=""true"""
"=""bang so xe""","=""50""","=""0""","=""3""","=""High""","=""false"""
"=""bien xe""","=""50""","=""0""","=""2""","=""Medium""","=""false"""
"=""biển 20 là tỉnh nào""","=""50""","=""0""","=""5""","=""Low""","=""false"""
"=""biển 30f đăng ký năm nào""","=""50""","=""0""","=""6""","=""Low""","=""false"""
"=""biển 30k đăng ký năm nào""","=""50""","=""0""","=""6""","=""Low""","=""false"""
"=""biển 63 là tỉnh nào""","=""50""","=""0""","=""5""","=""Low""","=""false"""
"=""biển 88 thuộc tỉnh nào""","=""50""","=""0""","=""5""","=""Low""","=""false"""
"=""biển 94 tỉnh nào""","=""50""","=""0""","=""4""","=""Low""","=""false"""
"=""biển các tỉnh thành""","=""50""","=""0""","=""4""","=""Low""","=""true"""
"=""biển kiểm soát các tỉnh""","=""50""","=""0""","=""5""","=""Low""","=""false"""
"=""biển xe 16""","=""50""","=""0""","=""3""","=""Low""","=""false"""
"=""biển xe 26 ở tỉnh nào""","=""50""","=""0""","=""6""","=""Low""","=""false"""
"=""biển xe 39""","=""50""","=""0""","=""3""","=""Low""","=""false"""
"=""biển xe 47 tỉnh nào""","=""50""","=""0""","=""5""","=""Low""","=""false"""
"=""biển xe 80a""","=""50""","=""0""","=""3""","=""Low""","=""true"""
"=""biển xe 81 tỉnh nào""","=""50""","=""0""","=""5""","=""Low""","=""false"""
"=""biển xe 82""","=""50""","=""0""","=""3""","=""Low""","=""false"""
"=""biển xe 83""","=""50""","=""0""","=""3""","=""Low""","=""false"""
"=""biển xe 84""","=""50""","=""0""","=""3""","=""Low""","=""false"""
"=""biển xe 85""","=""50""","=""0""","=""3""","=""Low""","=""false"""
"=""biển xe 94""","=""50""","=""0""","=""3""","=""Low""","=""false"""
"=""biển xe phong thủy""","=""50""","=""0""","=""4""","=""Low""","=""false"""
"=""bảng số 86 tỉnh nào""","=""50""","=""0""","=""5""","=""Low""","=""false"""
"=""bảng số 94 tỉnh nào""","=""50""","=""0""","=""5""","=""Low""","=""false"""
"=""bảng số phong thủy""","=""50""","=""0""","=""4""","=""Medium""","=""false"""
"=""bảng số xe 68 ở tỉnh nào""","=""50""","=""0""","=""7""","=""Low""","=""false"""
"=""bảng số xe máy""","=""50""","=""0""","=""4""","=""High""","=""true"""
"=""bảng số xe ô tô""","=""50""","=""0""","=""5""","=""High""","=""false"""
"=""làm bảng số xe""","=""50""","=""0.34""","=""4""","=""High""","=""false"""
"=""số biển xe các tỉnh""","=""50""","=""0""","=""5""","=""Low""","=""false"""
"=""số xe 17 tỉnh nào""","=""50""","=""0""","=""5""","=""Low""","=""false"""
"=""số xe 18 ở tỉnh nào""","=""50""","=""0""","=""6""","=""Low""","=""false"""
"=""số xe 34 tỉnh nào""","=""50""","=""0""","=""5""","=""Low""","=""false"""
"=""số xe 37 tỉnh nào""","=""50""","=""0""","=""5""","=""Low""","=""false"""
"=""số xe 49 tỉnh nào""","=""50""","=""0""","=""5""","=""Low""","=""false"""
"=""số xe 60 tỉnh nào""","=""50""","=""0""","=""5""","=""Low""","=""false"""
"=""số xe 61 tỉnh nào""","=""50""","=""0""","=""5""","=""Low""","=""false"""
"=""số xe 66 tỉnh nào""","=""50""","=""0""","=""5""","=""Low""","=""false"""
"=""số xe 72 tỉnh nào""","=""50""","=""0""","=""5""","=""Low""","=""false"""
"=""số xe 73 tỉnh nào""","=""50""","=""0""","=""5""","=""Low""","=""false"""
"=""số xe 74 tỉnh nào""","=""50""","=""0""","=""5""","=""Low""","=""false"""
"=""số xe 79""","=""50""","=""0""","=""3""","=""Low""","=""false"""
"=""số xe 84 tỉnh nào""","=""50""","=""0""","=""5""","=""Low""","=""false"""
"=""số xe 92 tỉnh nào""","=""50""","=""0""","=""5""","=""Low""","=""false"""
"=""số xe 98 tỉnh nào""","=""50""","=""0""","=""5""","=""Low""","=""true"""
"=""số xe các tỉnh thành""","=""50""","=""0.01""","=""5""","=""Low""","=""false"""
"=""xe 64 tỉnh thành""","=""50""","=""0""","=""4""","=""Low""","=""false"""
"=""xe biển 80a""","=""50""","=""0""","=""3""","=""Low""","=""true"""
"=""xe biển đẹp""","=""50""","=""0""","=""3""","=""Low""","=""true"""
"=""xe ô tô biển vàng""","=""50""","=""0""","=""5""","=""Low""","=""false"""
"=""ô tô biển vàng""","=""50""","=""0""","=""4""","=""Low""","=""false"""
"=""đăng ký biển tạm ô tô""","=""50""","=""0""","=""6""","=""Low""","=""false"""
"=""bien 99""","=""40""","=""0""","=""2""","=""Low""","=""false"""
"=""biển 30h đăng ký năm nào""","=""40""","=""0""","=""6""","=""Low""","=""false"""
"=""biển 33 là tỉnh nào""","=""40""","=""0""","=""5""","=""Low""","=""false"""
"=""biển 86 là tỉnh nào""","=""40""","=""0""","=""5""","=""Low""","=""false"""
"=""biển dài ô tô""","=""40""","=""0""","=""4""","=""High""","=""false"""
"=""biển xe 10 ở tỉnh nào""","=""40""","=""0""","=""6""","=""Low""","=""false"""
"=""biển xe 12 tỉnh nào""","=""40""","=""0""","=""5""","=""Low""","=""false"""
"=""biển xe 5 số có từ năm nào""","=""40""","=""0""","=""8""","=""Low""","=""false"""
"=""biển xe 66 ở tỉnh nào""","=""40""","=""0""","=""6""","=""Low""","=""false"""
"=""biển xe 81 ở tỉnh nào""","=""40""","=""0""","=""6""","=""Low""","=""false"""
"=""biển xe cơ giới""","=""40""","=""0""","=""4""","=""Low""","=""false"""
"=""biển xe máy 5 số có từ năm nào""","=""40""","=""0""","=""9""","=""Low""","=""false"""
"=""bảng số 73 tỉnh nào""","=""40""","=""0""","=""5""","=""Low""","=""false"""
"=""bảng số 93 tỉnh nào""","=""40""","=""0""","=""5""","=""Low""","=""true"""
"=""bảng số xe 15 ở tỉnh nào""","=""40""","=""0""","=""7""","=""Low""","=""false"""
"=""bảng số xe 18 ở tỉnh nào""","=""40""","=""0""","=""7""","=""Low""","=""false"""
"=""bảng số xe 61 tỉnh nào""","=""40""","=""0""","=""6""","=""Low""","=""false"""
"=""bảng số xe 70 ở tỉnh nào""","=""40""","=""0""","=""7""","=""Low""","=""false"""
"=""bảng số xe 92 ở tỉnh nào""","=""40""","=""0""","=""7""","=""Low""","=""false"""
"=""bảng số xe phong thủy""","=""40""","=""0""","=""5""","=""Medium""","=""false"""
"=""bảng số xe đẹp""","=""40""","=""0.1""","=""4""","=""High""","=""true"""
"=""bảng số đẹp""","=""40""","=""0.11""","=""3""","=""High""","=""false"""
"=""làm biển giả""","=""40""","=""0.4""","=""3""","=""High""","=""false"""
"=""số 49 53""","=""40""","=""0""","=""3""","=""Low""","=""false"""
"=""số biển các tỉnh""","=""40""","=""0""","=""4""","=""Low""","=""true"""
"=""số xe 29 ở tỉnh nào""","=""40""","=""0""","=""6""","=""Low""","=""false"""
"=""số xe 35 ở tỉnh nào""","=""40""","=""0""","=""6""","=""Low""","=""false"""
"=""số xe 37""","=""40""","=""0""","=""3""","=""Low""","=""false"""
"=""số xe 43 tỉnh nào""","=""40""","=""0""","=""5""","=""Low""","=""true"""
"=""số xe 64 tỉnh nào""","=""40""","=""0""","=""5""","=""Low""","=""false"""
"=""số xe 67""","=""40""","=""0""","=""3""","=""Low""","=""true"""
"=""số xe 71 tỉnh nào""","=""40""","=""0""","=""5""","=""Low""","=""false"""
"=""số xe 79 ở tỉnh nào""","=""40""","=""0""","=""6""","=""Low""","=""true"""
"=""số xe 85 tỉnh nào""","=""40""","=""0""","=""5""","=""Low""","=""false"""
"=""số xe 95 tỉnh nào""","=""40""","=""0""","=""5""","=""Low""","=""false"""
"=""80a và 80b""","=""30""","=""0""","=""3""","=""Low""","=""false"""
"=""biển 30e""","=""30""","=""0""","=""2""","=""Low""","=""false"""
"=""biển 38 là tỉnh nào""","=""30""","=""0""","=""5""","=""Low""","=""false"""
"=""biển 43 là tỉnh nào""","=""30""","=""0""","=""5""","=""Low""","=""false"""
"=""biển xe 26 tỉnh nào""","=""30""","=""0""","=""5""","=""Low""","=""true"""
"=""biển xe 38 ở tỉnh nào""","=""30""","=""0""","=""6""","=""Low""","=""false"""
"=""biển xe 68 tỉnh nào""","=""30""","=""0""","=""5""","=""Low""","=""false"""
"=""biển xe 78 thuộc tỉnh nào""","=""30""","=""0""","=""6""","=""Low""","=""false"""
"=""biển xe 86 ở tỉnh nào""","=""30""","=""0""","=""6""","=""Low""","=""true"""
"=""biển xe 88 thuộc tỉnh nào""","=""30""","=""0""","=""6""","=""Low""","=""false"""
"=""biển xe 90 của tỉnh nào""","=""30""","=""0""","=""6""","=""Low""","=""false"""
"=""biển xe 95 ở tỉnh nào""","=""30""","=""0""","=""6""","=""Low""","=""false"""
"=""biển xe 99 của tỉnh nào""","=""30""","=""0""","=""6""","=""Low""","=""true"""
"=""biển xe máy 3 số có từ năm nào""","=""30""","=""0""","=""9""","=""Low""","=""false"""
"=""bảng số 61 tỉnh nào""","=""30""","=""0""","=""5""","=""Low""","=""false"""
"=""bảng số 63 tỉnh thành""","=""30""","=""0""","=""5""","=""Low""","=""false"""
"=""bảng số tỉnh thành""","=""30""","=""0""","=""4""","=""Low""","=""false"""
"=""bảng số xe 29 ở tỉnh nào""","=""30""","=""0""","=""7""","=""Low""","=""false"""
"=""bảng số xe 30 ở tỉnh nào""","=""30""","=""0""","=""7""","=""Low""","=""false"""
"=""bảng số xe 74 ở tỉnh nào""","=""30""","=""0""","=""7""","=""Low""","=""false"""
"=""bảng số xe 79 ở tỉnh nào""","=""30""","=""0""","=""7""","=""Low""","=""false"""
"=""bảng số xe 86 ở tỉnh nào""","=""30""","=""0""","=""7""","=""Low""","=""false"""
"=""bảng số xe 89 ở tỉnh nào""","=""30""","=""0""","=""7""","=""Low""","=""false"""
"=""bảng số xe 94""","=""30""","=""0""","=""4""","=""Low""","=""false"""
"=""bảng số xe 94 ở tỉnh nào""","=""30""","=""0""","=""7""","=""Low""","=""false"""
"=""bảng số xe 95 tỉnh nào""","=""30""","=""0""","=""6""","=""Low""","=""false"""
"=""số xe 63 tỉnh thành""","=""30""","=""0""","=""5""","=""Low""","=""false"""
"=""số xe 71""","=""30""","=""0""","=""3""","=""Low""","=""false"""
"=""số xe 76""","=""30""","=""0""","=""3""","=""Low""","=""false"""
"=""số xe 77""","=""30""","=""0""","=""3""","=""Low""","=""false"""
"=""số xe 78""","=""30""","=""0""","=""3""","=""Low""","=""false"""
"=""số xe 82 tỉnh nào""","=""30""","=""0""","=""5""","=""Low""","=""true"""
"=""tiền đăng ký xe máy""","=""30""","=""0""","=""5""","=""Low""","=""false"""
"=""36 biển tỉnh nào""","=""20""","=""0""","=""4""","=""Low""","=""false"""
"=""bang so xe cac tinh""","=""20""","=""0""","=""5""","=""High""","=""true"""
"=""biển 29a""","=""20""","=""0""","=""2""","=""Low""","=""false"""
"=""biển 30a 5 số đăng ký năm nào""","=""20""","=""0""","=""8""","=""Low""","=""false"""
"=""biển 30a năm nào""","=""20""","=""0""","=""4""","=""Low""","=""false"""
"=""biển 30h""","=""20""","=""0""","=""2""","=""Low""","=""false"""
"=""biển xe 10""","=""20""","=""0""","=""3""","=""Low""","=""false"""
"=""biển xe 17 tỉnh nào""","=""20""","=""0""","=""5""","=""Low""","=""false"""
"=""biển xe 18 thuộc tỉnh nào""","=""20""","=""0""","=""6""","=""Low""","=""false"""
"=""biển xe 18 tỉnh nào""","=""20""","=""0""","=""5""","=""Low""","=""false"""
"=""biển xe 22 tỉnh nào""","=""20""","=""0""","=""5""","=""Low""","=""false"""
"=""biển xe 43 ở tỉnh nào""","=""20""","=""0""","=""6""","=""Low""","=""false"""
"=""biển xe 90 thuộc tỉnh nào""","=""20""","=""0""","=""6""","=""Low""","=""false"""
"=""bảng số 92 tỉnh nào""","=""20""","=""0""","=""5""","=""Low""","=""false"""
"=""bảng số các tỉnh thành""","=""20""","=""0""","=""5""","=""Low""","=""false"""
"=""bảng số tỉnh""","=""20""","=""0""","=""3""","=""Low""","=""false"""
"=""bảng số xe 77 tỉnh nào""","=""20""","=""0""","=""6""","=""Low""","=""false"""
"=""bảng số xe 81 tỉnh nào""","=""20""","=""0""","=""6""","=""Low""","=""false"""
"=""bảng số xe 93""","=""20""","=""0""","=""4""","=""Low""","=""false"""
"=""bảng số xe của các tỉnh""","=""20""","=""0""","=""6""","=""Low""","=""false"""
"=""số biển xe""","=""20""","=""0""","=""3""","=""Medium""","=""false"""
"=""số xe 49""","=""20""","=""0""","=""3""","=""Low""","=""false"""
"=""số xe 65 tỉnh nào""","=""20""","=""0""","=""5""","=""Low""","=""false"""
"=""số xe 69""","=""20""","=""0""","=""3""","=""Low""","=""false"""
"=""số xe 72""","=""20""","=""0""","=""3""","=""Low""","=""false"""
"=""số xe 78 tỉnh nào""","=""20""","=""0""","=""5""","=""Low""","=""false"""
"=""số xe 93 tỉnh nào""","=""20""","=""0""","=""5""","=""Low""","=""false"""
"=""số xe của các tỉnh""","=""20""","=""0""","=""5""","=""Low""","=""false"""
"=""xe 80b""","=""20""","=""0""","=""2""","=""Low""","=""false"""
"=""67 g1 huyện nào""","=""10""","=""0""","=""4""","=""Low""","=""false"""
"=""ban so xe cac tinh""","=""10""","=""0""","=""5""","=""Low""","=""false"""
"=""biển 29a đăng ký năm nào""","=""10""","=""0""","=""6""","=""Low""","=""false"""
"=""biển 29h đăng ký năm nào""","=""10""","=""0""","=""6""","=""Low""","=""false"""
"=""biển 30a đăng ký năm nào""","=""10""","=""0""","=""6""","=""Low""","=""false"""
"=""biển 30f 5 số đăng ký năm nào""","=""10""","=""0""","=""8""","=""Low""","=""false"""
"=""biển 30g 5 số đăng ký năm nào""","=""10""","=""0""","=""8""","=""Low""","=""false"""
"=""biển 30h 5 số đăng ký năm nào""","=""10""","=""0""","=""8""","=""Low""","=""false"""
"=""biển 88 của tỉnh nào""","=""10""","=""0""","=""5""","=""Low""","=""true"""
"=""biển xe 11 tỉnh nào""","=""10""","=""0""","=""5""","=""Low""","=""false"""
"=""biển xe 14 tỉnh nào""","=""10""","=""0""","=""5""","=""Low""","=""false"""
"=""biển xe 15 tỉnh nào""","=""10""","=""0""","=""5""","=""Low""","=""false"""
"=""biển xe 23 tỉnh nào""","=""10""","=""0""","=""5""","=""Low""","=""false"""
"=""biển xe 36 thuộc tỉnh nào""","=""10""","=""0""","=""6""","=""Low""","=""false"""
"=""biển xe 4953""","=""10""","=""0""","=""3""","=""Low""","=""false"""
"=""biển xe 60 tỉnh nào""","=""10""","=""0""","=""5""","=""Low""","=""false"""
"=""biển xe 97 thuộc tỉnh nào""","=""10""","=""0""","=""6""","=""Low""","=""false"""
"=""biển xe 97 tỉnh nào""","=""10""","=""0""","=""5""","=""Low""","=""false"""
"=""bảng phong thủy số xe""","=""10""","=""0""","=""5""","=""Low""","=""false"""
"=""bảng số xe 93 của tỉnh nào""","=""10""","=""0""","=""7""","=""Low""","=""false"""
"=""bảng số xe của 63 tỉnh thành""","=""10""","=""0""","=""7""","=""Low""","=""false"""
"=""bằng số xe 77 tỉnh nào""","=""10""","=""0""","=""6""","=""Low""","=""false"""
"=""bằng số xe các tỉnh""","=""10""","=""0""","=""5""","=""Low""","=""false"""
"=""so xe cac tinh""","=""10""","=""0""","=""4""","=""Low""","=""true"""
"=""số xe của 63 tỉnh thành""","=""10""","=""0""","=""6""","=""Low""","=""false"""
"=""thời gian đăng ký xe máy""","=""10""","=""0""","=""6""","=""Low""","=""false"""
"=""xe biển xanh 80b""","=""10""","=""0""","=""4""","=""Low""","=""false"""
"=""xe các tỉnh""","=""10""","=""0""","=""3""","=""Low""","=""true"""
"=""đăng ký xe máy tại công an xã""","=""10""","=""0""","=""8""","=""Low""","=""false"""
"=""đăng ký xe máy tại xã""","=""10""","=""0""","=""6""","=""Low""","=""false"""
"=""so xe may theo phong thuy""","=""0""","=""0""","=""6""","=""Low""","=""false"""
"=""xe kia morning biển ngũ quý 9""","=""0""","=""0""","=""7""","=""Low""","=""false"""
