Keyword,Volume,CPC,Word count,PPC Competition,Trending
"=""vietlott""","=""550000""","=""0.38""","=""1""","=""Low""","=""false"""
"=""vietlott 6 55 hôm nay""","=""110000""","=""0.76""","=""5""","=""Low""","=""false"""
"=""vietlott sms""","=""110000""","=""1.01""","=""2""","=""Low""","=""false"""
"=""vietlott 6 45""","=""90500""","=""0.83""","=""3""","=""Low""","=""false"""
"=""vietlott 6 55""","=""90500""","=""1.11""","=""3""","=""Low""","=""false"""
"=""vietlott 6 45 hôm nay""","=""49500""","=""0.69""","=""5""","=""Low""","=""false"""
"=""vietlott power 6 55""","=""40500""","=""0.82""","=""4""","=""Low""","=""false"""
"=""vietlott hôm nay""","=""33100""","=""0.88""","=""3""","=""Low""","=""false"""
"=""vietlott minh ngọc""","=""27100""","=""0.9""","=""3""","=""Low""","=""false"""
"=""vietlott 655""","=""22200""","=""1.18""","=""2""","=""Low""","=""true"""
"=""vietlott power""","=""22200""","=""0.83""","=""2""","=""Low""","=""false"""
"=""vietlott mega""","=""18100""","=""0.71""","=""2""","=""Low""","=""false"""
"=""vietlott vn""","=""14800""","=""0.44""","=""2""","=""Low""","=""false"""
"=""vietlott 5 35 hôm nay""","=""14800""","=""0.6""","=""5""","=""Low""","=""false"""
"=""vietlott mega 6 45""","=""12100""","=""0.77""","=""4""","=""Low""","=""true"""
"=""vietlott645""","=""12100""","=""1.01""","=""1""","=""Low""","=""true"""
"=""vietlott keno""","=""8100""","=""1.11""","=""2""","=""Low""","=""false"""
"=""vietlott minh chính""","=""5400""","=""0.48""","=""3""","=""Low""","=""false"""
"=""vietlott 6 55 hôm nay trực tiếp""","=""5400""","=""0""","=""7""","=""Low""","=""false"""
"=""vietlott kết quả""","=""3600""","=""1.33""","=""3""","=""Low""","=""false"""
"=""vietlott 3d""","=""2900""","=""0.72""","=""2""","=""Low""","=""true"""
"=""vietlott hom nay""","=""2900""","=""0""","=""3""","=""Low""","=""false"""
"=""vietlott power 6 45""","=""2900""","=""0""","=""4""","=""Low""","=""false"""
"=""vietlott 55""","=""1900""","=""0""","=""2""","=""Low""","=""false"""
"=""vietlott 45""","=""1600""","=""0""","=""2""","=""Low""","=""false"""
"=""vietlott online""","=""1600""","=""0.35""","=""2""","=""Low""","=""false"""
"=""vietlott hôm nay 6 55""","=""1600""","=""0""","=""5""","=""Low""","=""false"""
"=""vietlott mega 6 55""","=""1600""","=""0""","=""4""","=""Low""","=""false"""
"=""vietlott mobi""","=""1300""","=""1.73""","=""2""","=""Low""","=""true"""
"=""vietlott sms mobifone""","=""1300""","=""0.96""","=""3""","=""Low""","=""true"""
"=""vietlott hôm nay 6 45""","=""1300""","=""0""","=""5""","=""Low""","=""false"""
"=""vietlott power hôm nay""","=""1300""","=""0""","=""4""","=""Low""","=""true"""
"=""vietlott 6 55 các kỳ""","=""1300""","=""0""","=""5""","=""Low""","=""false"""
"=""vietlott lotto""","=""1300""","=""0.45""","=""2""","=""Low""","=""false"""
"=""vietlott 35""","=""1300""","=""0""","=""2""","=""Low""","=""false"""
"=""vietlott sms viettel""","=""1000""","=""0.66""","=""3""","=""Low""","=""true"""
"=""vietlott sms vinaphone""","=""1000""","=""1.21""","=""3""","=""Low""","=""false"""
"=""vietlott trực tiếp""","=""1000""","=""5.92""","=""3""","=""Low""","=""false"""
"=""vietlott max 3d""","=""1000""","=""0""","=""3""","=""Low""","=""false"""
"=""vietlott ngày hôm nay""","=""1000""","=""0""","=""4""","=""Low""","=""false"""
"=""vietlott 3d pro""","=""1000""","=""0""","=""3""","=""Low""","=""false"""
"=""vietlott keno trực tiếp""","=""880""","=""0""","=""4""","=""Low""","=""false"""
"=""vietlott 6 35 hôm nay""","=""880""","=""0""","=""5""","=""Low""","=""true"""
"=""vietlott gần đây""","=""720""","=""0""","=""3""","=""Low""","=""false"""
"=""vietlott mega hôm nay""","=""720""","=""0""","=""4""","=""Low""","=""false"""
"=""vietlott hôm qua""","=""590""","=""0""","=""3""","=""Low""","=""false"""
"=""vietlott jackpot""","=""590""","=""0.38""","=""2""","=""Low""","=""true"""
"=""vietlott keno hôm nay""","=""590""","=""0""","=""4""","=""Low""","=""false"""
"=""vietlott là gì""","=""590""","=""1.2""","=""3""","=""Low""","=""false"""
"=""vietlott sms apk""","=""590""","=""0.66""","=""3""","=""Low""","=""false"""
"=""vietlott minh ngọc hôm nay""","=""590""","=""0""","=""5""","=""Low""","=""false"""
"=""vietlott sms lừa đảo""","=""480""","=""0""","=""4""","=""Low""","=""false"""
"=""vietlott vn 6 55""","=""480""","=""0""","=""4""","=""Low""","=""false"""
"=""vietlott minh ngọc 5 35""","=""480""","=""0""","=""5""","=""Low""","=""false"""
"=""vietlott lừa đảo""","=""390""","=""0""","=""3""","=""Low""","=""false"""
"=""vietlott vn kết quả""","=""390""","=""0""","=""4""","=""Low""","=""false"""
"=""vietlott lô tô""","=""390""","=""0""","=""3""","=""Low""","=""true"""
"=""vietlott 3d max""","=""320""","=""0""","=""3""","=""Low""","=""false"""
"=""vietlott sms mobifone phiên bản mới nhất""","=""320""","=""0""","=""7""","=""Low""","=""false"""
"=""vietlott cách chơi""","=""320""","=""0""","=""3""","=""Low""","=""false"""
"=""vietlott hôm nay 5 35""","=""320""","=""0""","=""5""","=""Low""","=""false"""
"=""vietlott 65""","=""260""","=""0""","=""2""","=""Low""","=""false"""
"=""vietlott sms app""","=""260""","=""0.49""","=""3""","=""Low""","=""false"""
"=""vietlott chủ nhật""","=""260""","=""0""","=""3""","=""Low""","=""true"""
"=""vietlott thứ ba""","=""260""","=""0""","=""3""","=""Low""","=""false"""
"=""vietlott thứ bảy""","=""260""","=""0""","=""3""","=""Low""","=""true"""
"=""vietlott 3d hôm nay""","=""260""","=""0""","=""4""","=""Low""","=""true"""
"=""vietlott lotto hôm nay""","=""260""","=""0""","=""4""","=""Low""","=""false"""
"=""vietlott gần nhất""","=""210""","=""0""","=""3""","=""Low""","=""false"""
"=""vietlott max3d""","=""210""","=""0""","=""2""","=""Low""","=""true"""
"=""vietlott vinaphone""","=""210""","=""0.21""","=""2""","=""Low""","=""false"""
"=""vietlott dò số""","=""210""","=""0""","=""3""","=""Low""","=""false"""
"=""vietlott hôm nay minh ngọc""","=""210""","=""0""","=""5""","=""Low""","=""false"""
"=""vietlott 3d pro hôm nay""","=""210""","=""0""","=""5""","=""Low""","=""false"""
"=""vietlott thứ năm""","=""210""","=""0""","=""3""","=""Low""","=""true"""
"=""vietlott trúng thưởng""","=""210""","=""0""","=""3""","=""Low""","=""false"""
"=""vietlott voz""","=""210""","=""0""","=""2""","=""Low""","=""false"""
"=""vietlott 55 hôm nay""","=""210""","=""0""","=""4""","=""Low""","=""true"""
"=""vietlott 30 ngày""","=""210""","=""0""","=""3""","=""Low""","=""false"""
"=""vietlott app""","=""170""","=""0.35""","=""2""","=""Low""","=""false"""
"=""vietlott mobifone""","=""170""","=""0.39""","=""2""","=""Low""","=""false"""
"=""vietlott vn hôm nay""","=""170""","=""0""","=""4""","=""Low""","=""false"""
"=""vietlott thứ tư""","=""170""","=""0""","=""3""","=""Low""","=""true"""
"=""vietlott thứ sáu""","=""170""","=""0""","=""3""","=""Low""","=""false"""
"=""vietlott thứ 5""","=""170""","=""0""","=""3""","=""Low""","=""false"""
"=""vietlott kết quả hôm nay""","=""170""","=""0""","=""5""","=""Low""","=""false"""
"=""vietlott ngày hôm qua""","=""140""","=""0""","=""4""","=""Low""","=""false"""
"=""vietlott viettel""","=""140""","=""0.32""","=""2""","=""Low""","=""false"""
"=""vietlott bao nhiêu số""","=""140""","=""0""","=""4""","=""Low""","=""false"""
"=""vietlott các lần quay trước""","=""140""","=""0""","=""5""","=""Low""","=""false"""
"=""vietlott chơi như thế nào""","=""140""","=""0.29""","=""5""","=""Low""","=""true"""
"=""vietlott keno kết quả""","=""140""","=""0""","=""4""","=""Low""","=""false"""
"=""vietlott logo""","=""140""","=""0""","=""2""","=""Low""","=""false"""
"=""vietlott max 4d""","=""140""","=""0""","=""3""","=""Low""","=""false"""
"=""vietlott trúng""","=""140""","=""0""","=""2""","=""Low""","=""false"""
"=""vietlott xổ số""","=""140""","=""0""","=""3""","=""Low""","=""true"""
"=""vietlott trang chủ""","=""140""","=""0.18""","=""3""","=""Low""","=""false"""
"=""vietlott sms viettel android""","=""110""","=""0.53""","=""4""","=""Low""","=""true"""
"=""vietlott sms viettel apk""","=""110""","=""0.37""","=""4""","=""Low""","=""false"""
"=""vietlott hà tĩnh""","=""110""","=""0""","=""3""","=""Low""","=""true"""
"=""vietlott minh""","=""110""","=""0""","=""2""","=""Low""","=""false"""
"=""vietlott tuyển dụng""","=""110""","=""0.04""","=""3""","=""Low""","=""true"""
"=""vietlott vietlott""","=""110""","=""0""","=""2""","=""Low""","=""false"""
"=""vietlott vn minh ngoc""","=""110""","=""0""","=""4""","=""Low""","=""false"""
"=""vietlott hôm nay mega""","=""110""","=""0""","=""4""","=""Low""","=""false"""
"=""vietlott sms hôm nay""","=""110""","=""0""","=""4""","=""Low""","=""true"""
"=""vietlott vn 5 35 hôm nay""","=""110""","=""0""","=""6""","=""Low""","=""false"""
"=""vietlott 5 35 có quay trực tiếp không""","=""110""","=""0""","=""8""","=""Low""","=""false"""
"=""vietlott 4 7 2026""","=""110""","=""0""","=""4""","=""Low""","=""true"""
"=""vietlott 9 5 2026""","=""110""","=""0""","=""4""","=""Low""","=""false"""
"=""vietlott 7 5 2026""","=""110""","=""0""","=""4""","=""Low""","=""false"""
"=""vietlott 6 45 hôm nay trực tiếp""","=""110""","=""0""","=""7""","=""Low""","=""true"""
"=""vietlott sms android""","=""90""","=""0""","=""3""","=""Low""","=""false"""
"=""vietlott của ai""","=""90""","=""0""","=""3""","=""Low""","=""false"""
"=""vietlott cua ai""","=""90""","=""0""","=""3""","=""Low""","=""false"""
"=""vietlott bao nhiêu tiền""","=""90""","=""0""","=""4""","=""Low""","=""false"""
"=""vietlott giải thưởng""","=""90""","=""0""","=""3""","=""Low""","=""false"""
"=""vietlott hôm nay bao nhiêu tỷ""","=""90""","=""0""","=""6""","=""Low""","=""true"""
"=""vietlott keno online""","=""90""","=""0.95""","=""3""","=""Low""","=""true"""
"=""vietlott xổ mấy giờ""","=""90""","=""0""","=""4""","=""Low""","=""true"""
"=""vietlott vn 5 35""","=""90""","=""0""","=""4""","=""Low""","=""false"""
"=""vietlott 3d max pro hôm nay""","=""90""","=""0""","=""6""","=""Low""","=""true"""
"=""vietlott 2 6 2026""","=""90""","=""0""","=""4""","=""Low""","=""false"""
"=""vietlott 26 5 26""","=""90""","=""0""","=""4""","=""Low""","=""false"""
"=""vietlott 9 6 2026""","=""90""","=""0""","=""4""","=""Low""","=""false"""
"=""vietlott 6x45""","=""70""","=""0""","=""2""","=""Low""","=""true"""
"=""vietlott miền bắc""","=""70""","=""0.44""","=""3""","=""Low""","=""true"""
"=""vietlott mới nhất""","=""70""","=""0""","=""3""","=""Low""","=""false"""
"=""vietlott xổ số vietlott""","=""70""","=""0""","=""4""","=""Low""","=""false"""
"=""vietlott max""","=""70""","=""0""","=""2""","=""Low""","=""true"""
"=""vietlott max 3d pro hôm nay""","=""70""","=""0""","=""6""","=""Low""","=""false"""
"=""vietlott sms mobifone apk""","=""70""","=""1.33""","=""4""","=""Low""","=""true"""
"=""vietlott moi nhat""","=""70""","=""0""","=""3""","=""Low""","=""false"""
"=""vietlott max3d pro""","=""70""","=""0""","=""3""","=""Low""","=""true"""
"=""vietlott trúng 3 số được bao nhiêu tiền""","=""70""","=""0""","=""8""","=""Low""","=""false"""
"=""vietlott hôm nay power""","=""70""","=""0""","=""4""","=""Low""","=""false"""
"=""vietlott lotto kết quả""","=""70""","=""0""","=""4""","=""Low""","=""false"""
"=""vietlott msm""","=""70""","=""0""","=""2""","=""Low""","=""false"""
"=""vietlott phúc yên""","=""70""","=""0""","=""3""","=""Low""","=""false"""
"=""vietlott 4 6 2026""","=""70""","=""0""","=""4""","=""Low""","=""false"""
"=""vietlott 8 5 2026""","=""70""","=""0""","=""4""","=""Low""","=""false"""
"=""vietlott 7 6 2026""","=""70""","=""0""","=""4""","=""Low""","=""false"""
"=""vietlott apk""","=""50""","=""0""","=""2""","=""Low""","=""true"""
"=""vietlott tv""","=""50""","=""0""","=""2""","=""Low""","=""false"""
"=""vietlott giá bao nhiêu""","=""50""","=""0""","=""4""","=""Low""","=""false"""
"=""vietlott hom nay truc tiep""","=""50""","=""0""","=""5""","=""Low""","=""false"""
"=""vietlott keno là gì""","=""50""","=""0""","=""4""","=""Low""","=""true"""
"=""vietlott mua""","=""50""","=""0.31""","=""2""","=""Low""","=""false"""
"=""vietlott mua online""","=""50""","=""0.34""","=""3""","=""Low""","=""false"""
"=""vietlott mỹ""","=""50""","=""0""","=""2""","=""Low""","=""true"""
"=""vietlott quay ngày nào""","=""50""","=""0""","=""4""","=""Low""","=""false"""
"=""vietlott trúng 4 số được bao nhiêu tiền""","=""50""","=""0""","=""8""","=""Low""","=""false"""
"=""vietlott trúng 5 số được bao nhiêu tiền""","=""50""","=""0""","=""8""","=""Low""","=""true"""
"=""vietlott trúng giải""","=""50""","=""0""","=""3""","=""Low""","=""false"""
"=""vietlott việt nam""","=""50""","=""0""","=""3""","=""Low""","=""true"""
"=""vietlott hôm nay atrungroi""","=""50""","=""0""","=""4""","=""Low""","=""false"""
"=""vietlott casino""","=""50""","=""0""","=""2""","=""Low""","=""false"""
"=""vietlott max 3d ngày hôm nay""","=""50""","=""0""","=""6""","=""Low""","=""false"""
"=""vietlott sms tải app""","=""50""","=""0.35""","=""4""","=""Low""","=""true"""
"=""vietlott momo""","=""40""","=""0""","=""2""","=""Low""","=""false"""
"=""vietlott live""","=""40""","=""0""","=""2""","=""Low""","=""false"""
"=""vietlott lừa đảo voz""","=""40""","=""0""","=""4""","=""Low""","=""false"""
"=""vietlott có bao nhiêu cặp số""","=""40""","=""0""","=""6""","=""Low""","=""false"""
"=""vietlott cách dò""","=""40""","=""0""","=""3""","=""Low""","=""false"""
"=""vietlott lừa đảo như thế nào""","=""40""","=""0""","=""6""","=""Low""","=""true"""
"=""vietlott vé số""","=""40""","=""0""","=""3""","=""Low""","=""false"""
"=""vietlott bao 7 là gì""","=""40""","=""0""","=""5""","=""Low""","=""false"""
"=""vietlott giải đặc biệt""","=""40""","=""0""","=""4""","=""Low""","=""false"""
"=""vietlott hiện tại bao nhiêu tiền""","=""40""","=""0""","=""6""","=""Low""","=""true"""
"=""vietlott hom nay power""","=""40""","=""0""","=""4""","=""Low""","=""false"""
"=""vietlott mega 45""","=""40""","=""0""","=""3""","=""Low""","=""true"""
"=""vietlott online vietluck""","=""40""","=""0""","=""3""","=""Low""","=""false"""
"=""vietlott ra mắt năm nào""","=""40""","=""0""","=""5""","=""Low""","=""false"""
"=""vietlott có mấy giải""","=""40""","=""0""","=""4""","=""Low""","=""false"""
"=""vietlott 24 5 26""","=""40""","=""0""","=""4""","=""Low""","=""false"""
"=""vietlott 4 7 26""","=""40""","=""0""","=""4""","=""Low""","=""true"""
"=""vietlott 9 5 26""","=""40""","=""0""","=""4""","=""Low""","=""false"""
"=""vietlott bao nhiêu cặp số""","=""40""","=""0""","=""5""","=""Low""","=""false"""
"=""vietlott có trúng thật không voz""","=""40""","=""0""","=""6""","=""Low""","=""true"""
"=""vietlott trực tuyến""","=""30""","=""0""","=""3""","=""Low""","=""false"""
"=""vietlott bao 5 là gì""","=""30""","=""0""","=""5""","=""Low""","=""false"""
"=""vietlott bingo18""","=""30""","=""0""","=""2""","=""Low""","=""true"""
"=""vietlott facebook""","=""30""","=""0""","=""2""","=""Low""","=""false"""
"=""vietlott giá vé""","=""30""","=""0""","=""3""","=""Low""","=""false"""
"=""vietlott hải phòng""","=""30""","=""0""","=""3""","=""Low""","=""false"""
"=""vietlott jackpot 1""","=""30""","=""0""","=""3""","=""Low""","=""false"""
"=""vietlott hôm nay bao nhiêu tiền""","=""30""","=""0""","=""6""","=""Low""","=""false"""
"=""vietlott keno cách chơi""","=""30""","=""0""","=""4""","=""Low""","=""false"""
"=""vietlott la cua ai""","=""30""","=""0""","=""4""","=""Low""","=""false"""
"=""vietlott max 3d cách chơi""","=""30""","=""0""","=""5""","=""Low""","=""false"""
"=""vietlott mobifone apk""","=""30""","=""0""","=""3""","=""Low""","=""false"""
"=""vietlott ngày 14 tháng 7""","=""30""","=""0""","=""5""","=""Low""","=""true"""
"=""vietlott ngày 26 tháng 5""","=""30""","=""0""","=""5""","=""Low""","=""false"""
"=""vietlott ngày 16 tháng 6""","=""30""","=""0""","=""5""","=""Low""","=""false"""
"=""vietlott ngày 18 tháng 6""","=""30""","=""0""","=""5""","=""Low""","=""false"""
"=""vietlott nha trang""","=""30""","=""0""","=""3""","=""Low""","=""false"""
"=""vietlott quảng bình""","=""30""","=""0""","=""3""","=""Low""","=""true"""
"=""vietlott viettel sms""","=""30""","=""0""","=""3""","=""Low""","=""false"""
"=""vietlott xổ số hôm nay""","=""30""","=""0""","=""5""","=""Low""","=""true"""
"=""vietlott xổ lúc mấy giờ""","=""30""","=""0""","=""5""","=""Low""","=""false"""
"=""vietlott là của ai""","=""30""","=""0""","=""4""","=""Low""","=""false"""
"=""vietlott có gian lận không""","=""30""","=""0""","=""5""","=""Low""","=""true"""
"=""vietlott có minh bạch không""","=""30""","=""0""","=""5""","=""Low""","=""false"""
"=""vietlott bao nhiêu 1 tờ""","=""30""","=""0""","=""5""","=""Low""","=""false"""
"=""vietlott android""","=""30""","=""0""","=""2""","=""Low""","=""false"""
"=""vietlott giá""","=""30""","=""0""","=""2""","=""Low""","=""false"""
"=""vietlott giải""","=""30""","=""0""","=""2""","=""Low""","=""false"""
"=""vietlott khi nào xổ""","=""30""","=""0""","=""4""","=""Low""","=""true"""
"=""vietlott mua vé""","=""30""","=""0.47""","=""3""","=""Low""","=""false"""
"=""vietlott mua như thế nào""","=""30""","=""0.51""","=""5""","=""Low""","=""false"""
"=""vietlott quay số mấy giờ""","=""30""","=""0""","=""5""","=""Low""","=""false"""
"=""vietlott ra đời khi nào""","=""30""","=""0""","=""5""","=""Low""","=""false"""
"=""vietlott result""","=""30""","=""0""","=""2""","=""Low""","=""false"""
"=""vietlott chơi sao""","=""30""","=""0""","=""3""","=""Low""","=""true"""
"=""vietlott trúng bao nhiêu""","=""30""","=""0""","=""4""","=""Low""","=""false"""
"=""vietlott tuyên quang""","=""30""","=""0""","=""3""","=""Low""","=""true"""
"=""vietlott có từ bao giờ""","=""30""","=""0""","=""5""","=""Low""","=""false"""
"=""vietlott 10 7 26""","=""30""","=""0""","=""4""","=""Low""","=""true"""
"=""vietlott 535 cách chơi""","=""30""","=""0""","=""4""","=""Low""","=""true"""
"=""vietlott 9 7 26""","=""30""","=""0""","=""4""","=""Low""","=""true"""
"=""vietlott có từ năm nào""","=""30""","=""0""","=""5""","=""Low""","=""false"""
"=""vietlott của nước nào""","=""30""","=""0""","=""4""","=""Low""","=""false"""
"=""vietlott tuyen dung""","=""20""","=""0""","=""3""","=""Low""","=""true"""
"=""vietlott vsmb""","=""20""","=""0""","=""2""","=""Low""","=""false"""
"=""vietlott đại lý""","=""20""","=""0""","=""3""","=""Low""","=""true"""
"=""vietlott nghệ an""","=""20""","=""0""","=""3""","=""Low""","=""false"""
"=""vietlott giải cao nhất""","=""20""","=""0""","=""4""","=""Low""","=""false"""
"=""vietlott hcm""","=""20""","=""0""","=""2""","=""Low""","=""false"""
"=""vietlott hiện tại""","=""20""","=""0""","=""3""","=""Low""","=""true"""
"=""vietlott keno live""","=""20""","=""0""","=""3""","=""Low""","=""false"""
"=""vietlott keno giải thưởng""","=""20""","=""0""","=""4""","=""Low""","=""true"""
"=""vietlott như thế nào là trúng""","=""20""","=""0""","=""6""","=""Low""","=""false"""
"=""vietlott bắc ninh""","=""20""","=""0""","=""3""","=""Low""","=""true"""
"=""vietlott mã3d pro""","=""20""","=""0""","=""3""","=""Low""","=""false"""
"=""vietlott tin trúng thưởng""","=""20""","=""0""","=""4""","=""Low""","=""true"""
"=""vietlott wiki""","=""20""","=""0""","=""2""","=""Low""","=""true"""
"=""vietlott bị lỗi""","=""20""","=""0""","=""3""","=""Low""","=""false"""
"=""vietlott xổ thứ mấy""","=""20""","=""0""","=""4""","=""Low""","=""false"""
"=""vietlott có bao nhiêu giải""","=""20""","=""0""","=""5""","=""Low""","=""true"""
"=""vietlott trên momo""","=""20""","=""0""","=""3""","=""Low""","=""false"""
"=""vietlott sms của ai""","=""20""","=""0""","=""4""","=""Low""","=""true"""
"=""vietlott api""","=""20""","=""0""","=""2""","=""Low""","=""true"""
"=""vietlott bao nhiêu 1 vé""","=""20""","=""0""","=""5""","=""Low""","=""true"""
"=""vietlott cao nhất bao nhiêu""","=""20""","=""0""","=""5""","=""Low""","=""true"""
"=""vietlott data""","=""20""","=""0""","=""2""","=""Low""","=""false"""
"=""vietlott giải thưởng hôm nay""","=""20""","=""0""","=""5""","=""Low""","=""false"""
"=""vietlott ketqua""","=""20""","=""0""","=""2""","=""Low""","=""false"""
"=""vietlott kq""","=""20""","=""0""","=""2""","=""Low""","=""false"""
"=""vietlott max 3d pro daiphat""","=""20""","=""0""","=""5""","=""Low""","=""true"""
"=""vietlott mua online được không""","=""20""","=""0""","=""5""","=""Low""","=""false"""
"=""vietlott mua bao nhiêu tiền""","=""20""","=""0""","=""5""","=""Low""","=""false"""
"=""vietlott quay số""","=""20""","=""0""","=""3""","=""Low""","=""true"""
"=""vietlott quảng ngãi""","=""20""","=""0""","=""3""","=""Low""","=""true"""
"=""vietlott nghi tet""","=""20""","=""0""","=""3""","=""Low""","=""false"""
"=""vietlott thứ hai""","=""20""","=""0""","=""3""","=""Low""","=""false"""
"=""vietlott thứ năm hàng tuần""","=""20""","=""0""","=""5""","=""Low""","=""false"""
"=""vietlott xổ số mấy giờ""","=""20""","=""0""","=""5""","=""Low""","=""false"""
"=""vietlott cách mua""","=""20""","=""0.41""","=""3""","=""Low""","=""false"""
"=""vietlott 83 tỷ""","=""20""","=""0""","=""3""","=""Low""","=""false"""
"=""vietlott 535 là gì""","=""20""","=""0""","=""4""","=""Low""","=""false"""
"=""vietlott từ số mấy đến số mấy""","=""20""","=""0""","=""7""","=""Low""","=""false"""
"=""vietlott có những giải nào""","=""20""","=""0""","=""5""","=""Low""","=""false"""
"=""vietlott 888""","=""10""","=""0""","=""2""","=""Low""","=""false"""
"=""vietlott liên kết với ngân hàng nào""","=""10""","=""0""","=""7""","=""Low""","=""false"""
"=""vietlott luckybest""","=""10""","=""0""","=""2""","=""Low""","=""false"""
"=""vietlott mobile app""","=""10""","=""0""","=""3""","=""Low""","=""false"""
"=""vietlott mobilott""","=""10""","=""0""","=""2""","=""Low""","=""false"""
"=""vietlott qua sms""","=""10""","=""0""","=""3""","=""Low""","=""false"""
"=""vietlott qua điện thoại""","=""10""","=""0""","=""4""","=""Low""","=""false"""
"=""vietlott sms bị lợi""","=""10""","=""0""","=""4""","=""Low""","=""false"""
"=""vietlott trên điện thoại""","=""10""","=""0""","=""4""","=""Low""","=""false"""
"=""vietlott viettelpay""","=""10""","=""0""","=""2""","=""Low""","=""false"""
"=""vietlott vinaphone apk""","=""10""","=""0""","=""3""","=""Low""","=""false"""
"=""vietlott vnpt""","=""10""","=""0""","=""2""","=""Low""","=""false"""
"=""vietlott3d""","=""10""","=""0""","=""1""","=""Low""","=""false"""
"=""vietlott888""","=""10""","=""0""","=""1""","=""Low""","=""false"""
"=""vietlott888 com""","=""10""","=""0""","=""2""","=""Low""","=""false"""
"=""vietlottvip com""","=""10""","=""0""","=""2""","=""Low""","=""false"""
"=""vietlott berjaya""","=""10""","=""0""","=""2""","=""Low""","=""false"""
"=""vietlott binh duong""","=""10""","=""0""","=""3""","=""Low""","=""false"""
"=""vietlott can tho""","=""10""","=""0""","=""3""","=""Low""","=""false"""
"=""vietlott an giang""","=""10""","=""0""","=""3""","=""Low""","=""false"""
"=""vietlott long an""","=""10""","=""0""","=""3""","=""Low""","=""false"""
"=""vietlott vnexpress""","=""10""","=""0""","=""2""","=""Low""","=""false"""
"=""vietlott da nang""","=""10""","=""0""","=""3""","=""Low""","=""false"""
"=""vietlott dalat""","=""10""","=""0""","=""2""","=""Low""","=""false"""
"=""vietlott đã có người trúng""","=""10""","=""0""","=""5""","=""Low""","=""false"""
"=""vietlott hai duong""","=""10""","=""0""","=""3""","=""Low""","=""false"""
"=""vietlott hàn quốc""","=""10""","=""0""","=""3""","=""Low""","=""true"""
"=""vietlott hanoi""","=""10""","=""0""","=""2""","=""Low""","=""false"""
"=""vietlott hà đông""","=""10""","=""0""","=""3""","=""Low""","=""false"""
"=""vietlott hà giang""","=""10""","=""0""","=""3""","=""Low""","=""false"""
"=""vietlott hom nay minh ngoc""","=""10""","=""0""","=""5""","=""Low""","=""false"""
"=""vietlott huế""","=""10""","=""0""","=""2""","=""Low""","=""true"""
"=""vietlott jackpot 2 là gì""","=""10""","=""0""","=""5""","=""Low""","=""true"""
"=""vietlott jackpot 1 là gì""","=""10""","=""0""","=""5""","=""Low""","=""true"""
"=""vietlott jackpot 2""","=""10""","=""0""","=""3""","=""Low""","=""false"""
"=""vietlott khi nào bán lại""","=""10""","=""0""","=""5""","=""Low""","=""false"""
"=""vietlott khánh hòa""","=""10""","=""0""","=""3""","=""Low""","=""false"""
"=""vietlott kon tum""","=""10""","=""0""","=""3""","=""Low""","=""false"""
"=""vietlott kqxs""","=""10""","=""0""","=""2""","=""Low""","=""true"""
"=""vietlott linh đàm""","=""10""","=""0""","=""3""","=""Low""","=""false"""
"=""vietlott lua dao sieu tinh vi""","=""10""","=""0""","=""6""","=""Low""","=""false"""
"=""vietlott co lua dao khong""","=""10""","=""0""","=""5""","=""Low""","=""false"""
"=""vietlott mbbank""","=""10""","=""0""","=""2""","=""Low""","=""false"""
"=""vietlott moi""","=""10""","=""0""","=""2""","=""Low""","=""false"""
"=""vietlott mua thế nào""","=""10""","=""0""","=""4""","=""Low""","=""true"""
"=""vietlott mỹ tho""","=""10""","=""0""","=""3""","=""Low""","=""false"""
"=""vietlott nam định""","=""10""","=""0""","=""3""","=""Low""","=""false"""
"=""vietlott ngày 13 tháng 05""","=""10""","=""0""","=""5""","=""Low""","=""false"""
"=""vietlott ngày 29 tháng 5""","=""10""","=""0""","=""5""","=""Low""","=""false"""
"=""vietlott như thế nào""","=""10""","=""0""","=""4""","=""Low""","=""false"""
"=""vietlott ninh bình""","=""10""","=""0""","=""3""","=""Low""","=""false"""
"=""vietlott quảng ninh""","=""10""","=""0""","=""3""","=""Low""","=""false"""
"=""vietlott ha noi""","=""10""","=""0""","=""3""","=""Low""","=""false"""
"=""vietlott phú thọ""","=""10""","=""0""","=""3""","=""Low""","=""false"""
"=""vietlott phú yên""","=""10""","=""0""","=""3""","=""Low""","=""false"""
"=""vietlott quy nhơn""","=""10""","=""0""","=""3""","=""Low""","=""true"""
"=""vietlott so xo""","=""10""","=""0""","=""3""","=""Low""","=""false"""
"=""vietlott so may gio""","=""10""","=""0""","=""4""","=""Low""","=""false"""
"=""vietlott vung tau""","=""10""","=""0""","=""3""","=""Low""","=""false"""
"=""vietlott tphcm""","=""10""","=""0""","=""2""","=""Low""","=""false"""
"=""vietlott tp vinh""","=""10""","=""0""","=""3""","=""Low""","=""false"""
"=""vietlott công ty""","=""10""","=""0""","=""3""","=""Low""","=""false"""
"=""vietlott 300 ty""","=""10""","=""0""","=""3""","=""Low""","=""false"""
"=""vietlott việt trì""","=""10""","=""0""","=""3""","=""Low""","=""false"""
"=""vietlott vtc""","=""10""","=""0""","=""2""","=""Low""","=""false"""
"=""vietlott xs""","=""10""","=""0""","=""2""","=""Low""","=""false"""
"=""vietlott xsmb""","=""10""","=""0""","=""2""","=""Low""","=""false"""
"=""vietlott youtube""","=""10""","=""0""","=""2""","=""Low""","=""false"""
"=""vietlott ở mỹ""","=""10""","=""0""","=""3""","=""Low""","=""false"""
"=""vietlott yên bái""","=""10""","=""0""","=""3""","=""Low""","=""false"""
"=""vietlott hưng yên""","=""10""","=""0""","=""3""","=""Low""","=""false"""
"=""vietlott vĩnh yên""","=""10""","=""0""","=""3""","=""Low""","=""false"""
"=""vietlott 16 tháng 7""","=""10""","=""0""","=""4""","=""Low""","=""true"""
"=""vietlott 27 tháng 6""","=""10""","=""0""","=""4""","=""Low""","=""false"""
"=""vietlott ai trúng""","=""10""","=""0""","=""3""","=""Low""","=""false"""
"=""vietlott có ai trúng chưa""","=""10""","=""0""","=""5""","=""Low""","=""true"""
"=""vietlott bao nhiêu tỷ""","=""10""","=""0""","=""4""","=""Low""","=""false"""
"=""vietlott bao số là gì""","=""10""","=""0""","=""5""","=""Low""","=""true"""
"=""vietlott cao nhất""","=""10""","=""0""","=""3""","=""Low""","=""false"""
"=""vietlott an sinh xã hội""","=""10""","=""0""","=""5""","=""Low""","=""false"""
"=""vietlott chơi kiểu gì""","=""10""","=""0""","=""4""","=""Low""","=""false"""
"=""vietlott dms""","=""10""","=""0""","=""2""","=""Low""","=""true"""
"=""vietlott do ai quản lý""","=""10""","=""0""","=""5""","=""Low""","=""false"""
"=""vietlott doitac""","=""10""","=""0""","=""2""","=""Low""","=""false"""
"=""vietlott dò sao""","=""10""","=""0""","=""3""","=""Low""","=""true"""
"=""vietlott dò như thế nào""","=""10""","=""0""","=""5""","=""Low""","=""false"""
"=""vietlott foreigner wins million""","=""10""","=""0""","=""4""","=""Low""","=""false"""
"=""vietlott jackpot 2 gagnants""","=""10""","=""0""","=""4""","=""Low""","=""false"""
"=""vietlott gò vấp""","=""10""","=""0""","=""3""","=""Low""","=""false"""
"=""vietlott hiện tại bao nhiêu tỷ""","=""10""","=""0""","=""6""","=""Low""","=""false"""
"=""vietlott hom nay 645""","=""10""","=""0""","=""4""","=""Low""","=""true"""
"=""vietlott jackpot hôm nay""","=""10""","=""0""","=""4""","=""Low""","=""true"""
"=""vietlott không trả thưởng""","=""10""","=""0""","=""4""","=""Low""","=""false"""
"=""vietlott không đeo mặt nạ""","=""10""","=""0""","=""5""","=""Low""","=""false"""
"=""vietlott khi nào nghỉ tết""","=""10""","=""0""","=""5""","=""Low""","=""false"""
"=""vietlott kỳ 00900""","=""10""","=""0""","=""3""","=""Low""","=""false"""
"=""vietlott kỳ 01311""","=""10""","=""0""","=""3""","=""Low""","=""false"""
"=""vietlott kỳ 01294""","=""10""","=""0""","=""3""","=""Low""","=""false"""
"=""vietlott kỳ 01326""","=""10""","=""0""","=""3""","=""Low""","=""false"""
"=""vietlott la gì cách chơi""","=""10""","=""0""","=""5""","=""Low""","=""true"""
"=""vietlott lai""","=""10""","=""0""","=""2""","=""Low""","=""false"""
"=""vietlott là công ty nhà nước""","=""10""","=""0""","=""6""","=""Low""","=""false"""
"=""vietlott là của công ty nào""","=""10""","=""0""","=""6""","=""Low""","=""true"""
"=""vietlott là công ty gì""","=""10""","=""0""","=""5""","=""Low""","=""false"""
"=""vietlott max 3d trúng bao nhiêu""","=""10""","=""0""","=""6""","=""Low""","=""true"""
"=""vietlott max 3 pro""","=""10""","=""0""","=""4""","=""Low""","=""false"""
"=""vietlott mega 6 45 là gì""","=""10""","=""0""","=""6""","=""Low""","=""false"""
"=""vietlott miền nam""","=""10""","=""0""","=""3""","=""Low""","=""true"""
"=""vietlott mobi lừa đảo""","=""10""","=""0""","=""4""","=""Low""","=""false"""
"=""vietlott my viettel""","=""10""","=""0""","=""3""","=""Low""","=""false"""
"=""vietlott trên my viettel""","=""10""","=""0""","=""4""","=""Low""","=""false"""
"=""vietlott nay bao nhiêu tiền""","=""10""","=""0""","=""5""","=""Low""","=""true"""
"=""vietlott nay bao nhiêu""","=""10""","=""0""","=""4""","=""Low""","=""false"""
"=""vietlott nổ jackpot""","=""10""","=""0""","=""3""","=""Low""","=""false"""
"=""vietlott phat trien""","=""10""","=""0""","=""3""","=""Low""","=""false"""
"=""vietlott phát trên kênh nào""","=""10""","=""0""","=""5""","=""Low""","=""false"""
"=""vietlott quét mã""","=""10""","=""0""","=""3""","=""Low""","=""false"""
"=""vietlott ra mắt sản phẩm mới""","=""10""","=""0""","=""6""","=""Low""","=""false"""
"=""vietlott ra sản phẩm mới 5 35""","=""10""","=""0""","=""7""","=""Low""","=""false"""
"=""vietlott lottery results may 23""","=""10""","=""0""","=""5""","=""Low""","=""false"""
"=""vietlott sms app store""","=""10""","=""0""","=""4""","=""Low""","=""false"""
"=""vietlott tc là gì""","=""10""","=""0""","=""4""","=""Low""","=""false"""
"=""vietlott nghi tet 2025""","=""10""","=""0""","=""4""","=""Low""","=""false"""
"=""vietlott trúng bao nhiêu số""","=""10""","=""0""","=""5""","=""Low""","=""true"""
"=""vietlott tuyển dụng 2025""","=""10""","=""0""","=""4""","=""Low""","=""false"""
"=""vietlott 344 ty""","=""10""","=""0""","=""3""","=""Low""","=""false"""
"=""vietlott vpbank""","=""10""","=""0""","=""2""","=""Low""","=""true"""
"=""vietlott zalopay""","=""10""","=""0""","=""2""","=""Low""","=""false"""
"=""vietlott dò""","=""10""","=""0""","=""2""","=""Low""","=""false"""
"=""vietlott xổ số như thế nào""","=""10""","=""0""","=""6""","=""Low""","=""true"""
"=""vietlott xổ""","=""10""","=""0""","=""2""","=""Low""","=""false"""
"=""vietlott 09 06 26""","=""10""","=""0""","=""4""","=""Low""","=""false"""
"=""vietlott 02 07 26""","=""10""","=""0""","=""4""","=""Low""","=""true"""
"=""vietlott 07 06 26""","=""10""","=""0""","=""4""","=""Low""","=""false"""
"=""vietlott 11 tháng 7""","=""10""","=""0""","=""4""","=""Low""","=""true"""
"=""vietlott 80 tỷ""","=""10""","=""0""","=""3""","=""Low""","=""false"""
"=""vietlott hôm nào quay""","=""10""","=""0""","=""4""","=""Low""","=""false"""
"=""vietlott trúng thế nào""","=""10""","=""0""","=""4""","=""Low""","=""false"""
"=""vietlott quay như thế nào""","=""10""","=""0""","=""5""","=""Low""","=""false"""
"=""vietlott bao nhiêu ngày quay 1 lần""","=""10""","=""0""","=""7""","=""Low""","=""false"""
"=""vietlott thuộc công ty nào""","=""10""","=""0""","=""5""","=""Low""","=""false"""
"=""vietlott thuộc bộ tài chính""","=""10""","=""0""","=""5""","=""Low""","=""true"""
"=""vietlott trên viettel money""","=""10""","=""0""","=""4""","=""Low""","=""false"""
"=""vietlott trên momo bị lỗi""","=""10""","=""0""","=""5""","=""Low""","=""false"""
"=""vietlott của công ty nào""","=""10""","=""0""","=""5""","=""Low""","=""true"""
"=""vietlott urbox voucher""","=""0""","=""0""","=""3""","=""Low""","=""false"""
"=""vietlott sms acb""","=""0""","=""0""","=""3""","=""Low""","=""false"""
"=""vietlott aeon mall""","=""0""","=""0""","=""3""","=""Low""","=""false"""
"=""vietlott agribank""","=""0""","=""0""","=""2""","=""Low""","=""false"""
"=""vietlott sms all apk""","=""0""","=""0""","=""4""","=""Low""","=""false"""
"=""vietlott ám""","=""0""","=""0""","=""2""","=""Low""","=""false"""
"=""vietlott ai làm chủ""","=""0""","=""0""","=""4""","=""Low""","=""false"""
"=""vietlott ai quản lý""","=""0""","=""0""","=""4""","=""Low""","=""false"""
"=""vietlott do ai sáng lập""","=""0""","=""0""","=""5""","=""Low""","=""false"""
"=""vietlott hôm nay ai trúng""","=""0""","=""0""","=""5""","=""Low""","=""false"""
"=""vietlott australia""","=""0""","=""0""","=""2""","=""Low""","=""false"""
"=""vietlott atrungroi 6 55""","=""0""","=""0""","=""4""","=""Low""","=""false"""
"=""vietlott atrungroi 6 45""","=""0""","=""0""","=""4""","=""Low""","=""false"""
"=""vietlott 655 atrungroi""","=""0""","=""0""","=""3""","=""Low""","=""false"""
"=""vietlott app store""","=""0""","=""0""","=""3""","=""Low""","=""false"""
"=""vietlott apk download""","=""0""","=""0""","=""3""","=""Low""","=""false"""
"=""vietlott bao nhiêu số là trúng""","=""0""","=""0""","=""6""","=""Low""","=""false"""
"=""vietlott biên hòa""","=""0""","=""0""","=""3""","=""Low""","=""false"""
"=""vietlott bidv""","=""0""","=""0""","=""2""","=""Low""","=""false"""
"=""vietlott bi loi""","=""0""","=""0""","=""3""","=""Low""","=""false"""
"=""vietlott bingo kết quả""","=""0""","=""0""","=""4""","=""Low""","=""false"""
"=""vietlott bị sập""","=""0""","=""0""","=""3""","=""Low""","=""false"""
"=""vietlott bn tiền""","=""0""","=""0""","=""3""","=""Low""","=""false"""
"=""vietlott bn số""","=""0""","=""0""","=""3""","=""Low""","=""false"""
"=""vietlott có bn số""","=""0""","=""0""","=""4""","=""Low""","=""false"""
"=""vietlott giá bn""","=""0""","=""0""","=""3""","=""Low""","=""false"""
"=""vietlott trúng bn tiền""","=""0""","=""0""","=""4""","=""Low""","=""false"""
"=""vietlott trúng bn""","=""0""","=""0""","=""3""","=""Low""","=""false"""
"=""vietlott bmt""","=""0""","=""0""","=""2""","=""Low""","=""false"""
"=""vietlott bot""","=""0""","=""0""","=""2""","=""Low""","=""false"""
"=""vietlott bộ tài chính""","=""0""","=""0""","=""4""","=""Low""","=""false"""
"=""vietlott bỏ keno""","=""0""","=""0""","=""3""","=""Low""","=""false"""
"=""vietlott buôn ma thuột""","=""0""","=""0""","=""4""","=""Low""","=""false"""
"=""vietlott cao bằng""","=""0""","=""0""","=""3""","=""Low""","=""false"""
"=""vietlott cac ky quay""","=""0""","=""0""","=""4""","=""Low""","=""false"""
"=""vietlott ăn bao nhiêu""","=""0""","=""0""","=""4""","=""Low""","=""false"""
"=""vietlott ăn như thế nào""","=""0""","=""0""","=""5""","=""Low""","=""false"""
"=""vietlott hội an""","=""0""","=""0""","=""3""","=""Low""","=""false"""
"=""vietlott chơi làm sao""","=""0""","=""0""","=""4""","=""Low""","=""false"""
"=""vietlott chơi""","=""0""","=""0""","=""2""","=""Low""","=""false"""
"=""vietlott chọn bao nhiêu số""","=""0""","=""0""","=""5""","=""Low""","=""false"""
"=""vietlott chủ nhật 28 tháng 6""","=""0""","=""0""","=""6""","=""Low""","=""false"""
"=""vietlott chủ nhật ngày mùng 2 tháng 8""","=""0""","=""0""","=""8""","=""Low""","=""false"""
"=""vietlott chủ nhật ngày 19 tháng 7 năm 2026""","=""0""","=""0""","=""9""","=""Low""","=""false"""
"=""vietlott chia giải""","=""0""","=""0""","=""3""","=""Low""","=""false"""
"=""vietlott vn 645""","=""0""","=""0""","=""3""","=""Low""","=""false"""
"=""vietlott vn lotto""","=""0""","=""0""","=""3""","=""Low""","=""false"""
"=""vietlott cskh""","=""0""","=""0""","=""2""","=""Low""","=""false"""
"=""vietlott của cty nào""","=""0""","=""0""","=""4""","=""Low""","=""false"""
"=""vietlott data github""","=""0""","=""0""","=""3""","=""Low""","=""false"""
"=""vietlott dataset""","=""0""","=""0""","=""2""","=""Low""","=""false"""
"=""vietlott dai phat""","=""0""","=""0""","=""3""","=""Low""","=""false"""
"=""vietlott dac biet""","=""0""","=""0""","=""3""","=""Low""","=""false"""
"=""vietlott cua nha nuoc hay tu nhan""","=""0""","=""0""","=""7""","=""Low""","=""false"""
"=""vietlott tra cuu""","=""0""","=""0""","=""3""","=""Low""","=""false"""
"=""vietlott bao 5 cuộn là gì""","=""0""","=""0""","=""6""","=""Low""","=""false"""
"=""vietlott bao 5 cuộn""","=""0""","=""0""","=""4""","=""Low""","=""false"""
"=""vietlott dien toan""","=""0""","=""0""","=""3""","=""Low""","=""false"""
"=""vietlott đi""","=""0""","=""0""","=""2""","=""Low""","=""false"""
"=""vietlott doanh thu""","=""0""","=""0""","=""3""","=""Low""","=""false"""
"=""vietlott doc dac""","=""0""","=""0""","=""3""","=""Low""","=""false"""
"=""vietlott dự đoán""","=""0""","=""0""","=""3""","=""Low""","=""false"""
"=""vietlott ems""","=""0""","=""0""","=""2""","=""Low""","=""false"""
"=""vietlott english""","=""0""","=""0""","=""2""","=""Low""","=""false"""
"=""vietlott excel""","=""0""","=""0""","=""2""","=""Low""","=""false"""
"=""vietlott face""","=""0""","=""0""","=""2""","=""Low""","=""false"""
"=""vietlott fanpage""","=""0""","=""0""","=""2""","=""Low""","=""false"""
"=""vietlott sms facebook""","=""0""","=""0""","=""3""","=""Low""","=""false"""
"=""vietlott fb""","=""0""","=""0""","=""2""","=""Low""","=""false"""
"=""vietlott gan nhat""","=""0""","=""0""","=""3""","=""Low""","=""false"""
"=""vietlott giá trị hôm nay""","=""0""","=""0""","=""5""","=""Low""","=""false"""
"=""vietlott giá trị cao nhất là bao nhiêu""","=""0""","=""0""","=""8""","=""Low""","=""false"""
"=""vietlott google""","=""0""","=""0""","=""2""","=""Low""","=""false"""
"=""vietlott ghi đến mấy giờ""","=""0""","=""0""","=""5""","=""Low""","=""false"""
"=""vietlott ghi bao nhiêu số""","=""0""","=""0""","=""5""","=""Low""","=""false"""
"=""vietlott generator""","=""0""","=""0""","=""2""","=""Low""","=""false"""
"=""vietlott han""","=""0""","=""0""","=""2""","=""Low""","=""false"""
"=""vietlott hai bà trưng""","=""0""","=""0""","=""4""","=""Low""","=""false"""
"=""vietlott hạ long""","=""0""","=""0""","=""3""","=""Low""","=""false"""
"=""vietlott tp hcm trúng thưởng""","=""0""","=""0""","=""5""","=""Low""","=""false"""
"=""vietlott hiện tại bao nhiêu""","=""0""","=""0""","=""5""","=""Low""","=""false"""
"=""vietlott hiện tại trúng bao nhiêu""","=""0""","=""0""","=""6""","=""Low""","=""false"""
"=""vietlott xuất hiện khi nào""","=""0""","=""0""","=""5""","=""Low""","=""false"""
"=""vietlott hoạt động như thế nào""","=""0""","=""0""","=""6""","=""Low""","=""false"""
"=""vietlott hom""","=""0""","=""0""","=""2""","=""Low""","=""false"""
"=""vietlott hotline""","=""0""","=""0""","=""2""","=""Low""","=""false"""
"=""vietlott hom nay 5 35""","=""0""","=""0""","=""5""","=""Low""","=""false"""
"=""vietlott hqua""","=""0""","=""0""","=""2""","=""Low""","=""false"""
"=""vietlott huỳnh tấn phát""","=""0""","=""0""","=""4""","=""Low""","=""false"""
"=""vietlott ios""","=""0""","=""0""","=""2""","=""Low""","=""false"""
"=""vietlott tuyển dụng it""","=""0""","=""0""","=""4""","=""Low""","=""false"""
"=""vietlott jackpot 535""","=""0""","=""0""","=""3""","=""Low""","=""false"""
"=""vietlott kiểu mỹ""","=""0""","=""0""","=""3""","=""Low""","=""false"""
"=""vietlott kiên giang""","=""0""","=""0""","=""3""","=""Low""","=""false"""
"=""vietlott hoàn kiếm""","=""0""","=""0""","=""3""","=""Low""","=""false"""
"=""vietlott hôm kia""","=""0""","=""0""","=""3""","=""Low""","=""false"""
"=""vietlott không đăng nhập được""","=""0""","=""0""","=""5""","=""Low""","=""false"""
"=""vietlott không vào được""","=""0""","=""0""","=""4""","=""Low""","=""false"""
"=""vietlott không còn trên momo""","=""0""","=""0""","=""5""","=""Low""","=""false"""
"=""vietlott xổ khi nào""","=""0""","=""0""","=""4""","=""Low""","=""false"""
"=""vietlott korea""","=""0""","=""0""","=""2""","=""Low""","=""false"""
"=""vietlott korean""","=""0""","=""0""","=""2""","=""Low""","=""false"""
"=""vietlott có thật ko""","=""0""","=""0""","=""4""","=""Low""","=""false"""
"=""vietlott có thật ko voz""","=""0""","=""0""","=""5""","=""Low""","=""false"""
"=""vietlott ky""","=""0""","=""0""","=""2""","=""Low""","=""false"""
"=""vietlott ky 01318""","=""0""","=""0""","=""3""","=""Low""","=""false"""
"=""vietlott kỳ tiếp theo""","=""0""","=""0""","=""4""","=""Low""","=""false"""
"=""vietlott kỳ quay""","=""0""","=""0""","=""3""","=""Low""","=""false"""
"=""vietlott kỳ 01374""","=""0""","=""0""","=""3""","=""Low""","=""false"""
"=""vietlott lai no""","=""0""","=""0""","=""3""","=""Low""","=""false"""
"=""vietlott livestream""","=""0""","=""0""","=""2""","=""Low""","=""false"""
"=""vietlott liệu có lừa đảo""","=""0""","=""0""","=""5""","=""Low""","=""false"""
"=""vietlott live kết quả""","=""0""","=""0""","=""4""","=""Low""","=""false"""
"=""vietlott liên xô""","=""0""","=""0""","=""3""","=""Low""","=""false"""
"=""vietlott lotto 5 35 giải thưởng""","=""0""","=""0""","=""6""","=""Low""","=""false"""
"=""vietlott luật chơi""","=""0""","=""0""","=""3""","=""Low""","=""false"""
"=""vietlott luật""","=""0""","=""0""","=""2""","=""Low""","=""false"""
"=""vietlott so luc may gio""","=""0""","=""0""","=""5""","=""Low""","=""false"""
"=""vietlott mac3d pro""","=""0""","=""0""","=""3""","=""Low""","=""false"""
"=""vietlott mega hôm nay bao nhiêu tiền""","=""0""","=""0""","=""7""","=""Low""","=""false"""
"=""vietlott minh chính hôm nay""","=""0""","=""0""","=""5""","=""Low""","=""false"""
"=""vietlott money""","=""0""","=""0""","=""2""","=""Low""","=""false"""
"=""vietlott mo""","=""0""","=""0""","=""2""","=""Low""","=""false"""
"=""vietlott mst""","=""0""","=""0""","=""2""","=""Low""","=""false"""
"=""vietlott mua sao""","=""0""","=""0""","=""3""","=""Low""","=""false"""
"=""vietlott mỹ bao nhiêu số""","=""0""","=""0""","=""5""","=""Low""","=""false"""
"=""vietlott nay trúng bao nhiêu""","=""0""","=""0""","=""5""","=""Low""","=""false"""
"=""vietlott nay""","=""0""","=""0""","=""2""","=""Low""","=""false"""
"=""vietlott nhiêu tiền""","=""0""","=""0""","=""3""","=""Low""","=""false"""
"=""vietlott nhà nước""","=""0""","=""0""","=""3""","=""Low""","=""false"""
"=""vietlott nha trang khánh hòa""","=""0""","=""0""","=""5""","=""Low""","=""false"""
"=""vietlott nhiêu số""","=""0""","=""0""","=""3""","=""Low""","=""false"""
"=""vietlott nhận thưởng""","=""0""","=""0""","=""3""","=""Low""","=""false"""
"=""vietlott nhật bản""","=""0""","=""0""","=""3""","=""Low""","=""false"""
"=""vietlott ninh thuận""","=""0""","=""0""","=""3""","=""Low""","=""false"""
"=""vietlott no o dau""","=""0""","=""0""","=""4""","=""Low""","=""false"""
"=""vietlott no""","=""0""","=""0""","=""2""","=""Low""","=""false"""
"=""vietlott nổ 300 tỷ""","=""0""","=""0""","=""4""","=""Low""","=""false"""
"=""vietlott nổ giải""","=""0""","=""0""","=""3""","=""Low""","=""false"""
"=""vietlott trúng ntn""","=""0""","=""0""","=""3""","=""Low""","=""false"""
"=""vietlott number""","=""0""","=""0""","=""2""","=""Low""","=""false"""
"=""vietlott official""","=""0""","=""0""","=""2""","=""Low""","=""false"""
"=""vietlott ocean park""","=""0""","=""0""","=""3""","=""Low""","=""false"""
"=""vietlott omega""","=""0""","=""0""","=""2""","=""Low""","=""false"""
"=""vietlott online login""","=""0""","=""0""","=""3""","=""Low""","=""false"""
"=""vietlott petro""","=""0""","=""0""","=""2""","=""Low""","=""false"""
"=""vietlott png""","=""0""","=""0""","=""2""","=""Low""","=""false"""
"=""vietlott phải trúng mấy số""","=""0""","=""0""","=""5""","=""Low""","=""false"""
"=""vietlott phát hành năm nào""","=""0""","=""0""","=""5""","=""Low""","=""false"""
"=""vietlott phốt""","=""0""","=""0""","=""2""","=""Low""","=""false"""
"=""vietlott phú quốc""","=""0""","=""0""","=""3""","=""Low""","=""false"""
"=""vietlott phổ yên thái nguyên""","=""0""","=""0""","=""5""","=""Low""","=""false"""
"=""vietlott pleiku""","=""0""","=""0""","=""2""","=""Low""","=""false"""
"=""vietlott pro max""","=""0""","=""0""","=""3""","=""Low""","=""false"""
"=""vietlott prediction""","=""0""","=""0""","=""2""","=""Low""","=""false"""
"=""vietlott prize""","=""0""","=""0""","=""2""","=""Low""","=""false"""
"=""vietlott price""","=""0""","=""0""","=""2""","=""Low""","=""false"""
"=""vietlott 4d pro""","=""0""","=""0""","=""3""","=""Low""","=""false"""
"=""vietlott quảng trị""","=""0""","=""0""","=""3""","=""Low""","=""false"""
"=""vietlott qua các kỳ""","=""0""","=""0""","=""4""","=""Low""","=""false"""
"=""vietlott random""","=""0""","=""0""","=""2""","=""Low""","=""false"""
"=""vietlott ra đời""","=""0""","=""0""","=""3""","=""Low""","=""false"""
"=""vietlott ra mắt""","=""0""","=""0""","=""3""","=""Low""","=""false"""
"=""vietlott ra mắt sòng bạc""","=""0""","=""0""","=""5""","=""Low""","=""false"""
"=""vietlott ra đời từ khi nào""","=""0""","=""0""","=""6""","=""Low""","=""false"""
"=""vietlott ra từ năm nào""","=""0""","=""0""","=""5""","=""Low""","=""false"""
"=""vietlott results today""","=""0""","=""0""","=""3""","=""Low""","=""false"""
"=""vietlott 6 55 result""","=""0""","=""0""","=""4""","=""Low""","=""false"""
"=""vietlott lottery results""","=""0""","=""0""","=""3""","=""Low""","=""false"""
"=""vietlott lottery results may 23 winner""","=""0""","=""0""","=""6""","=""Low""","=""false"""
"=""vietlott 6 55 result today""","=""0""","=""0""","=""5""","=""Low""","=""false"""
"=""vietlott sai 1 số""","=""0""","=""0""","=""4""","=""Low""","=""false"""
"=""vietlott thu sau""","=""0""","=""0""","=""3""","=""Low""","=""false"""
"=""vietlott trúng sao""","=""0""","=""0""","=""3""","=""Low""","=""false"""
"=""vietlott scan""","=""0""","=""0""","=""2""","=""Low""","=""false"""
"=""vietlott a trung roi""","=""0""","=""0""","=""4""","=""Low""","=""false"""
"=""vietlott shop""","=""0""","=""0""","=""2""","=""Low""","=""false"""
"=""vietlott shopeepay""","=""0""","=""0""","=""2""","=""Low""","=""false"""
"=""vietlott slogan""","=""0""","=""0""","=""2""","=""Low""","=""false"""
"=""vietlott sos""","=""0""","=""0""","=""2""","=""Low""","=""false"""
"=""vietlott soi cầu""","=""0""","=""0""","=""3""","=""Low""","=""false"""
"=""vietlott số trúng""","=""0""","=""0""","=""3""","=""Low""","=""false"""
"=""vietlott số hôm nay""","=""0""","=""0""","=""4""","=""Low""","=""false"""
"=""vietlott sp 655""","=""0""","=""0""","=""3""","=""Low""","=""false"""
"=""vietlott sp 535""","=""0""","=""0""","=""3""","=""Low""","=""false"""
"=""vietlott ssm""","=""0""","=""0""","=""2""","=""Low""","=""false"""
"=""vietlott store""","=""0""","=""0""","=""2""","=""Low""","=""false"""
"=""vietlott xác suất""","=""0""","=""0""","=""3""","=""Low""","=""false"""
"=""vietlott taiwan""","=""0""","=""0""","=""2""","=""Low""","=""false"""
"=""vietlott tat ca cac ky""","=""0""","=""0""","=""5""","=""Low""","=""false"""
"=""vietlott tam kỳ""","=""0""","=""0""","=""3""","=""Low""","=""false"""
"=""vietlott hien tai""","=""0""","=""0""","=""3""","=""Low""","=""false"""
"=""vietlott số tc là gì""","=""0""","=""0""","=""5""","=""Low""","=""false"""
"=""vietlott techcombank""","=""0""","=""0""","=""2""","=""Low""","=""false"""
"=""vietlott nghi tet 2026""","=""0""","=""0""","=""4""","=""Low""","=""false"""
"=""vietlott co nghi tet khong""","=""0""","=""0""","=""5""","=""Low""","=""false"""
"=""vietlott thứ 2 hàng tuần""","=""0""","=""0""","=""5""","=""Low""","=""false"""
"=""vietlott thứ 6 hàng tuần""","=""0""","=""0""","=""5""","=""Low""","=""false"""
"=""vietlott tiền thưởng""","=""0""","=""0""","=""3""","=""Low""","=""false"""
"=""vietlott tin tức""","=""0""","=""0""","=""3""","=""Low""","=""false"""
"=""vietlott ticket""","=""0""","=""0""","=""2""","=""Low""","=""false"""
"=""vietlott tiền giang""","=""0""","=""0""","=""3""","=""Low""","=""false"""
"=""vietlott tiền""","=""0""","=""0""","=""2""","=""Low""","=""false"""
"=""vietlott tp vinh nghệ an""","=""0""","=""0""","=""5""","=""Low""","=""false"""
"=""vietlott tpbank""","=""0""","=""0""","=""2""","=""Low""","=""false"""
"=""vietlott today""","=""0""","=""0""","=""2""","=""Low""","=""false"""
"=""vietlott điện toán""","=""0""","=""0""","=""3""","=""Low""","=""false"""
"=""vietlott lo to""","=""0""","=""0""","=""3""","=""Low""","=""false"""
"=""vietlott 6 tt""","=""0""","=""0""","=""3""","=""Low""","=""false"""
"=""vietlott tuần quay mấy lần""","=""0""","=""0""","=""5""","=""Low""","=""false"""
"=""vietlott tuần này""","=""0""","=""0""","=""3""","=""Low""","=""false"""
"=""vietlott tuần qua""","=""0""","=""0""","=""3""","=""Low""","=""false"""
"=""vietlott tuyển dụng 2026""","=""0""","=""0""","=""4""","=""Low""","=""false"""
"=""vietlott tuyển""","=""0""","=""0""","=""2""","=""Low""","=""false"""
"=""vietlott tỷ lệ trúng""","=""0""","=""0""","=""4""","=""Low""","=""false"""
"=""vietlott công ty của ai""","=""0""","=""0""","=""5""","=""Low""","=""false"""
"=""vietlott 345 ty""","=""0""","=""0""","=""3""","=""Low""","=""false"""
"=""vietlott 80 ty""","=""0""","=""0""","=""3""","=""Low""","=""false"""
"=""vietlott 83 ty""","=""0""","=""0""","=""3""","=""Low""","=""false"""
"=""vietlott 257 ty""","=""0""","=""0""","=""3""","=""Low""","=""false"""
"=""vietlott 180 ty""","=""0""","=""0""","=""3""","=""Low""","=""false"""
"=""vietlott úc""","=""0""","=""0""","=""2""","=""Low""","=""false"""
"=""vietlott usa""","=""0""","=""0""","=""2""","=""Low""","=""false"""
"=""vietlott và vé số khác nhau như thế nào""","=""0""","=""0""","=""9""","=""Low""","=""false"""
"=""vietlott và xổ số truyền thống""","=""0""","=""0""","=""6""","=""Low""","=""false"""
"=""vietlott và xổ số""","=""0""","=""0""","=""4""","=""Low""","=""false"""
"=""vietlott viettel money""","=""0""","=""0""","=""3""","=""Low""","=""false"""
"=""vietlott viettel apk""","=""0""","=""0""","=""3""","=""Low""","=""false"""
"=""vietlott vietlott hôm nay""","=""0""","=""0""","=""4""","=""Low""","=""false"""
"=""vietlott vietlott 6 55""","=""0""","=""0""","=""4""","=""Low""","=""false"""
"=""vietlott ve so""","=""0""","=""0""","=""3""","=""Low""","=""false"""
"=""vietlott vé bao nhiêu""","=""0""","=""0""","=""4""","=""Low""","=""false"""
"=""vietlott vé trúng""","=""0""","=""0""","=""3""","=""Low""","=""false"""
"=""vietlott vcb""","=""0""","=""0""","=""2""","=""Low""","=""false"""
"=""vietlott vps là gì""","=""0""","=""0""","=""4""","=""Low""","=""false"""
"=""vietlott vps""","=""0""","=""0""","=""2""","=""Low""","=""false"""
"=""vietlott sms vpbank""","=""0""","=""0""","=""3""","=""Low""","=""false"""
"=""vietlott trên vpbank""","=""0""","=""0""","=""3""","=""Low""","=""false"""
"=""vietlott vo""","=""0""","=""0""","=""2""","=""Low""","=""false"""
"=""vietlott voz vn""","=""0""","=""0""","=""3""","=""Low""","=""false"""
"=""vietlott bịp voz""","=""0""","=""0""","=""3""","=""Low""","=""false"""
"=""vietlott winner""","=""0""","=""0""","=""2""","=""Low""","=""false"""
"=""vietlott winner $4 million""","=""0""","=""0""","=""4""","=""Low""","=""false"""
"=""vietlott xe""","=""0""","=""0""","=""2""","=""Low""","=""false"""
"=""vietlott xem thêm""","=""0""","=""0""","=""3""","=""Low""","=""false"""
"=""vietlott xo so minh ngoc""","=""0""","=""0""","=""5""","=""Low""","=""false"""
"=""vietlott xổ số miền nam""","=""0""","=""0""","=""5""","=""Low""","=""false"""
"=""vietlott xổ số miền bắc""","=""0""","=""0""","=""5""","=""Low""","=""false"""
"=""vietlott xổ hôm nay""","=""0""","=""0""","=""4""","=""Low""","=""false"""
"=""vietlott xã đàn""","=""0""","=""0""","=""3""","=""Low""","=""false"""
"=""vietlott có xanh chín không""","=""0""","=""0""","=""5""","=""Low""","=""false"""
"=""vietlott xsmn""","=""0""","=""0""","=""2""","=""Low""","=""false"""
"=""vietlott long xuyên""","=""0""","=""0""","=""3""","=""Low""","=""false"""
"=""vietlott new zealand""","=""0""","=""0""","=""3""","=""Low""","=""false"""
"=""vietlott có lừa đảo không""","=""0""","=""0""","=""5""","=""Low""","=""false"""
"=""vietlott d3""","=""0""","=""0""","=""2""","=""Low""","=""false"""
"=""vietlott kết quả hôm qua""","=""0""","=""0""","=""5""","=""Low""","=""false"""
"=""vietlott rạch giá""","=""0""","=""0""","=""3""","=""Low""","=""false"""
"=""vietlott xổ những ngày nào""","=""0""","=""0""","=""5""","=""Low""","=""false"""
"=""vietlott ở vinh""","=""0""","=""0""","=""3""","=""Low""","=""false"""
"=""vietlott 01365""","=""0""","=""0""","=""2""","=""Low""","=""false"""
"=""vietlott nào dễ trúng nhất""","=""0""","=""0""","=""5""","=""Low""","=""false"""
"=""vietlott như nào là trúng""","=""0""","=""0""","=""5""","=""Low""","=""false"""
"=""vietlott giải nào cao nhất""","=""0""","=""0""","=""5""","=""Low""","=""false"""
"=""vietlott như nào""","=""0""","=""0""","=""3""","=""Low""","=""false"""
"=""vietlott ngày nào""","=""0""","=""0""","=""3""","=""Low""","=""false"""
"=""vietlott sổ như thế nào""","=""0""","=""0""","=""5""","=""Low""","=""false"""
"=""vietlott xổ như thế nào""","=""0""","=""0""","=""5""","=""Low""","=""false"""
"=""vietlott bao nhiêu giải""","=""0""","=""0""","=""4""","=""Low""","=""false"""
"=""vietlott thuộc bộ nào""","=""0""","=""0""","=""4""","=""Low""","=""false"""
"=""vietlott thuộc""","=""0""","=""0""","=""2""","=""Low""","=""false"""
"=""vietlott trực thuộc cơ quan nào""","=""0""","=""0""","=""6""","=""Low""","=""false"""
"=""vietlott trực thuộc bộ tài chính""","=""0""","=""0""","=""6""","=""Low""","=""false"""
"=""vietlott có thuộc nhà nước không""","=""0""","=""0""","=""6""","=""Low""","=""false"""
"=""vietlott từ sơn""","=""0""","=""0""","=""3""","=""Low""","=""false"""
"=""vietlott từ thiện""","=""0""","=""0""","=""3""","=""Low""","=""false"""
"=""vietlott từ năm nào""","=""0""","=""0""","=""4""","=""Low""","=""false"""
"=""vietlott là bao nhiêu số""","=""0""","=""0""","=""5""","=""Low""","=""false"""
"=""vietlott là trò lừa đảo""","=""0""","=""0""","=""5""","=""Low""","=""false"""
"=""vietlott trên vietinbank""","=""0""","=""0""","=""3""","=""Low""","=""false"""
"=""vietlott trên android""","=""0""","=""0""","=""3""","=""Low""","=""false"""
"=""vietlott trên bidv""","=""0""","=""0""","=""3""","=""Low""","=""false"""
"=""vietlott không trung thực""","=""0""","=""0""","=""4""","=""Low""","=""false"""
"=""vietlott không có người nhận""","=""0""","=""0""","=""5""","=""Low""","=""false"""
"=""vietlott không nhận tiền""","=""0""","=""0""","=""4""","=""Low""","=""false"""
"=""vietlott gần tôi""","=""0""","=""0""","=""3""","=""Low""","=""false"""
"=""vietlott gần""","=""0""","=""0""","=""2""","=""Low""","=""false"""
"=""vietlott với xổ số khác nhau như thế nào""","=""0""","=""0""","=""9""","=""Low""","=""false"""
"=""vietlott trong tháng""","=""0""","=""0""","=""3""","=""Low""","=""false"""
"=""vietlott giờ làm việc""","=""0""","=""0""","=""4""","=""Low""","=""false"""
"=""vietlott sms không có keno""","=""0""","=""0""","=""5""","=""Low""","=""false"""
"=""vietlott sms không có trên android""","=""0""","=""0""","=""6""","=""Low""","=""false"""
"=""vietlott cơ hội để tốt hơn""","=""0""","=""0""","=""6""","=""Low""","=""false"""
"=""vietlott của nhà nước""","=""0""","=""0""","=""4""","=""Low""","=""false"""
"=""vietlott của bộ tài chính""","=""0""","=""0""","=""5""","=""Low""","=""false"""
"=""vietlott của ngày hôm nay""","=""0""","=""0""","=""5""","=""Low""","=""false"""
"=""vietlott của mỹ""","=""0""","=""0""","=""3""","=""Low""","=""false"""
"=""vietlott của viettel""","=""0""","=""0""","=""3""","=""Low""","=""false"""
"=""vietlott của bộ nào""","=""0""","=""0""","=""4""","=""Low""","=""false"""
"=""vietlott nên chơi loại nào""","=""0""","=""0""","=""5""","=""Low""","=""false"""
"=""vietlott nên mua số nào""","=""0""","=""0""","=""5""","=""Low""","=""false"""
"=""vietlott hôm nay nên mua số nào""","=""0""","=""0""","=""7""","=""Low""","=""false"""
"=""xổ số vietlott""","=""201000""","=""0.61""","=""3""","=""Low""","=""false"""
"=""kết quả vietlott""","=""60500""","=""1.04""","=""3""","=""Low""","=""false"""
"=""xổ số vietlott hôm nay""","=""40500""","=""0.65""","=""5""","=""Low""","=""false"""
"=""xo so vietlott""","=""40500""","=""1.18""","=""3""","=""Low""","=""false"""
"=""kết quả xổ số vietlott""","=""33100""","=""0.64""","=""5""","=""Low""","=""false"""
"=""ket qua vietlott""","=""22200""","=""1.3""","=""3""","=""Low""","=""false"""
"=""kq vietlott""","=""22200""","=""1.22""","=""2""","=""Low""","=""false"""
"=""keno vietlott""","=""18100""","=""0.54""","=""2""","=""Low""","=""false"""
"=""mega vietlott""","=""18100""","=""0.71""","=""2""","=""Low""","=""false"""
"=""xổ số vietlott 6 55""","=""18100""","=""0.88""","=""5""","=""Low""","=""false"""
"=""xs vietlott hôm nay""","=""18100""","=""1.08""","=""4""","=""Low""","=""false"""
"=""kết quả vietlott 6 45""","=""12100""","=""0""","=""5""","=""Low""","=""false"""
"=""số vietlott""","=""12100""","=""0.89""","=""2""","=""Low""","=""true"""
"=""xổ số vietlott 6 45""","=""12100""","=""0""","=""5""","=""Low""","=""false"""
"=""xổ số vietlott minh ngọc""","=""12100""","=""0.63""","=""5""","=""Low""","=""false"""
"=""xổ số vietlott power""","=""12100""","=""1.05""","=""4""","=""Low""","=""false"""
"=""sx vietlott""","=""12100""","=""1.2""","=""2""","=""Low""","=""false"""
"=""xs vietlott 6 55""","=""12100""","=""0""","=""4""","=""Low""","=""false"""
"=""kết quả xổ số vietlott hôm nay""","=""9900""","=""0""","=""7""","=""Low""","=""true"""
"=""sms vietlott""","=""9900""","=""1.77""","=""2""","=""Low""","=""false"""
"=""xổ số vietlott mega""","=""9900""","=""1.03""","=""4""","=""Low""","=""false"""
"=""xs vietlott 6 45""","=""9900""","=""0""","=""4""","=""Low""","=""false"""
"=""xsmn vietlott""","=""8100""","=""1.95""","=""2""","=""Low""","=""false"""
"=""trung vietlott""","=""5400""","=""1""","=""2""","=""Low""","=""false"""
"=""trực tiếp vietlott""","=""5400""","=""0""","=""3""","=""Low""","=""false"""
"=""keno vietlott trực tiếp""","=""4400""","=""0""","=""4""","=""Low""","=""false"""
"=""xổ số vietlott 655""","=""4400""","=""0""","=""4""","=""Low""","=""false"""
"=""kqxs vietlott 6 55""","=""4400""","=""0""","=""4""","=""Low""","=""false"""
"=""vé số vietlott""","=""3600""","=""0.31""","=""3""","=""Low""","=""false"""
"=""xổ số vietlott ngày hôm nay""","=""3600""","=""0""","=""6""","=""Low""","=""true"""
"=""xs vietlott thứ 3""","=""3600""","=""0""","=""4""","=""Low""","=""false"""
"=""xs vietlott power""","=""3600""","=""0""","=""3""","=""Low""","=""false"""
"=""xs vietlott thứ 7""","=""3600""","=""0""","=""4""","=""Low""","=""false"""
"=""kq vietlott 5 35""","=""3600""","=""0""","=""4""","=""Low""","=""false"""
"=""kqxs vietlott hôm nay""","=""2900""","=""0""","=""4""","=""Low""","=""false"""
"=""kqxs vietlott 6 45""","=""2900""","=""0""","=""4""","=""Low""","=""false"""
"=""xs vietlott thứ 5""","=""2900""","=""0""","=""4""","=""Low""","=""true"""
"=""dò số vietlott""","=""2400""","=""0.87""","=""3""","=""Low""","=""true"""
"=""kết quả xổ số vietlott ngày hôm nay""","=""2400""","=""0""","=""8""","=""Low""","=""true"""
"=""xổ số vietlott hôm qua""","=""1900""","=""0""","=""5""","=""Low""","=""false"""
"=""xổ số vietlott ngày""","=""1900""","=""0""","=""4""","=""Low""","=""false"""
"=""kq vietlott 5 35 hôm nay""","=""1900""","=""0""","=""6""","=""Low""","=""false"""
"=""dò vietlott""","=""1600""","=""0.58""","=""2""","=""Low""","=""true"""
"=""thống kê vietlott 6 45""","=""1600""","=""0""","=""5""","=""Low""","=""false"""
"=""trực tiếp xổ số vietlott""","=""1600""","=""0""","=""5""","=""Low""","=""false"""
"=""kq vietlott 6 55 hôm nay""","=""1600""","=""0""","=""6""","=""Low""","=""true"""
"=""sx vietlott hom nay""","=""1600""","=""0""","=""4""","=""Low""","=""false"""
"=""ket qua xs vietlott""","=""1600""","=""0""","=""4""","=""Low""","=""false"""
"=""power vietlott""","=""1000""","=""1.29""","=""2""","=""Low""","=""true"""
"=""đại lý vietlott""","=""1000""","=""0.45""","=""3""","=""Low""","=""false"""
"=""www vietlott vn""","=""1000""","=""1.58""","=""3""","=""Low""","=""false"""
"=""dò vé số vietlott""","=""880""","=""0.55""","=""4""","=""Low""","=""true"""
"=""kqxs vietlott power""","=""880""","=""0""","=""3""","=""Low""","=""false"""
"=""app vietlott""","=""720""","=""0.39""","=""2""","=""Low""","=""false"""
"=""kqxsvietlott6 55""","=""720""","=""0""","=""2""","=""Low""","=""false"""
"=""muavietlott com""","=""720""","=""0.49""","=""2""","=""Low""","=""false"""
"=""thống kê vietlott""","=""720""","=""0""","=""3""","=""Low""","=""true"""
"=""vé số vietlott hôm nay""","=""720""","=""0""","=""5""","=""Low""","=""false"""
"=""kqxs vietlott 6 45 hôm nay""","=""720""","=""0""","=""6""","=""Low""","=""false"""
"=""cửa hàng vietlott""","=""590""","=""0""","=""3""","=""Low""","=""false"""
"=""kết quả xổ số vietlott hôm qua""","=""590""","=""0""","=""7""","=""Low""","=""false"""
"=""xổ số vietlott ngày hôm qua""","=""590""","=""0""","=""6""","=""Low""","=""false"""
"=""xổ số điện toán vietlott""","=""590""","=""0""","=""5""","=""Low""","=""false"""
"=""3d vietlott""","=""480""","=""0""","=""2""","=""Low""","=""false"""
"=""ung dung vietlott""","=""480""","=""0.48""","=""3""","=""Low""","=""false"""
"=""ve vietlott""","=""480""","=""0.37""","=""2""","=""Low""","=""true"""
"=""xổ số keno vietlott""","=""480""","=""0""","=""4""","=""Low""","=""false"""
"=""xổ số kiến thiết vietlott""","=""480""","=""0""","=""5""","=""Low""","=""false"""
"=""xổ số vietlott 3d""","=""480""","=""0""","=""4""","=""Low""","=""false"""
"=""xổ số vietlott keno""","=""480""","=""0""","=""4""","=""Low""","=""false"""
"=""xổ số vietlott trực tiếp""","=""480""","=""0""","=""5""","=""Low""","=""false"""
"=""www vietlott""","=""390""","=""0""","=""2""","=""Low""","=""false"""
"=""đại lý xổ số vietlott""","=""390""","=""0""","=""5""","=""Low""","=""true"""
"=""www vietlott vn hôm nay""","=""390""","=""0""","=""5""","=""Low""","=""false"""
"=""giá vé vietlott""","=""320""","=""0""","=""3""","=""Low""","=""false"""
"=""kqxsvietlott6 45""","=""320""","=""0""","=""2""","=""Low""","=""true"""
"=""kết quả xổ số vietlott hôm nay minh ngọc""","=""320""","=""0""","=""9""","=""Low""","=""false"""
"=""trực tiếp vietlott hôm nay""","=""320""","=""0""","=""5""","=""Low""","=""true"""
"=""xổ số trực tiếp vietlott hôm nay""","=""320""","=""0""","=""7""","=""Low""","=""false"""
"=""xổ số vietlott mới nhất""","=""320""","=""0""","=""5""","=""Low""","=""false"""
"=""xs vietlott hom qua""","=""320""","=""0""","=""4""","=""Low""","=""false"""
"=""3d+ vietlott""","=""260""","=""0""","=""2""","=""Low""","=""true"""
"=""dò xổ số vietlott""","=""260""","=""0""","=""4""","=""Low""","=""false"""
"=""kết quả xổ số vietlott ngày hôm qua""","=""260""","=""0""","=""8""","=""Low""","=""true"""
"=""xổ số vietlott max 3d""","=""260""","=""0""","=""5""","=""Low""","=""true"""
"=""đại lý vé số vietlott""","=""260""","=""0""","=""5""","=""Low""","=""true"""
"=""giải vietlott hiện tại""","=""260""","=""0""","=""4""","=""Low""","=""false"""
"=""mua vietlott online bằng cách nào""","=""260""","=""0""","=""6""","=""Low""","=""false"""
"=""dò số vietlott hôm nay""","=""210""","=""0""","=""5""","=""Low""","=""false"""
"=""ketquavietlott6 55""","=""210""","=""0""","=""2""","=""Low""","=""false"""
"=""tổng đài vietlott""","=""210""","=""2.3""","=""3""","=""Low""","=""false"""
"=""đại lý vietlott gần đây""","=""210""","=""0""","=""5""","=""Low""","=""true"""
"=""so vietlott""","=""210""","=""0""","=""2""","=""Low""","=""true"""
"=""xo vietlott""","=""210""","=""0""","=""2""","=""Low""","=""false"""
"=""kq vietlott atrungroi""","=""210""","=""0""","=""3""","=""Low""","=""false"""
"=""iloto vietlott""","=""210""","=""0.4""","=""2""","=""Low""","=""false"""
"=""giá vé số vietlott""","=""170""","=""0""","=""4""","=""Low""","=""false"""
"=""sms vietlott viettel""","=""170""","=""0.52""","=""3""","=""Low""","=""true"""
"=""thống kê xổ số vietlott""","=""170""","=""0""","=""5""","=""Low""","=""false"""
"=""www vietlott vn ket qua""","=""170""","=""0""","=""5""","=""Low""","=""false"""
"=""xs vietlott bingo""","=""170""","=""0""","=""3""","=""Low""","=""false"""
"=""app vietlott sms""","=""140""","=""0.58""","=""3""","=""Low""","=""false"""
"=""công ty vietlott""","=""140""","=""0""","=""3""","=""Low""","=""false"""
"=""giá vietlott""","=""140""","=""0""","=""2""","=""Low""","=""false"""
"=""max 3d vietlott""","=""140""","=""0""","=""3""","=""Low""","=""false"""
"=""max 4d vietlott""","=""140""","=""0""","=""3""","=""Low""","=""false"""
"=""tổng hợp kết quả vietlott""","=""140""","=""0""","=""5""","=""Low""","=""false"""
"=""so vietlott vn hôm nay""","=""140""","=""0""","=""5""","=""Low""","=""false"""
"=""kết quả xổ số vietlott hôm nay 6 55""","=""110""","=""0""","=""9""","=""Low""","=""true"""
"=""thể lệ vietlott""","=""110""","=""0""","=""3""","=""Low""","=""true"""
"=""ứng dụng vietlott sms""","=""110""","=""1.23""","=""4""","=""Low""","=""false"""
"=""kq sx vietlott vn""","=""110""","=""0""","=""4""","=""Low""","=""false"""
"=""tin vietlott""","=""110""","=""0""","=""2""","=""Low""","=""false"""
"=""www vietlott vn 6 45""","=""110""","=""0""","=""5""","=""Low""","=""false"""
"=""xo vietlott 6 45""","=""110""","=""0""","=""4""","=""Low""","=""false"""
"=""3d max vietlott""","=""90""","=""0""","=""3""","=""Low""","=""false"""
"=""mặt nạ vietlott""","=""90""","=""0""","=""3""","=""Low""","=""false"""
"=""vé số vietlott 6 55""","=""90""","=""0""","=""5""","=""Low""","=""false"""
"=""vé số vietlott online""","=""90""","=""0.83""","=""4""","=""Low""","=""false"""
"=""đại lý vietlott gần nhất""","=""90""","=""0""","=""5""","=""Low""","=""false"""
"=""đại lý vé số vietlott gần nhất""","=""90""","=""0""","=""7""","=""Low""","=""true"""
"=""xs vietlott cn""","=""90""","=""0""","=""3""","=""Low""","=""false"""
"=""mua vietlott online momo""","=""90""","=""0.34""","=""4""","=""Low""","=""false"""
"=""www vietlott vn 6 55""","=""90""","=""0""","=""5""","=""Low""","=""false"""
"=""xe vietlott hom nay""","=""90""","=""0""","=""4""","=""Low""","=""true"""
"=""trúng vietlott gần nhất""","=""90""","=""0""","=""4""","=""Low""","=""false"""
"=""mua vietlott online 2025""","=""90""","=""0.91""","=""4""","=""Low""","=""true"""
"=""tc trong vietlott là gì""","=""90""","=""0""","=""5""","=""Low""","=""false"""
"=""công ty xổ số vietlott""","=""70""","=""0""","=""5""","=""Low""","=""false"""
"=""của hàng vietlott gần nhất""","=""70""","=""0""","=""5""","=""Low""","=""false"""
"=""hướng dẫn dò số vietlott""","=""70""","=""0""","=""5""","=""Low""","=""true"""
"=""soi vietlott""","=""70""","=""0""","=""2""","=""Low""","=""true"""
"=""số điện thoại tổng đài vietlott""","=""70""","=""0""","=""6""","=""Low""","=""false"""
"=""tổng đài vietlott sms""","=""70""","=""0.48""","=""4""","=""Low""","=""false"""
"=""vé xổ số vietlott""","=""70""","=""0""","=""4""","=""Low""","=""true"""
"=""xổ số vietlott 3d hôm nay""","=""70""","=""0""","=""6""","=""Low""","=""false"""
"=""xổ số vietlott miền bắc""","=""70""","=""0""","=""5""","=""Low""","=""true"""
"=""app vietlott chính thức""","=""70""","=""0""","=""4""","=""Low""","=""false"""
"=""giá vietlott hiện tại""","=""70""","=""0""","=""4""","=""Low""","=""false"""
"=""app xổ số vietlott""","=""50""","=""0.54""","=""4""","=""Low""","=""true"""
"=""hình ảnh vé số vietlott""","=""50""","=""0""","=""5""","=""Low""","=""true"""
"=""hướng dẫn dò vé số vietlott""","=""50""","=""0""","=""6""","=""Low""","=""false"""
"=""phần mềm vietlott sms""","=""50""","=""0""","=""4""","=""Low""","=""false"""
"=""số tổng đài vietlott""","=""50""","=""0""","=""4""","=""Low""","=""false"""
"=""app vietlott lừa đảo""","=""50""","=""0""","=""4""","=""Low""","=""false"""
"=""sx vietlott vn""","=""50""","=""0""","=""3""","=""Low""","=""false"""
"=""tt vietlott""","=""50""","=""0""","=""2""","=""Low""","=""false"""
"=""logo vietlott vector""","=""50""","=""0""","=""3""","=""Low""","=""false"""
"=""trúng vietlott không đeo mặt nạ""","=""50""","=""0""","=""6""","=""Low""","=""false"""
"=""zalo cskh vietlott""","=""50""","=""0""","=""3""","=""Low""","=""false"""
"=""chơi vietlott kiểu gì""","=""50""","=""0.31""","=""4""","=""Low""","=""false"""
"=""trúng vietlott không che mặt""","=""50""","=""0""","=""5""","=""Low""","=""false"""
"=""app vietlott mobifone""","=""40""","=""3.22""","=""3""","=""Low""","=""true"""
"=""giai thuong vietlott""","=""40""","=""0""","=""3""","=""Low""","=""false"""
"=""thống kê keno vietlott""","=""40""","=""0""","=""4""","=""Low""","=""true"""
"=""viettel vietlott""","=""40""","=""0.3""","=""2""","=""Low""","=""true"""
"=""vé số cào vietlott""","=""40""","=""0""","=""4""","=""Low""","=""false"""
"=""vé số vietlott 6 45""","=""40""","=""0""","=""5""","=""Low""","=""true"""
"=""xổ số vietlott online""","=""40""","=""0.17""","=""4""","=""Low""","=""false"""
"=""địa chỉ công ty xổ số vietlott""","=""40""","=""0""","=""7""","=""Low""","=""false"""
"=""cty vietlott""","=""40""","=""0""","=""2""","=""Low""","=""true"""
"=""giải vietlott gần nhất""","=""40""","=""0""","=""4""","=""Low""","=""false"""
"=""app chính thức của vietlott""","=""30""","=""0""","=""5""","=""Low""","=""false"""
"=""app vietlott viettel""","=""30""","=""0""","=""3""","=""Low""","=""false"""
"=""giá vé xổ số vietlott""","=""30""","=""0""","=""5""","=""Low""","=""false"""
"=""giấy số vietlott""","=""30""","=""0""","=""3""","=""Low""","=""false"""
"=""làm đại lý vietlott""","=""30""","=""0.28""","=""4""","=""Low""","=""false"""
"=""phần mềm vietlott""","=""30""","=""0.26""","=""3""","=""Low""","=""false"""
"=""ứng dụng xổ số vietlott""","=""30""","=""0.22""","=""5""","=""Low""","=""false"""
"=""app vietlott bị lỗi""","=""30""","=""0""","=""4""","=""Low""","=""false"""
"=""xoso dientoan vietlott""","=""30""","=""0""","=""3""","=""Low""","=""false"""
"=""công ty vietlott tp hcm""","=""30""","=""0""","=""5""","=""Low""","=""true"""
"=""www vietlott vn ket qua hom nay""","=""30""","=""0""","=""7""","=""Low""","=""false"""
"=""atrungroi vietlott 5 35""","=""30""","=""0""","=""4""","=""Low""","=""false"""
"=""tần suất vietlott 6 55""","=""30""","=""0""","=""5""","=""Low""","=""false"""
"=""sxmt vietlott""","=""30""","=""0""","=""2""","=""Low""","=""false"""
"=""tin vietlott mới nhất""","=""30""","=""0""","=""4""","=""Low""","=""true"""
"=""app thống kê keno vietlott""","=""20""","=""0""","=""5""","=""Low""","=""false"""
"=""app vietlott sms viettel""","=""20""","=""0.38""","=""4""","=""Low""","=""true"""
"=""bộ số vietlott""","=""20""","=""0""","=""3""","=""Low""","=""false"""
"=""các sản phẩm của vietlott""","=""20""","=""0""","=""5""","=""Low""","=""false"""
"=""diem ban vietlott""","=""20""","=""0""","=""3""","=""Low""","=""false"""
"=""ghi vietlott online""","=""20""","=""0""","=""3""","=""Low""","=""true"""
"=""hướng dẫn dò xổ số vietlott""","=""20""","=""0""","=""6""","=""Low""","=""true"""
"=""hướng dẫn xổ số vietlott""","=""20""","=""0""","=""5""","=""Low""","=""false"""
"=""lucky vietlott""","=""20""","=""0""","=""2""","=""Low""","=""false"""
"=""mobi vietlott""","=""20""","=""0""","=""2""","=""Low""","=""false"""
"=""nhân viên vietlott""","=""20""","=""0""","=""3""","=""Low""","=""true"""
"=""số điện thoại vietlott""","=""20""","=""0""","=""4""","=""Low""","=""false"""
"=""tìm hiểu về vietlott""","=""20""","=""0""","=""4""","=""Low""","=""false"""
"=""tìm hiểu về xổ số vietlott""","=""20""","=""0""","=""6""","=""Low""","=""false"""
"=""điện toán vietlott""","=""20""","=""0""","=""3""","=""Low""","=""false"""
"=""cách chơi vietlott de trúng""","=""20""","=""0""","=""5""","=""Low""","=""true"""
"=""dudoan vietlott net""","=""20""","=""0""","=""3""","=""Low""","=""true"""
"=""cách ghi vietlott trên điện thoại""","=""20""","=""0.24""","=""6""","=""Low""","=""false"""
"=""https vietlott vn 6 55""","=""20""","=""0""","=""5""","=""Low""","=""false"""
"=""xác suất vietlott 6 55""","=""20""","=""0""","=""5""","=""Low""","=""true"""
"=""todaytv vietlott""","=""20""","=""0""","=""2""","=""Low""","=""false"""
"=""thuật toán vietlott""","=""20""","=""0""","=""3""","=""Low""","=""false"""
"=""www vietlott vn power""","=""20""","=""0""","=""4""","=""Low""","=""false"""
"=""thế nào là trúng vietlott""","=""20""","=""0""","=""5""","=""Low""","=""false"""
"=""làm sao biết trúng vietlott""","=""20""","=""0""","=""5""","=""Low""","=""false"""
"=""số vietlott là gì""","=""20""","=""0""","=""4""","=""Low""","=""true"""
"=""app vietlott trên android""","=""20""","=""0""","=""4""","=""Low""","=""false"""
"=""đánh vietlott kiểu gì""","=""20""","=""0""","=""4""","=""Low""","=""false"""
"=""xổ số vietlott omega""","=""20""","=""0""","=""4""","=""Low""","=""false"""
"=""giải vietlott to nhất""","=""20""","=""0""","=""4""","=""Low""","=""false"""
"=""app vietlott uy tín""","=""20""","=""0""","=""4""","=""Low""","=""false"""
"=""trúng vietlott voz""","=""20""","=""0""","=""3""","=""Low""","=""false"""
"=""vtc3 vietlott trực tiếp hôm nay""","=""20""","=""0""","=""6""","=""Low""","=""false"""
"=""tại sao vietlott có 7 số""","=""20""","=""0""","=""6""","=""Low""","=""true"""
"=""trúng vietlott là gì""","=""20""","=""0""","=""4""","=""Low""","=""false"""
"=""vé vietlott là gì""","=""20""","=""0""","=""4""","=""Low""","=""true"""
"=""chơi vietlott là gì""","=""20""","=""0""","=""4""","=""Low""","=""false"""
"=""tc vietlott là gì""","=""20""","=""0""","=""4""","=""Low""","=""false"""
"=""9969 vietlott""","=""10""","=""0""","=""2""","=""Low""","=""false"""
"=""app vietlott sms vinaphone""","=""10""","=""0""","=""4""","=""Low""","=""false"""
"=""app vietlott vinaphone""","=""10""","=""0""","=""3""","=""Low""","=""false"""
"=""app vietlotts""","=""10""","=""0""","=""2""","=""Low""","=""false"""
"=""chiết khấu vietlott""","=""10""","=""0""","=""3""","=""Low""","=""false"""
"=""con số may mắn vietlott của ngày hôm nay""","=""10""","=""0""","=""9""","=""Low""","=""false"""
"=""con số vietlott may mắn của bạn""","=""10""","=""0""","=""7""","=""Low""","=""false"""
"=""cài vietlott sms vinaphone""","=""10""","=""0""","=""4""","=""Low""","=""false"""
"=""cập nhật vietlott""","=""10""","=""0""","=""3""","=""Low""","=""false"""
"=""cập nhật vietlott sms viettel""","=""10""","=""0""","=""5""","=""Low""","=""false"""
"=""cổ phiếu vietlott""","=""10""","=""0""","=""3""","=""Low""","=""false"""
"=""diễn đàn xổ số vietlott""","=""10""","=""0""","=""5""","=""Low""","=""false"""
"=""dãy số may mắn vietlott""","=""10""","=""0""","=""5""","=""Low""","=""false"""
"=""dãy số vietlott may mắn""","=""10""","=""0""","=""5""","=""Low""","=""true"""
"=""dò vé số vietlott power""","=""10""","=""0""","=""5""","=""Low""","=""false"""
"=""dịch vụ vietlott vinaphone""","=""10""","=""0""","=""4""","=""Low""","=""false"""
"=""hình thức xổ số vietlott""","=""10""","=""0""","=""5""","=""Low""","=""false"""
"=""hướng dẫn vietlott""","=""10""","=""0""","=""3""","=""Low""","=""true"""
"=""kinh doanh vietlott""","=""10""","=""0""","=""3""","=""Low""","=""true"""
"=""kinh doanh vé số vietlott""","=""10""","=""0""","=""5""","=""Low""","=""false"""
"=""kết quả keno vietlott online""","=""10""","=""0""","=""5""","=""Low""","=""true"""
"=""liên hệ làm đại lý vietlott""","=""10""","=""0""","=""6""","=""Low""","=""false"""
"=""liên hệ vietlott""","=""10""","=""0""","=""3""","=""Low""","=""false"""
"=""luckybest vietlott""","=""10""","=""0""","=""2""","=""Low""","=""false"""
"=""lấy số vietlott""","=""10""","=""0""","=""3""","=""Low""","=""false"""
"=""mobilott vietlott""","=""10""","=""0""","=""2""","=""Low""","=""false"""
"=""momo vietlott""","=""10""","=""0""","=""2""","=""Low""","=""false"""
"=""muavietlott""","=""10""","=""0""","=""1""","=""Low""","=""false"""
"=""muốn làm đại lý vietlott""","=""10""","=""0""","=""5""","=""Low""","=""false"""
"=""muốn làm đại lý vé số vietlott""","=""10""","=""0""","=""7""","=""Low""","=""false"""
"=""my lucky vietlott""","=""10""","=""0""","=""3""","=""Low""","=""false"""
"=""nghiên cứu vietlott""","=""10""","=""0""","=""3""","=""Low""","=""true"""
"=""nghiên cứu xổ số vietlott""","=""10""","=""0""","=""5""","=""Low""","=""false"""
"=""phần mềm xổ số vietlott""","=""10""","=""0.27""","=""5""","=""Low""","=""false"""
"=""powerball vietlott""","=""10""","=""0""","=""2""","=""Low""","=""false"""
"=""thiết bị đầu cuối vietlott""","=""10""","=""0""","=""5""","=""Low""","=""false"""
"=""thuật toán keno vietlott""","=""10""","=""0""","=""4""","=""Low""","=""false"""
"=""thuật toán xổ số vietlott""","=""10""","=""0""","=""5""","=""Low""","=""false"""
"=""thể lệ vé số vietlott""","=""10""","=""0""","=""5""","=""Low""","=""false"""
"=""tìm hiểu vietlott""","=""10""","=""0""","=""3""","=""Low""","=""false"""
"=""tìm hiểu về vé số vietlott""","=""10""","=""0""","=""6""","=""Low""","=""false"""
"=""tìm hiểu xổ số vietlott""","=""10""","=""0""","=""5""","=""Low""","=""false"""
"=""tại ứng dụng vietlott""","=""10""","=""0""","=""4""","=""Low""","=""false"""
"=""tổng đài hỗ trợ vietlott""","=""10""","=""0""","=""5""","=""Low""","=""false"""
"=""tổng đài xổ số vietlott""","=""10""","=""0""","=""5""","=""Low""","=""true"""
"=""tổng đại lý vietlott""","=""10""","=""0""","=""4""","=""Low""","=""false"""
"=""urbox voucher vietlott""","=""10""","=""0""","=""3""","=""Low""","=""false"""
"=""viettel money vietlott""","=""10""","=""0""","=""3""","=""Low""","=""false"""
"=""viettel sms vietlott""","=""10""","=""0""","=""3""","=""Low""","=""false"""
"=""vinaphone vietlott""","=""10""","=""0""","=""2""","=""Low""","=""false"""
"=""việc làm vietlott""","=""10""","=""0""","=""3""","=""Low""","=""false"""
"=""xổ số vietlott piano""","=""10""","=""0""","=""4""","=""Low""","=""false"""
"=""zalo vietlott""","=""10""","=""0""","=""2""","=""Low""","=""false"""
"=""đầu tư vietlott""","=""10""","=""0""","=""3""","=""Low""","=""false"""
"=""ứng dụng vietlott mobifone""","=""10""","=""0""","=""4""","=""Low""","=""true"""
"=""ứng dụng vietlott sms viettel""","=""10""","=""0""","=""5""","=""Low""","=""false"""
"=""ứng dụng vietlott trên điện thoại""","=""10""","=""0""","=""6""","=""Low""","=""false"""
"=""cskh vietlott sms""","=""10""","=""0""","=""3""","=""Low""","=""false"""
"=""cách chơi vietlott de trúng nhất""","=""10""","=""0""","=""6""","=""Low""","=""false"""
"=""ketquaxoso dientoan vietlott""","=""10""","=""0""","=""3""","=""Low""","=""false"""
"=""cách ghi vietlott""","=""10""","=""0""","=""3""","=""Low""","=""false"""
"=""điểm ghi vietlott""","=""10""","=""0""","=""3""","=""Low""","=""false"""
"=""https vietlott vn hom nay""","=""10""","=""0""","=""5""","=""Low""","=""false"""
"=""ko vietlott""","=""10""","=""0""","=""2""","=""Low""","=""false"""
"=""quy luật vietlott""","=""10""","=""0""","=""3""","=""Low""","=""true"""
"=""cách chơi vietlott luôn trúng""","=""10""","=""0""","=""5""","=""Low""","=""false"""
"=""đại lý vietlott ninh bình""","=""10""","=""0""","=""5""","=""Low""","=""false"""
"=""qsmt vietlott hom nay""","=""10""","=""0""","=""4""","=""Low""","=""false"""
"=""qsmt vietlott""","=""10""","=""0""","=""2""","=""Low""","=""false"""
"=""sdt vietlott""","=""10""","=""0""","=""2""","=""Low""","=""false"""
"=""xác suất vietlott 6 45""","=""10""","=""0""","=""5""","=""Low""","=""true"""
"=""tần suất vietlott""","=""10""","=""0""","=""3""","=""Low""","=""false"""
"=""tai vietlott mobifone""","=""10""","=""0""","=""3""","=""Low""","=""false"""
"=""tin vietlott hôm nay""","=""10""","=""0""","=""4""","=""Low""","=""false"""
"=""đại lý vietlott tp hcm""","=""10""","=""0""","=""5""","=""Low""","=""false"""
"=""vtc3 vietlott""","=""10""","=""0""","=""2""","=""Low""","=""false"""
"=""thế nào là trúng số vietlott""","=""10""","=""0""","=""6""","=""Low""","=""false"""
"=""khi nào vietlott mở thưởng trở lại""","=""10""","=""0""","=""7""","=""Low""","=""false"""
"=""làm sao trúng vietlott""","=""10""","=""0""","=""4""","=""Low""","=""false"""
"=""làm sao trúng số vietlott""","=""10""","=""0""","=""5""","=""Low""","=""false"""
"=""làm gì để trúng vietlott""","=""10""","=""0""","=""5""","=""Low""","=""false"""
"=""làm thế nào trúng vietlott""","=""10""","=""0""","=""5""","=""Low""","=""false"""
"=""làm thế nào để trúng số vietlott""","=""10""","=""0""","=""7""","=""Low""","=""false"""
"=""kết quả vietlott từ trước đến nay""","=""10""","=""0""","=""7""","=""Low""","=""false"""
"=""app vietlott android""","=""10""","=""0""","=""3""","=""Low""","=""false"""
"=""dự án an sinh vietlott""","=""10""","=""0""","=""5""","=""Low""","=""false"""
"=""gagnant vietlott hô chi minh ville""","=""10""","=""0""","=""6""","=""Low""","=""false"""
"=""giải vietlott hiện tại là bao nhiêu""","=""10""","=""0""","=""7""","=""Low""","=""true"""
"=""đại lý vietlott huế""","=""10""","=""0""","=""4""","=""Low""","=""false"""
"=""trúng vietlott ko đeo mặt nạ""","=""10""","=""0""","=""6""","=""Low""","=""false"""
"=""người trúng vietlott ko đeo mặt nạ""","=""10""","=""0""","=""7""","=""Low""","=""false"""
"=""kỳ quay vietlott 00900""","=""10""","=""0""","=""4""","=""Low""","=""false"""
"=""chơi vietlott ntn""","=""10""","=""0""","=""3""","=""Low""","=""false"""
"=""sctv2 vietlott""","=""10""","=""0""","=""2""","=""Low""","=""false"""
"=""xác suất vietlott 5 35""","=""10""","=""0""","=""5""","=""Low""","=""false"""
"=""sxmt vietlott hôm nay""","=""10""","=""0""","=""4""","=""Low""","=""true"""
"=""chi nhánh vietlott tp hcm""","=""10""","=""0""","=""5""","=""Low""","=""true"""
"=""điểm bán vietlott tphcm""","=""10""","=""0""","=""4""","=""Low""","=""false"""
"=""trực tiếp vietlott vtc""","=""10""","=""0""","=""4""","=""Low""","=""false"""
"=""kết quả vietlott world cup""","=""10""","=""0""","=""5""","=""Low""","=""false"""
"=""www vietlott vn 4 4 2025""","=""10""","=""0""","=""6""","=""Low""","=""false"""
"=""zalo vietlott sms""","=""10""","=""0""","=""3""","=""Low""","=""false"""
"=""tại sao vietlott trúng liên tục""","=""10""","=""0""","=""6""","=""Low""","=""false"""
"=""tại sao trúng vietlott phải đeo mặt nạ""","=""10""","=""0""","=""8""","=""Low""","=""false"""
"=""tại sao không mua được vietlott trên điện thoại""","=""10""","=""0""","=""9""","=""Low""","=""true"""
"=""làm sao mua vietlott online""","=""10""","=""0""","=""5""","=""Low""","=""false"""
"=""làm sao để trúng vietlott 6 55""","=""10""","=""0""","=""7""","=""Low""","=""true"""
"=""lotto vietlott là gì""","=""10""","=""0""","=""4""","=""Low""","=""false"""
"=""mua vietlott thế nào""","=""10""","=""0""","=""4""","=""Low""","=""false"""
"=""cách để biết trúng vietlott""","=""10""","=""0""","=""5""","=""Low""","=""true"""
"=""điểm vietlott gần nhất""","=""10""","=""0""","=""4""","=""Low""","=""false"""
"=""sự cố vietlott đằng sau tấm mặt nạ""","=""0""","=""0""","=""8""","=""Low""","=""false"""
"=""vnpt pay vietlott""","=""0""","=""0""","=""3""","=""Low""","=""false"""
"=""saigon vietlott newsagency""","=""0""","=""0""","=""3""","=""Low""","=""false"""
"=""acb vietlott""","=""0""","=""0""","=""2""","=""Low""","=""false"""
"=""mua vietlott acb""","=""0""","=""0""","=""3""","=""Low""","=""false"""
"=""xs vietlott ab""","=""0""","=""0""","=""3""","=""Low""","=""false"""
"=""keno vietlott atrungroi""","=""0""","=""0""","=""3""","=""Low""","=""false"""
"=""bctc vietlott""","=""0""","=""0""","=""2""","=""Low""","=""false"""
"=""biển vietlott""","=""0""","=""0""","=""2""","=""Low""","=""false"""
"=""bingo vietlott cách chơi""","=""0""","=""0""","=""4""","=""Low""","=""false"""
"=""cac ky vietlott""","=""0""","=""0""","=""3""","=""Low""","=""false"""
"=""cd vietlott""","=""0""","=""0""","=""2""","=""Low""","=""false"""
"=""ceo vietlott""","=""0""","=""0""","=""2""","=""Low""","=""false"""
"=""xs vietlott cn hàng tuần""","=""0""","=""0""","=""5""","=""Low""","=""false"""
"=""cskh vietlott sms zalo""","=""0""","=""0""","=""4""","=""Low""","=""false"""
"=""cty vietlott cua ai""","=""0""","=""0""","=""4""","=""Low""","=""false"""
"=""ctin vietlott""","=""0""","=""0""","=""2""","=""Low""","=""false"""
"=""daotao vietlott""","=""0""","=""0""","=""2""","=""Low""","=""false"""
"=""daotao vietlott vn""","=""0""","=""0""","=""3""","=""Low""","=""false"""
"=""tra cuu vietlott hom nay""","=""0""","=""0""","=""5""","=""Low""","=""false"""
"=""dc vietlott""","=""0""","=""0""","=""2""","=""Low""","=""false"""
"=""giao diện vietlott sms""","=""0""","=""0""","=""4""","=""Low""","=""false"""
"=""giao diện vietlott""","=""0""","=""0""","=""3""","=""Low""","=""false"""
"=""do vietlott 6 55""","=""0""","=""0""","=""4""","=""Low""","=""false"""
"=""do vietlott minh ngoc""","=""0""","=""0""","=""4""","=""Low""","=""false"""
"=""email vietlott""","=""0""","=""0""","=""2""","=""Low""","=""false"""
"=""erp vietlott""","=""0""","=""0""","=""2""","=""Low""","=""false"""
"=""erp vietlott vn""","=""0""","=""0""","=""3""","=""Low""","=""false"""
"=""kết quả vietlott excel""","=""0""","=""0""","=""4""","=""Low""","=""false"""
"=""xổ số vietlott format""","=""0""","=""0""","=""4""","=""Low""","=""false"""
"=""xổ số vietlott forever""","=""0""","=""0""","=""4""","=""Low""","=""false"""
"=""xổ số vietlott forex""","=""0""","=""0""","=""4""","=""Low""","=""false"""
"=""xổ số vietlott for""","=""0""","=""0""","=""4""","=""Low""","=""false"""
"=""trung vietlott gan nhat""","=""0""","=""0""","=""4""","=""Low""","=""false"""
"=""diem ban vietlott gan nhat""","=""0""","=""0""","=""5""","=""Low""","=""false"""
"=""dai ly vietlott gan day""","=""0""","=""0""","=""5""","=""Low""","=""false"""
"=""cua hang vietlott gan day""","=""0""","=""0""","=""5""","=""Low""","=""false"""
"=""ket qua vietlott gan day""","=""0""","=""0""","=""5""","=""Low""","=""false"""
"=""xổ số vietlott game""","=""0""","=""0""","=""4""","=""Low""","=""false"""
"=""xổ số vietlott google""","=""0""","=""0""","=""4""","=""Low""","=""false"""
"=""ghi vietlott""","=""0""","=""0""","=""2""","=""Low""","=""false"""
"=""xổ số vietlott ghi bàn""","=""0""","=""0""","=""5""","=""Low""","=""false"""
"=""giờ ghi vietlott""","=""0""","=""0""","=""3""","=""Low""","=""false"""
"=""cách ghi vietlott online""","=""0""","=""0""","=""4""","=""Low""","=""false"""
"=""genz vietlott""","=""0""","=""0""","=""2""","=""Low""","=""false"""
"=""trụ sở vietlott hcm""","=""0""","=""0""","=""4""","=""Low""","=""false"""
"=""thưởng vietlott hiện tại""","=""0""","=""0""","=""4""","=""Low""","=""false"""
"=""https vietlott vn 6 45""","=""0""","=""0""","=""5""","=""Low""","=""false"""
"=""https vietlott sms""","=""0""","=""0""","=""3""","=""Low""","=""false"""
"=""https vietlott""","=""0""","=""0""","=""2""","=""Low""","=""false"""
"=""https vietlott vn power""","=""0""","=""0""","=""4""","=""Low""","=""false"""
"=""https vietlott vn mega""","=""0""","=""0""","=""4""","=""Low""","=""false"""
"=""app vietlott ios""","=""0""","=""0""","=""3""","=""Low""","=""false"""
"=""is vietlott legit""","=""0""","=""0""","=""3""","=""Low""","=""false"""
"=""trúng vietlott kiểu gì""","=""0""","=""0""","=""4""","=""Low""","=""false"""
"=""sự kiện vietlott""","=""0""","=""0""","=""3""","=""Low""","=""false"""
"=""dự kiến vietlott hôm nay""","=""0""","=""0""","=""5""","=""Low""","=""false"""
"=""tìm kiếm vietlott""","=""0""","=""0""","=""3""","=""Low""","=""false"""
"=""trúng vietlott ko che mặt""","=""0""","=""0""","=""5""","=""Low""","=""false"""
"=""xổ số vietlott kon tum""","=""0""","=""0""","=""5""","=""Low""","=""false"""
"=""live vietlott hôm nay""","=""0""","=""0""","=""4""","=""Low""","=""false"""
"=""link vietlott""","=""0""","=""0""","=""2""","=""Low""","=""false"""
"=""xs vietlott lucky""","=""0""","=""0""","=""3""","=""Low""","=""false"""
"=""mbf vietlott là gì""","=""0""","=""0""","=""4""","=""Low""","=""false"""
"=""mua vietlott mb bank""","=""0""","=""0""","=""4""","=""Low""","=""false"""
"=""mua vietlott my viettel""","=""0""","=""0""","=""4""","=""Low""","=""false"""
"=""trúng vietlott ninh bình""","=""0""","=""0""","=""4""","=""Low""","=""false"""
"=""trung vietlott nop thue bao nhieu""","=""0""","=""0""","=""6""","=""Low""","=""false"""
"=""mua vietlott ntn""","=""0""","=""0""","=""3""","=""Low""","=""false"""
"=""dò vietlott ntn""","=""0""","=""0""","=""3""","=""Low""","=""false"""
"=""đánh vietlott ntn""","=""0""","=""0""","=""3""","=""Low""","=""false"""
"=""mua vietlott offline""","=""0""","=""0""","=""3""","=""Low""","=""false"""
"=""kết quả vietlott omega""","=""0""","=""0""","=""4""","=""Low""","=""false"""
"=""pg vietlott""","=""0""","=""0""","=""2""","=""Low""","=""false"""
"=""xs vietlott pro""","=""0""","=""0""","=""3""","=""Low""","=""false"""
"=""quét qr vietlott""","=""0""","=""0""","=""3""","=""Low""","=""false"""
"=""qtns vietlott""","=""0""","=""0""","=""2""","=""Low""","=""false"""
"=""review vietlott""","=""0""","=""0""","=""2""","=""Low""","=""false"""
"=""trúng vietlott reddit""","=""0""","=""0""","=""3""","=""Low""","=""false"""
"=""saigon vietlott""","=""0""","=""0""","=""2""","=""Low""","=""false"""
"=""sao vietlott""","=""0""","=""0""","=""2""","=""Low""","=""false"""
"=""mua vietlott sao dễ trúng""","=""0""","=""0""","=""5""","=""Low""","=""false"""
"=""sctv vietlott""","=""0""","=""0""","=""2""","=""Low""","=""false"""
"=""todaytv sctv2 vietlott""","=""0""","=""0""","=""3""","=""Low""","=""false"""
"=""đổi sdt vietlott""","=""0""","=""0""","=""3""","=""Low""","=""false"""
"=""đổi sdt vietlott sms""","=""0""","=""0""","=""4""","=""Low""","=""false"""
"=""mặt nạ vietlott shopee""","=""0""","=""0""","=""4""","=""Low""","=""false"""
"=""tần suất vietlott 6 45""","=""0""","=""0""","=""5""","=""Low""","=""false"""
"=""tần suất vietlott 5 35""","=""0""","=""0""","=""5""","=""Low""","=""false"""
"=""lich su vietlott""","=""0""","=""0""","=""3""","=""Low""","=""false"""
"=""xác suất vietlott 5 35 là bao nhiêu""","=""0""","=""0""","=""8""","=""Low""","=""false"""
"=""sv vietlott""","=""0""","=""0""","=""2""","=""Low""","=""false"""
"=""cach tai vietlott""","=""0""","=""0""","=""3""","=""Low""","=""false"""
"=""quy tac vietlott""","=""0""","=""0""","=""3""","=""Low""","=""false"""
"=""tc vietlott""","=""0""","=""0""","=""2""","=""Low""","=""false"""
"=""vé số vietlott tc là gì""","=""0""","=""0""","=""6""","=""Low""","=""false"""
"=""mua vé vietlott tc là gì""","=""0""","=""0""","=""6""","=""Low""","=""false"""
"=""xổ số vietlott tc""","=""0""","=""0""","=""4""","=""Low""","=""false"""
"=""lich quay vietlott tet 2026""","=""0""","=""0""","=""5""","=""Low""","=""false"""
"=""tk vietlott""","=""0""","=""0""","=""2""","=""Low""","=""false"""
"=""xoá tk vietlott""","=""0""","=""0""","=""3""","=""Low""","=""false"""
"=""xoá tk vietlott sms""","=""0""","=""0""","=""4""","=""Low""","=""false"""
"=""thuế tncn vietlott""","=""0""","=""0""","=""3""","=""Low""","=""false"""
"=""điểm bán vietlott tp vinh nghệ an""","=""0""","=""0""","=""7""","=""Low""","=""false"""
"=""tool vietlott""","=""0""","=""0""","=""2""","=""Low""","=""false"""
"=""điện toán vietlott hôm nay""","=""0""","=""0""","=""5""","=""Low""","=""false"""
"=""thanh toán vietlott sms""","=""0""","=""0""","=""4""","=""Low""","=""false"""
"=""tt vietlott 6 55""","=""0""","=""0""","=""4""","=""Low""","=""false"""
"=""ttxs vietlott""","=""0""","=""0""","=""2""","=""Low""","=""false"""
"=""xo so vietlott uc""","=""0""","=""0""","=""4""","=""Low""","=""false"""
"=""xổ số vietlott uc thu 7""","=""0""","=""0""","=""6""","=""Low""","=""false"""
"=""vay vietlott""","=""0""","=""0""","=""2""","=""Low""","=""false"""
"=""mua vietlott vcb""","=""0""","=""0""","=""3""","=""Low""","=""false"""
"=""vps vietlott vn""","=""0""","=""0""","=""3""","=""Low""","=""false"""
"=""mua vietlott vpbank""","=""0""","=""0""","=""3""","=""Low""","=""false"""
"=""xổ số vietlott voz""","=""0""","=""0""","=""4""","=""Low""","=""false"""
"=""gop von vietlott""","=""0""","=""0""","=""3""","=""Low""","=""false"""
"=""vtv vietlott""","=""0""","=""0""","=""2""","=""Low""","=""false"""
"=""đại lý vietlott vung tau""","=""0""","=""0""","=""5""","=""Low""","=""false"""
"=""xổ số vietlott wiki""","=""0""","=""0""","=""4""","=""Low""","=""false"""
"=""www vietlott sms vn""","=""0""","=""0""","=""4""","=""Low""","=""false"""
"=""www vietlott vn 3 6 2025""","=""0""","=""0""","=""6""","=""Low""","=""false"""
"=""xem vietlott""","=""0""","=""0""","=""2""","=""Low""","=""false"""
"=""xem vietlott 5 35""","=""0""","=""0""","=""4""","=""Low""","=""false"""
"=""xem vietlott hôm nay""","=""0""","=""0""","=""4""","=""Low""","=""false"""
"=""xem vietlott trực tiếp""","=""0""","=""0""","=""4""","=""Low""","=""false"""
"=""xem vietlott ngày hôm nay""","=""0""","=""0""","=""5""","=""Low""","=""false"""
"=""xem vietlott 6 45""","=""0""","=""0""","=""4""","=""Low""","=""false"""
"=""trực tiếp vietlott youtube""","=""0""","=""0""","=""4""","=""Low""","=""false"""
"=""kênh youtube vietlott""","=""0""","=""0""","=""3""","=""Low""","=""false"""
"=""mua vietlott zalopay""","=""0""","=""0""","=""3""","=""Low""","=""false"""
"=""thế nào là trúng giải vietlott""","=""0""","=""0""","=""6""","=""Low""","=""false"""
"=""thế nào là trúng thưởng vietlott""","=""0""","=""0""","=""6""","=""Low""","=""false"""
"=""như thế nào gọi là trúng vietlott""","=""0""","=""0""","=""7""","=""Low""","=""false"""
"=""tại sao vietlott khó trúng""","=""0""","=""0""","=""5""","=""Low""","=""false"""
"=""tại sao vietlott""","=""0""","=""0""","=""3""","=""Low""","=""false"""
"=""tại sao mua vietlott online không được""","=""0""","=""0""","=""7""","=""Low""","=""false"""
"=""tại sao vé số vietlott""","=""0""","=""0""","=""5""","=""Low""","=""false"""
"=""tại sao nhiều người trúng vietlott""","=""0""","=""0""","=""6""","=""Low""","=""false"""
"=""vì sao vietlott ngày càng vàng người chơi""","=""0""","=""0""","=""8""","=""Low""","=""false"""
"=""khi nào vietlott 5 35 chia giải""","=""0""","=""0""","=""7""","=""Low""","=""false"""
"=""khi nào vietlott trả thưởng""","=""0""","=""0""","=""5""","=""Low""","=""false"""
"=""khi nào trúng vietlott""","=""0""","=""0""","=""4""","=""Low""","=""false"""
"=""khi nào xổ vietlott""","=""0""","=""0""","=""4""","=""Low""","=""false"""
"=""khi nào có kết quả vietlott""","=""0""","=""0""","=""6""","=""Low""","=""false"""
"=""làm sao mua vietlott""","=""0""","=""0""","=""4""","=""Low""","=""false"""
"=""làm sao để nhận thưởng vietlott""","=""0""","=""0""","=""6""","=""Low""","=""false"""
"=""dò vietlott thế nào""","=""0""","=""0""","=""4""","=""Low""","=""false"""
"=""cách để mua vietlott""","=""0""","=""0""","=""4""","=""Low""","=""false"""
"=""cách để chơi vietlott""","=""0""","=""0""","=""4""","=""Low""","=""false"""
"=""cách để dò số vietlott""","=""0""","=""0""","=""5""","=""Low""","=""false"""
"=""làm thế nào để mua vietlott trên điện thoại""","=""0""","=""0""","=""9""","=""Low""","=""false"""
"=""làm thế nào để chơi vietlott""","=""0""","=""0""","=""6""","=""Low""","=""false"""
"=""làm thế nào để biết trúng vietlott""","=""0""","=""0""","=""7""","=""Low""","=""false"""
"=""có thể trúng vietlott không""","=""0""","=""0""","=""5""","=""Low""","=""false"""
"=""từ vietlott""","=""0""","=""0""","=""2""","=""Low""","=""false"""
"=""trúng vietlott dưới 10 tỷ""","=""0""","=""0""","=""5""","=""Low""","=""false"""
"=""bao trong vietlott là gì""","=""0""","=""0""","=""5""","=""Low""","=""false"""
"=""xổ số vietlott trong tháng""","=""0""","=""0""","=""5""","=""Low""","=""false"""
"=""xổ số vietlott trong tuần""","=""0""","=""0""","=""5""","=""Low""","=""false"""
"=""xổ số vietlott trong ngày""","=""0""","=""0""","=""5""","=""Low""","=""false"""
"=""tc trong vietlott""","=""0""","=""0""","=""3""","=""Low""","=""false"""
"=""giải vietlott không có người nhận""","=""0""","=""0""","=""6""","=""Low""","=""false"""
"=""xsmb""","=""83100000""","=""0.51""","=""1""","=""Low""","=""false"""
"=""viet lott""","=""550000""","=""0.38""","=""2""","=""Low""","=""false"""
"=""xổ số power""","=""110000""","=""0.63""","=""3""","=""Low""","=""false"""
"=""xổ số mega""","=""90500""","=""0.91""","=""3""","=""Low""","=""false"""
"=""mega 6 45""","=""49500""","=""0.93""","=""3""","=""Low""","=""false"""
"=""power 6 55""","=""40500""","=""1.97""","=""3""","=""Low""","=""false"""
"=""max3d""","=""33100""","=""0""","=""1""","=""Low""","=""false"""
"=""xổ số điện toán""","=""27100""","=""0.49""","=""4""","=""Low""","=""false"""
"=""mega 6 55""","=""22200""","=""0""","=""3""","=""Low""","=""false"""
"=""mega6 55""","=""22200""","=""0""","=""2""","=""Low""","=""false"""
"=""xổ số mega 6 45""","=""22200""","=""0""","=""5""","=""Low""","=""false"""
"=""kết quả keno""","=""18100""","=""1.64""","=""3""","=""Low""","=""false"""
"=""xổ số hàng tuần""","=""18100""","=""0""","=""4""","=""Low""","=""false"""
"=""xổ số power 6 55""","=""18100""","=""0""","=""5""","=""Low""","=""false"""
"=""xổ số mega hôm nay""","=""12100""","=""0""","=""5""","=""Low""","=""false"""
"=""xổ số power hôm nay""","=""12100""","=""0""","=""5""","=""Low""","=""false"""
"=""kết quả xổ số power""","=""9900""","=""0""","=""5""","=""Low""","=""false"""
"=""ketquaxoso power""","=""8100""","=""0""","=""2""","=""Low""","=""false"""
"=""kết quả xổ số mega""","=""8100""","=""0""","=""5""","=""Low""","=""false"""
"=""kết quả power""","=""6600""","=""0""","=""3""","=""Low""","=""false"""
"=""xổ số 3d""","=""5400""","=""0""","=""3""","=""Low""","=""false"""
"=""xổ số max 3d""","=""5400""","=""0.88""","=""4""","=""Low""","=""false"""
"=""kết quả max 3d""","=""2400""","=""0""","=""4""","=""Low""","=""false"""
"=""kết quả xổ số điện toán""","=""2400""","=""0""","=""6""","=""Low""","=""false"""
"=""bingo18""","=""1900""","=""1.51""","=""1""","=""Low""","=""false"""
"=""dò keno""","=""1900""","=""0""","=""2""","=""Low""","=""true"""
"=""max3d+""","=""1900""","=""0""","=""1""","=""Low""","=""false"""
"=""xổ số mega hôm nay trực tiếp""","=""1900""","=""0""","=""7""","=""Low""","=""false"""
"=""vietluck""","=""1600""","=""0""","=""1""","=""Low""","=""false"""
"=""6 55 power""","=""1300""","=""0""","=""3""","=""Low""","=""false"""
"=""kết quả xổ số max 3d""","=""1000""","=""0""","=""6""","=""Low""","=""true"""
"=""max 3d hôm nay""","=""1000""","=""0""","=""4""","=""Low""","=""false"""
"=""số mega""","=""880""","=""0""","=""2""","=""Low""","=""false"""
"=""sxmega645""","=""720""","=""0""","=""1""","=""Low""","=""false"""
"=""thống kê keno""","=""720""","=""0""","=""3""","=""Low""","=""false"""
"=""do ve sô""","=""590""","=""0""","=""3""","=""Low""","=""false"""
"=""kết quả xổ số 3d""","=""590""","=""0""","=""5""","=""Low""","=""false"""
"=""số power""","=""590""","=""0""","=""2""","=""Low""","=""false"""
"=""mega 6x45""","=""480""","=""0""","=""2""","=""Low""","=""false"""
"=""3d+ hôm nay""","=""390""","=""0""","=""3""","=""Low""","=""false"""
"=""cơ cấu keno""","=""390""","=""0""","=""3""","=""Low""","=""false"""
"=""xs3dpro""","=""390""","=""0""","=""1""","=""Low""","=""true"""
"=""xổ số 3d hôm nay""","=""390""","=""0""","=""5""","=""Low""","=""false"""
"=""vé số power""","=""320""","=""0""","=""3""","=""Low""","=""true"""
"=""kết quả 3d max""","=""260""","=""0""","=""4""","=""Low""","=""false"""
"=""kết quả xổ số max 3d hôm nay""","=""260""","=""0""","=""8""","=""Low""","=""false"""
"=""mega 45 6""","=""260""","=""0""","=""3""","=""Low""","=""false"""
"=""mega xổ số""","=""260""","=""0""","=""3""","=""Low""","=""false"""
"=""sms xổ số""","=""260""","=""0""","=""3""","=""Low""","=""false"""
"=""xs3d+""","=""260""","=""0""","=""1""","=""Low""","=""false"""
"=""xổ số 3d max""","=""260""","=""0""","=""4""","=""Low""","=""false"""
"=""vé số mega""","=""210""","=""0""","=""3""","=""Low""","=""false"""
"=""dò số mega""","=""170""","=""0""","=""3""","=""Low""","=""false"""
"=""dò số power""","=""170""","=""0""","=""3""","=""Low""","=""false"""
"=""mega 6.45""","=""170""","=""0""","=""2""","=""Low""","=""false"""
"=""xs3dro""","=""170""","=""0""","=""1""","=""Low""","=""false"""
"=""giai thuong keno""","=""140""","=""0""","=""3""","=""Low""","=""false"""
"=""mega 6 7""","=""140""","=""0""","=""3""","=""Low""","=""false"""
"=""p0wer 6 55""","=""140""","=""0""","=""3""","=""Low""","=""false"""
"=""vé số keno""","=""140""","=""0""","=""3""","=""Low""","=""true"""
"=""vé số điện toán""","=""140""","=""0""","=""4""","=""Low""","=""true"""
"=""xổ power""","=""140""","=""0""","=""2""","=""Low""","=""true"""
"=""điện toán power""","=""140""","=""0""","=""3""","=""Low""","=""false"""
"=""xo power hom nay""","=""110""","=""0""","=""4""","=""Low""","=""false"""
"=""xstuchon""","=""110""","=""0""","=""1""","=""Low""","=""false"""
"=""xổ keno""","=""110""","=""0""","=""2""","=""Low""","=""false"""
"=""ketquaxosovietlot""","=""90""","=""0""","=""1""","=""Low""","=""false"""
"=""vip 24h""","=""90""","=""0""","=""2""","=""Low""","=""false"""
"=""dò vé số power""","=""70""","=""0""","=""4""","=""Low""","=""false"""
"=""max 4d tổ hợp""","=""70""","=""0""","=""4""","=""Low""","=""true"""
"=""xổ số max 3d ngày hôm nay""","=""70""","=""0""","=""7""","=""Low""","=""true"""
"=""1900599822""","=""50""","=""0""","=""1""","=""Low""","=""true"""
"=""gimolott""","=""50""","=""0""","=""1""","=""Low""","=""true"""
"=""xsp0wer""","=""50""","=""0""","=""1""","=""Low""","=""false"""
"=""xổ số max 4d""","=""50""","=""0""","=""4""","=""Low""","=""false"""
"=""mega hôm qua""","=""40""","=""0""","=""3""","=""Low""","=""false"""
"=""power thứ 5""","=""40""","=""0""","=""3""","=""Low""","=""false"""
"=""vé số max 3d""","=""40""","=""0""","=""4""","=""Low""","=""true"""
"=""xổ mega""","=""40""","=""0""","=""2""","=""Low""","=""true"""
"=""xổ số trực tiếp chiều nay miền nam""","=""40""","=""0""","=""8""","=""Low""","=""false"""
"=""xổ số điện toán 3d""","=""30""","=""0""","=""5""","=""Low""","=""false"""
"=""3d max xổ số""","=""20""","=""0""","=""4""","=""Low""","=""false"""
"=""dudoanvietllot""","=""20""","=""0""","=""1""","=""Low""","=""false"""
"=""dò mega""","=""20""","=""0""","=""2""","=""Low""","=""false"""
"=""mega 6 5""","=""20""","=""0""","=""3""","=""Low""","=""false"""
"=""vietluck vn""","=""20""","=""0""","=""2""","=""Low""","=""false"""
"=""xsmax3d+""","=""20""","=""0""","=""1""","=""Low""","=""true"""
"=""xổ số 3d rồi""","=""20""","=""0""","=""4""","=""Low""","=""false"""
"=""xổ số max 3d rồi""","=""20""","=""0""","=""5""","=""Low""","=""false"""
"=""xổ số mega miền nam""","=""20""","=""0""","=""5""","=""Low""","=""false"""
"=""app bingo18""","=""10""","=""0""","=""2""","=""Low""","=""false"""
"=""bingo18 app""","=""10""","=""0""","=""2""","=""Low""","=""false"""
"=""dò số max 3d""","=""10""","=""0""","=""4""","=""Low""","=""false"""
"=""dò vé số max 3d""","=""10""","=""0""","=""5""","=""Low""","=""false"""
"=""keno vsmb""","=""10""","=""0""","=""2""","=""Low""","=""false"""
"=""ket mega""","=""10""","=""0""","=""2""","=""Low""","=""false"""
"=""kqxspower655""","=""10""","=""0""","=""1""","=""Low""","=""false"""
"=""kết quả xổ số luckybest""","=""10""","=""0""","=""5""","=""Low""","=""false"""
"=""luckybest keno""","=""10""","=""0""","=""2""","=""Low""","=""false"""
"=""luckybest trên momo""","=""10""","=""0""","=""3""","=""Low""","=""false"""
"=""luckybest trả thưởng""","=""10""","=""0""","=""3""","=""Low""","=""false"""
"=""max 3d số kết quả""","=""10""","=""0""","=""5""","=""Low""","=""false"""
"=""mega 45 số""","=""10""","=""0""","=""3""","=""Low""","=""false"""
"=""mega 6 6""","=""10""","=""0""","=""3""","=""Low""","=""false"""
"=""mega vé số""","=""10""","=""0""","=""3""","=""Low""","=""true"""
"=""onbit lừa đảo""","=""10""","=""0""","=""3""","=""Low""","=""false"""
"=""phần mềm thống kê keno""","=""10""","=""0""","=""5""","=""Low""","=""false"""
"=""số max""","=""10""","=""0""","=""2""","=""Low""","=""false"""
"=""thuật toán keno""","=""10""","=""0""","=""3""","=""Low""","=""false"""
"=""vé số 3d max""","=""10""","=""0""","=""4""","=""Low""","=""false"""
"=""vé số luckybest""","=""10""","=""0""","=""3""","=""Low""","=""false"""
"=""vé số mobilott""","=""10""","=""0""","=""3""","=""Low""","=""false"""
"=""xổ số 3d hôm qua""","=""10""","=""0""","=""5""","=""Low""","=""false"""
"=""xổ số luckybest""","=""10""","=""0""","=""3""","=""Low""","=""false"""
"=""xổ số mobilott""","=""10""","=""0""","=""3""","=""Low""","=""false"""
"=""ứng dụng luckybest""","=""10""","=""0""","=""3""","=""Low""","=""false"""
"=""kết quả xổ số mobilott""","=""0""","=""0""","=""5""","=""Low""","=""false"""
"=""luckybest hôm nay""","=""0""","=""0""","=""3""","=""Low""","=""false"""
"=""max 3d+ 6 5""","=""0""","=""0""","=""4""","=""Low""","=""false"""
"=""mobilott trên mb bank""","=""0""","=""0""","=""4""","=""Low""","=""false"""
"=""mobilott trả thưởng""","=""0""","=""0""","=""3""","=""Low""","=""false"""
