Keyword,Volume,CPC,Word count,PPC Competition,Trending
"=""xổ so miền bắc""","=""83100000""","=""0.51""","=""4""","=""Low""","=""false"""
"=""xổ số miền nam""","=""68000000""","=""0.45""","=""4""","=""Low""","=""false"""
"=""xô sô miên băc""","=""68000000""","=""0.45""","=""4""","=""Low""","=""false"""
"=""xo số mien bac""","=""68000000""","=""0.45""","=""4""","=""Low""","=""false"""
"=""xo số mien nam""","=""68000000""","=""0.45""","=""4""","=""Low""","=""false"""
"=""xo số miền nam""","=""68000000""","=""0.45""","=""4""","=""Low""","=""false"""
"=""xô số miền nam""","=""68000000""","=""0.45""","=""4""","=""Low""","=""false"""
"=""xổ sô miền nam""","=""68000000""","=""0.45""","=""4""","=""Low""","=""false"""
"=""xỗ số miền nam""","=""68000000""","=""0.45""","=""4""","=""Low""","=""false"""
"=""xổ số miền bắc""","=""37200000""","=""0.38""","=""4""","=""Low""","=""false"""
"=""xo số miền bắc""","=""37200000""","=""0.38""","=""4""","=""Low""","=""false"""
"=""xổ sô miền bắc""","=""37200000""","=""0.38""","=""4""","=""Low""","=""false"""
"=""xổ số miên bắc""","=""37200000""","=""0.38""","=""4""","=""Low""","=""false"""
"=""xổ số miền trung""","=""20400000""","=""0.41""","=""4""","=""Low""","=""false"""
"=""xổ số miền nam hôm nay""","=""11100000""","=""0.48""","=""6""","=""Low""","=""false"""
"=""xo số miền nam hôm nay""","=""11100000""","=""0.48""","=""6""","=""Low""","=""false"""
"=""xổ số hôm nay""","=""7480000""","=""0.37""","=""4""","=""Low""","=""false"""
"=""xổ số miền bắc hôm nay""","=""7480000""","=""0.4""","=""6""","=""Low""","=""false"""
"=""xo số miền bắc hôm nay""","=""7480000""","=""0.4""","=""6""","=""Low""","=""false"""
"=""xô số hôm nay""","=""7480000""","=""0.37""","=""4""","=""Low""","=""false"""
"=""xổ số miên bắc hôm nay""","=""7480000""","=""0.4""","=""6""","=""Low""","=""false"""
"=""xổ số minh ngọc""","=""5000000""","=""1.3""","=""4""","=""Low""","=""false"""
"=""xổ số miền trung hôm nay""","=""4090000""","=""0.39""","=""6""","=""Low""","=""false"""
"=""xo so mien nam""","=""2740000""","=""0.57""","=""4""","=""Low""","=""false"""
"=""xo so""","=""2240000""","=""0.62""","=""2""","=""Low""","=""false"""
"=""xổ số""","=""1830000""","=""0""","=""2""","=""Low""","=""false"""
"=""xổ số hà nội""","=""1830000""","=""0.38""","=""4""","=""Low""","=""false"""
"=""xô số""","=""1830000""","=""0""","=""2""","=""Low""","=""false"""
"=""xổ số ha noi""","=""1830000""","=""0.38""","=""4""","=""Low""","=""false"""
"=""xổ số hôm nay miền bắc""","=""1830000""","=""0.49""","=""6""","=""Low""","=""false"""
"=""xổ số minh ngọc miền nam""","=""1830000""","=""1.28""","=""6""","=""Low""","=""false"""
"=""xổ số khánh hòa""","=""1500000""","=""0.43""","=""4""","=""Low""","=""false"""
"=""xổ số minh ngọc miền bắc""","=""1220000""","=""0""","=""6""","=""Low""","=""false"""
"=""xổ số miền bắc hôm""","=""1220000""","=""0.49""","=""5""","=""Low""","=""false"""
"=""xổ số ba miền""","=""1000000""","=""0.55""","=""4""","=""Low""","=""false"""
"=""xổ số kiến thiết miền nam""","=""1000000""","=""0.51""","=""6""","=""Low""","=""false"""
"=""xổ số bình định""","=""823000""","=""0.39""","=""4""","=""Low""","=""false"""
"=""xổ số kiến thiết miền bắc""","=""823000""","=""0.39""","=""6""","=""Low""","=""false"""
"=""xổ số miền bắc xổ số miền bắc""","=""823000""","=""0.37""","=""8""","=""Low""","=""false"""
"=""xổ số đắk lắk""","=""823000""","=""0.85""","=""4""","=""Low""","=""false"""
"=""xổ số gia lai""","=""823000""","=""0.92""","=""4""","=""Low""","=""false"""
"=""xổ số phú yên""","=""823000""","=""0.56""","=""4""","=""Low""","=""false"""
"=""xổ số phú yen""","=""823000""","=""0.56""","=""4""","=""Low""","=""false"""
"=""xo so mn""","=""673000""","=""0.41""","=""3""","=""Low""","=""false"""
"=""xo so mb""","=""673000""","=""0.49""","=""3""","=""Low""","=""false"""
"=""xổ số bạc liêu""","=""673000""","=""0.37""","=""4""","=""Low""","=""false"""
"=""xổ số an giang""","=""673000""","=""0.59""","=""4""","=""Low""","=""false"""
"=""xổ số đà nẵng""","=""673000""","=""0.39""","=""4""","=""Low""","=""false"""
"=""xổ số dsaf nẵng""","=""673000""","=""0.39""","=""4""","=""Low""","=""false"""
"=""xổ số quảng ngãi""","=""673000""","=""0""","=""4""","=""Low""","=""false"""
"=""xổ số miền nam hôm qua""","=""550000""","=""0.35""","=""6""","=""Low""","=""false"""
"=""xổ số miền nam thứ tư""","=""550000""","=""0""","=""6""","=""Low""","=""false"""
"=""xổ số miền nam ngày hôm nay""","=""550000""","=""0""","=""7""","=""Low""","=""false"""
"=""xo so mien trung""","=""550000""","=""0.35""","=""4""","=""Low""","=""false"""
"=""xổ số đồng tháp""","=""550000""","=""0.4""","=""4""","=""Low""","=""true"""
"=""xổ số miền nam thứ tư hàng tuần""","=""550000""","=""0""","=""8""","=""Low""","=""false"""
"=""xổ số cần thơ""","=""550000""","=""0.4""","=""4""","=""Low""","=""false"""
"=""xo so mien bac hom nay""","=""550000""","=""0""","=""6""","=""Low""","=""false"""
"=""xo so miên trung""","=""550000""","=""0""","=""4""","=""Low""","=""false"""
"=""xo so miền trung""","=""550000""","=""0.35""","=""4""","=""Low""","=""false"""
"=""xổ số kiên giang""","=""550000""","=""0.51""","=""4""","=""Low""","=""false"""
"=""xổ số long an""","=""550000""","=""0""","=""4""","=""Low""","=""false"""
"=""xổ số miền nam chủ nhật""","=""550000""","=""0""","=""6""","=""Low""","=""false"""
"=""xổ số miền nam chủ nhật hàng tuần""","=""550000""","=""0""","=""8""","=""Low""","=""false"""
"=""xổ số miền nam thứ ba hàng tuần""","=""550000""","=""0.37""","=""8""","=""Low""","=""true"""
"=""xổ số miền nam thứ bảy hàng tuần""","=""550000""","=""0""","=""8""","=""Low""","=""false"""
"=""xổ số miền nam thứ hai""","=""550000""","=""0""","=""6""","=""Low""","=""false"""
"=""xổ số miền nam thứ hai hàng tuần""","=""550000""","=""0.58""","=""8""","=""Low""","=""false"""
"=""xổ số miền nam thứ năm hàng tuần""","=""550000""","=""0.82""","=""8""","=""Low""","=""false"""
"=""xổ số miền nam thứ sáu hàng tuần""","=""550000""","=""0""","=""8""","=""Low""","=""false"""
"=""xổ số vĩnh long""","=""550000""","=""0.45""","=""4""","=""Low""","=""false"""
"=""xo so hom nay""","=""450000""","=""0.37""","=""4""","=""Low""","=""false"""
"=""xổ số miền bắc hôm qua""","=""450000""","=""0.71""","=""6""","=""Low""","=""false"""
"=""xổ số kiến thiết miền nam hôm nay""","=""450000""","=""0""","=""8""","=""Low""","=""false"""
"=""xổ số miền bắc 30 ngày""","=""450000""","=""1.05""","=""6""","=""Low""","=""false"""
"=""xổ số miền bắc ngày hôm nay""","=""450000""","=""0""","=""7""","=""Low""","=""false"""
"=""xổ số miền nam thứ ba""","=""450000""","=""0.4""","=""6""","=""Low""","=""true"""
"=""xổ số miền nam thứ bảy""","=""450000""","=""0""","=""6""","=""Low""","=""false"""
"=""xổ số miền nam thứ năm""","=""450000""","=""0.4""","=""6""","=""Low""","=""false"""
"=""xổ số miền nam thứ sáu""","=""450000""","=""0""","=""6""","=""Low""","=""false"""
"=""xổ số trực tiếp miền nam""","=""450000""","=""0""","=""6""","=""Low""","=""false"""
"=""xổ số đài bắc""","=""450000""","=""0.36""","=""4""","=""Low""","=""false"""
"=""xổ số kon tum""","=""450000""","=""1.13""","=""4""","=""Low""","=""false"""
"=""xổ số kiến thiết hôm nay""","=""368000""","=""0""","=""6""","=""Low""","=""false"""
"=""xổ số bình dương""","=""368000""","=""0.68""","=""4""","=""Low""","=""false"""
"=""xổ số chủ nhật hàng tuần""","=""368000""","=""0.38""","=""6""","=""Low""","=""false"""
"=""xổ số hcm""","=""368000""","=""0.6""","=""3""","=""Low""","=""false"""
"=""xổ số hậu giang""","=""368000""","=""0.5""","=""4""","=""Low""","=""false"""
"=""xổ số hồ chí minh""","=""368000""","=""0.6""","=""5""","=""Low""","=""false"""
"=""xổ số miền bắc chủ nhật hàng tuần""","=""368000""","=""0""","=""8""","=""Low""","=""false"""
"=""xổ số miền bắc thứ ba hàng tuần""","=""368000""","=""0.47""","=""8""","=""Low""","=""true"""
"=""xổ số miền bắc thứ bảy hàng tuần""","=""368000""","=""0.49""","=""8""","=""Low""","=""false"""
"=""xổ số miền bắc thứ hai hàng tuần""","=""368000""","=""0.49""","=""8""","=""Low""","=""true"""
"=""xổ số miền bắc thứ năm hàng tuần""","=""368000""","=""0""","=""8""","=""Low""","=""false"""
"=""xổ số miền bắc thứ sáu hàng tuần""","=""368000""","=""0.64""","=""8""","=""Low""","=""false"""
"=""xổ số miền bắc thứ tư hàng tuần""","=""368000""","=""0""","=""8""","=""Low""","=""false"""
"=""xổ số thứ ba hàng tuần""","=""368000""","=""0.33""","=""6""","=""Low""","=""false"""
"=""xổ số thứ bảy hàng tuần""","=""368000""","=""0.61""","=""6""","=""Low""","=""false"""
"=""xổ số thứ hai hàng tuần""","=""368000""","=""0.5""","=""6""","=""Low""","=""false"""
"=""xổ số thứ năm hàng tuần""","=""368000""","=""0.6""","=""6""","=""Low""","=""false"""
"=""xổ số thứ sáu hàng tuần""","=""368000""","=""0.65""","=""6""","=""Low""","=""false"""
"=""xổ số thứ tư hàng tuần""","=""368000""","=""0""","=""6""","=""Low""","=""false"""
"=""xổ số tiền giang""","=""368000""","=""0.36""","=""4""","=""Low""","=""false"""
"=""xổ số trà vinh""","=""368000""","=""0""","=""4""","=""Low""","=""false"""
"=""xổ số trực tiếp miền bắc""","=""368000""","=""0""","=""6""","=""Low""","=""false"""
"=""xổ số đà lạt""","=""368000""","=""0.42""","=""4""","=""Low""","=""false"""
"=""xổ số cà mau""","=""368000""","=""0.35""","=""4""","=""Low""","=""false"""
"=""xổ số dalat""","=""368000""","=""0.42""","=""3""","=""Low""","=""false"""
"=""xổ số ddoongf nai""","=""368000""","=""0.56""","=""4""","=""Low""","=""true"""
"=""xổ số minh ngọc hôm nay""","=""368000""","=""0""","=""6""","=""Low""","=""false"""
"=""xổ số sóc trăng""","=""368000""","=""0.45""","=""4""","=""Low""","=""true"""
"=""xổ số vũng tàu""","=""368000""","=""0.41""","=""4""","=""Low""","=""false"""
"=""xổ số chiều nay""","=""301000""","=""0.39""","=""4""","=""Low""","=""false"""
"=""xổ số hôm qua""","=""301000""","=""0.36""","=""4""","=""Low""","=""false"""
"=""xổ số 30 ngày""","=""301000""","=""0""","=""4""","=""Low""","=""false"""
"=""xổ số hôm nay miền nam""","=""301000""","=""0""","=""6""","=""Low""","=""false"""
"=""xổ số kiến thiết""","=""301000""","=""0""","=""4""","=""Low""","=""false"""
"=""xổ số kiến thiết miền bắc hôm nay""","=""301000""","=""0""","=""8""","=""Low""","=""false"""
"=""xổ số miền bac""","=""301000""","=""0.76""","=""4""","=""Low""","=""false"""
"=""xổ số miền bắc chủ nhật""","=""301000""","=""0""","=""6""","=""Low""","=""false"""
"=""xổ số miền bắc thứ hai""","=""301000""","=""0""","=""6""","=""Low""","=""false"""
"=""xổ số miền nam xổ số miền nam""","=""301000""","=""0""","=""8""","=""Low""","=""false"""
"=""xổ số miền trung thứ bảy hàng tuần""","=""301000""","=""0""","=""8""","=""Low""","=""false"""
"=""xổ số miền trung thứ nam hàng tuần""","=""301000""","=""0.39""","=""8""","=""Low""","=""false"""
"=""xổ số miền trung thứ tư hàng tuần""","=""301000""","=""0""","=""8""","=""Low""","=""false"""
"=""xổ số đài miền nam""","=""301000""","=""0""","=""5""","=""Low""","=""false"""
"=""xổ số hôm qa""","=""301000""","=""0.36""","=""4""","=""Low""","=""false"""
"=""xổ số ngày hôm nay""","=""246000""","=""0.36""","=""5""","=""Low""","=""false"""
"=""xổ số ba đài""","=""246000""","=""0.4""","=""4""","=""Low""","=""false"""
"=""xổ số miền bắc thứ tư""","=""246000""","=""0.38""","=""6""","=""Low""","=""false"""
"=""xổ số kiến thiết miền trung""","=""246000""","=""0""","=""6""","=""Low""","=""false"""
"=""xổ số miền bắc thứ ba""","=""246000""","=""0""","=""6""","=""Low""","=""false"""
"=""xổ số miền bắc thứ bảy""","=""246000""","=""0""","=""6""","=""Low""","=""false"""
"=""xổ số miền bắc thứ năm""","=""246000""","=""0""","=""6""","=""Low""","=""false"""
"=""xổ số miền bắc thứ sáu""","=""246000""","=""0""","=""6""","=""Low""","=""false"""
"=""xổ số miền trung chủ nhật""","=""246000""","=""0""","=""6""","=""Low""","=""false"""
"=""xổ số miền trung thứ ba""","=""246000""","=""0""","=""6""","=""Low""","=""true"""
"=""xổ số miền trung thứ hai""","=""246000""","=""0""","=""6""","=""Low""","=""true"""
"=""xổ số miền trung thứ năm""","=""246000""","=""0.53""","=""6""","=""Low""","=""false"""
"=""xổ số miền trung thứ tư""","=""246000""","=""0""","=""6""","=""Low""","=""false"""
"=""xổ số bình thuận""","=""246000""","=""0""","=""4""","=""Low""","=""true"""
"=""xổ số quảng bình""","=""246000""","=""0""","=""4""","=""Low""","=""false"""
"=""xổ số hà nội hôm nay""","=""201000""","=""0""","=""6""","=""Low""","=""false"""
"=""xổ số miền""","=""201000""","=""0""","=""3""","=""Low""","=""false"""
"=""xổ số 3 miền""","=""201000""","=""0.55""","=""4""","=""Low""","=""false"""
"=""xổ số thủ đô""","=""201000""","=""0""","=""4""","=""Low""","=""false"""
"=""xổ số vietlott""","=""201000""","=""0.62""","=""3""","=""Low""","=""false"""
"=""xổ số miền nam chiều nay""","=""201000""","=""0.68""","=""6""","=""Low""","=""false"""
"=""xo so binh dinh""","=""201000""","=""0""","=""4""","=""Low""","=""false"""
"=""xổ số ba miền hôm nay""","=""201000""","=""0""","=""6""","=""Low""","=""false"""
"=""xổ số bình phước""","=""201000""","=""0""","=""4""","=""Low""","=""false"""
"=""xổ số bến tre""","=""201000""","=""0.37""","=""4""","=""Low""","=""true"""
"=""xổ số chủ nhật""","=""201000""","=""0""","=""4""","=""Low""","=""false"""
"=""xổ số miền trung thứ sáu""","=""201000""","=""0""","=""6""","=""Low""","=""false"""
"=""xổ số thành phố""","=""201000""","=""1.43""","=""4""","=""Low""","=""false"""
"=""xổ số mobi""","=""201000""","=""0""","=""3""","=""Low""","=""false"""
"=""xổ số tp""","=""201000""","=""1.43""","=""3""","=""Low""","=""false"""
"=""xổ số trực tiếp""","=""165000""","=""0""","=""4""","=""Low""","=""false"""
"=""xổ số miền bắc hàng ngày""","=""165000""","=""0""","=""6""","=""Low""","=""false"""
"=""xổ số miền bắc hôm quả""","=""165000""","=""0""","=""6""","=""Low""","=""false"""
"=""xô sô mb""","=""165000""","=""0.94""","=""3""","=""Low""","=""false"""
"=""xổ số trực tiếp hôm nay""","=""165000""","=""0""","=""6""","=""Low""","=""false"""
"=""xổ số thứ tư""","=""165000""","=""0""","=""4""","=""Low""","=""false"""
"=""xo sô mb""","=""165000""","=""0.94""","=""3""","=""Low""","=""false"""
"=""xo so mien bac thu 2""","=""165000""","=""0""","=""6""","=""Low""","=""false"""
"=""xô số mb""","=""165000""","=""0.94""","=""3""","=""Low""","=""false"""
"=""xổ số khánh hòa hôm nay""","=""165000""","=""0""","=""6""","=""Low""","=""false"""
"=""xổ số miền bắc 100 ngày""","=""165000""","=""0.39""","=""6""","=""Low""","=""false"""
"=""xổ số miền bắc 90 ngày""","=""165000""","=""0""","=""6""","=""Low""","=""false"""
"=""xổ số miền nam 30 ngày""","=""165000""","=""0""","=""6""","=""Low""","=""false"""
"=""xổ số miền trung hôm qua""","=""165000""","=""0.41""","=""6""","=""Low""","=""false"""
"=""xổ số thứ ba""","=""165000""","=""0.48""","=""4""","=""Low""","=""true"""
"=""xổ số thứ hai""","=""165000""","=""0.49""","=""4""","=""Low""","=""false"""
"=""xổ số thứ năm""","=""165000""","=""0""","=""4""","=""Low""","=""false"""
"=""xổ số thứ sáu""","=""165000""","=""0.71""","=""4""","=""Low""","=""false"""
"=""xổ số đài miền bắc""","=""165000""","=""0.36""","=""5""","=""Low""","=""false"""
"=""xổ số mb""","=""165000""","=""0.94""","=""3""","=""Low""","=""false"""
"=""xổ số ninh thuận""","=""165000""","=""0""","=""4""","=""Low""","=""false"""
"=""xổ số quảng nam""","=""165000""","=""0""","=""4""","=""Low""","=""false"""
"=""xổ số thứ bảy""","=""165000""","=""0""","=""4""","=""Low""","=""false"""
"=""xổ số bữa nay""","=""135000""","=""0""","=""4""","=""Low""","=""false"""
"=""xo so mt""","=""135000""","=""0""","=""3""","=""Low""","=""false"""
"=""xổ số minh chính""","=""135000""","=""0""","=""4""","=""Low""","=""false"""
"=""xổ số miền bắc hàng tuần""","=""135000""","=""0""","=""6""","=""Low""","=""false"""
"=""xổ số miền nam trực tiếp""","=""135000""","=""0""","=""6""","=""Low""","=""false"""
"=""xổ số miền trung ngày hôm nay""","=""135000""","=""0""","=""7""","=""Low""","=""false"""
"=""xổ số truyền thống""","=""135000""","=""0""","=""4""","=""Low""","=""false"""
"=""xổ số đại phát""","=""135000""","=""0""","=""4""","=""Low""","=""false"""
"=""xổ số 66""","=""110000""","=""1.19""","=""3""","=""Low""","=""true"""
"=""xổ số thần tài""","=""110000""","=""0""","=""4""","=""Low""","=""false"""
"=""xô sô mn""","=""110000""","=""0""","=""3""","=""Low""","=""false"""
"=""xo so mien bac truc tiep""","=""110000""","=""0""","=""6""","=""Low""","=""false"""
"=""xổ số minh ngọc miền nam hôm nay""","=""110000""","=""0""","=""8""","=""Low""","=""false"""
"=""xổ số miền bắc 200 ngày""","=""110000""","=""0""","=""6""","=""Low""","=""false"""
"=""xổ số miền nam ba đài""","=""110000""","=""0""","=""6""","=""Low""","=""false"""
"=""xổ số miền trung minh ngọc""","=""110000""","=""0""","=""6""","=""Low""","=""false"""
"=""xổ số quảng trị""","=""110000""","=""0""","=""4""","=""Low""","=""false"""
"=""xổ số thừa thiên huế""","=""110000""","=""0""","=""5""","=""Low""","=""false"""
"=""xổ số mn""","=""110000""","=""0""","=""3""","=""Low""","=""false"""
"=""xổ số power""","=""110000""","=""0.63""","=""3""","=""Low""","=""false"""
"=""xổ số tp hcm""","=""110000""","=""0""","=""4""","=""Low""","=""false"""
"=""xổ số miền nam ngày hôm qua""","=""90500""","=""0""","=""7""","=""Low""","=""false"""
"=""xổ số miền bắc ngày hôm qua""","=""90500""","=""0.43""","=""7""","=""Low""","=""false"""
"=""xổ số miền nam bữa nay""","=""90500""","=""0""","=""6""","=""Low""","=""false"""
"=""xổ số gia lai hôm nay""","=""90500""","=""0""","=""6""","=""Low""","=""false"""
"=""xổ số miền bắc trực tiếp""","=""90500""","=""0""","=""6""","=""Low""","=""false"""
"=""xổ số miền nam hàng ngày""","=""90500""","=""0""","=""6""","=""Low""","=""false"""
"=""xổ số miền nam hàng tuần""","=""90500""","=""0""","=""6""","=""Low""","=""false"""
"=""xổ số miền nam thứ nam""","=""90500""","=""0""","=""6""","=""Low""","=""false"""
"=""xổ số phú yên hôm nay""","=""90500""","=""0""","=""6""","=""Low""","=""true"""
"=""xổ số đài bắc hôm nay""","=""90500""","=""0""","=""6""","=""Low""","=""false"""
"=""xổ số đắk lắk hôm nay""","=""90500""","=""0""","=""6""","=""Low""","=""false"""
"=""xổ số hôm nay miền trung""","=""90500""","=""0""","=""6""","=""Low""","=""false"""
"=""xổ số mega""","=""90500""","=""0.92""","=""3""","=""Low""","=""false"""
"=""xổ số miền nam thứ tư tuần rồi""","=""74000""","=""0""","=""8""","=""Low""","=""false"""
"=""xổ số trực tiếp miền nam hôm nay""","=""74000""","=""0""","=""8""","=""Low""","=""false"""
"=""xo so ho chi minh""","=""74000""","=""0""","=""5""","=""Low""","=""false"""
"=""xổ số miền bắc tối nay""","=""74000""","=""0""","=""6""","=""Low""","=""false"""
"=""xo so binh duong""","=""74000""","=""0""","=""4""","=""Low""","=""false"""
"=""xo so hcm""","=""74000""","=""0""","=""3""","=""Low""","=""false"""
"=""xổ số ba đài hôm nay""","=""74000""","=""0""","=""6""","=""Low""","=""false"""
"=""xổ số bình định hôm nay""","=""74000""","=""0""","=""6""","=""Low""","=""false"""
"=""xổ số chủ nhật tuần rồi""","=""74000""","=""0""","=""6""","=""Low""","=""false"""
"=""xổ số kiến thiết miền bắc ngày hôm nay""","=""74000""","=""0""","=""9""","=""Low""","=""false"""
"=""xổ số miền nam chủ nhật tuần rồi""","=""74000""","=""0""","=""8""","=""Low""","=""false"""
"=""xổ số miền nam thứ ba tuần rồi""","=""74000""","=""0.34""","=""8""","=""Low""","=""true"""
"=""xổ số miền nam thứ bảy tuần rồi""","=""74000""","=""0""","=""8""","=""Low""","=""false"""
"=""xổ số miền nam thứ năm tuần rồi""","=""74000""","=""0""","=""8""","=""Low""","=""false"""
"=""xổ số miền nam thứ sáu tuần rồi""","=""74000""","=""0""","=""8""","=""Low""","=""false"""
"=""xổ số miền trung chiều nay""","=""74000""","=""0.44""","=""6""","=""Low""","=""false"""
"=""xổ số miền trung hôm quả""","=""74000""","=""0""","=""6""","=""Low""","=""false"""
"=""xổ số quảng ngãi hôm nay""","=""74000""","=""0""","=""6""","=""Low""","=""false"""
"=""xổ số thứ ba tuần rồi""","=""74000""","=""0.4""","=""6""","=""Low""","=""true"""
"=""xổ số thứ bảy tuần rồi""","=""74000""","=""0""","=""6""","=""Low""","=""false"""
"=""xổ số thứ năm tuần rồi""","=""74000""","=""0""","=""6""","=""Low""","=""false"""
"=""xổ số thứ tư tuần rồi""","=""74000""","=""0.4""","=""6""","=""Low""","=""true"""
"=""xổ số trực tiếp minh ngọc""","=""74000""","=""0""","=""6""","=""Low""","=""false"""
"=""xổ số huế""","=""74000""","=""0""","=""3""","=""Low""","=""false"""
"=""xổ số kiến thiết ngày hôm nay""","=""60500""","=""0""","=""7""","=""Low""","=""false"""
"=""xổ số miền nam 90 ngày""","=""60500""","=""0""","=""6""","=""Low""","=""false"""
"=""xổ số miền nam minh ngọc hôm nay""","=""60500""","=""0""","=""8""","=""Low""","=""false"""
"=""xổ số miền trung thứ 2 hàng tuần""","=""60500""","=""0""","=""8""","=""Low""","=""true"""
"=""xổ số thử miền nam""","=""60500""","=""0""","=""5""","=""Low""","=""false"""
"=""xổ số truyền thống miền bắc""","=""60500""","=""0""","=""6""","=""Low""","=""false"""
"=""xổ số trực tiếp miền bắc hôm nay""","=""60500""","=""0""","=""8""","=""Low""","=""false"""
"=""xổ số ngày hôm qua""","=""49500""","=""0""","=""5""","=""Low""","=""false"""
"=""xổ số miền nam trực tiếp hôm nay""","=""49500""","=""0""","=""8""","=""Low""","=""false"""
"=""xo so 3 mien""","=""49500""","=""0""","=""4""","=""Low""","=""false"""
"=""xo so mien nam hom nay""","=""49500""","=""0""","=""6""","=""Low""","=""false"""
"=""xo so mien trung hom nay""","=""49500""","=""0""","=""6""","=""Low""","=""false"""
"=""xổ số 100 ngày""","=""49500""","=""0""","=""4""","=""Low""","=""false"""
"=""xổ số 200 ngày""","=""49500""","=""0""","=""4""","=""Low""","=""false"""
"=""xổ số hcm hôm nay""","=""49500""","=""0""","=""5""","=""Low""","=""false"""
"=""xổ số kiến thiết bình dương""","=""49500""","=""0""","=""6""","=""Low""","=""false"""
"=""xổ số kiến thiết gia lai""","=""49500""","=""0""","=""6""","=""Low""","=""false"""
"=""xổ số kiến thiết khánh hòa""","=""49500""","=""0""","=""6""","=""Low""","=""false"""
"=""xổ số kiến thiết kiên giang""","=""49500""","=""0""","=""6""","=""Low""","=""false"""
"=""xổ số kiến thiết minh ngọc""","=""49500""","=""0""","=""6""","=""Low""","=""false"""
"=""xổ số kiến thiết phú yên""","=""49500""","=""0""","=""6""","=""Low""","=""false"""
"=""xổ số miền bắc chiều nay""","=""49500""","=""0""","=""6""","=""Low""","=""true"""
"=""xổ số miền nam ngày nay""","=""49500""","=""0""","=""6""","=""Low""","=""false"""
"=""xổ số miền nam thứ 7""","=""49500""","=""0""","=""6""","=""Low""","=""false"""
"=""xổ số miền trung 30 ngày""","=""49500""","=""0""","=""6""","=""Low""","=""false"""
"=""xổ số miền trung thứ 7""","=""49500""","=""0""","=""6""","=""Low""","=""false"""
"=""xổ số bạc liêu hôm nay""","=""49500""","=""0""","=""6""","=""Low""","=""false"""
"=""xổ số ketquamoinhat""","=""49500""","=""0""","=""3""","=""Low""","=""false"""
"=""xổ số đài miền nam hôm nay""","=""40500""","=""0""","=""7""","=""Low""","=""false"""
"=""xổ số hàng ngày""","=""40500""","=""0""","=""4""","=""Low""","=""false"""
"=""xổ số me""","=""40500""","=""0""","=""3""","=""Low""","=""false"""
"=""xo so mobi""","=""40500""","=""0""","=""3""","=""Low""","=""false"""
"=""xo so vinh long""","=""40500""","=""0""","=""4""","=""Low""","=""false"""
"=""xô sô me""","=""40500""","=""0""","=""3""","=""Low""","=""false"""
"=""xổ số kiên giang hàng tuần""","=""40500""","=""0""","=""6""","=""Low""","=""false"""
"=""xổ số kiến thiết hồ chí minh""","=""40500""","=""0""","=""7""","=""Low""","=""true"""
"=""xổ số kiến thiết miền nam ngày hôm nay""","=""40500""","=""0""","=""9""","=""Low""","=""false"""
"=""xổ số kiến thiết vĩnh long""","=""40500""","=""0""","=""6""","=""Low""","=""false"""
"=""xổ số kon tum hôm nay""","=""40500""","=""0""","=""6""","=""Low""","=""false"""
"=""xổ số miền bắc 30 ngày gần nhất""","=""40500""","=""0""","=""8""","=""Low""","=""true"""
"=""xổ số miền bắc chủ nhật tuần rồi""","=""40500""","=""0""","=""8""","=""Low""","=""false"""
"=""xổ số miền bắc thứ""","=""40500""","=""0""","=""5""","=""Low""","=""false"""
"=""xổ số miền bắc thứ ba tuần rồi""","=""40500""","=""0""","=""8""","=""Low""","=""true"""
"=""xổ số miền bắc thứ bảy tuần rồi""","=""40500""","=""0""","=""8""","=""Low""","=""false"""
"=""xổ số miền bắc thứ hai tuần rồi""","=""40500""","=""0""","=""8""","=""Low""","=""true"""
"=""xổ số miền bắc thứ năm tuần rồi""","=""40500""","=""0""","=""8""","=""Low""","=""false"""
"=""xổ số miền bắc thứ sáu tuần rồi""","=""40500""","=""0""","=""8""","=""Low""","=""false"""
"=""xổ số miền bắc thứ tư tuần rồi""","=""40500""","=""0""","=""8""","=""Low""","=""false"""
"=""xổ số miền bắc trực tiếp hôm nay""","=""40500""","=""0""","=""8""","=""Low""","=""false"""
"=""xổ số miền nam hôm nay minh ngọc""","=""40500""","=""0""","=""8""","=""Low""","=""false"""
"=""xổ số miền nam ngày""","=""40500""","=""0""","=""5""","=""Low""","=""false"""
"=""xổ số miền nam ngày chủ nhật""","=""40500""","=""0""","=""7""","=""Low""","=""false"""
"=""xổ số miền nam thứ 6""","=""40500""","=""0""","=""6""","=""Low""","=""false"""
"=""xổ số miền trung hàng tuần""","=""40500""","=""0""","=""6""","=""Low""","=""false"""
"=""xổ số miền trung thứ tư tuần rồi""","=""40500""","=""0""","=""8""","=""Low""","=""false"""
"=""xổ số miền trung trực tiếp""","=""40500""","=""0""","=""6""","=""Low""","=""false"""
"=""xổ số mt""","=""40500""","=""0""","=""3""","=""Low""","=""false"""
"=""xổ số ngày nay""","=""40500""","=""0""","=""4""","=""Low""","=""false"""
"=""xổ số phuong trang""","=""40500""","=""0""","=""4""","=""Low""","=""false"""
"=""xổ số trà vinh hôm nay""","=""40500""","=""0""","=""6""","=""Low""","=""false"""
"=""xổ số trực tiếp miền nam minh ngọc""","=""40500""","=""0""","=""8""","=""Low""","=""false"""
"=""xổ số vietlott hôm nay""","=""40500""","=""0.65""","=""5""","=""Low""","=""false"""
"=""xổ số vĩnh long hàng tuần""","=""40500""","=""0""","=""6""","=""Low""","=""false"""
"=""xổ số đồng tháp hàng tuần""","=""40500""","=""0""","=""6""","=""Low""","=""false"""
"=""xổ số an giang hôm nay""","=""40500""","=""0""","=""6""","=""Low""","=""true"""
"=""xổ số an giang hàng tuần""","=""40500""","=""0""","=""6""","=""Low""","=""false"""
"=""xổ số cà mau hôm nay""","=""40500""","=""0""","=""6""","=""Low""","=""false"""
"=""xổ số đắk nông""","=""40500""","=""0""","=""4""","=""Low""","=""false"""
"=""xổ số daknong""","=""40500""","=""0""","=""3""","=""Low""","=""false"""
"=""xổ số kiên giang hôm nay""","=""40500""","=""0""","=""6""","=""Low""","=""false"""
"=""xổ số nét""","=""40500""","=""0""","=""3""","=""Low""","=""false"""
"=""xổ số phương trang""","=""40500""","=""0""","=""4""","=""Low""","=""false"""
"=""xổ số ba ria vung tau""","=""40500""","=""0""","=""6""","=""Low""","=""false"""
"=""xổ số sóc trăng hôm nay""","=""40500""","=""0""","=""6""","=""Low""","=""true"""
"=""xổ số tiền giang hôm nay""","=""40500""","=""0""","=""6""","=""Low""","=""false"""
"=""xổ số bà rịa vũng tàu""","=""40500""","=""0""","=""6""","=""Low""","=""false"""
"=""xổ số thần tài miền nam""","=""33100""","=""0""","=""6""","=""Low""","=""false"""
"=""xổ số thần tài miền bắc""","=""33100""","=""0""","=""6""","=""Low""","=""false"""
"=""xổ số hà nội hôm qua""","=""33100""","=""0""","=""6""","=""Low""","=""false"""
"=""xổ số miền nam ngày thứ tư""","=""33100""","=""0""","=""7""","=""Low""","=""false"""
"=""xo số hôm nay""","=""33100""","=""0""","=""4""","=""Low""","=""false"""
"=""xổ số cần thơ ba đài""","=""33100""","=""0""","=""6""","=""Low""","=""false"""
"=""xo so hôm nay""","=""33100""","=""0""","=""4""","=""Low""","=""false"""
"=""xo so khanh hoa""","=""33100""","=""0""","=""4""","=""Low""","=""false"""
"=""xổ số bình dương hôm nay""","=""33100""","=""0""","=""6""","=""Low""","=""false"""
"=""xổ số cần thơ hôm nay""","=""33100""","=""0""","=""6""","=""Low""","=""false"""
"=""xổ số hôm nay minh ngọc""","=""33100""","=""0""","=""6""","=""Low""","=""false"""
"=""xổ số hậu giang hôm nay""","=""33100""","=""0""","=""6""","=""Low""","=""false"""
"=""xổ số kiên giang ba đài""","=""33100""","=""0""","=""6""","=""Low""","=""false"""
"=""xổ số kiến thiết ba miền""","=""33100""","=""0""","=""6""","=""Low""","=""false"""
"=""xổ số kiến thiết bình thuận""","=""33100""","=""0""","=""6""","=""Low""","=""false"""
"=""xổ số kiến thiết miền bắc 30 ngày""","=""33100""","=""0""","=""8""","=""Low""","=""false"""
"=""xổ số kiến thiết thủ đô""","=""33100""","=""0""","=""6""","=""Low""","=""false"""
"=""xổ số kiến thiết trà vinh""","=""33100""","=""0""","=""6""","=""Low""","=""false"""
"=""xổ số kiến thiết đài miền nam""","=""33100""","=""0""","=""7""","=""Low""","=""false"""
"=""xổ số miền bắc ngày""","=""33100""","=""0""","=""5""","=""Low""","=""true"""
"=""xổ số miền bắc xổ số miền bắc hôm nay""","=""33100""","=""0""","=""10""","=""Low""","=""false"""
"=""xổ số miền bắc đại phát""","=""33100""","=""0""","=""6""","=""Low""","=""false"""
"=""xổ số miền nam 100 ngày""","=""33100""","=""0""","=""6""","=""Low""","=""false"""
"=""xổ số miền nam 200 ngày""","=""33100""","=""0""","=""6""","=""Low""","=""false"""
"=""xổ số miền nam ngày thứ ba""","=""33100""","=""0""","=""7""","=""Low""","=""false"""
"=""xổ số miền nam ngày thứ bảy""","=""33100""","=""0""","=""7""","=""Low""","=""false"""
"=""xổ số miền nam ngày thứ hai""","=""33100""","=""0""","=""7""","=""Low""","=""false"""
"=""xổ số miền nam ngày thứ năm""","=""33100""","=""0""","=""7""","=""Low""","=""false"""
"=""xổ số miền nam ngày thứ sáu""","=""33100""","=""0""","=""7""","=""Low""","=""false"""
"=""xổ số miền nam thứ""","=""33100""","=""0""","=""5""","=""Low""","=""false"""
"=""xổ số miền nam thứ 2""","=""33100""","=""0""","=""6""","=""Low""","=""false"""
"=""xổ số miền nam thứ 3""","=""33100""","=""0""","=""6""","=""Low""","=""false"""
"=""xổ số miền nam thứ 5""","=""33100""","=""0""","=""6""","=""Low""","=""false"""
"=""xổ số miền nam thứ nam hàng tuần""","=""33100""","=""0""","=""8""","=""Low""","=""false"""
"=""xổ số miền nam đại phát""","=""33100""","=""0""","=""6""","=""Low""","=""false"""
"=""xổ số thứ 5""","=""33100""","=""0""","=""4""","=""Low""","=""false"""
"=""xổ số thứ 7""","=""33100""","=""0""","=""4""","=""Low""","=""false"""
"=""xổ số tây ninh hôm nay""","=""33100""","=""0""","=""6""","=""Low""","=""false"""
"=""xổ số vĩnh long ba đài""","=""33100""","=""0""","=""6""","=""Low""","=""false"""
"=""xổ số vĩnh long hôm nay""","=""33100""","=""0""","=""6""","=""Low""","=""false"""
"=""xổ số đà lạt hôm nay""","=""33100""","=""0""","=""6""","=""Low""","=""false"""
"=""xổ số đài trung""","=""33100""","=""0""","=""4""","=""Low""","=""false"""
"=""xổ số đồng tháp ba đài""","=""33100""","=""0""","=""6""","=""Low""","=""false"""
"=""xổ số long an hàng tuần""","=""33100""","=""0""","=""6""","=""Low""","=""false"""
"=""xổ số việt nam""","=""33100""","=""0""","=""4""","=""Low""","=""true"""
"=""xổ số miền tây hôm nay""","=""27100""","=""0""","=""6""","=""Low""","=""false"""
"=""xo so ba mien""","=""27100""","=""0""","=""4""","=""Low""","=""false"""
"=""xo so kien giang""","=""27100""","=""0""","=""4""","=""Low""","=""false"""
"=""xo so kien thiet mien nam""","=""27100""","=""0""","=""6""","=""Low""","=""false"""
"=""xo so miền nam""","=""27100""","=""0""","=""4""","=""Low""","=""false"""
"=""xổ số cần thơ hàng tuần""","=""27100""","=""0""","=""6""","=""Low""","=""false"""
"=""xổ số keno""","=""27100""","=""0""","=""3""","=""Low""","=""false"""
"=""xổ số kiên giang tuần rồi""","=""27100""","=""0""","=""6""","=""Low""","=""false"""
"=""xổ số kiến thiết bến tre""","=""27100""","=""0""","=""6""","=""Low""","=""true"""
"=""xổ số kiến thiết hôm qua""","=""27100""","=""0""","=""6""","=""Low""","=""false"""
"=""xổ số kiến thiết quảng ngãi""","=""27100""","=""0""","=""6""","=""Low""","=""false"""
"=""xổ số long an hôm nay""","=""27100""","=""0""","=""6""","=""Low""","=""false"""
"=""xổ số minh ngọc miền bắc hôm nay""","=""27100""","=""0""","=""8""","=""Low""","=""false"""
"=""xổ số minh ngọc trực tiếp""","=""27100""","=""0""","=""6""","=""Low""","=""false"""
"=""xổ số miền nam hôm""","=""27100""","=""0""","=""5""","=""Low""","=""false"""
"=""xổ số miền nam minh chính""","=""27100""","=""0""","=""6""","=""Low""","=""false"""
"=""xổ số miền nam miền bắc""","=""27100""","=""0""","=""6""","=""Low""","=""false"""
"=""xổ số miền nam thứ 4""","=""27100""","=""0""","=""6""","=""Low""","=""false"""
"=""xổ số miền nam tuần rồi""","=""27100""","=""0""","=""6""","=""Low""","=""false"""
"=""xổ số miền trung hàng ngày""","=""27100""","=""0""","=""6""","=""Low""","=""false"""
"=""xổ số miền trung ngày hôm qua""","=""27100""","=""0""","=""7""","=""Low""","=""false"""
"=""xổ số miền trung thứ 5""","=""27100""","=""0""","=""6""","=""Low""","=""false"""
"=""xổ số miền trung thứ 6""","=""27100""","=""0""","=""6""","=""Low""","=""false"""
"=""xổ số thử miền bắc""","=""27100""","=""0""","=""5""","=""Low""","=""false"""
"=""xổ số tây ninh hàng tuần""","=""27100""","=""0""","=""6""","=""Low""","=""false"""
"=""xổ số vĩnh long tuần rồi""","=""27100""","=""0""","=""6""","=""Low""","=""false"""
"=""xổ số vũng tàu hôm nay""","=""27100""","=""0""","=""6""","=""Low""","=""false"""
"=""xổ số xổ số miền nam""","=""27100""","=""0""","=""6""","=""Low""","=""false"""
"=""xổ số điện toán""","=""27100""","=""0.49""","=""4""","=""Low""","=""false"""
"=""xổ số đồng tháp tuần rồi""","=""27100""","=""0""","=""6""","=""Low""","=""false"""
"=""xổ số miền nam hôm quả""","=""22200""","=""0""","=""6""","=""Low""","=""false"""
"=""xô sô miên nam""","=""22200""","=""0""","=""4""","=""Low""","=""false"""
"=""xo so than tai""","=""22200""","=""0""","=""4""","=""Low""","=""false"""
"=""xổ số miền nam thứ tư tuần trước""","=""22200""","=""0""","=""8""","=""Low""","=""false"""
"=""xổ số đài miền bắc hôm nay""","=""22200""","=""0""","=""7""","=""Low""","=""false"""
"=""xo so da lat""","=""22200""","=""0""","=""4""","=""Low""","=""false"""
"=""xo so kien thiet""","=""22200""","=""0""","=""4""","=""Low""","=""false"""
"=""xo so long an""","=""22200""","=""0""","=""4""","=""Low""","=""false"""
"=""xo so mien bắc""","=""22200""","=""0""","=""4""","=""Low""","=""false"""
"=""xo so minh ngoc mien nam""","=""22200""","=""0""","=""6""","=""Low""","=""false"""
"=""xo so thu 2""","=""22200""","=""0""","=""4""","=""Low""","=""false"""
"=""xo so tien giang""","=""22200""","=""0""","=""4""","=""Low""","=""false"""
"=""xo so tra vinh""","=""22200""","=""0""","=""4""","=""Low""","=""false"""
"=""xo so truc tiep""","=""22200""","=""0""","=""4""","=""Low""","=""false"""
"=""xổ số 90 ngày""","=""22200""","=""0""","=""4""","=""Low""","=""false"""
"=""xổ số ba miền nam""","=""22200""","=""0""","=""5""","=""Low""","=""false"""
"=""xổ số bình thuận hôm nay""","=""22200""","=""0""","=""6""","=""Low""","=""false"""
"=""xổ số bến tre hôm nay""","=""22200""","=""0""","=""6""","=""Low""","=""true"""
"=""xổ số hôm nay ba đài""","=""22200""","=""0""","=""6""","=""Low""","=""false"""
"=""xổ số kiến thiết ba đài""","=""22200""","=""0""","=""6""","=""Low""","=""false"""
"=""xổ số kiến thiết chiều nay""","=""22200""","=""0""","=""6""","=""Low""","=""false"""
"=""xổ số kiến thiết long an""","=""22200""","=""0""","=""6""","=""Low""","=""false"""
"=""xổ số kiến thiết miền bắc hôm qua""","=""22200""","=""0""","=""8""","=""Low""","=""false"""
"=""xổ số long an bốn đài""","=""22200""","=""0""","=""6""","=""Low""","=""false"""
"=""xổ số long an tuần rồi""","=""22200""","=""0""","=""6""","=""Low""","=""false"""
"=""xổ số mb hôm nay""","=""22200""","=""0""","=""5""","=""Low""","=""false"""
"=""xổ số minh ngọc ngày hôm nay""","=""22200""","=""0""","=""7""","=""Low""","=""false"""
"=""xổ số miền bắc 60 ngày""","=""22200""","=""0""","=""6""","=""Low""","=""false"""
"=""xổ số miền bắc bữa nay""","=""22200""","=""0""","=""6""","=""Low""","=""false"""
"=""xổ số miền bắc một tháng""","=""22200""","=""0""","=""6""","=""Low""","=""false"""
"=""xổ số miền nam bắc""","=""22200""","=""0""","=""5""","=""Low""","=""false"""
"=""xổ số miền nam thứ ba tuần trước""","=""22200""","=""0""","=""8""","=""Low""","=""false"""
"=""xổ số miền nam thứ hai tuần trước""","=""22200""","=""0""","=""8""","=""Low""","=""false"""
"=""xổ số miền trung thứ""","=""22200""","=""0""","=""5""","=""Low""","=""false"""
"=""xổ số mn hôm nay""","=""22200""","=""0""","=""5""","=""Low""","=""false"""
"=""xổ số net""","=""22200""","=""0""","=""3""","=""Low""","=""false"""
"=""xổ số quảng bình hôm nay""","=""22200""","=""0""","=""6""","=""Low""","=""false"""
"=""xổ số thử miền nam hôm nay""","=""22200""","=""0""","=""7""","=""Low""","=""false"""
"=""xổ số tiền giang hàng tuần""","=""22200""","=""0""","=""6""","=""Low""","=""false"""
"=""xổ số trực tiếp ba miền""","=""22200""","=""0""","=""6""","=""Low""","=""false"""
"=""xổ số trực tiếp miền bắc minh ngọc""","=""22200""","=""0""","=""8""","=""Low""","=""false"""
"=""xổ số đồng nai hàng tuần""","=""22200""","=""0""","=""6""","=""Low""","=""false"""
"=""xổ số ninh thuận hôm nay""","=""22200""","=""0""","=""6""","=""Low""","=""false"""
"=""xổ số hôm ny""","=""22200""","=""0""","=""4""","=""Low""","=""false"""
"=""xổ số tra vinh""","=""22200""","=""0""","=""4""","=""Low""","=""false"""
"=""xổ số thử""","=""18100""","=""0""","=""3""","=""Low""","=""false"""
"=""xổ số thứ tư miền nam""","=""18100""","=""0""","=""6""","=""Low""","=""false"""
"=""xo so dong thap""","=""18100""","=""0""","=""4""","=""Low""","=""false"""
"=""xo so ha noi""","=""18100""","=""0""","=""4""","=""Low""","=""false"""
"=""xo so hau giang""","=""18100""","=""0""","=""4""","=""Low""","=""false"""
"=""xo so miền bắc""","=""18100""","=""0""","=""4""","=""Low""","=""false"""
"=""xo so tay ninh""","=""18100""","=""0""","=""4""","=""Low""","=""false"""
"=""xo so thu 3""","=""18100""","=""0""","=""4""","=""Low""","=""false"""
"=""xo so thu 4""","=""18100""","=""0""","=""4""","=""Low""","=""false"""
"=""xo so thu 6""","=""18100""","=""0""","=""4""","=""Low""","=""false"""
"=""xổ số 3 miền hôm nay""","=""18100""","=""0""","=""6""","=""Low""","=""false"""
"=""xổ số cần thơ tuần rồi""","=""18100""","=""0""","=""6""","=""Low""","=""false"""
"=""xổ số hàng tuần""","=""18100""","=""0""","=""4""","=""Low""","=""false"""
"=""xổ số hôm nay xổ số hôm nay""","=""18100""","=""0""","=""8""","=""Low""","=""false"""
"=""xổ số kiến thiết bữa nay""","=""18100""","=""0""","=""6""","=""Low""","=""false"""
"=""xổ số kiến thiết miền nam hôm qua""","=""18100""","=""0""","=""8""","=""Low""","=""false"""
"=""xổ số long an hậu giang""","=""18100""","=""0""","=""6""","=""Low""","=""false"""
"=""xổ số miền bắc 30""","=""18100""","=""0""","=""5""","=""Low""","=""false"""
"=""xổ số miền bắc tuần rồi""","=""18100""","=""0""","=""6""","=""Low""","=""false"""
"=""xổ số miền nam chủ nhật tuần trước""","=""18100""","=""0""","=""8""","=""Low""","=""false"""
"=""xổ số miền nam minh ngọc trực tiếp""","=""18100""","=""0""","=""8""","=""Low""","=""true"""
"=""xổ số miền nam miền bắc hôm nay""","=""18100""","=""0""","=""8""","=""Low""","=""false"""
"=""xổ số miền nam quay thử""","=""18100""","=""0""","=""6""","=""Low""","=""false"""
"=""xổ số miền nam trực tiếp minh ngọc""","=""18100""","=""0""","=""8""","=""Low""","=""false"""
"=""xổ số miền trung bữa nay""","=""18100""","=""0""","=""6""","=""Low""","=""false"""
"=""xổ số miền trung thứ 3""","=""18100""","=""0""","=""6""","=""Low""","=""true"""
"=""xổ số mình ngọc""","=""18100""","=""0""","=""4""","=""Low""","=""false"""
"=""xổ số ngày chủ nhật""","=""18100""","=""0""","=""5""","=""Low""","=""false"""
"=""xổ số thành phố hôm nay""","=""18100""","=""0""","=""6""","=""Low""","=""false"""
"=""xổ số thứ tư tuần trước""","=""18100""","=""0""","=""6""","=""Low""","=""false"""
"=""xổ số vietlott 6 55""","=""18100""","=""0.89""","=""5""","=""Low""","=""false"""
"=""xổ số vũng tàu hàng tuần""","=""18100""","=""0""","=""6""","=""Low""","=""false"""
"=""xổ số đài""","=""18100""","=""0""","=""3""","=""Low""","=""false"""
"=""xổ số đại nam""","=""18100""","=""0""","=""4""","=""Low""","=""false"""
"=""xổ số chủ nhật tuần trước""","=""18100""","=""0""","=""6""","=""Low""","=""false"""
"=""xổ số quảng nam hôm nay""","=""18100""","=""0""","=""6""","=""Low""","=""false"""
"=""xổ số hà nội tối nay""","=""14800""","=""0""","=""6""","=""Low""","=""false"""
"=""xổ số thử hôm nay""","=""14800""","=""0""","=""5""","=""Low""","=""false"""
"=""xổ số miền nam ba đài hôm nay""","=""14800""","=""0""","=""8""","=""Low""","=""false"""
"=""xổ số miền nam hôm nay trực tiếp""","=""14800""","=""0""","=""8""","=""Low""","=""false"""
"=""xổ số trực tiếp ngày hôm nay""","=""14800""","=""0""","=""7""","=""Low""","=""false"""
"=""xổ số hà nội xổ số hà nội""","=""14800""","=""0""","=""8""","=""Low""","=""false"""
"=""xo so ben tre""","=""14800""","=""0""","=""4""","=""Low""","=""false"""
"=""xo so mien bac thu 5""","=""14800""","=""0""","=""6""","=""Low""","=""false"""
"=""xo so minh ngoc hom nay""","=""14800""","=""0""","=""6""","=""Low""","=""false"""
"=""xo so truc tiep mien nam""","=""14800""","=""0""","=""6""","=""Low""","=""false"""
"=""xổ số ba đài miền nam""","=""14800""","=""0""","=""6""","=""Low""","=""false"""
"=""xổ số bình phước hôm nay""","=""14800""","=""0""","=""6""","=""Low""","=""false"""
"=""xổ số chủ nhật miền nam""","=""14800""","=""0""","=""6""","=""Low""","=""false"""
"=""xổ số hà nội thứ bảy hàng tuần""","=""14800""","=""0""","=""8""","=""Low""","=""false"""
"=""xổ số hà nội thứ năm hàng tuần""","=""14800""","=""0""","=""8""","=""Low""","=""false"""
"=""xổ số hà nội thứ sáu hàng tuần""","=""14800""","=""0""","=""8""","=""Low""","=""false"""
"=""xổ số hà nội thứ tư hàng tuần""","=""14800""","=""0""","=""8""","=""Low""","=""false"""
"=""xổ số khánh hòa 30 ngày""","=""14800""","=""0""","=""6""","=""Low""","=""false"""
"=""xổ số khánh hòa thứ tư""","=""14800""","=""0""","=""6""","=""Low""","=""false"""
"=""xổ số kiến thiết gia lai hôm nay""","=""14800""","=""0""","=""8""","=""Low""","=""false"""
"=""xổ số kiến thiết khánh hòa hôm nay""","=""14800""","=""0""","=""8""","=""Low""","=""false"""
"=""xổ số kiến thiết quảng nam""","=""14800""","=""0""","=""6""","=""Low""","=""false"""
"=""xổ số kiến thiết tỉnh miền nam""","=""14800""","=""0""","=""7""","=""Low""","=""false"""
"=""xổ số minh ngọc hôm qua""","=""14800""","=""0""","=""6""","=""Low""","=""false"""
"=""xổ số minh ngọc nhanh nhất""","=""14800""","=""0""","=""6""","=""Low""","=""false"""
"=""xổ số miền bắc 300 ngày""","=""14800""","=""0""","=""6""","=""Low""","=""false"""
"=""xổ số miền bắc 500 ngày""","=""14800""","=""0""","=""6""","=""Low""","=""false"""
"=""xổ số miền bắc hôm nay minh ngọc""","=""14800""","=""0""","=""8""","=""Low""","=""false"""
"=""xổ số miền bắc minh ngọc hôm nay""","=""14800""","=""0""","=""8""","=""Low""","=""false"""
"=""xổ số miền bắc ngày thứ ba""","=""14800""","=""0""","=""7""","=""Low""","=""false"""
"=""xổ số miền bắc ngày thứ bảy""","=""14800""","=""0""","=""7""","=""Low""","=""false"""
"=""xổ số miền bắc ngày thứ hai""","=""14800""","=""0""","=""7""","=""Low""","=""false"""
"=""xổ số miền bắc ngày thứ năm""","=""14800""","=""0""","=""7""","=""Low""","=""false"""
"=""xổ số miền nam ba miền""","=""14800""","=""0""","=""6""","=""Low""","=""false"""
"=""xổ số miền nam mới nhất""","=""14800""","=""0""","=""6""","=""Low""","=""false"""
"=""xổ số miền trung hôm""","=""14800""","=""0""","=""5""","=""Low""","=""false"""
"=""xổ số miền trung thứ 2""","=""14800""","=""0""","=""6""","=""Low""","=""false"""
"=""xổ số miền trung thứ 4""","=""14800""","=""0""","=""6""","=""Low""","=""false"""
"=""xổ số ngày thứ bảy""","=""14800""","=""0""","=""5""","=""Low""","=""false"""
"=""xổ số thành phố hồ chí minh hôm nay""","=""14800""","=""0""","=""9""","=""Low""","=""false"""
"=""xổ số thứ ba miền nam""","=""14800""","=""0""","=""6""","=""Low""","=""true"""
"=""xổ số xổ số miền bắc""","=""14800""","=""0""","=""6""","=""Low""","=""false"""
"=""xổ số đài thành phố""","=""14800""","=""0""","=""5""","=""Low""","=""false"""
"=""xổ số cần thơ sóc trăng""","=""14800""","=""0""","=""6""","=""Low""","=""false"""
"=""xổ số dlk""","=""14800""","=""0""","=""3""","=""Low""","=""true"""
"=""xổ số tp hcm hôm nay""","=""14800""","=""0""","=""6""","=""Low""","=""false"""
"=""xổ số miền nam bữa thứ tư""","=""12100""","=""0""","=""7""","=""Low""","=""false"""
"=""xo so hom qua""","=""12100""","=""0""","=""4""","=""Low""","=""false"""
"=""xo so thu 7""","=""12100""","=""0""","=""4""","=""Low""","=""false"""
"=""xổ số 888""","=""12100""","=""1.08""","=""3""","=""Low""","=""false"""
"=""xổ số hà nội chủ nhật""","=""12100""","=""0""","=""6""","=""Low""","=""false"""
"=""xổ số hà nội chủ nhật hàng tuần""","=""12100""","=""0""","=""8""","=""Low""","=""false"""
"=""xổ số hà nội thứ ba""","=""12100""","=""0""","=""6""","=""Low""","=""false"""
"=""xổ số hà nội thứ năm""","=""12100""","=""0""","=""6""","=""Low""","=""false"""
"=""xổ số hà nội thứ sáu""","=""12100""","=""0""","=""6""","=""Low""","=""false"""
"=""xổ số hà nội thứ tư""","=""12100""","=""0""","=""6""","=""Low""","=""false"""
"=""xổ số hôm nay miền bắc hôm nay""","=""12100""","=""0""","=""8""","=""Low""","=""false"""
"=""xổ số hôm nay miền nam hôm nay""","=""12100""","=""0""","=""8""","=""Low""","=""false"""
"=""xổ số khánh hòa chủ nhật""","=""12100""","=""0""","=""6""","=""Low""","=""false"""
"=""xổ số kiến thiết miền trung ngày hôm nay""","=""12100""","=""0""","=""9""","=""Low""","=""false"""
"=""xổ số kiến thiết ngày hôm qua""","=""12100""","=""0""","=""7""","=""Low""","=""false"""
"=""xổ số kiến thiết đà nẵng hôm nay""","=""12100""","=""0""","=""8""","=""Low""","=""false"""
"=""xổ số minh chính miền bắc""","=""12100""","=""0""","=""6""","=""Low""","=""false"""
"=""xổ số minh chính miền nam""","=""12100""","=""0""","=""6""","=""Low""","=""false"""
"=""xổ số miền băc""","=""12100""","=""0""","=""4""","=""Low""","=""false"""
"=""xổ số miền bắc 100 ngày 200 ngày""","=""12100""","=""0""","=""8""","=""Low""","=""false"""
"=""xổ số miền bắc 30 ngày gần đây""","=""12100""","=""0""","=""8""","=""Low""","=""false"""
"=""xổ số miền bắc minh chính""","=""12100""","=""0""","=""6""","=""Low""","=""false"""
"=""xổ số miền bắc miền nam""","=""12100""","=""0""","=""6""","=""Low""","=""false"""
"=""xổ số miền bắc ngày nay""","=""12100""","=""0""","=""6""","=""Low""","=""false"""
"=""xổ số miền bắc ngày thứ tư""","=""12100""","=""0""","=""7""","=""Low""","=""false"""
"=""xổ số miền bắc thứ 2""","=""12100""","=""0""","=""6""","=""Low""","=""false"""
"=""xổ số miền bắc thứ 3""","=""12100""","=""0""","=""6""","=""Low""","=""false"""
"=""xổ số miền bắc thứ 4""","=""12100""","=""0""","=""6""","=""Low""","=""false"""
"=""xổ số miền bắc thứ 5""","=""12100""","=""0""","=""6""","=""Low""","=""false"""
"=""xổ số miền bắc thứ 6""","=""12100""","=""0""","=""6""","=""Low""","=""false"""
"=""xổ số miền bắc thứ 7""","=""12100""","=""0""","=""6""","=""Low""","=""false"""
"=""xổ số miền bắc thứ bảy tuần trước""","=""12100""","=""0""","=""8""","=""Low""","=""false"""
"=""xổ số miền bắc thứ sáu tuần trước""","=""12100""","=""0""","=""8""","=""Low""","=""false"""
"=""xổ số miền bắc thứ tư tuần trước""","=""12100""","=""0""","=""8""","=""Low""","=""false"""
"=""xổ số miền bắc trong 30 ngày""","=""12100""","=""0""","=""7""","=""Low""","=""false"""
"=""xổ số miền bắc trong tuần""","=""12100""","=""0""","=""6""","=""Low""","=""false"""
"=""xổ số miền nam bữa chủ nhật""","=""12100""","=""0""","=""7""","=""Low""","=""false"""
"=""xổ số miền nam bữa thứ ba""","=""12100""","=""0""","=""7""","=""Low""","=""false"""
"=""xổ số miền nam bữa thứ bảy""","=""12100""","=""0""","=""7""","=""Low""","=""false"""
"=""xổ số miền nam bữa thứ hai""","=""12100""","=""0""","=""7""","=""Low""","=""false"""
"=""xổ số miền nam bữa thứ năm""","=""12100""","=""0""","=""7""","=""Low""","=""false"""
"=""xổ số miền nam bữa thứ sáu""","=""12100""","=""0""","=""7""","=""Low""","=""false"""
"=""xổ số miền nam chiều hôm nay""","=""12100""","=""0""","=""7""","=""Low""","=""false"""
"=""xổ số miền nam phương trang""","=""12100""","=""0""","=""6""","=""Low""","=""false"""
"=""xổ số miền nam thứ chủ nhật""","=""12100""","=""0""","=""7""","=""Low""","=""false"""
"=""xổ số miền nam xổ số""","=""12100""","=""0""","=""6""","=""Low""","=""false"""
"=""xổ số miền trung ngày""","=""12100""","=""0""","=""5""","=""Low""","=""false"""
"=""xổ số ngày""","=""12100""","=""0""","=""3""","=""Low""","=""false"""
"=""xổ số ngày thứ ba""","=""12100""","=""0""","=""5""","=""Low""","=""true"""
"=""xổ số ngày thứ sáu""","=""12100""","=""0""","=""5""","=""Low""","=""false"""
"=""xổ số ngày thứ tư""","=""12100""","=""0""","=""5""","=""Low""","=""false"""
"=""xổ số quảng trị hôm nay""","=""12100""","=""0""","=""6""","=""Low""","=""false"""
"=""xổ số sóc trăng hàng tuần""","=""12100""","=""0""","=""6""","=""Low""","=""false"""
"=""xổ số thành phố thứ bảy""","=""12100""","=""0""","=""6""","=""Low""","=""false"""
"=""xổ số thành phố thứ hai""","=""12100""","=""0""","=""6""","=""Low""","=""false"""
"=""xổ số thừa thiên huế hôm nay""","=""12100""","=""0""","=""7""","=""Low""","=""false"""
"=""xổ số tuần rồi""","=""12100""","=""0""","=""4""","=""Low""","=""false"""
"=""xổ số tổng hợp""","=""12100""","=""0""","=""4""","=""Low""","=""false"""
"=""xổ số vietlott 6 45""","=""12100""","=""0""","=""5""","=""Low""","=""false"""
"=""xổ số vietlott minh ngọc""","=""12100""","=""0.63""","=""5""","=""Low""","=""false"""
"=""xổ số đà nẵng 30 ngày""","=""12100""","=""0""","=""6""","=""Low""","=""false"""
"=""xổ số chủ nhật miền trung""","=""12100""","=""0""","=""6""","=""Low""","=""false"""
"=""xổ số huế hôm nay""","=""12100""","=""0""","=""5""","=""Low""","=""false"""
"=""xổ số mega hôm nay""","=""12100""","=""0""","=""5""","=""Low""","=""false"""
"=""xổ số vietlott power""","=""12100""","=""1.06""","=""4""","=""Low""","=""false"""
"=""xổ số ngày thứ hai""","=""12100""","=""0""","=""5""","=""Low""","=""false"""
"=""xổ số power hôm nay""","=""12100""","=""0""","=""5""","=""Low""","=""false"""
"=""xổ số vietlott hôm nay trực tiếp""","=""12100""","=""0.96""","=""7""","=""Low""","=""false"""
"=""xổ số lô tô""","=""12100""","=""0""","=""4""","=""Low""","=""false"""
"=""xổ số thần tài hôm nay""","=""9900""","=""0""","=""6""","=""Low""","=""false"""
"=""xổ số online""","=""9900""","=""1.54""","=""3""","=""Low""","=""false"""
"=""xổ số hà nội chiều nay""","=""9900""","=""0""","=""6""","=""Low""","=""false"""
"=""xo so binh phuoc""","=""9900""","=""0""","=""4""","=""Low""","=""false"""
"=""xo so mien""","=""9900""","=""0""","=""3""","=""Low""","=""false"""
"=""xo so thu do""","=""9900""","=""0""","=""4""","=""Low""","=""false"""
"=""xổ so mien nam""","=""9900""","=""0""","=""4""","=""Low""","=""false"""
"=""xổ số kiến thiết hồ chí minh hôm nay""","=""9900""","=""0""","=""9""","=""Low""","=""true"""
"=""xổ số kiến thiết miền bắc ngày hôm qua""","=""9900""","=""0""","=""9""","=""Low""","=""false"""
"=""xổ số kiến thiết miền nam chiều nay""","=""9900""","=""0""","=""8""","=""Low""","=""false"""
"=""xổ số kiến thiết phú yên hôm nay""","=""9900""","=""0""","=""8""","=""Low""","=""true"""
"=""xổ số minh ngọc chiều nay""","=""9900""","=""0""","=""6""","=""Low""","=""false"""
"=""xổ số minh ngọc chủ nhật""","=""9900""","=""0""","=""6""","=""Low""","=""false"""
"=""xổ số minh ngọc thứ 6""","=""9900""","=""0""","=""6""","=""Low""","=""false"""
"=""xổ số miền bắc 100 ngày gần nhất""","=""9900""","=""0""","=""8""","=""Low""","=""false"""
"=""xổ số miền bắc 30 ngày qua""","=""9900""","=""0""","=""7""","=""Low""","=""false"""
"=""xổ số miền bắc hôm nay trực tiếp""","=""9900""","=""0""","=""8""","=""Low""","=""false"""
"=""xổ số miền bắc mới nhất""","=""9900""","=""0""","=""6""","=""Low""","=""false"""
"=""xổ số miền bắc quay thử""","=""9900""","=""0""","=""6""","=""Low""","=""false"""
"=""xổ số miền bắc tra cứu""","=""9900""","=""0""","=""6""","=""Low""","=""false"""
"=""xổ số miền bắc trong tháng""","=""9900""","=""0""","=""6""","=""Low""","=""false"""
"=""xổ số miền bắc truyền thống""","=""9900""","=""0""","=""6""","=""Low""","=""false"""
"=""xổ số miền bắc trực tiếp minh ngọc""","=""9900""","=""0""","=""8""","=""Low""","=""false"""
"=""xổ số miền nam hôm nay thứ bảy""","=""9900""","=""0""","=""8""","=""Low""","=""false"""
"=""xổ số miền nam thứ ba hàng""","=""9900""","=""0""","=""7""","=""Low""","=""true"""
"=""xổ số miền nam xổ số miền bắc""","=""9900""","=""0""","=""8""","=""Low""","=""false"""
"=""xổ số miền trung ngày nay""","=""9900""","=""0""","=""6""","=""Low""","=""false"""
"=""xổ số miền trung thứ 6 hàng tuần""","=""9900""","=""0""","=""8""","=""Low""","=""false"""
"=""xổ số thứ""","=""9900""","=""0""","=""3""","=""Low""","=""false"""
"=""xổ số thứ 3""","=""9900""","=""0""","=""4""","=""Low""","=""true"""
"=""xổ số thứ 4""","=""9900""","=""0""","=""4""","=""Low""","=""false"""
"=""xổ số thứ 6""","=""9900""","=""0""","=""4""","=""Low""","=""false"""
"=""xổ số thứ tư miền bắc""","=""9900""","=""0""","=""6""","=""Low""","=""false"""
"=""xổ số đài trung hôm nay""","=""9900""","=""0""","=""6""","=""Low""","=""false"""
"=""xổ số an giang thứ năm hàng tuần""","=""9900""","=""0""","=""8""","=""Low""","=""false"""
"=""xổ số 789 link arya88vietnam com""","=""9900""","=""0""","=""6""","=""Low""","=""false"""
"=""xổ số miền trung cn""","=""9900""","=""0""","=""5""","=""Low""","=""false"""
"=""xổ số đắc lắc""","=""9900""","=""0""","=""4""","=""Low""","=""false"""
"=""xổ số tiền giang chủ nhật hàng tuần""","=""9900""","=""0""","=""8""","=""Low""","=""false"""
"=""xổ số tphcm""","=""9900""","=""0""","=""3""","=""Low""","=""false"""
"=""xổ số trà vinh hàng tuần""","=""9900""","=""0""","=""6""","=""Low""","=""false"""
"=""xổ số vietlott mega""","=""9900""","=""1.03""","=""4""","=""Low""","=""false"""
"=""xô sô miên bac""","=""8100""","=""0""","=""4""","=""Low""","=""false"""
"=""xổ số hà nội bữa nay""","=""8100""","=""0""","=""6""","=""Low""","=""false"""
"=""xo so minhngoc""","=""8100""","=""0""","=""3""","=""Low""","=""false"""
"=""xo so miên nam""","=""8100""","=""0""","=""4""","=""Low""","=""false"""
"=""xổ số 666""","=""8100""","=""2.19""","=""3""","=""Low""","=""false"""
"=""xổ số bà rịa vũng tàu hôm nay""","=""8100""","=""0""","=""8""","=""Low""","=""true"""
"=""xổ số cần thơ 30 ngày""","=""8100""","=""0""","=""6""","=""Low""","=""false"""
"=""xổ số cần thơ thứ tư hàng tuần""","=""8100""","=""0""","=""8""","=""Low""","=""false"""
"=""xổ số khánh hòa hôm qua""","=""8100""","=""0""","=""6""","=""Low""","=""false"""
"=""xổ số khánh hòa ngày hôm nay""","=""8100""","=""0""","=""7""","=""Low""","=""false"""
"=""xổ số kiến thiết ba miền hôm nay""","=""8100""","=""0""","=""8""","=""Low""","=""false"""
"=""xổ số kiến thiết miền nam minh ngọc""","=""8100""","=""0""","=""8""","=""Low""","=""false"""
"=""xổ số kiến thiết ngày nay""","=""8100""","=""0""","=""6""","=""Low""","=""false"""
"=""xổ số kon tum 30 ngày""","=""8100""","=""0""","=""6""","=""Low""","=""false"""
"=""xổ số minh ngọc trực tiếp miền nam""","=""8100""","=""0""","=""8""","=""Low""","=""false"""
"=""xổ số minh ngọc xổ số minh ngọc""","=""8100""","=""0""","=""8""","=""Low""","=""false"""
"=""xổ số miền bắc 10 ngày""","=""8100""","=""0""","=""6""","=""Low""","=""false"""
"=""xổ số miền bắc chấm net""","=""8100""","=""0""","=""6""","=""Low""","=""false"""
"=""xổ số miền bắc hồi hôm""","=""8100""","=""0""","=""6""","=""Low""","=""false"""
"=""xổ số miền bắc hồi tối""","=""8100""","=""0""","=""6""","=""Low""","=""false"""
"=""xổ số miền bắc mỗi ngày""","=""8100""","=""0""","=""6""","=""Low""","=""false"""
"=""xổ số miền bắc theo năm""","=""8100""","=""0""","=""6""","=""Low""","=""false"""
"=""xổ số miền bắc thứ ba hàng""","=""8100""","=""0""","=""7""","=""Low""","=""true"""
"=""xổ số miền bắc tối hôm nay""","=""8100""","=""0""","=""7""","=""Low""","=""false"""
"=""xổ số miền bắc xổ số""","=""8100""","=""0""","=""6""","=""Low""","=""false"""
"=""xổ số miền miền nam""","=""8100""","=""0""","=""5""","=""Low""","=""false"""
"=""xổ số miền nam chủ nhật hàng""","=""8100""","=""0""","=""7""","=""Low""","=""false"""
"=""xổ số miền nam chủ nhật minh ngọc""","=""8100""","=""0""","=""8""","=""Low""","=""false"""
"=""xổ số miền nam hôm nay chủ nhật""","=""8100""","=""0""","=""8""","=""Low""","=""false"""
"=""xổ số miền nam hôm nay hôm nay""","=""8100""","=""0""","=""8""","=""Low""","=""false"""
"=""xổ số miền nam miền nam""","=""8100""","=""0""","=""6""","=""Low""","=""false"""
"=""xổ số miền nam mỗi ngày""","=""8100""","=""0""","=""6""","=""Low""","=""false"""
"=""xổ số miền nam thứ 5 hàng tuần""","=""8100""","=""0""","=""8""","=""Low""","=""false"""
"=""xổ số miền nam thứ 6 hàng tuần""","=""8100""","=""0""","=""8""","=""Low""","=""false"""
"=""xổ số miền nam thứ ba minh ngọc""","=""8100""","=""0""","=""8""","=""Low""","=""false"""
"=""xổ số miền nam thứ hai minh ngọc""","=""8100""","=""0""","=""8""","=""Low""","=""true"""
"=""xổ số miền nam thứ sáu hàng""","=""8100""","=""0""","=""7""","=""Low""","=""false"""
"=""xổ số miền nam thứ sáu minh ngọc""","=""8100""","=""0""","=""8""","=""Low""","=""false"""
"=""xổ số miền nam thứ tư hàng""","=""8100""","=""0""","=""7""","=""Low""","=""false"""
"=""xổ số miền nam thứ tư minh ngọc""","=""8100""","=""0""","=""8""","=""Low""","=""false"""
"=""xổ số miền nam trong tuần""","=""8100""","=""0""","=""6""","=""Low""","=""false"""
"=""xổ số miền nam tuần trước""","=""8100""","=""0""","=""6""","=""Low""","=""false"""
"=""xổ số miền trung thứ 3 hàng tuần""","=""8100""","=""0""","=""8""","=""Low""","=""false"""
"=""xổ số miền xổ số miền nam""","=""8100""","=""0""","=""7""","=""Low""","=""false"""
"=""xổ số mt hôm nay""","=""8100""","=""0""","=""5""","=""Low""","=""false"""
"=""xổ số quay thử miền nam""","=""8100""","=""0""","=""6""","=""Low""","=""false"""
"=""xổ số thủ đô hôm nay""","=""8100""","=""0""","=""6""","=""Low""","=""false"""
"=""xổ số thử miền bắc hôm nay""","=""8100""","=""0""","=""7""","=""Low""","=""false"""
"=""xổ số tiền giang 30 ngày""","=""8100""","=""0""","=""6""","=""Low""","=""false"""
"=""xổ số trà vinh tuần rồi""","=""8100""","=""0""","=""6""","=""Low""","=""false"""
"=""xổ số trực tiếp minh ngọc miền nam""","=""8100""","=""0""","=""8""","=""Low""","=""false"""
"=""xổ số tây ninh 30 ngày""","=""8100""","=""0""","=""6""","=""Low""","=""false"""
"=""xổ số tây ninh tuần rồi""","=""8100""","=""0""","=""6""","=""Low""","=""false"""
"=""xổ số vũng tàu 30 ngày""","=""8100""","=""0""","=""6""","=""Low""","=""false"""
"=""xổ số điện toán 123""","=""8100""","=""0""","=""5""","=""Low""","=""false"""
"=""xổ số đài bắc hôm qua""","=""8100""","=""0""","=""6""","=""Low""","=""false"""
"=""xổ số đài hôm nay""","=""8100""","=""0""","=""5""","=""Low""","=""false"""
"=""xổ số đài miền nam ngày hôm nay""","=""8100""","=""0""","=""8""","=""Low""","=""false"""
"=""xổ số đài nam hôm nay""","=""8100""","=""0""","=""6""","=""Low""","=""false"""
"=""xổ số đại phát miền bắc""","=""8100""","=""0""","=""6""","=""Low""","=""false"""
"=""xổ số ba miền ngày hôm nay""","=""8100""","=""0""","=""7""","=""Low""","=""false"""
"=""xổ số cà mau hàng tuần""","=""8100""","=""0""","=""6""","=""Low""","=""false"""
"=""xổ số chủ nhật miền bắc""","=""8100""","=""0""","=""6""","=""Low""","=""false"""
"=""xổ số com""","=""8100""","=""0""","=""3""","=""Low""","=""false"""
"=""xổ số daklak hôm nay""","=""8100""","=""0""","=""5""","=""Low""","=""false"""
"=""xổ số phương trang miền nam""","=""8100""","=""0""","=""6""","=""Low""","=""false"""
"=""xổ số xổ số miền trung""","=""8100""","=""0""","=""6""","=""Low""","=""false"""
"=""xổ số hôm quả""","=""6600""","=""0""","=""4""","=""Low""","=""false"""
"=""xo so than tai mn""","=""6600""","=""0""","=""5""","=""Low""","=""false"""
"=""xo so mien nam thu 3""","=""6600""","=""0""","=""6""","=""Low""","=""false"""
"=""xo so minh ngoc mien bac""","=""6600""","=""0""","=""6""","=""Low""","=""false"""
"=""xo so mn hom nay""","=""6600""","=""0""","=""5""","=""Low""","=""false"""
"=""xo so online""","=""6600""","=""2.05""","=""3""","=""Low""","=""false"""
"=""xo số mb""","=""6600""","=""0""","=""3""","=""Low""","=""false"""
"=""xổ số 24h""","=""6600""","=""0""","=""3""","=""Low""","=""false"""
"=""xổ số ba miền xổ số ba miền""","=""6600""","=""0""","=""8""","=""Low""","=""false"""
"=""xổ số bốn đài""","=""6600""","=""0""","=""4""","=""Low""","=""false"""
"=""xổ số chiều hôm nay""","=""6600""","=""0""","=""5""","=""Low""","=""false"""
"=""xổ số chấm net""","=""6600""","=""0""","=""4""","=""Low""","=""false"""
"=""xổ số chủ nhật hôm nay""","=""6600""","=""0""","=""6""","=""Low""","=""false"""
"=""xổ số hà nội ngày hôm qua""","=""6600""","=""0""","=""7""","=""Low""","=""false"""
"=""xổ số hà nội thứ tư tuần rồi""","=""6600""","=""0""","=""8""","=""Low""","=""false"""
"=""xổ số kiến thiết kiên giang hôm nay""","=""6600""","=""0""","=""8""","=""Low""","=""false"""
"=""xổ số kiến thiết minh ngọc hôm nay""","=""6600""","=""0""","=""8""","=""Low""","=""false"""
"=""xổ số kiến thiết miền trung hôm qua""","=""6600""","=""0""","=""8""","=""Low""","=""false"""
"=""xổ số kiến thiết đài miền bắc""","=""6600""","=""0""","=""7""","=""Low""","=""false"""
"=""xổ số kiến thiết đài miền nam hôm nay""","=""6600""","=""0""","=""9""","=""Low""","=""false"""
"=""xổ số minh ngọc hôm nay miền nam""","=""6600""","=""0""","=""8""","=""Low""","=""false"""
"=""xổ số minh ngọc thứ 5""","=""6600""","=""0""","=""6""","=""Low""","=""false"""
"=""xổ số miền bắc miền bắc""","=""6600""","=""0""","=""6""","=""Low""","=""false"""
"=""xổ số miền bắc thứ tư hàng""","=""6600""","=""0""","=""7""","=""Low""","=""false"""
"=""xổ số miền bắc tuần trước""","=""6600""","=""0""","=""6""","=""Low""","=""false"""
"=""xổ số miền bắc xổ số miền nam""","=""6600""","=""0""","=""8""","=""Low""","=""false"""
"=""xổ số miền bắc đêm hôm""","=""6600""","=""0""","=""6""","=""Low""","=""false"""
"=""xổ số miền miền bắc""","=""6600""","=""0""","=""5""","=""Low""","=""false"""
"=""xổ số miền nam hôm nay ba đài""","=""6600""","=""0""","=""8""","=""Low""","=""false"""
"=""xổ số miền nam hôm nay thứ ba""","=""6600""","=""0""","=""8""","=""Low""","=""true"""
"=""xổ số miền nam hôm nay thứ hai""","=""6600""","=""0""","=""8""","=""Low""","=""true"""
"=""xổ số miền nam hôm nay thứ sáu""","=""6600""","=""0""","=""8""","=""Low""","=""false"""
"=""xổ số miền nam hôm nay thứ tư""","=""6600""","=""0""","=""8""","=""Low""","=""false"""
"=""xổ số miền nam minh ngọc hom nay""","=""6600""","=""0""","=""8""","=""Low""","=""false"""
"=""xổ số miền nam thứ hai hàng""","=""6600""","=""0""","=""7""","=""Low""","=""false"""
"=""xổ số miền nam xổ số miền nam hôm nay""","=""6600""","=""0""","=""10""","=""Low""","=""false"""
"=""xổ số miền trung trực tiếp minh ngọc""","=""6600""","=""0""","=""8""","=""Low""","=""false"""
"=""xổ số thủ đô 30 ngày""","=""6600""","=""0""","=""6""","=""Low""","=""false"""
"=""xổ số thứ hai hàng tuần miền nam""","=""6600""","=""0""","=""8""","=""Low""","=""false"""
"=""xổ số thứ nam hàng tuần""","=""6600""","=""0""","=""6""","=""Low""","=""false"""
"=""xổ số thứ tư hàng tuần miền nam""","=""6600""","=""0""","=""8""","=""Low""","=""false"""
"=""xổ số tra cứu""","=""6600""","=""0""","=""4""","=""Low""","=""false"""
"=""xổ số truyền thống 30 ngày""","=""6600""","=""0""","=""6""","=""Low""","=""false"""
"=""xổ số trực tiếp 3 miền""","=""6600""","=""0""","=""6""","=""Low""","=""false"""
"=""xổ số trực tiếp đài miền nam""","=""6600""","=""0""","=""7""","=""Low""","=""false"""
"=""xổ số xổ số""","=""6600""","=""0""","=""4""","=""Low""","=""false"""
"=""xổ số điện toán hôm nay""","=""6600""","=""0""","=""6""","=""Low""","=""false"""
"=""xổ số minh ngọc thứ 7""","=""6600""","=""0""","=""6""","=""Low""","=""true"""
"=""xổ số khánh hòa hàng tuần""","=""6600""","=""0""","=""6""","=""Low""","=""false"""
"=""xổ số phú yên hàng tuần""","=""6600""","=""0""","=""6""","=""Low""","=""false"""
"=""xo so miễn nam""","=""5400""","=""0""","=""4""","=""Low""","=""false"""
"=""xo so com""","=""5400""","=""0""","=""3""","=""Low""","=""false"""
"=""xo so hom nay mien nam""","=""5400""","=""0""","=""6""","=""Low""","=""false"""
"=""xo so mien nam truc tiep""","=""5400""","=""0""","=""6""","=""Low""","=""false"""
"=""xo so miên bac""","=""5400""","=""0""","=""4""","=""Low""","=""false"""
"=""xo so mn thu 2""","=""5400""","=""0""","=""5""","=""Low""","=""false"""
"=""xo so mn thu 3""","=""5400""","=""0""","=""5""","=""Low""","=""false"""
"=""xo so mn thu 4""","=""5400""","=""0""","=""5""","=""Low""","=""false"""
"=""xo so mn thu 5""","=""5400""","=""0""","=""5""","=""Low""","=""false"""
"=""xo so mn thu 6""","=""5400""","=""0""","=""5""","=""Low""","=""false"""
"=""xo so tp""","=""5400""","=""0""","=""3""","=""Low""","=""false"""
"=""xo so truc tiep mien bac""","=""5400""","=""0""","=""6""","=""Low""","=""false"""
"=""xo so truyen thong""","=""5400""","=""0""","=""4""","=""Low""","=""false"""
"=""xổ số 3d""","=""5400""","=""0""","=""3""","=""Low""","=""false"""
"=""xổ số ba miền hôm qua""","=""5400""","=""0""","=""6""","=""Low""","=""false"""
"=""xổ số buổi chiều""","=""5400""","=""0""","=""4""","=""Low""","=""false"""
"=""xổ số bắc""","=""5400""","=""0""","=""3""","=""Low""","=""false"""
"=""xổ số bữa thứ tư""","=""5400""","=""0""","=""5""","=""Low""","=""false"""
"=""xổ số chiều hôm qua""","=""5400""","=""0""","=""5""","=""Low""","=""false"""
"=""xổ số chủ nhật hàng tuần miền nam""","=""5400""","=""0""","=""8""","=""Low""","=""false"""
"=""xổ số hà nội trực tiếp""","=""5400""","=""0""","=""6""","=""Low""","=""false"""
"=""xổ số hà nội đêm nay""","=""5400""","=""0""","=""6""","=""Low""","=""false"""
"=""xổ số hôm""","=""5400""","=""0""","=""3""","=""Low""","=""false"""
"=""xổ số hôm nay đài miền nam""","=""5400""","=""0""","=""7""","=""Low""","=""false"""
"=""xổ số hôm qua miền nam""","=""5400""","=""0""","=""6""","=""Low""","=""false"""
"=""xổ số kiến thiết hôm nay miền nam""","=""5400""","=""0""","=""8""","=""Low""","=""true"""
"=""xổ số kiến thiết miền""","=""5400""","=""0""","=""5""","=""Low""","=""false"""
"=""xổ số kiến thiết quảng nam hôm nay""","=""5400""","=""0""","=""8""","=""Low""","=""false"""
"=""xổ số kiến thiết trà vinh hôm nay""","=""5400""","=""0""","=""8""","=""Low""","=""false"""
"=""xổ số minh ngọc thứ 3""","=""5400""","=""0""","=""6""","=""Low""","=""true"""
"=""xổ số minh ngọc trực tiếp hôm nay""","=""5400""","=""0""","=""8""","=""Low""","=""false"""
"=""xổ số miền bắc bữa thứ tư""","=""5400""","=""0""","=""7""","=""Low""","=""false"""
"=""xổ số miền bắc ngày hôm""","=""5400""","=""0""","=""6""","=""Low""","=""false"""
"=""xổ số miền bắc theo tháng""","=""5400""","=""0""","=""6""","=""Low""","=""false"""
"=""xổ số miền bắc thứ 7 hàng tuần""","=""5400""","=""0""","=""8""","=""Low""","=""false"""
"=""xổ số miền bắc thứ sáu hàng""","=""5400""","=""0""","=""7""","=""Low""","=""false"""
"=""xổ số miền nam chủ nhật hàng tuần minh ngọc""","=""5400""","=""0""","=""10""","=""Low""","=""false"""
"=""xổ số miền nam hôm nay thứ năm""","=""5400""","=""0""","=""8""","=""Low""","=""false"""
"=""xổ số miền nam hồi chiều""","=""5400""","=""0""","=""6""","=""Low""","=""false"""
"=""xổ số miền nam ngày 11 tháng 11""","=""5400""","=""0""","=""8""","=""Low""","=""false"""
"=""xổ số miền nam ngày 12 tháng 9""","=""5400""","=""0""","=""8""","=""Low""","=""false"""
"=""xổ số miền nam ngày 22 tháng 11""","=""5400""","=""0""","=""8""","=""Low""","=""false"""
"=""xổ số miền nam ngày 28 tháng 8""","=""5400""","=""0""","=""8""","=""Low""","=""false"""
"=""xổ số miền nam ngày 6 tháng 9""","=""5400""","=""0""","=""8""","=""Low""","=""false"""
"=""xổ số miền nam ngày 8 tháng 3""","=""5400""","=""0""","=""8""","=""Low""","=""false"""
"=""xổ số miền nam ngày 8 tháng 9""","=""5400""","=""0""","=""8""","=""Low""","=""false"""
"=""xổ số miền nam ngày 9 tháng 8""","=""5400""","=""0""","=""8""","=""Low""","=""false"""
"=""xổ số miền nam thứ 2 hàng tuần""","=""5400""","=""0""","=""8""","=""Low""","=""false"""
"=""xổ số miền nam thứ 4 hàng tuần""","=""5400""","=""0""","=""8""","=""Low""","=""true"""
"=""xổ số miền nam thứ bảy hàng""","=""5400""","=""0""","=""7""","=""Low""","=""false"""
"=""xổ số miền nam trong 30 ngày""","=""5400""","=""0""","=""7""","=""Low""","=""false"""
"=""xổ số miền nam trực tiếp ngày hôm nay""","=""5400""","=""0""","=""9""","=""Low""","=""false"""
"=""xổ số miền trung hom nay""","=""5400""","=""0""","=""6""","=""Low""","=""false"""
"=""xổ số miền trung thứ 5 hàng tuần""","=""5400""","=""0""","=""8""","=""Low""","=""false"""
"=""xổ số miền trung đại phát""","=""5400""","=""0""","=""6""","=""Low""","=""false"""
"=""xổ số quay thử""","=""5400""","=""0""","=""4""","=""Low""","=""false"""
"=""xổ số thành phố 30 ngày""","=""5400""","=""0""","=""6""","=""Low""","=""false"""
"=""xổ số thứ tư ba đài""","=""5400""","=""0""","=""6""","=""Low""","=""true"""
"=""xổ số thứ tư hàng""","=""5400""","=""0""","=""5""","=""Low""","=""true"""
"=""xổ số thứ tư hôm nay""","=""5400""","=""0""","=""6""","=""Low""","=""false"""
"=""xổ số thứ tư miền nam hàng tuần""","=""5400""","=""0""","=""8""","=""Low""","=""true"""
"=""xổ số toàn quốc""","=""5400""","=""0""","=""4""","=""Low""","=""false"""
"=""xổ số trong ngày""","=""5400""","=""0""","=""4""","=""Low""","=""false"""
"=""xổ số trực tiếp ba đài""","=""5400""","=""0""","=""6""","=""Low""","=""false"""
"=""xổ số xổ số miền nam hôm nay""","=""5400""","=""0""","=""8""","=""Low""","=""false"""
"=""xổ số đài bắc ngày hôm nay""","=""5400""","=""0""","=""7""","=""Low""","=""false"""
"=""xổ số đài minh ngọc""","=""5400""","=""0""","=""5""","=""Low""","=""false"""
"=""xổ số ba miền bắc""","=""5400""","=""0""","=""5""","=""Low""","=""false"""
"=""xổ số bạc liêu hôm qua""","=""5400""","=""0""","=""6""","=""Low""","=""false"""
"=""xổ số bạc liêu tuần trước""","=""5400""","=""0""","=""6""","=""Low""","=""false"""
"=""xổ số miền nam cn""","=""5400""","=""0""","=""5""","=""Low""","=""false"""
"=""xổ số đắk nông hôm nay""","=""5400""","=""0""","=""6""","=""Low""","=""true"""
"=""xổ số gia lai ngày hôm nay""","=""5400""","=""0""","=""7""","=""Low""","=""false"""
"=""xổ số khánh hòa tuần trước""","=""5400""","=""0""","=""6""","=""Low""","=""false"""
"=""xổ số kon""","=""5400""","=""0""","=""3""","=""Low""","=""false"""
"=""xổ số phú yên ngày hôm nay""","=""5400""","=""0""","=""7""","=""Low""","=""false"""
"=""xổ số miền bắc hôm quả hôm nay""","=""4400""","=""0""","=""8""","=""Low""","=""false"""
"=""xo so 30 ngay""","=""4400""","=""0""","=""4""","=""Low""","=""false"""
"=""xo so kien thiet hom nay""","=""4400""","=""0""","=""6""","=""Low""","=""false"""
"=""xo so mb 30 ngay""","=""4400""","=""0""","=""5""","=""Low""","=""false"""
"=""xo so mb hom nay""","=""4400""","=""0""","=""5""","=""Low""","=""false"""
"=""xo so miền trung hôm nay""","=""4400""","=""0""","=""6""","=""Low""","=""false"""
"=""xo so mn minh ngoc""","=""4400""","=""0""","=""5""","=""Low""","=""false"""
"=""xo số mn""","=""4400""","=""0""","=""3""","=""Low""","=""false"""
"=""xổ số 3 đài""","=""4400""","=""0""","=""4""","=""Low""","=""false"""
"=""xổ số ba miền nam hôm nay""","=""4400""","=""0""","=""7""","=""Low""","=""false"""
"=""xổ số ba đài chiều nay""","=""4400""","=""0""","=""6""","=""Low""","=""false"""
"=""xổ số ba đài ngày hôm nay""","=""4400""","=""0""","=""7""","=""Low""","=""false"""
"=""xổ số bình""","=""4400""","=""0""","=""3""","=""Low""","=""false"""
"=""xổ số bình định ngày hôm nay""","=""4400""","=""0""","=""7""","=""Low""","=""false"""
"=""xổ số các tỉnh miền nam""","=""4400""","=""0""","=""6""","=""Low""","=""false"""
"=""xổ số dự đoán miền bắc""","=""4400""","=""0""","=""6""","=""Low""","=""false"""
"=""xổ số dự đoán miền nam""","=""4400""","=""0""","=""6""","=""Low""","=""false"""
"=""xổ số hà nội 30 ngày""","=""4400""","=""0""","=""6""","=""Low""","=""false"""
"=""xổ số hà nội hàng ngày""","=""4400""","=""0""","=""6""","=""Low""","=""false"""
"=""xổ số hà nội minh ngọc""","=""4400""","=""0""","=""6""","=""Low""","=""false"""
"=""xổ số hà nội tuần rồi""","=""4400""","=""0""","=""6""","=""Low""","=""false"""
"=""xổ số hà nội đêm hôm""","=""4400""","=""0""","=""6""","=""Low""","=""false"""
"=""xổ số hôm nay chủ nhật""","=""4400""","=""0""","=""6""","=""Low""","=""false"""
"=""xổ số hôm nay thứ bảy""","=""4400""","=""0""","=""6""","=""Low""","=""false"""
"=""xổ số hôm nay thứ hai""","=""4400""","=""0""","=""6""","=""Low""","=""true"""
"=""xổ số hải phòng""","=""4400""","=""0""","=""4""","=""Low""","=""false"""
"=""xổ số kiến thiết 3 miền""","=""4400""","=""0""","=""6""","=""Low""","=""false"""
"=""xổ số kiến thiết bình dương hôm nay""","=""4400""","=""0""","=""8""","=""Low""","=""false"""
"=""xổ số kiến thiết bình thuận hôm nay""","=""4400""","=""0""","=""8""","=""Low""","=""false"""
"=""xổ số kiến thiết miền nam ngày hôm qua""","=""4400""","=""0""","=""9""","=""Low""","=""false"""
"=""xổ số kiến thiết miền nam ngày nay""","=""4400""","=""0""","=""8""","=""Low""","=""false"""
"=""xổ số kiến thiết ngày""","=""4400""","=""0""","=""5""","=""Low""","=""false"""
"=""xổ số kiến thiết vĩnh long hôm nay""","=""4400""","=""0""","=""8""","=""Low""","=""false"""
"=""xổ số kiến thiết đà lạt hôm nay""","=""4400""","=""0""","=""8""","=""Low""","=""false"""
"=""xổ số minh ngọc net""","=""4400""","=""0""","=""5""","=""Low""","=""true"""
"=""xổ số minh ngọc thứ 2""","=""4400""","=""0""","=""6""","=""Low""","=""true"""
"=""xổ số minh ngọc thứ 4""","=""4400""","=""0""","=""6""","=""Low""","=""false"""
"=""xổ số minh ngọc thứ ba""","=""4400""","=""0""","=""6""","=""Low""","=""true"""
"=""xổ số minh ngọc thứ bảy""","=""4400""","=""0""","=""6""","=""Low""","=""false"""
"=""xổ số minh ngọc thứ hai""","=""4400""","=""0""","=""6""","=""Low""","=""false"""
"=""xổ số minh ngọc thứ tư""","=""4400""","=""0""","=""6""","=""Low""","=""false"""
"=""xổ số miền bắc bữa thứ ba""","=""4400""","=""0""","=""7""","=""Low""","=""false"""
"=""xổ số miền bắc chiều hôm nay""","=""4400""","=""0""","=""7""","=""Low""","=""false"""
"=""xổ số miền bắc cả tháng""","=""4400""","=""0""","=""6""","=""Low""","=""false"""
"=""xổ số miền bắc hàng tháng""","=""4400""","=""0""","=""6""","=""Low""","=""false"""
"=""xổ số miền bắc hôm nay chủ nhật""","=""4400""","=""0""","=""8""","=""Low""","=""false"""
"=""xổ số miền bắc minh ngọc trực tiếp""","=""4400""","=""0""","=""8""","=""Low""","=""false"""
"=""xổ số miền bắc net""","=""4400""","=""0""","=""5""","=""Low""","=""false"""
"=""xổ số miền bắc thứ hai hàng""","=""4400""","=""0""","=""7""","=""Low""","=""false"""
"=""xổ số miền bắc thứ năm hàng""","=""4400""","=""0""","=""7""","=""Low""","=""false"""
"=""xổ số miền bắc tối hôm qua""","=""4400""","=""0""","=""7""","=""Low""","=""false"""
"=""xổ số miền nam 1 tháng""","=""4400""","=""0""","=""6""","=""Low""","=""false"""
"=""xổ số miền nam chiều""","=""4400""","=""0""","=""5""","=""Low""","=""false"""
"=""xổ số miền nam chiều hôm qua""","=""4400""","=""0""","=""7""","=""Low""","=""false"""
"=""xổ số miền nam hàng tuần thứ hai""","=""4400""","=""0""","=""8""","=""Low""","=""false"""
"=""xổ số miền nam hàng tuần thứ năm""","=""4400""","=""0""","=""8""","=""Low""","=""false"""
"=""xổ số miền nam hàng tuần thứ tư""","=""4400""","=""0""","=""8""","=""Low""","=""false"""
"=""xổ số miền nam ngày 1 tháng 10""","=""4400""","=""0""","=""8""","=""Low""","=""false"""
"=""xổ số miền nam ngày 1 tháng 9""","=""4400""","=""0""","=""8""","=""Low""","=""false"""
"=""xổ số miền nam ngày 10 tháng 10""","=""4400""","=""0""","=""8""","=""Low""","=""false"""
"=""xổ số miền nam ngày 10 tháng 12""","=""4400""","=""0""","=""8""","=""Low""","=""false"""
"=""xổ số miền nam ngày 10 tháng 7""","=""4400""","=""0""","=""8""","=""Low""","=""false"""
"=""xổ số miền nam ngày 10 tháng 8""","=""4400""","=""0""","=""8""","=""Low""","=""false"""
"=""xổ số miền nam ngày 10 tháng 9""","=""4400""","=""0""","=""8""","=""Low""","=""false"""
"=""xổ số miền nam ngày 12 tháng 10""","=""4400""","=""0""","=""8""","=""Low""","=""false"""
"=""xổ số miền nam ngày 12 tháng 11""","=""4400""","=""0""","=""8""","=""Low""","=""false"""
"=""xổ số miền nam ngày 12 tháng 12""","=""4400""","=""0""","=""8""","=""Low""","=""false"""
"=""xổ số miền nam ngày 13 tháng 10""","=""4400""","=""0""","=""8""","=""Low""","=""false"""
"=""xổ số miền nam ngày 13 tháng 11""","=""4400""","=""0""","=""8""","=""Low""","=""false"""
"=""xổ số miền nam ngày 15 tháng 10""","=""4400""","=""0""","=""8""","=""Low""","=""false"""
"=""xổ số miền nam ngày 16 tháng 11""","=""4400""","=""0""","=""8""","=""Low""","=""false"""
"=""xổ số miền nam ngày 16 tháng 7""","=""4400""","=""0""","=""8""","=""Low""","=""false"""
"=""xổ số miền nam ngày 17""","=""4400""","=""0""","=""6""","=""Low""","=""false"""
"=""xổ số miền nam ngày 19 tháng 1""","=""4400""","=""0""","=""8""","=""Low""","=""false"""
"=""xổ số miền nam ngày 19 tháng 11""","=""4400""","=""0""","=""8""","=""Low""","=""false"""
"=""xổ số miền nam ngày 19 tháng 8""","=""4400""","=""0""","=""8""","=""Low""","=""false"""
"=""xổ số miền nam ngày 2 tháng 7""","=""4400""","=""0""","=""8""","=""Low""","=""false"""
"=""xổ số miền nam ngày 2 tháng 9""","=""4400""","=""0""","=""8""","=""Low""","=""false"""
"=""xổ số miền nam ngày 20 tháng 10""","=""4400""","=""0""","=""8""","=""Low""","=""false"""
"=""xổ số miền nam ngày 20 tháng 11""","=""4400""","=""0""","=""8""","=""Low""","=""false"""
"=""xổ số miền nam ngày 20 tháng 8""","=""4400""","=""0""","=""8""","=""Low""","=""false"""
"=""xổ số miền nam ngày 21""","=""4400""","=""0""","=""6""","=""Low""","=""false"""
"=""xổ số miền nam ngày 21 tháng 8""","=""4400""","=""0""","=""8""","=""Low""","=""false"""
"=""xổ số miền nam ngày 22""","=""4400""","=""0""","=""6""","=""Low""","=""false"""
"=""xổ số miền nam ngày 23""","=""4400""","=""0""","=""6""","=""Low""","=""false"""
"=""xổ số miền nam ngày 23 tháng 7""","=""4400""","=""0""","=""8""","=""Low""","=""false"""
"=""xổ số miền nam ngày 23 tháng 8""","=""4400""","=""0""","=""8""","=""Low""","=""false"""
"=""xổ số miền nam ngày 24""","=""4400""","=""0""","=""6""","=""Low""","=""false"""
"=""xổ số miền nam ngày 25""","=""4400""","=""0""","=""6""","=""Low""","=""false"""
"=""xổ số miền nam ngày 25 tháng 7""","=""4400""","=""0""","=""8""","=""Low""","=""false"""
"=""xổ số miền nam ngày 26""","=""4400""","=""0""","=""6""","=""Low""","=""true"""
"=""xổ số miền nam ngày 26 tháng 11""","=""4400""","=""0""","=""8""","=""Low""","=""false"""
"=""xổ số miền nam ngày 26 tháng 6""","=""4400""","=""0""","=""8""","=""Low""","=""true"""
"=""xổ số miền nam ngày 27""","=""4400""","=""0""","=""6""","=""Low""","=""false"""
"=""xổ số miền nam ngày 27 tháng 1""","=""4400""","=""0""","=""8""","=""Low""","=""false"""
"=""xổ số miền nam ngày 27 tháng 11""","=""4400""","=""0""","=""8""","=""Low""","=""false"""
"=""xổ số miền nam ngày 27 tháng 7""","=""4400""","=""0""","=""8""","=""Low""","=""false"""
"=""xổ số miền nam ngày 27 tháng 8""","=""4400""","=""0""","=""8""","=""Low""","=""false"""
"=""xổ số miền nam ngày 28""","=""4400""","=""0""","=""6""","=""Low""","=""false"""
"=""xổ số miền nam ngày 28 tháng 11""","=""4400""","=""0""","=""8""","=""Low""","=""false"""
"=""xổ số miền nam ngày 29 tháng 8""","=""4400""","=""0""","=""8""","=""Low""","=""false"""
"=""xổ số miền nam ngày 3 tháng 8""","=""4400""","=""0""","=""8""","=""Low""","=""false"""
"=""xổ số miền nam ngày 3 tháng 9""","=""4400""","=""0""","=""8""","=""Low""","=""false"""
"=""xổ số miền nam ngày 30 tháng 04""","=""4400""","=""0""","=""8""","=""Low""","=""false"""
"=""xổ số miền nam ngày 30 tháng 10""","=""4400""","=""0""","=""8""","=""Low""","=""false"""
"=""xổ số miền nam ngày 4 tháng 6""","=""4400""","=""0""","=""8""","=""Low""","=""true"""
"=""xổ số miền nam ngày 4 tháng 9""","=""4400""","=""0""","=""8""","=""Low""","=""false"""
"=""xổ số miền nam ngày 5 tháng 11""","=""4400""","=""0""","=""8""","=""Low""","=""false"""
"=""xổ số miền nam ngày 5 tháng 9""","=""4400""","=""0""","=""8""","=""Low""","=""false"""
"=""xổ số miền nam ngày 6 tháng 8""","=""4400""","=""0""","=""8""","=""Low""","=""false"""
"=""xổ số miền nam ngày 7 tháng 10""","=""4400""","=""0""","=""8""","=""Low""","=""false"""
"=""xổ số miền nam ngày 7 tháng 7""","=""4400""","=""0""","=""8""","=""Low""","=""false"""
"=""xổ số miền nam ngày 7 tháng 8""","=""4400""","=""0""","=""8""","=""Low""","=""false"""
"=""xổ số miền nam ngày 7 tháng 9""","=""4400""","=""0""","=""8""","=""Low""","=""false"""
"=""xổ số miền nam ngày 8 tháng 10""","=""4400""","=""0""","=""8""","=""Low""","=""false"""
"=""xổ số miền nam ngày 8 tháng 8""","=""4400""","=""0""","=""8""","=""Low""","=""false"""
"=""xổ số miền nam ngày 9 tháng 6""","=""4400""","=""0""","=""8""","=""Low""","=""true"""
"=""xổ số miền nam ngày 9 tháng 9""","=""4400""","=""0""","=""8""","=""Low""","=""false"""
"=""xổ số miền nam nhanh nhất""","=""4400""","=""0""","=""6""","=""Low""","=""false"""
"=""xổ số miền nam thu 4""","=""4400""","=""0""","=""6""","=""Low""","=""false"""
"=""xổ số miền nam xổ thử""","=""4400""","=""0""","=""6""","=""Low""","=""false"""
"=""xổ số nhanh nhất""","=""4400""","=""0""","=""4""","=""Low""","=""false"""
"=""xổ số phú yên hôm qua""","=""4400""","=""0""","=""6""","=""Low""","=""true"""
"=""xổ số quay thử miền bắc""","=""4400""","=""0""","=""6""","=""Low""","=""false"""
"=""xổ số thái bình""","=""4400""","=""0""","=""4""","=""Low""","=""false"""
"=""xổ số thứ hai hàng""","=""4400""","=""0""","=""5""","=""Low""","=""false"""
"=""xổ số tiền giang chủ nhật""","=""4400""","=""0""","=""6""","=""Low""","=""false"""
"=""xổ số trực tiếp chiều nay""","=""4400""","=""0""","=""6""","=""Low""","=""false"""
"=""xổ số trực tiếp hôm qua""","=""4400""","=""0""","=""6""","=""Low""","=""false"""
"=""xổ số trực tiếp minh ngọc hôm nay""","=""4400""","=""0""","=""8""","=""Low""","=""false"""
"=""xổ số gia lai hôm qua""","=""4400""","=""0""","=""6""","=""Low""","=""false"""
"=""xổ số gia lai thứ sáu""","=""4400""","=""0""","=""6""","=""Low""","=""false"""
"=""xổ số gia lai tuần trước""","=""4400""","=""0""","=""6""","=""Low""","=""false"""
"=""xổ số hôm nay long an""","=""4400""","=""0""","=""6""","=""Low""","=""false"""
"=""xổ số max 3d pro""","=""4400""","=""0""","=""5""","=""Low""","=""true"""
"=""xổ số phú yên thứ hai""","=""4400""","=""0""","=""6""","=""Low""","=""false"""
"=""xổ số phú yên tuần trước""","=""4400""","=""0""","=""6""","=""Low""","=""false"""
"=""xo so than tai mb""","=""3600""","=""0""","=""5""","=""Low""","=""false"""
"=""xo so 3""","=""3600""","=""0""","=""3""","=""Low""","=""false"""
"=""xo so 6 55""","=""3600""","=""0""","=""4""","=""Low""","=""false"""
"=""xo so kien thiet mien bac""","=""3600""","=""0""","=""6""","=""Low""","=""false"""
"=""xo so mb thu 2""","=""3600""","=""0""","=""5""","=""Low""","=""true"""
"=""xo so mb thu 3""","=""3600""","=""0""","=""5""","=""Low""","=""true"""
"=""xo so mb thu 4""","=""3600""","=""0""","=""5""","=""Low""","=""false"""
"=""xo so mb thu 5""","=""3600""","=""0""","=""5""","=""Low""","=""false"""
"=""xo so miền nam hôm nay""","=""3600""","=""0""","=""6""","=""Low""","=""false"""
"=""xo so quang tri""","=""3600""","=""0""","=""4""","=""Low""","=""false"""
"=""xo so vietlott hom nay""","=""3600""","=""0""","=""5""","=""Low""","=""false"""
"=""xổ sô hôm nay""","=""3600""","=""0""","=""4""","=""Low""","=""false"""
"=""xổ số ba đài hôm qua""","=""3600""","=""0""","=""6""","=""Low""","=""false"""
"=""xổ số ba đài miền nam hôm nay""","=""3600""","=""0""","=""8""","=""Low""","=""false"""
"=""xổ số chủ nhật miền bắc hàng tuần""","=""3600""","=""0""","=""8""","=""Low""","=""false"""
"=""xổ số các tỉnh""","=""3600""","=""0""","=""4""","=""Low""","=""false"""
"=""xổ số hà nội thứ 2 hàng tuần""","=""3600""","=""0""","=""8""","=""Low""","=""false"""
"=""xổ số hôm nay thứ ba""","=""3600""","=""0""","=""6""","=""Low""","=""false"""
"=""xổ số hôm nay trực tiếp""","=""3600""","=""0""","=""6""","=""Low""","=""false"""
"=""xổ số hậu giang hôm qua""","=""3600""","=""0""","=""6""","=""Low""","=""false"""
"=""xổ số kiên giang chủ nhật""","=""3600""","=""0""","=""6""","=""Low""","=""false"""
"=""xổ số kiến thiết tỉnh miền bắc""","=""3600""","=""0""","=""7""","=""Low""","=""false"""
"=""xổ số kết quả miền bắc""","=""3600""","=""0""","=""6""","=""Low""","=""false"""
"=""xổ số miền bắc 10 ngày gần nhất""","=""3600""","=""0""","=""8""","=""Low""","=""false"""
"=""xổ số miền bắc hàng tuần chủ nhật""","=""3600""","=""0""","=""8""","=""Low""","=""false"""
"=""xổ số miền bắc hàng tuần thứ hai""","=""3600""","=""0""","=""8""","=""Low""","=""false"""
"=""xổ số miền bắc hàng tuần thứ sáu""","=""3600""","=""0""","=""8""","=""Low""","=""false"""
"=""xổ số miền bắc hàng đêm""","=""3600""","=""0""","=""6""","=""Low""","=""false"""
"=""xổ số miền bắc kết quả xổ số miền bắc""","=""3600""","=""0""","=""10""","=""Low""","=""false"""
"=""xổ số miền bắc phương trang""","=""3600""","=""0""","=""6""","=""Low""","=""false"""
"=""xổ số miền bắc thứ bảy hàng""","=""3600""","=""0""","=""7""","=""Low""","=""false"""
"=""xổ số miền bắc trực tiếp ngày hôm nay""","=""3600""","=""0""","=""9""","=""Low""","=""false"""
"=""xổ số miền nam hàng tuần chủ nhật""","=""3600""","=""0""","=""8""","=""Low""","=""false"""
"=""xổ số miền nam hàng tuần thứ sáu""","=""3600""","=""0""","=""8""","=""Low""","=""false"""
"=""xổ số miền nam ngày 1 tháng 1""","=""3600""","=""0""","=""8""","=""Low""","=""false"""
"=""xổ số miền nam ngày 1 tháng 7""","=""3600""","=""0""","=""8""","=""Low""","=""false"""
"=""xổ số miền nam ngày 11 tháng 1""","=""3600""","=""0""","=""8""","=""Low""","=""false"""
"=""xổ số miền nam ngày 11 tháng 12""","=""3600""","=""0""","=""8""","=""Low""","=""false"""
"=""xổ số miền nam ngày 13 tháng 8""","=""3600""","=""0""","=""8""","=""Low""","=""false"""
"=""xổ số miền nam ngày 14 tháng 10""","=""3600""","=""0""","=""8""","=""Low""","=""false"""
"=""xổ số miền nam ngày 15 tháng 8""","=""3600""","=""0""","=""8""","=""Low""","=""false"""
"=""xổ số miền nam ngày 17 tháng 1""","=""3600""","=""0""","=""8""","=""Low""","=""false"""
"=""xổ số miền nam ngày 17 tháng 12""","=""3600""","=""0""","=""8""","=""Low""","=""false"""
"=""xổ số miền nam ngày 18""","=""3600""","=""0""","=""6""","=""Low""","=""false"""
"=""xổ số miền nam ngày 18 tháng 1""","=""3600""","=""0""","=""8""","=""Low""","=""false"""
"=""xổ số miền nam ngày 19""","=""3600""","=""0""","=""6""","=""Low""","=""false"""
"=""xổ số miền nam ngày 2 tháng 10""","=""3600""","=""0""","=""8""","=""Low""","=""false"""
"=""xổ số miền nam ngày 20 tháng 1""","=""3600""","=""0""","=""8""","=""Low""","=""false"""
"=""xổ số miền nam ngày 21 tháng 1""","=""3600""","=""0""","=""8""","=""Low""","=""false"""
"=""xổ số miền nam ngày 22 tháng 1""","=""3600""","=""0""","=""8""","=""Low""","=""false"""
"=""xổ số miền nam ngày 22 tháng 10""","=""3600""","=""0""","=""8""","=""Low""","=""false"""
"=""xổ số miền nam ngày 22 tháng 8""","=""3600""","=""0""","=""8""","=""Low""","=""false"""
"=""xổ số miền nam ngày 23 tháng 1""","=""3600""","=""0""","=""8""","=""Low""","=""false"""
"=""xổ số miền nam ngày 23 tháng 10""","=""3600""","=""0""","=""8""","=""Low""","=""false"""
"=""xổ số miền nam ngày 24 tháng 10""","=""3600""","=""0""","=""8""","=""Low""","=""false"""
"=""xổ số miền nam ngày 25 tháng 1""","=""3600""","=""0""","=""8""","=""Low""","=""false"""
"=""xổ số miền nam ngày 25 tháng 11""","=""3600""","=""0""","=""8""","=""Low""","=""false"""
"=""xổ số miền nam ngày 26 tháng 1""","=""3600""","=""0""","=""8""","=""Low""","=""false"""
"=""xổ số miền nam ngày 26 tháng 10""","=""3600""","=""0""","=""8""","=""Low""","=""false"""
"=""xổ số miền nam ngày 27 tháng 10""","=""3600""","=""0""","=""8""","=""Low""","=""false"""
"=""xổ số miền nam ngày 28 tháng 1""","=""3600""","=""0""","=""8""","=""Low""","=""false"""
"=""xổ số miền nam ngày 28 tháng 10""","=""3600""","=""0""","=""8""","=""Low""","=""false"""
"=""xổ số miền nam ngày 29""","=""3600""","=""0""","=""6""","=""Low""","=""false"""
"=""xổ số miền nam ngày 29 tháng 1""","=""3600""","=""0""","=""8""","=""Low""","=""false"""
"=""xổ số miền nam ngày 29 tháng 10""","=""3600""","=""0""","=""8""","=""Low""","=""false"""
"=""xổ số miền nam ngày 3 tháng 10""","=""3600""","=""0""","=""8""","=""Low""","=""false"""
"=""xổ số miền nam ngày 3 tháng 12""","=""3600""","=""0""","=""8""","=""Low""","=""false"""
"=""xổ số miền nam ngày 31 tháng 12""","=""3600""","=""0""","=""8""","=""Low""","=""false"""
"=""xổ số miền nam ngày 4 tháng 1""","=""3600""","=""0""","=""8""","=""Low""","=""false"""
"=""xổ số miền nam ngày 4 tháng 12""","=""3600""","=""0""","=""8""","=""Low""","=""false"""
"=""xổ số miền nam ngày 5 tháng 1""","=""3600""","=""0""","=""8""","=""Low""","=""false"""
"=""xổ số miền nam ngày 5 tháng 10""","=""3600""","=""0""","=""8""","=""Low""","=""false"""
"=""xổ số miền nam ngày 6 tháng 1""","=""3600""","=""0""","=""8""","=""Low""","=""false"""
"=""xổ số miền nam ngày 6 tháng 10""","=""3600""","=""0""","=""8""","=""Low""","=""false"""
"=""xổ số miền nam ngày 7 tháng 1""","=""3600""","=""0""","=""8""","=""Low""","=""false"""
"=""xổ số miền nam ngày 8 tháng 1""","=""3600""","=""0""","=""8""","=""Low""","=""false"""
"=""xổ số miền nam ngày 9 tháng 1""","=""3600""","=""0""","=""8""","=""Low""","=""false"""
"=""xổ số miền nam ngày 9 tháng 10""","=""3600""","=""0""","=""8""","=""Low""","=""false"""
"=""xổ số miền nam ngày 9 tháng 7""","=""3600""","=""0""","=""8""","=""Low""","=""false"""
"=""xổ số miền nam trong ngày""","=""3600""","=""0""","=""6""","=""Low""","=""false"""
"=""xổ số miền xổ số miền bắc""","=""3600""","=""0""","=""7""","=""Low""","=""false"""
"=""xổ số mới nhất""","=""3600""","=""0""","=""4""","=""Low""","=""false"""
"=""xổ số nam định""","=""3600""","=""0""","=""4""","=""Low""","=""false"""
"=""xổ số tiền giang tuần trước""","=""3600""","=""0""","=""6""","=""Low""","=""false"""
"=""xổ số trà vinh hôm qua""","=""3600""","=""0""","=""6""","=""Low""","=""false"""
"=""xổ số trực tiếp miền nam ngày hôm nay""","=""3600""","=""0""","=""9""","=""Low""","=""false"""
"=""xổ số trực tiếp miền nam phương trang""","=""3600""","=""0""","=""8""","=""Low""","=""false"""
"=""xổ số tối nay""","=""3600""","=""0""","=""4""","=""Low""","=""false"""
"=""xổ số tự chọn""","=""3600""","=""0""","=""4""","=""Low""","=""false"""
"=""xổ số vietlott ngày hôm nay""","=""3600""","=""0""","=""6""","=""Low""","=""false"""
"=""xổ số đài miền bắc ngày hôm nay""","=""3600""","=""0""","=""8""","=""Low""","=""false"""
"=""xổ số đồng tháp minh ngọc""","=""3600""","=""0""","=""6""","=""Low""","=""false"""
"=""xổ số an giang hôm qua""","=""3600""","=""0""","=""6""","=""Low""","=""true"""
"=""xổ số ba""","=""3600""","=""0""","=""3""","=""Low""","=""false"""
"=""xổ số bạc liêu thứ ba""","=""3600""","=""0""","=""6""","=""Low""","=""false"""
"=""xổ số cà mau hôm qua""","=""3600""","=""0""","=""6""","=""Low""","=""false"""
"=""xổ số kon tum chủ nhật""","=""3600""","=""0""","=""6""","=""Low""","=""true"""
"=""xổ số diễn đàn""","=""3600""","=""0""","=""4""","=""Low""","=""false"""
"=""xổ số kon tum tuần trước""","=""3600""","=""0""","=""6""","=""Low""","=""false"""
"=""xổ số max 3d pro hôm nay""","=""3600""","=""0""","=""7""","=""Low""","=""true"""
"=""xổ số net 200 ngày""","=""3600""","=""0""","=""5""","=""Low""","=""false"""
"=""xổ số ba ria""","=""3600""","=""0""","=""4""","=""Low""","=""false"""
"=""xổ số bà ria""","=""3600""","=""0""","=""4""","=""Low""","=""false"""
"=""xổ số tuần trước""","=""3600""","=""0""","=""4""","=""Low""","=""false"""
"=""xổ số việt nam hôm nay""","=""3600""","=""0""","=""6""","=""Low""","=""true"""
"=""xổ số quảng ngãi hôm qua""","=""3600""","=""0""","=""6""","=""Low""","=""false"""
"=""xổ số quảng""","=""3600""","=""0""","=""3""","=""Low""","=""false"""
"=""xổ số sóc trăng hôm qua""","=""3600""","=""0""","=""6""","=""Low""","=""false"""
"=""xổ số xổ số hôm nay""","=""3600""","=""0""","=""6""","=""Low""","=""false"""
"=""xo so 30""","=""2900""","=""0""","=""3""","=""Low""","=""false"""
"=""xo so hon nay""","=""2900""","=""0""","=""4""","=""Low""","=""false"""
"=""xo so mb chu nhat""","=""2900""","=""0""","=""5""","=""Low""","=""false"""
"=""xo so tg""","=""2900""","=""0""","=""3""","=""Low""","=""false"""
"=""xo so vl""","=""2900""","=""0""","=""3""","=""Low""","=""false"""
"=""xo so vt""","=""2900""","=""0""","=""3""","=""Low""","=""true"""
"=""xô so mien bac""","=""2900""","=""0""","=""4""","=""Low""","=""false"""
"=""xô so mien nam""","=""2900""","=""0""","=""4""","=""Low""","=""false"""
"=""xổ số chiều nay miền nam""","=""2900""","=""0""","=""6""","=""Low""","=""false"""
"=""xổ số các đài hôm nay""","=""2900""","=""0""","=""6""","=""Low""","=""false"""
"=""xổ số cần thơ hôm qua""","=""2900""","=""0""","=""6""","=""Low""","=""false"""
"=""xổ số dự đoán""","=""2900""","=""0""","=""4""","=""Low""","=""true"""
"=""xổ số hai đài""","=""2900""","=""0""","=""4""","=""Low""","=""false"""
"=""xổ số hà nội hôm""","=""2900""","=""0""","=""5""","=""Low""","=""false"""
"=""xổ số hà nội miền bắc""","=""2900""","=""0""","=""6""","=""Low""","=""false"""
"=""xổ số hôm nay thứ sáu""","=""2900""","=""0""","=""6""","=""Low""","=""false"""
"=""xổ số hôm nay thứ tư""","=""2900""","=""0""","=""6""","=""Low""","=""false"""
"=""xổ số kiến thiết miền bắc trực tiếp""","=""2900""","=""0""","=""8""","=""Low""","=""false"""
"=""xổ số long an hôm qua""","=""2900""","=""0""","=""6""","=""Low""","=""false"""
"=""xổ số minh ngọc hàng tuần""","=""2900""","=""0""","=""6""","=""Low""","=""false"""
"=""xổ số miền bắc hàng tuần thứ ba""","=""2900""","=""0""","=""8""","=""Low""","=""true"""
"=""xổ số miền bắc hàng tuần thứ bảy""","=""2900""","=""0""","=""8""","=""Low""","=""false"""
"=""xổ số miền bắc hàng tuần thứ năm""","=""2900""","=""0""","=""8""","=""Low""","=""false"""
"=""xổ số miền bắc hàng tuần thứ tư""","=""2900""","=""0""","=""8""","=""Low""","=""false"""
"=""xổ số miền nam me""","=""2900""","=""0""","=""5""","=""Low""","=""false"""
"=""xổ số miền nam ngày 12 tháng 1""","=""2900""","=""0""","=""8""","=""Low""","=""false"""
"=""xổ số miền nam ngày 14""","=""2900""","=""0""","=""6""","=""Low""","=""true"""
"=""xổ số miền nam ngày 20""","=""2900""","=""0""","=""6""","=""Low""","=""false"""
"=""xổ số miền nam quay thử hôm nay""","=""2900""","=""0""","=""8""","=""Low""","=""false"""
"=""xổ số miền nam xổ số miền""","=""2900""","=""0""","=""7""","=""Low""","=""false"""
"=""xổ số miền trung thứ bảy hàng""","=""2900""","=""0""","=""7""","=""Low""","=""false"""
"=""xổ số nam""","=""2900""","=""0""","=""3""","=""Low""","=""false"""
"=""xổ số thịnh nam""","=""2900""","=""0""","=""4""","=""Low""","=""false"""
"=""xổ số thứ tư miền bắc hàng tuần""","=""2900""","=""0""","=""8""","=""Low""","=""false"""
"=""xổ số thử đài miền nam""","=""2900""","=""0""","=""6""","=""Low""","=""false"""
"=""xổ số tiền giang minh ngọc""","=""2900""","=""0""","=""6""","=""Low""","=""false"""
"=""xổ số trong tuần""","=""2900""","=""0""","=""4""","=""Low""","=""false"""
"=""xổ số trực tiếp ba miền hôm nay""","=""2900""","=""0""","=""8""","=""Low""","=""false"""
"=""xổ số trực tiếp bữa nay""","=""2900""","=""0""","=""6""","=""Low""","=""false"""
"=""xổ số trực tiếp minh ngọc miền bắc""","=""2900""","=""0""","=""8""","=""Low""","=""false"""
"=""xổ số tây ninh minh ngọc""","=""2900""","=""0""","=""6""","=""Low""","=""false"""
"=""xổ số tổng hợp miền bắc""","=""2900""","=""0""","=""6""","=""Low""","=""false"""
"=""xổ số vĩnh long hôm qua""","=""2900""","=""0""","=""6""","=""Low""","=""false"""
"=""xổ số vũng tàu tuần trước""","=""2900""","=""0""","=""6""","=""Low""","=""false"""
"=""xổ số xổ số miền bắc hôm nay""","=""2900""","=""0""","=""8""","=""Low""","=""false"""
"=""xổ số đại bắc""","=""2900""","=""0""","=""4""","=""Low""","=""false"""
"=""xổ số an giang thứ năm""","=""2900""","=""0""","=""6""","=""Low""","=""true"""
"=""xổ số ba miền trung""","=""2900""","=""0""","=""5""","=""Low""","=""false"""
"=""xổ số minh ngọc mt""","=""2900""","=""0""","=""5""","=""Low""","=""true"""
"=""xổ số keno trực tiếp""","=""2900""","=""0""","=""5""","=""Low""","=""true"""
"=""xổ số mỹ hạnh""","=""2900""","=""0""","=""4""","=""Low""","=""false"""
"=""xổ số tiền giang hôm qua""","=""2900""","=""0""","=""6""","=""Low""","=""false"""
"=""xo so bd""","=""2400""","=""0""","=""3""","=""Low""","=""false"""
"=""xo so dn""","=""2400""","=""0""","=""3""","=""Low""","=""false"""
"=""xo so kh""","=""2400""","=""0""","=""3""","=""Low""","=""false"""
"=""xo so la""","=""2400""","=""0""","=""3""","=""Low""","=""false"""
"=""xo so mien bac hom qua""","=""2400""","=""0""","=""6""","=""Low""","=""false"""
"=""xo so miền bắc hôm nay""","=""2400""","=""0""","=""6""","=""Low""","=""false"""
"=""xo so thu tu""","=""2400""","=""0""","=""4""","=""Low""","=""false"""
"=""xo so tn""","=""2400""","=""0""","=""3""","=""Low""","=""false"""
"=""xổ số 100""","=""2400""","=""0""","=""3""","=""Low""","=""false"""
"=""xổ số 3""","=""2400""","=""0""","=""3""","=""Low""","=""false"""
"=""xổ số bình dương hôm qua""","=""2400""","=""0""","=""6""","=""Low""","=""false"""
"=""xổ số hồ chí minh ngày hôm nay""","=""2400""","=""0""","=""8""","=""Low""","=""false"""
"=""xổ số kiến""","=""2400""","=""0""","=""3""","=""Low""","=""false"""
"=""xổ số kiến thiết hà nội hôm nay""","=""2400""","=""0""","=""8""","=""Low""","=""false"""
"=""xổ số kiến thiết miền bắc ngày""","=""2400""","=""0""","=""7""","=""Low""","=""false"""
"=""xổ số kiến thiết thành phố""","=""2400""","=""0""","=""6""","=""Low""","=""false"""
"=""xổ số kiến thiết trực tiếp hôm nay""","=""2400""","=""0""","=""8""","=""Low""","=""false"""
"=""xổ số kiến thiết đài""","=""2400""","=""0""","=""5""","=""Low""","=""false"""
"=""xổ số minh hải""","=""2400""","=""0""","=""4""","=""Low""","=""false"""
"=""xổ số miền bắc cả năm""","=""2400""","=""0""","=""6""","=""Low""","=""true"""
"=""xổ số miền bắc nhanh nhất""","=""2400""","=""0""","=""6""","=""Low""","=""false"""
"=""xổ số miền bắc trong ngày""","=""2400""","=""0""","=""6""","=""Low""","=""false"""
"=""xổ số miền nam ngày 13 tháng 1""","=""2400""","=""0""","=""8""","=""Low""","=""false"""
"=""xổ số miền nam ngày 24 tháng 1""","=""2400""","=""0""","=""8""","=""Low""","=""false"""
"=""xổ số miền nam thứ 7 minh ngọc""","=""2400""","=""0""","=""8""","=""Low""","=""false"""
"=""xổ số ngày mai""","=""2400""","=""0""","=""4""","=""Low""","=""true"""
"=""xổ số phú""","=""2400""","=""0""","=""3""","=""Low""","=""false"""
"=""xổ số trực tiếp miền nam hôm nay minh ngọc""","=""2400""","=""0""","=""10""","=""Low""","=""false"""
"=""xổ số trực tiếp đài miền bắc""","=""2400""","=""0""","=""7""","=""Low""","=""false"""
"=""xổ số tây ninh hôm qua""","=""2400""","=""0""","=""6""","=""Low""","=""false"""
"=""xổ số tây ninh ngày hôm nay""","=""2400""","=""0""","=""7""","=""Low""","=""false"""
"=""xổ số tỉnh nam net""","=""2400""","=""0""","=""5""","=""Low""","=""false"""
"=""xổ số vũng tàu hôm qua""","=""2400""","=""0""","=""6""","=""Low""","=""false"""
"=""xổ số vũng tàu ngày hôm nay""","=""2400""","=""0""","=""7""","=""Low""","=""false"""
"=""xổ số đài phát miền nam""","=""2400""","=""0""","=""6""","=""Low""","=""false"""
"=""xổ số đặc biệt""","=""2400""","=""0""","=""4""","=""Low""","=""true"""
"=""xổ số đồng nai minh ngọc""","=""2400""","=""0""","=""6""","=""Low""","=""false"""
"=""xổ số bạc liêu minh ngọc""","=""2400""","=""0""","=""6""","=""Low""","=""false"""
"=""xổ số cà mau thứ hai""","=""2400""","=""0""","=""6""","=""Low""","=""false"""
"=""xổ số huế 30 ngày""","=""2400""","=""0""","=""5""","=""Low""","=""false"""
"=""xổ số keno minh ngọc""","=""2400""","=""0""","=""5""","=""Low""","=""false"""
"=""xổ số kon tum hôm qua""","=""2400""","=""0""","=""6""","=""Low""","=""true"""
"=""xổ số kon tum ngày hôm nay""","=""2400""","=""0""","=""7""","=""Low""","=""false"""
"=""xổ số long an minh ngọc""","=""2400""","=""0""","=""6""","=""Low""","=""false"""
"=""xổ số ngày 10 tháng 7""","=""2400""","=""0""","=""6""","=""Low""","=""true"""
"=""xổ số tphcm hôm nay""","=""2400""","=""0""","=""5""","=""Low""","=""false"""
"=""xổ số vĩnh long minh ngọc""","=""2400""","=""0""","=""6""","=""Low""","=""false"""
"=""xo so ag""","=""1900""","=""0""","=""3""","=""Low""","=""false"""
"=""xo so ha noi hom nay""","=""1900""","=""0""","=""6""","=""Low""","=""false"""
"=""xo so mien nam ngay hom nay""","=""1900""","=""0""","=""7""","=""Low""","=""false"""
"=""xổ số 888 soi cầu miễn phí""","=""1900""","=""0""","=""7""","=""Low""","=""false"""
"=""xổ số chiều""","=""1900""","=""0""","=""3""","=""Low""","=""false"""
"=""xổ số khánh""","=""1900""","=""0""","=""3""","=""Low""","=""false"""
"=""xổ số kiến thiết thừa thiên huế hôm nay""","=""1900""","=""0""","=""9""","=""Low""","=""false"""
"=""xổ số miền bắc quay trực tiếp""","=""1900""","=""0""","=""7""","=""Low""","=""false"""
"=""xổ số miền bắc tối""","=""1900""","=""0""","=""5""","=""Low""","=""false"""
"=""xổ số miền bắc tổng hợp""","=""1900""","=""0""","=""6""","=""Low""","=""false"""
"=""xổ số thiên phú""","=""1900""","=""0""","=""4""","=""Low""","=""false"""
"=""xổ số thành phố hôm qua""","=""1900""","=""0""","=""6""","=""Low""","=""false"""
"=""xổ số trực tiếp miền nam hôm qua""","=""1900""","=""0""","=""8""","=""Low""","=""false"""
"=""xổ số trực tuyến""","=""1900""","=""1.53""","=""4""","=""Low""","=""false"""
"=""xổ số vĩnh""","=""1900""","=""0""","=""3""","=""Low""","=""false"""
"=""xổ số đài miền""","=""1900""","=""0""","=""4""","=""Low""","=""false"""
"=""xổ số blah""","=""1900""","=""0""","=""3""","=""Low""","=""false"""
"=""xổ số dự đoán miền trung""","=""1900""","=""0""","=""6""","=""Low""","=""false"""
"=""xổ số kt""","=""1900""","=""0""","=""3""","=""Low""","=""false"""
"=""xổ số may mắn hôm nay""","=""1900""","=""0""","=""6""","=""Low""","=""false"""
"=""xổ số net 300 ngày""","=""1900""","=""0""","=""5""","=""Low""","=""false"""
"=""xổ số soc trang""","=""1900""","=""0""","=""4""","=""Low""","=""true"""
"=""xổ số xsmb""","=""1900""","=""0""","=""3""","=""Low""","=""false"""
"=""xổ số tp cần thơ""","=""1900""","=""0""","=""5""","=""Low""","=""true"""
"=""xổ số trà vinh tuần trước""","=""1900""","=""0""","=""6""","=""Low""","=""false"""
"=""xổ số vietlott hôm qua""","=""1900""","=""0""","=""5""","=""Low""","=""false"""
"=""xổ số xổ số miền trung hôm nay""","=""1900""","=""0""","=""8""","=""Low""","=""false"""
"=""xổ số 60 ngày""","=""1900""","=""0""","=""4""","=""Low""","=""false"""
"=""xo so miễn bac""","=""1600""","=""0""","=""4""","=""Low""","=""false"""
"=""xo so dt""","=""1600""","=""0""","=""3""","=""Low""","=""false"""
"=""xo so keno minh chính""","=""1600""","=""0""","=""5""","=""Low""","=""false"""
"=""xo so kg""","=""1600""","=""0""","=""3""","=""Low""","=""false"""
"=""xo so nam""","=""1600""","=""0""","=""3""","=""Low""","=""false"""
"=""xổ số 3 miền chiều nay""","=""1600""","=""0""","=""6""","=""Low""","=""false"""
"=""xổ số 3 đài miền nam""","=""1600""","=""0""","=""6""","=""Low""","=""false"""
"=""xổ số hà""","=""1600""","=""0""","=""3""","=""Low""","=""false"""
"=""xổ số hà nội trực tiếp hôm nay""","=""1600""","=""0""","=""8""","=""Low""","=""false"""
"=""xổ số kiến thiết miền bắc hôm""","=""1600""","=""0""","=""7""","=""Low""","=""false"""
"=""xổ số kiến thiết tỉnh""","=""1600""","=""0""","=""5""","=""Low""","=""false"""
"=""xổ số kết quả truyền thống""","=""1600""","=""0""","=""6""","=""Low""","=""false"""
"=""xổ số kết quả xổ số miền nam""","=""1600""","=""0""","=""8""","=""Low""","=""false"""
"=""xổ số miền bắc 888""","=""1600""","=""0""","=""5""","=""Low""","=""false"""
"=""xổ số miền bắc các ngày""","=""1600""","=""0""","=""6""","=""Low""","=""false"""
"=""xổ số miền bắc xổ số miền""","=""1600""","=""0""","=""7""","=""Low""","=""false"""
"=""xổ số miền nam dự đoán""","=""1600""","=""0""","=""6""","=""Low""","=""false"""
"=""xổ số miền nam hôm qua hôm nay""","=""1600""","=""0""","=""8""","=""Low""","=""false"""
"=""xổ số miền nam ngày 16 tháng 1""","=""1600""","=""0""","=""8""","=""Low""","=""false"""
"=""xổ số miền nam thứ từ""","=""1600""","=""0""","=""6""","=""Low""","=""false"""
"=""xổ số trực tiếp miền""","=""1600""","=""0""","=""5""","=""Low""","=""false"""
"=""xổ số trực tiếp miền bắc hôm qua""","=""1600""","=""0""","=""8""","=""Low""","=""false"""
"=""xổ số bình thuận ngày 18 tháng 6""","=""1600""","=""0""","=""8""","=""Low""","=""false"""
"=""xổ số bình phước thứ 7""","=""1600""","=""0""","=""6""","=""Low""","=""false"""
"=""xổ số cà mau ngày 6 tháng 7""","=""1600""","=""0""","=""8""","=""Low""","=""true"""
"=""xổ số dự đoán miền nam hôm nay""","=""1600""","=""0""","=""8""","=""Low""","=""true"""
"=""xổ số phương trang hôm nay""","=""1600""","=""0""","=""6""","=""Low""","=""false"""
"=""xổ số tiền giang ngày 21 tháng 6""","=""1600""","=""0""","=""8""","=""Low""","=""false"""
"=""xổ số vl""","=""1600""","=""0""","=""3""","=""Low""","=""false"""
"=""xổ số sóc trăng ngày 1 tháng 7""","=""1600""","=""0""","=""8""","=""Low""","=""true"""
"=""xổ số sóc trăng ngày 8 tháng 7""","=""1600""","=""0""","=""8""","=""Low""","=""true"""
"=""xo so truc tiep hom nay""","=""1300""","=""0""","=""6""","=""Low""","=""false"""
"=""xổ số 24""","=""1300""","=""0""","=""3""","=""Low""","=""true"""
"=""xổ số 3 miền ngày hôm nay""","=""1300""","=""0""","=""7""","=""Low""","=""false"""
"=""xổ số kiến thiết hôm""","=""1300""","=""0""","=""5""","=""Low""","=""false"""
"=""xổ số kết quả""","=""1300""","=""0""","=""4""","=""Low""","=""false"""
"=""xổ số miền bắc hôm nay trực tiếp hôm nay""","=""1300""","=""0""","=""10""","=""Low""","=""false"""
"=""xổ số miền bắc hôm qua hôm nay""","=""1300""","=""0""","=""8""","=""Low""","=""true"""
"=""xổ số miền bắc ngày mai""","=""1300""","=""0""","=""6""","=""Low""","=""false"""
"=""xổ số miền nam ngày 14 tháng 1""","=""1300""","=""0""","=""8""","=""Low""","=""false"""
"=""xổ số miền nam ngày 15 tháng 1""","=""1300""","=""0""","=""8""","=""Low""","=""false"""
"=""xổ số miền nam ngày hôm""","=""1300""","=""0""","=""6""","=""Low""","=""false"""
"=""xổ số miền nam thứ 2 tuần rồi""","=""1300""","=""0""","=""8""","=""Low""","=""false"""
"=""xổ số miền nam thứ 5 hàng tuần minh ngọc""","=""1300""","=""0""","=""10""","=""Low""","=""false"""
"=""xổ số miền nam đài phát""","=""1300""","=""0""","=""6""","=""Low""","=""false"""
"=""xổ số an giang ngày 9 tháng 7""","=""1300""","=""0""","=""8""","=""Low""","=""true"""
"=""xổ số an giang ngày 18 tháng 6""","=""1300""","=""0""","=""8""","=""Low""","=""false"""
"=""xổ số az""","=""1300""","=""0""","=""3""","=""Low""","=""true"""
"=""xổ số bạc liêu ngày 23 tháng 6""","=""1300""","=""0""","=""8""","=""Low""","=""false"""
"=""xổ số bạc liêu ngày 16 tháng 6""","=""1300""","=""0""","=""8""","=""Low""","=""false"""
"=""xổ số cà mau ngày 29 tháng 6""","=""1300""","=""0""","=""8""","=""Low""","=""false"""
"=""xổ số cà mau ngày 15 tháng 6""","=""1300""","=""0""","=""8""","=""Low""","=""false"""
"=""xổ số cà mau ngày 13 tháng 7""","=""1300""","=""0""","=""8""","=""Low""","=""true"""
"=""xổ số cần thơ ngày 17 tháng 6""","=""1300""","=""0""","=""8""","=""Low""","=""false"""
"=""xổ số cần thơ ngày 8 tháng 7""","=""1300""","=""0""","=""8""","=""Low""","=""true"""
"=""xổ số dự đoán miền bắc hôm nay""","=""1300""","=""0""","=""8""","=""Low""","=""false"""
"=""xổ số gia""","=""1300""","=""0""","=""3""","=""Low""","=""false"""
"=""xổ số kg""","=""1300""","=""0""","=""3""","=""Low""","=""false"""
"=""xổ số mn thứ 4""","=""1300""","=""0""","=""5""","=""Low""","=""false"""
"=""xổ số mỹ hạnh hôm nay""","=""1300""","=""0""","=""6""","=""Low""","=""false"""
"=""xổ số nét truyền thống""","=""1300""","=""0""","=""5""","=""Low""","=""true"""
"=""xổ số power minh ngọc""","=""1300""","=""0""","=""5""","=""Low""","=""true"""
"=""xổ số tg""","=""1300""","=""0""","=""3""","=""Low""","=""false"""
"=""xổ số tiền giang ngày 12 tháng 7""","=""1300""","=""0""","=""8""","=""Low""","=""true"""
"=""xổ số tiền giang ngày 28 tháng 6""","=""1300""","=""0""","=""8""","=""Low""","=""false"""
"=""xổ số vĩnh long ngày 10 tháng 7""","=""1300""","=""0""","=""8""","=""Low""","=""true"""
"=""xổ số vĩnh long ngày 19 tháng 6""","=""1300""","=""0""","=""8""","=""Low""","=""false"""
"=""xổ số gì""","=""1300""","=""0""","=""3""","=""Low""","=""false"""
"=""xổ số xổ số hà nội""","=""1300""","=""0""","=""6""","=""Low""","=""false"""
"=""xo so bac lieu hom nay""","=""1000""","=""0""","=""6""","=""Low""","=""false"""
"=""xổ số hà nội thứ 2""","=""1000""","=""0""","=""6""","=""Low""","=""false"""
"=""xổ số la""","=""1000""","=""0""","=""3""","=""Low""","=""false"""
"=""xổ số mi""","=""1000""","=""0""","=""3""","=""Low""","=""false"""
"=""xổ số miền bắc thêm""","=""1000""","=""0""","=""5""","=""Low""","=""false"""
"=""xổ số miền nam 4 đài""","=""1000""","=""0""","=""6""","=""Low""","=""false"""
"=""xổ số miền nam thứ 2 hàng tuần minh ngọc""","=""1000""","=""0""","=""10""","=""Low""","=""false"""
"=""xổ số an giang ngày 16 tháng 7""","=""1000""","=""0""","=""8""","=""Low""","=""true"""
"=""xổ số az24""","=""1000""","=""0""","=""3""","=""Low""","=""false"""
"=""xổ số mb thu 6""","=""1000""","=""0""","=""5""","=""Low""","=""false"""
"=""xổ số mb chủ nhật hàng tuần""","=""1000""","=""0""","=""7""","=""Low""","=""false"""
"=""xổ số mb thứ 2""","=""1000""","=""0""","=""5""","=""Low""","=""false"""
"=""xổ số hôm nay kiên giang""","=""1000""","=""0""","=""6""","=""Low""","=""false"""
"=""xổ số minh ngọc thứ 6 hàng tuần""","=""1000""","=""0""","=""8""","=""Low""","=""false"""
"=""xổ số long an ngày 20 tháng 6""","=""1000""","=""0""","=""8""","=""Low""","=""false"""
"=""xổ số long an ngày 4 tháng 7""","=""1000""","=""0""","=""8""","=""Low""","=""true"""
"=""xổ số mn thứ 5""","=""1000""","=""0""","=""5""","=""Low""","=""true"""
"=""xổ số mn thu 6""","=""1000""","=""0""","=""5""","=""Low""","=""false"""
"=""xổ số ninh thuận hôm qua""","=""1000""","=""0""","=""6""","=""Low""","=""true"""
"=""xổ số ninh thuận thứ sáu""","=""1000""","=""0""","=""6""","=""Low""","=""false"""
"=""xổ số ninh thuận hàng tuần""","=""1000""","=""0""","=""6""","=""Low""","=""false"""
"=""xổ số soi cầu miền bắc""","=""1000""","=""0""","=""6""","=""Low""","=""false"""
"=""xổ số tn""","=""1000""","=""0""","=""3""","=""Low""","=""false"""
"=""xổ số tt huế""","=""1000""","=""0""","=""4""","=""Low""","=""false"""
"=""xổ số tthue""","=""1000""","=""0""","=""3""","=""Low""","=""false"""
"=""xổ số long""","=""1000""","=""0""","=""3""","=""Low""","=""false"""
"=""xổ số vt""","=""1000""","=""0""","=""3""","=""Low""","=""false"""
"=""xổ số vĩnh long ngày 17 tháng 7""","=""1000""","=""0""","=""8""","=""Low""","=""true"""
"=""xổ số 30 tháng 5""","=""1000""","=""0""","=""5""","=""Low""","=""false"""
"=""xo so hau giang hom nay""","=""880""","=""0""","=""6""","=""Low""","=""false"""
"=""xổ số 24h minh ngọc""","=""880""","=""0""","=""5""","=""Low""","=""false"""
"=""xổ số kiên""","=""880""","=""0""","=""3""","=""Low""","=""false"""
"=""xổ số miền trung hôm qua hôm nay""","=""880""","=""0""","=""8""","=""Low""","=""false"""
"=""xổ số sóc""","=""880""","=""0""","=""3""","=""Low""","=""false"""
"=""xổ số trực tiếp thành phố""","=""880""","=""0""","=""6""","=""Low""","=""false"""
"=""xổ số tây""","=""880""","=""0""","=""3""","=""Low""","=""false"""
"=""xổ số ag""","=""880""","=""0""","=""3""","=""Low""","=""true"""
"=""xổ số bd""","=""880""","=""0""","=""3""","=""Low""","=""true"""
"=""xổ số mb thu 4""","=""880""","=""0""","=""5""","=""Low""","=""false"""
"=""xổ số mb thứ 7""","=""880""","=""0""","=""5""","=""Low""","=""false"""
"=""xổ số diễn đàn miền nam""","=""880""","=""0""","=""6""","=""Low""","=""false"""
"=""xổ số dn""","=""880""","=""0""","=""3""","=""Low""","=""false"""
"=""xổ số dự đoán miền trung hôm nay""","=""880""","=""0""","=""8""","=""Low""","=""false"""
"=""xổ số huế chủ nhật""","=""880""","=""0""","=""5""","=""Low""","=""false"""
"=""xổ số may mắn""","=""880""","=""0""","=""4""","=""Low""","=""false"""
"=""xổ số nhanh""","=""880""","=""2.4""","=""3""","=""Low""","=""false"""
"=""xổ số td""","=""880""","=""0""","=""3""","=""Low""","=""false"""
"=""xổ số vn""","=""880""","=""0""","=""3""","=""Low""","=""false"""
"=""xổ số xổ số khánh hòa""","=""880""","=""0""","=""6""","=""Low""","=""false"""
"=""xổ số 90""","=""880""","=""0""","=""3""","=""Low""","=""false"""
"=""xổ số 30 tháng 6""","=""880""","=""0""","=""5""","=""Low""","=""true"""
"=""xo so kien giang hom nay""","=""720""","=""0""","=""6""","=""Low""","=""false"""
"=""xo so vinh log hom nay""","=""720""","=""0""","=""6""","=""Low""","=""false"""
"=""xổ số 4 30""","=""720""","=""0""","=""4""","=""Low""","=""false"""
"=""xổ số an""","=""720""","=""0""","=""3""","=""Low""","=""false"""
"=""xổ số hà nội thứ 7""","=""720""","=""0""","=""6""","=""Low""","=""false"""
"=""xổ số khánh hòa hôm""","=""720""","=""0""","=""5""","=""Low""","=""false"""
"=""xổ số miền bắc hàng ngày hôm nay""","=""720""","=""0""","=""8""","=""Low""","=""true"""
"=""xổ số thêm""","=""720""","=""0""","=""3""","=""Low""","=""false"""
"=""xổ số trà""","=""720""","=""0""","=""3""","=""Low""","=""false"""
"=""xổ số trực""","=""720""","=""0""","=""3""","=""Low""","=""false"""
"=""xổ số cần""","=""720""","=""0""","=""3""","=""Low""","=""false"""
"=""xổ số cn""","=""720""","=""0""","=""3""","=""Low""","=""false"""
"=""xổ số con mèo""","=""720""","=""0""","=""4""","=""Low""","=""false"""
"=""xổ số dt""","=""720""","=""0""","=""3""","=""Low""","=""false"""
"=""xổ số duy anh""","=""720""","=""0""","=""4""","=""Low""","=""false"""
"=""xổ số hôm nay cần thơ""","=""720""","=""0""","=""6""","=""Low""","=""true"""
"=""xổ số hg""","=""720""","=""0""","=""3""","=""Low""","=""false"""
"=""xổ số huế thứ hai""","=""720""","=""0""","=""5""","=""Low""","=""false"""
"=""xổ số huế phú yên""","=""720""","=""0""","=""5""","=""Low""","=""false"""
"=""xổ số kt miền bắc""","=""720""","=""0""","=""5""","=""Low""","=""true"""
"=""xổ số mega chủ nhật""","=""720""","=""0""","=""5""","=""Low""","=""false"""
"=""xổ số mn chủ nhật hàng tuần""","=""720""","=""0""","=""7""","=""Low""","=""false"""
"=""xổ số mỹ hạnh miền nam""","=""720""","=""0""","=""6""","=""Low""","=""false"""
"=""xổ số ninh thuận gia lai""","=""720""","=""0""","=""6""","=""Low""","=""false"""
"=""xổ số tp hcm minh ngọc""","=""720""","=""0""","=""6""","=""Low""","=""false"""
"=""xổ số tv""","=""720""","=""0""","=""3""","=""Low""","=""false"""
"=""xổ số 15 tháng 7""","=""720""","=""0""","=""5""","=""Low""","=""true"""
"=""xổ số 15 tháng 6""","=""720""","=""0""","=""5""","=""Low""","=""false"""
"=""xổ số 20 tháng 6""","=""720""","=""0""","=""5""","=""Low""","=""false"""
"=""xổ số 27 tháng 6""","=""720""","=""0""","=""5""","=""Low""","=""false"""
"=""xổ số 23 tháng 5""","=""720""","=""0""","=""5""","=""Low""","=""false"""
"=""xổ số 25 tháng 5""","=""720""","=""0""","=""5""","=""Low""","=""false"""
"=""xổ số 20 tháng 5""","=""720""","=""0""","=""5""","=""Low""","=""false"""
"=""xổ số 20 tháng 7""","=""720""","=""0""","=""5""","=""Low""","=""true"""
"=""xổ số 25 tháng 7""","=""720""","=""0""","=""5""","=""Low""","=""true"""
"=""xổ số 21 tháng 6""","=""720""","=""0""","=""5""","=""Low""","=""false"""
"=""xổ số 3 miền minh ngọc""","=""720""","=""0""","=""6""","=""Low""","=""false"""
"=""xổ số trong tháng""","=""720""","=""0""","=""4""","=""Low""","=""false"""
"=""xổ số kiến thiết miền nam hôm""","=""590""","=""0""","=""7""","=""Low""","=""false"""
"=""xổ số minh ngọc hôm quả""","=""590""","=""0""","=""6""","=""Low""","=""false"""
"=""xổ số miền bắc thứ nam""","=""590""","=""0""","=""6""","=""Low""","=""false"""
"=""xổ số miền nam ngày 10""","=""590""","=""0""","=""6""","=""Low""","=""false"""
"=""xổ số thứ miền bắc""","=""590""","=""0""","=""5""","=""Low""","=""false"""
"=""xổ số tiền""","=""590""","=""0""","=""3""","=""Low""","=""false"""
"=""xổ số vũng""","=""590""","=""0""","=""3""","=""Low""","=""true"""
"=""xổ số mb thu 3""","=""590""","=""0""","=""5""","=""Low""","=""false"""
"=""xổ số chủ nhật bữa nay""","=""590""","=""0""","=""6""","=""Low""","=""true"""
"=""xổ số cm""","=""590""","=""0""","=""3""","=""Low""","=""false"""
"=""xổ số cần thơ ngày 29 tháng 7""","=""590""","=""0""","=""8""","=""Low""","=""true"""
"=""xổ số dl""","=""590""","=""0""","=""3""","=""Low""","=""false"""
"=""xổ số gia lai ngày 29 tháng 5""","=""590""","=""0""","=""8""","=""Low""","=""false"""
"=""xổ số gia lai ngày 26 tháng 6""","=""590""","=""0""","=""8""","=""Low""","=""false"""
"=""xổ số gia lai ngày 19 tháng 6""","=""590""","=""0""","=""8""","=""Low""","=""false"""
"=""xổ số hai đài miền trung""","=""590""","=""0""","=""6""","=""Low""","=""false"""
"=""xổ số huế hôm qua""","=""590""","=""0""","=""5""","=""Low""","=""false"""
"=""xổ số jackpot""","=""590""","=""0""","=""3""","=""Low""","=""true"""
"=""xổ số mega thứ tư""","=""590""","=""0""","=""5""","=""Low""","=""false"""
"=""xổ số mega vietlott""","=""590""","=""0""","=""4""","=""Low""","=""false"""
"=""xổ số mn thứ 3""","=""590""","=""0""","=""5""","=""Low""","=""false"""
"=""xổ số mn thứ 2""","=""590""","=""0""","=""5""","=""Low""","=""false"""
"=""xổ số mt thứ 6""","=""590""","=""0""","=""5""","=""Low""","=""false"""
"=""xổ số mt chủ nhật hàng tuần""","=""590""","=""0""","=""7""","=""Low""","=""false"""
"=""xổ số mt thứ 7""","=""590""","=""0""","=""5""","=""Low""","=""false"""
"=""xổ số mt thứ 5""","=""590""","=""0""","=""5""","=""Low""","=""false"""
"=""xổ số net mb""","=""590""","=""0""","=""4""","=""Low""","=""false"""
"=""xổ số py""","=""590""","=""0""","=""3""","=""Low""","=""false"""
"=""xổ số sóc trăng 24 tháng 6""","=""590""","=""0""","=""7""","=""Low""","=""false"""
"=""xổ số 17 tháng 7""","=""590""","=""0""","=""5""","=""Low""","=""true"""
"=""xổ số 14 tháng 7""","=""590""","=""0""","=""5""","=""Low""","=""true"""
"=""xổ số 25 tháng 6""","=""590""","=""0""","=""5""","=""Low""","=""false"""
"=""xổ số 24h hôm nay""","=""480""","=""0""","=""5""","=""Low""","=""true"""
"=""xổ số hôm nay 3 miền""","=""480""","=""0""","=""6""","=""Low""","=""true"""
"=""xổ số miền bắc ghi bàn""","=""480""","=""0""","=""6""","=""Low""","=""false"""
"=""xổ số miền bắc thứ từ""","=""480""","=""0""","=""6""","=""Low""","=""false"""
"=""xổ số miền nam ngày 2""","=""480""","=""0""","=""6""","=""Low""","=""false"""
"=""xổ số thứ 7 miền bắc""","=""480""","=""0""","=""6""","=""Low""","=""false"""
"=""xổ số bdinh""","=""480""","=""0""","=""3""","=""Low""","=""true"""
"=""xổ số brvt""","=""480""","=""0""","=""3""","=""Low""","=""false"""
"=""xổ số bạc liêu 21 tháng 7""","=""480""","=""0""","=""7""","=""Low""","=""true"""
"=""xổ số bt""","=""480""","=""1.41""","=""3""","=""Low""","=""false"""
"=""xổ số cần thơ 20 tháng 5""","=""480""","=""0""","=""7""","=""Low""","=""false"""
"=""xổ số đắk lắk ngày 7 tháng 7""","=""480""","=""0""","=""8""","=""Low""","=""true"""
"=""xổ số đề miền bắc""","=""480""","=""0""","=""5""","=""Low""","=""false"""
"=""xổ số hai đài miền nam""","=""480""","=""0""","=""6""","=""Low""","=""false"""
"=""xổ số hậu""","=""480""","=""0""","=""3""","=""Low""","=""false"""
"=""xổ số keno vietlott""","=""480""","=""0""","=""4""","=""Low""","=""false"""
"=""xổ số khánh hòa ngày 8 tháng 7""","=""480""","=""0""","=""8""","=""Low""","=""true"""
"=""xổ số kon tum ngày 14 tháng 6""","=""480""","=""0""","=""8""","=""Low""","=""false"""
"=""xổ số mn chu nhat""","=""480""","=""0""","=""5""","=""Low""","=""false"""
"=""xổ số mt thứ 3""","=""480""","=""0""","=""5""","=""Low""","=""true"""
"=""xổ số nam hôm nay""","=""480""","=""0""","=""5""","=""Low""","=""false"""
"=""xổ số miền nam ok""","=""480""","=""0""","=""5""","=""Low""","=""false"""
"=""xổ số qtri""","=""480""","=""0""","=""3""","=""Low""","=""false"""
"=""xổ số xsmn""","=""480""","=""0""","=""3""","=""Low""","=""false"""
"=""xổ số st""","=""480""","=""0""","=""3""","=""Low""","=""false"""
"=""xổ số tth""","=""480""","=""0""","=""3""","=""Low""","=""false"""
"=""xổ số tuần qua""","=""480""","=""0""","=""4""","=""Low""","=""true"""
"=""xổ số trong 30 ngày""","=""480""","=""0""","=""5""","=""Low""","=""false"""
"=""xổ số plus""","=""390""","=""0""","=""3""","=""Low""","=""false"""
"=""xổ số thành phố thứ 7""","=""390""","=""0""","=""6""","=""Low""","=""false"""
"=""xổ số thứ miền nam""","=""390""","=""0""","=""5""","=""Low""","=""false"""
"=""xổ số thứ đô 30 ngày""","=""390""","=""0""","=""6""","=""Low""","=""false"""
"=""xổ số minh ng e1 bb 8dc""","=""390""","=""0""","=""7""","=""Low""","=""false"""
"=""xổ số buổi tối""","=""390""","=""0""","=""4""","=""Low""","=""false"""
"=""xổ số campuchia""","=""390""","=""0""","=""3""","=""Low""","=""true"""
"=""xổ số cà""","=""390""","=""0""","=""3""","=""Low""","=""false"""
"=""xổ số con cá""","=""390""","=""0""","=""4""","=""Low""","=""false"""
"=""xổ số con gà""","=""390""","=""0""","=""4""","=""Low""","=""false"""
"=""xổ số dlk đắk lắk""","=""390""","=""0""","=""5""","=""Low""","=""false"""
"=""xổ số hcm thứ 7""","=""390""","=""0""","=""5""","=""Low""","=""false"""
"=""xổ số gia lai ngày 22 tháng 5""","=""390""","=""0""","=""8""","=""Low""","=""false"""
"=""xổ số huế hàng tuần""","=""390""","=""0""","=""5""","=""Low""","=""true"""
"=""xổ số khánh hòa ngày 5 tháng 7""","=""390""","=""0""","=""8""","=""Low""","=""true"""
"=""xổ số kon tum ngày 28 tháng 6""","=""390""","=""0""","=""8""","=""Low""","=""false"""
"=""xổ số kt hôm nay""","=""390""","=""0""","=""5""","=""Low""","=""true"""
"=""xổ số mega hôm qua""","=""390""","=""0""","=""5""","=""Low""","=""false"""
"=""xổ số mega ngày""","=""390""","=""0""","=""4""","=""Low""","=""false"""
"=""xổ số mn thu 7""","=""390""","=""0""","=""5""","=""Low""","=""false"""
"=""xổ số nha trang""","=""390""","=""0""","=""4""","=""Low""","=""false"""
"=""xổ số power thứ ba""","=""390""","=""0""","=""5""","=""Low""","=""false"""
"=""xổ số power thứ bảy""","=""390""","=""0""","=""5""","=""Low""","=""true"""
"=""xổ số power hôm qua""","=""390""","=""0""","=""5""","=""Low""","=""false"""
"=""xổ số power vietlott""","=""390""","=""0""","=""4""","=""Low""","=""false"""
"=""xổ số của ngày hôm nay""","=""390""","=""0""","=""6""","=""Low""","=""true"""
"=""xổ số trong ngày hôm nay""","=""390""","=""0""","=""6""","=""Low""","=""false"""
"=""xổ số miền bắc ngọc hạn""","=""320""","=""0""","=""6""","=""Low""","=""false"""
"=""xổ số miền nam hôm nay trực tiếp hôm nay""","=""320""","=""0""","=""10""","=""Low""","=""false"""
"=""xổ số mấy""","=""320""","=""0""","=""3""","=""Low""","=""true"""
"=""xổ số bến""","=""320""","=""0""","=""3""","=""Low""","=""false"""
"=""xổ số mb chủ nhật""","=""320""","=""0""","=""5""","=""Low""","=""true"""
"=""xổ số bth""","=""320""","=""0""","=""3""","=""Low""","=""false"""
"=""xổ số dự đoán gia lai""","=""320""","=""0""","=""6""","=""Low""","=""false"""
"=""xổ số huế tuần trước""","=""320""","=""0""","=""5""","=""Low""","=""false"""
"=""xổ số ketqua net""","=""320""","=""0""","=""4""","=""Low""","=""false"""
"=""xổ số lào""","=""320""","=""0""","=""3""","=""Low""","=""false"""
"=""xổ số max 3d pro hôm nay minh ngọc""","=""320""","=""0""","=""9""","=""Low""","=""false"""
"=""xổ số mt chủ nhật""","=""320""","=""0""","=""5""","=""Low""","=""true"""
"=""xổ số mỹ""","=""320""","=""0""","=""3""","=""Low""","=""false"""
"=""xổ số nay""","=""320""","=""0""","=""3""","=""Low""","=""false"""
"=""xổ số ninh thuận ngày 12 tháng 6""","=""320""","=""0""","=""8""","=""Low""","=""false"""
"=""xổ số ninh thuận ngày 29 tháng 5""","=""320""","=""0""","=""8""","=""Low""","=""false"""
"=""xổ số ninh thuận ngày 10 tháng 7""","=""320""","=""0""","=""8""","=""Low""","=""true"""
"=""xổ số power thứ năm""","=""320""","=""0""","=""5""","=""Low""","=""false"""
"=""xổ số power ngày""","=""320""","=""0""","=""4""","=""Low""","=""false"""
"=""xổ số bà ria vũng tàu ngày""","=""320""","=""0""","=""7""","=""Low""","=""false"""
"=""xổ số vl hôm nay""","=""320""","=""0""","=""5""","=""Low""","=""false"""
"=""xo so thinh nam""","=""260""","=""0""","=""4""","=""Low""","=""false"""
"=""xổ số miền bắc đồng của""","=""260""","=""0""","=""6""","=""Low""","=""false"""
"=""xổ số blah miền nam""","=""260""","=""0""","=""5""","=""Low""","=""false"""
"=""xổ số bp""","=""260""","=""0""","=""3""","=""Low""","=""false"""
"=""xổ số buổi chiều hôm nay""","=""260""","=""0""","=""6""","=""Low""","=""false"""
"=""xổ số dng""","=""260""","=""0""","=""3""","=""Low""","=""false"""
"=""xổ số gl""","=""260""","=""0""","=""3""","=""Low""","=""true"""
"=""xổ số hqua""","=""260""","=""0""","=""3""","=""Low""","=""false"""
"=""xổ số kon tum ngày 17 tháng 05""","=""260""","=""0""","=""8""","=""Low""","=""false"""
"=""xổ số ninh thuận ngày 19 tháng 6""","=""260""","=""0""","=""8""","=""Low""","=""false"""
"=""xổ số miền bắc ok""","=""260""","=""0""","=""5""","=""Low""","=""false"""
"=""xổ số vtau""","=""260""","=""0""","=""3""","=""Low""","=""false"""
"=""xổ số miền nam vn""","=""260""","=""0""","=""5""","=""Low""","=""true"""
"=""xổ số rắn""","=""260""","=""0""","=""3""","=""Low""","=""false"""
"=""xổ số rắn miền nam""","=""260""","=""0""","=""5""","=""Low""","=""true"""
"=""xổ số 02 tháng 05""","=""260""","=""0""","=""5""","=""Low""","=""false"""
"=""xổ số 4 tháng 7""","=""260""","=""0""","=""5""","=""Low""","=""true"""
"=""xổ số 8 tháng 7""","=""260""","=""0""","=""5""","=""Low""","=""true"""
"=""xổ số 9 tháng 7""","=""260""","=""0""","=""5""","=""Low""","=""true"""
"=""xổ số 3 tháng 7""","=""260""","=""0""","=""5""","=""Low""","=""true"""
"=""xổ số có""","=""260""","=""0""","=""3""","=""Low""","=""false"""
"=""xổ số dự đoán xổ số miền bắc""","=""210""","=""0""","=""8""","=""Low""","=""false"""
"=""xổ số ag hôm nay""","=""210""","=""0""","=""5""","=""Low""","=""true"""
"=""xổ số bdi""","=""210""","=""0""","=""3""","=""Low""","=""true"""
"=""xổ số cn hàng tuần""","=""210""","=""0""","=""5""","=""Low""","=""true"""
"=""xổ số đề hôm nay""","=""210""","=""0""","=""5""","=""Low""","=""false"""
"=""xổ số đề miền bắc hôm nay""","=""210""","=""0""","=""7""","=""Low""","=""false"""
"=""xổ số dna""","=""210""","=""0""","=""3""","=""Low""","=""false"""
"=""xổ số sài gòn hôm nay""","=""210""","=""0""","=""6""","=""Low""","=""false"""
"=""xổ số soi cầu""","=""210""","=""0""","=""4""","=""Low""","=""true"""
"=""xổ số xsmb miền bắc""","=""210""","=""0""","=""5""","=""Low""","=""false"""
"=""xổ số tg kg""","=""210""","=""0""","=""4""","=""Low""","=""false"""
"=""xổ số tt huế hôm nay""","=""210""","=""0""","=""6""","=""Low""","=""false"""
"=""xổ số tt""","=""210""","=""0""","=""3""","=""Low""","=""false"""
"=""xổ số f""","=""210""","=""0""","=""3""","=""Low""","=""false"""
"=""xổ số rắn miền trung""","=""210""","=""0""","=""5""","=""Low""","=""false"""
"=""xổ số w""","=""210""","=""0""","=""3""","=""Low""","=""false"""
"=""xổ số 07 tháng 05""","=""210""","=""0""","=""5""","=""Low""","=""false"""
"=""xổ số 09 tháng 05""","=""210""","=""0""","=""5""","=""Low""","=""false"""
"=""xổ số 6 tháng 7""","=""210""","=""0""","=""5""","=""Low""","=""true"""
"=""xổ số 6 tháng 6""","=""210""","=""0""","=""5""","=""Low""","=""false"""
"=""xổ số 7 tháng 6""","=""210""","=""0""","=""5""","=""Low""","=""false"""
"=""xổ số 7""","=""210""","=""0""","=""3""","=""Low""","=""true"""
"=""xổ số 4 tháng 6""","=""210""","=""0""","=""5""","=""Low""","=""false"""
"=""xổ số 8 tháng 6""","=""210""","=""0""","=""5""","=""Low""","=""false"""
"=""xổ số 9 tháng 6""","=""210""","=""0""","=""5""","=""Low""","=""false"""
"=""xổ số 3 tháng 6""","=""210""","=""0""","=""5""","=""Low""","=""false"""
"=""xổ số là gì""","=""210""","=""0""","=""4""","=""Low""","=""false"""
"=""xổ số không quảng cáo""","=""210""","=""0""","=""5""","=""Low""","=""false"""
"=""xổ số mb hà nội""","=""170""","=""0""","=""5""","=""Low""","=""false"""
"=""xổ số đề miền trung hôm nay""","=""170""","=""0""","=""7""","=""Low""","=""false"""
"=""xổ số đthap""","=""170""","=""0""","=""3""","=""Low""","=""false"""
"=""xổ số kt đà nẵng""","=""170""","=""0""","=""5""","=""Low""","=""true"""
"=""xổ số mt thu 2""","=""170""","=""0""","=""5""","=""Low""","=""true"""
"=""xổ số nhật bản""","=""170""","=""0""","=""4""","=""Low""","=""false"""
"=""xổ số nhanh minh ngọc""","=""170""","=""0""","=""5""","=""Low""","=""false"""
"=""xổ số qbinh""","=""170""","=""0""","=""3""","=""Low""","=""false"""
"=""xổ số pyên""","=""170""","=""0""","=""3""","=""Low""","=""false"""
"=""xổ số py hôm nay""","=""170""","=""0""","=""5""","=""Low""","=""false"""
"=""xổ số soi cầu miền trung""","=""170""","=""0""","=""6""","=""Low""","=""false"""
"=""xổ số về bao nhiêu""","=""170""","=""0""","=""5""","=""Low""","=""false"""
"=""xổ số phu yen hôm nay""","=""170""","=""0""","=""6""","=""Low""","=""false"""
"=""xổ số 06 tháng 05""","=""170""","=""0""","=""5""","=""Low""","=""false"""
"=""xổ số 05 tháng 05""","=""170""","=""0""","=""5""","=""Low""","=""false"""
"=""xổ số 03 tháng 05""","=""170""","=""0""","=""5""","=""Low""","=""false"""
"=""xổ số 7 tháng 7""","=""170""","=""0""","=""5""","=""Low""","=""true"""
"=""xổ số 5 tháng 6""","=""170""","=""0""","=""5""","=""Low""","=""false"""
"=""xổ số miền bắc ngày 10""","=""140""","=""0""","=""6""","=""Low""","=""false"""
"=""xổ số brvt hôm nay""","=""140""","=""0""","=""5""","=""Low""","=""false"""
"=""xổ số bthuan""","=""140""","=""0""","=""3""","=""Low""","=""false"""
"=""xổ số bt vt""","=""140""","=""0""","=""4""","=""Low""","=""false"""
"=""xổ số đề miền trung""","=""140""","=""0""","=""5""","=""Low""","=""false"""
"=""xổ số đề miền nam""","=""140""","=""0""","=""5""","=""Low""","=""false"""
"=""xổ số jackpot hôm nay""","=""140""","=""0""","=""5""","=""Low""","=""true"""
"=""xổ số miền trung karaoke""","=""140""","=""0""","=""5""","=""Low""","=""false"""
"=""xổ số keno trực tiếp hôm nay""","=""140""","=""0""","=""7""","=""Low""","=""false"""
"=""xổ số max 3d pro 30 ngày""","=""140""","=""0""","=""7""","=""Low""","=""true"""
"=""xổ số nam trung bắc""","=""140""","=""0""","=""5""","=""Low""","=""true"""
"=""xổ số nhanh nhất hôm nay""","=""140""","=""0""","=""6""","=""Low""","=""true"""
"=""xổ số nhật""","=""140""","=""0""","=""3""","=""Low""","=""true"""
"=""xổ số nt""","=""140""","=""0""","=""3""","=""Low""","=""true"""
"=""xổ số pro""","=""140""","=""0""","=""3""","=""Low""","=""false"""
"=""xổ số singapore""","=""140""","=""0""","=""3""","=""Low""","=""true"""
"=""xổ số tn ag""","=""140""","=""0""","=""4""","=""Low""","=""false"""
"=""xổ số tp cần thơ hôm nay""","=""140""","=""0""","=""7""","=""Low""","=""true"""
"=""xổ số toàn quốc hôm nay""","=""140""","=""0""","=""6""","=""Low""","=""false"""
"=""xổ số tt miền nam""","=""140""","=""0""","=""5""","=""Low""","=""false"""
"=""xổ số vui""","=""140""","=""0""","=""3""","=""Low""","=""false"""
"=""xổ số wap miền nam hôm nay""","=""140""","=""0""","=""7""","=""Low""","=""false"""
"=""xổ số world""","=""140""","=""0""","=""3""","=""Low""","=""false"""
"=""xổ số xuantocdo""","=""140""","=""0""","=""3""","=""Low""","=""true"""
"=""xổ số 04 tháng 05""","=""140""","=""0""","=""5""","=""Low""","=""false"""
"=""xổ số 5 tháng 7""","=""140""","=""0""","=""5""","=""Low""","=""true"""
"=""xổ số bao nhiêu""","=""140""","=""0""","=""4""","=""Low""","=""false"""
"=""xổ số lào hôm nay""","=""140""","=""0""","=""5""","=""Low""","=""false"""
"=""xổ số az miền bắc""","=""110""","=""0""","=""5""","=""Low""","=""true"""
"=""xổ số bingo18""","=""110""","=""0""","=""3""","=""Low""","=""false"""
"=""xổ số miền nam em ơi""","=""110""","=""0""","=""6""","=""Low""","=""true"""
"=""xổ số gan miền nam""","=""110""","=""0""","=""5""","=""Low""","=""false"""
"=""xổ số hai miền""","=""110""","=""0""","=""4""","=""Low""","=""false"""
"=""xổ số miền nam karaoke""","=""110""","=""0""","=""5""","=""Low""","=""false"""
"=""xổ số keno là gì""","=""110""","=""0""","=""5""","=""Low""","=""false"""
"=""xổ số keno vietlott hôm nay""","=""110""","=""0""","=""6""","=""Low""","=""false"""
"=""xổ số kt khánh hoà""","=""110""","=""0""","=""5""","=""Low""","=""true"""
"=""xổ số max""","=""110""","=""0""","=""3""","=""Low""","=""true"""
"=""xổ số mỹ hạnh miền bắc""","=""110""","=""0""","=""6""","=""Low""","=""true"""
"=""xổ số nam định hôm nay""","=""110""","=""0""","=""6""","=""Low""","=""false"""
"=""xổ số netviet""","=""110""","=""0""","=""3""","=""Low""","=""false"""
"=""xổ số nha trang hôm nay""","=""110""","=""0""","=""6""","=""Low""","=""true"""
"=""xổ số qb""","=""110""","=""0""","=""3""","=""Low""","=""true"""
"=""xổ số str""","=""110""","=""0""","=""3""","=""Low""","=""false"""
"=""xổ số tg 30 ngày""","=""110""","=""0""","=""5""","=""Low""","=""false"""
"=""xổ số 8 tháng 5""","=""110""","=""0""","=""5""","=""Low""","=""false"""
"=""xổ số miền bắc không có quảng cáo""","=""110""","=""0""","=""8""","=""Low""","=""false"""
"=""xổ số btr""","=""90""","=""0""","=""3""","=""Low""","=""false"""
"=""xổ số dn 30 ngày""","=""90""","=""0""","=""5""","=""Low""","=""false"""
"=""xổ số dn ct""","=""90""","=""0""","=""4""","=""Low""","=""false"""
"=""xổ số dn hôm nay""","=""90""","=""0""","=""5""","=""Low""","=""false"""
"=""xổ số dt 30 ngày""","=""90""","=""0""","=""5""","=""Low""","=""false"""
"=""xổ số game""","=""90""","=""1.25""","=""3""","=""Low""","=""false"""
"=""xổ số kg hôm nay""","=""90""","=""0""","=""5""","=""Low""","=""false"""
"=""xổ số klến thlết""","=""90""","=""0""","=""4""","=""Low""","=""false"""
"=""xổ số kt huế""","=""90""","=""0""","=""4""","=""Low""","=""false"""
"=""xổ số kt gia lai""","=""90""","=""0""","=""5""","=""Low""","=""false"""
"=""xổ số max 3d là gì""","=""90""","=""0""","=""6""","=""Low""","=""true"""
"=""xổ số ml miền bắc""","=""90""","=""0""","=""5""","=""Low""","=""true"""
"=""xổ số mỹ ngọc""","=""90""","=""0""","=""4""","=""Low""","=""false"""
"=""xổ số năm miền""","=""90""","=""0""","=""4""","=""Low""","=""false"""
"=""xổ số nam định 60 ngày""","=""90""","=""0""","=""6""","=""Low""","=""false"""
"=""xổ số nthuan""","=""90""","=""0""","=""3""","=""Low""","=""true"""
"=""xổ số sms""","=""90""","=""0""","=""3""","=""Low""","=""false"""
"=""xổ số xsmn miền nam""","=""90""","=""0""","=""5""","=""Low""","=""true"""
"=""xổ số tn 30 ngày""","=""90""","=""0""","=""5""","=""Low""","=""false"""
"=""xổ số vé cào cần thơ""","=""90""","=""0""","=""6""","=""Low""","=""false"""
"=""xổ số vt hôm nay""","=""90""","=""0""","=""5""","=""Low""","=""false"""
"=""xổ số của ngày hôm qua""","=""90""","=""0""","=""6""","=""Low""","=""true"""
"=""xổ số của miền bắc""","=""90""","=""0""","=""5""","=""Low""","=""false"""
"=""xổ số không được""","=""90""","=""0""","=""4""","=""Low""","=""false"""
"=""xổ số lào cai""","=""90""","=""0""","=""4""","=""Low""","=""false"""
"=""xổ số hà nội thứ 6 tuần rồi""","=""70""","=""0""","=""8""","=""Low""","=""false"""
"=""xổ số vietlott atrungroi""","=""70""","=""0""","=""4""","=""Low""","=""false"""
"=""xổ số đa""","=""70""","=""0""","=""3""","=""Low""","=""false"""
"=""xổ số forme""","=""70""","=""0""","=""3""","=""Low""","=""false"""
"=""xổ số gan""","=""70""","=""0""","=""3""","=""Low""","=""false"""
"=""xổ số hg hôm nay""","=""70""","=""0""","=""5""","=""Low""","=""true"""
"=""xổ số miền nam t5 ht""","=""70""","=""0""","=""6""","=""Low""","=""true"""
"=""xổ số keno cách chơi""","=""70""","=""0""","=""5""","=""Low""","=""false"""
"=""xổ số kg hang tuan""","=""70""","=""0""","=""5""","=""Low""","=""false"""
"=""xổ số kt tphcm""","=""70""","=""0""","=""4""","=""Low""","=""false"""
"=""xổ số kt bình dương""","=""70""","=""0""","=""5""","=""Low""","=""false"""
"=""xổ số kt quảng nam""","=""70""","=""0""","=""5""","=""Low""","=""false"""
"=""xổ số max 3d ngày hôm nay""","=""70""","=""0""","=""7""","=""Low""","=""true"""
"=""xổ số nam định hàng tuần""","=""70""","=""0""","=""6""","=""Low""","=""false"""
"=""xổ số toán miền bắc""","=""70""","=""0""","=""5""","=""Low""","=""false"""
"=""xổ số tt miền bắc""","=""70""","=""0""","=""5""","=""Low""","=""false"""
"=""xổ số vn24h""","=""70""","=""0""","=""3""","=""Low""","=""false"""
"=""xổ số vl minh ngọc""","=""70""","=""0""","=""5""","=""Low""","=""false"""
"=""xổ số youtube""","=""70""","=""0""","=""3""","=""Low""","=""false"""
"=""xổ số yên bái""","=""70""","=""0""","=""4""","=""Low""","=""false"""
"=""xổ số vietlott là gì""","=""70""","=""0""","=""5""","=""Low""","=""false"""
"=""xổ số 24h ngày hôm nay""","=""50""","=""0""","=""6""","=""Low""","=""false"""
"=""xổ số bd hôm nay""","=""50""","=""0""","=""5""","=""Low""","=""false"""
"=""xổ số cm hôm nay""","=""50""","=""0""","=""5""","=""Low""","=""false"""
"=""xổ số cn hàng tuần minh ngọc""","=""50""","=""0""","=""7""","=""Low""","=""true"""
"=""xổ số con voi""","=""50""","=""0""","=""4""","=""Low""","=""false"""
"=""xổ số em""","=""50""","=""0""","=""3""","=""Low""","=""false"""
"=""xổ số free miền trung""","=""50""","=""0""","=""5""","=""Low""","=""false"""
"=""xổ số huế phú yên hàng tuần""","=""50""","=""0""","=""7""","=""Low""","=""false"""
"=""xổ số miền bắc t2 ht""","=""50""","=""0""","=""6""","=""Low""","=""false"""
"=""xổ số la hôm nay""","=""50""","=""0""","=""5""","=""Low""","=""true"""
"=""xổ số lan""","=""50""","=""0""","=""3""","=""Low""","=""true"""
"=""xổ số tùm lum""","=""50""","=""0""","=""4""","=""Low""","=""false"""
"=""xổ số max 4d""","=""50""","=""0""","=""4""","=""Low""","=""false"""
"=""xổ số ml miền trung""","=""50""","=""0""","=""5""","=""Low""","=""true"""
"=""xổ số mỹ ngọc hôm nay""","=""50""","=""0""","=""6""","=""Low""","=""false"""
"=""xổ số nhà nước""","=""50""","=""0""","=""4""","=""Low""","=""true"""
"=""xổ số hôm nay ok""","=""50""","=""0""","=""5""","=""Low""","=""false"""
"=""xổ số piano""","=""50""","=""0""","=""3""","=""Low""","=""false"""
"=""xổ số plus hôm nay""","=""50""","=""0""","=""5""","=""Low""","=""false"""
"=""xổ số png""","=""50""","=""0""","=""3""","=""Low""","=""false"""
"=""xổ số max pro hôm nay""","=""50""","=""0""","=""6""","=""Low""","=""false"""
"=""xổ số qt""","=""50""","=""0""","=""3""","=""Low""","=""true"""
"=""xổ số qtri hôm nay""","=""50""","=""0""","=""5""","=""Low""","=""false"""
"=""xổ số kiến thiets""","=""50""","=""0""","=""4""","=""Low""","=""true"""
"=""xổ số singapore hôm nay""","=""50""","=""0""","=""5""","=""Low""","=""true"""
"=""xổ số siêu tốc có bịp không""","=""50""","=""0""","=""7""","=""Low""","=""false"""
"=""xổ số xsmn hôm nay""","=""50""","=""0""","=""5""","=""Low""","=""false"""
"=""xổ số st hôm nay""","=""50""","=""0""","=""5""","=""Low""","=""false"""
"=""xổ số strang""","=""50""","=""0""","=""3""","=""Low""","=""false"""
"=""xổ số tth hôm nay""","=""50""","=""0""","=""5""","=""Low""","=""false"""
"=""xổ số tv hôm nay""","=""50""","=""0""","=""5""","=""Low""","=""true"""
"=""xổ số về con gì""","=""50""","=""0""","=""5""","=""Low""","=""false"""
"=""xổ số nào""","=""50""","=""0""","=""3""","=""Low""","=""true"""
"=""xổ số hôm nào nghỉ tết""","=""50""","=""0""","=""6""","=""Low""","=""false"""
"=""xổ số không""","=""50""","=""0""","=""3""","=""Low""","=""false"""
"=""xổ số không biết""","=""50""","=""0""","=""4""","=""Low""","=""false"""
"=""xổ số miền bắc bữa thứ 6""","=""40""","=""0""","=""7""","=""Low""","=""false"""
"=""xổ số ag minh ngọc""","=""40""","=""0""","=""5""","=""Low""","=""false"""
"=""xổ số buổi chiều hôm qua""","=""40""","=""0""","=""6""","=""Low""","=""true"""
"=""xổ số cantho""","=""40""","=""0""","=""3""","=""Low""","=""false"""
"=""xổ số cn miền trung""","=""40""","=""0""","=""5""","=""Low""","=""false"""
"=""xổ số cn mt""","=""40""","=""0""","=""4""","=""Low""","=""false"""
"=""xổ số dsaf lạt""","=""40""","=""0""","=""4""","=""Low""","=""false"""
"=""xổ số dsaf nẵng hôm nay""","=""40""","=""0""","=""6""","=""Low""","=""true"""
"=""xổ số forever""","=""40""","=""0""","=""3""","=""Low""","=""false"""
"=""xổ số hoof chí minh""","=""40""","=""0""","=""5""","=""Low""","=""false"""
"=""xổ số hqua miền nam""","=""40""","=""0""","=""5""","=""Low""","=""false"""
"=""xổ số ml miền nam""","=""40""","=""0""","=""5""","=""Low""","=""false"""
"=""xổ số mỹ powerball""","=""40""","=""0""","=""4""","=""Low""","=""false"""
"=""xổ số nam định 30""","=""40""","=""0""","=""5""","=""Low""","=""true"""
"=""xổ số vietlott pro""","=""40""","=""0""","=""4""","=""Low""","=""true"""
"=""xổ số 3d pro minh ngọc""","=""40""","=""0""","=""6""","=""Low""","=""false"""
"=""xổ số 3d pro vietlott""","=""40""","=""0""","=""5""","=""Low""","=""false"""
"=""xổ số thinhnam result""","=""40""","=""0""","=""4""","=""Low""","=""false"""
"=""xổ số tg hàng tuần""","=""40""","=""0""","=""5""","=""Low""","=""false"""
"=""xổ số tn hôm nay""","=""40""","=""0""","=""5""","=""Low""","=""true"""
"=""xổ số miền bắc tl""","=""40""","=""0""","=""5""","=""Low""","=""false"""
"=""xổ số miền nam tl""","=""40""","=""0""","=""5""","=""Low""","=""false"""
"=""xổ số vé tàu cần thơ""","=""40""","=""0""","=""6""","=""Low""","=""false"""
"=""xổ số vlog""","=""40""","=""0""","=""3""","=""Low""","=""true"""
"=""xổ số 4d singapore""","=""40""","=""0""","=""4""","=""Low""","=""false"""
"=""xổ số yên bái hôm nay""","=""40""","=""0""","=""6""","=""Low""","=""false"""
"=""xổ số tỉnh nào""","=""40""","=""0""","=""4""","=""Low""","=""false"""
"=""xổ số hôm nào quay sau tết""","=""40""","=""0""","=""7""","=""Low""","=""false"""
"=""xổ số trong vòng một tháng""","=""40""","=""0""","=""6""","=""Low""","=""true"""
"=""xổ số miền nam không có quảng cáo""","=""40""","=""0""","=""8""","=""Low""","=""false"""
"=""xổ số bạn đêm""","=""30""","=""0""","=""4""","=""Low""","=""false"""
"=""xổ số trúng net""","=""30""","=""0""","=""4""","=""Low""","=""false"""
"=""xổ số app""","=""30""","=""1.7""","=""3""","=""Low""","=""false"""
"=""xổ số asean""","=""30""","=""0""","=""3""","=""Low""","=""false"""
"=""xổ số blah trung xổ số miền trung""","=""30""","=""0""","=""8""","=""Low""","=""false"""
"=""xổ số bph""","=""30""","=""0""","=""3""","=""Low""","=""false"""
"=""xổ số đề về bao nhiêu""","=""30""","=""0""","=""6""","=""Low""","=""true"""
"=""xổ số đề hôm qua""","=""30""","=""0""","=""5""","=""Low""","=""false"""
"=""xổ số đề miền bắc hôm qua""","=""30""","=""0""","=""7""","=""Low""","=""false"""
"=""xổ số dth""","=""30""","=""0""","=""3""","=""Low""","=""false"""
"=""xổ số euromillions""","=""30""","=""0""","=""3""","=""Low""","=""false"""
"=""xổ số gl hôm nay""","=""30""","=""0""","=""5""","=""Low""","=""true"""
"=""xổ số hai tuần trước""","=""30""","=""0""","=""5""","=""Low""","=""false"""
"=""xổ số hg minh ngọc""","=""30""","=""0""","=""5""","=""Low""","=""false"""
"=""xổ số karaoke""","=""30""","=""0""","=""3""","=""Low""","=""false"""
"=""xổ số khánh hòa kon tum hàng tuần""","=""30""","=""0""","=""8""","=""Low""","=""false"""
"=""xổ số la mã""","=""30""","=""0""","=""4""","=""Low""","=""false"""
"=""xổ số lhanhs hoà""","=""30""","=""0""","=""4""","=""Low""","=""true"""
"=""xổ số nhanh miền bắc""","=""30""","=""0""","=""5""","=""Low""","=""false"""
"=""xổ số max3d pro""","=""30""","=""0""","=""4""","=""Low""","=""false"""
"=""xổ số qbinh hôm nay""","=""30""","=""0""","=""5""","=""Low""","=""true"""
"=""xổ số random""","=""30""","=""0""","=""3""","=""Low""","=""false"""
"=""xổ số bà ria vũng tàu hôm nay""","=""30""","=""0""","=""8""","=""Low""","=""false"""
"=""xổ số saigon""","=""30""","=""0""","=""3""","=""Low""","=""false"""
"=""xổ số sau sáp nhập""","=""30""","=""0""","=""5""","=""Low""","=""false"""
"=""xổ số sg""","=""30""","=""0""","=""3""","=""Low""","=""false"""
"=""xổ số xsmb hôm nay""","=""30""","=""0""","=""5""","=""Low""","=""true"""
"=""xổ số st ct""","=""30""","=""0""","=""4""","=""Low""","=""false"""
"=""xổ số ssos kiến thiết""","=""30""","=""0""","=""5""","=""Low""","=""false"""
"=""xổ số tp hcm ngày 13 tháng 6""","=""30""","=""0""","=""8""","=""Low""","=""false"""
"=""xổ số toto singapore""","=""30""","=""0""","=""4""","=""Low""","=""true"""
"=""xổ số vr việt nam""","=""30""","=""0""","=""5""","=""Low""","=""true"""
"=""xổ số wap miền bắc 30 ngày""","=""30""","=""0""","=""7""","=""Low""","=""false"""
"=""xổ số thẻ xanh mỹ""","=""30""","=""0""","=""5""","=""Low""","=""false"""
"=""xổ số nào dễ trúng nhất""","=""30""","=""0""","=""6""","=""Low""","=""false"""
"=""xổ số ngày nào""","=""30""","=""0""","=""4""","=""Low""","=""false"""
"=""xổ số cào là gì""","=""30""","=""0""","=""5""","=""Low""","=""false"""
"=""xổ số của""","=""30""","=""0""","=""3""","=""Low""","=""false"""
"=""xổ số trên mạng""","=""30""","=""2.44""","=""4""","=""Low""","=""false"""
"=""xổ số có mấy số""","=""30""","=""0""","=""5""","=""Low""","=""false"""
"=""xổ số trong""","=""30""","=""0""","=""3""","=""Low""","=""true"""
"=""xổ số 2022""","=""20""","=""0""","=""3""","=""Low""","=""false"""
"=""xổ số miền bắc ai biết""","=""20""","=""0""","=""6""","=""Low""","=""false"""
"=""xổ số 6 app""","=""20""","=""0""","=""4""","=""Low""","=""false"""
"=""xổ số bp hôm nay""","=""20""","=""0""","=""5""","=""Low""","=""false"""
"=""xổ số brazil""","=""20""","=""0""","=""3""","=""Low""","=""false"""
"=""xổ số buổi tối hôm nay""","=""20""","=""0""","=""6""","=""Low""","=""false"""
"=""xổ số canada""","=""20""","=""0""","=""3""","=""Low""","=""false"""
"=""xổ số cm minh ngọc""","=""20""","=""0""","=""5""","=""Low""","=""false"""
"=""xổ số cn mb""","=""20""","=""0""","=""4""","=""Low""","=""false"""
"=""xổ số cn miền nam""","=""20""","=""0""","=""5""","=""Low""","=""true"""
"=""xổ số coi""","=""20""","=""0""","=""3""","=""Low""","=""false"""
"=""xổ số cuối tuần""","=""20""","=""0""","=""4""","=""Low""","=""false"""
"=""xổ số dl hôm nay""","=""20""","=""0""","=""5""","=""Low""","=""false"""
"=""xổ số dt minh ngọc""","=""20""","=""0""","=""5""","=""Low""","=""false"""
"=""xổ số hd""","=""20""","=""0""","=""3""","=""Low""","=""false"""
"=""xổ số con heo đất""","=""20""","=""0""","=""5""","=""Low""","=""false"""
"=""xổ số con heo""","=""20""","=""0""","=""4""","=""Low""","=""false"""
"=""xổ số hoá đơn đài loan""","=""20""","=""0""","=""6""","=""Low""","=""false"""
"=""xổ số mt thứ 5 ht""","=""20""","=""0""","=""6""","=""Low""","=""true"""
"=""xổ số jackpot 1""","=""20""","=""0""","=""4""","=""Low""","=""false"""
"=""xổ số jumbo nhật bản 2026""","=""20""","=""0""","=""6""","=""Low""","=""false"""
"=""xổ số jumbo nhật bản 2025""","=""20""","=""0""","=""6""","=""Low""","=""false"""
"=""xổ số laos""","=""20""","=""0""","=""3""","=""Low""","=""true"""
"=""xổ số bình luận""","=""20""","=""0""","=""4""","=""Low""","=""false"""
"=""xổ số mh""","=""20""","=""0""","=""3""","=""Low""","=""false"""
"=""xổ số org""","=""20""","=""0""","=""3""","=""Low""","=""false"""
"=""xổ số ra""","=""20""","=""0""","=""3""","=""Low""","=""false"""
"=""xổ số remix""","=""20""","=""0""","=""3""","=""Low""","=""false"""
"=""xổ số sai 1 số giải đặc biệt""","=""20""","=""0""","=""8""","=""Low""","=""false"""
"=""xổ số miền băc shoom nay""","=""20""","=""0""","=""6""","=""Low""","=""true"""
"=""xổ số sk""","=""20""","=""0""","=""3""","=""Low""","=""false"""
"=""xổ số tv 30 ngày""","=""20""","=""0""","=""5""","=""Low""","=""false"""
"=""xổ số công ty""","=""20""","=""0""","=""4""","=""Low""","=""true"""
"=""xổ số công ty đại phát""","=""20""","=""0""","=""6""","=""Low""","=""false"""
"=""xổ số mega millions usa""","=""20""","=""0""","=""5""","=""Low""","=""false"""
"=""xổ số vcoin là gì""","=""20""","=""0""","=""5""","=""Low""","=""false"""
"=""xổ số ba world""","=""20""","=""0""","=""4""","=""Low""","=""false"""
"=""xổ số minh ngọchttps www minhngoc net vnminh ngọc""","=""20""","=""0""","=""9""","=""Low""","=""false"""
"=""xổ số xe""","=""20""","=""0""","=""3""","=""Low""","=""false"""
"=""xổ số bao nhiêu tiền""","=""20""","=""0""","=""5""","=""Low""","=""true"""
"=""xổ số tính như thế nào""","=""20""","=""0""","=""6""","=""Low""","=""false"""
"=""xổ số loto là gì""","=""20""","=""0""","=""5""","=""Low""","=""false"""
"=""xổ số online là gì""","=""20""","=""0""","=""5""","=""Low""","=""false"""
"=""xổ số có phải cờ bạc không""","=""20""","=""0""","=""7""","=""Low""","=""true"""
"=""xổ số có bao nhiêu giải""","=""20""","=""0""","=""6""","=""Low""","=""false"""
"=""xổ số có bịp không""","=""20""","=""0""","=""5""","=""Low""","=""false"""
"=""xổ số lào cai hôm nay""","=""20""","=""0""","=""6""","=""Low""","=""false"""
"=""xổ số miền nam để coi""","=""20""","=""0""","=""6""","=""Low""","=""false"""
"=""xổ số miền bắc để coi""","=""20""","=""0""","=""6""","=""Low""","=""false"""
"=""xổ số tiền giang với kiên giang""","=""20""","=""0""","=""7""","=""Low""","=""false"""
"=""xổ số miền bắc không có""","=""20""","=""0""","=""6""","=""Low""","=""true"""
"=""xổ số miền trung không có quảng cáo""","=""20""","=""0""","=""8""","=""Low""","=""false"""
"=""xo so nam net""","=""10""","=""0""","=""4""","=""Low""","=""false"""
"=""xo so trung net""","=""10""","=""0""","=""4""","=""Low""","=""false"""
"=""xo so24h""","=""10""","=""0""","=""2""","=""Low""","=""true"""
"=""xổ số 24h minh ngọc 24""","=""10""","=""0""","=""6""","=""Low""","=""false"""
"=""xổ số bắc net""","=""10""","=""0""","=""4""","=""Low""","=""false"""
"=""xổ số miền nam thứ từ hàng""","=""10""","=""0""","=""7""","=""Low""","=""false"""
"=""xổ số vnloto""","=""10""","=""0""","=""3""","=""Low""","=""false"""
"=""xổ số xosoketqua""","=""10""","=""0""","=""3""","=""Low""","=""false"""
"=""xổ số arizona""","=""10""","=""0""","=""3""","=""Low""","=""false"""
"=""xổ số bth hôm nay""","=""10""","=""0""","=""5""","=""Low""","=""true"""
"=""xổ số bth bình thuận""","=""10""","=""0""","=""5""","=""Low""","=""false"""
"=""xổ số canada hôm nay""","=""10""","=""0""","=""5""","=""Low""","=""false"""
"=""xổ số cnhat""","=""10""","=""0""","=""3""","=""Low""","=""true"""
"=""xổ số cn tuần trước""","=""10""","=""0""","=""5""","=""Low""","=""false"""
"=""xổ số con mèo số mấy""","=""10""","=""0""","=""6""","=""Low""","=""false"""
"=""xổ số croatia""","=""10""","=""0""","=""3""","=""Low""","=""false"""
"=""xổ số cuối năm nhật bản 2025""","=""10""","=""0""","=""7""","=""Low""","=""false"""
"=""xổ số cuối năm của nhật""","=""10""","=""0""","=""6""","=""Low""","=""false"""
"=""xổ số cuối cùng""","=""10""","=""0""","=""4""","=""Low""","=""false"""
"=""xổ số cuộc đời""","=""10""","=""0""","=""4""","=""Low""","=""false"""
"=""xổ số ddoongf nai hôm nay""","=""10""","=""0""","=""6""","=""Low""","=""true"""
"=""xổ số dno""","=""10""","=""0""","=""3""","=""Low""","=""false"""
"=""xổ số doc trang""","=""10""","=""0""","=""4""","=""Low""","=""true"""
"=""xổ số dream nhật""","=""10""","=""0""","=""4""","=""Low""","=""false"""
"=""xổ số dt hôm nay""","=""10""","=""0""","=""5""","=""Low""","=""false"""
"=""xổ số euro""","=""10""","=""0""","=""3""","=""Low""","=""false"""
"=""xổ số euro hôm nay""","=""10""","=""0""","=""5""","=""Low""","=""false"""
"=""xổ số facebook""","=""10""","=""0""","=""3""","=""Low""","=""false"""
"=""xổ số miền nam facebook""","=""10""","=""0""","=""5""","=""Low""","=""true"""
"=""xổ số minh ngọc facebook""","=""10""","=""0""","=""5""","=""Low""","=""false"""
"=""xổ số may mắn fc online""","=""10""","=""0""","=""6""","=""Low""","=""false"""
"=""xổ số free trà vinh""","=""10""","=""0""","=""5""","=""Low""","=""false"""
"=""xổ số free""","=""10""","=""0""","=""3""","=""Low""","=""false"""
"=""xổ số grand lisboa""","=""10""","=""0""","=""4""","=""Low""","=""false"""
"=""xổ số hệ thống""","=""10""","=""0""","=""4""","=""Low""","=""false"""
"=""xổ số hóa đơn đài loan tháng 5 6 2026""","=""10""","=""0""","=""10""","=""Low""","=""false"""
"=""xổ số bang illinois""","=""10""","=""0""","=""4""","=""Low""","=""false"""
"=""xổ số jackpot vietlott""","=""10""","=""0""","=""4""","=""Low""","=""false"""
"=""xổ số jackpot power""","=""10""","=""0""","=""4""","=""Low""","=""false"""
"=""xổ số jackpot là gì""","=""10""","=""0""","=""5""","=""Low""","=""false"""
"=""xổ số jumbo nhật bản 2024""","=""10""","=""0""","=""6""","=""Low""","=""false"""
"=""xổ số jumbo""","=""10""","=""0""","=""3""","=""Low""","=""false"""
"=""xổ số jumbo cuối năm nhật bản 2024""","=""10""","=""0""","=""8""","=""Low""","=""false"""
"=""xổ số karaoke tone nữ""","=""10""","=""0""","=""5""","=""Low""","=""false"""
"=""xổ số karaoke remix""","=""10""","=""0""","=""4""","=""Low""","=""false"""
"=""xổ số miền karaoke""","=""10""","=""0""","=""4""","=""Low""","=""false"""
"=""xổ số kg minh ngọc""","=""10""","=""0""","=""5""","=""Low""","=""false"""
"=""xổ số klến thlết khánh hoà""","=""10""","=""0""","=""6""","=""Low""","=""false"""
"=""xổ số klến thlết huế""","=""10""","=""0""","=""5""","=""Low""","=""true"""
"=""xổ số ku""","=""10""","=""0""","=""3""","=""Low""","=""false"""
"=""xổ số kỹ thuật""","=""10""","=""0""","=""4""","=""Low""","=""false"""
"=""xổ số laos hôm nay""","=""10""","=""0""","=""5""","=""Low""","=""true"""
"=""xổ số lq""","=""10""","=""0""","=""3""","=""Low""","=""false"""
"=""xổ số luôn""","=""10""","=""0""","=""3""","=""Low""","=""false"""
"=""xổ số luckybest""","=""10""","=""0""","=""3""","=""Low""","=""false"""
"=""xổ số mg""","=""10""","=""0""","=""3""","=""Low""","=""true"""
"=""xổ số mch""","=""10""","=""0""","=""3""","=""Low""","=""false"""
"=""xổ số ml""","=""10""","=""0""","=""3""","=""Low""","=""false"""
"=""xổ số nn""","=""10""","=""0""","=""3""","=""Low""","=""false"""
"=""xổ số nt hôm nay""","=""10""","=""0""","=""5""","=""Low""","=""false"""
"=""xổ số miền bắc ok google""","=""10""","=""0""","=""6""","=""Low""","=""false"""
"=""xổ số paraguay""","=""10""","=""0""","=""3""","=""Low""","=""false"""
"=""xổ số petaball""","=""10""","=""0""","=""3""","=""Low""","=""false"""
"=""xổ số pennsylvania""","=""10""","=""0""","=""3""","=""Low""","=""false"""
"=""xổ số thủ đô piano""","=""10""","=""0""","=""5""","=""Low""","=""false"""
"=""xổ số pleiku""","=""10""","=""0""","=""3""","=""Low""","=""false"""
"=""xổ số plus xsmb""","=""10""","=""0""","=""4""","=""Low""","=""false"""
"=""xổ số việt plus""","=""10""","=""0""","=""4""","=""Low""","=""false"""
"=""xổ số ra con gì""","=""10""","=""0""","=""5""","=""Low""","=""false"""
"=""xổ số radio music ai""","=""10""","=""0""","=""5""","=""Low""","=""false"""
"=""xổ số real madrid""","=""10""","=""0""","=""4""","=""Low""","=""false"""
"=""xổ số sao""","=""10""","=""0""","=""3""","=""Low""","=""false"""
"=""xổ số sau khi sáp nhập""","=""10""","=""0""","=""6""","=""Low""","=""false"""
"=""xổ số sau sáp nhập tỉnh""","=""10""","=""0""","=""6""","=""Low""","=""false"""
"=""xổ số seven""","=""10""","=""0""","=""3""","=""Low""","=""false"""
"=""xổ số seven đài loan""","=""10""","=""0""","=""5""","=""Low""","=""false"""
"=""xổ số seven đài loan tháng 7 8""","=""10""","=""0""","=""8""","=""Low""","=""false"""
"=""xổ số seven đài loan tháng 11 12""","=""10""","=""0""","=""8""","=""Low""","=""false"""
"=""xổ số seven đài loan tháng 9 10""","=""10""","=""0""","=""8""","=""Low""","=""false"""
"=""xổ số siêu tốc 5 phút đầu đuôi""","=""10""","=""0""","=""8""","=""Low""","=""false"""
"=""xổ số wap sh""","=""10""","=""0""","=""4""","=""Low""","=""false"""
"=""xổ số st minh ngọc""","=""10""","=""0""","=""5""","=""Low""","=""false"""
"=""xổ số superlotto""","=""10""","=""0""","=""3""","=""Low""","=""true"""
"=""xổ số su""","=""10""","=""0""","=""3""","=""Low""","=""false"""
"=""xổ số tỷ phú""","=""10""","=""0""","=""4""","=""Low""","=""false"""
"=""xổ số úc""","=""10""","=""0""","=""3""","=""Low""","=""false"""
"=""xổ số úc hôm nay""","=""10""","=""0""","=""5""","=""Low""","=""false"""
"=""xổ số uruguay""","=""10""","=""0""","=""3""","=""Low""","=""false"""
"=""xổ số usa""","=""10""","=""0""","=""3""","=""Low""","=""false"""
"=""xổ số valentine ở nhật""","=""10""","=""0""","=""5""","=""Low""","=""false"""
"=""xổ số valentine jumbo""","=""10""","=""0""","=""4""","=""Low""","=""false"""
"=""xổ số và lô đề""","=""10""","=""0""","=""5""","=""Low""","=""false"""
"=""xổ số vcoin""","=""10""","=""0""","=""3""","=""Low""","=""false"""
"=""xổ số vega""","=""10""","=""0""","=""3""","=""Low""","=""false"""
"=""xổ số vé cào""","=""10""","=""0""","=""4""","=""Low""","=""false"""
"=""xổ số vé""","=""10""","=""0""","=""3""","=""Low""","=""false"""
"=""xổ số vnp""","=""10""","=""0""","=""3""","=""Low""","=""false"""
"=""xổ số vr""","=""10""","=""0""","=""3""","=""Low""","=""false"""
"=""xổ số vung tau 7 7""","=""10""","=""0""","=""6""","=""Low""","=""true"""
"=""xổ số world cup""","=""10""","=""0""","=""4""","=""Low""","=""false"""
"=""xổ số world cup hôm nay""","=""10""","=""0""","=""6""","=""Low""","=""false"""
"=""xổ số wiki""","=""10""","=""0""","=""3""","=""Low""","=""false"""
"=""xổ số miền bắc wiki""","=""10""","=""0""","=""5""","=""Low""","=""false"""
"=""xổ số miền nam www xoso138 com""","=""10""","=""0""","=""7""","=""Low""","=""false"""
"=""xổ số thẻ xanh""","=""10""","=""0""","=""4""","=""Low""","=""false"""
"=""xổ số miền xa""","=""10""","=""0""","=""4""","=""Low""","=""false"""
"=""xổ số trà xanh""","=""10""","=""0""","=""4""","=""Low""","=""false"""
"=""xổ số xe phương trang""","=""10""","=""0""","=""5""","=""Low""","=""false"""
"=""xổ số phu yen 23 2""","=""10""","=""0""","=""6""","=""Low""","=""false"""
"=""xổ số phu yen 16 2""","=""10""","=""0""","=""6""","=""Low""","=""false"""
"=""xổ số phu yen 1 9 2025""","=""10""","=""0""","=""7""","=""Low""","=""false"""
"=""xổ số phu yen 9 2""","=""10""","=""0""","=""6""","=""Low""","=""false"""
"=""xổ số phu yen 8 12""","=""10""","=""0""","=""6""","=""Low""","=""false"""
"=""xổ số new york""","=""10""","=""0""","=""4""","=""Low""","=""false"""
"=""xổ số zalo""","=""10""","=""0""","=""3""","=""Low""","=""true"""
"=""xổ số miền nam zalo""","=""10""","=""0""","=""5""","=""Low""","=""false"""
"=""xổ số new zealand""","=""10""","=""0""","=""4""","=""Low""","=""false"""
"=""xổ số miền bắc zzz""","=""10""","=""0""","=""5""","=""Low""","=""false"""
"=""xổ số j""","=""10""","=""0""","=""3""","=""Low""","=""false"""
"=""xổ số rào nam""","=""10""","=""0""","=""4""","=""Low""","=""false"""
"=""xổ số miền nam z""","=""10""","=""0""","=""5""","=""Low""","=""false"""
"=""xổ số bao nhiêu tiền 1 vé""","=""10""","=""0""","=""7""","=""Low""","=""false"""
"=""xổ số vietlott như thế nào là trúng""","=""10""","=""0""","=""8""","=""Low""","=""true"""
"=""xổ số hạng là gì""","=""10""","=""0""","=""5""","=""Low""","=""true"""
"=""xổ số 6x36 là gì""","=""10""","=""0""","=""5""","=""Low""","=""false"""
"=""xổ số từ""","=""10""","=""0""","=""3""","=""Low""","=""false"""
"=""xổ số từ thứ hai đến chủ nhật""","=""10""","=""0""","=""8""","=""Low""","=""false"""
"=""xổ số của mỹ""","=""10""","=""0""","=""4""","=""Low""","=""false"""
"=""xổ số của ngày""","=""10""","=""0""","=""4""","=""Low""","=""false"""
"=""xổ số của đài""","=""10""","=""0""","=""4""","=""Low""","=""false"""
"=""xổ số của nhật""","=""10""","=""0""","=""4""","=""Low""","=""false"""
"=""xổ số trên momo""","=""10""","=""0""","=""4""","=""Low""","=""false"""
"=""xổ số có từ năm nào""","=""10""","=""0""","=""6""","=""Low""","=""false"""
"=""xổ số có mấy giải""","=""10""","=""0""","=""5""","=""Low""","=""true"""
"=""xổ số có từ bao giờ""","=""10""","=""0""","=""6""","=""Low""","=""false"""
"=""xổ số có bao nhiêu lô""","=""10""","=""0""","=""6""","=""Low""","=""false"""
"=""xổ số lào ngày hôm qua""","=""10""","=""0""","=""6""","=""Low""","=""false"""
"=""xổ số lào ngày 19 tháng 12""","=""10""","=""0""","=""7""","=""Low""","=""false"""
"=""xổ số với lô đề khác nhau như thế nào""","=""10""","=""0""","=""10""","=""Low""","=""true"""
"=""xổ số long an với hậu giang""","=""10""","=""0""","=""7""","=""Low""","=""false"""
"=""xổ số miền nam aa""","=""0""","=""0""","=""5""","=""Low""","=""false"""
"=""xổ số ab""","=""0""","=""0""","=""3""","=""Low""","=""false"""
"=""xổ số ab là sao""","=""0""","=""0""","=""5""","=""Low""","=""false"""
"=""xổ số vietlott ab""","=""0""","=""0""","=""4""","=""Low""","=""false"""
"=""xổ số agi""","=""0""","=""0""","=""3""","=""Low""","=""false"""
"=""xổ số ah""","=""0""","=""0""","=""3""","=""Low""","=""false"""
"=""xổ số ai""","=""0""","=""0""","=""3""","=""Low""","=""false"""
"=""xổ số ai cập""","=""0""","=""0""","=""4""","=""Low""","=""false"""
"=""xổ số của ai""","=""0""","=""0""","=""4""","=""Low""","=""false"""
"=""xổ số do ai quản lý""","=""0""","=""0""","=""6""","=""Low""","=""false"""
"=""xổ số vietlott ai quản lý""","=""0""","=""0""","=""6""","=""Low""","=""false"""
"=""xổ số ak""","=""0""","=""0""","=""3""","=""Low""","=""false"""
"=""xổ số alô""","=""0""","=""0""","=""3""","=""Low""","=""false"""
"=""xổ số al""","=""0""","=""0""","=""3""","=""Low""","=""false"""
"=""xổ số alaska""","=""0""","=""0""","=""3""","=""Low""","=""false"""
"=""xổ số miền bắc alo""","=""0""","=""0""","=""5""","=""Low""","=""false"""
"=""xổ số hà nội alo""","=""0""","=""0""","=""5""","=""Low""","=""false"""
"=""xổ số miền nam alô""","=""0""","=""0""","=""5""","=""Low""","=""false"""
"=""xổ số miền trung alô""","=""0""","=""0""","=""5""","=""Low""","=""false"""
"=""xổ số số kiến thiết""","=""0""","=""0""","=""5""","=""Low""","=""false"""
"=""xổ số ảo""","=""0""","=""0""","=""3""","=""Low""","=""false"""
"=""xổ số api""","=""0""","=""0""","=""3""","=""Low""","=""false"""
"=""xổ số apk""","=""0""","=""0""","=""3""","=""Low""","=""false"""
"=""xổ số trên app""","=""0""","=""0""","=""4""","=""Low""","=""false"""
"=""xổ số vietlott app""","=""0""","=""0""","=""4""","=""Low""","=""false"""
"=""xổ số online app""","=""0""","=""0""","=""4""","=""Low""","=""false"""
"=""xổ số trên app mb""","=""0""","=""0""","=""5""","=""Low""","=""false"""
"=""xổ số argentina""","=""0""","=""0""","=""3""","=""Low""","=""false"""
"=""xổ số trận arsenal""","=""0""","=""0""","=""4""","=""Low""","=""false"""
"=""xổ số trực tiếp argentina""","=""0""","=""0""","=""5""","=""Low""","=""false"""
"=""xổ số atrungroi""","=""0""","=""0""","=""3""","=""Low""","=""false"""
"=""xổ số at""","=""0""","=""0""","=""3""","=""Low""","=""false"""
"=""xổ số power atrungroi""","=""0""","=""0""","=""4""","=""Low""","=""false"""
"=""xổ số max 3d atrungroi""","=""0""","=""0""","=""5""","=""Low""","=""false"""
"=""xổ số australia""","=""0""","=""0""","=""3""","=""Low""","=""false"""
"=""xổ số audio""","=""0""","=""0""","=""3""","=""Low""","=""false"""
"=""xổ số avatar""","=""0""","=""0""","=""3""","=""Low""","=""false"""
"=""xổ số be""","=""0""","=""0""","=""3""","=""Low""","=""false"""
"=""xổ số az miền nam""","=""0""","=""0""","=""5""","=""Low""","=""false"""
"=""xổ số az miền trung""","=""0""","=""0""","=""5""","=""Low""","=""false"""
"=""xổ số az vn hôm nay""","=""0""","=""0""","=""6""","=""Low""","=""false"""
"=""xổ số az mb 400 ngày""","=""0""","=""0""","=""6""","=""Low""","=""false"""
"=""xổ số az mb 500 ngày""","=""0""","=""0""","=""6""","=""Low""","=""false"""
"=""xổ số aza""","=""0""","=""0""","=""3""","=""Low""","=""false"""
"=""xổ số mb az""","=""0""","=""0""","=""4""","=""Low""","=""false"""
"=""xổ số bcm""","=""0""","=""0""","=""3""","=""Low""","=""false"""
"=""xổ số miền bcn""","=""0""","=""0""","=""4""","=""Low""","=""false"""
"=""xổ số bdh""","=""0""","=""0""","=""3""","=""Low""","=""false"""
"=""xổ số bb""","=""0""","=""0""","=""3""","=""Low""","=""false"""
"=""xổ số bbin""","=""0""","=""0""","=""3""","=""Low""","=""false"""
"=""xổ số miền bb""","=""0""","=""0""","=""4""","=""Low""","=""false"""
"=""xổ số miền nam bb""","=""0""","=""0""","=""5""","=""Low""","=""false"""
"=""xổ số miền bắc bb""","=""0""","=""0""","=""5""","=""Low""","=""false"""
"=""xổ số minh ng e1 bb 8dc miền nam""","=""0""","=""0""","=""9""","=""Low""","=""false"""
"=""xổ số minh ng e1 bb 8dc miền bắc""","=""0""","=""0""","=""9""","=""Low""","=""false"""
"=""xổ số minh ng e1 bb 8dc hôm nay""","=""0""","=""0""","=""9""","=""Low""","=""false"""
"=""xổ số minh ng e1 bb 8dc miền trung""","=""0""","=""0""","=""9""","=""Low""","=""false"""
"=""xổ số bh quay""","=""0""","=""0""","=""4""","=""Low""","=""false"""
"=""xổ số bh""","=""0""","=""0""","=""3""","=""Low""","=""false"""
"=""xổ số bht""","=""0""","=""0""","=""3""","=""Low""","=""false"""
"=""xổ số bn""","=""0""","=""0""","=""3""","=""Low""","=""false"""
"=""xổ số nay về bn""","=""0""","=""0""","=""5""","=""Low""","=""false"""
"=""xổ số bl""","=""0""","=""0""","=""3""","=""Low""","=""false"""
"=""xổ số bl hôm nay""","=""0""","=""0""","=""5""","=""Low""","=""false"""
"=""xổ số bl hàng tuần""","=""0""","=""0""","=""5""","=""Low""","=""false"""
"=""xổ số blah miền bắc""","=""0""","=""0""","=""5""","=""Low""","=""false"""
"=""xổ số bl minh ngọc""","=""0""","=""0""","=""5""","=""Low""","=""false"""
"=""xổ số blah nam""","=""0""","=""0""","=""4""","=""Low""","=""false"""
"=""xổ số bp 30 ngày""","=""0""","=""0""","=""5""","=""Low""","=""false"""
"=""xổ số bp 5 7""","=""0""","=""0""","=""5""","=""Low""","=""false"""
"=""xổ số bp 25 4""","=""0""","=""0""","=""5""","=""Low""","=""false"""
"=""xổ số bp 7 3""","=""0""","=""0""","=""5""","=""Low""","=""false"""
"=""xổ số bp 18 10""","=""0""","=""0""","=""5""","=""Low""","=""false"""
"=""xổ số bkav""","=""0""","=""0""","=""3""","=""Low""","=""false"""
"=""xổ số bt hôm nay""","=""0""","=""0""","=""5""","=""Low""","=""false"""
"=""xổ số bt 30 ngày""","=""0""","=""0""","=""5""","=""Low""","=""false"""
"=""xổ số buổi chiều ngày hôm nay""","=""0""","=""0""","=""7""","=""Low""","=""false"""
"=""xổ số buổi chiều thứ năm""","=""0""","=""0""","=""6""","=""Low""","=""false"""
"=""xổ số miền bắc by""","=""0""","=""0""","=""5""","=""Low""","=""false"""
"=""xổ số cc""","=""0""","=""0""","=""3""","=""Low""","=""false"""
"=""xổ số miền bắc cc""","=""0""","=""0""","=""5""","=""Low""","=""false"""
"=""xổ số miền nam cc""","=""0""","=""0""","=""5""","=""Low""","=""false"""
"=""xổ số bf""","=""0""","=""0""","=""3""","=""Low""","=""false"""
"=""xổ số ck""","=""0""","=""0""","=""3""","=""Low""","=""false"""
"=""xổ số bsc""","=""0""","=""0""","=""3""","=""Low""","=""false"""
"=""xổ số miền vs""","=""0""","=""0""","=""4""","=""Low""","=""false"""
"=""xổ số man city""","=""0""","=""0""","=""4""","=""Low""","=""false"""
"=""xổ số mega city""","=""0""","=""0""","=""4""","=""Low""","=""false"""
"=""xổ số hà nội city""","=""0""","=""0""","=""5""","=""Low""","=""false"""
"=""xổ số cm 30 ngày""","=""0""","=""0""","=""5""","=""Low""","=""false"""
"=""xổ số cm 27 10""","=""0""","=""0""","=""5""","=""Low""","=""false"""
"=""xổ số cuối""","=""0""","=""0""","=""3""","=""Low""","=""false"""
"=""xổ số cuối giải đặc biệt""","=""0""","=""0""","=""6""","=""Low""","=""false"""
"=""xổ số cuối năm nhật bản 2024""","=""0""","=""0""","=""7""","=""Low""","=""false"""
"=""xổ số cua""","=""0""","=""0""","=""3""","=""Low""","=""false"""
"=""xổ số cuối tuần chủ nhật""","=""0""","=""0""","=""6""","=""Low""","=""false"""
"=""xổ số miền nam cx""","=""0""","=""0""","=""5""","=""Low""","=""false"""
"=""xổ số db""","=""0""","=""0""","=""3""","=""Low""","=""false"""
"=""xổ số db miền bắc""","=""0""","=""0""","=""5""","=""Low""","=""false"""
"=""xổ số db mb""","=""0""","=""0""","=""4""","=""Low""","=""false"""
"=""xổ số ddoongf thaps""","=""0""","=""0""","=""4""","=""Low""","=""false"""
"=""xổ số ddaf latj""","=""0""","=""0""","=""4""","=""Low""","=""false"""
"=""xổ số dd""","=""0""","=""0""","=""3""","=""Low""","=""false"""
"=""xổ số kiến thiết ddoongf nai""","=""0""","=""0""","=""6""","=""Low""","=""false"""
"=""xổ số de""","=""0""","=""0""","=""3""","=""Low""","=""false"""
"=""xổ số dfoongf nai""","=""0""","=""0""","=""4""","=""Low""","=""false"""
"=""xổ số df""","=""0""","=""0""","=""3""","=""Low""","=""false"""
"=""xổ số bình dfinhj""","=""0""","=""0""","=""4""","=""Low""","=""false"""
"=""xổ số diễn đàn thần tài""","=""0""","=""0""","=""6""","=""Low""","=""false"""
"=""xổ số diễn đàn hôm nay""","=""0""","=""0""","=""6""","=""Low""","=""false"""
"=""xổ số diễn đàn xổ số ba miền""","=""0""","=""0""","=""8""","=""Low""","=""false"""
"=""xổ số diễn đàn xổ số miền bắc""","=""0""","=""0""","=""8""","=""Low""","=""false"""
"=""xổ số diễn đàn xổ số miền trung""","=""0""","=""0""","=""8""","=""Low""","=""false"""
"=""xổ số diễn đàn xổ số mobi""","=""0""","=""0""","=""7""","=""Low""","=""false"""
"=""xổ số diễn đàn xổ số miền nam hôm nay""","=""0""","=""0""","=""10""","=""Low""","=""false"""
"=""xổ số dng hôm nay""","=""0""","=""0""","=""5""","=""Low""","=""false"""
"=""xổ số dm""","=""0""","=""0""","=""3""","=""Low""","=""false"""
"=""xổ số dp""","=""0""","=""0""","=""3""","=""Low""","=""false"""
"=""xổ số dream jumbo 2026""","=""0""","=""0""","=""5""","=""Low""","=""false"""
"=""xổ số dream jumbo""","=""0""","=""0""","=""4""","=""Low""","=""false"""
"=""xổ số dsaf lạt hôm nay""","=""0""","=""0""","=""6""","=""Low""","=""false"""
"=""xổ số ds""","=""0""","=""0""","=""3""","=""Low""","=""false"""
"=""xổ số dsaf""","=""0""","=""0""","=""3""","=""Low""","=""false"""
"=""xổ số kiến thiết dsaf nẵng""","=""0""","=""0""","=""6""","=""Low""","=""false"""
"=""xổ số dt 90 ngày""","=""0""","=""0""","=""5""","=""Low""","=""false"""
"=""xổ số duy""","=""0""","=""0""","=""3""","=""Low""","=""false"""
"=""xổ số miền bắc ehoiviet com""","=""0""","=""0""","=""6""","=""Low""","=""false"""
"=""xổ số em yêu""","=""0""","=""0""","=""4""","=""Low""","=""false"""
"=""xổ số em ơi""","=""0""","=""0""","=""4""","=""Low""","=""false"""
"=""xổ số email""","=""0""","=""0""","=""3""","=""Low""","=""false"""
"=""xổ số của em""","=""0""","=""0""","=""4""","=""Low""","=""false"""
"=""xổ số trẻ em""","=""0""","=""0""","=""4""","=""Low""","=""false"""
"=""xổ số gì em""","=""0""","=""0""","=""4""","=""Low""","=""false"""
"=""xổ số lòng em""","=""0""","=""0""","=""4""","=""Low""","=""false"""
"=""xổ số đi em""","=""0""","=""0""","=""4""","=""Low""","=""false"""
"=""xổ số eleven""","=""0""","=""0""","=""3""","=""Low""","=""false"""
"=""xổ số electron""","=""0""","=""0""","=""3""","=""Low""","=""false"""
"=""xổ số 7 eleven đài loan 2024""","=""0""","=""0""","=""7""","=""Low""","=""false"""
"=""xổ số 7 eleven đài loan 2025""","=""0""","=""0""","=""7""","=""Low""","=""false"""
"=""xổ số everton""","=""0""","=""0""","=""3""","=""Low""","=""false"""
"=""xổ số everest""","=""0""","=""0""","=""3""","=""Low""","=""false"""
"=""xổ số miền nam ex""","=""0""","=""0""","=""5""","=""Low""","=""false"""
"=""xổ số miền nam express""","=""0""","=""0""","=""5""","=""Low""","=""false"""
"=""xổ số miền bắc ex""","=""0""","=""0""","=""5""","=""Low""","=""false"""
"=""xổ số thứ tự trong excel""","=""0""","=""0""","=""6""","=""Low""","=""false"""
"=""xổ số eurojackpot""","=""0""","=""0""","=""3""","=""Low""","=""false"""
"=""xổ số fd""","=""0""","=""0""","=""3""","=""Low""","=""false"""
"=""xổ số fantasy 5""","=""0""","=""0""","=""4""","=""Low""","=""false"""
"=""xổ số fantasy""","=""0""","=""0""","=""3""","=""Low""","=""false"""
"=""xổ số family""","=""0""","=""0""","=""3""","=""Low""","=""false"""
"=""xổ số family đài loan""","=""0""","=""0""","=""5""","=""Low""","=""false"""
"=""xổ số miền bắc facebook""","=""0""","=""0""","=""5""","=""Low""","=""false"""
"=""xổ số miên bacs""","=""0""","=""0""","=""4""","=""Low""","=""false"""
"=""xổ số tổng đài fe""","=""0""","=""0""","=""5""","=""Low""","=""false"""
"=""xổ số hà nội fc""","=""0""","=""0""","=""5""","=""Low""","=""false"""
"=""xổ số miền nam fhu7""","=""0""","=""0""","=""5""","=""Low""","=""false"""
"=""xổ số florida""","=""0""","=""0""","=""3""","=""Low""","=""false"""
"=""xổ số forever hôm nay""","=""0""","=""0""","=""5""","=""Low""","=""false"""
"=""xổ số forum webxoso net""","=""0""","=""0""","=""5""","=""Low""","=""false"""
"=""xổ số forme hôm nay""","=""0""","=""0""","=""5""","=""Low""","=""false"""
"=""xổ số forward""","=""0""","=""0""","=""3""","=""Low""","=""false"""
"=""xổ số vietlott format""","=""0""","=""0""","=""4""","=""Low""","=""false"""
"=""xổ số vietlott forever""","=""0""","=""0""","=""4""","=""Low""","=""false"""
"=""xổ số vietlott forex""","=""0""","=""0""","=""4""","=""Low""","=""false"""
"=""xổ số vietlott for""","=""0""","=""0""","=""4""","=""Low""","=""false"""
"=""xổ số fm""","=""0""","=""0""","=""3""","=""Low""","=""false"""
"=""xổ số tổng đài fpt""","=""0""","=""0""","=""5""","=""Low""","=""false"""
"=""xổ số điện thoại fpt""","=""0""","=""0""","=""5""","=""Low""","=""false"""
"=""xổ số bình thuận free""","=""0""","=""0""","=""5""","=""Low""","=""false"""
"=""xổ số bình dương free""","=""0""","=""0""","=""5""","=""Low""","=""false"""
"=""xổ số sóc trăng free""","=""0""","=""0""","=""5""","=""Low""","=""false"""
"=""xổ số ft""","=""0""","=""0""","=""3""","=""Low""","=""false"""
"=""xổ số miền nam ft""","=""0""","=""0""","=""5""","=""Low""","=""false"""
"=""xổ số miền bắc ft""","=""0""","=""0""","=""5""","=""Low""","=""false"""
"=""xổ số future""","=""0""","=""0""","=""3""","=""Low""","=""false"""
"=""xổ số fx""","=""0""","=""0""","=""3""","=""Low""","=""false"""
"=""xổ số gan miền trung""","=""0""","=""0""","=""5""","=""Low""","=""false"""
"=""xổ số gan hà nội""","=""0""","=""0""","=""5""","=""Low""","=""false"""
"=""xổ số grab""","=""0""","=""0""","=""3""","=""Low""","=""false"""
"=""xổ số miền trung gv""","=""0""","=""0""","=""5""","=""Low""","=""false"""
"=""xổ số miền nam gv""","=""0""","=""0""","=""5""","=""Low""","=""false"""
"=""xổ số hdbank""","=""0""","=""0""","=""3""","=""Low""","=""false"""
"=""xổ số miền bắc hd""","=""0""","=""0""","=""5""","=""Low""","=""false"""
"=""xổ số miền nam hd""","=""0""","=""0""","=""5""","=""Low""","=""false"""
"=""xổ số miền trung hd""","=""0""","=""0""","=""5""","=""Low""","=""false"""
"=""xổ số he""","=""0""","=""0""","=""3""","=""Low""","=""false"""
"=""xổ số hệ thống là gì""","=""0""","=""0""","=""6""","=""Low""","=""false"""
"=""xổ số giá heo hơi hôm nay""","=""0""","=""0""","=""7""","=""Low""","=""false"""
"=""xổ số da heo""","=""0""","=""0""","=""4""","=""Low""","=""false"""
"=""xổ số hb""","=""0""","=""0""","=""3""","=""Low""","=""false"""
"=""xổ số hk""","=""0""","=""0""","=""3""","=""Low""","=""false"""
"=""xổ số hl""","=""0""","=""0""","=""3""","=""Low""","=""false"""
"=""xổ số miền nam hl""","=""0""","=""0""","=""5""","=""Low""","=""false"""
"=""xổ số miền bắc hl""","=""0""","=""0""","=""5""","=""Low""","=""false"""
"=""xổ số hh""","=""0""","=""0""","=""3""","=""Low""","=""false"""
"=""xổ số hp""","=""0""","=""0""","=""3""","=""Low""","=""false"""
"=""xổ số hp hôm nay""","=""0""","=""0""","=""5""","=""Low""","=""false"""
"=""xổ số miền bắc hp""","=""0""","=""0""","=""5""","=""Low""","=""false"""
"=""xổ số hqa""","=""0""","=""0""","=""3""","=""Low""","=""false"""
"=""xổ số hqua miền bắc""","=""0""","=""0""","=""5""","=""Low""","=""false"""
"=""xổ số hq""","=""0""","=""0""","=""3""","=""Low""","=""false"""
"=""xổ số hqua miền trung""","=""0""","=""0""","=""5""","=""Low""","=""false"""
"=""xổ số mb hqua""","=""0""","=""0""","=""4""","=""Low""","=""false"""
"=""xổ số ngày hqua""","=""0""","=""0""","=""4""","=""Low""","=""false"""
"=""xổ số mn hqua""","=""0""","=""0""","=""4""","=""Low""","=""false"""
"=""xổ số hcm hqua""","=""0""","=""0""","=""4""","=""Low""","=""false"""
"=""xổ số htv1""","=""0""","=""0""","=""3""","=""Low""","=""false"""
"=""xổ số chủ nhật ht""","=""0""","=""0""","=""5""","=""Low""","=""false"""
"=""xổ số miền namcn ht""","=""0""","=""0""","=""5""","=""Low""","=""false"""
"=""xổ số thứ hai ht""","=""0""","=""0""","=""5""","=""Low""","=""false"""
"=""xổ số thứ ba ht""","=""0""","=""0""","=""5""","=""Low""","=""false"""
"=""xổ số miền nam ht""","=""0""","=""0""","=""5""","=""Low""","=""false"""
"=""xổ số miền nam hy""","=""0""","=""0""","=""5""","=""Low""","=""false"""
"=""xổ số hwa""","=""0""","=""0""","=""3""","=""Low""","=""false"""
"=""xổ số icon""","=""0""","=""0""","=""3""","=""Low""","=""false"""
"=""xổ số ie""","=""0""","=""0""","=""3""","=""Low""","=""false"""
"=""xổ số miền nam idol""","=""0""","=""0""","=""5""","=""Low""","=""false"""
"=""xổ số miền nam ii""","=""0""","=""0""","=""5""","=""Low""","=""false"""
"=""xổ số miền bắc ii""","=""0""","=""0""","=""5""","=""Low""","=""false"""
"=""xổ số ip""","=""0""","=""0""","=""3""","=""Low""","=""false"""
"=""xổ số iq""","=""0""","=""0""","=""3""","=""Low""","=""false"""
"=""xổ số ít""","=""0""","=""0""","=""3""","=""Low""","=""false"""
"=""xổ số jackpot hôm qua""","=""0""","=""0""","=""5""","=""Low""","=""false"""
"=""xổ số jackpot mỹ""","=""0""","=""0""","=""4""","=""Low""","=""false"""
"=""xổ số jg""","=""0""","=""0""","=""3""","=""Low""","=""false"""
"=""xổ số joo""","=""0""","=""0""","=""3""","=""Low""","=""false"""
"=""xổ số jumbo nhật bản 2026 kết quả""","=""0""","=""0""","=""8""","=""Low""","=""false"""
"=""xổ số jumbo nhật bản""","=""0""","=""0""","=""5""","=""Low""","=""false"""
"=""xổ số jumbo mùa hè nhật bản 2025""","=""0""","=""0""","=""8""","=""Low""","=""false"""
"=""xổ số juventus""","=""0""","=""0""","=""3""","=""Low""","=""false"""
"=""xổ số jumbo cuối năm 2025""","=""0""","=""0""","=""6""","=""Low""","=""false"""
"=""xổ số ka""","=""0""","=""0""","=""3""","=""Low""","=""false"""
"=""xổ số karaoke tone nam""","=""0""","=""0""","=""5""","=""Low""","=""false"""
"=""xổ số đà katj""","=""0""","=""0""","=""4""","=""Low""","=""false"""
"=""xổ số bắc kan""","=""0""","=""0""","=""4""","=""Low""","=""false"""
"=""xổ số kb""","=""0""","=""0""","=""3""","=""Low""","=""false"""
"=""xổ số kg tg""","=""0""","=""0""","=""4""","=""Low""","=""false"""
"=""xổ số kk""","=""0""","=""0""","=""3""","=""Low""","=""false"""
"=""xổ số miền nam km""","=""0""","=""0""","=""5""","=""Low""","=""false"""
"=""xổ số kj""","=""0""","=""0""","=""3""","=""Low""","=""false"""
"=""xổ số kn""","=""0""","=""0""","=""3""","=""Low""","=""false"""
"=""xổ số kr""","=""0""","=""0""","=""3""","=""Low""","=""false"""
"=""xổ số đắc krông""","=""0""","=""0""","=""4""","=""Low""","=""false"""
"=""xổ số klến thlết phú yên""","=""0""","=""0""","=""6""","=""Low""","=""false"""
"=""xổ số klến thlết gla lal""","=""0""","=""0""","=""6""","=""Low""","=""false"""
"=""xổ số klến thlết kon tum""","=""0""","=""0""","=""6""","=""Low""","=""false"""
"=""xổ số klến thlết klên glang""","=""0""","=""0""","=""6""","=""Low""","=""false"""
"=""xổ số klến thlết đà nẵng""","=""0""","=""0""","=""6""","=""Low""","=""false"""
"=""xổ số klến thlết đắk lắk""","=""0""","=""0""","=""6""","=""Low""","=""false"""
"=""xổ số kl""","=""0""","=""0""","=""3""","=""Low""","=""false"""
"=""xổ số kqxs""","=""0""","=""0""","=""3""","=""Low""","=""false"""
"=""xổ số kq""","=""0""","=""0""","=""3""","=""Low""","=""false"""
"=""xổ số kqxs miền bắc""","=""0""","=""0""","=""5""","=""Low""","=""false"""
"=""xổ số kqxs sóc trăng""","=""0""","=""0""","=""5""","=""Low""","=""false"""
"=""xổ số kqxs miền nam""","=""0""","=""0""","=""5""","=""Low""","=""false"""
"=""xổ số kqxs đà lạt""","=""0""","=""0""","=""5""","=""Low""","=""false"""
"=""xổ số kqxs tiền giang""","=""0""","=""0""","=""5""","=""Low""","=""false"""
"=""xổ số kqxs khánh hòa""","=""0""","=""0""","=""5""","=""Low""","=""false"""
"=""xổ số kqxs vũng tàu""","=""0""","=""0""","=""5""","=""Low""","=""false"""
"=""xổ số kun""","=""0""","=""0""","=""3""","=""Low""","=""false"""
"=""xổ số kue""","=""0""","=""0""","=""3""","=""Low""","=""false"""
"=""xổ số ky""","=""0""","=""0""","=""3""","=""Low""","=""false"""
"=""xổ số kymb""","=""0""","=""0""","=""3""","=""Low""","=""false"""
"=""xổ số kỳ giang""","=""0""","=""0""","=""4""","=""Low""","=""false"""
"=""xổ số kỳ thi gia lai""","=""0""","=""0""","=""6""","=""Low""","=""false"""
"=""xổ số kỹ huế""","=""0""","=""0""","=""4""","=""Low""","=""false"""
"=""xổ số kỹ đà nẵng""","=""0""","=""0""","=""5""","=""Low""","=""false"""
"=""xổ số mỹ ninh thuận""","=""0""","=""0""","=""5""","=""Low""","=""false"""
"=""xổ số kỳ vậy""","=""0""","=""0""","=""4""","=""Low""","=""false"""
"=""xổ số lb""","=""0""","=""0""","=""3""","=""Low""","=""false"""
"=""xổ số ld""","=""0""","=""0""","=""3""","=""Low""","=""false"""
"=""xổ số le chung""","=""0""","=""0""","=""4""","=""Low""","=""false"""
"=""xổ số lê hoàng tuấn đức""","=""0""","=""0""","=""6""","=""Low""","=""false"""
"=""xổ số lẻ""","=""0""","=""0""","=""3""","=""Low""","=""false"""
"=""xổ số lê minh ngọc""","=""0""","=""0""","=""5""","=""Low""","=""false"""
"=""xổ số giờ le""","=""0""","=""0""","=""4""","=""Low""","=""false"""
"=""xổ số v league""","=""0""","=""0""","=""4""","=""Low""","=""false"""
"=""xổ số lg""","=""0""","=""0""","=""3""","=""Low""","=""false"""
"=""xổ số ll""","=""0""","=""0""","=""3""","=""Low""","=""false"""
"=""xổ số miền llll""","=""0""","=""0""","=""4""","=""Low""","=""false"""
"=""xổ số miền ll""","=""0""","=""0""","=""4""","=""Low""","=""false"""
"=""xổ số miền bắc ll""","=""0""","=""0""","=""5""","=""Low""","=""false"""
"=""xổ số miền nam ll""","=""0""","=""0""","=""5""","=""Low""","=""false"""
"=""xổ số miền trung ll""","=""0""","=""0""","=""5""","=""Low""","=""false"""
"=""xổ số lh""","=""0""","=""0""","=""3""","=""Low""","=""false"""
"=""xổ số bình lhuowcs""","=""0""","=""0""","=""4""","=""Low""","=""false"""
"=""xổ số lmb""","=""0""","=""0""","=""3""","=""Low""","=""false"""
"=""xổ số lm""","=""0""","=""0""","=""3""","=""Low""","=""false"""
"=""xổ số ln""","=""0""","=""0""","=""3""","=""Low""","=""false"""
"=""xổ số miền nam lp""","=""0""","=""0""","=""5""","=""Low""","=""false"""
"=""xổ số lt""","=""0""","=""0""","=""3""","=""Low""","=""false"""
"=""xổ số lung tung""","=""0""","=""0""","=""4""","=""Low""","=""false"""
"=""xổ số luôn đi""","=""0""","=""0""","=""4""","=""Low""","=""false"""
"=""xổ số lucky card""","=""0""","=""0""","=""4""","=""Low""","=""false"""
"=""xổ số thảo luận""","=""0""","=""0""","=""4""","=""Low""","=""false"""
"=""xổ số miền luôn""","=""0""","=""0""","=""4""","=""Low""","=""false"""
"=""xổ số lý thuyết""","=""0""","=""0""","=""4""","=""Low""","=""false"""
"=""xổ số lý tiểu long""","=""0""","=""0""","=""5""","=""Low""","=""false"""
"=""xổ số khánh ly""","=""0""","=""0""","=""4""","=""Low""","=""false"""
"=""xổ số mf""","=""0""","=""0""","=""3""","=""Low""","=""false"""
"=""xổ số mj""","=""0""","=""0""","=""3""","=""Low""","=""false"""
"=""xổ số mc""","=""0""","=""0""","=""3""","=""Low""","=""false"""
"=""xổ số miền nam mcw""","=""0""","=""0""","=""5""","=""Low""","=""false"""
"=""xổ số ml hôm nay""","=""0""","=""0""","=""5""","=""Low""","=""false"""
"=""xổ số mobi hàng ngày""","=""0""","=""0""","=""5""","=""Low""","=""false"""
"=""xổ số myanmar""","=""0""","=""0""","=""3""","=""Low""","=""false"""
"=""xổ số my hôm nay""","=""0""","=""0""","=""5""","=""Low""","=""false"""
"=""xổ số nd""","=""0""","=""0""","=""3""","=""Low""","=""false"""
"=""xổ số net 04""","=""0""","=""0""","=""4""","=""Low""","=""false"""
"=""xổ số nf""","=""0""","=""0""","=""3""","=""Low""","=""false"""
"=""xổ số nld""","=""0""","=""0""","=""3""","=""Low""","=""false"""
"=""xổ số miền nam nl""","=""0""","=""0""","=""5""","=""Low""","=""false"""
"=""xổ số nv""","=""0""","=""0""","=""3""","=""Low""","=""false"""
"=""xổ số minh ngọc nv""","=""0""","=""0""","=""5""","=""Low""","=""false"""
"=""xổ số nth""","=""0""","=""0""","=""3""","=""Low""","=""false"""
"=""xổ số ntn""","=""0""","=""0""","=""3""","=""Low""","=""false"""
"=""xổ số nthuan hôm nay""","=""0""","=""0""","=""5""","=""Low""","=""false"""
"=""xổ số miền nt5""","=""0""","=""0""","=""4""","=""Low""","=""false"""
"=""xổ số miền nthuan""","=""0""","=""0""","=""4""","=""Low""","=""false"""
"=""xổ số miền nt6""","=""0""","=""0""","=""4""","=""Low""","=""false"""
"=""xổ số ok""","=""0""","=""0""","=""3""","=""Low""","=""false"""
"=""xổ số miền trung ok""","=""0""","=""0""","=""5""","=""Low""","=""false"""
"=""xổ số cà mau ok""","=""0""","=""0""","=""5""","=""Low""","=""false"""
"=""xổ số tiền giang ok""","=""0""","=""0""","=""5""","=""Low""","=""false"""
"=""xổ số hà nội ok""","=""0""","=""0""","=""5""","=""Low""","=""false"""
"=""xổ số gia lai ok""","=""0""","=""0""","=""5""","=""Low""","=""false"""
"=""xổ số ơi""","=""0""","=""0""","=""3""","=""Low""","=""false"""
"=""xổ số điện thoại oppo""","=""0""","=""0""","=""5""","=""Low""","=""false"""
"=""xổ số miền bắc org""","=""0""","=""0""","=""5""","=""Low""","=""false"""
"=""xổ số oxi""","=""0""","=""0""","=""3""","=""Low""","=""false"""
"=""xổ số pascal""","=""0""","=""0""","=""3""","=""Low""","=""false"""
"=""xổ số panama""","=""0""","=""0""","=""3""","=""Low""","=""false"""
"=""xổ số paris""","=""0""","=""0""","=""3""","=""Low""","=""false"""
"=""xổ số para""","=""0""","=""0""","=""3""","=""Low""","=""false"""
"=""xổ số nguyễn chăm pa""","=""0""","=""0""","=""5""","=""Low""","=""false"""
"=""xổ số overline""","=""0""","=""0""","=""3""","=""Low""","=""false"""
"=""xổ số petrolimex""","=""0""","=""0""","=""3""","=""Low""","=""false"""
"=""xổ số petaball là gì""","=""0""","=""0""","=""5""","=""Low""","=""false"""
"=""xổ số peru""","=""0""","=""0""","=""3""","=""Low""","=""false"""
"=""xổ số vietlott petro""","=""0""","=""0""","=""4""","=""Low""","=""false"""
"=""xổ số piano sheet""","=""0""","=""0""","=""4""","=""Low""","=""false"""
"=""xổ số pick 3""","=""0""","=""0""","=""4""","=""Low""","=""false"""
"=""xổ số pingo""","=""0""","=""0""","=""3""","=""Low""","=""false"""
"=""xổ số pi""","=""0""","=""0""","=""3""","=""Low""","=""false"""
"=""xổ số thủ đô piano sheet""","=""0""","=""0""","=""6""","=""Low""","=""false"""
"=""xổ số miền bắc piano sheet""","=""0""","=""0""","=""6""","=""Low""","=""false"""
"=""xổ số pdf""","=""0""","=""0""","=""3""","=""Low""","=""false"""
"=""xổ số pleiku hôm nay""","=""0""","=""0""","=""5""","=""Low""","=""false"""
"=""xổ số viettel plus""","=""0""","=""0""","=""4""","=""Low""","=""false"""
"=""xổ số kiến thiết pleiku""","=""0""","=""0""","=""5""","=""Low""","=""false"""
"=""xổ số miền nam pm""","=""0""","=""0""","=""5""","=""Low""","=""false"""
"=""xổ số pp""","=""0""","=""0""","=""3""","=""Low""","=""false"""
"=""xổ số miền nam ppp""","=""0""","=""0""","=""5""","=""Low""","=""false"""
"=""xổ số pro hôm nay""","=""0""","=""0""","=""5""","=""Low""","=""false"""
"=""xổ số pro max""","=""0""","=""0""","=""4""","=""Low""","=""false"""
"=""xổ số proton""","=""0""","=""0""","=""3""","=""Low""","=""false"""
"=""xổ số 3d pro minh chính""","=""0""","=""0""","=""6""","=""Low""","=""false"""
"=""xổ số pt""","=""0""","=""0""","=""3""","=""Low""","=""false"""
"=""xổ số pu""","=""0""","=""0""","=""3""","=""Low""","=""false"""
"=""xổ số qa""","=""0""","=""0""","=""3""","=""Low""","=""false"""
"=""xổ số qbi""","=""0""","=""0""","=""3""","=""Low""","=""false"""
"=""xổ số kiến thiết qb""","=""0""","=""0""","=""5""","=""Low""","=""false"""
"=""xổ số phú y""","=""0""","=""0""","=""4""","=""Low""","=""false"""
"=""xổ số qi""","=""0""","=""0""","=""3""","=""Low""","=""false"""
"=""xổ số qm""","=""0""","=""0""","=""3""","=""Low""","=""false"""
"=""xổ số qr""","=""0""","=""0""","=""3""","=""Low""","=""false"""
"=""xổ số qsmt""","=""0""","=""0""","=""3""","=""Low""","=""false"""
"=""xổ số miền ba qs""","=""0""","=""0""","=""5""","=""Low""","=""false"""
"=""xổ số qtr""","=""0""","=""0""","=""3""","=""Low""","=""false"""
"=""xổ số miền trung qtri""","=""0""","=""0""","=""5""","=""Low""","=""false"""
"=""xổ số qq""","=""0""","=""0""","=""3""","=""Low""","=""false"""
"=""xổ số miền nam qq""","=""0""","=""0""","=""5""","=""Low""","=""false"""
"=""xổ số miền bắc qq""","=""0""","=""0""","=""5""","=""Low""","=""false"""
"=""xổ số ra đời khi nào""","=""0""","=""0""","=""6""","=""Low""","=""false"""
"=""xổ số ra miền bắc""","=""0""","=""0""","=""5""","=""Low""","=""false"""
"=""xổ số ra hôm nay""","=""0""","=""0""","=""5""","=""Low""","=""false"""
"=""xổ số ra nhiều nhất mn""","=""0""","=""0""","=""6""","=""Low""","=""false"""
"=""xổ số ra mấy giờ""","=""0""","=""0""","=""5""","=""Low""","=""false"""
"=""xổ số ra ngày hôm nay""","=""0""","=""0""","=""6""","=""Low""","=""false"""
"=""xổ số resort mũi né""","=""0""","=""0""","=""5""","=""Low""","=""false"""
"=""xổ số miền nam rhu3""","=""0""","=""0""","=""5""","=""Low""","=""false"""
"=""xổ số miền nam rhu5""","=""0""","=""0""","=""5""","=""Low""","=""false"""
"=""xổ số miền nam rhu2""","=""0""","=""0""","=""5""","=""Low""","=""false"""
"=""xổ số miền nam rhu4""","=""0""","=""0""","=""5""","=""Low""","=""false"""
"=""xổ số ba ria vung tau 2 9""","=""0""","=""0""","=""8""","=""Low""","=""false"""
"=""xổ số bà ria hôm nay""","=""0""","=""0""","=""6""","=""Low""","=""false"""
"=""xổ số ba ria vung tau 30 12""","=""0""","=""0""","=""8""","=""Low""","=""false"""
"=""xổ số miền trung ruột""","=""0""","=""0""","=""5""","=""Low""","=""false"""
"=""xổ số sb""","=""0""","=""0""","=""3""","=""Low""","=""false"""
"=""xổ số vl sb""","=""0""","=""0""","=""4""","=""Low""","=""false"""
"=""xổ số saturday úc""","=""0""","=""0""","=""4""","=""Low""","=""false"""
"=""xổ số sai số cuối giải đặc biệt""","=""0""","=""0""","=""8""","=""Low""","=""false"""
"=""xổ số sau""","=""0""","=""0""","=""3""","=""Low""","=""false"""
"=""xổ số seven đài loan tháng 3 4 2026""","=""0""","=""0""","=""9""","=""Low""","=""false"""
"=""xổ số seven đài loan tháng 5 6 2026""","=""0""","=""0""","=""9""","=""Low""","=""false"""
"=""xổ số seven đài loan tháng 5 6 2025""","=""0""","=""0""","=""9""","=""Low""","=""false"""
"=""xổ số singapore hôm qua""","=""0""","=""0""","=""5""","=""Low""","=""false"""
"=""xổ số shop""","=""0""","=""0""","=""3""","=""Low""","=""false"""
"=""xổ số shirley jackson""","=""0""","=""0""","=""4""","=""Low""","=""false"""
"=""xổ số sheet""","=""0""","=""0""","=""3""","=""Low""","=""false"""
"=""xổ số shopee""","=""0""","=""0""","=""3""","=""Low""","=""false"""
"=""xổ số thủ đô sheet""","=""0""","=""0""","=""5""","=""Low""","=""false"""
"=""xổ số miền nam shbet""","=""0""","=""0""","=""5""","=""Low""","=""false"""
"=""xổ số kiến thiết slogan""","=""0""","=""0""","=""5""","=""Low""","=""false"""
"=""xổ số skt""","=""0""","=""0""","=""3""","=""Low""","=""false"""
"=""xổ số hot spot""","=""0""","=""0""","=""4""","=""Low""","=""false"""
"=""xổ số smb""","=""0""","=""0""","=""3""","=""Low""","=""false"""
"=""xổ số xsmt""","=""0""","=""0""","=""3""","=""Low""","=""false"""
"=""xổ số xsmb 30 ngày""","=""0""","=""0""","=""5""","=""Low""","=""false"""
"=""xổ số sr""","=""0""","=""0""","=""3""","=""Low""","=""false"""
"=""xổ số tần suất""","=""0""","=""0""","=""4""","=""Low""","=""false"""
"=""xổ số tần suất miền nam""","=""0""","=""0""","=""6""","=""Low""","=""false"""
"=""xổ số tần suất miền bắc""","=""0""","=""0""","=""6""","=""Low""","=""false"""
"=""xổ số tần suất lô tô miền bắc""","=""0""","=""0""","=""8""","=""Low""","=""false"""
"=""xổ số tần suất lô tô""","=""0""","=""0""","=""6""","=""Low""","=""false"""
"=""xổ số tần suất đắk lắk""","=""0""","=""0""","=""6""","=""Low""","=""false"""
"=""xổ số tần suất khánh hòa""","=""0""","=""0""","=""6""","=""Low""","=""false"""
"=""xổ số tần suất bình định""","=""0""","=""0""","=""6""","=""Low""","=""false"""
"=""xổ số số bà rịa vũng tàu""","=""0""","=""0""","=""7""","=""Low""","=""false"""
"=""xổ số ssos kiến thiết hôm nay""","=""0""","=""0""","=""7""","=""Low""","=""false"""
"=""xổ số ss""","=""0""","=""0""","=""3""","=""Low""","=""false"""
"=""xổ số ssos khánh hoà""","=""0""","=""0""","=""5""","=""Low""","=""false"""
"=""xổ số miền nam ss""","=""0""","=""0""","=""5""","=""Low""","=""false"""
"=""xổ số miền bắc ss""","=""0""","=""0""","=""5""","=""Low""","=""false"""
"=""xổ số miền sxmtr""","=""0""","=""0""","=""4""","=""Low""","=""false"""
"=""xổ số miền trung sxmt kqxsmt xsmtr""","=""0""","=""0""","=""7""","=""Low""","=""false"""
"=""xổ số miền nam sxmn kqxsmn hôm nay""","=""0""","=""0""","=""8""","=""Low""","=""false"""
"=""xổ số miền nam sxmt""","=""0""","=""0""","=""5""","=""Low""","=""false"""
"=""xổ số sydney""","=""0""","=""0""","=""3""","=""Low""","=""false"""
"=""xổ số sym""","=""0""","=""0""","=""3""","=""Low""","=""false"""
"=""xổ số texas""","=""0""","=""0""","=""3""","=""Low""","=""false"""
"=""xổ số telegram""","=""0""","=""0""","=""3""","=""Low""","=""false"""
"=""xổ số tennis""","=""0""","=""0""","=""3""","=""Low""","=""false"""
"=""xổ số te""","=""0""","=""0""","=""3""","=""Low""","=""false"""
"=""xổ số power texas""","=""0""","=""0""","=""4""","=""Low""","=""false"""
"=""xổ số mega texas""","=""0""","=""0""","=""4""","=""Low""","=""false"""
"=""xổ số powerball texas""","=""0""","=""0""","=""4""","=""Low""","=""false"""
"=""xổ số miền te""","=""0""","=""0""","=""4""","=""Low""","=""false"""
"=""xổ số tg 3 5""","=""0""","=""0""","=""5""","=""Low""","=""false"""
"=""xổ số tg 90 ngày""","=""0""","=""0""","=""5""","=""Low""","=""false"""
"=""xổ số td mb""","=""0""","=""0""","=""4""","=""Low""","=""false"""
"=""xổ số td miền bắc""","=""0""","=""0""","=""5""","=""Low""","=""false"""
"=""xổ số td 100 ngày""","=""0""","=""0""","=""5""","=""Low""","=""false"""
"=""xổ số td hôm nay""","=""0""","=""0""","=""5""","=""Low""","=""false"""
"=""xổ số tcg""","=""0""","=""0""","=""3""","=""Low""","=""false"""
"=""xổ số tc""","=""0""","=""0""","=""3""","=""Low""","=""false"""
"=""xổ số tcm""","=""0""","=""0""","=""3""","=""Low""","=""false"""
"=""xổ số vietlott tc""","=""0""","=""0""","=""4""","=""Low""","=""false"""
"=""xổ số miền nam tc""","=""0""","=""0""","=""5""","=""Low""","=""false"""
"=""xổ số miền bắc tc""","=""0""","=""0""","=""5""","=""Low""","=""false"""
"=""xổ số tk""","=""0""","=""0""","=""3""","=""Low""","=""false"""
"=""xổ số miền bắc tk""","=""0""","=""0""","=""5""","=""Low""","=""false"""
"=""xổ số kiến tj""","=""0""","=""0""","=""4""","=""Low""","=""false"""
"=""xổ số tn hàng tuần""","=""0""","=""0""","=""5""","=""Low""","=""false"""
"=""xổ số tn ag hằng tuần""","=""0""","=""0""","=""6""","=""Low""","=""false"""
"=""xổ số tm""","=""0""","=""0""","=""3""","=""Low""","=""false"""
"=""xổ số tmn""","=""0""","=""0""","=""3""","=""Low""","=""false"""
"=""xổ số tmb""","=""0""","=""0""","=""3""","=""Low""","=""false"""
"=""xổ số minh ngọc tm""","=""0""","=""0""","=""5""","=""Low""","=""false"""
"=""xổ số vietlott minh ngọc tm""","=""0""","=""0""","=""6""","=""Low""","=""false"""
"=""xổ số tl""","=""0""","=""0""","=""3""","=""Low""","=""false"""
"=""xổ số tlền glang""","=""0""","=""0""","=""4""","=""Low""","=""false"""
"=""xổ số miền tl""","=""0""","=""0""","=""4""","=""Low""","=""false"""
"=""xổ số miền trung tl""","=""0""","=""0""","=""5""","=""Low""","=""false"""
"=""xổ số toto singapore hôm nay""","=""0""","=""0""","=""6""","=""Low""","=""false"""
"=""xổ số to singapore""","=""0""","=""0""","=""4""","=""Low""","=""false"""
"=""xổ số tt mn""","=""0""","=""0""","=""4""","=""Low""","=""false"""
"=""xổ số tth chủ nhật""","=""0""","=""0""","=""5""","=""Low""","=""false"""
"=""xổ số tv minh ngọc""","=""0""","=""0""","=""5""","=""Low""","=""false"""
"=""xổ số tv miền bắc""","=""0""","=""0""","=""5""","=""Low""","=""false"""
"=""xổ số tv vl""","=""0""","=""0""","=""4""","=""Low""","=""false"""
"=""xổ số ty""","=""0""","=""0""","=""3""","=""Low""","=""false"""
"=""xổ số tỷ lệ""","=""0""","=""0""","=""4""","=""Low""","=""false"""
"=""xổ số công ty minh ngọc""","=""0""","=""0""","=""6""","=""Low""","=""false"""
"=""xổ số công ty vietlott""","=""0""","=""0""","=""5""","=""Low""","=""false"""
"=""xổ số miền nam công ty minh ngọc""","=""0""","=""0""","=""8""","=""Low""","=""false"""
"=""xổ số miền bắc công ty đại phát""","=""0""","=""0""","=""8""","=""Low""","=""false"""
"=""xổ số two step""","=""0""","=""0""","=""4""","=""Low""","=""false"""
"=""xổ số uber""","=""0""","=""0""","=""3""","=""Low""","=""false"""
"=""xổ số úc tài lộc""","=""0""","=""0""","=""5""","=""Low""","=""false"""
"=""xổ số vietlott uc thu 7""","=""0""","=""0""","=""6""","=""Low""","=""false"""
"=""xổ số uk""","=""0""","=""0""","=""3""","=""Low""","=""false"""
"=""xổ số ukraina""","=""0""","=""0""","=""3""","=""Low""","=""false"""
"=""xổ số 49 uk""","=""0""","=""0""","=""4""","=""Low""","=""false"""
"=""xổ số miền uon nam""","=""0""","=""0""","=""5""","=""Low""","=""false"""
"=""xổ số manchester united""","=""0""","=""0""","=""4""","=""Low""","=""false"""
"=""xổ số miền nam un""","=""0""","=""0""","=""5""","=""Low""","=""false"""
"=""xổ số miền bắc up""","=""0""","=""0""","=""5""","=""Low""","=""false"""
"=""xổ số miền nam up""","=""0""","=""0""","=""5""","=""Low""","=""false"""
"=""xổ số urea""","=""0""","=""0""","=""3""","=""Low""","=""false"""
"=""xổ số usb""","=""0""","=""0""","=""3""","=""Low""","=""false"""
"=""xổ số power usa""","=""0""","=""0""","=""4""","=""Low""","=""false"""
"=""xổ số mega usa""","=""0""","=""0""","=""4""","=""Low""","=""false"""
"=""xổ số uy lực đài loan""","=""0""","=""0""","=""6""","=""Low""","=""false"""
"=""xổ số online uy tín trang lode88 com""","=""0""","=""0""","=""8""","=""Low""","=""false"""
"=""xổ số vietlott có uy tín không""","=""0""","=""0""","=""7""","=""Low""","=""false"""
"=""xổ số uv""","=""0""","=""0""","=""3""","=""Low""","=""false"""
"=""xổ số vang mb""","=""0""","=""0""","=""4""","=""Low""","=""false"""
"=""xổ số valentine""","=""0""","=""0""","=""3""","=""Low""","=""false"""
"=""xổ số và miền bắc""","=""0""","=""0""","=""5""","=""Low""","=""false"""
"=""xổ số và vietlott""","=""0""","=""0""","=""4""","=""Low""","=""false"""
"=""xổ số và trà vinh""","=""0""","=""0""","=""5""","=""Low""","=""false"""
"=""xổ số và chủ nhật""","=""0""","=""0""","=""5""","=""Low""","=""false"""
"=""xổ số tb""","=""0""","=""0""","=""3""","=""Low""","=""false"""
"=""xổ số miền tb""","=""0""","=""0""","=""4""","=""Low""","=""false"""
"=""xổ số mb tbu3""","=""0""","=""0""","=""4""","=""Low""","=""false"""
"=""xổ số kiến tb""","=""0""","=""0""","=""4""","=""Low""","=""false"""
"=""xổ số miền nam tbu2""","=""0""","=""0""","=""5""","=""Low""","=""false"""
"=""xổ số miền trung tbu3""","=""0""","=""0""","=""5""","=""Low""","=""false"""
"=""xổ số miền trung tbu7""","=""0""","=""0""","=""5""","=""Low""","=""false"""
"=""xổ số miền trung tbu2""","=""0""","=""0""","=""5""","=""Low""","=""false"""
"=""xổ số miền nam tbu3""","=""0""","=""0""","=""5""","=""Low""","=""false"""
"=""xổ số ưu""","=""0""","=""0""","=""3""","=""Low""","=""false"""
"=""xổ số về lai""","=""0""","=""0""","=""4""","=""Low""","=""false"""
"=""xổ số về máy""","=""0""","=""0""","=""4""","=""Low""","=""false"""
"=""xổ số về miền bắc""","=""0""","=""0""","=""5""","=""Low""","=""false"""
"=""xổ số vm""","=""0""","=""0""","=""3""","=""Low""","=""false"""
"=""xổ số vn hôm nay""","=""0""","=""0""","=""5""","=""Low""","=""false"""
"=""xổ số vn 24""","=""0""","=""0""","=""4""","=""Low""","=""false"""
"=""xổ số vn100""","=""0""","=""0""","=""3""","=""Low""","=""false"""
"=""xổ số vn vip""","=""0""","=""0""","=""4""","=""Low""","=""false"""
"=""xổ số vnd""","=""0""","=""0""","=""3""","=""Low""","=""false"""
"=""xổ số vnexpress""","=""0""","=""0""","=""3""","=""Low""","=""false"""
"=""xổ số vnch""","=""0""","=""0""","=""3""","=""Low""","=""false"""
"=""xổ số vk""","=""0""","=""0""","=""3""","=""Low""","=""false"""
"=""xổ số vl bd hằng tuần""","=""0""","=""0""","=""6""","=""Low""","=""false"""
"=""xổ số vl bd""","=""0""","=""0""","=""4""","=""Low""","=""false"""
"=""xổ số vt 7 7""","=""0""","=""0""","=""5""","=""Low""","=""false"""
"=""xổ số vu gx tàu""","=""0""","=""0""","=""5""","=""Low""","=""false"""
"=""xổ số vy""","=""0""","=""0""","=""3""","=""Low""","=""false"""
"=""xổ số miền nam vy""","=""0""","=""0""","=""5""","=""Low""","=""false"""
"=""xổ số miền bắc vy""","=""0""","=""0""","=""5""","=""Low""","=""false"""
"=""xổ số wap đắk lắk""","=""0""","=""0""","=""5""","=""Low""","=""false"""
"=""xổ số wap quảng bình hôm nay""","=""0""","=""0""","=""7""","=""Low""","=""false"""
"=""xổ số web""","=""0""","=""0""","=""3""","=""Low""","=""false"""
"=""xổ số wed""","=""0""","=""0""","=""3""","=""Low""","=""false"""
"=""xổ số west ham""","=""0""","=""0""","=""4""","=""Low""","=""false"""
"=""xổ số trang web""","=""0""","=""0""","=""4""","=""Low""","=""false"""
"=""xổ số what""","=""0""","=""0""","=""3""","=""Low""","=""false"""
"=""xổ số world hôm nay""","=""0""","=""0""","=""5""","=""Low""","=""false"""
"=""xổ số 3 world""","=""0""","=""0""","=""4""","=""Low""","=""false"""
"=""xổ số 3 world hôm nay""","=""0""","=""0""","=""6""","=""Low""","=""false"""
"=""xổ số bò world""","=""0""","=""0""","=""4""","=""Low""","=""false"""
"=""xổ số pha world""","=""0""","=""0""","=""4""","=""Low""","=""false"""
"=""xổ số power world""","=""0""","=""0""","=""4""","=""Low""","=""false"""
"=""xổ số wisconsin""","=""0""","=""0""","=""3""","=""Low""","=""false"""
"=""xổ số windfall""","=""0""","=""0""","=""3""","=""Low""","=""false"""
"=""xổ số vietlott wiki""","=""0""","=""0""","=""4""","=""Low""","=""false"""
"=""xổ số kiến thiết wiki""","=""0""","=""0""","=""5""","=""Low""","=""false"""
"=""xổ số miền nam wiki""","=""0""","=""0""","=""5""","=""Low""","=""false"""
"=""xổ số www xoso138 com""","=""0""","=""0""","=""5""","=""Low""","=""false"""
"=""xổ số miền bắc ww""","=""0""","=""0""","=""5""","=""Low""","=""false"""
"=""xổ số miền nam www""","=""0""","=""0""","=""5""","=""Low""","=""false"""
"=""xổ số xã hội""","=""0""","=""0""","=""4""","=""Low""","=""false"""
"=""xổ số thẻ xanh là gì""","=""0""","=""0""","=""6""","=""Low""","=""false"""
"=""xổ số thẻ xanh mỹ 2025""","=""0""","=""0""","=""6""","=""Low""","=""false"""
"=""xổ số taxi xanh""","=""0""","=""0""","=""4""","=""Low""","=""false"""
"=""xổ số thẻ xanh đi mỹ""","=""0""","=""0""","=""6""","=""Low""","=""false"""
"=""xổ số cà mau xa lắm""","=""0""","=""0""","=""6""","=""Low""","=""false"""
"=""xổ số xem""","=""0""","=""0""","=""3""","=""Low""","=""false"""
"=""xổ số xem miền bắc""","=""0""","=""0""","=""5""","=""Low""","=""false"""
"=""xổ số xem hôm nay đánh con gì""","=""0""","=""0""","=""8""","=""Low""","=""false"""
"=""xổ số xem kết quả xổ số""","=""0""","=""0""","=""7""","=""Low""","=""false"""
"=""xổ số xem xổ số miền bắc hôm qua""","=""0""","=""0""","=""9""","=""Low""","=""false"""
"=""xổ số xem xổ số miền nam""","=""0""","=""0""","=""7""","=""Low""","=""false"""
"=""xổ số xem xổ số miền bắc hôm nay""","=""0""","=""0""","=""9""","=""Low""","=""false"""
"=""xổ số xem 30 ngày""","=""0""","=""0""","=""5""","=""Low""","=""false"""
"=""xổ số xiên 2""","=""0""","=""0""","=""4""","=""Low""","=""false"""
"=""xổ số xiên 3 ăn bao nhiêu""","=""0""","=""0""","=""7""","=""Low""","=""false"""
"=""xổ số xiên""","=""0""","=""0""","=""3""","=""Low""","=""false"""
"=""xổ số xiên 3""","=""0""","=""0""","=""4""","=""Low""","=""false"""
"=""xổ số xin lỗi""","=""0""","=""0""","=""4""","=""Low""","=""false"""
"=""xổ số xin số""","=""0""","=""0""","=""4""","=""Low""","=""false"""
"=""xổ số lô xiên miền bắc""","=""0""","=""0""","=""6""","=""Low""","=""false"""
"=""xổ số lô xiên""","=""0""","=""0""","=""4""","=""Low""","=""false"""
"=""xổ số xin số thần tài""","=""0""","=""0""","=""6""","=""Low""","=""false"""
"=""xổ số miền trung xn""","=""0""","=""0""","=""5""","=""Low""","=""false"""
"=""xổ số xt""","=""0""","=""0""","=""3""","=""Low""","=""false"""
"=""xổ số xskt""","=""0""","=""0""","=""3""","=""Low""","=""false"""
"=""xổ số xsbth""","=""0""","=""0""","=""3""","=""Low""","=""false"""
"=""xổ số xstd""","=""0""","=""0""","=""3""","=""Low""","=""false"""
"=""xổ số phu yen 30 ngày""","=""0""","=""0""","=""6""","=""Low""","=""false"""
"=""xổ số phu yen 2 3 2026""","=""0""","=""0""","=""7""","=""Low""","=""false"""
"=""xổ số phu yen minh ngọc""","=""0""","=""0""","=""6""","=""Low""","=""false"""
"=""xổ số yamaha""","=""0""","=""0""","=""3""","=""Low""","=""false"""
"=""xổ số youtube hôm nay""","=""0""","=""0""","=""5""","=""Low""","=""false"""
"=""xổ số youtube miền nam hôm nay""","=""0""","=""0""","=""7""","=""Low""","=""false"""
"=""xổ số youtube miền bắc hôm nay""","=""0""","=""0""","=""7""","=""Low""","=""false"""
"=""xổ số youtube miền trung hôm nay""","=""0""","=""0""","=""7""","=""Low""","=""false"""
"=""xổ số youtube miền nam""","=""0""","=""0""","=""5""","=""Low""","=""false"""
"=""xổ số youtube miền bắc""","=""0""","=""0""","=""5""","=""Low""","=""false"""
"=""xổ số youtube minh ngọc""","=""0""","=""0""","=""5""","=""Low""","=""false"""
"=""xổ số youtube trực tiếp""","=""0""","=""0""","=""5""","=""Low""","=""false"""
"=""xổ số miền nam ng yh m nay""","=""0""","=""0""","=""8""","=""Low""","=""false"""
"=""xổ số kiến thiết rikkill ys""","=""0""","=""0""","=""6""","=""Low""","=""false"""
"=""xổ số yucho""","=""0""","=""0""","=""3""","=""Low""","=""false"""
"=""xổ số miền bắc zalo""","=""0""","=""0""","=""5""","=""Low""","=""false"""
"=""xổ số miền nam zzz""","=""0""","=""0""","=""5""","=""Low""","=""false"""
"=""xổ số miền nam zz""","=""0""","=""0""","=""5""","=""Low""","=""false"""
"=""xổ số rắn đài an giang""","=""0""","=""0""","=""6""","=""Low""","=""false"""
"=""xổ số rắn vĩnh long""","=""0""","=""0""","=""5""","=""Low""","=""false"""
"=""xổ số u""","=""0""","=""0""","=""3""","=""Low""","=""false"""
"=""xổ số uống tàu""","=""0""","=""0""","=""4""","=""Low""","=""false"""
"=""xổ số u23 việt nam""","=""0""","=""0""","=""5""","=""Low""","=""false"""
"=""xổ số z""","=""0""","=""0""","=""3""","=""Low""","=""false"""
"=""xổ số miền z""","=""0""","=""0""","=""4""","=""Low""","=""false"""
"=""xổ số hôm nay z""","=""0""","=""0""","=""5""","=""Low""","=""false"""
"=""xổ số miền bắc z""","=""0""","=""0""","=""5""","=""Low""","=""false"""
"=""xổ số 4d singapore hôm nay""","=""0""","=""0""","=""6""","=""Low""","=""false"""
"=""xổ số yên hôm nay""","=""0""","=""0""","=""5""","=""Low""","=""false"""
"=""xổ số yên""","=""0""","=""0""","=""3""","=""Low""","=""false"""
"=""xổ số yên phú""","=""0""","=""0""","=""4""","=""Low""","=""false"""
"=""xổ số làm như thế nào""","=""0""","=""0""","=""6""","=""Low""","=""false"""
"=""xổ số để làm gì""","=""0""","=""0""","=""5""","=""Low""","=""false"""
"=""xổ số nào hôm nay""","=""0""","=""0""","=""5""","=""Low""","=""false"""
"=""xổ số bao nhiêu lô""","=""0""","=""0""","=""5""","=""Low""","=""false"""
"=""xổ số bao nhiêu tuổi""","=""0""","=""0""","=""5""","=""Low""","=""false"""
"=""xổ số bao nhiêu ngày hết hạn""","=""0""","=""0""","=""7""","=""Low""","=""false"""
"=""xổ số bao nhiêu giải""","=""0""","=""0""","=""5""","=""Low""","=""false"""
"=""xổ số bao nhiêu đài""","=""0""","=""0""","=""5""","=""Low""","=""false"""
"=""xổ số bao nhiêu hôm nay""","=""0""","=""0""","=""6""","=""Low""","=""false"""
"=""xổ số thế nào""","=""0""","=""0""","=""4""","=""Low""","=""false"""
"=""xổ số như thế nào là trúng""","=""0""","=""0""","=""7""","=""Low""","=""false"""
"=""xổ số viết thế nào""","=""0""","=""0""","=""5""","=""Low""","=""false"""
"=""xổ số vietlott thế nào""","=""0""","=""0""","=""5""","=""Low""","=""false"""
"=""xổ số hôm nay thế nào""","=""0""","=""0""","=""6""","=""Low""","=""false"""
"=""xổ số miền nam thế nào""","=""0""","=""0""","=""6""","=""Low""","=""false"""
"=""xổ số là gì nghĩa""","=""0""","=""0""","=""5""","=""Low""","=""false"""
"=""xổ số từ hàng tuần""","=""0""","=""0""","=""5""","=""Low""","=""false"""
"=""xổ số từ thứ hai đến thứ bảy""","=""0""","=""0""","=""8""","=""Low""","=""false"""
"=""xổ số từ miền nam""","=""0""","=""0""","=""5""","=""Low""","=""false"""
"=""xổ số từ tuần""","=""0""","=""0""","=""4""","=""Low""","=""false"""
"=""xổ số từ miền bắc""","=""0""","=""0""","=""5""","=""Low""","=""false"""
"=""xổ số từ từ khánh hòa""","=""0""","=""0""","=""6""","=""Low""","=""false"""
"=""xổ số từ ngày hôm nay""","=""0""","=""0""","=""6""","=""Low""","=""false"""
"=""xổ số từ năm hàng tuần""","=""0""","=""0""","=""6""","=""Low""","=""false"""
"=""xổ số của ngày thứ hai""","=""0""","=""0""","=""6""","=""Low""","=""false"""
"=""xổ số của ngày thứ bảy""","=""0""","=""0""","=""6""","=""Low""","=""false"""
"=""xổ số thuộc tỉnh nào""","=""0""","=""0""","=""5""","=""Low""","=""false"""
"=""xổ số thuộc mệnh gì""","=""0""","=""0""","=""5""","=""Low""","=""false"""
"=""xổ số 30 thuộc""","=""0""","=""0""","=""4""","=""Low""","=""false"""
"=""xổ số vietlott thuộc công ty nào""","=""0""","=""0""","=""7""","=""Low""","=""false"""
"=""xổ số trực thuộc trung ương""","=""0""","=""0""","=""6""","=""Low""","=""false"""
"=""xổ số kiến thiết thuộc bộ nào""","=""0""","=""0""","=""7""","=""Low""","=""false"""
"=""xổ số miền bắc thuộc tỉnh nào""","=""0""","=""0""","=""7""","=""Low""","=""false"""
"=""xổ số bình thuận thuộc miền nào""","=""0""","=""0""","=""7""","=""Low""","=""false"""
"=""xổ số trên diễn đàn""","=""0""","=""0""","=""5""","=""Low""","=""false"""
"=""xổ số trên youtube""","=""0""","=""0""","=""4""","=""Low""","=""false"""
"=""xổ số trên toàn thế giới""","=""0""","=""0""","=""6""","=""Low""","=""false"""
"=""xổ số trên""","=""0""","=""0""","=""3""","=""Low""","=""false"""
"=""xổ số trên facebook""","=""0""","=""0""","=""4""","=""Low""","=""false"""
"=""xổ số trên zalo""","=""0""","=""0""","=""4""","=""Low""","=""false"""
"=""xổ số trên điện thoại""","=""0""","=""0""","=""5""","=""Low""","=""false"""
"=""xổ số có hợp pháp không""","=""0""","=""0""","=""6""","=""Low""","=""false"""
"=""xổ số ra sao""","=""0""","=""0""","=""4""","=""Low""","=""false"""
"=""xổ số hôm nay ra sao""","=""0""","=""0""","=""6""","=""Low""","=""false"""
"=""xổ số miền nam ra sao""","=""0""","=""0""","=""6""","=""Low""","=""false"""
"=""xổ số miền bắc ra sao""","=""0""","=""0""","=""6""","=""Low""","=""false"""
"=""xổ số kiến thiết ra sao""","=""0""","=""0""","=""6""","=""Low""","=""false"""
"=""xổ số miền trung ra sao""","=""0""","=""0""","=""6""","=""Low""","=""false"""
"=""xổ số miền bắc hôm nay ra sao""","=""0""","=""0""","=""8""","=""Low""","=""false"""
"=""xổ số miền nam hôm nay ra sao""","=""0""","=""0""","=""8""","=""Low""","=""false"""
"=""xổ số miền trung hôm nay ra sao""","=""0""","=""0""","=""8""","=""Low""","=""false"""
"=""xổ số trong ngày hôm qua""","=""0""","=""0""","=""6""","=""Low""","=""false"""
"=""xổ số trong tuần miền trung""","=""0""","=""0""","=""6""","=""Low""","=""false"""
"=""xổ số trong 30 ngày miền bắc""","=""0""","=""0""","=""7""","=""Low""","=""false"""
"=""xổ số không tùng""","=""0""","=""0""","=""4""","=""Low""","=""false"""
"=""xổ số không miền nam""","=""0""","=""0""","=""5""","=""Low""","=""false"""
"=""xổ số không quảng cáo hôm nay""","=""0""","=""0""","=""7""","=""Low""","=""false"""
"=""xổ số không trúng""","=""0""","=""0""","=""4""","=""Low""","=""false"""
"=""xổ số là bao nhiêu""","=""0""","=""0""","=""5""","=""Low""","=""false"""
"=""xổ số dưới quê""","=""0""","=""0""","=""4""","=""Low""","=""false"""
"=""xổ số phú yên dưới huế""","=""0""","=""0""","=""6""","=""Low""","=""false"""
"=""xổ số miền nam ở dưới""","=""0""","=""0""","=""6""","=""Low""","=""false"""
"=""xổ số để miền bắc""","=""0""","=""0""","=""5""","=""Low""","=""false"""
"=""xổ số để""","=""0""","=""0""","=""3""","=""Low""","=""false"""
"=""xổ số để miền nam""","=""0""","=""0""","=""5""","=""Low""","=""false"""
"=""xổ số để bác""","=""0""","=""0""","=""4""","=""Low""","=""false"""
"=""xổ số để hôm nay""","=""0""","=""0""","=""5""","=""Low""","=""false"""
"=""xổ số để miền trung""","=""0""","=""0""","=""5""","=""Low""","=""false"""
"=""xổ số miền bắc để tra cứu""","=""0""","=""0""","=""7""","=""Low""","=""false"""
"=""xổ số với""","=""0""","=""0""","=""3""","=""Low""","=""false"""
"=""xổ số với lô đề""","=""0""","=""0""","=""5""","=""Low""","=""false"""
"=""xổ số miền nam với miền nam""","=""0""","=""0""","=""7""","=""Low""","=""false"""
"=""xổ số miền nam với miền bắc""","=""0""","=""0""","=""7""","=""Low""","=""false"""
"=""xổ số vĩnh long với bình dương""","=""0""","=""0""","=""7""","=""Low""","=""false"""
"=""xổ số an giang với bình thuận""","=""0""","=""0""","=""7""","=""Low""","=""false"""
"=""xổ số không có quảng cáo""","=""0""","=""0""","=""6""","=""Low""","=""false"""
"=""xổ số không có""","=""0""","=""0""","=""4""","=""Low""","=""false"""
"=""xổ số không có được""","=""0""","=""0""","=""5""","=""Low""","=""false"""
"=""xổ số miền trung không có""","=""0""","=""0""","=""6""","=""Low""","=""false"""
"=""xổ số hôm nay không có""","=""0""","=""0""","=""6""","=""Low""","=""false"""
"=""xổ số miền trung nên""","=""0""","=""0""","=""5""","=""Low""","=""false"""
"=""xổ số miền bắc cho nên""","=""0""","=""0""","=""6""","=""Low""","=""false"""
"=""kết quả xổ số miền bắc""","=""5000000""","=""0.45""","=""6""","=""Low""","=""false"""
"=""kêt quả xổ số miền bắc hôm nay""","=""2240000""","=""0.43""","=""8""","=""Low""","=""false"""
"=""kết quả xổ số miền nam""","=""2240000""","=""0.46""","=""6""","=""Low""","=""false"""
"=""kết quả xổ số""","=""1220000""","=""0.51""","=""4""","=""Low""","=""false"""
"=""kêt quả xổ số""","=""1220000""","=""0.51""","=""4""","=""Low""","=""false"""
"=""kết quả xổ số miền bắc 30 ngày""","=""1000000""","=""0.56""","=""8""","=""Low""","=""false"""
"=""du doan xo so mien bac""","=""823000""","=""0""","=""6""","=""Low""","=""false"""
"=""ket qua xo so mien bac""","=""673000""","=""0""","=""6""","=""Low""","=""false"""
"=""kết qua xo so mien bac""","=""673000""","=""0""","=""6""","=""Low""","=""false"""
"=""kết quả xổ số miền nam hôm nay""","=""673000""","=""0.57""","=""8""","=""Low""","=""false"""
"=""trực tiếp xổ số miền nam""","=""673000""","=""0""","=""6""","=""Low""","=""false"""
"=""kết quả xổ số hôm nay""","=""550000""","=""0.39""","=""6""","=""Low""","=""false"""
"=""ket qua xo so""","=""550000""","=""0""","=""4""","=""Low""","=""true"""
"=""truc tiep xo so mien bac""","=""550000""","=""0""","=""6""","=""Low""","=""false"""
"=""dự đoán xổ số miền bắc""","=""450000""","=""0""","=""6""","=""Low""","=""false"""
"=""trực tiếp xổ số miền bắc""","=""450000""","=""0""","=""6""","=""Low""","=""false"""
"=""kết quả xổ số miền bắc ngày hôm nay""","=""368000""","=""0""","=""9""","=""Low""","=""false"""
"=""dự đoán xổ số miền nam""","=""301000""","=""0""","=""6""","=""Low""","=""false"""
"=""kết quả xổ số miền trung hôm nay""","=""301000""","=""0""","=""8""","=""Low""","=""false"""
"=""quay thử xổ số miền nam""","=""301000""","=""0.47""","=""6""","=""Low""","=""false"""
"=""xsmb xổ số miền bắc""","=""246000""","=""0""","=""5""","=""Low""","=""false"""
"=""kết quả xổ số miền bắc hôm qua""","=""201000""","=""0""","=""8""","=""Low""","=""false"""
"=""quay thử xổ số miền bắc""","=""201000""","=""0.36""","=""6""","=""Low""","=""false"""
"=""ket qua xổ số miền bắc""","=""165000""","=""0""","=""6""","=""Low""","=""false"""
"=""kết quả xổ số miền bắc 90 ngày""","=""165000""","=""0""","=""8""","=""Low""","=""false"""
"=""soi cau xo so mien bac""","=""165000""","=""0""","=""6""","=""Low""","=""false"""
"=""trực tiếp xổ số miền nam minh ngọc""","=""165000""","=""0""","=""8""","=""Low""","=""false"""
"=""kết quả xổ số minh ngọc""","=""135000""","=""0""","=""6""","=""Low""","=""false"""
"=""trực tiếp kết quả xổ số miền bắc""","=""135000""","=""0""","=""8""","=""Low""","=""false"""
"=""trực tiếp xổ số miền bắc hôm nay""","=""135000""","=""0""","=""8""","=""Low""","=""false"""
"=""trực tiếp xổ số miền nam hôm nay""","=""110000""","=""0""","=""8""","=""Low""","=""false"""
"=""dự đoán xổ số miền nam chính xác 100""","=""110000""","=""0""","=""9""","=""Low""","=""false"""
"=""ket qua xo so mien nam""","=""110000""","=""0""","=""6""","=""Low""","=""false"""
"=""kết quả xổ số 30 ngày""","=""110000""","=""0""","=""6""","=""Low""","=""false"""
"=""kết quả xổ số miền bắc 100 ngày""","=""110000""","=""0""","=""8""","=""Low""","=""false"""
"=""quay thử xổ số miền nam hôm nay""","=""110000""","=""0""","=""8""","=""Low""","=""false"""
"=""dự đoán xổ số miền bắc hôm nay""","=""90500""","=""0""","=""8""","=""Low""","=""false"""
"=""dự đoán xổ số miền nam hôm nay""","=""90500""","=""0""","=""8""","=""Low""","=""false"""
"=""kết quả xổ số miền nam minh ngọc""","=""90500""","=""0""","=""8""","=""Low""","=""false"""
"=""soi cầu xổ số miền bắc""","=""90500""","=""0""","=""6""","=""Low""","=""false"""
"=""thống kê kết quả xổ số miền bắc 100 ngày""","=""90500""","=""0""","=""10""","=""Low""","=""false"""
"=""kết quả xổ số kiến thiết miền bắc hôm nay""","=""74000""","=""0""","=""10""","=""Low""","=""false"""
"=""diễn đàn xổ số miền nam""","=""74000""","=""0""","=""6""","=""Low""","=""false"""
"=""kết quả xổ số miền bắc 200 ngày""","=""74000""","=""0""","=""8""","=""Low""","=""false"""
"=""quay thử xổ số miền bắc hôm nay""","=""74000""","=""0""","=""8""","=""Low""","=""false"""
"=""quả xổ số miền nam""","=""74000""","=""0""","=""5""","=""Low""","=""false"""
"=""tổng hợp kết quả xổ số miền bắc""","=""74000""","=""0""","=""8""","=""Low""","=""false"""
"=""dự đoán xổ số thần tài miền bắc""","=""60500""","=""0""","=""8""","=""Low""","=""false"""
"=""kết quả xổ số miền nam ngày hôm nay""","=""60500""","=""0""","=""9""","=""Low""","=""false"""
"=""dự đoán xổ số thần tài miền nam""","=""60500""","=""0""","=""8""","=""Low""","=""false"""
"=""diễn đàn xổ số""","=""60500""","=""0""","=""4""","=""Low""","=""false"""
"=""dự đoán xổ số miền bắc hôm nay 888""","=""60500""","=""0""","=""9""","=""Low""","=""true"""
"=""dự đoán xổ số miền trung chính xác 100""","=""60500""","=""0""","=""9""","=""Low""","=""false"""
"=""kết quả xổ số 100 ngày""","=""60500""","=""0""","=""6""","=""Low""","=""false"""
"=""kết quả xổ số ba miền""","=""60500""","=""0""","=""6""","=""Low""","=""false"""
"=""kết quả xổ số khánh hòa""","=""60500""","=""0""","=""6""","=""Low""","=""false"""
"=""kết quả xổ số thủ đô""","=""60500""","=""0""","=""6""","=""Low""","=""false"""
"=""kết quả xổ số truyền thống""","=""60500""","=""0""","=""6""","=""Low""","=""false"""
"=""quả xổ số miền bắc""","=""60500""","=""0""","=""5""","=""Low""","=""false"""
"=""thống kê xổ số miền bắc""","=""60500""","=""0""","=""6""","=""Low""","=""false"""
"=""trực tiếp xổ số minh ngọc""","=""60500""","=""0""","=""6""","=""Low""","=""false"""
"=""kết quả xổ số miền bắc ngày hôm qua""","=""49500""","=""0""","=""9""","=""Low""","=""false"""
"=""du đoán xổ số miền nam hôm nay chính xác""","=""49500""","=""0""","=""10""","=""Low""","=""false"""
"=""dự đoán xổ số 3 miền""","=""49500""","=""0""","=""6""","=""Low""","=""false"""
"=""dự đoán xổ số khánh hòa""","=""49500""","=""0""","=""6""","=""Low""","=""false"""
"=""dự đoán xổ số miền bắc chính xác hôm nay""","=""49500""","=""0""","=""10""","=""Low""","=""false"""
"=""dự đoán xổ số miền nam hôm nay chính xác""","=""49500""","=""0""","=""10""","=""Low""","=""false"""
"=""dự đoán xổ số miền nam minh ngoc""","=""49500""","=""0""","=""8""","=""Low""","=""false"""
"=""dự đoán xổ số miền nam minh ngọc""","=""49500""","=""0""","=""8""","=""Low""","=""false"""
"=""kết quả xổ số kiến thiết miền nam""","=""49500""","=""0""","=""8""","=""Low""","=""false"""
"=""kết quả xổ số miền bắc 30 ngày gần nhất""","=""49500""","=""0""","=""10""","=""Low""","=""false"""
"=""kết quả xổ số net""","=""49500""","=""0""","=""5""","=""Low""","=""true"""
"=""soi cầu xổ số miền nam""","=""49500""","=""0""","=""6""","=""Low""","=""false"""
"=""trực tiếp kết quả xổ số miền bắc hôm nay""","=""49500""","=""0""","=""10""","=""Low""","=""false"""
"=""trực tiếp xổ số hôm nay""","=""49500""","=""0""","=""6""","=""Low""","=""false"""
"=""trực tiếp xổ số miền bắc minh ngọc""","=""49500""","=""0""","=""8""","=""Low""","=""false"""
"=""xsmb dự đoán xổ số miền bắc hôm nay""","=""49500""","=""0""","=""9""","=""Low""","=""true"""
"=""coi xổ số miền nam""","=""40500""","=""0""","=""5""","=""Low""","=""false"""
"=""dự đoán xổ số ba miền""","=""40500""","=""0""","=""6""","=""Low""","=""false"""
"=""kết quả xổ số chấm nét""","=""40500""","=""0""","=""6""","=""Low""","=""false"""
"=""kết quả xổ số gia lai""","=""40500""","=""0""","=""6""","=""Low""","=""false"""
"=""kết quả xổ số hôm nay miền bắc""","=""40500""","=""0""","=""8""","=""Low""","=""false"""
"=""kết quả xổ số kiến thiết miền nam hôm nay""","=""40500""","=""0""","=""10""","=""Low""","=""false"""
"=""kết quả xổ số mb""","=""40500""","=""0""","=""5""","=""Low""","=""false"""
"=""kết quả xổ số ngày hôm nay""","=""40500""","=""0""","=""7""","=""Low""","=""false"""
"=""kết quả xổ số phú yên""","=""40500""","=""0""","=""6""","=""Low""","=""false"""
"=""kết quả xổ số đà nẵng""","=""40500""","=""0""","=""6""","=""Low""","=""false"""
"=""miền nam xổ số miền nam""","=""40500""","=""0""","=""6""","=""Low""","=""false"""
"=""tra cứu kết quả xổ số miền bắc""","=""40500""","=""0""","=""8""","=""Low""","=""false"""
"=""diễn đàn xổ số thần tài""","=""33100""","=""0""","=""6""","=""Low""","=""false"""
"=""diễn đàn xổ số mobi""","=""33100""","=""0""","=""5""","=""Low""","=""false"""
"=""dự đoán xổ số""","=""33100""","=""0""","=""4""","=""Low""","=""false"""
"=""dự đoán xổ số gia lai""","=""33100""","=""0""","=""6""","=""Low""","=""false"""
"=""dự đoán xổ số miền bắc 666""","=""33100""","=""0""","=""7""","=""Low""","=""false"""
"=""ket qua xổ số""","=""33100""","=""0""","=""4""","=""Low""","=""false"""
"=""kết quả xổ số bình định""","=""33100""","=""0""","=""6""","=""Low""","=""false"""
"=""kết quả xổ số vietlott""","=""33100""","=""0.65""","=""5""","=""Low""","=""false"""
"=""soi cầu xổ số miền trung""","=""33100""","=""0""","=""6""","=""Low""","=""false"""
"=""số miền nam xổ số miền nam""","=""33100""","=""0""","=""7""","=""Low""","=""false"""
"=""trực tiếp xổ số""","=""33100""","=""0""","=""4""","=""Low""","=""false"""
"=""trực tiếp xổ số miền trung hôm nay""","=""33100""","=""0""","=""8""","=""Low""","=""false"""
"=""dự đoán kết quả xổ số miền bắc hôm nay""","=""27100""","=""0""","=""10""","=""Low""","=""false"""
"=""dự đoán xổ số miền trung chiều nay""","=""27100""","=""0""","=""8""","=""Low""","=""false"""
"=""dự đoán xổ số phú yên""","=""27100""","=""0""","=""6""","=""Low""","=""false"""
"=""ket qua xo so hom nay""","=""27100""","=""0""","=""6""","=""Low""","=""false"""
"=""ket qua xo so mien bac hom nay""","=""27100""","=""0""","=""8""","=""Low""","=""false"""
"=""kết quả xổ số 30""","=""27100""","=""0""","=""5""","=""Low""","=""false"""
"=""kết quả xổ số bình dương""","=""27100""","=""0""","=""6""","=""Low""","=""false"""
"=""kết quả xổ số hồ chí minh""","=""27100""","=""0""","=""7""","=""Low""","=""false"""
"=""kết quả xổ số miền bắc minh ngọc""","=""27100""","=""0""","=""8""","=""Low""","=""false"""
"=""kết quả xổ số quảng ngãi""","=""27100""","=""0""","=""6""","=""Low""","=""false"""
"=""kết quả xổ số tiền giang""","=""27100""","=""0""","=""6""","=""Low""","=""false"""
"=""kết quả xổ số tây ninh""","=""27100""","=""0""","=""6""","=""Low""","=""false"""
"=""tham khảo xổ số miền bắc""","=""27100""","=""0""","=""6""","=""Low""","=""false"""
"=""tra cứu xổ số miền bắc""","=""27100""","=""0""","=""6""","=""Low""","=""false"""
"=""trực tiếp kết quả xổ số miền nam""","=""27100""","=""0""","=""8""","=""Low""","=""false"""
"=""kết quả xổ số miền bắc hàng ngày""","=""22200""","=""0""","=""8""","=""Low""","=""false"""
"=""kết quả xổ số miền nam hôm qua""","=""22200""","=""0""","=""8""","=""Low""","=""false"""
"=""dự đoán xổ số thần tài""","=""22200""","=""0""","=""6""","=""Low""","=""false"""
"=""diễn đàn xổ số 3 miền""","=""22200""","=""0""","=""6""","=""Low""","=""false"""
"=""diễn đàn xổ số miền bắc""","=""22200""","=""0""","=""6""","=""Low""","=""false"""
"=""dự đoán xổ số 24""","=""22200""","=""0""","=""5""","=""Low""","=""false"""
"=""dự đoán xổ số bình định""","=""22200""","=""0""","=""6""","=""Low""","=""false"""
"=""dự đoán xổ số miền bắc minh ngọc""","=""22200""","=""0""","=""8""","=""Low""","=""false"""
"=""ket qua xo so mien trung""","=""22200""","=""0""","=""6""","=""Low""","=""false"""
"=""kết quả xổ số 90 ngày""","=""22200""","=""0""","=""6""","=""Low""","=""true"""
"=""kết quả xổ số kon tum""","=""22200""","=""0""","=""6""","=""Low""","=""false"""
"=""kết quả xổ số miền nam thứ ba hàng tuần""","=""22200""","=""0""","=""10""","=""Low""","=""false"""
"=""kết quả xổ số miền nam thứ hai hàng tuần""","=""22200""","=""0""","=""10""","=""Low""","=""false"""
"=""kết quả xổ số miền nam thứ năm hàng tuần""","=""22200""","=""0""","=""10""","=""Low""","=""false"""
"=""kết quả xổ số miền nam thứ sáu hàng tuần""","=""22200""","=""0""","=""10""","=""Low""","=""false"""
"=""kết quả xổ số miền nam thứ tư hàng tuần""","=""22200""","=""0""","=""10""","=""Low""","=""false"""
"=""kết quả xổ số miền trung ngày hôm nay""","=""22200""","=""0""","=""9""","=""Low""","=""false"""
"=""miền bắc xổ số miền bắc""","=""22200""","=""0""","=""6""","=""Low""","=""false"""
"=""quả xổ số miền bắc hôm nay""","=""22200""","=""0""","=""7""","=""Low""","=""false"""
"=""truc tiep xo so mien nam""","=""22200""","=""0""","=""6""","=""Low""","=""false"""
"=""quay thử xổ số thần tài 365""","=""18100""","=""0""","=""7""","=""Low""","=""false"""
"=""coi xổ số miền bắc""","=""18100""","=""0""","=""5""","=""Low""","=""false"""
"=""du doan xo so""","=""18100""","=""0""","=""4""","=""Low""","=""false"""
"=""du doan xo so mb""","=""18100""","=""0""","=""5""","=""Low""","=""false"""
"=""dự đoán kết quả xổ số miền nam""","=""18100""","=""0""","=""8""","=""Low""","=""false"""
"=""dự đoán xổ số miền nam thần tài""","=""18100""","=""0""","=""8""","=""Low""","=""false"""
"=""dự đoán xổ số miền nam trúng thưởng""","=""18100""","=""0""","=""8""","=""Low""","=""false"""
"=""kết quả xổ số 200 ngày""","=""18100""","=""0""","=""6""","=""Low""","=""false"""
"=""kết quả xổ số 3 miền""","=""18100""","=""0""","=""6""","=""Low""","=""false"""
"=""kết quả xổ số hà nội""","=""18100""","=""0""","=""6""","=""Low""","=""false"""
"=""kết quả xổ số hôm qua""","=""18100""","=""0""","=""6""","=""Low""","=""false"""
"=""kết quả xổ số kiên giang""","=""18100""","=""0""","=""6""","=""Low""","=""false"""
"=""kết quả xổ số kiến thiết hôm nay""","=""18100""","=""0""","=""8""","=""Low""","=""false"""
"=""kết quả xổ số kiến thiết miền trung""","=""18100""","=""0""","=""8""","=""Low""","=""false"""
"=""kết quả xổ số kiến thiết miền trung hôm nay""","=""18100""","=""0""","=""10""","=""Low""","=""false"""
"=""kết quả xổ số minh ngọc miền nam""","=""18100""","=""0""","=""8""","=""Low""","=""false"""
"=""kết quả xổ số miền bắc 60 ngày""","=""18100""","=""0""","=""8""","=""Low""","=""false"""
"=""kết quả xổ số miền nam chủ nhật hàng tuần""","=""18100""","=""0""","=""10""","=""Low""","=""false"""
"=""kết quả xổ số miền nam thứ bảy hàng tuần""","=""18100""","=""0""","=""10""","=""Low""","=""false"""
"=""kết quả xổ số truyền thống miền bắc""","=""18100""","=""0""","=""8""","=""Low""","=""false"""
"=""kết quả xổ số vũng tàu""","=""18100""","=""0""","=""6""","=""Low""","=""true"""
"=""quay thử xổ số khánh hòa""","=""18100""","=""0""","=""6""","=""Low""","=""false"""
"=""quay thử xổ số miền nam giờ hoàng đạo""","=""18100""","=""0""","=""9""","=""Low""","=""false"""
"=""thống kê kết quả xổ số miền bắc""","=""18100""","=""0""","=""8""","=""Low""","=""false"""
"=""trực tiếp xổ số miền trung minh ngọc""","=""18100""","=""0""","=""8""","=""Low""","=""false"""
"=""xổ xổ số miền nam""","=""18100""","=""0""","=""5""","=""Low""","=""false"""
"=""kết quả xổ số thần tài""","=""14800""","=""0""","=""6""","=""Low""","=""false"""
"=""dự đoán xổ số hôm nay""","=""14800""","=""0""","=""6""","=""Low""","=""false"""
"=""dự đoán xổ số miền trung minh ngoc""","=""14800""","=""0""","=""8""","=""Low""","=""false"""
"=""dự đoán xổ số quảng ngãi""","=""14800""","=""0""","=""6""","=""Low""","=""false"""
"=""kết quả xổ số 30 ngày gần nhất""","=""14800""","=""0""","=""8""","=""Low""","=""false"""
"=""kết quả xổ số bình thuận""","=""14800""","=""0""","=""6""","=""Low""","=""false"""
"=""kết quả xổ số cần thơ""","=""14800""","=""0""","=""6""","=""Low""","=""false"""
"=""kết quả xổ số khánh hòa hôm nay""","=""14800""","=""0""","=""8""","=""Low""","=""false"""
"=""kết quả xổ số kiến thiết""","=""14800""","=""0""","=""6""","=""Low""","=""false"""
"=""kết quả xổ số long an""","=""14800""","=""0""","=""6""","=""Low""","=""false"""
"=""kết quả xổ số miền bắc chủ nhật hàng tuần""","=""14800""","=""0""","=""10""","=""Low""","=""false"""
"=""kết quả xổ số miền bắc hôm nay xsmb""","=""14800""","=""0""","=""9""","=""Low""","=""false"""
"=""kết quả xổ số miền bắc thứ ba hàng tuần""","=""14800""","=""0""","=""10""","=""Low""","=""true"""
"=""kết quả xổ số miền bắc thứ hai hàng tuần""","=""14800""","=""0""","=""10""","=""Low""","=""true"""
"=""kết quả xổ số miền bắc thứ sáu hàng tuần""","=""14800""","=""0""","=""10""","=""Low""","=""false"""
"=""kết quả xổ số miền bắc thứ tư hàng tuần""","=""14800""","=""0""","=""10""","=""Low""","=""false"""
"=""kết quả xổ số miền bắc trực tiếp""","=""14800""","=""0""","=""8""","=""Low""","=""false"""
"=""kết quả xổ số tổng hợp""","=""14800""","=""0""","=""6""","=""Low""","=""false"""
"=""kết quả xổ số đà lạt""","=""14800""","=""0""","=""6""","=""Low""","=""false"""
"=""quay thử xổ số""","=""14800""","=""0""","=""4""","=""Low""","=""false"""
"=""quay thử xổ số hôm nay""","=""14800""","=""0""","=""6""","=""Low""","=""false"""
"=""quả xổ số miền nam hôm nay""","=""14800""","=""0""","=""7""","=""Low""","=""false"""
"=""soi cầu xổ số miền nam hôm nay""","=""14800""","=""0""","=""8""","=""Low""","=""false"""
"=""số miền bắc xổ số miền bắc""","=""14800""","=""0""","=""7""","=""Low""","=""false"""
"=""số xổ số miền bắc""","=""14800""","=""0""","=""5""","=""Low""","=""false"""
"=""thống kê giải đặc biệt xổ số miền bắc""","=""14800""","=""0""","=""9""","=""Low""","=""false"""
"=""kết quả xổ số chiều nay""","=""12100""","=""0""","=""6""","=""Low""","=""false"""
"=""du doan xo so mien bac hom nay""","=""12100""","=""0""","=""8""","=""Low""","=""false"""
"=""du doan xo so mien nam""","=""12100""","=""0""","=""6""","=""Low""","=""false"""
"=""kết quả xổ số 300 ngày""","=""12100""","=""0""","=""6""","=""Low""","=""false"""
"=""kết quả xổ số ba miền hôm nay""","=""12100""","=""0""","=""8""","=""Low""","=""false"""
"=""kết quả xổ số bình phước""","=""12100""","=""0""","=""6""","=""Low""","=""false"""
"=""kết quả xổ số bến tre""","=""12100""","=""0""","=""6""","=""Low""","=""true"""
"=""kết quả xổ số hậu giang""","=""12100""","=""0""","=""6""","=""Low""","=""false"""
"=""kết quả xổ số minh ngọc hôm nay""","=""12100""","=""0""","=""8""","=""Low""","=""false"""
"=""kết quả xổ số miền bắc 30""","=""12100""","=""0""","=""7""","=""Low""","=""true"""
"=""kết quả xổ số miền bắc 30 ngày gần đây""","=""12100""","=""0""","=""10""","=""Low""","=""false"""
"=""kết quả xổ số miền bắc hôm""","=""12100""","=""0""","=""7""","=""Low""","=""true"""
"=""kết quả xổ số miền bắc truyền thống""","=""12100""","=""0""","=""8""","=""Low""","=""false"""
"=""kết quả xổ số quảng bình""","=""12100""","=""0""","=""6""","=""Low""","=""false"""
"=""kết quả xổ số trà vinh""","=""12100""","=""0""","=""6""","=""Low""","=""false"""
"=""kết quả xổ số xsmb""","=""12100""","=""0""","=""5""","=""Low""","=""false"""
"=""quay thử xổ số gia lai""","=""12100""","=""0""","=""6""","=""Low""","=""false"""
"=""quay thử xổ số phú yên""","=""12100""","=""0""","=""6""","=""Low""","=""false"""
"=""số xổ số miền nam""","=""12100""","=""0""","=""5""","=""Low""","=""false"""
"=""tham khảo xổ số miền nam""","=""12100""","=""0""","=""6""","=""Low""","=""false"""
"=""thống kê xổ số miền nam""","=""12100""","=""0""","=""6""","=""Low""","=""false"""
"=""tra cứu kết quả xổ số""","=""12100""","=""0""","=""6""","=""Low""","=""false"""
"=""xổ xổ số miền bắc""","=""12100""","=""0""","=""5""","=""Low""","=""false"""
"=""xsmn xổ số miền nam""","=""12100""","=""0""","=""5""","=""Low""","=""false"""
"=""bình luận xổ số miền nam""","=""9900""","=""0""","=""6""","=""Low""","=""false"""
"=""dự đoán xổ số khánh hòa hôm nay""","=""9900""","=""0""","=""8""","=""Low""","=""false"""
"=""dự đoán xổ số miền bắc ngày mai""","=""9900""","=""0""","=""8""","=""Low""","=""false"""
"=""dự đoán xổ số miền bắc thần tài""","=""9900""","=""0""","=""8""","=""Low""","=""false"""
"=""ket qua xo so mb""","=""9900""","=""0""","=""5""","=""Low""","=""true"""
"=""kết quả xổ số hôm nay minh ngọc""","=""9900""","=""0""","=""8""","=""Low""","=""false"""
"=""kết quả xổ số hôm nay miền nam""","=""9900""","=""0""","=""8""","=""Low""","=""false"""
"=""kết quả xổ số kiến thiết miền bắc 30 ngày""","=""9900""","=""0""","=""10""","=""Low""","=""false"""
"=""kết quả xổ số miền""","=""9900""","=""0""","=""5""","=""Low""","=""false"""
"=""kết quả xổ số miền bắc 100 ngày gần nhất""","=""9900""","=""0""","=""10""","=""Low""","=""false"""
"=""kết quả xổ số miền bắc 500 ngày""","=""9900""","=""0""","=""8""","=""Low""","=""false"""
"=""kết quả xổ số miền bắc chấm net""","=""9900""","=""0""","=""8""","=""Low""","=""false"""
"=""kết quả xổ số miền bắc một tháng""","=""9900""","=""0""","=""8""","=""Low""","=""false"""
"=""kết quả xổ số miền bắc ngày""","=""9900""","=""0""","=""7""","=""Low""","=""false"""
"=""kết quả xổ số miền bắc theo tuần""","=""9900""","=""0""","=""8""","=""Low""","=""false"""
"=""kết quả xổ số miền bắc tra cứu""","=""9900""","=""0""","=""8""","=""Low""","=""false"""
"=""kết quả xổ số miền bắc trực tiếp hôm nay""","=""9900""","=""0""","=""10""","=""Low""","=""false"""
"=""kết quả xổ số miền trung hôm qua""","=""9900""","=""0""","=""8""","=""Low""","=""false"""
"=""kết quả xổ số trực tiếp""","=""9900""","=""0""","=""6""","=""Low""","=""false"""
"=""kết quả xổ số trực tiếp miền bắc""","=""9900""","=""0""","=""8""","=""Low""","=""false"""
"=""kết quả xổ số trực tiếp miền nam""","=""9900""","=""0""","=""8""","=""Low""","=""false"""
"=""kết quả xổ số vietlott hôm nay""","=""9900""","=""0""","=""7""","=""Low""","=""false"""
"=""mở xổ số miền nam""","=""9900""","=""0""","=""5""","=""Low""","=""false"""
"=""quay thử xổ số bình định""","=""9900""","=""0""","=""6""","=""Low""","=""false"""
"=""quay thử xổ số đà nẵng""","=""9900""","=""0""","=""6""","=""Low""","=""false"""
"=""quả xổ số""","=""9900""","=""0""","=""3""","=""Low""","=""false"""
"=""soi cầu xổ số""","=""9900""","=""0""","=""4""","=""Low""","=""false"""
"=""soi cầu xổ số minh ngọc""","=""9900""","=""0""","=""6""","=""Low""","=""false"""
"=""sổ kết quả xổ số miền bắc""","=""9900""","=""0""","=""7""","=""Low""","=""false"""
"=""thống kê xổ số khánh hòa""","=""9900""","=""0""","=""6""","=""Low""","=""false"""
"=""tra cứu xổ số""","=""9900""","=""0""","=""4""","=""Low""","=""true"""
"=""trực tiếp kết quả xổ số miền nam hôm nay""","=""9900""","=""0""","=""10""","=""Low""","=""false"""
"=""trực tiếp xổ số minh ngọc miền nam""","=""9900""","=""0""","=""8""","=""Low""","=""false"""
"=""trực tiếp xổ số miền bắc ngày hôm nay""","=""9900""","=""0""","=""9""","=""Low""","=""false"""
"=""diễn đàn xổ số thần tài miền nam""","=""8100""","=""0""","=""8""","=""Low""","=""true"""
"=""cho coi xổ số miền nam""","=""8100""","=""0""","=""6""","=""Low""","=""false"""
"=""coi xổ số hôm nay""","=""8100""","=""0""","=""5""","=""Low""","=""false"""
"=""coi xổ số miền nam hôm nay""","=""8100""","=""0""","=""7""","=""Low""","=""false"""
"=""diễn đàn xổ số miền nam hôm nay""","=""8100""","=""0""","=""8""","=""Low""","=""false"""
"=""du doan xo so mn""","=""8100""","=""0""","=""5""","=""Low""","=""false"""
"=""dự đoán kết quả xổ số miền nam hôm nay""","=""8100""","=""0""","=""10""","=""Low""","=""false"""
"=""dự đoán xổ số miền bắc ngày hôm nay""","=""8100""","=""0""","=""9""","=""Low""","=""false"""
"=""kq xổ số miền bắc""","=""8100""","=""0""","=""5""","=""Low""","=""false"""
"=""kết quả xổ số 30 ngày miền bắc""","=""8100""","=""0""","=""8""","=""Low""","=""false"""
"=""kết quả xổ số bình định hôm nay""","=""8100""","=""0""","=""8""","=""Low""","=""false"""
"=""kết quả xổ số kiến thiết thủ đô""","=""8100""","=""0""","=""8""","=""Low""","=""false"""
"=""kết quả xổ số miền bắc net""","=""8100""","=""0""","=""7""","=""Low""","=""false"""
"=""kết quả xổ số miền nam chiều nay""","=""8100""","=""0""","=""8""","=""Low""","=""false"""
"=""kết quả xổ số miền nam chủ nhật""","=""8100""","=""0""","=""8""","=""Low""","=""false"""
"=""kết quả xổ số miền nam hàng ngày""","=""8100""","=""0""","=""8""","=""Low""","=""false"""
"=""kết quả xổ số miền nam thứ ba""","=""8100""","=""0""","=""8""","=""Low""","=""false"""
"=""kết quả xổ số miền nam thứ bảy""","=""8100""","=""0""","=""8""","=""Low""","=""false"""
"=""kết quả xổ số miền nam thứ hai""","=""8100""","=""0""","=""8""","=""Low""","=""false"""
"=""kết quả xổ số miền nam thứ năm""","=""8100""","=""0""","=""8""","=""Low""","=""false"""
"=""kết quả xổ số miền nam thứ sáu""","=""8100""","=""0""","=""8""","=""Low""","=""false"""
"=""kết quả xổ số miền nam thứ tư""","=""8100""","=""0""","=""8""","=""Low""","=""false"""
"=""kết quả xổ số thành phố""","=""8100""","=""0""","=""6""","=""Low""","=""false"""
"=""kết quả xổ số thừa thiên huế""","=""8100""","=""0""","=""7""","=""Low""","=""false"""
"=""kết quả xổ số đài bắc""","=""8100""","=""0""","=""6""","=""Low""","=""false"""
"=""kết quả xổ số đại phát""","=""8100""","=""0""","=""6""","=""Low""","=""false"""
"=""mở xổ số miền bắc""","=""8100""","=""0""","=""5""","=""Low""","=""false"""
"=""quay thử xổ số kon tum""","=""8100""","=""0""","=""6""","=""Low""","=""false"""
"=""quay thử xổ số miền bắc ngày hôm nay""","=""8100""","=""0""","=""9""","=""Low""","=""false"""
"=""soi cầu dự đoán xổ số miền bắc""","=""8100""","=""0""","=""8""","=""Low""","=""false"""
"=""soi cầu xổ số miền trung hôm nay""","=""8100""","=""0""","=""8""","=""Low""","=""false"""
"=""tham khảo xổ số khánh hòa""","=""8100""","=""0""","=""6""","=""Low""","=""false"""
"=""truc tiep xo so""","=""8100""","=""0""","=""4""","=""Low""","=""false"""
"=""trực tiếp kết quả xổ số""","=""8100""","=""0""","=""6""","=""Low""","=""false"""
"=""trực tiếp xổ số ba miền""","=""8100""","=""0""","=""6""","=""Low""","=""false"""
"=""trực tiếp xổ số kiến thiết miền bắc""","=""8100""","=""0""","=""8""","=""Low""","=""false"""
"=""tổng hợp xổ số miền bắc""","=""8100""","=""0""","=""6""","=""Low""","=""false"""
"=""xsmb xsmn kết quả xổ số miền bắc hôm nay""","=""8100""","=""0""","=""10""","=""Low""","=""false"""
"=""coi xổ số""","=""6600""","=""0""","=""3""","=""Low""","=""false"""
"=""du doan xo so mien trung""","=""6600""","=""0""","=""6""","=""Low""","=""false"""
"=""dò xổ số""","=""6600""","=""0""","=""3""","=""Low""","=""false"""
"=""dò xổ số miền nam""","=""6600""","=""0""","=""5""","=""Low""","=""false"""
"=""ket quả xổ số miền bắc""","=""6600""","=""0""","=""6""","=""Low""","=""false"""
"=""ket quả xổ số miền nam""","=""6600""","=""0""","=""6""","=""Low""","=""false"""
"=""kết quả trực tiếp xổ số miền bắc""","=""6600""","=""0""","=""8""","=""Low""","=""false"""
"=""kết quả xổ số mien bac""","=""6600""","=""0""","=""6""","=""Low""","=""false"""
"=""kết quả xổ số miền bắc hôm nay kqxsmb""","=""6600""","=""0""","=""9""","=""Low""","=""true"""
"=""kết quả xổ số miền bắc tối nay""","=""6600""","=""0""","=""8""","=""Low""","=""false"""
"=""kết quả xổ số miền bắc đại phát""","=""6600""","=""0""","=""8""","=""Low""","=""false"""
"=""kết quả xổ số miền nam hôm nay minh ngọc""","=""6600""","=""0""","=""10""","=""Low""","=""false"""
"=""kết quả xổ số ngày hôm qua""","=""6600""","=""0""","=""7""","=""Low""","=""false"""
"=""kết quả xổ số quảng ngãi hôm nay""","=""6600""","=""0""","=""8""","=""Low""","=""false"""
"=""kết quả xổ số đài miền nam""","=""6600""","=""0""","=""7""","=""Low""","=""false"""
"=""phân tích xổ số miền bắc""","=""6600""","=""0""","=""6""","=""Low""","=""false"""
"=""quay thử kết quả xổ số miền bắc""","=""6600""","=""0""","=""8""","=""Low""","=""false"""
"=""quả xổ số miền bắc ngày hôm nay""","=""6600""","=""0""","=""8""","=""Low""","=""false"""
"=""soi cầu dự đoán xổ số miền nam""","=""6600""","=""0""","=""8""","=""Low""","=""false"""
"=""soi cầu xổ số ba miền""","=""6600""","=""0""","=""6""","=""Low""","=""false"""
"=""thống kê tần suất xổ số miền bắc""","=""6600""","=""0""","=""8""","=""Low""","=""false"""
"=""thống kê xổ số""","=""6600""","=""0""","=""4""","=""Low""","=""false"""
"=""thống kê xổ số gia lai""","=""6600""","=""0""","=""6""","=""Low""","=""false"""
"=""thống kê xổ số miền bắc theo tuần""","=""6600""","=""0""","=""8""","=""Low""","=""false"""
"=""thống kê xổ số phú yên""","=""6600""","=""0""","=""6""","=""Low""","=""false"""
"=""thống kê xổ số đà nẵng""","=""6600""","=""0""","=""6""","=""Low""","=""false"""
"=""tiếp xổ số miền nam""","=""6600""","=""0""","=""5""","=""Low""","=""false"""
"=""trực tiếp xổ số hà nội""","=""6600""","=""0""","=""6""","=""Low""","=""false"""
"=""trực tiếp xổ số kiến thiết miền nam""","=""6600""","=""0""","=""8""","=""Low""","=""false"""
"=""xổ thử xổ số miền nam""","=""6600""","=""0""","=""6""","=""Low""","=""false"""
"=""xsmb xổ số miền bắc hôm nay""","=""6600""","=""0""","=""7""","=""Low""","=""false"""
"=""dự đoán soi cầu xổ số miền bắc""","=""5400""","=""0""","=""8""","=""Low""","=""false"""
"=""dự đoán xổ số bình định hôm nay""","=""5400""","=""0""","=""8""","=""Low""","=""true"""
"=""dự đoán xổ số gia lai chính xác 100""","=""5400""","=""0""","=""9""","=""Low""","=""true"""
"=""dự đoán xổ số gia lai hôm nay""","=""5400""","=""0""","=""8""","=""Low""","=""false"""
"=""dự đoán xổ số kiên giang""","=""5400""","=""0""","=""6""","=""Low""","=""false"""
"=""dự đoán xổ số thừa thiên huế""","=""5400""","=""0""","=""7""","=""Low""","=""false"""
"=""giải đặc biệt xổ số miền bắc""","=""5400""","=""0""","=""7""","=""Low""","=""false"""
"=""ket qua xo so mn""","=""5400""","=""0""","=""5""","=""Low""","=""false"""
"=""kết quả xổ số kiến thiết miền bắc hôm qua""","=""5400""","=""0""","=""10""","=""Low""","=""false"""
"=""kết quả xổ số mb hôm nay""","=""5400""","=""0""","=""7""","=""Low""","=""false"""
"=""kết quả xổ số miền bắc chiều nay""","=""5400""","=""0""","=""8""","=""Low""","=""false"""
"=""kết quả xổ số miền bắc chủ nhật""","=""5400""","=""0""","=""8""","=""Low""","=""false"""
"=""kết quả xổ số miền bắc mới nhất""","=""5400""","=""0""","=""8""","=""Low""","=""false"""
"=""kết quả xổ số miền bắc thứ hai""","=""5400""","=""0""","=""8""","=""Low""","=""false"""
"=""kết quả xổ số miền bắc thứ sáu""","=""5400""","=""0""","=""8""","=""Low""","=""false"""
"=""kết quả xổ số miền bắc thứ tư""","=""5400""","=""0""","=""8""","=""Low""","=""false"""
"=""kết quả xổ số miền nam minh ngọc hôm nay""","=""5400""","=""0""","=""10""","=""Low""","=""false"""
"=""kết quả xổ số miền nam ngày hôm qua""","=""5400""","=""0""","=""9""","=""Low""","=""false"""
"=""kết quả xổ số miền nam trực tiếp""","=""5400""","=""0""","=""8""","=""Low""","=""false"""
"=""kết quả xổ số thủ đô hôm nay""","=""5400""","=""0""","=""8""","=""Low""","=""false"""
"=""kết quả xổ số trực tiếp miền bắc hôm nay""","=""5400""","=""0""","=""10""","=""Low""","=""false"""
"=""minh ngọc xổ số miền nam""","=""5400""","=""0""","=""6""","=""Low""","=""false"""
"=""quả xổ số hôm nay""","=""5400""","=""0""","=""5""","=""Low""","=""false"""
"=""quả xổ số miền trung hôm nay""","=""5400""","=""0""","=""7""","=""Low""","=""false"""
"=""soi cầu dự đoán xổ số miền bắc hôm nay""","=""5400""","=""0""","=""10""","=""Low""","=""false"""
"=""soi cầu xổ số đà nẵng""","=""5400""","=""0""","=""6""","=""Low""","=""false"""
"=""tham khảo xổ số bình định""","=""5400""","=""0""","=""6""","=""Low""","=""false"""
"=""tham khảo xổ số gia lai""","=""5400""","=""0""","=""6""","=""Low""","=""false"""
"=""tham khảo xổ số phú yên""","=""5400""","=""0""","=""6""","=""Low""","=""false"""
"=""thống kê xổ số miền bắc theo năm""","=""5400""","=""0""","=""8""","=""Low""","=""true"""
"=""thống kê xổ số tiền giang""","=""5400""","=""0""","=""6""","=""Low""","=""false"""
"=""xsmn kết quả xổ số miền nam""","=""5400""","=""0""","=""7""","=""Low""","=""false"""
"=""cho coi xổ số miền bắc""","=""4400""","=""0""","=""6""","=""Low""","=""false"""
"=""cầu xổ số miền nam""","=""4400""","=""0""","=""5""","=""Low""","=""false"""
"=""du doan xo so than tai""","=""4400""","=""0""","=""6""","=""Low""","=""false"""
"=""dự đoán kết quả xổ số miền trung hôm nay""","=""4400""","=""0""","=""10""","=""Low""","=""false"""
"=""dự đoán xổ số cần thơ""","=""4400""","=""0""","=""6""","=""Low""","=""false"""
"=""dự đoán xổ số hà nội""","=""4400""","=""0""","=""6""","=""Low""","=""false"""
"=""dự đoán xổ số long an""","=""4400""","=""0""","=""6""","=""Low""","=""false"""
"=""dự đoán xổ số quảng bình""","=""4400""","=""0""","=""6""","=""Low""","=""false"""
"=""dự đoán xổ số tây ninh""","=""4400""","=""0""","=""6""","=""Low""","=""false"""
"=""dự đoán xổ số vĩnh long""","=""4400""","=""0""","=""6""","=""Low""","=""false"""
"=""ketqua xo so""","=""4400""","=""0""","=""3""","=""Low""","=""false"""
"=""kêt qua xô sô miên băc""","=""4400""","=""0""","=""6""","=""Low""","=""false"""
"=""kết quả tra cứu xổ số miền bắc""","=""4400""","=""0""","=""8""","=""Low""","=""false"""
"=""kết quả xổ số 60 ngày""","=""4400""","=""0""","=""6""","=""Low""","=""true"""
"=""kết quả xổ số bà rịa vũng tàu""","=""4400""","=""0""","=""8""","=""Low""","=""false"""
"=""kết quả xổ số bình dương hôm nay""","=""4400""","=""0""","=""8""","=""Low""","=""false"""
"=""kết quả xổ số hàng ngày""","=""4400""","=""0""","=""6""","=""Low""","=""false"""
"=""kết quả xổ số hồ chí minh hôm nay""","=""4400""","=""0""","=""9""","=""Low""","=""false"""
"=""kết quả xổ số kiến thiết ngày hôm nay""","=""4400""","=""0""","=""9""","=""Low""","=""false"""
"=""kết quả xổ số miền bắc 10 ngày gần nhất""","=""4400""","=""0""","=""10""","=""Low""","=""false"""
"=""kết quả xổ số miền bắc 100 ngày gần đây""","=""4400""","=""0""","=""10""","=""Low""","=""true"""
"=""kết quả xổ số miền bắc hôm quả""","=""4400""","=""0""","=""8""","=""Low""","=""false"""
"=""kết quả xổ số miền bắc theo tháng""","=""4400""","=""0""","=""8""","=""Low""","=""true"""
"=""kết quả xổ số mn""","=""4400""","=""0""","=""5""","=""Low""","=""false"""
"=""kết quả xổ số trực tiếp hôm nay""","=""4400""","=""0""","=""8""","=""Low""","=""false"""
"=""kết quả xổ số trực tiếp miền nam hôm nay""","=""4400""","=""0""","=""10""","=""Low""","=""false"""
"=""kết quả xổ số đài miền bắc""","=""4400""","=""0""","=""7""","=""Low""","=""false"""
"=""kết xổ số miền bắc""","=""4400""","=""0""","=""5""","=""Low""","=""false"""
"=""quay thử xổ số khánh hòa hôm nay""","=""4400""","=""0""","=""8""","=""Low""","=""false"""
"=""quay thử xổ số quảng bình""","=""4400""","=""0""","=""6""","=""Low""","=""false"""
"=""soi cau xo so""","=""4400""","=""0""","=""4""","=""Low""","=""false"""
"=""soi cầu xổ số khánh hòa""","=""4400""","=""0""","=""6""","=""Low""","=""false"""
"=""tham khảo xổ số miền bắc hôm nay""","=""4400""","=""0""","=""8""","=""Low""","=""false"""
"=""tham khảo xổ số đà nẵng""","=""4400""","=""0""","=""6""","=""Low""","=""false"""
"=""thảo luận xổ số miền bắc""","=""4400""","=""0""","=""6""","=""Low""","=""true"""
"=""thống kê xổ số kon tum""","=""4400""","=""0""","=""6""","=""Low""","=""false"""
"=""thống kê xổ số miền bắc 30 ngày""","=""4400""","=""0""","=""8""","=""Low""","=""false"""
"=""thống kê xổ số quảng ngãi""","=""4400""","=""0""","=""6""","=""Low""","=""false"""
"=""thống kê xổ số tây ninh""","=""4400""","=""0""","=""6""","=""Low""","=""false"""
"=""tiếp xổ số miền bắc""","=""4400""","=""0""","=""5""","=""Low""","=""false"""
"=""trực tiếp kết quả xổ số hôm nay""","=""4400""","=""0""","=""8""","=""Low""","=""false"""
"=""trực tiếp kết quả xổ số miền nam minh ngọc""","=""4400""","=""0""","=""10""","=""Low""","=""false"""
"=""trực tiếp xổ số minh ngọc hôm nay""","=""4400""","=""0""","=""8""","=""Low""","=""false"""
"=""trực tiếp xổ số miền nam ngày hôm nay""","=""4400""","=""0""","=""9""","=""Low""","=""false"""
"=""diễn đàn xổ số thần tài miền bắc""","=""3600""","=""0""","=""8""","=""Low""","=""true"""
"=""cong dong xo so""","=""3600""","=""0""","=""4""","=""Low""","=""false"""
"=""cầu xổ số miền bắc""","=""3600""","=""0""","=""5""","=""Low""","=""false"""
"=""diễn đàn xổ số miền bắc hôm nay""","=""3600""","=""0""","=""8""","=""Low""","=""true"""
"=""dự đoán kết quả xổ số hôm nay""","=""3600""","=""0""","=""8""","=""Low""","=""false"""
"=""dự đoán xổ số 24h""","=""3600""","=""0""","=""5""","=""Low""","=""false"""
"=""dự đoán xổ số kiến thiết miền bắc""","=""3600""","=""0""","=""8""","=""Low""","=""false"""
"=""dự đoán xổ số phú yên 100""","=""3600""","=""0""","=""7""","=""Low""","=""false"""
"=""dự đoán xổ số quảng ngãi hôm nay""","=""3600""","=""0""","=""8""","=""Low""","=""false"""
"=""dự đoán xổ số quảng trị""","=""3600""","=""0""","=""6""","=""Low""","=""false"""
"=""hôm nay xổ số miền nam hôm nay""","=""3600""","=""0""","=""8""","=""Low""","=""false"""
"=""ket qua xo so mien trung hom nay""","=""3600""","=""0""","=""8""","=""Low""","=""false"""
"=""kq xổ số miền nam""","=""3600""","=""0""","=""5""","=""Low""","=""false"""
"=""kết quả trực tiếp xổ số miền nam""","=""3600""","=""0""","=""8""","=""Low""","=""false"""
"=""kết quả xổ số hà nội hôm nay""","=""3600""","=""0""","=""8""","=""Low""","=""false"""
"=""kết quả xổ số miền bắc trong tháng""","=""3600""","=""0""","=""8""","=""Low""","=""true"""
"=""kết quả xổ số miền bắc trong tuần""","=""3600""","=""0""","=""8""","=""Low""","=""false"""
"=""kết quả xổ số miền bắc tuần tháng năm""","=""3600""","=""0""","=""9""","=""Low""","=""false"""
"=""kết quả xổ số theo tháng""","=""3600""","=""0""","=""6""","=""Low""","=""false"""
"=""kết quả xổ số trực tiếp minh ngọc""","=""3600""","=""0""","=""8""","=""Low""","=""false"""
"=""kết quả xổ số xsmn""","=""3600""","=""0""","=""5""","=""Low""","=""false"""
"=""kết quả xổ số đài bắc hôm nay""","=""3600""","=""0""","=""8""","=""Low""","=""false"""
"=""nam xổ số miền nam""","=""3600""","=""0""","=""5""","=""Low""","=""false"""
"=""quay thu xo so mien nam""","=""3600""","=""0""","=""6""","=""Low""","=""false"""
"=""quay thử xổ số miền nam ngày hôm nay""","=""3600""","=""0""","=""9""","=""Low""","=""false"""
"=""quay thử xổ số thừa thiên huế""","=""3600""","=""0""","=""7""","=""Low""","=""false"""
"=""quay trực tiếp xổ số miền bắc""","=""3600""","=""0""","=""7""","=""Low""","=""false"""
"=""soi cầu xổ số bình định""","=""3600""","=""0""","=""6""","=""Low""","=""false"""
"=""soi cầu xổ số gia lai""","=""3600""","=""0""","=""6""","=""Low""","=""false"""
"=""soi cầu xổ số kon tum""","=""3600""","=""0""","=""6""","=""Low""","=""false"""
"=""soi cầu xổ số miền bắc ngày hôm nay""","=""3600""","=""0""","=""9""","=""Low""","=""false"""
"=""soi cầu xổ số phú yên""","=""3600""","=""0""","=""6""","=""Low""","=""false"""
"=""tham khảo xổ số kon tum""","=""3600""","=""0""","=""6""","=""Low""","=""false"""
"=""thống kê kết quả xổ số miền bắc 30 ngày""","=""3600""","=""0""","=""10""","=""Low""","=""false"""
"=""thống kê xổ số miền bắc hôm nay""","=""3600""","=""0""","=""8""","=""Low""","=""false"""
"=""thống kê xổ số miền nam hôm nay""","=""3600""","=""0""","=""8""","=""Low""","=""false"""
"=""tra cứu kết quả xổ số miền bắc 100 ngày""","=""3600""","=""0""","=""10""","=""Low""","=""false"""
"=""trực tiếp kết quả xổ số kiến thiết miền bắc""","=""3600""","=""0""","=""10""","=""Low""","=""false"""
"=""trực tiếp xổ số kiến thiết miền bắc hôm nay""","=""3600""","=""0""","=""10""","=""Low""","=""false"""
"=""tường thuật trực tiếp kết quả xổ số miền bắc""","=""3600""","=""0""","=""10""","=""Low""","=""false"""
"=""tường thuật trực tiếp xổ số miền bắc""","=""3600""","=""0""","=""8""","=""Low""","=""false"""
"=""xsmb kết quả xổ số miền bắc""","=""3600""","=""0""","=""7""","=""Low""","=""false"""
"=""coi xổ số hà nội""","=""2900""","=""0""","=""5""","=""Low""","=""false"""
"=""du doan xo so 3 mien""","=""2900""","=""0""","=""6""","=""Low""","=""false"""
"=""dự đoán xổ số bình dương""","=""2900""","=""0""","=""6""","=""Low""","=""false"""
"=""dự đoán xổ số bắc trung nam""","=""2900""","=""0""","=""7""","=""Low""","=""true"""
"=""dự đoán xổ số miền nam ngày hôm nay""","=""2900""","=""0""","=""9""","=""Low""","=""false"""
"=""dự đoán xổ số miền trung ngày hôm nay""","=""2900""","=""0""","=""9""","=""Low""","=""false"""
"=""kết quả xổ số miền bắc hàng tuần""","=""2900""","=""0""","=""8""","=""Low""","=""false"""
"=""kết quả xổ số miền nam hàng tuần""","=""2900""","=""0""","=""8""","=""Low""","=""false"""
"=""kết quả xổ số vũng tàu hôm nay""","=""2900""","=""0""","=""8""","=""Low""","=""false"""
"=""quay thử kết quả xổ số miền bắc hôm nay""","=""2900""","=""0""","=""10""","=""Low""","=""false"""
"=""quay thử kết quả xổ số miền nam""","=""2900""","=""0""","=""8""","=""Low""","=""false"""
"=""quay thử xổ số tây ninh""","=""2900""","=""0""","=""6""","=""Low""","=""false"""
"=""quay xổ số miền bắc""","=""2900""","=""0""","=""5""","=""Low""","=""false"""
"=""soi cầu dự đoán kết quả xổ số miền bắc""","=""2900""","=""0""","=""10""","=""Low""","=""false"""
"=""soi cầu dự đoán xổ số miền nam hôm nay""","=""2900""","=""0""","=""10""","=""Low""","=""false"""
"=""soi cầu dự đoán xổ số miền trung""","=""2900""","=""0""","=""8""","=""Low""","=""false"""
"=""soi cầu dự đoán xổ số miền trung hôm nay""","=""2900""","=""0""","=""10""","=""Low""","=""false"""
"=""tham khảo xổ số miền nam hôm nay""","=""2900""","=""0""","=""8""","=""Low""","=""false"""
"=""thống kê xổ số bến tre""","=""2900""","=""0""","=""6""","=""Low""","=""true"""
"=""thống kê xổ số miền bắc theo tháng""","=""2900""","=""0""","=""8""","=""Low""","=""false"""
"=""thống kê xổ số miền bắc theo tổng""","=""2900""","=""0""","=""8""","=""Low""","=""false"""
"=""thống kê xổ số miền nam minh ngọc""","=""2900""","=""0""","=""8""","=""Low""","=""false"""
"=""truc tiep xo so minh ngoc""","=""2900""","=""0""","=""6""","=""Low""","=""false"""
"=""truyền hình trực tiếp xổ số miền bắc""","=""2900""","=""0""","=""8""","=""Low""","=""false"""
"=""trực tiếp xổ số ngày hôm nay""","=""2900""","=""0""","=""7""","=""Low""","=""false"""
"=""dự đoán kết quả xổ số ba miền""","=""2400""","=""0""","=""8""","=""Low""","=""false"""
"=""dự đoán soi cầu xổ số miền nam""","=""2400""","=""0""","=""8""","=""Low""","=""false"""
"=""dự đoán xổ số thành phố""","=""2400""","=""0""","=""6""","=""Low""","=""false"""
"=""ket qua xo so minh ngoc mien nam""","=""2400""","=""0""","=""8""","=""Low""","=""false"""
"=""kết quả trực tiếp xổ số miền bắc hôm nay""","=""2400""","=""0""","=""10""","=""Low""","=""false"""
"=""kết quả xổ số miền bắc hôm qua hôm nay""","=""2400""","=""0""","=""10""","=""Low""","=""false"""
"=""kết quả xổ số miền bắc ngày hôm""","=""2400""","=""0""","=""8""","=""Low""","=""false"""
"=""kết quả xổ số ngày""","=""2400""","=""0""","=""5""","=""Low""","=""false"""
"=""kết quả xổ số trong tuần""","=""2400""","=""0""","=""6""","=""Low""","=""false"""
"=""kết quả xổ số tổng hợp miền bắc""","=""2400""","=""0""","=""8""","=""Low""","=""false"""
"=""kết quả xổ số điện toán""","=""2400""","=""0""","=""6""","=""Low""","=""false"""
"=""quay thử xổ số minh ngọc""","=""2400""","=""0""","=""6""","=""Low""","=""false"""
"=""quay thử xổ số miền""","=""2400""","=""0""","=""5""","=""Low""","=""false"""
"=""quay thử xổ số vĩnh long""","=""2400""","=""0""","=""6""","=""Low""","=""false"""
"=""quay thử xổ số vũng tàu""","=""2400""","=""0""","=""6""","=""Low""","=""true"""
"=""s xổ số miền nam""","=""2400""","=""0""","=""5""","=""Low""","=""false"""
"=""thống kê kết quả xổ số""","=""2400""","=""0""","=""6""","=""Low""","=""false"""
"=""thống kê tra cứu xổ số miền bắc""","=""2400""","=""0""","=""8""","=""Low""","=""false"""
"=""thống kê xổ số miền bắc giải đặc biệt""","=""2400""","=""0""","=""9""","=""Low""","=""false"""
"=""trực tiếp xổ số miền bắc hôm qua""","=""2400""","=""0""","=""8""","=""Low""","=""false"""
"=""trực tiếp xổ số thủ đô""","=""2400""","=""0""","=""6""","=""Low""","=""false"""
"=""dự đoán xổ số khánh hòa vip""","=""1900""","=""0""","=""7""","=""Low""","=""false"""
"=""dự đoán xổ số miền""","=""1900""","=""0""","=""5""","=""Low""","=""false"""
"=""kq xổ số""","=""1900""","=""0""","=""3""","=""Low""","=""false"""
"=""kết quả xổ số bình thuận hôm nay""","=""1900""","=""0""","=""8""","=""Low""","=""false"""
"=""kết quả xổ số hôm nay xsmb""","=""1900""","=""0""","=""7""","=""Low""","=""false"""
"=""kết quả xổ số me""","=""1900""","=""0""","=""5""","=""Low""","=""false"""
"=""kết quả xổ số miền bắc hôm nay hôm nay""","=""1900""","=""0""","=""10""","=""Low""","=""false"""
"=""kết quả xổ số miền nam trực tiếp hôm nay""","=""1900""","=""0""","=""10""","=""Low""","=""true"""
"=""kết quả xổ số trà vinh hôm nay""","=""1900""","=""0""","=""8""","=""Low""","=""false"""
"=""phân tích xổ số miền nam""","=""1900""","=""0""","=""6""","=""Low""","=""false"""
"=""quay thu xo so""","=""1900""","=""0""","=""4""","=""Low""","=""false"""
"=""quay thử xổ số bình dương""","=""1900""","=""0""","=""6""","=""Low""","=""false"""
"=""quay thử xổ số kiên giang""","=""1900""","=""0""","=""6""","=""Low""","=""false"""
"=""quay thử xổ số quảng trị""","=""1900""","=""0""","=""6""","=""Low""","=""false"""
"=""quay thử xổ số thành phố""","=""1900""","=""0""","=""6""","=""Low""","=""false"""
"=""soi cầu kết quả xổ số miền bắc""","=""1900""","=""0""","=""8""","=""Low""","=""false"""
"=""soi cầu xổ số hôm nay""","=""1900""","=""0""","=""6""","=""Low""","=""false"""
"=""sổ kết quả xổ số""","=""1900""","=""0""","=""5""","=""Low""","=""false"""
"=""thống kê kết quả xổ số miền bắc 200 ngày""","=""1900""","=""0""","=""10""","=""Low""","=""false"""
"=""tiếp xổ số miền nam hôm nay""","=""1900""","=""0""","=""7""","=""Low""","=""false"""
"=""pascal xổ số miền bắc""","=""1900""","=""0""","=""5""","=""Low""","=""false"""
"=""24h xổ số miền bắc""","=""1600""","=""0""","=""5""","=""Low""","=""false"""
"=""du doan xo so hom nay""","=""1600""","=""0""","=""6""","=""Low""","=""false"""
"=""ket qua xo so net""","=""1600""","=""0""","=""5""","=""Low""","=""false"""
"=""kết quả xo so mien bac""","=""1600""","=""0""","=""6""","=""Low""","=""false"""
"=""kết quả xổ số hôm nay miền bắc hôm nay""","=""1600""","=""0""","=""10""","=""Low""","=""false"""
"=""kết quả xổ số xsmb hôm nay""","=""1600""","=""0""","=""7""","=""Low""","=""false"""
"=""sổ kết quả xổ số miền bắc hôm nay""","=""1600""","=""0""","=""9""","=""Low""","=""true"""
"=""thống kê xổ số miền bắc minh ngọc""","=""1600""","=""0""","=""8""","=""Low""","=""false"""
"=""trực tiếp xổ số miền""","=""1600""","=""0""","=""5""","=""Low""","=""false"""
"=""xsmn kết quả xổ số miền nam hôm nay""","=""1600""","=""0""","=""9""","=""Low""","=""false"""
"=""du doan ket qua xo so""","=""1300""","=""0""","=""6""","=""Low""","=""false"""
"=""du doan ket qua xo so mien bac""","=""1300""","=""0""","=""8""","=""Low""","=""false"""
"=""dự đoán xổ số miền bắc chính xác""","=""1300""","=""0""","=""8""","=""Low""","=""false"""
"=""kết quả xổ số hôm nay xsmn""","=""1300""","=""0""","=""7""","=""Low""","=""false"""
"=""số xổ số""","=""1300""","=""0""","=""3""","=""Low""","=""false"""
"=""thong ke xo so mien bac""","=""1300""","=""0""","=""6""","=""Low""","=""false"""
"=""thống kê xổ số miền bắc truyền thống""","=""1300""","=""0""","=""8""","=""Low""","=""false"""
"=""thống kê xổ số miền trung hôm nay""","=""1300""","=""0""","=""8""","=""Low""","=""false"""
"=""tin tức xổ số miền bắc""","=""1300""","=""0""","=""6""","=""Low""","=""false"""
"=""tổng kết quả xổ số miền bắc""","=""1300""","=""0""","=""7""","=""Low""","=""false"""
"=""xsmb kết quả xổ số miền bắc hôm nay""","=""1300""","=""0""","=""9""","=""Low""","=""false"""
"=""bình luận xổ số miền bắc""","=""1000""","=""0""","=""6""","=""Low""","=""true"""
"=""kết quả xổ số miền bắc kqxsmb""","=""1000""","=""0""","=""7""","=""Low""","=""false"""
"=""kết quả xổ số miền nam hôm""","=""1000""","=""0""","=""7""","=""Low""","=""false"""
"=""kết quả xổ số miền trung hôm""","=""1000""","=""0""","=""7""","=""Low""","=""false"""
"=""tra cứu kết quả xổ số miền nam""","=""1000""","=""0""","=""8""","=""Low""","=""false"""
"=""tổng hợp kết quả xổ số miền bắc hôm nay""","=""1000""","=""0""","=""10""","=""Low""","=""false"""
"=""xsmb xsmn kết quả xổ số miền nam hôm nay""","=""1000""","=""0""","=""10""","=""Low""","=""false"""
"=""kết quả xổ số td""","=""1000""","=""0""","=""5""","=""Low""","=""false"""
"=""kết quả xổ số miền bắc kqxsmb hôm nay""","=""880""","=""0""","=""9""","=""Low""","=""false"""
"=""kết quả xổ số miền nam hôm nay trực tiếp""","=""880""","=""0""","=""10""","=""Low""","=""false"""
"=""kết quả xổ số xsmn hôm nay""","=""880""","=""0""","=""7""","=""Low""","=""false"""
"=""xsmb xsmn kết quả xổ số hôm nay miền bắc""","=""880""","=""0""","=""10""","=""Low""","=""false"""
"=""xsmn kết quả xổ số""","=""880""","=""0""","=""5""","=""Low""","=""false"""
"=""xsmn kết quả xổ số hôm nay""","=""880""","=""0""","=""7""","=""Low""","=""false"""
"=""xsmn kết quả xổ số hôm nay xsmb""","=""880""","=""0""","=""8""","=""Low""","=""false"""
"=""dd xổ số miền bắc""","=""880""","=""0""","=""5""","=""Low""","=""false"""
"=""dự đoán xổ số trúng thưởng""","=""720""","=""0""","=""6""","=""Low""","=""false"""
"=""dự đoán xổ số đại phát""","=""720""","=""0""","=""6""","=""Low""","=""true"""
"=""kết quả xô sô miên bắc hôm nay""","=""720""","=""0""","=""8""","=""Low""","=""true"""
"=""kết quả xổ số miền bắc hôm qua nay kqxsmb""","=""720""","=""0""","=""10""","=""Low""","=""false"""
"=""số kết quả xổ số miền bắc""","=""720""","=""0""","=""7""","=""Low""","=""false"""
"=""thống kê xổ số miền bắc tra cứu""","=""720""","=""0""","=""8""","=""Low""","=""false"""
"=""xsmb xsmn kết quả xổ số hôm nay""","=""720""","=""0""","=""8""","=""Low""","=""false"""
"=""xsmn kết quả xổ số hôm nay miền nam""","=""590""","=""0""","=""9""","=""Low""","=""false"""
"=""xsmn kết quả xổ số xsmb""","=""590""","=""0""","=""6""","=""Low""","=""false"""
"=""kết quả xổ số kiến thiết miền""","=""480""","=""0""","=""7""","=""Low""","=""true"""
"=""quả xổ số miền""","=""390""","=""0""","=""4""","=""Low""","=""false"""
"=""thống kê xổ số miền bắc ngày hôm nay""","=""390""","=""0""","=""9""","=""Low""","=""false"""
"=""trực tiếp xổ số miền bắc hôm""","=""390""","=""0""","=""7""","=""Low""","=""false"""
"=""web xo so""","=""390""","=""0""","=""3""","=""Low""","=""false"""
"=""xsmn kết quả xổ số miền bắc""","=""390""","=""0""","=""7""","=""Low""","=""false"""
"=""dự đoán xổ số miền trung 100""","=""320""","=""0""","=""7""","=""Low""","=""false"""
"=""xsmb kết quả xổ số hôm nay""","=""320""","=""0""","=""7""","=""Low""","=""false"""
"=""kqxsmb xsmb xổ số miền bắc hôm nay""","=""320""","=""0""","=""8""","=""Low""","=""false"""
"=""web xổ số miền bắc""","=""320""","=""0""","=""5""","=""Low""","=""false"""
"=""dự đoán xổ số miền bắc đại phát""","=""260""","=""0""","=""8""","=""Low""","=""true"""
"=""kết quả xổ số org""","=""260""","=""0""","=""5""","=""Low""","=""false"""
"=""dự đoán xổ số qtri""","=""260""","=""0""","=""5""","=""Low""","=""false"""
"=""nhạc xổ số remix""","=""260""","=""0""","=""4""","=""Low""","=""false"""
"=""dự đoán và quay thử xổ số miền nam""","=""170""","=""0""","=""9""","=""Low""","=""false"""
"=""quay thử xổ số miền bắc theo giờ hoàng đạo""","=""170""","=""0""","=""10""","=""Low""","=""false"""
"=""game xổ số""","=""170""","=""2.57""","=""3""","=""Medium""","=""false"""
"=""kết quả xổ số khanhs hoà""","=""170""","=""0""","=""6""","=""Low""","=""false"""
"=""kết quả xổ số miền bắc năm 2022""","=""140""","=""0""","=""8""","=""Low""","=""false"""
"=""thống kê xổ số miền bắc năm 2022""","=""140""","=""0""","=""8""","=""Low""","=""false"""
"=""dự đoán xổ số miền bắc chính xác 100 ngày""","=""110""","=""0""","=""10""","=""Low""","=""true"""
"=""thống kê xổ số đại phát""","=""110""","=""0""","=""6""","=""Low""","=""false"""
"=""alo xổ số miền bắc hôm nay""","=""110""","=""0""","=""7""","=""Low""","=""true"""
"=""tk xổ số miền nam""","=""110""","=""0""","=""5""","=""Low""","=""true"""
"=""xsmb dự đoán xổ số miền bắc""","=""90""","=""0""","=""7""","=""Low""","=""false"""
"=""alo xổ số hôm nay""","=""90""","=""0""","=""5""","=""Low""","=""false"""
"=""kết quả xổ số năm 2022""","=""70""","=""0""","=""6""","=""Low""","=""false"""
"=""quay thử xổ số 666""","=""70""","=""0""","=""5""","=""Low""","=""false"""
"=""alo xổ số miền trung hôm nay""","=""70""","=""0""","=""7""","=""Low""","=""false"""
"=""clip xổ số miền bắc""","=""70""","=""0""","=""5""","=""Low""","=""false"""
"=""kênh xổ số trên fpt""","=""70""","=""0""","=""5""","=""Low""","=""false"""
"=""tại sao xổ số miền nam""","=""70""","=""0""","=""6""","=""Low""","=""false"""
"=""làm sao xổ số miền nam""","=""70""","=""0""","=""6""","=""Low""","=""false"""
"=""atrungroi xổ số miền nam""","=""50""","=""0""","=""5""","=""Low""","=""true"""
"=""www xổ số""","=""50""","=""0""","=""3""","=""Low""","=""false"""
"=""tại sao xổ số miền bắc""","=""50""","=""0""","=""6""","=""Low""","=""false"""
"=""dự đoán xổ số miền nam 655""","=""30""","=""0""","=""7""","=""Low""","=""true"""
"=""dự đoán xổ số miền trung đài phát""","=""20""","=""0""","=""8""","=""Low""","=""false"""
"=""kết quả xổ số argentina""","=""20""","=""0""","=""5""","=""Low""","=""true"""
"=""kết quả xổ số arsenal""","=""20""","=""0""","=""5""","=""Low""","=""false"""
"=""clip xổ số miền nam""","=""20""","=""0""","=""5""","=""Low""","=""false"""
"=""kết quả xổ số euromillions""","=""20""","=""0""","=""5""","=""Low""","=""false"""
"=""nhạc xổ số piano""","=""20""","=""0""","=""4""","=""Low""","=""false"""
"=""nhạc xổ số remix mp3""","=""20""","=""0""","=""5""","=""Low""","=""false"""
"=""nhóm xổ số telegram""","=""20""","=""0""","=""4""","=""Low""","=""false"""
"=""app xổ số uy tín nhất việt nam""","=""20""","=""2.17""","=""8""","=""Medium""","=""true"""
"=""cách để trúng xổ số""","=""20""","=""0""","=""5""","=""Low""","=""false"""
"=""khi nào xổ số""","=""20""","=""0""","=""4""","=""Low""","=""true"""
"=""khi nào xổ số miền bắc""","=""20""","=""0""","=""6""","=""Low""","=""false"""
"=""khi nào xổ số miền bắc mở lại""","=""20""","=""0""","=""8""","=""Low""","=""false"""
"=""diễn đàn xổ số tinh hoa""","=""10""","=""0""","=""6""","=""Low""","=""false"""
"=""dự đoán kết quả xổ số thủ đô đầu đuôi""","=""10""","=""0""","=""10""","=""Low""","=""false"""
"=""thống kê xổ số miền bắc thiên phú""","=""10""","=""0""","=""8""","=""Low""","=""false"""
"=""dự đoán xổ số argentina""","=""10""","=""0""","=""5""","=""Low""","=""true"""
"=""kết quả xổ số australia""","=""10""","=""0""","=""5""","=""Low""","=""false"""
"=""clb xổ số kiến thiết cần thơ""","=""10""","=""0""","=""7""","=""Low""","=""false"""
"=""dj xổ số miền bắc""","=""10""","=""0""","=""5""","=""Low""","=""false"""
"=""dj xổ số""","=""10""","=""0""","=""3""","=""Low""","=""false"""
"=""kết quả xổ số eurojackpot""","=""10""","=""0""","=""5""","=""Low""","=""false"""
"=""kết quả xổ số fantasy 5""","=""10""","=""0""","=""6""","=""Low""","=""false"""
"=""hello xổ số miền bắc""","=""10""","=""0""","=""5""","=""Low""","=""false"""
"=""kết quả xổ số italia""","=""10""","=""0""","=""5""","=""Low""","=""false"""
"=""dự đoán xổ số plus 24""","=""10""","=""0""","=""6""","=""Low""","=""false"""
"=""kết quả xổ số plus""","=""10""","=""0""","=""5""","=""Low""","=""false"""
"=""logo xổ số png""","=""10""","=""0""","=""4""","=""Low""","=""false"""
"=""kết quả xổ số qbinh""","=""10""","=""0""","=""5""","=""Low""","=""false"""
"=""kết quả xổ số qtri""","=""10""","=""0""","=""5""","=""Low""","=""false"""
"=""nhạc xổ số remix masew""","=""10""","=""0""","=""5""","=""Low""","=""false"""
"=""ủy ban xổ số texas""","=""10""","=""0""","=""5""","=""Low""","=""false"""
"=""tk xổ số miền trung""","=""10""","=""0""","=""5""","=""Low""","=""false"""
"=""kết quả xổ số uruguay""","=""10""","=""0""","=""5""","=""Low""","=""false"""
"=""vì sao xổ số miền bắc""","=""10""","=""0""","=""6""","=""Low""","=""false"""
"=""làm sao để trúng xổ số""","=""10""","=""0""","=""6""","=""Low""","=""false"""
"=""làm thế nào để trúng xổ số""","=""10""","=""0""","=""7""","=""Low""","=""true"""
"=""làm thế nào để trúng xổ số vietlott""","=""10""","=""0""","=""8""","=""Low""","=""false"""
"=""cách để trúng xổ số vietlott""","=""10""","=""0""","=""6""","=""Low""","=""false"""
"=""khi nào xổ số vietlott""","=""10""","=""0""","=""5""","=""Low""","=""false"""
"=""khi nào xổ số miền bắc nghỉ tết""","=""10""","=""0""","=""8""","=""Low""","=""false"""
"=""khi nào xổ số miền trung""","=""10""","=""0""","=""6""","=""Low""","=""false"""
"=""khi nào xổ số quay lại""","=""10""","=""0""","=""6""","=""Low""","=""false"""
"=""có nên mua xổ số không""","=""10""","=""0""","=""6""","=""Low""","=""false"""
"=""như thế nào là trúng xổ số miền bắc""","=""10""","=""0""","=""9""","=""Low""","=""false"""
"=""abc xổ số miền nam""","=""0""","=""0""","=""5""","=""Low""","=""false"""
"=""abc xổ số miền bắc""","=""0""","=""0""","=""5""","=""Low""","=""false"""
"=""kết quả xổ số ac milan""","=""0""","=""0""","=""6""","=""Low""","=""false"""
"=""adidas xổ số miền nam""","=""0""","=""0""","=""5""","=""Low""","=""false"""
"=""adidas xổ số miền bắc""","=""0""","=""0""","=""5""","=""Low""","=""false"""
"=""vua xổ số app""","=""0""","=""0""","=""4""","=""Low""","=""false"""
"=""xem xổ số argentina""","=""0""","=""0""","=""4""","=""Low""","=""false"""
"=""dự đoán xổ số arsenal""","=""0""","=""0""","=""5""","=""Low""","=""false"""
"=""dự đoán xổ số atrungroi""","=""0""","=""0""","=""5""","=""Low""","=""false"""
"=""kết quả xổ số atletico""","=""0""","=""0""","=""5""","=""Low""","=""false"""
"=""kết quả xổ số atletico madrid""","=""0""","=""0""","=""6""","=""Low""","=""false"""
"=""audio xổ số miền nam""","=""0""","=""0""","=""5""","=""Low""","=""false"""
"=""australia xổ số miền nam""","=""0""","=""0""","=""5""","=""Low""","=""false"""
"=""australia xổ số miền bắc""","=""0""","=""0""","=""5""","=""Low""","=""false"""
"=""avatar xổ số miền nam""","=""0""","=""0""","=""5""","=""Low""","=""false"""
"=""avatar xổ số miền bắc""","=""0""","=""0""","=""5""","=""Low""","=""false"""
"=""avatar xổ số miền trung""","=""0""","=""0""","=""5""","=""Low""","=""false"""
"=""giải 6 xổ số bn tiền""","=""0""","=""0""","=""6""","=""Low""","=""false"""
"=""giải 7 xổ số bn tiền""","=""0""","=""0""","=""6""","=""Low""","=""false"""
"=""giải nhất xổ số bn tiền""","=""0""","=""0""","=""6""","=""Low""","=""false"""
"=""giải 4 xổ số bn tiền""","=""0""","=""0""","=""6""","=""Low""","=""false"""
"=""giải tư xổ số bn tiền""","=""0""","=""0""","=""6""","=""Low""","=""false"""
"=""giải 8 xổ số bn tiền""","=""0""","=""0""","=""6""","=""Low""","=""false"""
"=""giải 3 xổ số bn tiền""","=""0""","=""0""","=""6""","=""Low""","=""false"""
"=""giải 5 xổ số bn tiền""","=""0""","=""0""","=""6""","=""Low""","=""false"""
"=""cc xổ số miền trung""","=""0""","=""0""","=""5""","=""Low""","=""false"""
"=""clip xổ số miền nam hôm nay""","=""0""","=""0""","=""7""","=""Low""","=""false"""
"=""clip xổ số""","=""0""","=""0""","=""3""","=""Low""","=""false"""
"=""clip xổ số miền trung""","=""0""","=""0""","=""5""","=""Low""","=""false"""
"=""clb xổ số kiến thiết đắk lắk""","=""0""","=""0""","=""7""","=""Low""","=""false"""
"=""clip xổ số miền bắc hôm nay""","=""0""","=""0""","=""7""","=""Low""","=""false"""
"=""dự đoán xổ số croatia""","=""0""","=""0""","=""5""","=""Low""","=""false"""
"=""cs xổ số miền nam hôm nay""","=""0""","=""0""","=""7""","=""Low""","=""false"""
"=""cx xổ số kiến thiết miền bắc hôm nay""","=""0""","=""0""","=""9""","=""Low""","=""false"""
"=""cx xổ số bắc""","=""0""","=""0""","=""4""","=""Low""","=""false"""
"=""cx xổ số miền bắc""","=""0""","=""0""","=""5""","=""Low""","=""false"""
"=""kết quả xổ số ddoongf nai hôm nay""","=""0""","=""0""","=""8""","=""Low""","=""false"""
"=""kết quả xổ số ddoongf nai""","=""0""","=""0""","=""6""","=""Low""","=""false"""
"=""dj xổ số miền nam""","=""0""","=""0""","=""5""","=""Low""","=""false"""
"=""kết quả xổ số dream jumbo""","=""0""","=""0""","=""6""","=""Low""","=""false"""
"=""kết quả xổ số dream jumbo 2026""","=""0""","=""0""","=""7""","=""Low""","=""false"""
"=""kết quả xổ số dream jumbo hôm nay""","=""0""","=""0""","=""8""","=""Low""","=""false"""
"=""kết quả xổ số dream nhật bản 2026""","=""0""","=""0""","=""8""","=""Low""","=""false"""
"=""dragon xổ số miền nam""","=""0""","=""0""","=""5""","=""Low""","=""false"""
"=""ds xổ số hôm nay""","=""0""","=""0""","=""5""","=""Low""","=""false"""
"=""kết quả xổ số ecuador""","=""0""","=""0""","=""5""","=""Low""","=""false"""
"=""event xổ số""","=""0""","=""0""","=""3""","=""Low""","=""false"""
"=""exciter xổ số miền nam""","=""0""","=""0""","=""5""","=""Low""","=""false"""
"=""exciter xổ số miền bắc""","=""0""","=""0""","=""5""","=""Low""","=""false"""
"=""exciter xổ số miền trung""","=""0""","=""0""","=""5""","=""Low""","=""false"""
"=""exo xổ số miền nam""","=""0""","=""0""","=""5""","=""Low""","=""false"""
"=""exciter xổ số miền nam hôm nay""","=""0""","=""0""","=""7""","=""Low""","=""false"""
"=""vé cào xổ số facebook""","=""0""","=""0""","=""5""","=""Low""","=""false"""
"=""fifa xổ số miền bắc""","=""0""","=""0""","=""5""","=""Low""","=""false"""
"=""fifa xổ số miền nam""","=""0""","=""0""","=""5""","=""Low""","=""false"""
"=""fifa xổ số""","=""0""","=""0""","=""3""","=""Low""","=""false"""
"=""fpt xổ số miền bắc""","=""0""","=""0""","=""5""","=""Low""","=""false"""
"=""fpt xổ số miền nam""","=""0""","=""0""","=""5""","=""Low""","=""false"""
"=""kênh xổ số trên fpt là kênh nào""","=""0""","=""0""","=""8""","=""Low""","=""false"""
"=""fpt xổ số miền trung""","=""0""","=""0""","=""5""","=""Low""","=""false"""
"=""gg xổ số hôm nay""","=""0""","=""0""","=""5""","=""Low""","=""false"""
"=""gmail xổ số miền bắc""","=""0""","=""0""","=""5""","=""Low""","=""false"""
"=""gmail xổ số miền trung""","=""0""","=""0""","=""5""","=""Low""","=""false"""
"=""kết quả xổ số hd""","=""0""","=""0""","=""5""","=""Low""","=""false"""
"=""hello xổ số miền nam hôm nay""","=""0""","=""0""","=""7""","=""Low""","=""false"""
"=""diễn đàn xổ số html""","=""0""","=""0""","=""5""","=""Low""","=""false"""
"=""iphone xổ số miền nam""","=""0""","=""0""","=""5""","=""Low""","=""false"""
"=""iphone xổ số miền bắc""","=""0""","=""0""","=""5""","=""Low""","=""false"""
"=""ipad xổ số miền nam""","=""0""","=""0""","=""5""","=""Low""","=""false"""
"=""ipad xổ số miền bắc""","=""0""","=""0""","=""5""","=""Low""","=""false"""
"=""iphone xổ số miền trung""","=""0""","=""0""","=""5""","=""Low""","=""false"""
"=""iphone xổ số miền nam hôm nay""","=""0""","=""0""","=""7""","=""Low""","=""false"""
"=""kết quả xổ số kb""","=""0""","=""0""","=""5""","=""Low""","=""false"""
"=""kb xổ số miền bắc""","=""0""","=""0""","=""5""","=""Low""","=""false"""
"=""ks xổ số""","=""0""","=""0""","=""3""","=""Low""","=""false"""
"=""soi cầu xổ số kubet""","=""0""","=""0""","=""5""","=""Low""","=""false"""
"=""lq xổ số mb""","=""0""","=""0""","=""4""","=""Low""","=""false"""
"=""mc xổ số miền bắc""","=""0""","=""0""","=""5""","=""Low""","=""false"""
"=""kết quả xổ số mh""","=""0""","=""0""","=""5""","=""Low""","=""false"""
"=""oggy xổ số miền nam""","=""0""","=""0""","=""5""","=""Low""","=""false"""
"=""open xổ số miền bắc""","=""0""","=""0""","=""5""","=""Low""","=""false"""
"=""open xổ số miền nam""","=""0""","=""0""","=""5""","=""Low""","=""false"""
"=""oppo xổ số miền bắc""","=""0""","=""0""","=""5""","=""Low""","=""false"""
"=""oppo xổ số miền nam""","=""0""","=""0""","=""5""","=""Low""","=""false"""
"=""open xổ số miền trung""","=""0""","=""0""","=""5""","=""Low""","=""false"""
"=""open xổ số""","=""0""","=""0""","=""3""","=""Low""","=""false"""
"=""oppo xổ số miền bắc hôm nay""","=""0""","=""0""","=""7""","=""Low""","=""false"""
"=""oppo xổ số miền trung""","=""0""","=""0""","=""5""","=""Low""","=""false"""
"=""open xổ số miền nam hôm nay""","=""0""","=""0""","=""7""","=""Low""","=""false"""
"=""nhạc xổ số original""","=""0""","=""0""","=""4""","=""Low""","=""false"""
"=""organ xổ số miền nam""","=""0""","=""0""","=""5""","=""Low""","=""false"""
"=""kết quả xổ số oz lotto""","=""0""","=""0""","=""6""","=""Low""","=""false"""
"=""dự đoán xổ số pascal""","=""0""","=""0""","=""5""","=""Low""","=""false"""
"=""dự đoán xổ số paraguay""","=""0""","=""0""","=""5""","=""Low""","=""false"""
"=""kết quả xổ số paris saint germain""","=""0""","=""0""","=""7""","=""Low""","=""false"""
"=""petrovietnam xổ số miền bắc""","=""0""","=""0""","=""5""","=""Low""","=""false"""
"=""kết quả xổ số piano""","=""0""","=""0""","=""5""","=""Low""","=""false"""
"=""nhạc xổ số pdf""","=""0""","=""0""","=""4""","=""Low""","=""false"""
"=""kết quả xổ số pdf""","=""0""","=""0""","=""5""","=""Low""","=""false"""
"=""qatar xổ số miền nam""","=""0""","=""0""","=""5""","=""Low""","=""false"""
"=""dự đoán xổ số qb""","=""0""","=""0""","=""5""","=""Low""","=""false"""
"=""thống kê xổ số qb""","=""0""","=""0""","=""5""","=""Low""","=""false"""
"=""kết quả xổ số qb""","=""0""","=""0""","=""5""","=""Low""","=""false"""
"=""quay thử xổ số qb""","=""0""","=""0""","=""5""","=""Low""","=""false"""
"=""kết quả xổ số qt""","=""0""","=""0""","=""5""","=""Low""","=""false"""
"=""thống kê xổ số qtri""","=""0""","=""0""","=""5""","=""Low""","=""false"""
"=""rbk xổ số""","=""0""","=""0""","=""3""","=""Low""","=""false"""
"=""nhạc xổ số remix download""","=""0""","=""0""","=""5""","=""Low""","=""false"""
"=""nhạc xổ số remix mp3 download""","=""0""","=""0""","=""6""","=""Low""","=""false"""
"=""kết quả xổ số rss""","=""0""","=""0""","=""5""","=""Low""","=""false"""
"=""rss xổ số""","=""0""","=""0""","=""3""","=""Low""","=""false"""
"=""sc xổ số miền bắc""","=""0""","=""0""","=""5""","=""Low""","=""false"""
"=""sc xổ số miền trung""","=""0""","=""0""","=""5""","=""Low""","=""false"""
"=""nhạc xổ số sheet""","=""0""","=""0""","=""4""","=""Low""","=""false"""
"=""slogan xổ số""","=""0""","=""0""","=""3""","=""Low""","=""false"""
"=""slide xổ số""","=""0""","=""0""","=""3""","=""Low""","=""false"""
"=""kêts quả xổ số sx100 ngày""","=""0""","=""0""","=""6""","=""Low""","=""false"""
"=""công ty xổ số tcmm quốc tế minh ngọc""","=""0""","=""0""","=""9""","=""Low""","=""false"""
"=""tk xổ số khánh hòa""","=""0""","=""0""","=""5""","=""Low""","=""false"""
"=""tk xổ số quảng ngãi""","=""0""","=""0""","=""5""","=""Low""","=""false"""
"=""tk xổ số bình định""","=""0""","=""0""","=""5""","=""Low""","=""false"""
"=""tk xổ số quảng nam""","=""0""","=""0""","=""5""","=""Low""","=""false"""
"=""tk xổ số gia lai""","=""0""","=""0""","=""5""","=""Low""","=""false"""
"=""tk xổ số phú yên""","=""0""","=""0""","=""5""","=""Low""","=""false"""
"=""uruguay xổ số miền nam""","=""0""","=""0""","=""5""","=""Low""","=""false"""
"=""kết quả xổ số us powerball mỹ""","=""0""","=""0""","=""7""","=""Low""","=""false"""
"=""kết quả xổ số uy lực đài loan hôm nay""","=""0""","=""0""","=""10""","=""Low""","=""false"""
"=""kết quả xổ số uzbekistan""","=""0""","=""0""","=""5""","=""Low""","=""false"""
"=""đặt vé xổ số vcoin""","=""0""","=""0""","=""5""","=""Low""","=""false"""
"=""cách chơi xổ số vcoin""","=""0""","=""0""","=""5""","=""Low""","=""false"""
"=""weather xổ số miền nam""","=""0""","=""0""","=""5""","=""Low""","=""false"""
"=""weather xổ số miền bắc""","=""0""","=""0""","=""5""","=""Low""","=""false"""
"=""weather xổ số miền trung""","=""0""","=""0""","=""5""","=""Low""","=""false"""
"=""web xổ số miền nam""","=""0""","=""0""","=""5""","=""Low""","=""false"""
"=""thống kê xổ số what""","=""0""","=""0""","=""5""","=""Low""","=""false"""
"=""what xổ số miền bắc""","=""0""","=""0""","=""5""","=""Low""","=""false"""
"=""dự đoán xổ số win 888""","=""0""","=""0""","=""6""","=""Low""","=""false"""
"=""www xổ số minh ngọc""","=""0""","=""0""","=""5""","=""Low""","=""false"""
"=""www xổ số miền trung""","=""0""","=""0""","=""5""","=""Low""","=""false"""
"=""www xổ số vietlott""","=""0""","=""0""","=""4""","=""Low""","=""false"""
"=""công ty tnhh xổ số wynn group""","=""0""","=""0""","=""7""","=""Low""","=""false"""
"=""xem xổ số miền nam""","=""0""","=""0""","=""5""","=""Low""","=""false"""
"=""xem xổ số miền trung""","=""0""","=""0""","=""5""","=""Low""","=""false"""
"=""xem xổ số miền bắc""","=""0""","=""0""","=""5""","=""Low""","=""false"""
"=""yamaha xổ số miền nam""","=""0""","=""0""","=""5""","=""Low""","=""false"""
"=""yamaha xổ số miền nam hôm nay""","=""0""","=""0""","=""7""","=""Low""","=""false"""
"=""yamaha xổ số miền bắc""","=""0""","=""0""","=""5""","=""Low""","=""false"""
"=""yamaha xổ số miền trung""","=""0""","=""0""","=""5""","=""Low""","=""false"""
"=""dò xổ số zalo""","=""0""","=""0""","=""4""","=""Low""","=""false"""
"=""zalo xổ số miền trung""","=""0""","=""0""","=""5""","=""Low""","=""false"""
"=""zalo xổ số miền nam hôm nay""","=""0""","=""0""","=""7""","=""Low""","=""false"""
"=""zalo xổ số miền bắc hôm nay""","=""0""","=""0""","=""7""","=""Low""","=""false"""
"=""zalo xổ số hôm nay""","=""0""","=""0""","=""5""","=""Low""","=""false"""
"=""zalo xổ số gia lai""","=""0""","=""0""","=""5""","=""Low""","=""false"""
"=""zalo xổ số miền trung hôm nay""","=""0""","=""0""","=""7""","=""Low""","=""false"""
"=""zing xổ số trà vinh""","=""0""","=""0""","=""5""","=""Low""","=""false"""
"=""zombie xổ số miền nam""","=""0""","=""0""","=""5""","=""Low""","=""false"""
"=""zombie xổ số miền trung""","=""0""","=""0""","=""5""","=""Low""","=""false"""
"=""zombie xổ số miền bắc""","=""0""","=""0""","=""5""","=""Low""","=""false"""
"=""tại sao xổ số miền trung""","=""0""","=""0""","=""6""","=""Low""","=""false"""
"=""tại sao xổ số miền bắc hôm nay""","=""0""","=""0""","=""8""","=""Low""","=""false"""
"=""tại sao xổ số""","=""0""","=""0""","=""4""","=""Low""","=""false"""
"=""tại sao xổ số lại ích nước lợi nhà""","=""0""","=""0""","=""9""","=""Low""","=""false"""
"=""tại sao xổ số không được""","=""0""","=""0""","=""6""","=""Low""","=""false"""
"=""tại sao xổ số miền nam thứ sáu""","=""0""","=""0""","=""8""","=""Low""","=""false"""
"=""tại sao xổ số gia lai""","=""0""","=""0""","=""6""","=""Low""","=""false"""
"=""tại sao xổ số lại hợp pháp""","=""0""","=""0""","=""7""","=""Low""","=""false"""
"=""vì sao xổ số miền trung""","=""0""","=""0""","=""6""","=""Low""","=""false"""
"=""vì sao xổ số hàng tuần""","=""0""","=""0""","=""6""","=""Low""","=""false"""
"=""vì sao xổ số thứ sáu hàng tuần""","=""0""","=""0""","=""8""","=""Low""","=""false"""
"=""vì sao xổ số miền nam thứ sáu""","=""0""","=""0""","=""8""","=""Low""","=""false"""
"=""vì sao xổ số""","=""0""","=""0""","=""4""","=""Low""","=""false"""
"=""vì sao xổ số miền nam hàng tuần""","=""0""","=""0""","=""8""","=""Low""","=""false"""
"=""vì sao xổ số miền nam hôm nay""","=""0""","=""0""","=""8""","=""Low""","=""false"""
"=""vì sao xổ số đài miền nam""","=""0""","=""0""","=""7""","=""Low""","=""false"""
"=""vì sao xổ số gia lai""","=""0""","=""0""","=""6""","=""Low""","=""false"""
"=""làm sao xổ số miền bắc""","=""0""","=""0""","=""6""","=""Low""","=""false"""
"=""làm sao xổ số miền trung""","=""0""","=""0""","=""6""","=""Low""","=""false"""
"=""làm sao xổ số miền nam hôm nay""","=""0""","=""0""","=""8""","=""Low""","=""false"""
"=""làm sao xổ số miền bắc hôm nay""","=""0""","=""0""","=""8""","=""Low""","=""false"""
"=""làm sao xổ số""","=""0""","=""0""","=""4""","=""Low""","=""false"""
"=""làm sao để mua xổ số vietlott""","=""0""","=""0""","=""7""","=""Low""","=""false"""
"=""làm sao biết trúng xổ số""","=""0""","=""0""","=""6""","=""Low""","=""false"""
"=""làm sao để dò xổ số""","=""0""","=""0""","=""6""","=""Low""","=""false"""
"=""làm thế nào xổ số miền nam""","=""0""","=""0""","=""7""","=""Low""","=""false"""
"=""làm thế nào xổ số miền nam thứ năm""","=""0""","=""0""","=""9""","=""Low""","=""false"""
"=""làm thế nào xổ số miền trung""","=""0""","=""0""","=""7""","=""Low""","=""false"""
"=""làm thế nào xổ số miền bắc""","=""0""","=""0""","=""7""","=""Low""","=""false"""
"=""làm thế nào để mua xổ số vietlott""","=""0""","=""0""","=""8""","=""Low""","=""false"""
"=""làm thế nào để biết trúng xổ số""","=""0""","=""0""","=""8""","=""Low""","=""false"""
"=""cách để xổ số""","=""0""","=""0""","=""4""","=""Low""","=""false"""
"=""cách để dò xổ số""","=""0""","=""0""","=""5""","=""Low""","=""false"""
"=""cách để mua xổ số vietlott""","=""0""","=""0""","=""6""","=""Low""","=""false"""
"=""cách để dò xổ số vietlott""","=""0""","=""0""","=""6""","=""Low""","=""false"""
"=""cách để xem xổ số""","=""0""","=""0""","=""5""","=""Low""","=""false"""
"=""cách để coi xổ số""","=""0""","=""0""","=""5""","=""Low""","=""false"""
"=""cách để biết xổ số ngày mai""","=""0""","=""0""","=""7""","=""Low""","=""false"""
"=""cách để biết xổ số""","=""0""","=""0""","=""5""","=""Low""","=""false"""
"=""làm gì để trúng xổ số""","=""0""","=""0""","=""6""","=""Low""","=""false"""
"=""để làm gì xổ số miền nam""","=""0""","=""0""","=""7""","=""Low""","=""false"""
"=""khi nào xổ số miền bắc quay""","=""0""","=""0""","=""7""","=""Low""","=""false"""
"=""khi nào xổ số theo tỉnh mới""","=""0""","=""0""","=""7""","=""Low""","=""false"""
"=""khi nào xổ số quay""","=""0""","=""0""","=""5""","=""Low""","=""false"""
"=""dò xổ số thế nào""","=""0""","=""0""","=""5""","=""Low""","=""false"""
"=""chơi xổ số thế nào""","=""0""","=""0""","=""5""","=""Low""","=""false"""
"=""có nên chơi xổ số không""","=""0""","=""0""","=""6""","=""Low""","=""false"""
"=""có nên chơi xổ số vietlott không""","=""0""","=""0""","=""7""","=""Low""","=""false"""
"=""có nên mua xổ số vietlott không""","=""0""","=""0""","=""7""","=""Low""","=""false"""
"=""có nên mua xổ số online không""","=""0""","=""0""","=""7""","=""Low""","=""false"""
"=""có thể mua xổ số online không""","=""0""","=""0""","=""7""","=""Low""","=""false"""
"=""công ty xổ số thuộc bộ tài chính""","=""0""","=""0""","=""8""","=""Low""","=""false"""
"=""công ty xổ số thuộc bộ nào""","=""0""","=""0""","=""7""","=""Low""","=""false"""
"=""thế nào là xổ số miền nam""","=""0""","=""0""","=""7""","=""Low""","=""false"""
"=""thế nào là xổ số miền trung""","=""0""","=""0""","=""7""","=""Low""","=""false"""
"=""thế nào là xổ số miền bắc""","=""0""","=""0""","=""7""","=""Low""","=""false"""
"=""thế nào là xổ số""","=""0""","=""0""","=""5""","=""Low""","=""false"""
"=""thế nào là trúng xổ số""","=""0""","=""0""","=""6""","=""Low""","=""false"""
"=""như thế nào là trúng xổ số vietlott""","=""0""","=""0""","=""8""","=""Low""","=""false"""
"=""so sánh xổ số miền nam hôm nay""","=""0""","=""0""","=""8""","=""Low""","=""false"""
"=""so sánh xổ số miền nam""","=""0""","=""0""","=""6""","=""Low""","=""false"""
"=""so sánh xổ số miền bắc""","=""0""","=""0""","=""6""","=""Low""","=""false"""
"=""so sánh xổ số miền bắc hôm nay""","=""0""","=""0""","=""8""","=""Low""","=""false"""
"=""so sánh xổ số miền trung""","=""0""","=""0""","=""6""","=""Low""","=""false"""
"=""so sánh xổ số""","=""0""","=""0""","=""4""","=""Low""","=""false"""
"=""so sánh xổ số khánh hòa""","=""0""","=""0""","=""6""","=""Low""","=""false"""
"=""so sánh xổ số miền trung hôm nay""","=""0""","=""0""","=""8""","=""Low""","=""false"""
"=""so sánh xổ số miền bắc ngày hôm nay""","=""0""","=""0""","=""9""","=""Low""","=""false"""
"=""so sánh xổ số hôm nay""","=""0""","=""0""","=""6""","=""Low""","=""false"""
"=""trúng xổ số nên hơi rùa""","=""0""","=""0""","=""6""","=""Low""","=""false"""
"=""xsmn""","=""101000000""","=""0.39""","=""1""","=""Low""","=""false"""
"=""sxttmn""","=""101000000""","=""0.39""","=""1""","=""Low""","=""false"""
"=""xsmb""","=""83100000""","=""0.51""","=""1""","=""Low""","=""false"""
"=""xsmt""","=""20400000""","=""0.38""","=""1""","=""Low""","=""false"""
"=""kqxsmb""","=""9140000""","=""0.84""","=""1""","=""Low""","=""false"""
"=""kq xsmb""","=""9140000""","=""0.84""","=""2""","=""Low""","=""false"""
"=""kqxs mb""","=""9140000""","=""0.84""","=""2""","=""Low""","=""false"""
"=""kqxs""","=""4090000""","=""0.83""","=""1""","=""Low""","=""false"""
"=""xstd""","=""4090000""","=""0.87""","=""1""","=""Low""","=""false"""
"=""xsmb hôm nay""","=""3350000""","=""0.41""","=""3""","=""Low""","=""false"""
"=""xosomienbac hôm nay""","=""3350000""","=""0.41""","=""3""","=""Low""","=""false"""
"=""xs mb hôm nay""","=""3350000""","=""0.41""","=""4""","=""Low""","=""false"""
"=""kq xsmn""","=""2740000""","=""0.65""","=""2""","=""Low""","=""false"""
"=""kqxs mn""","=""2740000""","=""0.65""","=""2""","=""Low""","=""false"""
"=""so xo""","=""2240000""","=""0.62""","=""2""","=""Low""","=""false"""
"=""minhngoc""","=""1830000""","=""2""","=""1""","=""Low""","=""false"""
"=""xsmn hôm nay""","=""1830000""","=""0.49""","=""3""","=""Low""","=""false"""
"=""xs kt""","=""1830000""","=""0""","=""2""","=""Low""","=""false"""
"=""so xo mien nam""","=""1500000""","=""0.49""","=""4""","=""Low""","=""false"""
"=""số miền nam""","=""1500000""","=""0.46""","=""3""","=""Low""","=""false"""
"=""số miền nam hôm nay""","=""1500000""","=""0.42""","=""5""","=""Low""","=""false"""
"=""số xo mien nam""","=""1500000""","=""0.49""","=""4""","=""Low""","=""false"""
"=""xoso66""","=""1220000""","=""1.15""","=""1""","=""Low""","=""false"""
"=""xs hom nay""","=""1220000""","=""0.43""","=""3""","=""Low""","=""false"""
"=""so xo hom nay""","=""1000000""","=""0.37""","=""4""","=""Low""","=""false"""
"=""số miền bắc""","=""1000000""","=""0.41""","=""3""","=""Low""","=""false"""
"=""so ket qua""","=""823000""","=""1.02""","=""3""","=""Low""","=""false"""
"=""so xo mien bac""","=""823000""","=""0.49""","=""4""","=""Low""","=""false"""
"=""lô gan""","=""823000""","=""0.86""","=""2""","=""Low""","=""false"""
"=""dự đoán xsmb""","=""823000""","=""0""","=""3""","=""Low""","=""false"""
"=""sô kết qua""","=""823000""","=""1.02""","=""3""","=""Low""","=""false"""
"=""kq xs mt""","=""673000""","=""0""","=""3""","=""Low""","=""false"""
"=""ket qua xs mb""","=""673000""","=""0""","=""4""","=""Low""","=""false"""
"=""ket qua xsmb""","=""673000""","=""0""","=""3""","=""Low""","=""false"""
"=""ket quả xsmb""","=""673000""","=""0""","=""3""","=""Low""","=""false"""
"=""ketqua xsmb""","=""673000""","=""0""","=""2""","=""Low""","=""false"""
"=""thống kê giải đặc biệt""","=""673000""","=""0""","=""5""","=""Low""","=""false"""
"=""xs mtrung""","=""673000""","=""0.39""","=""2""","=""Low""","=""false"""
"=""sổ xô miên nam hôm nay""","=""550000""","=""0.39""","=""6""","=""Low""","=""false"""
"=""so xo mien trung""","=""550000""","=""0""","=""4""","=""Low""","=""false"""
"=""sổ xô miên bắc hôm nay""","=""550000""","=""0""","=""6""","=""Low""","=""false"""
"=""quay thu mn""","=""550000""","=""0.41""","=""3""","=""Low""","=""false"""
"=""du đoán xsmn""","=""550000""","=""0""","=""3""","=""Low""","=""false"""
"=""dự doan xsmn""","=""550000""","=""0""","=""3""","=""Low""","=""false"""
"=""lô gan miền bắc""","=""550000""","=""0.99""","=""4""","=""Low""","=""false"""
"=""quay thử mn""","=""550000""","=""0.41""","=""3""","=""Low""","=""false"""
"=""soi cau mb""","=""550000""","=""0""","=""3""","=""Low""","=""false"""
"=""truc tiep xsmb""","=""550000""","=""0""","=""3""","=""Low""","=""false"""
"=""truc tiêp xsmb""","=""550000""","=""0""","=""3""","=""Low""","=""false"""
"=""truc tiếp xsmb""","=""550000""","=""0""","=""3""","=""Low""","=""false"""
"=""xs mn hom nay""","=""550000""","=""0""","=""4""","=""Low""","=""true"""
"=""xs mn thu6""","=""550000""","=""0""","=""3""","=""Low""","=""false"""
"=""xsmb 30 ngày""","=""550000""","=""0""","=""3""","=""Low""","=""false"""
"=""xsmb hnay""","=""550000""","=""0""","=""2""","=""Low""","=""false"""
"=""xsmn thứ 6""","=""550000""","=""0""","=""3""","=""Low""","=""false"""
"=""sổ xô miên nam""","=""450000""","=""0""","=""4""","=""Low""","=""false"""
"=""sổ kết quả""","=""450000""","=""0""","=""3""","=""Low""","=""false"""
"=""ket qua net""","=""450000""","=""0.59""","=""3""","=""Low""","=""false"""
"=""xsmn t4""","=""450000""","=""0""","=""2""","=""Low""","=""true"""
"=""xs miên nam""","=""450000""","=""0""","=""3""","=""Low""","=""false"""
"=""sổ kêt quả""","=""450000""","=""0""","=""3""","=""Low""","=""false"""
"=""số xo""","=""450000""","=""0""","=""2""","=""Low""","=""false"""
"=""xs mn t5""","=""450000""","=""0""","=""3""","=""Low""","=""false"""
"=""xs vl""","=""450000""","=""0""","=""2""","=""Low""","=""false"""
"=""xs vt""","=""450000""","=""0""","=""2""","=""Low""","=""false"""
"=""xskhoa""","=""450000""","=""0""","=""1""","=""Low""","=""false"""
"=""xskt miền nam hôm nay""","=""450000""","=""0""","=""5""","=""Low""","=""false"""
"=""xsla""","=""450000""","=""0.54""","=""1""","=""Low""","=""false"""
"=""xsmbthu4""","=""450000""","=""0""","=""1""","=""Low""","=""false"""
"=""xsmn t5""","=""450000""","=""0""","=""2""","=""Low""","=""false"""
"=""xsmn thứ 4""","=""450000""","=""0""","=""3""","=""Low""","=""false"""
"=""xsmn thứ 5""","=""450000""","=""0""","=""3""","=""Low""","=""false"""
"=""xsmn thứ 7""","=""450000""","=""0""","=""3""","=""Low""","=""false"""
"=""xsmnt5""","=""450000""","=""0""","=""1""","=""Low""","=""false"""
"=""xs3m""","=""368000""","=""0""","=""1""","=""Low""","=""false"""
"=""sx hôm nay""","=""368000""","=""0""","=""3""","=""Low""","=""false"""
"=""xskt hôm nay""","=""368000""","=""0""","=""3""","=""Low""","=""false"""
"=""quay thu mb""","=""368000""","=""0""","=""3""","=""Low""","=""false"""
"=""du doan xsmb""","=""368000""","=""0""","=""3""","=""Low""","=""false"""
"=""kết quả net""","=""368000""","=""0""","=""3""","=""Low""","=""false"""
"=""quay thử mb""","=""368000""","=""0""","=""3""","=""Low""","=""false"""
"=""soi cau mn""","=""368000""","=""0""","=""3""","=""Low""","=""false"""
"=""sxmtr""","=""368000""","=""0""","=""1""","=""Low""","=""false"""
"=""thống kê giải đặc biệt theo năm""","=""368000""","=""0""","=""7""","=""Low""","=""false"""
"=""xs bd""","=""368000""","=""0""","=""2""","=""Low""","=""false"""
"=""xs ct""","=""368000""","=""0""","=""2""","=""Low""","=""false"""
"=""xscth""","=""368000""","=""0""","=""1""","=""Low""","=""false"""
"=""xsmb 30""","=""368000""","=""0""","=""2""","=""Low""","=""false"""
"=""xsmb 90 ngay""","=""368000""","=""0""","=""3""","=""Low""","=""false"""
"=""xsmb30""","=""368000""","=""0""","=""1""","=""Low""","=""false"""
"=""xsmb90 ngay""","=""368000""","=""0""","=""2""","=""Low""","=""false"""
"=""xsmb90ngay""","=""368000""","=""0""","=""1""","=""Low""","=""false"""
"=""xsmn cn""","=""368000""","=""0""","=""2""","=""Low""","=""false"""
"=""xsmn t2""","=""368000""","=""0""","=""2""","=""Low""","=""false"""
"=""xsmn t3""","=""368000""","=""0.48""","=""2""","=""Low""","=""true"""
"=""xsmn thứ 2""","=""368000""","=""0""","=""3""","=""Low""","=""false"""
"=""xsmn thứ 3""","=""368000""","=""0""","=""3""","=""Low""","=""false"""
"=""xsmt hôm nay""","=""368000""","=""0""","=""3""","=""Low""","=""false"""
"=""du đoan xsmt""","=""301000""","=""0""","=""3""","=""Low""","=""false"""
"=""dự đoán xsmt""","=""301000""","=""0""","=""3""","=""Low""","=""false"""
"=""miền bắc""","=""301000""","=""0.49""","=""2""","=""Low""","=""false"""
"=""quay thử xsmb""","=""301000""","=""0.63""","=""3""","=""Low""","=""false"""
"=""xs khoa""","=""301000""","=""0""","=""2""","=""Low""","=""false"""
"=""xs khánh hòa""","=""301000""","=""0""","=""3""","=""Low""","=""false"""
"=""xs mb cn""","=""301000""","=""0""","=""3""","=""Low""","=""false"""
"=""xs mien bac""","=""301000""","=""0""","=""3""","=""Low""","=""false"""
"=""xs mn t6""","=""301000""","=""0""","=""3""","=""Low""","=""false"""
"=""xsmb 30 ngay""","=""301000""","=""0""","=""3""","=""Low""","=""false"""
"=""xsmb cn""","=""301000""","=""0""","=""2""","=""Low""","=""false"""
"=""xsmb minh ngoc""","=""301000""","=""0""","=""3""","=""Low""","=""false"""
"=""xsmb minh ngọc""","=""301000""","=""0""","=""3""","=""Low""","=""false"""
"=""xsmb thứ 6""","=""301000""","=""0""","=""3""","=""Low""","=""false"""
"=""xsmn chủ nhật""","=""301000""","=""0""","=""3""","=""Low""","=""false"""
"=""xsmn t6""","=""301000""","=""0""","=""2""","=""Low""","=""false"""
"=""xsmn t7""","=""301000""","=""0""","=""2""","=""Low""","=""false"""
"=""xsmnt6""","=""301000""","=""0""","=""1""","=""Low""","=""false"""
"=""xsdlk""","=""246000""","=""0""","=""1""","=""Low""","=""false"""
"=""xskt miền nam""","=""246000""","=""0""","=""3""","=""Low""","=""false"""
"=""xsmb hom qua""","=""246000""","=""0""","=""3""","=""Low""","=""true"""
"=""du doan mb""","=""246000""","=""0""","=""3""","=""Low""","=""false"""
"=""ket qua so xo""","=""246000""","=""0""","=""4""","=""Low""","=""false"""
"=""kqxsmb 30 ngay""","=""246000""","=""0""","=""3""","=""Low""","=""false"""
"=""soi cầu miền bắc""","=""246000""","=""0""","=""4""","=""Low""","=""false"""
"=""thống kê xsmb""","=""246000""","=""0""","=""3""","=""Low""","=""false"""
"=""xs gia lai""","=""246000""","=""0""","=""3""","=""Low""","=""false"""
"=""xs gl""","=""246000""","=""0""","=""2""","=""Low""","=""false"""
"=""xsmb hôm qua""","=""246000""","=""0""","=""3""","=""Low""","=""true"""
"=""xsmb thứ 4""","=""246000""","=""0""","=""3""","=""Low""","=""false"""
"=""xsmb thứ 5""","=""246000""","=""0""","=""3""","=""Low""","=""false"""
"=""xsmb thứ 7""","=""246000""","=""0""","=""3""","=""Low""","=""false"""
"=""sổ xô miên bắc""","=""201000""","=""0""","=""4""","=""Low""","=""false"""
"=""sô xo miên nam""","=""201000""","=""0""","=""4""","=""Low""","=""false"""
"=""dự đoán xsmb minh ngoc""","=""201000""","=""0""","=""5""","=""Low""","=""true"""
"=""so kêt quả""","=""201000""","=""0""","=""3""","=""Low""","=""false"""
"=""so xo miên nam""","=""201000""","=""0""","=""4""","=""Low""","=""false"""
"=""so xo miền nam""","=""201000""","=""0""","=""4""","=""Low""","=""false"""
"=""sô kêt quả""","=""201000""","=""0""","=""3""","=""Low""","=""false"""
"=""sô kết quả""","=""201000""","=""0""","=""3""","=""Low""","=""false"""
"=""sô xo miên bac""","=""201000""","=""0""","=""4""","=""Low""","=""false"""
"=""sổ xố vietlot""","=""201000""","=""0.62""","=""3""","=""Low""","=""false"""
"=""thống kê 2 số cuối giải đặc biệt theo năm""","=""201000""","=""0""","=""10""","=""Low""","=""true"""
"=""thống kê giải đặc biệt theo tuần""","=""201000""","=""0""","=""7""","=""Low""","=""false"""
"=""xoso mobi""","=""201000""","=""0""","=""2""","=""Low""","=""false"""
"=""xs binh dinh""","=""201000""","=""0""","=""3""","=""Low""","=""false"""
"=""xs da nang""","=""201000""","=""0""","=""3""","=""Low""","=""false"""
"=""xs dl""","=""201000""","=""0""","=""2""","=""Low""","=""false"""
"=""xs mb t7""","=""201000""","=""0""","=""3""","=""Low""","=""false"""
"=""xsmb 90""","=""201000""","=""0""","=""2""","=""Low""","=""false"""
"=""xsmb t3""","=""201000""","=""0.87""","=""2""","=""Low""","=""true"""
"=""xsmb t7""","=""201000""","=""0""","=""2""","=""Low""","=""false"""
"=""xsmb thứ 3""","=""201000""","=""0""","=""3""","=""Low""","=""false"""
"=""xsmb90""","=""201000""","=""0""","=""1""","=""Low""","=""false"""
"=""xsmbt3""","=""201000""","=""0.87""","=""1""","=""Low""","=""true"""
"=""xsmbt7""","=""201000""","=""0""","=""1""","=""Low""","=""false"""
"=""xsmt thứ 5""","=""201000""","=""0""","=""3""","=""Low""","=""false"""
"=""xs vietlott""","=""165000""","=""0.81""","=""2""","=""Low""","=""false"""
"=""du doan xsmn""","=""165000""","=""0""","=""3""","=""Low""","=""false"""
"=""ket qua so xo mien bac""","=""165000""","=""0""","=""6""","=""Low""","=""false"""
"=""ket qua xs mien bac""","=""165000""","=""0""","=""5""","=""Low""","=""false"""
"=""lô gan mb""","=""165000""","=""0""","=""3""","=""Low""","=""false"""
"=""quay thử miền nam""","=""165000""","=""0.43""","=""4""","=""Low""","=""false"""
"=""soi cầu 247""","=""165000""","=""0""","=""3""","=""Low""","=""false"""
"=""soi cầu dự đoán xsmb chính xác 100""","=""165000""","=""0""","=""8""","=""Low""","=""false"""
"=""soi cầu miền nam""","=""165000""","=""0""","=""4""","=""Low""","=""false"""
"=""soi cầu xsmb""","=""165000""","=""0""","=""3""","=""Low""","=""false"""
"=""truc tiep xsmn""","=""165000""","=""0""","=""3""","=""Low""","=""false"""
"=""truc tiếp xsmn""","=""165000""","=""0""","=""3""","=""Low""","=""false"""
"=""xs mn thu 3""","=""165000""","=""0""","=""4""","=""Low""","=""false"""
"=""xsmb t2""","=""165000""","=""0""","=""2""","=""Low""","=""true"""
"=""xsmb t4""","=""165000""","=""0""","=""2""","=""Low""","=""true"""
"=""xsmb thứ 2""","=""165000""","=""0""","=""3""","=""Low""","=""false"""
"=""xsmbt2""","=""165000""","=""0""","=""1""","=""Low""","=""true"""
"=""xsmbt4""","=""165000""","=""0""","=""1""","=""Low""","=""true"""
"=""xsmn thu 2""","=""165000""","=""0""","=""3""","=""Low""","=""false"""
"=""xsmn thu 3""","=""165000""","=""0""","=""3""","=""Low""","=""false"""
"=""xsmnthu3""","=""165000""","=""0""","=""1""","=""Low""","=""false"""
"=""xsmt thu 2""","=""165000""","=""0""","=""3""","=""Low""","=""false"""
"=""xsmt thứ 2""","=""165000""","=""0""","=""3""","=""Low""","=""false"""
"=""xsmt thứ 3""","=""165000""","=""0""","=""3""","=""Low""","=""true"""
"=""xsmt thứ 4""","=""165000""","=""0""","=""3""","=""Low""","=""false"""
"=""xsmt thứ 6""","=""165000""","=""0""","=""3""","=""Low""","=""false"""
"=""xsmt thứ 7""","=""165000""","=""0""","=""3""","=""Low""","=""false"""
"=""xosomienbac""","=""135000""","=""0""","=""1""","=""Low""","=""true"""
"=""xs 3 mien""","=""135000""","=""0""","=""3""","=""Low""","=""false"""
"=""xsmn thu 6""","=""135000""","=""0""","=""3""","=""Low""","=""false"""
"=""xsmb t6""","=""135000""","=""0""","=""2""","=""Low""","=""false"""
"=""xs miên trung""","=""135000""","=""0""","=""3""","=""Low""","=""false"""
"=""xs ba mien""","=""135000""","=""0""","=""3""","=""Low""","=""false"""
"=""kết quả xskt miền bắc""","=""135000""","=""0""","=""5""","=""Low""","=""false"""
"=""lô đẹp hôm nay""","=""135000""","=""0""","=""4""","=""Low""","=""false"""
"=""quay thử miền bắc""","=""135000""","=""0""","=""4""","=""Low""","=""false"""
"=""số miền bắc hôm nay""","=""135000""","=""0""","=""5""","=""Low""","=""false"""
"=""số xo hôm nay""","=""135000""","=""0""","=""4""","=""Low""","=""false"""
"=""sổ xô miên trung hôm nay""","=""135000""","=""0""","=""6""","=""Low""","=""false"""
"=""thống kê giải đặc biệt theo tổng""","=""135000""","=""0""","=""7""","=""Low""","=""false"""
"=""thống kê lô""","=""135000""","=""0""","=""3""","=""Low""","=""false"""
"=""trực tiếp kết quả xsmb""","=""135000""","=""0""","=""5""","=""Low""","=""false"""
"=""xs bt""","=""135000""","=""0""","=""2""","=""Low""","=""false"""
"=""xs bth""","=""135000""","=""0""","=""2""","=""Low""","=""false"""
"=""xs mb t6""","=""135000""","=""0""","=""3""","=""Low""","=""false"""
"=""xs mien bắc""","=""135000""","=""0""","=""3""","=""Low""","=""false"""
"=""xs miên băc""","=""135000""","=""0""","=""3""","=""Low""","=""false"""
"=""xs miền trung""","=""135000""","=""0""","=""3""","=""Low""","=""false"""
"=""xs mn chu nhat""","=""135000""","=""0""","=""4""","=""Low""","=""false"""
"=""xs mn thu 6""","=""135000""","=""0""","=""4""","=""Low""","=""false"""
"=""xsbth""","=""135000""","=""0""","=""1""","=""Low""","=""false"""
"=""xskt miền bắc""","=""135000""","=""0""","=""3""","=""Low""","=""false"""
"=""xsmb 200 ngay""","=""135000""","=""0""","=""3""","=""Low""","=""false"""
"=""xsmb 200 ngày""","=""135000""","=""0""","=""3""","=""Low""","=""false"""
"=""xsmb chu nhat""","=""135000""","=""0""","=""3""","=""Low""","=""false"""
"=""xsmb t5""","=""135000""","=""0""","=""2""","=""Low""","=""true"""
"=""xsmb200ngay""","=""135000""","=""0""","=""1""","=""Low""","=""false"""
"=""xsmbt6""","=""135000""","=""0""","=""1""","=""Low""","=""false"""
"=""xsmn chu nhat""","=""135000""","=""0""","=""3""","=""Low""","=""false"""
"=""xsmn thu 7""","=""135000""","=""0""","=""3""","=""Low""","=""false"""
"=""xsmt cn""","=""135000""","=""0""","=""2""","=""Low""","=""false"""
"=""xstd 30""","=""135000""","=""0""","=""2""","=""Low""","=""false"""
"=""xstd30""","=""135000""","=""0""","=""1""","=""Low""","=""false"""
"=""xosomiennam""","=""110000""","=""0""","=""1""","=""Low""","=""false"""
"=""sô xô miên nam""","=""110000""","=""0""","=""4""","=""Low""","=""false"""
"=""xsmn mn""","=""110000""","=""0""","=""2""","=""Low""","=""false"""
"=""xsmb thu 3""","=""110000""","=""0""","=""3""","=""Low""","=""false"""
"=""du đoan mb""","=""110000""","=""0""","=""3""","=""Low""","=""false"""
"=""du đoán mb""","=""110000""","=""0""","=""3""","=""Low""","=""false"""
"=""dự đoán mb""","=""110000""","=""0""","=""3""","=""Low""","=""false"""
"=""dự đoán miền bắc""","=""110000""","=""0""","=""4""","=""Low""","=""false"""
"=""dự đoán miền nam""","=""110000""","=""0""","=""4""","=""Low""","=""false"""
"=""kqxs 30 ngay""","=""110000""","=""0""","=""3""","=""Low""","=""false"""
"=""kqxs 30 ngày""","=""110000""","=""0""","=""3""","=""Low""","=""false"""
"=""kqxs mien nam""","=""110000""","=""0""","=""3""","=""Low""","=""false"""
"=""kqxs miền nam""","=""110000""","=""0""","=""3""","=""Low""","=""false"""
"=""kqxsmb 30""","=""110000""","=""0""","=""2""","=""Low""","=""false"""
"=""miền nam hôm nay""","=""110000""","=""0""","=""4""","=""Low""","=""false"""
"=""so xo mien băc""","=""110000""","=""0""","=""4""","=""Low""","=""false"""
"=""so xo miền bắc""","=""110000""","=""0""","=""4""","=""Low""","=""false"""
"=""sổ xố mn""","=""110000""","=""0""","=""3""","=""Low""","=""false"""
"=""tần suất lô tô""","=""110000""","=""0""","=""4""","=""Low""","=""false"""
"=""vietlott sms""","=""110000""","=""1.02""","=""2""","=""Low""","=""false"""
"=""xoso mn""","=""110000""","=""0""","=""2""","=""Low""","=""false"""
"=""xsmb 100 ngày""","=""110000""","=""0""","=""3""","=""Low""","=""false"""
"=""xsmb chủ nhật""","=""110000""","=""0""","=""3""","=""Low""","=""false"""
"=""xsmb trực tiếp""","=""110000""","=""0""","=""3""","=""Low""","=""false"""
"=""xsmb100ngay""","=""110000""","=""0""","=""1""","=""Low""","=""false"""
"=""xsmt minh ngọc""","=""110000""","=""0""","=""3""","=""Low""","=""false"""
"=""xshom nay""","=""90500""","=""0""","=""2""","=""Low""","=""false"""
"=""sô xô miên băc""","=""90500""","=""0""","=""4""","=""Low""","=""false"""
"=""xsmb thu 4""","=""90500""","=""0""","=""3""","=""Low""","=""false"""
"=""xsmb thu 6""","=""90500""","=""0""","=""3""","=""Low""","=""false"""
"=""ketqua 30""","=""90500""","=""0""","=""2""","=""Low""","=""false"""
"=""kết quả sổ xô miên bắc hôm nay""","=""90500""","=""0""","=""8""","=""Low""","=""false"""
"=""quay thu xsmt""","=""90500""","=""0.58""","=""3""","=""Low""","=""true"""
"=""quay thử miền nam hôm nay""","=""90500""","=""0""","=""6""","=""Low""","=""false"""
"=""quay thử xsmt""","=""90500""","=""0.58""","=""3""","=""Low""","=""true"""
"=""so xo me""","=""90500""","=""0""","=""3""","=""Low""","=""false"""
"=""sô xô miên bắc""","=""90500""","=""0""","=""4""","=""Low""","=""false"""
"=""số xô miên bắc""","=""90500""","=""0""","=""4""","=""Low""","=""false"""
"=""số xổ miền nam""","=""90500""","=""0""","=""4""","=""Low""","=""false"""
"=""sổ xô miên bắc hôm qua""","=""90500""","=""0""","=""6""","=""Low""","=""false"""
"=""thống kê giải đặc biệt theo tháng""","=""90500""","=""0""","=""7""","=""Low""","=""false"""
"=""vietlott 6 45""","=""90500""","=""0.83""","=""3""","=""Low""","=""false"""
"=""vietlott 6 55""","=""90500""","=""1.11""","=""3""","=""Low""","=""false"""
"=""xs minh chính""","=""90500""","=""0""","=""3""","=""Low""","=""false"""
"=""xs mn t7""","=""90500""","=""0""","=""3""","=""Low""","=""false"""
"=""xsmb theo tuần""","=""90500""","=""0""","=""3""","=""Low""","=""false"""
"=""xsmb thu 5""","=""90500""","=""0""","=""3""","=""Low""","=""false"""
"=""xsmb thu 7""","=""90500""","=""0""","=""3""","=""Low""","=""false"""
"=""xsmb thu6""","=""90500""","=""0""","=""2""","=""Low""","=""false"""
"=""xsmb đai phat""","=""90500""","=""0""","=""3""","=""Low""","=""false"""
"=""xsmnt7""","=""90500""","=""0""","=""1""","=""Low""","=""false"""
"=""xsmt t3""","=""90500""","=""0""","=""2""","=""Low""","=""true"""
"=""xs3mien""","=""74000""","=""0""","=""1""","=""Low""","=""false"""
"=""dò vé số""","=""74000""","=""0.52""","=""3""","=""Low""","=""false"""
"=""ketquaxoso""","=""74000""","=""0""","=""1""","=""Low""","=""false"""
"=""số hôm nay""","=""74000""","=""0""","=""3""","=""Low""","=""false"""
"=""kqxs hom nay""","=""74000""","=""0""","=""3""","=""Low""","=""false"""
"=""xsmega""","=""74000""","=""0.65""","=""1""","=""Low""","=""false"""
"=""sổ xô miên nam hôm qua""","=""74000""","=""0""","=""6""","=""Low""","=""false"""
"=""cau mb""","=""74000""","=""0""","=""2""","=""Low""","=""false"""
"=""du đoán xsmn minh ngoc""","=""74000""","=""0""","=""5""","=""Low""","=""false"""
"=""dự đoán xsmb hôm nay""","=""74000""","=""0""","=""5""","=""Low""","=""false"""
"=""dự đoán xsmn minh ngoc""","=""74000""","=""0""","=""5""","=""Low""","=""false"""
"=""dự đoán xsmn minh ngọc""","=""74000""","=""0""","=""5""","=""Low""","=""false"""
"=""ket qua xs hom nay""","=""74000""","=""0""","=""5""","=""Low""","=""false"""
"=""kêt quả xsmb hôm nay""","=""74000""","=""0""","=""5""","=""Low""","=""false"""
"=""kết quả miền bắc""","=""74000""","=""0""","=""4""","=""Low""","=""false"""
"=""kết quả xsmb hôm nay""","=""74000""","=""0""","=""5""","=""Low""","=""false"""
"=""miền bắc hôm nay""","=""74000""","=""0""","=""4""","=""Low""","=""false"""
"=""quay thu xsmb""","=""74000""","=""0""","=""3""","=""Low""","=""true"""
"=""so xô miên bac""","=""74000""","=""0""","=""4""","=""Low""","=""false"""
"=""soi cầu 247 miễn phí""","=""74000""","=""0""","=""5""","=""Low""","=""false"""
"=""số xổ miền bắc""","=""74000""","=""0""","=""4""","=""Low""","=""false"""
"=""xs cn""","=""74000""","=""0""","=""2""","=""Low""","=""false"""
"=""xsmb 100""","=""74000""","=""0""","=""2""","=""Low""","=""false"""
"=""xsmb 90 ngày giải đặc biệt""","=""74000""","=""0""","=""6""","=""Low""","=""false"""
"=""xsmb100""","=""74000""","=""0""","=""1""","=""Low""","=""false"""
"=""xsmt t2""","=""74000""","=""0""","=""2""","=""Low""","=""true"""
"=""xsmt t6""","=""74000""","=""0""","=""2""","=""Low""","=""false"""
"=""xsquang nam""","=""74000""","=""0""","=""2""","=""Low""","=""false"""
"=""sổ xô miên trung""","=""60500""","=""0""","=""4""","=""Low""","=""false"""
"=""so xo miễn bac""","=""60500""","=""0""","=""4""","=""Low""","=""false"""
"=""du doan xs""","=""60500""","=""0""","=""3""","=""Low""","=""false"""
"=""du doan xsmt""","=""60500""","=""0""","=""3""","=""Low""","=""false"""
"=""ket qua so xo hom nay""","=""60500""","=""0""","=""6""","=""Low""","=""false"""
"=""ket qua so xo mien nam""","=""60500""","=""0""","=""6""","=""Low""","=""false"""
"=""ket qua xsmn""","=""60500""","=""0""","=""3""","=""Low""","=""false"""
"=""ketquasoxo""","=""60500""","=""0""","=""1""","=""Low""","=""false"""
"=""kêt qua xsmn""","=""60500""","=""0""","=""3""","=""Low""","=""false"""
"=""kết quả vietlott""","=""60500""","=""1.05""","=""3""","=""Low""","=""false"""
"=""lô gan miền bắc lâu chưa về""","=""60500""","=""0""","=""7""","=""Low""","=""false"""
"=""minh ngoc net""","=""60500""","=""0""","=""3""","=""Low""","=""false"""
"=""so xo mien bac hom nay""","=""60500""","=""0""","=""6""","=""Low""","=""false"""
"=""soi cầu minh ngọc""","=""60500""","=""0""","=""4""","=""Low""","=""false"""
"=""soi cầu miền bắc hôm nay""","=""60500""","=""0""","=""6""","=""Low""","=""false"""
"=""sxmb30ngay""","=""60500""","=""0""","=""1""","=""Low""","=""false"""
"=""số xo mien bac""","=""60500""","=""0""","=""4""","=""Low""","=""false"""
"=""thống kê miền bắc""","=""60500""","=""0""","=""4""","=""Low""","=""false"""
"=""tạo dàn đề""","=""60500""","=""0""","=""3""","=""Low""","=""false"""
"=""xs hcm""","=""60500""","=""0""","=""2""","=""Low""","=""false"""
"=""xsmb 200""","=""60500""","=""0""","=""2""","=""Low""","=""false"""
"=""xsmb 30 ngày gần nhất""","=""60500""","=""0""","=""5""","=""Low""","=""false"""
"=""xsmb200""","=""60500""","=""0""","=""1""","=""Low""","=""false"""
"=""xsmn 30 ngay""","=""60500""","=""0""","=""3""","=""Low""","=""false"""
"=""xsmn 30 ngày""","=""60500""","=""0""","=""3""","=""Low""","=""false"""
"=""xsmn truc tiep""","=""60500""","=""0""","=""3""","=""Low""","=""false"""
"=""xsmn trực tiếp""","=""60500""","=""0""","=""3""","=""Low""","=""false"""
"=""xsmnt2""","=""60500""","=""0""","=""1""","=""Low""","=""false"""
"=""dự đoán xsmn thần tài""","=""49500""","=""0""","=""5""","=""Low""","=""false"""
"=""sx3m""","=""49500""","=""0""","=""1""","=""Low""","=""false"""
"=""dò số miền nam""","=""49500""","=""0""","=""4""","=""Low""","=""false"""
"=""xs hom qua""","=""49500""","=""0""","=""3""","=""Low""","=""false"""
"=""vé số hôm nay""","=""49500""","=""0""","=""4""","=""Low""","=""true"""
"=""dự đoán xsmb thần tài""","=""49500""","=""0""","=""5""","=""Low""","=""true"""
"=""xsmn hn""","=""49500""","=""0""","=""2""","=""Low""","=""false"""
"=""xskt bình dương""","=""49500""","=""0""","=""3""","=""Low""","=""false"""
"=""xsmnthu4""","=""49500""","=""0""","=""1""","=""Low""","=""false"""
"=""dự đoán mn""","=""49500""","=""0""","=""3""","=""Low""","=""false"""
"=""kqxs mb hom nay""","=""49500""","=""0""","=""4""","=""Low""","=""false"""
"=""kqxsmb hom nay""","=""49500""","=""0""","=""3""","=""Low""","=""false"""
"=""kết qua net""","=""49500""","=""0""","=""3""","=""Low""","=""false"""
"=""kết quả nét 30 ngày""","=""49500""","=""0""","=""5""","=""Low""","=""false"""
"=""lô gan miền nam""","=""49500""","=""0""","=""4""","=""Low""","=""false"""
"=""mega645""","=""49500""","=""0.93""","=""1""","=""Low""","=""false"""
"=""quay thử miền bắc hôm nay""","=""49500""","=""0""","=""6""","=""Low""","=""false"""
"=""soi cầu 888""","=""49500""","=""0""","=""3""","=""Low""","=""false"""
"=""soi cầu miền nam vip 888""","=""49500""","=""0""","=""6""","=""Low""","=""false"""
"=""sổ kết quả truyền thống""","=""49500""","=""0""","=""5""","=""Low""","=""true"""
"=""thong ke 100""","=""49500""","=""0""","=""3""","=""Low""","=""false"""
"=""thong ke mb""","=""49500""","=""0""","=""3""","=""Low""","=""false"""
"=""thống kê giải đặc biệt ngày hôm sau""","=""49500""","=""0""","=""8""","=""Low""","=""false"""
"=""tong hop xsmb""","=""49500""","=""0.95""","=""3""","=""Low""","=""false"""
"=""tra cuu xsmb""","=""49500""","=""0""","=""3""","=""Low""","=""false"""
"=""tra cứu xsmb""","=""49500""","=""0""","=""3""","=""Low""","=""false"""
"=""truc tiep xsmt""","=""49500""","=""0""","=""3""","=""Low""","=""false"""
"=""trực tiếp xsmt""","=""49500""","=""0""","=""3""","=""Low""","=""false"""
"=""tần suất lô tô miền bắc""","=""49500""","=""0""","=""6""","=""Low""","=""false"""
"=""xs hôm qua""","=""49500""","=""0""","=""3""","=""Low""","=""false"""
"=""xs mien trung hom nay""","=""49500""","=""0""","=""5""","=""Low""","=""false"""
"=""xs mn hn""","=""49500""","=""0""","=""3""","=""Low""","=""false"""
"=""xs mn thu 4""","=""49500""","=""0""","=""4""","=""Low""","=""false"""
"=""xs tth""","=""49500""","=""0""","=""2""","=""Low""","=""false"""
"=""xskt hôm qua""","=""49500""","=""0""","=""3""","=""Low""","=""false"""
"=""xskt kiên giang""","=""49500""","=""0""","=""3""","=""Low""","=""false"""
"=""xskt phú yên""","=""49500""","=""0""","=""3""","=""Low""","=""false"""
"=""xsmn 4""","=""49500""","=""0""","=""2""","=""Low""","=""false"""
"=""xsmn quay thu""","=""49500""","=""0""","=""3""","=""Low""","=""false"""
"=""xsmn4""","=""49500""","=""0""","=""1""","=""Low""","=""false"""
"=""xsmt thu 5""","=""49500""","=""0""","=""3""","=""Low""","=""false"""
"=""xstd 30 ngay""","=""49500""","=""0""","=""3""","=""Low""","=""false"""
"=""xstd 90""","=""49500""","=""0""","=""2""","=""Low""","=""true"""
"=""xstd90""","=""49500""","=""0""","=""1""","=""Low""","=""true"""
"=""xstth""","=""49500""","=""0""","=""1""","=""Low""","=""false"""
"=""quay thử thần tài""","=""40500""","=""0""","=""4""","=""Low""","=""false"""
"=""xoso666""","=""40500""","=""1.8""","=""1""","=""Low""","=""true"""
"=""số so mien nam""","=""40500""","=""0""","=""4""","=""Low""","=""false"""
"=""xs thu 3""","=""40500""","=""0""","=""3""","=""Low""","=""false"""
"=""xs thu 6""","=""40500""","=""0""","=""3""","=""Low""","=""false"""
"=""kqxsmtrung""","=""40500""","=""0""","=""1""","=""Low""","=""false"""
"=""cau mn""","=""40500""","=""0""","=""2""","=""Low""","=""false"""
"=""dự đoán xsmb vip""","=""40500""","=""0""","=""4""","=""Low""","=""false"""
"=""kqxs mtrung""","=""40500""","=""0""","=""2""","=""Low""","=""false"""
"=""kết quả xsmb 30 ngày""","=""40500""","=""0""","=""5""","=""Low""","=""false"""
"=""lô khan""","=""40500""","=""0""","=""2""","=""Low""","=""false"""
"=""soi cầu""","=""40500""","=""0""","=""2""","=""Low""","=""false"""
"=""soi cầu 3 miền""","=""40500""","=""0""","=""4""","=""Low""","=""false"""
"=""số so mien bac""","=""40500""","=""0""","=""4""","=""Low""","=""false"""
"=""thống kê giải đặc biệt lâu chưa về""","=""40500""","=""0""","=""8""","=""Low""","=""false"""
"=""thống kê đề""","=""40500""","=""0""","=""3""","=""Low""","=""true"""
"=""truc tiep keno""","=""40500""","=""0""","=""3""","=""Low""","=""false"""
"=""truc tiep xs""","=""40500""","=""0""","=""3""","=""Low""","=""false"""
"=""trực tiếp keno""","=""40500""","=""0""","=""3""","=""Low""","=""false"""
"=""xosomientrunghomnay""","=""40500""","=""0""","=""1""","=""Low""","=""false"""
"=""xs bình thuận""","=""40500""","=""0""","=""3""","=""Low""","=""false"""
"=""xs bình định""","=""40500""","=""0""","=""3""","=""Low""","=""false"""
"=""xs long an""","=""40500""","=""0""","=""3""","=""Low""","=""false"""
"=""xs minh ngoc mn""","=""40500""","=""0""","=""4""","=""Low""","=""false"""
"=""xs minhngoc""","=""40500""","=""0""","=""2""","=""Low""","=""false"""
"=""xs mt thu 3""","=""40500""","=""0""","=""4""","=""Low""","=""false"""
"=""xs mt thu 4""","=""40500""","=""0""","=""4""","=""Low""","=""false"""
"=""xs phú yên""","=""40500""","=""0""","=""3""","=""Low""","=""true"""
"=""xs thu 2""","=""40500""","=""0""","=""3""","=""Low""","=""false"""
"=""xs thu 7""","=""40500""","=""0""","=""3""","=""Low""","=""false"""
"=""xs truc tiep""","=""40500""","=""0""","=""3""","=""Low""","=""false"""
"=""xskt cần thơ""","=""40500""","=""0""","=""3""","=""Low""","=""false"""
"=""xskt hậu giang""","=""40500""","=""0""","=""3""","=""Low""","=""false"""
"=""xskt hồ chí minh""","=""40500""","=""0""","=""4""","=""Low""","=""true"""
"=""xsmb 2""","=""40500""","=""0""","=""2""","=""Low""","=""false"""
"=""xsmb 400 ngày""","=""40500""","=""0""","=""3""","=""Low""","=""false"""
"=""xsmb 500 ngày""","=""40500""","=""0""","=""3""","=""Low""","=""false"""
"=""xsmb hang ngay""","=""40500""","=""0""","=""3""","=""Low""","=""false"""
"=""xsmb hàng ngày""","=""40500""","=""0""","=""3""","=""Low""","=""false"""
"=""xsmb theo tháng""","=""40500""","=""0""","=""3""","=""Low""","=""false"""
"=""xsmb truyền thống""","=""40500""","=""0""","=""3""","=""Low""","=""false"""
"=""xsmbt5""","=""40500""","=""0""","=""1""","=""Low""","=""false"""
"=""xsmn 2""","=""40500""","=""0""","=""2""","=""Low""","=""false"""
"=""xsmn 3""","=""40500""","=""0""","=""2""","=""Low""","=""true"""
"=""xsmn 5""","=""40500""","=""0""","=""2""","=""Low""","=""false"""
"=""xsmn 6""","=""40500""","=""0""","=""2""","=""Low""","=""false"""
"=""xsmn minh chinh""","=""40500""","=""0""","=""3""","=""Low""","=""false"""
"=""xsmn2""","=""40500""","=""0""","=""1""","=""Low""","=""false"""
"=""xsmn3""","=""40500""","=""0""","=""1""","=""Low""","=""true"""
"=""xsmn5""","=""40500""","=""0""","=""1""","=""Low""","=""false"""
"=""xsmn6""","=""40500""","=""0""","=""1""","=""Low""","=""false"""
"=""xsmn7""","=""40500""","=""0""","=""1""","=""Low""","=""false"""
"=""xsmnt4""","=""40500""","=""0""","=""1""","=""Low""","=""false"""
"=""xsmt hom nay""","=""40500""","=""0""","=""3""","=""Low""","=""false"""
"=""xsmtthu3""","=""40500""","=""0""","=""1""","=""Low""","=""false"""
"=""xsqnam""","=""40500""","=""0""","=""1""","=""Low""","=""true"""
"=""xstien giang""","=""40500""","=""0""","=""2""","=""Low""","=""false"""
"=""soi cầu 666""","=""33100""","=""0""","=""3""","=""Low""","=""false"""
"=""soi cau 666""","=""33100""","=""0""","=""3""","=""Low""","=""false"""
"=""xs thu 4""","=""33100""","=""0""","=""3""","=""Low""","=""false"""
"=""tong hop kqxsmb""","=""33100""","=""0""","=""3""","=""Low""","=""false"""
"=""max3d""","=""33100""","=""0""","=""1""","=""Low""","=""false"""
"=""soi cầu xsmb win2888""","=""33100""","=""1.15""","=""4""","=""Low""","=""false"""
"=""xs than tai""","=""33100""","=""0""","=""3""","=""Low""","=""false"""
"=""sô xô miên trung""","=""33100""","=""0""","=""4""","=""Low""","=""false"""
"=""dự đoán miền nam hôm nay""","=""33100""","=""0""","=""6""","=""Low""","=""false"""
"=""ket qua so xo mien trung""","=""33100""","=""0""","=""6""","=""Low""","=""false"""
"=""ket qua xs""","=""33100""","=""0""","=""3""","=""Low""","=""false"""
"=""kqxs 3 miền""","=""33100""","=""0""","=""3""","=""Low""","=""false"""
"=""kqxs mien bac""","=""33100""","=""0""","=""3""","=""Low""","=""false"""
"=""kết quả miền nam""","=""33100""","=""0""","=""4""","=""Low""","=""false"""
"=""lô kép hôm nay""","=""33100""","=""0""","=""4""","=""Low""","=""false"""
"=""lô đẹp hôm nay vip""","=""33100""","=""0""","=""5""","=""Low""","=""false"""
"=""mien bac""","=""33100""","=""0""","=""2""","=""Low""","=""false"""
"=""net xsmb""","=""33100""","=""0""","=""2""","=""Low""","=""true"""
"=""so mien bac""","=""33100""","=""0""","=""3""","=""Low""","=""false"""
"=""soi cau mien phi""","=""33100""","=""0""","=""4""","=""Low""","=""false"""
"=""soi cầu 3 miền 247""","=""33100""","=""0""","=""5""","=""Low""","=""false"""
"=""soi cầu mb hôm nay""","=""33100""","=""0""","=""5""","=""Low""","=""false"""
"=""soi cầu miền nam hôm nay""","=""33100""","=""0""","=""6""","=""Low""","=""false"""
"=""số xổ miền trung""","=""33100""","=""0""","=""4""","=""Low""","=""false"""
"=""thống kê giải đặc biệt miền bắc""","=""33100""","=""0""","=""7""","=""Low""","=""false"""
"=""thống kê lô gan""","=""33100""","=""0""","=""4""","=""Low""","=""false"""
"=""tổng hợp kqxsmb""","=""33100""","=""0""","=""3""","=""Low""","=""false"""
"=""xs g lai""","=""33100""","=""0""","=""3""","=""Low""","=""false"""
"=""xs mt thu 6""","=""33100""","=""0""","=""4""","=""Low""","=""false"""
"=""xs thu 5""","=""33100""","=""0""","=""3""","=""Low""","=""false"""
"=""xskt huế""","=""33100""","=""0""","=""2""","=""Low""","=""false"""
"=""xskt khánh hoà""","=""33100""","=""0""","=""3""","=""Low""","=""false"""
"=""xskt miền trung hôm nay""","=""33100""","=""0""","=""5""","=""Low""","=""false"""
"=""xsmb 4""","=""33100""","=""0""","=""2""","=""Low""","=""false"""
"=""xsmb 6""","=""33100""","=""0""","=""2""","=""Low""","=""false"""
"=""xsmb miền bắc""","=""33100""","=""0""","=""3""","=""Low""","=""false"""
"=""xsmb quay thu""","=""33100""","=""0""","=""3""","=""Low""","=""false"""
"=""xsmn miền nam""","=""33100""","=""0""","=""3""","=""Low""","=""false"""
"=""xổ thử miền nam""","=""33100""","=""0""","=""4""","=""Low""","=""false"""
"=""quay thử xsmb thần tài""","=""27100""","=""0""","=""5""","=""Low""","=""false"""
"=""lô đề online""","=""27100""","=""1.55""","=""3""","=""Low""","=""false"""
"=""xo mien bac""","=""27100""","=""0""","=""3""","=""Low""","=""false"""
"=""so mien nam""","=""27100""","=""0""","=""3""","=""Low""","=""false"""
"=""kqxs 30""","=""27100""","=""0""","=""2""","=""Low""","=""false"""
"=""kqxs hcm""","=""27100""","=""0""","=""2""","=""Low""","=""false"""
"=""xs chu nhat""","=""27100""","=""0""","=""3""","=""Low""","=""false"""
"=""xskt mien nam""","=""27100""","=""0""","=""3""","=""Low""","=""false"""
"=""atrungroi""","=""27100""","=""0""","=""1""","=""Low""","=""false"""
"=""diễn đàn xsmb""","=""27100""","=""0""","=""3""","=""Low""","=""true"""
"=""dự đoán miền bắc hôm nay""","=""27100""","=""0""","=""6""","=""Low""","=""false"""
"=""dự đoán xsmb đặc biệt""","=""27100""","=""0""","=""5""","=""Low""","=""false"""
"=""dự đoán xsmn hôm nay""","=""27100""","=""0""","=""5""","=""Low""","=""false"""
"=""giải đặc biệt tuần""","=""27100""","=""0""","=""4""","=""Low""","=""false"""
"=""keno trực tiếp""","=""27100""","=""0""","=""3""","=""Low""","=""true"""
"=""ket qua xsmb hom nay""","=""27100""","=""0""","=""5""","=""Low""","=""false"""
"=""ketquaxosomienbac""","=""27100""","=""0""","=""1""","=""Low""","=""false"""
"=""kqxsmb 100 ngày""","=""27100""","=""0""","=""3""","=""Low""","=""false"""
"=""lô đề hôm nay""","=""27100""","=""0""","=""4""","=""Low""","=""false"""
"=""minh ngọc miền nam""","=""27100""","=""0""","=""4""","=""Low""","=""false"""
"=""quay thử xsmb 666""","=""27100""","=""0""","=""4""","=""Low""","=""false"""
"=""so kq""","=""27100""","=""0""","=""2""","=""Low""","=""false"""
"=""so xo 3 mien""","=""27100""","=""0""","=""4""","=""Low""","=""false"""
"=""so xo miền trung""","=""27100""","=""0""","=""4""","=""Low""","=""false"""
"=""soi cau mobi""","=""27100""","=""0""","=""3""","=""Low""","=""false"""
"=""soi cau xsmn""","=""27100""","=""0""","=""3""","=""Low""","=""false"""
"=""soi cầu 3 miền win2888""","=""27100""","=""1.15""","=""5""","=""Low""","=""false"""
"=""sxmb90ngay""","=""27100""","=""0""","=""1""","=""Low""","=""false"""
"=""số xổ miền nam hôm nay""","=""27100""","=""0""","=""6""","=""Low""","=""false"""
"=""thong kê 100""","=""27100""","=""0""","=""3""","=""Low""","=""false"""
"=""thống kê 100""","=""27100""","=""0""","=""3""","=""Low""","=""false"""
"=""thống kê 100 ngày""","=""27100""","=""0""","=""4""","=""Low""","=""false"""
"=""thống kê 2 số cuối giải đặc biệt theo tháng""","=""27100""","=""0""","=""10""","=""Low""","=""false"""
"=""tk xsmb""","=""27100""","=""1.34""","=""2""","=""Low""","=""false"""
"=""tổng hợp xsmb""","=""27100""","=""0""","=""3""","=""Low""","=""false"""
"=""vé số miền nam""","=""27100""","=""0""","=""4""","=""Low""","=""false"""
"=""xs hau giang""","=""27100""","=""0""","=""3""","=""Low""","=""false"""
"=""xs mien bac hom nay""","=""27100""","=""0""","=""5""","=""Low""","=""false"""
"=""xs mn thu 5""","=""27100""","=""0""","=""4""","=""Low""","=""false"""
"=""xs mtrung hom nay""","=""27100""","=""0""","=""4""","=""Low""","=""false"""
"=""xs tay ninh""","=""27100""","=""0""","=""3""","=""Low""","=""false"""
"=""xs truc tiep mn""","=""27100""","=""0""","=""4""","=""Low""","=""false"""
"=""xs trực tiếp mn""","=""27100""","=""0""","=""4""","=""Low""","=""false"""
"=""xskt bac lieu""","=""27100""","=""0""","=""3""","=""Low""","=""true"""
"=""xskt bến tre""","=""27100""","=""0""","=""3""","=""Low""","=""true"""
"=""xskt mn""","=""27100""","=""0""","=""2""","=""Low""","=""false"""
"=""xskt quảng ngãi""","=""27100""","=""0""","=""3""","=""Low""","=""false"""
"=""xskt sóc trăng""","=""27100""","=""0""","=""3""","=""Low""","=""false"""
"=""xsmb 3""","=""27100""","=""0""","=""2""","=""Low""","=""true"""
"=""xsmb 300 ngày""","=""27100""","=""0""","=""3""","=""Low""","=""false"""
"=""xsmb 5""","=""27100""","=""0""","=""2""","=""Low""","=""false"""
"=""xsmchung""","=""27100""","=""0""","=""1""","=""Low""","=""false"""
"=""xsmn thu6""","=""27100""","=""0""","=""2""","=""Low""","=""false"""
"=""xsmnthu5""","=""27100""","=""0""","=""1""","=""Low""","=""false"""
"=""xsmnthu6""","=""27100""","=""0""","=""1""","=""Low""","=""false"""
"=""dò số hôm nay""","=""22200""","=""0""","=""4""","=""Low""","=""false"""
"=""xs ba đài""","=""22200""","=""0""","=""3""","=""Low""","=""false"""
"=""kqxsmb net""","=""22200""","=""0""","=""2""","=""Low""","=""false"""
"=""miền nam thứ tư""","=""22200""","=""0""","=""4""","=""Low""","=""false"""
"=""2 số cuối giải đặc biệt""","=""22200""","=""0""","=""6""","=""Low""","=""false"""
"=""diễn đàn ba miền""","=""22200""","=""0""","=""4""","=""Low""","=""false"""
"=""ket qua so xo mb""","=""22200""","=""0""","=""5""","=""Low""","=""true"""
"=""ket qua vietlott""","=""22200""","=""1.31""","=""3""","=""Low""","=""false"""
"=""kq vietlott""","=""22200""","=""1.22""","=""2""","=""Low""","=""false"""
"=""kqxs miền bắc hôm nay""","=""22200""","=""0""","=""5""","=""Low""","=""false"""
"=""kqxs miền nam hôm nay""","=""22200""","=""0""","=""5""","=""Low""","=""false"""
"=""kqxs vietlott""","=""22200""","=""0.76""","=""2""","=""Low""","=""false"""
"=""kqxsmb 90 ngày""","=""22200""","=""0""","=""3""","=""Low""","=""false"""
"=""kết quả các kỳ quay vietlott 6 55""","=""22200""","=""0.95""","=""8""","=""Low""","=""false"""
"=""miền nam chủ nhật""","=""22200""","=""0""","=""4""","=""Low""","=""false"""
"=""miền nam thứ ba""","=""22200""","=""0""","=""4""","=""Low""","=""true"""
"=""miền nam thứ hai""","=""22200""","=""0""","=""4""","=""Low""","=""false"""
"=""miền nam thứ sáu""","=""22200""","=""0""","=""4""","=""Low""","=""false"""
"=""quay thử xsmb hôm nay""","=""22200""","=""0""","=""5""","=""Low""","=""false"""
"=""so lau ra mn""","=""22200""","=""0""","=""4""","=""Low""","=""false"""
"=""so xo net""","=""22200""","=""0""","=""3""","=""Low""","=""false"""
"=""soi cầu 3 miền 888""","=""22200""","=""0""","=""5""","=""Low""","=""false"""
"=""soi cầu ba miền""","=""22200""","=""0""","=""4""","=""Low""","=""false"""
"=""sxbt""","=""22200""","=""0""","=""1""","=""Low""","=""false"""
"=""sổ ket qua""","=""22200""","=""0""","=""3""","=""Low""","=""false"""
"=""tham khao xsmb""","=""22200""","=""0""","=""3""","=""Low""","=""false"""
"=""tham khảo xsmb""","=""22200""","=""0""","=""3""","=""Low""","=""false"""
"=""thống kê 2 số cuối giải đặc biệt""","=""22200""","=""0""","=""8""","=""Low""","=""false"""
"=""trực tiếp miền bắc""","=""22200""","=""0""","=""4""","=""Low""","=""false"""
"=""trực tiếp miền nam""","=""22200""","=""0""","=""4""","=""Low""","=""false"""
"=""trực tiếp xsmb hôm nay""","=""22200""","=""0""","=""5""","=""Low""","=""false"""
"=""tổng hợp kết quả xsmb""","=""22200""","=""0""","=""5""","=""Low""","=""false"""
"=""vietlott 655""","=""22200""","=""1.18""","=""2""","=""Low""","=""false"""
"=""xs bến tre""","=""22200""","=""0""","=""3""","=""Low""","=""true"""
"=""xs me""","=""22200""","=""0""","=""2""","=""Low""","=""false"""
"=""xs minh ngoc hom nay""","=""22200""","=""0""","=""5""","=""Low""","=""false"""
"=""xs minh ngoc mb""","=""22200""","=""0""","=""4""","=""Low""","=""false"""
"=""xs mn thu7""","=""22200""","=""0""","=""3""","=""Low""","=""false"""
"=""xs tn""","=""22200""","=""0""","=""2""","=""Low""","=""false"""
"=""xsgia lai""","=""22200""","=""0""","=""2""","=""Low""","=""false"""
"=""xskt miền bắc hôm nay""","=""22200""","=""0""","=""5""","=""Low""","=""false"""
"=""xskt quảng bình""","=""22200""","=""0""","=""3""","=""Low""","=""false"""
"=""xsmn me""","=""22200""","=""0""","=""2""","=""Low""","=""false"""
"=""xsmn thứ 6 hàng tuần""","=""22200""","=""0""","=""5""","=""Low""","=""false"""
"=""xsmnthu2""","=""22200""","=""0""","=""1""","=""Low""","=""false"""
"=""xổ miền nam""","=""22200""","=""0""","=""3""","=""Low""","=""false"""
"=""dự đoán thần tài miền nam""","=""18100""","=""0""","=""6""","=""Low""","=""true"""
"=""dự đoán thần tài miền bắc""","=""18100""","=""0""","=""6""","=""Low""","=""false"""
"=""diễn đàn thần tài miền nam""","=""18100""","=""0""","=""6""","=""Low""","=""false"""
"=""xs 3 đài""","=""18100""","=""0""","=""3""","=""Low""","=""false"""
"=""dò vé số hôm nay""","=""18100""","=""0""","=""5""","=""Low""","=""true"""
"=""xsmb me""","=""18100""","=""0""","=""2""","=""Low""","=""false"""
"=""soi mb""","=""18100""","=""0""","=""2""","=""Low""","=""false"""
"=""diễn đàn miền bắc""","=""18100""","=""0""","=""4""","=""Low""","=""false"""
"=""du đoán xsmb""","=""18100""","=""0""","=""3""","=""Low""","=""false"""
"=""dự đoán ba miền""","=""18100""","=""0""","=""4""","=""Low""","=""false"""
"=""dự đoán kết quả xsmb""","=""18100""","=""0""","=""5""","=""Low""","=""false"""
"=""dự đoán xsmb win2888""","=""18100""","=""1.15""","=""4""","=""Low""","=""false"""
"=""keno vietlott""","=""18100""","=""0.54""","=""2""","=""Low""","=""false"""
"=""ket qua 30""","=""18100""","=""0""","=""3""","=""Low""","=""false"""
"=""ket qua 30 ngay""","=""18100""","=""0""","=""4""","=""Low""","=""false"""
"=""kqxs net""","=""18100""","=""0""","=""2""","=""Low""","=""false"""
"=""kqxsmb 100""","=""18100""","=""0""","=""2""","=""Low""","=""false"""
"=""kết quả 100 ngày""","=""18100""","=""0""","=""4""","=""Low""","=""false"""
"=""kết quả keno""","=""18100""","=""1.65""","=""3""","=""Low""","=""false"""
"=""miền bắc thứ ba""","=""18100""","=""0""","=""4""","=""Low""","=""false"""
"=""quay thử mb 888""","=""18100""","=""0""","=""4""","=""Low""","=""false"""
"=""quay thử vận may""","=""18100""","=""0""","=""4""","=""Low""","=""false"""
"=""so xo kien thiet""","=""18100""","=""0""","=""4""","=""Low""","=""false"""
"=""so xo mien nam hom nay""","=""18100""","=""0""","=""6""","=""Low""","=""false"""
"=""so xo mien trung hom nay""","=""18100""","=""0""","=""6""","=""Low""","=""false"""
"=""so xo minh ngoc hom nay""","=""18100""","=""0""","=""6""","=""Low""","=""false"""
"=""soi cau""","=""18100""","=""0""","=""2""","=""Low""","=""false"""
"=""soi cau mien bac""","=""18100""","=""0""","=""4""","=""Low""","=""false"""
"=""soi cau mien nam""","=""18100""","=""0""","=""4""","=""Low""","=""false"""
"=""soi cau mien phi 888""","=""18100""","=""0""","=""5""","=""Low""","=""false"""
"=""soi cầu 247 nét""","=""18100""","=""0""","=""4""","=""Low""","=""false"""
"=""soi cầu lô""","=""18100""","=""0""","=""3""","=""Low""","=""false"""
"=""soi cầu lô miền bắc""","=""18100""","=""0""","=""5""","=""Low""","=""false"""
"=""soi cầu miễn phí 888""","=""18100""","=""0""","=""5""","=""Low""","=""false"""
"=""soi cầu xsmb 7777 ngày hôm nay""","=""18100""","=""0""","=""7""","=""Low""","=""true"""
"=""số ba miền""","=""18100""","=""0""","=""3""","=""Low""","=""false"""
"=""số xổ hôm nay""","=""18100""","=""0""","=""4""","=""Low""","=""false"""
"=""tham khao mb""","=""18100""","=""0""","=""3""","=""Low""","=""false"""
"=""tham khảo miền bắc""","=""18100""","=""0""","=""4""","=""Low""","=""false"""
"=""truc tiep mb""","=""18100""","=""0""","=""3""","=""Low""","=""false"""
"=""tần suất lô tô miền nam""","=""18100""","=""0""","=""6""","=""Low""","=""false"""
"=""xosobinhduong""","=""18100""","=""0.15""","=""1""","=""Low""","=""false"""
"=""xs hôm nay miền nam""","=""18100""","=""0""","=""5""","=""Low""","=""false"""
"=""xs mien nam hom nay""","=""18100""","=""0""","=""5""","=""Low""","=""false"""
"=""xs nthuan""","=""18100""","=""0""","=""2""","=""Low""","=""false"""
"=""xs phuong trang""","=""18100""","=""0""","=""3""","=""Low""","=""false"""
"=""xs tra vinh""","=""18100""","=""0""","=""3""","=""Low""","=""false"""
"=""xs truc tiep mb""","=""18100""","=""0""","=""4""","=""Low""","=""false"""
"=""xs vietlott hôm nay""","=""18100""","=""1.09""","=""4""","=""Low""","=""false"""
"=""xskt hôm nay miền nam""","=""18100""","=""0""","=""5""","=""Low""","=""false"""
"=""xsmb 100 ngày gần nhất""","=""18100""","=""0""","=""5""","=""Low""","=""false"""
"=""xsmb 30 ngày gần đây""","=""18100""","=""0""","=""5""","=""Low""","=""false"""
"=""xsmb 30 ngày net""","=""18100""","=""0""","=""4""","=""Low""","=""false"""
"=""xsmb hôm nay trực tiếp""","=""18100""","=""0""","=""5""","=""Low""","=""false"""
"=""xsmb lau ra""","=""18100""","=""0""","=""3""","=""Low""","=""false"""
"=""xsmb mb""","=""18100""","=""0""","=""2""","=""Low""","=""false"""
"=""xsmb thứ 4 hàng tuần""","=""18100""","=""0""","=""5""","=""Low""","=""false"""
"=""xsmn 90 ngày""","=""18100""","=""0""","=""3""","=""Low""","=""false"""
"=""xsmn du doan""","=""18100""","=""0""","=""3""","=""Low""","=""false"""
"=""xsmn hang ngay""","=""18100""","=""0""","=""3""","=""Low""","=""false"""
"=""xsmn hnay""","=""18100""","=""0""","=""2""","=""Low""","=""false"""
"=""xsmn thứ 4 hàng tuần""","=""18100""","=""0""","=""5""","=""Low""","=""false"""
"=""xsmn thứ 5 hàng tuần""","=""18100""","=""0""","=""5""","=""Low""","=""false"""
"=""xsmn đai phat""","=""18100""","=""0""","=""3""","=""Low""","=""false"""
"=""xsmn đại phát""","=""18100""","=""0""","=""3""","=""Low""","=""false"""
"=""xsmt truc tiep""","=""18100""","=""0""","=""3""","=""Low""","=""false"""
"=""xsmt trực tiếp""","=""18100""","=""0""","=""3""","=""Low""","=""false"""
"=""xst3""","=""18100""","=""0""","=""1""","=""Low""","=""true"""
"=""xst6""","=""18100""","=""0""","=""1""","=""Low""","=""false"""
"=""xst7""","=""18100""","=""0""","=""1""","=""Low""","=""false"""
"=""xsthu7""","=""18100""","=""0""","=""1""","=""Low""","=""false"""
"=""xsđl""","=""18100""","=""0""","=""1""","=""Low""","=""false"""
"=""xổ""","=""18100""","=""0""","=""1""","=""Low""","=""false"""
"=""xổ thử miền bắc""","=""18100""","=""0""","=""4""","=""Low""","=""false"""
"=""quay thử xsmt thần tài""","=""14800""","=""0""","=""5""","=""Low""","=""false"""
"=""số số mb""","=""14800""","=""0""","=""3""","=""Low""","=""false"""
"=""xs đài bắc""","=""14800""","=""0""","=""3""","=""Low""","=""false"""
"=""xsmt hn""","=""14800""","=""0""","=""2""","=""Low""","=""false"""
"=""xs tphcm""","=""14800""","=""0""","=""2""","=""Low""","=""false"""
"=""xs hom nay mien nam""","=""14800""","=""0""","=""5""","=""Low""","=""false"""
"=""xs m trung""","=""14800""","=""0""","=""3""","=""Low""","=""true"""
"=""so xo hom qua""","=""14800""","=""0""","=""4""","=""Low""","=""false"""
"=""a trung roi""","=""14800""","=""0""","=""3""","=""Low""","=""false"""
"=""cầu kèo""","=""14800""","=""0""","=""2""","=""Low""","=""false"""
"=""dự đoán giải đặc biệt hôm nay""","=""14800""","=""0""","=""7""","=""Low""","=""false"""
"=""keno minh chinh""","=""14800""","=""0""","=""3""","=""Low""","=""false"""
"=""keno minh chính""","=""14800""","=""0""","=""3""","=""Low""","=""false"""
"=""ket qua xs mn""","=""14800""","=""0""","=""4""","=""Low""","=""false"""
"=""kqxs3m""","=""14800""","=""0""","=""1""","=""Low""","=""false"""
"=""kết quả số xổ miền bắc""","=""14800""","=""0""","=""6""","=""Low""","=""false"""
"=""miền bắc thứ hai""","=""14800""","=""0""","=""4""","=""Low""","=""false"""
"=""miền bắc thứ tư""","=""14800""","=""0""","=""4""","=""Low""","=""false"""
"=""mình ngoc""","=""14800""","=""0""","=""2""","=""Low""","=""false"""
"=""quay số thử miền nam""","=""14800""","=""0""","=""5""","=""Low""","=""false"""
"=""quay thu xsmn hom nay""","=""14800""","=""0""","=""5""","=""Low""","=""false"""
"=""quay thử xsmb 247""","=""14800""","=""0""","=""4""","=""Low""","=""false"""
"=""so xo ba mien""","=""14800""","=""0""","=""4""","=""Low""","=""false"""
"=""so xo mien nam minh ngoc""","=""14800""","=""0""","=""6""","=""Low""","=""false"""
"=""soi cau 247 net khung 3 ngay""","=""14800""","=""0""","=""7""","=""Low""","=""false"""
"=""soi cau 4 so vip""","=""14800""","=""0""","=""5""","=""Low""","=""false"""
"=""soi cầu 4 số vip""","=""14800""","=""0""","=""5""","=""Low""","=""false"""
"=""soi cầu 88""","=""14800""","=""0""","=""3""","=""Low""","=""false"""
"=""soi cầu mn minh ngọc""","=""14800""","=""0""","=""5""","=""Low""","=""true"""
"=""soi cầu xsmb hôm nay""","=""14800""","=""0""","=""5""","=""Low""","=""false"""
"=""sổ kq""","=""14800""","=""0""","=""2""","=""Low""","=""false"""
"=""tham khảo miền nam""","=""14800""","=""0""","=""4""","=""Low""","=""false"""
"=""thống kê hai số cuối giải đặc biệt""","=""14800""","=""0""","=""8""","=""Low""","=""false"""
"=""tra cuu kqxsmb""","=""14800""","=""0""","=""3""","=""Low""","=""false"""
"=""truc tiep kqxsmb""","=""14800""","=""0""","=""3""","=""Low""","=""false"""
"=""truc tiep mn""","=""14800""","=""0""","=""3""","=""Low""","=""true"""
"=""truc tiep so xo mien nam""","=""14800""","=""0""","=""6""","=""Low""","=""false"""
"=""trực tiếp kqxsmb""","=""14800""","=""0""","=""3""","=""Low""","=""false"""
"=""vietlott vn""","=""14800""","=""0.44""","=""2""","=""Low""","=""true"""
"=""xo thu mn""","=""14800""","=""0""","=""3""","=""Low""","=""false"""
"=""xoso com vn""","=""14800""","=""0""","=""3""","=""Low""","=""false"""
"=""xs bình dương""","=""14800""","=""0""","=""3""","=""Low""","=""false"""
"=""xs mien trung hôm nay""","=""14800""","=""0""","=""5""","=""Low""","=""false"""
"=""xs minh ngoc mien nam""","=""14800""","=""0""","=""5""","=""Low""","=""false"""
"=""xs miên trung hôm nay""","=""14800""","=""0""","=""5""","=""Low""","=""false"""
"=""xs qtri""","=""14800""","=""0""","=""2""","=""Low""","=""false"""
"=""xs quảng nam""","=""14800""","=""0""","=""3""","=""Low""","=""false"""
"=""xs truyen thong""","=""14800""","=""0""","=""3""","=""Low""","=""false"""
"=""xs truyền thống""","=""14800""","=""0""","=""3""","=""Low""","=""false"""
"=""xs tây ninh""","=""14800""","=""0""","=""3""","=""Low""","=""false"""
"=""xskeno""","=""14800""","=""0""","=""1""","=""Low""","=""false"""
"=""xskt daklak""","=""14800""","=""0""","=""2""","=""Low""","=""false"""
"=""xskt tây ninh""","=""14800""","=""0""","=""3""","=""Low""","=""false"""
"=""xsmb du doan""","=""14800""","=""0""","=""3""","=""Low""","=""false"""
"=""xsmb hôm quả""","=""14800""","=""0""","=""3""","=""Low""","=""false"""
"=""xsmn 200 ngày""","=""14800""","=""0""","=""3""","=""Low""","=""false"""
"=""xsmn 30""","=""14800""","=""0""","=""2""","=""Low""","=""false"""
"=""xsmn minh ngoc hom nay""","=""14800""","=""0""","=""5""","=""Low""","=""false"""
"=""xsmn minh ngọc hôm nay""","=""14800""","=""0""","=""5""","=""Low""","=""false"""
"=""xsmn than tai""","=""14800""","=""0""","=""3""","=""Low""","=""false"""
"=""xsmn thứ 2 hàng tuần""","=""14800""","=""0""","=""5""","=""Low""","=""false"""
"=""xsmthn""","=""14800""","=""0""","=""1""","=""Low""","=""false"""
"=""đề gan miền bắc""","=""14800""","=""0""","=""4""","=""Low""","=""false"""
"=""đánh lô đề online""","=""12100""","=""1.31""","=""4""","=""Low""","=""false"""
"=""xo mien nam""","=""12100""","=""0""","=""3""","=""Low""","=""false"""
"=""du doan than tai mn""","=""12100""","=""0""","=""5""","=""Low""","=""false"""
"=""xsmn thu tu""","=""12100""","=""0""","=""3""","=""Low""","=""false"""
"=""xs dng""","=""12100""","=""0""","=""2""","=""Low""","=""false"""
"=""so xo mn hom nay""","=""12100""","=""0""","=""5""","=""Low""","=""false"""
"=""sx mtrung""","=""12100""","=""0""","=""2""","=""Low""","=""false"""
"=""sốmienbac""","=""12100""","=""0""","=""1""","=""Low""","=""false"""
"=""dự đoán trúng thưởng""","=""12100""","=""0""","=""4""","=""Low""","=""false"""
"=""xs hà nội""","=""12100""","=""0""","=""3""","=""Low""","=""false"""
"=""bắc hôm nay""","=""12100""","=""0""","=""3""","=""Low""","=""false"""
"=""du doan 3 mien""","=""12100""","=""0""","=""4""","=""Low""","=""false"""
"=""du doan kqxs""","=""12100""","=""0""","=""3""","=""Low""","=""false"""
"=""du doan mien nam""","=""12100""","=""0""","=""4""","=""Low""","=""false"""
"=""du doan xsmb hom nay""","=""12100""","=""0""","=""5""","=""Low""","=""false"""
"=""du đoan xsmb hom nay""","=""12100""","=""0""","=""5""","=""Low""","=""false"""
"=""dàn de 10 số bất bại""","=""12100""","=""0""","=""6""","=""Low""","=""false"""
"=""dò số""","=""12100""","=""0""","=""2""","=""Low""","=""false"""
"=""dự đoán""","=""12100""","=""0""","=""2""","=""Low""","=""true"""
"=""dự đoán xs đà nẵng""","=""12100""","=""0""","=""5""","=""Low""","=""false"""
"=""ket qua mb""","=""12100""","=""0""","=""3""","=""Low""","=""false"""
"=""ket qua mien bac""","=""12100""","=""0""","=""4""","=""Low""","=""false"""
"=""ket qua so xo mien bac hom nay""","=""12100""","=""0""","=""8""","=""Low""","=""false"""
"=""ketquade1""","=""12100""","=""0""","=""1""","=""Low""","=""false"""
"=""kiến thiết miền nam""","=""12100""","=""0""","=""4""","=""Low""","=""false"""
"=""kq 30""","=""12100""","=""0""","=""2""","=""Low""","=""false"""
"=""kq30""","=""12100""","=""0""","=""1""","=""Low""","=""false"""
"=""kqxs hôm qua""","=""12100""","=""0""","=""3""","=""Low""","=""false"""
"=""kqxs mn hom nay""","=""12100""","=""0""","=""4""","=""Low""","=""false"""
"=""kqxs tây ninh""","=""12100""","=""0""","=""3""","=""Low""","=""false"""
"=""kêt quả xsmn""","=""12100""","=""0""","=""3""","=""Low""","=""true"""
"=""kết quả minh ngọc""","=""12100""","=""0""","=""4""","=""Low""","=""false"""
"=""kết quả sổ xô miên nam hôm nay""","=""12100""","=""0""","=""8""","=""Low""","=""false"""
"=""kết quả vietlott 6 45""","=""12100""","=""0""","=""5""","=""Low""","=""false"""
"=""lô chơi nhiều ngày hôm nay""","=""12100""","=""0""","=""6""","=""Low""","=""false"""
"=""lô kết hôm nay""","=""12100""","=""0""","=""4""","=""Low""","=""false"""
"=""miền nam thứ ba hàng tuần""","=""12100""","=""0""","=""6""","=""Low""","=""true"""
"=""miền nam thứ bảy hàng tuần""","=""12100""","=""0""","=""6""","=""Low""","=""false"""
"=""miền nam thứ hai hàng tuần""","=""12100""","=""0""","=""6""","=""Low""","=""false"""
"=""miền nam thứ tư hàng tuần""","=""12100""","=""0""","=""6""","=""Low""","=""false"""
"=""quay thử""","=""12100""","=""0""","=""2""","=""Low""","=""false"""
"=""quay thử xsmn 168""","=""12100""","=""0""","=""4""","=""Low""","=""true"""
"=""quay thử xsmn hôm nay""","=""12100""","=""0""","=""5""","=""Low""","=""false"""
"=""so số hom nay""","=""12100""","=""0""","=""4""","=""Low""","=""false"""
"=""so xo mb hom nay""","=""12100""","=""0""","=""5""","=""Low""","=""false"""
"=""so xo vietlott""","=""12100""","=""0.91""","=""3""","=""Low""","=""false"""
"=""soi cau 24""","=""12100""","=""0""","=""3""","=""Low""","=""false"""
"=""soi cau 7777""","=""12100""","=""0""","=""3""","=""Low""","=""false"""
"=""soi cau 888""","=""12100""","=""0""","=""3""","=""Low""","=""true"""
"=""soi cau org""","=""12100""","=""0""","=""3""","=""Low""","=""true"""
"=""soi cầu 247 me""","=""12100""","=""0""","=""4""","=""Low""","=""false"""
"=""soi cầu 366""","=""12100""","=""0""","=""3""","=""Low""","=""false"""
"=""soi cầu 568""","=""12100""","=""0""","=""3""","=""Low""","=""false"""
"=""soi cầu 7777""","=""12100""","=""0""","=""3""","=""Low""","=""false"""
"=""soi cầu 888 2nháy miễn phí""","=""12100""","=""0""","=""6""","=""Low""","=""false"""
"=""soi cầu lô miền bắc hôm nay""","=""12100""","=""0""","=""7""","=""Low""","=""false"""
"=""soi cầu miền nam minh ngọc""","=""12100""","=""0""","=""6""","=""Low""","=""false"""
"=""soi cầu org""","=""12100""","=""0""","=""3""","=""Low""","=""true"""
"=""soi cầu tốt""","=""12100""","=""0""","=""3""","=""Low""","=""false"""
"=""sx vietlott""","=""12100""","=""1.21""","=""2""","=""Low""","=""false"""
"=""số miền bắc hôm qua""","=""12100""","=""0""","=""5""","=""Low""","=""false"""
"=""số miền bắc ngày hôm nay""","=""12100""","=""0""","=""6""","=""Low""","=""false"""
"=""số miền nam chủ nhật hàng tuần""","=""12100""","=""0""","=""7""","=""Low""","=""false"""
"=""số miền nam hôm qua""","=""12100""","=""0""","=""5""","=""Low""","=""false"""
"=""số miền nam ngày hôm nay""","=""12100""","=""0""","=""6""","=""Low""","=""false"""
"=""số miền nam thứ hai""","=""12100""","=""0""","=""5""","=""Low""","=""false"""
"=""số miền nam thứ sáu hàng tuần""","=""12100""","=""0""","=""7""","=""Low""","=""false"""
"=""số miền nam thứ tư hàng tuần""","=""12100""","=""0""","=""7""","=""Low""","=""false"""
"=""số vietlott""","=""12100""","=""0.89""","=""2""","=""Low""","=""false"""
"=""số xổ miền bắc hôm nay""","=""12100""","=""0""","=""6""","=""Low""","=""false"""
"=""tham khao xsmn""","=""12100""","=""0""","=""3""","=""Low""","=""false"""
"=""thong ke theo tong""","=""12100""","=""0""","=""4""","=""Low""","=""false"""
"=""xoso360""","=""12100""","=""0""","=""1""","=""Low""","=""false"""
"=""xs bdh""","=""12100""","=""0""","=""2""","=""Low""","=""false"""
"=""xs cm""","=""12100""","=""0""","=""2""","=""Low""","=""false"""
"=""xs minh ngọc mb""","=""12100""","=""0""","=""4""","=""Low""","=""false"""
"=""xs qna""","=""12100""","=""0""","=""2""","=""Low""","=""true"""
"=""xsbdh""","=""12100""","=""0""","=""1""","=""Low""","=""false"""
"=""xsbph""","=""12100""","=""0""","=""1""","=""Low""","=""false"""
"=""xsctho""","=""12100""","=""0""","=""1""","=""Low""","=""true"""
"=""xskt hôm nay miền bắc""","=""12100""","=""0""","=""5""","=""Low""","=""false"""
"=""xskt mien bac""","=""12100""","=""0""","=""3""","=""Low""","=""false"""
"=""xskt mien trung""","=""12100""","=""0""","=""3""","=""Low""","=""false"""
"=""xskt quảng nam""","=""12100""","=""0""","=""3""","=""Low""","=""false"""
"=""xsmb 30n""","=""12100""","=""0""","=""2""","=""Low""","=""false"""
"=""xsmb kt""","=""12100""","=""0""","=""2""","=""Low""","=""true"""
"=""xsmb thang""","=""12100""","=""0""","=""2""","=""Low""","=""true"""
"=""xsmb thu 3 hang tuan""","=""12100""","=""0""","=""5""","=""Low""","=""true"""
"=""xsmb tra cuu""","=""12100""","=""0""","=""3""","=""Low""","=""false"""
"=""xsmn 247 me""","=""12100""","=""0""","=""3""","=""Low""","=""false"""
"=""xsmn phuong trang""","=""12100""","=""0""","=""3""","=""Low""","=""false"""
"=""xsmn thu nam""","=""12100""","=""0""","=""3""","=""Low""","=""false"""
"=""xsmn thu sau""","=""12100""","=""0""","=""3""","=""Low""","=""false"""
"=""xsmt quay thu""","=""12100""","=""0""","=""3""","=""Low""","=""false"""
"=""xsqna""","=""12100""","=""0""","=""1""","=""Low""","=""true"""
"=""xsthu3""","=""12100""","=""0""","=""1""","=""Low""","=""true"""
"=""xsthu4""","=""12100""","=""0""","=""1""","=""Low""","=""false"""
"=""xsthu6""","=""12100""","=""0""","=""1""","=""Low""","=""false"""
"=""xstthue""","=""12100""","=""0""","=""1""","=""Low""","=""false"""
"=""xổ miền bắc""","=""12100""","=""0""","=""3""","=""Low""","=""false"""
"=""đề miền bắc""","=""12100""","=""0""","=""3""","=""Low""","=""false"""
"=""than tai mn""","=""9900""","=""0""","=""3""","=""Low""","=""false"""
"=""du doan than tai mb""","=""9900""","=""0""","=""5""","=""Low""","=""false"""
"=""than tai mb""","=""9900""","=""0""","=""3""","=""Low""","=""false"""
"=""thần tài miền bắc""","=""9900""","=""0""","=""4""","=""Low""","=""false"""
"=""sx3mien""","=""9900""","=""0""","=""1""","=""Low""","=""false"""
"=""dự đoán thần tài""","=""9900""","=""0""","=""4""","=""Low""","=""false"""
"=""cau xsmb""","=""9900""","=""0""","=""2""","=""Low""","=""false"""
"=""du đoan xsmn""","=""9900""","=""0""","=""3""","=""Low""","=""false"""
"=""dò số miền nam hôm nay""","=""9900""","=""0""","=""6""","=""Low""","=""false"""
"=""dò vé số miền nam""","=""9900""","=""0""","=""5""","=""Low""","=""false"""
"=""dự đoán số miền nam""","=""9900""","=""0""","=""5""","=""Low""","=""false"""
"=""giải đặc biệt theo tháng""","=""9900""","=""0""","=""5""","=""Low""","=""false"""
"=""ket qua mien nam""","=""9900""","=""0""","=""4""","=""Low""","=""false"""
"=""ket qua truc tiep""","=""9900""","=""0""","=""4""","=""Low""","=""false"""
"=""ketqua so xo mien bac""","=""9900""","=""0""","=""5""","=""Low""","=""false"""
"=""ketqua30ngay""","=""9900""","=""0""","=""1""","=""Low""","=""false"""
"=""ketquaveso""","=""9900""","=""0""","=""1""","=""Low""","=""false"""
"=""kqxs me""","=""9900""","=""0""","=""2""","=""Low""","=""false"""
"=""kqxs truyền thống""","=""9900""","=""0""","=""3""","=""Low""","=""false"""
"=""kqxs trực tiếp""","=""9900""","=""0""","=""3""","=""Low""","=""false"""
"=""kqxsmb 30 ngày net""","=""9900""","=""0""","=""4""","=""Low""","=""true"""
"=""kết quả xsmb 100 ngày""","=""9900""","=""0""","=""5""","=""Low""","=""false"""
"=""lô gan thành phố""","=""9900""","=""0""","=""4""","=""Low""","=""false"""
"=""lô đẹp hôm nay 666""","=""9900""","=""0""","=""5""","=""Low""","=""false"""
"=""lô đề miền bắc""","=""9900""","=""0.43""","=""4""","=""Low""","=""false"""
"=""m xsmb""","=""9900""","=""0""","=""2""","=""Low""","=""false"""
"=""minhngoc mn""","=""9900""","=""0""","=""2""","=""Low""","=""true"""
"=""miền bắc 30 ngày""","=""9900""","=""0""","=""4""","=""Low""","=""false"""
"=""miền bắc hôm qua""","=""9900""","=""0""","=""4""","=""Low""","=""false"""
"=""ngoc minh""","=""9900""","=""0""","=""2""","=""Low""","=""false"""
"=""quay thu mien nam""","=""9900""","=""0""","=""4""","=""Low""","=""false"""
"=""quay thử xsmt chính xác nhất""","=""9900""","=""0""","=""6""","=""Low""","=""false"""
"=""so so mn""","=""9900""","=""0""","=""3""","=""Low""","=""false"""
"=""so xo hom nay mien nam""","=""9900""","=""0""","=""6""","=""Low""","=""false"""
"=""so xo minh ngoc mien nam""","=""9900""","=""0""","=""6""","=""Low""","=""false"""
"=""so xo truc tiep""","=""9900""","=""0""","=""4""","=""Low""","=""false"""
"=""soi cầu miền bắc minh ngọc""","=""9900""","=""0""","=""6""","=""Low""","=""true"""
"=""soi cầu vip 888""","=""9900""","=""0""","=""4""","=""Low""","=""false"""
"=""sx hôm qua""","=""9900""","=""0""","=""3""","=""Low""","=""false"""
"=""sxqng""","=""9900""","=""0""","=""1""","=""Low""","=""false"""
"=""số miền nam chủ nhật""","=""9900""","=""0""","=""5""","=""Low""","=""false"""
"=""số miền nam thứ bảy""","=""9900""","=""0""","=""5""","=""Low""","=""false"""
"=""số miền nam thứ năm""","=""9900""","=""0""","=""5""","=""Low""","=""false"""
"=""số miền nam thứ sáu""","=""9900""","=""0""","=""5""","=""Low""","=""false"""
"=""số miền nam thứ tư""","=""9900""","=""0""","=""5""","=""Low""","=""false"""
"=""sổ ket quả""","=""9900""","=""0""","=""3""","=""Low""","=""false"""
"=""sổ xô miên nam hôm nay minh ngoc""","=""9900""","=""0""","=""8""","=""Low""","=""false"""
"=""thong ke xsmn""","=""9900""","=""0""","=""3""","=""Low""","=""false"""
"=""thống kê miền nam""","=""9900""","=""0""","=""4""","=""Low""","=""false"""
"=""truc tiep so xo mien bac""","=""9900""","=""0""","=""6""","=""Low""","=""false"""
"=""trung hôm nay""","=""9900""","=""0""","=""3""","=""Low""","=""false"""
"=""trực tiếp xsmn minh ngọc""","=""9900""","=""0""","=""5""","=""Low""","=""false"""
"=""xs 3 miền hôm nay""","=""9900""","=""0""","=""5""","=""Low""","=""false"""
"=""xs 3m""","=""9900""","=""0""","=""2""","=""Low""","=""false"""
"=""xs 6 55""","=""9900""","=""0""","=""3""","=""Low""","=""false"""
"=""xs chủ nhật""","=""9900""","=""0""","=""3""","=""Low""","=""false"""
"=""xs glai""","=""9900""","=""0""","=""2""","=""Low""","=""false"""
"=""xs hcm hôm nay""","=""9900""","=""0""","=""4""","=""Low""","=""true"""
"=""xs m tr""","=""9900""","=""0""","=""3""","=""Low""","=""false"""
"=""xs mn thu5""","=""9900""","=""0""","=""3""","=""Low""","=""false"""
"=""xs mngoc""","=""9900""","=""0""","=""2""","=""Low""","=""false"""
"=""xs trà vinh""","=""9900""","=""0""","=""3""","=""Low""","=""false"""
"=""xs vietlott 6 45""","=""9900""","=""0""","=""4""","=""Low""","=""false"""
"=""xs3dai""","=""9900""","=""0""","=""1""","=""Low""","=""false"""
"=""xs3miên""","=""9900""","=""0""","=""1""","=""Low""","=""false"""
"=""xsbamien""","=""9900""","=""0""","=""1""","=""Low""","=""false"""
"=""xsblieu""","=""9900""","=""0""","=""1""","=""Low""","=""true"""
"=""xskt soc trang""","=""9900""","=""0""","=""3""","=""Low""","=""false"""
"=""xsmb minh chính""","=""9900""","=""0""","=""3""","=""Low""","=""false"""
"=""xsmb trực tiếp hôm nay""","=""9900""","=""0""","=""5""","=""Low""","=""false"""
"=""xsmega645""","=""9900""","=""0""","=""1""","=""Low""","=""false"""
"=""xsmn hôm nay trực tiếp""","=""9900""","=""0""","=""5""","=""Low""","=""false"""
"=""xsmn thu ba""","=""9900""","=""0""","=""3""","=""Low""","=""false"""
"=""xsmn thứ hai""","=""9900""","=""0""","=""3""","=""Low""","=""false"""
"=""xsthu2""","=""9900""","=""0""","=""1""","=""Low""","=""false"""
"=""xổ thử miền nam hôm nay""","=""9900""","=""0""","=""6""","=""Low""","=""false"""
"=""thần tài miền nam""","=""8100""","=""0""","=""4""","=""Low""","=""false"""
"=""số đề""","=""8100""","=""0.98""","=""2""","=""Low""","=""false"""
"=""xs ba mien hom nay""","=""8100""","=""0""","=""5""","=""Low""","=""false"""
"=""số đài miền nam""","=""8100""","=""0""","=""4""","=""Low""","=""false"""
"=""cau xsmn""","=""8100""","=""0""","=""2""","=""Low""","=""false"""
"=""cầu miền bắc""","=""8100""","=""0""","=""3""","=""Low""","=""false"""
"=""diễn đàn miền nam hôm nay""","=""8100""","=""0""","=""6""","=""Low""","=""true"""
"=""du doan kqxsmb""","=""8100""","=""0""","=""3""","=""Low""","=""false"""
"=""du doan mb hom nay""","=""8100""","=""0""","=""5""","=""Low""","=""false"""
"=""du doan mien bac""","=""8100""","=""0""","=""4""","=""Low""","=""false"""
"=""du doan mn hom nay""","=""8100""","=""0""","=""5""","=""Low""","=""false"""
"=""du doan so xo mien bac""","=""8100""","=""0""","=""6""","=""Low""","=""false"""
"=""du doan xs than tai""","=""8100""","=""0""","=""5""","=""Low""","=""false"""
"=""du doan xsmb than tai""","=""8100""","=""0""","=""5""","=""Low""","=""false"""
"=""dò số miền bắc""","=""8100""","=""0""","=""4""","=""Low""","=""false"""
"=""dự đoán xs phú yên""","=""8100""","=""0""","=""5""","=""Low""","=""false"""
"=""dự đoán xsbdi""","=""8100""","=""0""","=""3""","=""Low""","=""false"""
"=""keno minh ngọc""","=""8100""","=""0""","=""3""","=""Low""","=""true"""
"=""ket qua 888""","=""8100""","=""0""","=""3""","=""Low""","=""false"""
"=""ket qua keno""","=""8100""","=""0""","=""3""","=""Low""","=""false"""
"=""kiến thiết miền bắc""","=""8100""","=""0""","=""4""","=""Low""","=""false"""
"=""kqxs đại phát""","=""8100""","=""0""","=""3""","=""Low""","=""false"""
"=""kêtqua""","=""8100""","=""0""","=""1""","=""Low""","=""true"""
"=""kết quả sô xô miên bắc""","=""8100""","=""0""","=""6""","=""Low""","=""true"""
"=""kết quả xsmb 30 ngày gần nhất""","=""8100""","=""0""","=""7""","=""Low""","=""false"""
"=""minh ngoc mien nam""","=""8100""","=""0""","=""4""","=""Low""","=""false"""
"=""minh ngọc hôm nay""","=""8100""","=""0""","=""4""","=""Low""","=""false"""
"=""phan tich xsmb""","=""8100""","=""0""","=""3""","=""Low""","=""false"""
"=""quay số thử miền nam hôm nay""","=""8100""","=""0""","=""7""","=""Low""","=""false"""
"=""quay thu mb hom nay""","=""8100""","=""0""","=""5""","=""Low""","=""false"""
"=""so mn""","=""8100""","=""0""","=""2""","=""Low""","=""false"""
"=""so xo mien bac 30 ngay""","=""8100""","=""0""","=""6""","=""Low""","=""false"""
"=""so xo thu do""","=""8100""","=""0""","=""4""","=""Low""","=""false"""
"=""soi cau 3 mien""","=""8100""","=""0""","=""4""","=""Low""","=""false"""
"=""soi cầu 247 plus""","=""8100""","=""0""","=""4""","=""Low""","=""false"""
"=""soi cầu xsmb minh ngọc""","=""8100""","=""0""","=""5""","=""Low""","=""false"""
"=""soi cầu xsmb win2888 vip""","=""8100""","=""1.15""","=""5""","=""Low""","=""false"""
"=""sx3 miền""","=""8100""","=""0""","=""2""","=""Low""","=""false"""
"=""sxqb""","=""8100""","=""0""","=""1""","=""Low""","=""false"""
"=""số kiến thiết miền nam""","=""8100""","=""0""","=""5""","=""Low""","=""false"""
"=""số lâu ra miền bắc""","=""8100""","=""0""","=""5""","=""Low""","=""false"""
"=""số đài bắc""","=""8100""","=""0""","=""3""","=""Low""","=""false"""
"=""sổ kết quả miền bắc""","=""8100""","=""0""","=""5""","=""Low""","=""false"""
"=""sổ xô miên trung hôm qua""","=""8100""","=""0""","=""6""","=""Low""","=""false"""
"=""thông kê xsmb""","=""8100""","=""0""","=""3""","=""Low""","=""false"""
"=""trực tiếp minh ngọc""","=""8100""","=""0""","=""4""","=""Low""","=""false"""
"=""tần suất lô to""","=""8100""","=""0""","=""4""","=""Low""","=""false"""
"=""tần suất miền bắc""","=""8100""","=""0""","=""4""","=""Low""","=""false"""
"=""vietlott keno""","=""8100""","=""1.12""","=""2""","=""Low""","=""false"""
"=""xoso com""","=""8100""","=""0""","=""2""","=""Low""","=""false"""
"=""xoso66 com""","=""8100""","=""0""","=""2""","=""Low""","=""true"""
"=""xosominhngoc miennam""","=""8100""","=""0""","=""2""","=""Low""","=""false"""
"=""xosotructiep""","=""8100""","=""0""","=""1""","=""Low""","=""false"""
"=""xs ben tre""","=""8100""","=""0""","=""3""","=""Low""","=""false"""
"=""xs bên tre""","=""8100""","=""0""","=""3""","=""Low""","=""false"""
"=""xs cân thơ""","=""8100""","=""0""","=""3""","=""Low""","=""false"""
"=""xs cần thơ""","=""8100""","=""0""","=""3""","=""Low""","=""false"""
"=""xs minh""","=""8100""","=""0""","=""2""","=""Low""","=""false"""
"=""xs minh ngọc miền nam""","=""8100""","=""0""","=""5""","=""Low""","=""false"""
"=""xs mn thu2""","=""8100""","=""0""","=""3""","=""Low""","=""false"""
"=""xs thu mn""","=""8100""","=""0""","=""3""","=""Low""","=""true"""
"=""xs thử mn""","=""8100""","=""0""","=""3""","=""Low""","=""false"""
"=""xs đại phát""","=""8100""","=""0""","=""3""","=""Low""","=""false"""
"=""xsbthuan""","=""8100""","=""0""","=""1""","=""Low""","=""false"""
"=""xskt thừa thiên huế""","=""8100""","=""0""","=""4""","=""Low""","=""false"""
"=""xsla 30""","=""8100""","=""0""","=""2""","=""Low""","=""false"""
"=""xsmb 100 ngày gần đây""","=""8100""","=""0""","=""5""","=""Low""","=""false"""
"=""xsmb 30ng""","=""8100""","=""0""","=""2""","=""Low""","=""false"""
"=""xsmb t4 hàng tuần""","=""8100""","=""0""","=""4""","=""Low""","=""false"""
"=""xsmb thu hai""","=""8100""","=""0""","=""3""","=""Low""","=""false"""
"=""xsmb thu tu""","=""8100""","=""0""","=""3""","=""Low""","=""false"""
"=""xsmb đại phát hôm nay""","=""8100""","=""0""","=""5""","=""Low""","=""false"""
"=""xsmn hom qua""","=""8100""","=""0""","=""3""","=""Low""","=""false"""
"=""xsmn th4""","=""8100""","=""0""","=""2""","=""Low""","=""false"""
"=""xsmn thử""","=""8100""","=""0""","=""2""","=""Low""","=""false"""
"=""xsmn trực tiếp hôm nay""","=""8100""","=""0""","=""5""","=""Low""","=""false"""
"=""xsmnth4""","=""8100""","=""0""","=""1""","=""Low""","=""false"""
"=""xsmt hôm qua""","=""8100""","=""0""","=""3""","=""Low""","=""false"""
"=""xố""","=""8100""","=""0""","=""1""","=""Low""","=""false"""
"=""xổ miền bắc hôm nay""","=""8100""","=""0""","=""5""","=""Low""","=""false"""
"=""sỗ mien nam""","=""6600""","=""0""","=""3""","=""Low""","=""false"""
"=""xs ha noi hom nay""","=""6600""","=""0""","=""5""","=""Low""","=""false"""
"=""kết quả thần tài""","=""6600""","=""0""","=""4""","=""Low""","=""true"""
"=""xs3mien hom nay""","=""6600""","=""0""","=""3""","=""Low""","=""false"""
"=""bangdacbiettuan""","=""6600""","=""0""","=""1""","=""Low""","=""false"""
"=""cầu lô miền bắc""","=""6600""","=""0""","=""4""","=""Low""","=""false"""
"=""cầu xsmb""","=""6600""","=""0""","=""2""","=""Low""","=""false"""
"=""du doan mn minh ngoc""","=""6600""","=""0""","=""5""","=""Low""","=""true"""
"=""du doan xs 3 mien""","=""6600""","=""0""","=""5""","=""Low""","=""false"""
"=""dàn de 10 số hàng ngày""","=""6600""","=""0""","=""6""","=""Low""","=""false"""
"=""dàn de 36 số bất bại hôm nay""","=""6600""","=""0""","=""8""","=""Low""","=""false"""
"=""dự đoán 3 miền""","=""6600""","=""0""","=""4""","=""Low""","=""false"""
"=""dự đoán soi cầu miền bắc""","=""6600""","=""0""","=""6""","=""Low""","=""false"""
"=""dự đoán xs khánh hòa""","=""6600""","=""0""","=""5""","=""Low""","=""false"""
"=""http xoso me xsmn""","=""6600""","=""0""","=""4""","=""Low""","=""false"""
"=""ket qua xs mien trung""","=""6600""","=""0""","=""5""","=""Low""","=""false"""
"=""ket qua xsmt""","=""6600""","=""0""","=""3""","=""Low""","=""false"""
"=""ketqua net2""","=""6600""","=""0""","=""2""","=""Low""","=""true"""
"=""ketqua24h thống kê 100 ngày""","=""6600""","=""0""","=""5""","=""Low""","=""false"""
"=""ketqua7 net""","=""6600""","=""0""","=""2""","=""Low""","=""false"""
"=""ketquaxosomb""","=""6600""","=""0""","=""1""","=""Low""","=""false"""
"=""kqxs 3 mien""","=""6600""","=""0""","=""3""","=""Low""","=""false"""
"=""kqxs thu 4""","=""6600""","=""0""","=""3""","=""Low""","=""false"""
"=""kqxs thu 6""","=""6600""","=""0""","=""3""","=""Low""","=""false"""
"=""kqxs3mien""","=""6600""","=""0""","=""1""","=""Low""","=""false"""
"=""kqxsag""","=""6600""","=""0""","=""1""","=""Low""","=""false"""
"=""kqxsmb me""","=""6600""","=""0""","=""2""","=""Low""","=""false"""
"=""kqxsmb trực tiếp""","=""6600""","=""0""","=""3""","=""Low""","=""false"""
"=""kêt qua xsmn hôm nay""","=""6600""","=""0""","=""5""","=""Low""","=""false"""
"=""kết quả giải đặc biệt""","=""6600""","=""0""","=""5""","=""Low""","=""true"""
"=""kết quả miền nam hôm nay""","=""6600""","=""0""","=""6""","=""Low""","=""false"""
"=""kết quả số miền bắc""","=""6600""","=""0""","=""5""","=""Low""","=""false"""
"=""minh chinh keno""","=""6600""","=""0""","=""3""","=""Low""","=""false"""
"=""miền nam hôm qua""","=""6600""","=""0""","=""4""","=""Low""","=""false"""
"=""miền nam minh ngọc""","=""6600""","=""0""","=""4""","=""Low""","=""true"""
"=""mn thu 5""","=""6600""","=""0""","=""3""","=""Low""","=""false"""
"=""mn thu 6""","=""6600""","=""0""","=""3""","=""Low""","=""false"""
"=""quay số thử miền bắc""","=""6600""","=""0""","=""5""","=""Low""","=""false"""
"=""quay thu mien bac""","=""6600""","=""0""","=""4""","=""Low""","=""false"""
"=""quay thử xsmb điện tử""","=""6600""","=""0""","=""5""","=""Low""","=""false"""
"=""quay thử xsmn 568""","=""6600""","=""0""","=""4""","=""Low""","=""false"""
"=""quay thử xsmt 666""","=""6600""","=""0""","=""4""","=""Low""","=""false"""
"=""quay thử đài miền nam""","=""6600""","=""0""","=""5""","=""Low""","=""false"""
"=""so lau ra mb""","=""6600""","=""0""","=""4""","=""Low""","=""false"""
"=""so xo kien thiet mien bac""","=""6600""","=""0""","=""6""","=""Low""","=""true"""
"=""so xo truc tiep mien nam""","=""6600""","=""0""","=""6""","=""Low""","=""false"""
"=""soi cau mb hom nay""","=""6600""","=""0""","=""5""","=""Low""","=""false"""
"=""soi cầu vip 4 số""","=""6600""","=""0""","=""5""","=""Low""","=""false"""
"=""sô xố miên nam""","=""6600""","=""0""","=""4""","=""Low""","=""false"""
"=""số mb""","=""6600""","=""0""","=""2""","=""Low""","=""false"""
"=""số miền bắc thứ tư hàng tuần""","=""6600""","=""0""","=""7""","=""Low""","=""false"""
"=""số đề hôm nay""","=""6600""","=""0""","=""4""","=""Low""","=""false"""
"=""sổ kêt qua""","=""6600""","=""0""","=""3""","=""Low""","=""false"""
"=""sổ kết quả 30 ngày""","=""6600""","=""0""","=""5""","=""Low""","=""false"""
"=""sổ kết quả xsmb""","=""6600""","=""0""","=""4""","=""Low""","=""false"""
"=""thống kê mb""","=""6600""","=""0""","=""3""","=""Low""","=""false"""
"=""tk mb""","=""6600""","=""0""","=""2""","=""Low""","=""false"""
"=""truc tiep xs mien bac""","=""6600""","=""0""","=""5""","=""Low""","=""false"""
"=""xo kết quả""","=""6600""","=""0""","=""3""","=""Low""","=""false"""
"=""xo thu mb""","=""6600""","=""0""","=""3""","=""Low""","=""false"""
"=""xo xo mn""","=""6600""","=""0""","=""3""","=""Low""","=""false"""
"=""xoso mien bac""","=""6600""","=""0""","=""3""","=""Low""","=""false"""
"=""xosokienthiet""","=""6600""","=""0""","=""1""","=""Low""","=""false"""
"=""xosowap""","=""6600""","=""0""","=""1""","=""Low""","=""false"""
"=""xs 30 ngay""","=""6600""","=""0""","=""3""","=""Low""","=""false"""
"=""xs kg""","=""6600""","=""0""","=""2""","=""Low""","=""false"""
"=""xs mt cn""","=""6600""","=""0""","=""3""","=""Low""","=""false"""
"=""xs than tai mb""","=""6600""","=""0""","=""4""","=""Low""","=""false"""
"=""xs thu ba""","=""6600""","=""0""","=""3""","=""Low""","=""true"""
"=""xs thu hai""","=""6600""","=""0""","=""3""","=""Low""","=""true"""
"=""xs thứ 3""","=""6600""","=""0""","=""3""","=""Low""","=""true"""
"=""xs truc tiep mien nam""","=""6600""","=""0""","=""5""","=""Low""","=""false"""
"=""xsdlat""","=""6600""","=""0""","=""1""","=""Low""","=""false"""
"=""xskt com vn xsmb""","=""6600""","=""0""","=""4""","=""Low""","=""false"""
"=""xskt quảng trị""","=""6600""","=""0""","=""3""","=""Low""","=""false"""
"=""xsmb 10 ngày""","=""6600""","=""0""","=""3""","=""Low""","=""false"""
"=""xsmb ca thang""","=""6600""","=""0""","=""3""","=""Low""","=""false"""
"=""xsmb ha noi""","=""6600""","=""0""","=""3""","=""Low""","=""false"""
"=""xsmb trong thang""","=""6600""","=""0""","=""3""","=""Low""","=""false"""
"=""xsmb xskt""","=""6600""","=""0""","=""2""","=""Low""","=""true"""
"=""xsmn chu nhật""","=""6600""","=""0""","=""3""","=""Low""","=""false"""
"=""xsmn th5""","=""6600""","=""0""","=""2""","=""Low""","=""false"""
"=""xsmn30n""","=""6600""","=""0""","=""1""","=""Low""","=""false"""
"=""xstd 100""","=""6600""","=""0""","=""2""","=""Low""","=""false"""
"=""xôsominhngoc""","=""6600""","=""0""","=""1""","=""Low""","=""false"""
"=""đài miền bắc""","=""6600""","=""0""","=""3""","=""Low""","=""false"""
"=""tra cứu số sổ bhxh""","=""6600""","=""0.01""","=""5""","=""Low""","=""false"""
"=""du doan xsmn than tai""","=""5400""","=""0""","=""5""","=""Low""","=""false"""
"=""so xô miên nam""","=""5400""","=""0""","=""4""","=""Low""","=""false"""
"=""a trung roi mb""","=""5400""","=""0""","=""4""","=""Low""","=""false"""
"=""a trúng rồi mb""","=""5400""","=""0""","=""4""","=""Low""","=""true"""
"=""atrungroi mb""","=""5400""","=""0""","=""2""","=""Low""","=""false"""
"=""chủ nhật tuần rồi""","=""5400""","=""0""","=""4""","=""Low""","=""false"""
"=""cầu lô""","=""5400""","=""0""","=""2""","=""Low""","=""false"""
"=""du doan so xo mien nam""","=""5400""","=""0""","=""6""","=""Low""","=""false"""
"=""dàn de 50 số 2 ngày""","=""5400""","=""0""","=""6""","=""Low""","=""false"""
"=""dự đoán kqxsmb""","=""5400""","=""0""","=""3""","=""Low""","=""false"""
"=""dự đoán số miền bắc""","=""5400""","=""0""","=""5""","=""Low""","=""false"""
"=""ket qua mn""","=""5400""","=""0""","=""3""","=""Low""","=""true"""
"=""ketqua888""","=""5400""","=""0""","=""1""","=""Low""","=""false"""
"=""kiến thiết""","=""5400""","=""0""","=""2""","=""Low""","=""false"""
"=""kqxs hôm nay miền nam""","=""5400""","=""0""","=""5""","=""Low""","=""false"""
"=""kêt qua sô xô miên băc""","=""5400""","=""0""","=""6""","=""Low""","=""false"""
"=""kết qua so xo""","=""5400""","=""0""","=""4""","=""Low""","=""false"""
"=""kết quả 888 100 ngày""","=""5400""","=""0""","=""5""","=""Low""","=""false"""
"=""miền bắc ngày hôm nay""","=""5400""","=""0""","=""5""","=""Low""","=""false"""
"=""miền nam ngày hôm nay""","=""5400""","=""0""","=""5""","=""Low""","=""false"""
"=""mn thu 3""","=""5400""","=""0""","=""3""","=""Low""","=""false"""
"=""mn thu 4""","=""5400""","=""0""","=""3""","=""Low""","=""false"""
"=""quay số thử""","=""5400""","=""0""","=""3""","=""Low""","=""false"""
"=""quay thu xsmb hom nay""","=""5400""","=""0""","=""5""","=""Low""","=""false"""
"=""quay thử hôm nay""","=""5400""","=""0""","=""4""","=""Low""","=""false"""
"=""so thu mn""","=""5400""","=""0""","=""3""","=""Low""","=""false"""
"=""so xo kien thiet hom nay""","=""5400""","=""0""","=""6""","=""Low""","=""false"""
"=""so xo miền nam hôm nay""","=""5400""","=""0""","=""6""","=""Low""","=""false"""
"=""so xo thu 3""","=""5400""","=""0""","=""4""","=""Low""","=""false"""
"=""so xo thu 4""","=""5400""","=""0""","=""4""","=""Low""","=""false"""
"=""so xo thu 7""","=""5400""","=""0""","=""4""","=""Low""","=""false"""
"=""soi cau 3 cang""","=""5400""","=""0""","=""4""","=""Low""","=""false"""
"=""soi cầu lô kép""","=""5400""","=""0""","=""4""","=""Low""","=""false"""
"=""soi cầu xsmb miễn phí ngày hôm nay""","=""5400""","=""0""","=""8""","=""Low""","=""false"""
"=""sxnt""","=""5400""","=""0""","=""1""","=""Low""","=""false"""
"=""sô xô miên băc hôm nay""","=""5400""","=""0""","=""6""","=""Low""","=""false"""
"=""số kiến thiết miền bắc""","=""5400""","=""0""","=""5""","=""Low""","=""false"""
"=""số kqxsmb""","=""5400""","=""0""","=""2""","=""Low""","=""false"""
"=""số lâu ra miền nam""","=""5400""","=""0""","=""5""","=""Low""","=""false"""
"=""số miền bắc thứ tư""","=""5400""","=""0""","=""5""","=""Low""","=""false"""
"=""số miền nam chiều nay""","=""5400""","=""0""","=""5""","=""Low""","=""false"""
"=""số so mien nam hôm nay""","=""5400""","=""0""","=""6""","=""Low""","=""false"""
"=""số xổ""","=""5400""","=""0""","=""2""","=""Low""","=""false"""
"=""số đài miền bắc""","=""5400""","=""0""","=""4""","=""Low""","=""false"""
"=""truc tiep mien nam""","=""5400""","=""0""","=""4""","=""Low""","=""false"""
"=""trúng vietlott""","=""5400""","=""1.01""","=""2""","=""Low""","=""false"""
"=""trực tiếp miền nam minh ngọc""","=""5400""","=""0""","=""6""","=""Low""","=""false"""
"=""trực tiếp vietlott""","=""5400""","=""0""","=""3""","=""Low""","=""false"""
"=""trực tiếp xsmn hôm nay""","=""5400""","=""0""","=""5""","=""Low""","=""false"""
"=""ve so""","=""5400""","=""0""","=""2""","=""Low""","=""false"""
"=""x0 s0 mien nam""","=""5400""","=""0""","=""4""","=""Low""","=""false"""
"=""xoso mien nam""","=""5400""","=""0""","=""3""","=""Low""","=""false"""
"=""xosodaiphat com""","=""5400""","=""0""","=""2""","=""Low""","=""false"""
"=""xosomienbachomnay""","=""5400""","=""0""","=""1""","=""Low""","=""false"""
"=""xs 6 45""","=""5400""","=""0""","=""3""","=""Low""","=""false"""
"=""xs ba ria vung tau""","=""5400""","=""0""","=""5""","=""Low""","=""true"""
"=""xs bp""","=""5400""","=""0""","=""2""","=""Low""","=""false"""
"=""xs mt thu 2""","=""5400""","=""0""","=""4""","=""Low""","=""false"""
"=""xs thu tu""","=""5400""","=""0""","=""3""","=""Low""","=""false"""
"=""xsan giang""","=""5400""","=""0""","=""2""","=""Low""","=""false"""
"=""xshgiang""","=""5400""","=""0""","=""1""","=""Low""","=""false"""
"=""xskt 3 mien""","=""5400""","=""0""","=""3""","=""Low""","=""false"""
"=""xsmb hôm nay trực tiếp mien bac""","=""5400""","=""0""","=""7""","=""Low""","=""true"""
"=""xsmb mngoc""","=""5400""","=""0""","=""2""","=""Low""","=""false"""
"=""xsmb thu ba""","=""5400""","=""0""","=""3""","=""Low""","=""true"""
"=""xsmb thu bay""","=""5400""","=""0""","=""3""","=""Low""","=""false"""
"=""xsmb xstd""","=""5400""","=""0""","=""2""","=""Low""","=""false"""
"=""xsminhngoc miennam""","=""5400""","=""0""","=""2""","=""Low""","=""false"""
"=""xsmn chu nhat minh ngoc""","=""5400""","=""0""","=""5""","=""Low""","=""false"""
"=""xsmn minhngoc""","=""5400""","=""0""","=""2""","=""Low""","=""false"""
"=""xsmn net""","=""5400""","=""0""","=""2""","=""Low""","=""false"""
"=""xsmn thu 2 minh ngoc""","=""5400""","=""0""","=""5""","=""Low""","=""false"""
"=""xsmn thu 3 minh ngoc""","=""5400""","=""0""","=""5""","=""Low""","=""false"""
"=""xsmn thu 4 minh ngoc""","=""5400""","=""0""","=""5""","=""Low""","=""false"""
"=""xsmn thu 6 minh ngoc""","=""5400""","=""0""","=""5""","=""Low""","=""false"""
"=""xstd 200""","=""5400""","=""0""","=""2""","=""Low""","=""false"""
"=""xstd hom nay""","=""5400""","=""0""","=""3""","=""Low""","=""false"""
"=""xổ thử miền bắc hôm nay""","=""5400""","=""0""","=""6""","=""Low""","=""false"""
"=""đài miền nam""","=""5400""","=""0""","=""3""","=""Low""","=""false"""
"=""du doan xs than tai mn""","=""4400""","=""0""","=""6""","=""Low""","=""false"""
"=""xsm bắc""","=""4400""","=""0""","=""2""","=""Low""","=""false"""
"=""2 số cuối của giải đặc biệt""","=""4400""","=""0""","=""7""","=""Low""","=""false"""
"=""a trúng rồi mn""","=""4400""","=""0""","=""4""","=""Low""","=""false"""
"=""binh luan xsmb""","=""4400""","=""0""","=""3""","=""Low""","=""true"""
"=""bình luận xsmb""","=""4400""","=""0""","=""3""","=""Low""","=""false"""
"=""cầu lô hôm nay""","=""4400""","=""0""","=""4""","=""Low""","=""false"""
"=""du doan mtrung""","=""4400""","=""0""","=""3""","=""Low""","=""false"""
"=""du doan xsmn hom nay""","=""4400""","=""0""","=""5""","=""Low""","=""false"""
"=""dàn de 60 số bất bại""","=""4400""","=""0""","=""6""","=""Low""","=""false"""
"=""dàn đề 10 số""","=""4400""","=""0""","=""4""","=""Low""","=""false"""
"=""dự đoán kqxsmb hôm nay""","=""4400""","=""0""","=""5""","=""Low""","=""false"""
"=""dự đoán soi cầu miền nam""","=""4400""","=""0""","=""6""","=""Low""","=""true"""
"=""dự đoán số miền nam hôm nay""","=""4400""","=""0""","=""7""","=""Low""","=""false"""
"=""dự đoán xs gia lai""","=""4400""","=""0""","=""5""","=""Low""","=""false"""
"=""dự đoán xs quảng bình""","=""4400""","=""0""","=""5""","=""Low""","=""false"""
"=""dự đoán xsbl""","=""4400""","=""0""","=""3""","=""Low""","=""false"""
"=""dự đoán xsdt""","=""4400""","=""0""","=""3""","=""Low""","=""false"""
"=""dự đoán xsla""","=""4400""","=""0""","=""3""","=""Low""","=""false"""
"=""http xoso me""","=""4400""","=""0""","=""3""","=""Low""","=""false"""
"=""ketqua so xo""","=""4400""","=""0""","=""3""","=""Low""","=""false"""
"=""ketquamienbac""","=""4400""","=""0""","=""1""","=""Low""","=""false"""
"=""kiến thiết hôm nay""","=""4400""","=""0""","=""4""","=""Low""","=""false"""
"=""kiến thiết miền nam hôm nay""","=""4400""","=""0""","=""6""","=""Low""","=""false"""
"=""kqxs 3m""","=""4400""","=""0""","=""2""","=""Low""","=""false"""
"=""kqxskg""","=""4400""","=""0""","=""1""","=""Low""","=""false"""
"=""kqxskt""","=""4400""","=""0""","=""1""","=""Low""","=""false"""
"=""kqxsmb 200""","=""4400""","=""0""","=""2""","=""Low""","=""false"""
"=""kqxsmb100ngay""","=""4400""","=""0""","=""1""","=""Low""","=""false"""
"=""kêt qua xsmb hôm nay miền bắc""","=""4400""","=""0""","=""7""","=""Low""","=""false"""
"=""kết quả so xo""","=""4400""","=""0""","=""4""","=""Low""","=""false"""
"=""kết quả sô xô miên bắc hôm qua""","=""4400""","=""0""","=""8""","=""Low""","=""false"""
"=""kết quả sổ xô miên trung hôm nay""","=""4400""","=""0""","=""8""","=""Low""","=""true"""
"=""kết quả xổ""","=""4400""","=""0""","=""3""","=""Low""","=""false"""
"=""lô tô miền bắc""","=""4400""","=""0""","=""4""","=""Low""","=""true"""
"=""so xo chu nhat""","=""4400""","=""0""","=""4""","=""Low""","=""false"""
"=""so xo minhngoc""","=""4400""","=""0""","=""3""","=""Low""","=""false"""
"=""so xo thu 2""","=""4400""","=""0""","=""4""","=""Low""","=""false"""
"=""so xo thu 5""","=""4400""","=""0""","=""4""","=""Low""","=""false"""
"=""so xo thu 6""","=""4400""","=""0""","=""4""","=""Low""","=""false"""
"=""soi cau ba mien""","=""4400""","=""0""","=""4""","=""Low""","=""false"""
"=""soi cau tp""","=""4400""","=""0""","=""3""","=""Low""","=""false"""
"=""soi cầu 3 miền 666""","=""4400""","=""0""","=""5""","=""Low""","=""false"""
"=""soi cầu dự đoán miền bắc""","=""4400""","=""0""","=""6""","=""Low""","=""false"""
"=""soi cầu hôm nay""","=""4400""","=""0""","=""4""","=""Low""","=""false"""
"=""soi cầu miền nam vip""","=""4400""","=""0""","=""5""","=""Low""","=""false"""
"=""soi cầu mn 2888 an 95""","=""4400""","=""0""","=""6""","=""Low""","=""false"""
"=""soi cầu vip""","=""4400""","=""0""","=""3""","=""Low""","=""false"""
"=""soi cầu vip mb""","=""4400""","=""0""","=""4""","=""Low""","=""false"""
"=""số kiến thiết hôm nay""","=""4400""","=""0""","=""5""","=""Low""","=""false"""
"=""số so minh ngoc""","=""4400""","=""0""","=""4""","=""Low""","=""true"""
"=""số số kiến thiết hôm nay""","=""4400""","=""0""","=""6""","=""Low""","=""false"""
"=""sổ ketqua net""","=""4400""","=""0""","=""3""","=""Low""","=""false"""
"=""sỗ mien bac""","=""4400""","=""0""","=""3""","=""Low""","=""false"""
"=""tk kqxsmb""","=""4400""","=""0""","=""2""","=""Low""","=""false"""
"=""tkgdbmb""","=""4400""","=""0""","=""1""","=""Low""","=""false"""
"=""truc tiep xs mien nam""","=""4400""","=""0""","=""5""","=""Low""","=""false"""
"=""truc tiep xs mien trung""","=""4400""","=""0""","=""5""","=""Low""","=""false"""
"=""tuong thuat xsmb""","=""4400""","=""0""","=""3""","=""Low""","=""false"""
"=""xo mn""","=""4400""","=""0""","=""2""","=""Low""","=""false"""
"=""xoso miền bắc""","=""4400""","=""0""","=""3""","=""Low""","=""false"""
"=""xoso3mien""","=""4400""","=""0""","=""1""","=""Low""","=""false"""
"=""xosominhngoc mienbac""","=""4400""","=""0""","=""2""","=""Low""","=""false"""
"=""xs hom nay minh ngoc""","=""4400""","=""0""","=""5""","=""Low""","=""false"""
"=""xs mt thu 5""","=""4400""","=""0""","=""4""","=""Low""","=""false"""
"=""xs nam dinh""","=""4400""","=""0""","=""3""","=""Low""","=""false"""
"=""xs qbinh""","=""4400""","=""0""","=""2""","=""Low""","=""false"""
"=""xs t7""","=""4400""","=""0""","=""2""","=""Low""","=""false"""
"=""xs thu nam""","=""4400""","=""0""","=""3""","=""Low""","=""false"""
"=""xs thu sau""","=""4400""","=""0""","=""3""","=""Low""","=""false"""
"=""xs655""","=""4400""","=""0""","=""1""","=""Low""","=""false"""
"=""xs888""","=""4400""","=""1.45""","=""1""","=""Low""","=""false"""
"=""xsbdi 30""","=""4400""","=""0""","=""2""","=""Low""","=""false"""
"=""xskt da nang""","=""4400""","=""0""","=""3""","=""Low""","=""false"""
"=""xskt khánh hoà hôm nay""","=""4400""","=""0""","=""5""","=""Low""","=""false"""
"=""xskt đà nẵng hôm nay""","=""4400""","=""0""","=""5""","=""Low""","=""false"""
"=""xsmb 120 ngày""","=""4400""","=""0""","=""3""","=""Low""","=""false"""
"=""xsmb 24h""","=""4400""","=""0""","=""2""","=""Low""","=""true"""
"=""xsmb hôm nay miền bắc""","=""4400""","=""0""","=""5""","=""Low""","=""false"""
"=""xsmb miền nam""","=""4400""","=""0""","=""3""","=""Low""","=""false"""
"=""xsmb phuong trang""","=""4400""","=""0""","=""3""","=""Low""","=""false"""
"=""xsmb thu 2 minh ngoc""","=""4400""","=""0""","=""5""","=""Low""","=""false"""
"=""xsmb thu 4 minh ngoc""","=""4400""","=""0""","=""5""","=""Low""","=""false"""
"=""xsmb thu 5 minh ngoc""","=""4400""","=""0""","=""5""","=""Low""","=""false"""
"=""xsmb thu 6 minh ngoc""","=""4400""","=""0""","=""5""","=""Low""","=""false"""
"=""xsmb truc tiep hom nay""","=""4400""","=""0""","=""5""","=""Low""","=""false"""
"=""xsmb30n""","=""4400""","=""0""","=""1""","=""Low""","=""false"""
"=""xsmn ngày hôm nay""","=""4400""","=""0""","=""4""","=""Low""","=""false"""
"=""xsmn truc tiep hom nay""","=""4400""","=""0""","=""5""","=""Low""","=""false"""
"=""đài bắc hôm nay""","=""4400""","=""0""","=""4""","=""Low""","=""false"""
"=""đề khan""","=""4400""","=""0""","=""2""","=""Low""","=""false"""
"=""đề miền bắc hôm nay""","=""4400""","=""0""","=""5""","=""Low""","=""false"""
"=""soi cau kubet""","=""3600""","=""0""","=""3""","=""Low""","=""false"""
"=""xs nam""","=""3600""","=""0""","=""2""","=""Low""","=""false"""
"=""xs hang ngay""","=""3600""","=""0""","=""3""","=""Low""","=""true"""
"=""xs chieu nay""","=""3600""","=""0""","=""3""","=""Low""","=""false"""
"=""a trung rồi""","=""3600""","=""0""","=""3""","=""Low""","=""false"""
"=""atrungroi mn""","=""3600""","=""0""","=""2""","=""Low""","=""false"""
"=""ba miền""","=""3600""","=""0""","=""2""","=""Low""","=""false"""
"=""cau mb hom nay""","=""3600""","=""0""","=""4""","=""Low""","=""false"""
"=""cầu lô đẹp""","=""3600""","=""0""","=""3""","=""Low""","=""false"""
"=""du doan so xo""","=""3600""","=""0""","=""4""","=""Low""","=""false"""
"=""du doan xs ba mien""","=""3600""","=""0""","=""5""","=""Low""","=""false"""
"=""du doan xs mien nam""","=""3600""","=""0""","=""5""","=""Low""","=""false"""
"=""du doan xs mien trung""","=""3600""","=""0""","=""5""","=""Low""","=""false"""
"=""du doan xs than tai mb""","=""3600""","=""0""","=""6""","=""Low""","=""false"""
"=""dàn 36 số""","=""3600""","=""0""","=""3""","=""Low""","=""false"""
"=""dự đoán xsbd""","=""3600""","=""0""","=""3""","=""Low""","=""false"""
"=""http xoso me xsmb""","=""3600""","=""0""","=""4""","=""Low""","=""false"""
"=""ket so xo mien bac""","=""3600""","=""0""","=""5""","=""Low""","=""true"""
"=""ketqua24h""","=""3600""","=""0""","=""1""","=""Low""","=""false"""
"=""kq30ngay""","=""3600""","=""0""","=""1""","=""Low""","=""false"""
"=""kqsx mien nam""","=""3600""","=""0""","=""3""","=""Low""","=""false"""
"=""kqxs 100""","=""3600""","=""0""","=""2""","=""Low""","=""false"""
"=""kqxs keno""","=""3600""","=""0""","=""2""","=""Low""","=""false"""
"=""kqxsmb 60 ngày""","=""3600""","=""0""","=""3""","=""Low""","=""false"""
"=""kqxsmb hôm nay truc tiep""","=""3600""","=""0""","=""5""","=""Low""","=""false"""
"=""kqxsmb ngày hôm nay""","=""3600""","=""0""","=""4""","=""Low""","=""false"""
"=""kết quả xsmb ngày hôm nay""","=""3600""","=""0""","=""6""","=""Low""","=""true"""
"=""lô hôm nay""","=""3600""","=""0""","=""3""","=""Low""","=""false"""
"=""lô khan mb""","=""3600""","=""0""","=""3""","=""Low""","=""false"""
"=""phân tích xsmb""","=""3600""","=""0""","=""3""","=""Low""","=""false"""
"=""quay thử đài miền bắc""","=""3600""","=""0""","=""5""","=""Low""","=""false"""
"=""soi cau 777""","=""3600""","=""0""","=""3""","=""Low""","=""false"""
"=""soi cau mn hom nay""","=""3600""","=""0""","=""5""","=""Low""","=""false"""
"=""soi cau vip""","=""3600""","=""0""","=""3""","=""Low""","=""false"""
"=""soi cau xsmb hom nay""","=""3600""","=""0""","=""5""","=""Low""","=""false"""
"=""soi cầu 777""","=""3600""","=""0""","=""3""","=""Low""","=""false"""
"=""soi cầu 888 plus""","=""3600""","=""0""","=""4""","=""Low""","=""false"""
"=""soi cầu dự đoán miền nam""","=""3600""","=""0""","=""6""","=""Low""","=""false"""
"=""soi cầu lô hôm nay""","=""3600""","=""0""","=""5""","=""Low""","=""false"""
"=""soi cầu xsmb vip""","=""3600""","=""0""","=""4""","=""Low""","=""true"""
"=""soi cầu xsmb win2888 hôm nay""","=""3600""","=""0""","=""6""","=""Low""","=""false"""
"=""soxokienthiet""","=""3600""","=""0""","=""1""","=""Low""","=""false"""
"=""sx30ngay""","=""3600""","=""0""","=""1""","=""Low""","=""false"""
"=""sxqngai""","=""3600""","=""0""","=""1""","=""Low""","=""false"""
"=""sô sô miên bac hôm nay""","=""3600""","=""0""","=""6""","=""Low""","=""false"""
"=""số miền bắc lâu ra""","=""3600""","=""0""","=""5""","=""Low""","=""false"""
"=""số đề miền bắc""","=""3600""","=""0""","=""4""","=""Low""","=""false"""
"=""thiết miền nam""","=""3600""","=""0""","=""3""","=""Low""","=""false"""
"=""thống kê xsmn""","=""3600""","=""0""","=""3""","=""Low""","=""false"""
"=""truc tiep xsmb hom nay""","=""3600""","=""0""","=""5""","=""Low""","=""false"""
"=""trực tiếp kết quả miền bắc""","=""3600""","=""0""","=""6""","=""Low""","=""false"""
"=""vé số vietlott""","=""3600""","=""0.31""","=""3""","=""Low""","=""true"""
"=""x0 so mien nam""","=""3600""","=""0""","=""4""","=""Low""","=""false"""
"=""xs 30""","=""3600""","=""1.39""","=""2""","=""Low""","=""false"""
"=""xs minh ngoc new""","=""3600""","=""0""","=""4""","=""Low""","=""false"""
"=""xs minh ngoc truc tiep""","=""3600""","=""0""","=""5""","=""Low""","=""false"""
"=""xs mn thu4""","=""3600""","=""0""","=""3""","=""Low""","=""false"""
"=""xs mt thu 7""","=""3600""","=""0""","=""4""","=""Low""","=""false"""
"=""xs quay thu mn""","=""3600""","=""0""","=""4""","=""Low""","=""false"""
"=""xs t3""","=""3600""","=""0""","=""2""","=""Low""","=""true"""
"=""xs t4""","=""3600""","=""0""","=""2""","=""Low""","=""false"""
"=""xs t5""","=""3600""","=""0""","=""2""","=""Low""","=""false"""
"=""xs thai binh""","=""3600""","=""0""","=""3""","=""Low""","=""false"""
"=""xs thu bay""","=""3600""","=""0""","=""3""","=""Low""","=""false"""
"=""xs thử mb""","=""3600""","=""0""","=""3""","=""Low""","=""false"""
"=""xs truc tiếp""","=""3600""","=""0""","=""3""","=""Low""","=""false"""
"=""xs vũng tàu""","=""3600""","=""0""","=""3""","=""Low""","=""true"""
"=""xs điện toán""","=""3600""","=""0""","=""3""","=""Low""","=""false"""
"=""xs24h""","=""3600""","=""0""","=""1""","=""Low""","=""false"""
"=""xsdnai""","=""3600""","=""0""","=""1""","=""Low""","=""false"""
"=""xsdno""","=""3600""","=""0""","=""1""","=""Low""","=""false"""
"=""xsmb 30 ngày gần đây nhất""","=""3600""","=""0""","=""6""","=""Low""","=""false"""
"=""xsmb 568""","=""3600""","=""0""","=""2""","=""Low""","=""false"""
"=""xsmb 900 ngày""","=""3600""","=""0""","=""3""","=""Low""","=""false"""
"=""xsmb hom nay truc tiep""","=""3600""","=""0""","=""5""","=""Low""","=""false"""
"=""xsmb nam""","=""3600""","=""0""","=""2""","=""Low""","=""false"""
"=""xsmb soi cau""","=""3600""","=""0""","=""3""","=""Low""","=""false"""
"=""xsmb t6 minh ngoc""","=""3600""","=""0""","=""4""","=""Low""","=""false"""
"=""xsmb thu 3 minh ngoc""","=""3600""","=""0""","=""5""","=""Low""","=""false"""
"=""xsmn minh ngoc thu 7""","=""3600""","=""0""","=""5""","=""Low""","=""false"""
"=""xsmn thứ 4 hàng tuần minh ngọc""","=""3600""","=""0""","=""7""","=""Low""","=""false"""
"=""xổ miền nam hôm nay""","=""3600""","=""0""","=""5""","=""Low""","=""false"""
"=""bữa nay""","=""2900""","=""0""","=""2""","=""Low""","=""false"""
"=""ba đài""","=""2900""","=""0""","=""2""","=""Low""","=""false"""
"=""cơ cấu giải thưởng keno""","=""2900""","=""0""","=""5""","=""Low""","=""false"""
"=""cầu miền nam""","=""2900""","=""0""","=""3""","=""Low""","=""false"""
"=""dàn de 20 số""","=""2900""","=""0""","=""4""","=""Low""","=""false"""
"=""dự đoán kết quả miền bắc""","=""2900""","=""0""","=""6""","=""Low""","=""false"""
"=""dự đoán số de hôm nay""","=""2900""","=""0""","=""6""","=""Low""","=""false"""
"=""dự đoán đài miền bắc""","=""2900""","=""0""","=""5""","=""Low""","=""false"""
"=""ketquaxosomientrung""","=""2900""","=""0""","=""1""","=""Low""","=""false"""
"=""kiến thiết miền bắc hôm nay""","=""2900""","=""0""","=""6""","=""Low""","=""false"""
"=""kqxsct""","=""2900""","=""0""","=""1""","=""Low""","=""false"""
"=""kqxsmb thu 3""","=""2900""","=""0""","=""3""","=""Low""","=""false"""
"=""kêt qua xsmb hôm nay""","=""2900""","=""0""","=""5""","=""Low""","=""false"""
"=""kêt quả xsmb hôm qua""","=""2900""","=""0""","=""5""","=""Low""","=""false"""
"=""kết quả số xổ hôm nay""","=""2900""","=""0""","=""6""","=""Low""","=""true"""
"=""kết quả trực tiếp miền bắc""","=""2900""","=""0""","=""6""","=""Low""","=""false"""
"=""kết quả xổ miền bắc""","=""2900""","=""0""","=""5""","=""Low""","=""false"""
"=""quay trực tiếp xsmb""","=""2900""","=""0""","=""4""","=""Low""","=""false"""
"=""s0 x0 mien nam""","=""2900""","=""0""","=""4""","=""Low""","=""false"""
"=""so thu mb""","=""2900""","=""0""","=""3""","=""Low""","=""false"""
"=""so xo 100 ngay""","=""2900""","=""0""","=""4""","=""Low""","=""false"""
"=""so xo kien thiet mien nam""","=""2900""","=""0""","=""6""","=""Low""","=""false"""
"=""so xo miền bắc hôm nay""","=""2900""","=""0""","=""6""","=""Low""","=""false"""
"=""so xo ngay hom nay""","=""2900""","=""0""","=""5""","=""Low""","=""false"""
"=""so xo truc tiep mien bac""","=""2900""","=""0""","=""6""","=""Low""","=""false"""
"=""soi cau 24h""","=""2900""","=""0""","=""3""","=""Low""","=""false"""
"=""soi cau mb 888""","=""2900""","=""0""","=""4""","=""Low""","=""false"""
"=""soi cầu mb vip""","=""2900""","=""0""","=""4""","=""Low""","=""false"""
"=""soi cầu vip miền bắc""","=""2900""","=""0""","=""5""","=""Low""","=""false"""
"=""soxome""","=""2900""","=""0""","=""1""","=""Low""","=""false"""
"=""sxtth""","=""2900""","=""0""","=""1""","=""Low""","=""false"""
"=""sô sô miên bac""","=""2900""","=""0""","=""4""","=""Low""","=""false"""
"=""sô sô miên băc""","=""2900""","=""0""","=""4""","=""Low""","=""false"""
"=""số hôm qua""","=""2900""","=""0""","=""3""","=""Low""","=""false"""
"=""số kết quả giải đặc biệt""","=""2900""","=""0""","=""6""","=""Low""","=""false"""
"=""số miền""","=""2900""","=""0""","=""2""","=""Low""","=""false"""
"=""số miền nam ba đài""","=""2900""","=""0""","=""5""","=""Low""","=""false"""
"=""sổ kết quả 100 ngày""","=""2900""","=""0""","=""5""","=""Low""","=""false"""
"=""sổ xô miên bắc hôm nay trực tiếp""","=""2900""","=""0""","=""8""","=""Low""","=""false"""
"=""thống kê miền nam hôm nay""","=""2900""","=""0""","=""6""","=""Low""","=""false"""
"=""thống kê xsmn minh ngọc""","=""2900""","=""0""","=""5""","=""Low""","=""false"""
"=""thống kê đề miền bắc""","=""2900""","=""0""","=""5""","=""Low""","=""false"""
"=""truc tiep so xo mien trung""","=""2900""","=""0""","=""6""","=""Low""","=""false"""
"=""trực tiếp miền nam hôm nay""","=""2900""","=""0""","=""6""","=""Low""","=""false"""
"=""tần số lô tô""","=""2900""","=""0""","=""4""","=""Low""","=""false"""
"=""vietlott 3d""","=""2900""","=""0.72""","=""2""","=""Low""","=""false"""
"=""vietlott hom nay""","=""2900""","=""0""","=""3""","=""Low""","=""false"""
"=""win2888asia""","=""2900""","=""0""","=""1""","=""Low""","=""false"""
"=""xosomiennam minhngoc""","=""2900""","=""0""","=""2""","=""Low""","=""false"""
"=""xs ba đài hôm nay""","=""2900""","=""0""","=""5""","=""Low""","=""false"""
"=""xs brvt""","=""2900""","=""0""","=""2""","=""Low""","=""false"""
"=""xs net""","=""2900""","=""0""","=""2""","=""Low""","=""true"""
"=""xs ngày hôm nay""","=""2900""","=""0""","=""4""","=""Low""","=""false"""
"=""xs thinh nam""","=""2900""","=""0""","=""3""","=""Low""","=""false"""
"=""xs thu mb""","=""2900""","=""0""","=""3""","=""Low""","=""false"""
"=""xs truc tiep hom nay""","=""2900""","=""0""","=""5""","=""Low""","=""false"""
"=""xs3m hom nay""","=""2900""","=""0""","=""3""","=""Low""","=""false"""
"=""xskt kien giang""","=""2900""","=""0""","=""3""","=""Low""","=""false"""
"=""xsmb 30 ngày gần nhất minh ngọc""","=""2900""","=""0""","=""7""","=""Low""","=""false"""
"=""xsmb ngay hom nay""","=""2900""","=""0""","=""4""","=""Low""","=""false"""
"=""xsmb soi cầu""","=""2900""","=""0""","=""3""","=""Low""","=""false"""
"=""xsmn quay thu hom nay""","=""2900""","=""0""","=""5""","=""Low""","=""false"""
"=""đánh lô online""","=""2400""","=""1.84""","=""3""","=""Low""","=""false"""
"=""du doan mn than tai""","=""2400""","=""0""","=""5""","=""Low""","=""false"""
"=""xs mn mn""","=""2400""","=""0""","=""3""","=""Low""","=""false"""
"=""xs 3 đài hôm nay""","=""2400""","=""0""","=""5""","=""Low""","=""false"""
"=""4 so vip""","=""2400""","=""0""","=""3""","=""Low""","=""false"""
"=""5 số giải đặc biệt""","=""2400""","=""0""","=""5""","=""Low""","=""false"""
"=""cầu số miền nam""","=""2400""","=""0""","=""4""","=""Low""","=""false"""
"=""du doan trung thuong""","=""2400""","=""0""","=""4""","=""Low""","=""false"""
"=""dudoanxoso""","=""2400""","=""0""","=""1""","=""Low""","=""false"""
"=""dự doan xsmb""","=""2400""","=""0""","=""3""","=""Low""","=""false"""
"=""dự đoán kết quả""","=""2400""","=""0""","=""4""","=""Low""","=""true"""
"=""ket qua so xo 100 ngay""","=""2400""","=""0""","=""6""","=""Low""","=""false"""
"=""ketqua1 net 30 ngay""","=""2400""","=""0""","=""4""","=""Low""","=""false"""
"=""kết quả xsmt hôm nay""","=""2400""","=""0""","=""5""","=""Low""","=""false"""
"=""kết quả đề""","=""2400""","=""0""","=""3""","=""Low""","=""true"""
"=""miền bắc 100 ngày""","=""2400""","=""0""","=""4""","=""Low""","=""false"""
"=""miền nam ba đài""","=""2400""","=""0""","=""4""","=""Low""","=""false"""
"=""s0 x0 mien bac""","=""2400""","=""0""","=""4""","=""Low""","=""false"""
"=""so ketqua""","=""2400""","=""0""","=""2""","=""Low""","=""false"""
"=""soi cau 366""","=""2400""","=""0""","=""3""","=""Low""","=""false"""
"=""soi cau du doan xsmb""","=""2400""","=""0""","=""5""","=""Low""","=""false"""
"=""soi cau mien bac hom nay""","=""2400""","=""0""","=""6""","=""Low""","=""false"""
"=""soi cầu vip 1""","=""2400""","=""0""","=""4""","=""Low""","=""false"""
"=""soi cầu vip miền nam""","=""2400""","=""0""","=""5""","=""Low""","=""false"""
"=""soi cầu win288""","=""2400""","=""0""","=""3""","=""Low""","=""false"""
"=""sxstr""","=""2400""","=""0""","=""1""","=""Low""","=""false"""
"=""số kiến thiết""","=""2400""","=""0""","=""3""","=""Low""","=""false"""
"=""số kiến thiết miền bắc hôm nay""","=""2400""","=""0""","=""7""","=""Low""","=""false"""
"=""số kiến thiết miền nam hôm nay""","=""2400""","=""0""","=""7""","=""Low""","=""false"""
"=""số miền nam trực tiếp""","=""2400""","=""0""","=""5""","=""Low""","=""false"""
"=""số số kiến thiết miền bắc hôm nay""","=""2400""","=""0""","=""8""","=""Low""","=""false"""
"=""số thủ đô""","=""2400""","=""0""","=""3""","=""Low""","=""false"""
"=""tham khảo miền bắc hôm nay""","=""2400""","=""0""","=""6""","=""Low""","=""false"""
"=""tiếp miền nam""","=""2400""","=""0""","=""3""","=""Low""","=""false"""
"=""trực tiếp kqxsmb hôm nay""","=""2400""","=""0""","=""5""","=""Low""","=""false"""
"=""trực tiếp miền bắc hôm nay""","=""2400""","=""0""","=""6""","=""Low""","=""false"""
"=""x0 s0 mien bac""","=""2400""","=""0""","=""4""","=""Low""","=""false"""
"=""xs bình thuận hôm nay""","=""2400""","=""0""","=""5""","=""Low""","=""false"""
"=""xs mien nam thu 4""","=""2400""","=""0""","=""5""","=""Low""","=""false"""
"=""xs minh ngoc thu 4""","=""2400""","=""0""","=""5""","=""Low""","=""false"""
"=""xs minh ngoc thu 6""","=""2400""","=""0""","=""5""","=""Low""","=""false"""
"=""xs ngay hom nay""","=""2400""","=""0""","=""4""","=""Low""","=""false"""
"=""xs đài bắc hôm nay""","=""2400""","=""0""","=""5""","=""Low""","=""false"""
"=""xs3đai hôm nay""","=""2400""","=""0""","=""3""","=""Low""","=""false"""
"=""xsmb p1""","=""2400""","=""0""","=""2""","=""Low""","=""false"""
"=""xsmn hang ngay minh ngoc""","=""2400""","=""0""","=""5""","=""Low""","=""false"""
"=""xsmn trong thang""","=""2400""","=""0""","=""3""","=""Low""","=""false"""
"=""xstninh""","=""2400""","=""0""","=""1""","=""Low""","=""false"""
"=""xo hom nay""","=""1900""","=""0""","=""3""","=""Low""","=""false"""
"=""cầu đề hôm nay""","=""1900""","=""0""","=""4""","=""Low""","=""false"""
"=""du doan xs3m""","=""1900""","=""0""","=""3""","=""Low""","=""false"""
"=""du doan xsmb me""","=""1900""","=""0""","=""4""","=""Low""","=""false"""
"=""du doan xsmn minh ngoc""","=""1900""","=""0""","=""5""","=""Low""","=""false"""
"=""dàn de 20 số hôm nay""","=""1900""","=""0""","=""6""","=""Low""","=""false"""
"=""dự doán xsmb""","=""1900""","=""0""","=""3""","=""Low""","=""false"""
"=""dự đoán soi cầu miền bắc hôm nay""","=""1900""","=""0""","=""8""","=""Low""","=""false"""
"=""dự đoán xsmb 888""","=""1900""","=""0""","=""4""","=""Low""","=""false"""
"=""ket qua sỗ mien bac hom nay""","=""1900""","=""0""","=""7""","=""Low""","=""false"""
"=""ketqua2 net""","=""1900""","=""0""","=""2""","=""Low""","=""false"""
"=""kqxsmb thu 6""","=""1900""","=""0""","=""3""","=""Low""","=""false"""
"=""kêt qua""","=""1900""","=""0""","=""2""","=""Low""","=""true"""
"=""kết quả vé số""","=""1900""","=""0""","=""4""","=""Low""","=""true"""
"=""kết quả đề hôm nay""","=""1900""","=""0""","=""5""","=""Low""","=""false"""
"=""lô gan cực đại""","=""1900""","=""0""","=""4""","=""Low""","=""false"""
"=""lô kép miền bắc""","=""1900""","=""0""","=""4""","=""Low""","=""false"""
"=""miền bắc trực tiếp""","=""1900""","=""0""","=""4""","=""Low""","=""false"""
"=""miền nam trực tiếp""","=""1900""","=""0""","=""4""","=""Low""","=""false"""
"=""phan tich xsmn""","=""1900""","=""0""","=""3""","=""Low""","=""false"""
"=""quay thử xs gia lai""","=""1900""","=""0""","=""5""","=""Low""","=""false"""
"=""so xo mien namhom nay""","=""1900""","=""0""","=""5""","=""Low""","=""false"""
"=""soi cầu miền bắc 888""","=""1900""","=""0""","=""5""","=""Low""","=""true"""
"=""soi cầu miễn phí miền bắc""","=""1900""","=""0""","=""6""","=""Low""","=""false"""
"=""soi cầu đề""","=""1900""","=""0""","=""3""","=""Low""","=""false"""
"=""số miền bắc trực tiếp""","=""1900""","=""0""","=""5""","=""Low""","=""false"""
"=""số trực tiếp miền nam""","=""1900""","=""0""","=""5""","=""Low""","=""false"""
"=""thong ke mien bac""","=""1900""","=""0""","=""4""","=""Low""","=""false"""
"=""thong ke xsmt""","=""1900""","=""0""","=""3""","=""Low""","=""false"""
"=""thống kê miền bắc hôm nay""","=""1900""","=""0""","=""6""","=""Low""","=""false"""
"=""truc tiep xsmn hom nay""","=""1900""","=""0""","=""5""","=""Low""","=""false"""
"=""xs 3 mien hom nay""","=""1900""","=""0""","=""5""","=""Low""","=""false"""
"=""xs hà nội hôm nay""","=""1900""","=""0""","=""5""","=""Low""","=""true"""
"=""xs kien thiet""","=""1900""","=""0""","=""3""","=""Low""","=""false"""
"=""xs mien nam chu nhat""","=""1900""","=""0""","=""5""","=""Low""","=""false"""
"=""xs minh ngoc chu nhat""","=""1900""","=""0""","=""5""","=""Low""","=""false"""
"=""xs q nam""","=""1900""","=""0""","=""3""","=""Low""","=""true"""
"=""xsdalat""","=""1900""","=""0""","=""1""","=""Low""","=""false"""
"=""xsmb cau thang""","=""1900""","=""0""","=""3""","=""Low""","=""false"""
"=""xstd truc tiep""","=""1900""","=""0""","=""3""","=""Low""","=""false"""
"=""ketqua1net""","=""1600""","=""0""","=""1""","=""Low""","=""false"""
"=""sô xô thu đô""","=""1600""","=""0""","=""4""","=""Low""","=""false"""
"=""xs90ngay""","=""1600""","=""0""","=""1""","=""Low""","=""false"""
"=""cau 3 mien""","=""1600""","=""0""","=""3""","=""Low""","=""false"""
"=""cầu số miền bắc""","=""1600""","=""0""","=""4""","=""Low""","=""false"""
"=""dàn de 20 số vip""","=""1600""","=""0""","=""5""","=""Low""","=""true"""
"=""dàn lô 6 số""","=""1600""","=""0""","=""4""","=""Low""","=""false"""
"=""dự đoán cầu lô""","=""1600""","=""0""","=""4""","=""Low""","=""false"""
"=""ket qua so xo mien trung hom nay""","=""1600""","=""0""","=""8""","=""Low""","=""false"""
"=""ket qua ve so""","=""1600""","=""0""","=""4""","=""Low""","=""false"""
"=""kqxsmb 30 ngày gần đây nhất""","=""1600""","=""0""","=""6""","=""Low""","=""false"""
"=""kqxsmb 30 ngày tra cứu""","=""1600""","=""0""","=""5""","=""Low""","=""false"""
"=""kết quả sô xô miên bắc hôm nay""","=""1600""","=""0""","=""8""","=""Low""","=""false"""
"=""kết quả số xổ""","=""1600""","=""0""","=""4""","=""Low""","=""false"""
"=""phan tich xsmt""","=""1600""","=""0""","=""3""","=""Low""","=""false"""
"=""quay thử xs đà nẵng""","=""1600""","=""0""","=""5""","=""Low""","=""false"""
"=""so xo mien bac truc tiep""","=""1600""","=""0""","=""6""","=""Low""","=""false"""
"=""soi cau24h""","=""1600""","=""0""","=""2""","=""Low""","=""false"""
"=""soi cầu 288""","=""1600""","=""1.15""","=""3""","=""Low""","=""false"""
"=""soi cầu 368""","=""1600""","=""0""","=""3""","=""Low""","=""false"""
"=""soi cầu 6666""","=""1600""","=""0""","=""3""","=""Low""","=""false"""
"=""soi cầu chính xác 100""","=""1600""","=""0""","=""5""","=""Low""","=""false"""
"=""soi cầu online""","=""1600""","=""0""","=""3""","=""Low""","=""false"""
"=""soi cầu đặc biệt""","=""1600""","=""0""","=""4""","=""Low""","=""false"""
"=""soi cầu đề hôm nay""","=""1600""","=""0""","=""5""","=""Low""","=""false"""
"=""soi lô miền bắc""","=""1600""","=""0""","=""4""","=""Low""","=""false"""
"=""sx dl""","=""1600""","=""0""","=""2""","=""Low""","=""false"""
"=""thông ke xsmb""","=""1600""","=""0""","=""3""","=""Low""","=""false"""
"=""tuần rồi""","=""1600""","=""0""","=""2""","=""Low""","=""false"""
"=""vietluck""","=""1600""","=""0""","=""1""","=""Low""","=""false"""
"=""xscmau""","=""1600""","=""0""","=""1""","=""Low""","=""false"""
"=""xsmb số miền bắc""","=""1600""","=""0""","=""4""","=""Low""","=""false"""
"=""xsmn hôm nay trực tiếp minh ngọc""","=""1600""","=""0""","=""7""","=""Low""","=""false"""
"=""xsmn tuần trước""","=""1600""","=""0""","=""3""","=""Low""","=""false"""
"=""xstt3m""","=""1600""","=""0""","=""1""","=""Low""","=""true"""
"=""cau vip mb""","=""1300""","=""0""","=""3""","=""Low""","=""false"""
"=""du doan xsmt hom nay""","=""1300""","=""0""","=""5""","=""Low""","=""false"""
"=""dự đoán số đề hôm nay""","=""1300""","=""0""","=""6""","=""Low""","=""false"""
"=""so ket qua 100""","=""1300""","=""0""","=""4""","=""Low""","=""false"""
"=""soi cau 2888""","=""1300""","=""0""","=""3""","=""Low""","=""false"""
"=""soi cau xsmn hom nay""","=""1300""","=""0""","=""5""","=""Low""","=""false"""
"=""soi cầu 4 số vip 247""","=""1300""","=""0""","=""6""","=""Low""","=""false"""
"=""soi cầu miền nam chính xác nhất""","=""1300""","=""0""","=""7""","=""Low""","=""false"""
"=""soi cầu đại phát""","=""1300""","=""0""","=""4""","=""Low""","=""false"""
"=""sx glai""","=""1300""","=""0""","=""2""","=""Low""","=""false"""
"=""sxbphuoc""","=""1300""","=""0""","=""1""","=""Low""","=""false"""
"=""sxbthuan""","=""1300""","=""0""","=""1""","=""Low""","=""false"""
"=""số nóng xsmb""","=""1300""","=""0""","=""3""","=""Low""","=""false"""
"=""sổ kqxsmb""","=""1300""","=""0""","=""2""","=""Low""","=""false"""
"=""thiết miền bắc""","=""1300""","=""0""","=""3""","=""Low""","=""false"""
"=""vip mb""","=""1300""","=""0""","=""2""","=""Low""","=""false"""
"=""xs du doan mn""","=""1300""","=""0""","=""4""","=""Low""","=""false"""
"=""xs p yen""","=""1300""","=""0""","=""3""","=""Low""","=""false"""
"=""xsmb mot thang""","=""1300""","=""0""","=""3""","=""Low""","=""false"""
"=""xsmn xo thu""","=""1300""","=""0""","=""3""","=""Low""","=""false"""
"=""cau 666""","=""1000""","=""0""","=""2""","=""Low""","=""false"""
"=""cầu 666""","=""1000""","=""0""","=""2""","=""Low""","=""false"""
"=""minhngoc 24""","=""1000""","=""0""","=""2""","=""Low""","=""false"""
"=""quay thu xsmt hom nay""","=""1000""","=""0""","=""5""","=""Low""","=""false"""
"=""quay thử xsmb rongbachkim""","=""1000""","=""0""","=""4""","=""Low""","=""false"""
"=""so xo 90 ngay""","=""1000""","=""0""","=""4""","=""Low""","=""false"""
"=""soi 247""","=""1000""","=""0""","=""2""","=""Low""","=""true"""
"=""soi cau so xo""","=""1000""","=""0""","=""4""","=""Low""","=""false"""
"=""soi cau win2888""","=""1000""","=""0""","=""3""","=""Low""","=""false"""
"=""soi cầu 9999""","=""1000""","=""0""","=""3""","=""Low""","=""false"""
"=""soi cầu dự đoán xsmb chính xác 100 vip""","=""1000""","=""0""","=""9""","=""Low""","=""false"""
"=""soi cầu miền""","=""1000""","=""0""","=""3""","=""Low""","=""false"""
"=""soi cầu xsmb chính xác 100""","=""1000""","=""0""","=""6""","=""Low""","=""false"""
"=""soi lô hôm nay""","=""1000""","=""0""","=""4""","=""Low""","=""true"""
"=""số trực tiếp hôm nay""","=""1000""","=""0""","=""5""","=""Low""","=""false"""
"=""số trực tiếp miền bắc""","=""1000""","=""0""","=""5""","=""Low""","=""false"""
"=""sổ kết quả 200 ngày""","=""1000""","=""0""","=""5""","=""Low""","=""false"""
"=""trang kết quả xsmb""","=""1000""","=""0""","=""4""","=""Low""","=""false"""
"=""xoso nam net""","=""1000""","=""0""","=""3""","=""Low""","=""true"""
"=""xs du doan mb""","=""1000""","=""0""","=""4""","=""Low""","=""false"""
"=""xsmb 3000 ngày""","=""1000""","=""0""","=""3""","=""Low""","=""true"""
"=""xsmb 888""","=""1000""","=""4.06""","=""2""","=""Low""","=""false"""
"=""xsmn hom nay truc tiep""","=""1000""","=""0""","=""5""","=""Low""","=""false"""
"=""xsmnminhngoc""","=""1000""","=""0""","=""1""","=""Low""","=""false"""
"=""xsmt thứ""","=""1000""","=""0""","=""2""","=""Low""","=""false"""
"=""tra số sổ bhxh""","=""1000""","=""0.05""","=""4""","=""Low""","=""false"""
"=""xsmn me soi""","=""880""","=""0""","=""3""","=""Low""","=""true"""
"=""cau 24h""","=""880""","=""0""","=""2""","=""Low""","=""false"""
"=""dàn 36 số bất bại""","=""880""","=""0""","=""5""","=""Low""","=""false"""
"=""ketquade1 net""","=""880""","=""0""","=""2""","=""Low""","=""false"""
"=""kqxsmb thu 4""","=""880""","=""0""","=""3""","=""Low""","=""false"""
"=""kqxsmb thu 5""","=""880""","=""0""","=""3""","=""Low""","=""false"""
"=""minh ngoc 24h""","=""880""","=""0""","=""3""","=""Low""","=""false"""
"=""quay thu xs da nang""","=""880""","=""0""","=""5""","=""Low""","=""false"""
"=""quay thử miền""","=""880""","=""0""","=""3""","=""Low""","=""false"""
"=""soi cầu 247 666""","=""880""","=""0""","=""4""","=""Low""","=""false"""
"=""soi cầu lô de chuẩn""","=""880""","=""0""","=""5""","=""Low""","=""false"""
"=""số nóng miền bắc""","=""880""","=""0""","=""4""","=""Low""","=""false"""
"=""thống kê xsmb hôm nay""","=""880""","=""0""","=""5""","=""Low""","=""false"""
"=""xo me""","=""880""","=""0""","=""2""","=""Low""","=""false"""
"=""xs hom nay mb""","=""880""","=""0""","=""4""","=""Low""","=""false"""
"=""xs la""","=""880""","=""0""","=""2""","=""Low""","=""false"""
"=""xs net mb""","=""880""","=""0""","=""3""","=""Low""","=""false"""
"=""dan 36 số""","=""720""","=""0""","=""3""","=""Low""","=""true"""
"=""dự đoán xsmn thần tài vip hôm nay""","=""720""","=""0""","=""8""","=""Low""","=""true"""
"=""soi cau 3 cang mb""","=""720""","=""0""","=""5""","=""Low""","=""false"""
"=""soi cầu kép""","=""720""","=""0""","=""3""","=""Low""","=""false"""
"=""soi cầu miền bắc vip""","=""720""","=""0""","=""5""","=""Low""","=""false"""
"=""soicau366""","=""720""","=""0""","=""1""","=""Low""","=""false"""
"=""sổ mơ 888""","=""720""","=""0""","=""3""","=""Low""","=""false"""
"=""xs hôm nay mb""","=""720""","=""0""","=""4""","=""Low""","=""false"""
"=""xs me mb""","=""720""","=""0""","=""3""","=""Low""","=""false"""
"=""xs thien phu""","=""720""","=""0""","=""3""","=""Low""","=""false"""
"=""xsmb 2022""","=""720""","=""0""","=""2""","=""Low""","=""false"""
"=""xổ xoso me""","=""720""","=""0""","=""3""","=""Low""","=""true"""
"=""số sổ bhxh""","=""720""","=""0.02""","=""3""","=""Low""","=""false"""
"=""cau 366""","=""590""","=""0""","=""2""","=""Low""","=""false"""
"=""dàn de 20 số mỗi ngày""","=""590""","=""0""","=""6""","=""Low""","=""false"""
"=""dự đoán xsmb 2888""","=""590""","=""0""","=""4""","=""Low""","=""false"""
"=""dự đoán xsmn minh ngọc hôm nay""","=""590""","=""0""","=""7""","=""Low""","=""true"""
"=""dự đoán xsmn trúng rồi""","=""590""","=""0""","=""5""","=""Low""","=""false"""
"=""dự đoán đề hôm nay""","=""590""","=""0""","=""5""","=""Low""","=""true"""
"=""ketquaveso com""","=""590""","=""0""","=""2""","=""Low""","=""false"""
"=""quay thử xsmb xskt""","=""590""","=""0""","=""4""","=""Low""","=""true"""
"=""soi cầu mb giải mã""","=""590""","=""0""","=""5""","=""Low""","=""false"""
"=""soi cầu xsmb 666""","=""590""","=""0""","=""4""","=""Low""","=""false"""
"=""soi đề hôm nay""","=""590""","=""0""","=""4""","=""Low""","=""false"""
"=""sổ kết quả giải đặc biệt""","=""590""","=""0""","=""6""","=""Low""","=""false"""
"=""tk xsmb hom nay""","=""590""","=""0""","=""4""","=""Low""","=""false"""
"=""xosothantai com""","=""590""","=""0""","=""2""","=""Low""","=""false"""
"=""xosothantai com mien nam""","=""590""","=""0""","=""4""","=""Low""","=""false"""
"=""xs py""","=""590""","=""0""","=""2""","=""Low""","=""false"""
"=""xsmb tuần trước""","=""590""","=""0""","=""3""","=""Low""","=""false"""
"=""xổ xoso net miền bắc""","=""590""","=""0""","=""5""","=""Low""","=""false"""
"=""quay thử thần tài miền bắc""","=""480""","=""0""","=""6""","=""Low""","=""false"""
"=""du doan xs trung thuong""","=""480""","=""0""","=""5""","=""Low""","=""false"""
"=""dự đoán 24h""","=""480""","=""0""","=""3""","=""Low""","=""false"""
"=""giải mã số học miền nam""","=""480""","=""0""","=""6""","=""Low""","=""false"""
"=""kết quả so xo mien bac hôm nay""","=""480""","=""0""","=""8""","=""Low""","=""true"""
"=""soi cau 3s""","=""480""","=""0""","=""3""","=""Low""","=""false"""
"=""soi cầu đặc biệt ngày mai""","=""480""","=""0""","=""6""","=""Low""","=""true"""
"=""xs qng""","=""480""","=""0""","=""2""","=""Low""","=""false"""
"=""xs vĩnh lông hôm nay""","=""480""","=""0""","=""5""","=""Low""","=""false"""
"=""xsmb trực tiếp 30""","=""480""","=""0""","=""4""","=""Low""","=""false"""
"=""soi cầu plus""","=""390""","=""0""","=""3""","=""Low""","=""false"""
"=""soi cầu xsmb miễn phí ngày hôm nay trực tiếp""","=""390""","=""0""","=""10""","=""Low""","=""false"""
"=""xsmb 666""","=""390""","=""0""","=""2""","=""Low""","=""false"""
"=""xsmt hom nay truc tiep""","=""390""","=""0""","=""5""","=""Low""","=""false"""
"=""trang đánh lô de online uy tín""","=""320""","=""0""","=""7""","=""Low""","=""false"""
"=""ketqua2net""","=""320""","=""0""","=""1""","=""Low""","=""false"""
"=""kqxsmb 30 ngày gần nhất minh ngọc""","=""320""","=""0""","=""7""","=""Low""","=""false"""
"=""soi cau 188""","=""320""","=""0""","=""3""","=""Low""","=""false"""
"=""soi cau xsmb mien phi ngay hom nay""","=""320""","=""0""","=""8""","=""Low""","=""false"""
"=""soi cầu 188""","=""320""","=""0""","=""3""","=""Low""","=""false"""
"=""soi cầu 6868""","=""320""","=""0""","=""3""","=""Low""","=""false"""
"=""soi cầu online 3 miền""","=""320""","=""0""","=""5""","=""Low""","=""false"""
"=""soi cầu mb kubet""","=""260""","=""0""","=""4""","=""Low""","=""false"""
"=""xs hnay""","=""260""","=""0""","=""2""","=""Low""","=""false"""
"=""kết quả 1 nét miền bắc""","=""260""","=""0""","=""6""","=""Low""","=""false"""
"=""số sổ bhxh là gì""","=""260""","=""0.01""","=""5""","=""Low""","=""false"""
"=""ketqua1 net so ket qua""","=""210""","=""0""","=""5""","=""Low""","=""false"""
"=""ketqua2 net 30 ngay""","=""210""","=""0""","=""4""","=""Low""","=""false"""
"=""quay thử xsmb org 168""","=""210""","=""0""","=""5""","=""Low""","=""false"""
"=""quay thử xổ""","=""210""","=""0""","=""3""","=""Low""","=""false"""
"=""so xo đai phat com""","=""210""","=""0""","=""5""","=""Low""","=""false"""
"=""soi cầu win2888 mb""","=""210""","=""0""","=""4""","=""Low""","=""true"""
"=""xs đại phát hôm nay""","=""210""","=""0""","=""5""","=""Low""","=""false"""
"=""du doan 24g""","=""170""","=""0""","=""3""","=""Low""","=""false"""
"=""giải mã số học xsmb""","=""170""","=""0""","=""5""","=""Low""","=""false"""
"=""soi 666""","=""170""","=""1.35""","=""2""","=""Low""","=""false"""
"=""du đoán xsmb đặc biệt""","=""140""","=""0""","=""5""","=""Low""","=""false"""
"=""so nong xsmb""","=""140""","=""0""","=""3""","=""Low""","=""false"""
"=""xs ag""","=""140""","=""0""","=""2""","=""Low""","=""false"""
"=""ho so minh ngoc""","=""110""","=""0""","=""4""","=""Low""","=""true"""
"=""hôm nay đánh số may""","=""110""","=""0""","=""5""","=""Low""","=""false"""
"=""soi cầu xsmb win2888 cc""","=""110""","=""0""","=""5""","=""Low""","=""false"""
"=""du doan ket qua xsmb toi nay""","=""70""","=""0""","=""7""","=""Low""","=""false"""
"=""dự đoán xsmb đại phát""","=""70""","=""0""","=""5""","=""Low""","=""false"""
"=""soi cầu con số may mắn""","=""70""","=""0""","=""6""","=""Low""","=""false"""
"=""số xổ 24h""","=""70""","=""0""","=""3""","=""Low""","=""false"""
"=""thống kê dự đoán xsmb win2888""","=""70""","=""0""","=""6""","=""Low""","=""false"""
"=""xoso666 com dự đoán xsmb""","=""50""","=""0""","=""5""","=""Low""","=""false"""
"=""cầu đặc biệt khung 3 ngày net 88""","=""50""","=""0""","=""8""","=""Low""","=""false"""
"=""soi cầu đề ngày mai""","=""40""","=""0""","=""5""","=""Low""","=""true"""
"=""xosoketqua com""","=""40""","=""0""","=""2""","=""Low""","=""false"""
"=""dự đoán đại phát""","=""20""","=""0""","=""4""","=""Low""","=""false"""
"=""keno vsmb""","=""10""","=""0""","=""2""","=""Low""","=""false"""
"=""quay thử xosothantai""","=""10""","=""0""","=""3""","=""Low""","=""false"""
"=""soi cau xsmb mien phi ngay hom nay truc tiep""","=""10""","=""0""","=""10""","=""Low""","=""false"""
"=""soi cầu lô kép 24h""","=""10""","=""0""","=""5""","=""Low""","=""false"""
"=""vna24h xs đà nẵng""","=""10""","=""0""","=""4""","=""Low""","=""false"""
"=""xoso trung net""","=""10""","=""0""","=""3""","=""Low""","=""false"""
"=""xsmb vesomienbac""","=""10""","=""0""","=""2""","=""Low""","=""false"""
"=""lô đề miền nam vnloto""","=""0""","=""0""","=""5""","=""Low""","=""false"""
"=""xsmn xosoketqua""","=""0""","=""0""","=""2""","=""Low""","=""false"""
"=""số xổ bhyt""","=""0""","=""0""","=""3""","=""Low""","=""false"""
"=""xem số xổ bhxh""","=""0""","=""0""","=""4""","=""Low""","=""false"""
"=""số xổ úc thứ 7""","=""0""","=""0""","=""5""","=""Low""","=""false"""
