Keyword,Volume,CPC,Word count,PPC Competition,Trending
"=""lịch âm""","=""2740000""","=""0.06""","=""2""","=""Low""","=""false"""
"=""lịch âm hôm nay""","=""1500000""","=""0.01""","=""4""","=""Low""","=""false"""
"=""lich am""","=""450000""","=""0.05""","=""2""","=""Low""","=""false"""
"=""lich am lich""","=""450000""","=""0.05""","=""3""","=""Low""","=""false"""
"=""lịch âm 2026""","=""368000""","=""0.04""","=""3""","=""Low""","=""false"""
"=""lịch âm 2025""","=""246000""","=""0.1""","=""3""","=""Low""","=""false"""
"=""lịch âm dương""","=""110000""","=""0.05""","=""3""","=""Low""","=""false"""
"=""lich am hnay""","=""110000""","=""0.01""","=""3""","=""Low""","=""false"""
"=""lich am hom nay""","=""110000""","=""0.01""","=""4""","=""Low""","=""false"""
"=""lich am hon nay""","=""110000""","=""0.01""","=""4""","=""Low""","=""false"""
"=""lich am hôm nay""","=""110000""","=""0.01""","=""4""","=""Low""","=""false"""
"=""lich âm dương""","=""110000""","=""0.05""","=""3""","=""Low""","=""false"""
"=""lich am duong""","=""33100""","=""0.07""","=""3""","=""Low""","=""false"""
"=""lich am va duong""","=""33100""","=""0.07""","=""4""","=""Low""","=""false"""
"=""lich âm ngày hôm nay""","=""33100""","=""0.01""","=""5""","=""Low""","=""false"""
"=""lịch âm lịch""","=""27100""","=""0.02""","=""3""","=""Low""","=""false"""
"=""lịch âm hôm nay ngày mai""","=""27100""","=""0.04""","=""6""","=""Low""","=""false"""
"=""lich âm dương hôm nay""","=""22200""","=""0.01""","=""5""","=""Low""","=""false"""
"=""lịch âm lịch hôm nay""","=""22200""","=""0.01""","=""5""","=""Low""","=""false"""
"=""lich am ngay mai""","=""18100""","=""0.01""","=""4""","=""Low""","=""false"""
"=""lich âm ngày mai""","=""18100""","=""0.01""","=""4""","=""Low""","=""false"""
"=""lịch âm hôm nay bao nhiều""","=""18100""","=""0.01""","=""6""","=""Low""","=""false"""
"=""lich am thang nay""","=""14800""","=""0.02""","=""4""","=""Low""","=""false"""
"=""lịch âm hôm này là ngày bao nhiều""","=""14800""","=""0.01""","=""8""","=""Low""","=""true"""
"=""lich am homnay""","=""12100""","=""0""","=""3""","=""Low""","=""false"""
"=""lich âm hom nay""","=""12100""","=""0""","=""4""","=""Low""","=""false"""
"=""lịch âm 2024""","=""8100""","=""0""","=""3""","=""Low""","=""false"""
"=""lịch âm hôm nay ngày bao nhiều""","=""8100""","=""0.01""","=""7""","=""Low""","=""false"""
"=""lịch âm ngày 21 8""","=""3600""","=""0""","=""5""","=""Low""","=""false"""
"=""lịch âm tháng 2""","=""3600""","=""0""","=""4""","=""Low""","=""false"""
"=""lịch âm vạn niên""","=""2900""","=""0.03""","=""4""","=""Low""","=""false"""
"=""lịch âm tháng 8""","=""2900""","=""0.01""","=""4""","=""Low""","=""true"""
"=""lich am duong hom nay""","=""2900""","=""0""","=""5""","=""Low""","=""false"""
"=""lich âm duong""","=""2900""","=""0.05""","=""3""","=""Low""","=""false"""
"=""lich âm tháng 10""","=""2900""","=""0""","=""4""","=""Low""","=""false"""
"=""lich âm tháng 11""","=""2900""","=""0""","=""4""","=""Low""","=""false"""
"=""lich âm tháng 12""","=""2900""","=""0""","=""4""","=""Low""","=""false"""
"=""lich âm tháng 7""","=""2900""","=""0.01""","=""4""","=""Low""","=""true"""
"=""lich âm tháng 9""","=""2900""","=""0""","=""4""","=""Low""","=""false"""
"=""lich âm tháng 6""","=""2400""","=""0.01""","=""4""","=""Low""","=""false"""
"=""lịch âm 365""","=""2400""","=""0""","=""3""","=""Low""","=""false"""
"=""lịch âm hôm""","=""2400""","=""0""","=""3""","=""Low""","=""true"""
"=""lịch âm dương 2024""","=""1900""","=""0""","=""4""","=""Low""","=""false"""
"=""lịch âm tháng 3""","=""1900""","=""0""","=""4""","=""Low""","=""false"""
"=""lịch âm 2023""","=""1600""","=""0""","=""3""","=""Low""","=""false"""
"=""lich am ngay hom nay""","=""1600""","=""0""","=""5""","=""Low""","=""false"""
"=""lich âm 2023""","=""1600""","=""0""","=""3""","=""Low""","=""false"""
"=""lịch âm cắt tóc""","=""1600""","=""0""","=""4""","=""Low""","=""true"""
"=""lịch âm ngày mai tốt hay xấu""","=""1600""","=""0""","=""7""","=""Low""","=""false"""
"=""lịch âm năm nay""","=""1600""","=""0""","=""4""","=""Low""","=""false"""
"=""lịch âm tháng 4""","=""1600""","=""0""","=""4""","=""Low""","=""false"""
"=""lịch âm tháng 5""","=""1600""","=""0.01""","=""4""","=""Low""","=""false"""
"=""lịch âm và dương""","=""1600""","=""0.05""","=""4""","=""Low""","=""false"""
"=""lịch âm lịch dương""","=""1300""","=""0.06""","=""4""","=""Low""","=""false"""
"=""lịch âm tháng 1""","=""1300""","=""0""","=""4""","=""Low""","=""false"""
"=""lịch ám""","=""1000""","=""0""","=""2""","=""Low""","=""false"""
"=""lịch âm dương ngày hôm nay""","=""1000""","=""0""","=""6""","=""Low""","=""false"""
"=""lich am 2024""","=""880""","=""0""","=""3""","=""Low""","=""false"""
"=""lịch âm ngày nay""","=""880""","=""0""","=""4""","=""Low""","=""false"""
"=""lịch âm trên iphone""","=""880""","=""0.01""","=""4""","=""Low""","=""false"""
"=""lịch âm 2022""","=""720""","=""0""","=""3""","=""Low""","=""false"""
"=""lịch âm 2016""","=""720""","=""0""","=""3""","=""Low""","=""false"""
"=""lịch âm iphone""","=""720""","=""0.01""","=""3""","=""Low""","=""false"""
"=""lịch âm ngày tốt""","=""720""","=""0""","=""4""","=""Low""","=""false"""
"=""lịch âm năm 2024""","=""720""","=""0""","=""4""","=""Low""","=""false"""
"=""lịch âm 2006""","=""590""","=""0.05""","=""3""","=""Low""","=""false"""
"=""lịch âm hn""","=""590""","=""0""","=""3""","=""Low""","=""false"""
"=""lịch âm hôm nay mấy""","=""590""","=""0""","=""5""","=""Low""","=""false"""
"=""lịch âm tháng""","=""590""","=""0.01""","=""3""","=""Low""","=""false"""
"=""lịch âm và lịch dương""","=""590""","=""0.03""","=""5""","=""Low""","=""false"""
"=""lịch am 2021""","=""480""","=""0""","=""3""","=""Low""","=""false"""
"=""lịch âm 2021""","=""480""","=""0""","=""3""","=""Low""","=""false"""
"=""lịch âm dương tháng này""","=""480""","=""0""","=""5""","=""Low""","=""false"""
"=""lịch âm 2001""","=""390""","=""0""","=""3""","=""Low""","=""false"""
"=""lịch âm 2002""","=""390""","=""0""","=""3""","=""Low""","=""false"""
"=""lịch âm 2003""","=""390""","=""0""","=""3""","=""Low""","=""false"""
"=""lịch âm 2004""","=""390""","=""0""","=""3""","=""Low""","=""false"""
"=""lịch âm 2015""","=""390""","=""0""","=""3""","=""Low""","=""false"""
"=""lịch âm 2020""","=""390""","=""0""","=""3""","=""Low""","=""false"""
"=""lịch âm của ngày hôm nay""","=""390""","=""0""","=""6""","=""Low""","=""false"""
"=""lịch âm ngày đẹp""","=""390""","=""0""","=""4""","=""Low""","=""false"""
"=""lịch âm tháng sau""","=""390""","=""0""","=""4""","=""Low""","=""false"""
"=""lịch âm dương 2023""","=""320""","=""0""","=""4""","=""Low""","=""false"""
"=""lịch âm năm 2023""","=""320""","=""0""","=""4""","=""Low""","=""false"""
"=""lich am lịch""","=""320""","=""0""","=""3""","=""Low""","=""false"""
"=""lich am thang 7""","=""320""","=""0""","=""4""","=""Low""","=""true"""
"=""lich âm dương 2023""","=""320""","=""0""","=""4""","=""Low""","=""false"""
"=""lich âm lịch""","=""320""","=""0""","=""3""","=""Low""","=""false"""
"=""lịch am dương 2023""","=""320""","=""0""","=""4""","=""Low""","=""false"""
"=""lịch âm 1998""","=""320""","=""0""","=""3""","=""Low""","=""false"""
"=""lịch âm 2005""","=""320""","=""0""","=""3""","=""Low""","=""false"""
"=""lịch âm 2007""","=""320""","=""0""","=""3""","=""Low""","=""false"""
"=""lịch âm 24h""","=""320""","=""0""","=""3""","=""Low""","=""false"""
"=""lịch âm dương tháng 10""","=""320""","=""0""","=""5""","=""Low""","=""false"""
"=""lịch âm dương tháng 12""","=""320""","=""0""","=""5""","=""Medium""","=""false"""
"=""lịch âm dương tháng 9""","=""320""","=""0""","=""5""","=""Low""","=""false"""
"=""lịch âm hôm qua""","=""320""","=""0""","=""4""","=""Low""","=""false"""
"=""lịch âm lịch âm""","=""320""","=""0.02""","=""4""","=""Low""","=""false"""
"=""lịch âm ngày""","=""320""","=""0""","=""3""","=""Low""","=""false"""
"=""lịch âm năm 2000""","=""320""","=""0""","=""4""","=""Low""","=""false"""
"=""lịch âm 1997""","=""260""","=""0""","=""3""","=""Low""","=""false"""
"=""lịch âm 1999""","=""260""","=""0""","=""3""","=""Low""","=""false"""
"=""lịch âm 2000""","=""260""","=""0""","=""3""","=""Low""","=""false"""
"=""lịch âm 2008""","=""260""","=""0""","=""3""","=""Low""","=""false"""
"=""lịch âm 2017""","=""260""","=""0""","=""3""","=""Low""","=""false"""
"=""lịch âm 2018""","=""260""","=""0""","=""3""","=""Low""","=""false"""
"=""lịch âm 2019""","=""260""","=""0""","=""3""","=""Low""","=""false"""
"=""lịch âm 2029""","=""260""","=""0""","=""3""","=""Low""","=""false"""
"=""lịch âm 23 9""","=""260""","=""0""","=""4""","=""Low""","=""false"""
"=""lịch âm dương tháng 11""","=""260""","=""0""","=""5""","=""Low""","=""false"""
"=""lịch âm dương tháng 6""","=""260""","=""0""","=""5""","=""Low""","=""false"""
"=""lịch âm dương tháng 7""","=""260""","=""0""","=""5""","=""Low""","=""true"""
"=""lịch âm dương tháng 8""","=""260""","=""0""","=""5""","=""Low""","=""true"""
"=""lịch âm hôm nay tốt hay xấu""","=""260""","=""0""","=""7""","=""Low""","=""false"""
"=""lịch âm lich""","=""260""","=""0""","=""3""","=""Low""","=""false"""
"=""lịch âm lịch ngày hôm nay""","=""260""","=""0""","=""6""","=""Low""","=""false"""
"=""lịch âm năm 2006""","=""260""","=""0""","=""4""","=""Low""","=""false"""
"=""lịch âm sang dương""","=""260""","=""0""","=""4""","=""Low""","=""false"""
"=""lịch âm tháng tư""","=""260""","=""0""","=""4""","=""Low""","=""false"""
"=""lịch âm năm 2022""","=""210""","=""0""","=""4""","=""Low""","=""false"""
"=""lich am thang 10""","=""210""","=""0""","=""4""","=""Low""","=""false"""
"=""lich am thang 8""","=""210""","=""0""","=""4""","=""Low""","=""true"""
"=""lich am thang 9""","=""210""","=""0""","=""4""","=""Low""","=""false"""
"=""lịch âm 19 11""","=""210""","=""0""","=""4""","=""Low""","=""false"""
"=""lịch âm 1993""","=""210""","=""0""","=""3""","=""Low""","=""false"""
"=""lịch âm 1995""","=""210""","=""0""","=""3""","=""Low""","=""false"""
"=""lịch âm 2009""","=""210""","=""0""","=""3""","=""Low""","=""false"""
"=""lịch âm cho iphone""","=""210""","=""0""","=""4""","=""Low""","=""false"""
"=""lịch âm dương 2016""","=""210""","=""0""","=""4""","=""Low""","=""true"""
"=""lịch âm dương tháng 3""","=""210""","=""0""","=""5""","=""Low""","=""false"""
"=""lịch âm dương tháng 5""","=""210""","=""0""","=""5""","=""Low""","=""false"""
"=""lịch âm hôm nay ngày đẹp""","=""210""","=""0""","=""6""","=""Low""","=""false"""
"=""lịch âm năm 1998""","=""210""","=""0""","=""4""","=""Low""","=""false"""
"=""lịch âm năm 1999""","=""210""","=""0""","=""4""","=""Low""","=""false"""
"=""lịch âm năm 2001""","=""210""","=""0""","=""4""","=""Low""","=""false"""
"=""lịch âm online""","=""210""","=""0""","=""3""","=""Low""","=""true"""
"=""lich am hom""","=""170""","=""0""","=""3""","=""Low""","=""false"""
"=""lich am thang 11""","=""170""","=""0""","=""4""","=""Low""","=""false"""
"=""lich am thang 12""","=""170""","=""0""","=""4""","=""Low""","=""false"""
"=""lich am thang 2""","=""170""","=""0""","=""4""","=""Low""","=""false"""
"=""lịch âm 1994""","=""170""","=""0""","=""3""","=""Low""","=""false"""
"=""lịch âm 2012""","=""170""","=""0""","=""3""","=""Low""","=""false"""
"=""lịch âm 2014""","=""170""","=""0""","=""3""","=""Low""","=""false"""
"=""lịch âm 202""","=""170""","=""0""","=""3""","=""Low""","=""false"""
"=""lịch âm có ngày 31 không""","=""170""","=""0""","=""6""","=""Low""","=""false"""
"=""lịch âm dương lịch""","=""170""","=""0""","=""4""","=""Low""","=""true"""
"=""lịch âm dương ngày mai""","=""170""","=""0""","=""5""","=""Low""","=""false"""
"=""lịch âm dương tháng 4""","=""170""","=""0""","=""5""","=""Low""","=""false"""
"=""lịch âm l""","=""170""","=""0""","=""3""","=""Low""","=""false"""
"=""lịch âm mai""","=""170""","=""0""","=""3""","=""Low""","=""true"""
"=""lịch âm năm 1995""","=""170""","=""0""","=""4""","=""Low""","=""false"""
"=""lịch âm năm 1997""","=""170""","=""0""","=""4""","=""Low""","=""false"""
"=""lịch âm năm 2002""","=""170""","=""0""","=""4""","=""Low""","=""false"""
"=""lịch âm năm 2004""","=""170""","=""0""","=""4""","=""Low""","=""false"""
"=""lịch âm năm 2005""","=""170""","=""0""","=""4""","=""Low""","=""false"""
"=""lịch âm năm 2016""","=""170""","=""0""","=""4""","=""Low""","=""false"""
"=""lịch âm dương 2022""","=""140""","=""0""","=""4""","=""Low""","=""false"""
"=""lich am 2023""","=""140""","=""0""","=""3""","=""Low""","=""false"""
"=""lich am hom nay bao nhieu""","=""140""","=""0""","=""6""","=""Low""","=""false"""
"=""lich am lich duong""","=""140""","=""0""","=""4""","=""Low""","=""false"""
"=""lich am lich hom nay""","=""140""","=""0""","=""5""","=""Low""","=""false"""
"=""lich am thang 3""","=""140""","=""0""","=""4""","=""Low""","=""false"""
"=""lich am thang 4""","=""140""","=""0""","=""4""","=""Low""","=""false"""
"=""lich am thang 6""","=""140""","=""0""","=""4""","=""Low""","=""false"""
"=""lịch âm 10 3""","=""140""","=""0""","=""4""","=""Low""","=""false"""
"=""lịch âm 1990""","=""140""","=""0""","=""3""","=""Low""","=""false"""
"=""lịch âm 1991""","=""140""","=""0""","=""3""","=""Low""","=""false"""
"=""lịch âm 1992""","=""140""","=""0""","=""3""","=""Low""","=""false"""
"=""lịch âm 2010""","=""140""","=""0""","=""3""","=""Low""","=""false"""
"=""lịch âm 2011""","=""140""","=""0""","=""3""","=""Low""","=""false"""
"=""lịch âm 2013""","=""140""","=""0""","=""3""","=""Low""","=""false"""
"=""lịch âm dương năm 2000""","=""140""","=""0""","=""5""","=""Low""","=""false"""
"=""lịch âm dương năm 2023""","=""140""","=""0""","=""5""","=""Low""","=""false"""
"=""lịch âm google calendar""","=""140""","=""0.03""","=""4""","=""Low""","=""false"""
"=""lịch âm hôm nay và ngày mai""","=""140""","=""0""","=""7""","=""Low""","=""false"""
"=""lịch âm năm 1990""","=""140""","=""0""","=""4""","=""Low""","=""false"""
"=""lịch âm năm 2003""","=""140""","=""0""","=""4""","=""Low""","=""false"""
"=""lịch âm năm 2015""","=""140""","=""0""","=""4""","=""Low""","=""false"""
"=""lịch âm năm 2020""","=""140""","=""0""","=""4""","=""Low""","=""false"""
"=""lịch âm năm 2021""","=""140""","=""0""","=""4""","=""Low""","=""false"""
"=""lịch âm tháng giêng""","=""140""","=""0""","=""4""","=""Medium""","=""false"""
"=""lịch âm dương lịch vạn niên""","=""110""","=""0""","=""6""","=""Low""","=""true"""
"=""lich am hn""","=""110""","=""0""","=""3""","=""Low""","=""false"""
"=""lich am thang 1""","=""110""","=""0""","=""4""","=""Low""","=""false"""
"=""lich am thang 5""","=""110""","=""0""","=""4""","=""Low""","=""false"""
"=""lịch âm dương ngày tốt xấu""","=""110""","=""0""","=""6""","=""Low""","=""false"""
"=""lịch âm dương ngũ hành""","=""110""","=""0""","=""5""","=""Low""","=""false"""
"=""lịch âm dương năm 2001""","=""110""","=""0""","=""5""","=""Low""","=""false"""
"=""lịch âm dương tháng 1""","=""110""","=""0""","=""5""","=""Low""","=""false"""
"=""lịch âm hôm nay có đẹp không""","=""110""","=""0""","=""7""","=""Low""","=""false"""
"=""lịch âm ngày tốt xấu""","=""110""","=""0""","=""5""","=""Low""","=""false"""
"=""lịch âm năm 1982""","=""110""","=""0""","=""4""","=""Low""","=""false"""
"=""lịch âm năm 1991""","=""110""","=""0""","=""4""","=""Low""","=""false"""
"=""lịch âm năm 1992""","=""110""","=""0""","=""4""","=""Low""","=""false"""
"=""lịch âm năm 1994""","=""110""","=""0""","=""4""","=""Low""","=""false"""
"=""lịch âm năm 2007""","=""110""","=""0""","=""4""","=""Low""","=""false"""
"=""lịch âm năm 2008""","=""110""","=""0""","=""4""","=""Low""","=""false"""
"=""lịch âm năm 2009""","=""110""","=""0""","=""4""","=""Low""","=""false"""
"=""lịch âm năm 2012""","=""110""","=""0""","=""4""","=""Low""","=""false"""
"=""lịch âm năm 2017""","=""110""","=""0""","=""4""","=""Low""","=""false"""
"=""lịch âm năm 2018""","=""110""","=""0""","=""4""","=""Low""","=""false"""
"=""lịch âm 1985""","=""90""","=""0""","=""3""","=""Low""","=""false"""
"=""lịch âm 1987""","=""90""","=""0""","=""3""","=""Low""","=""false"""
"=""lịch âm 1988""","=""90""","=""0""","=""3""","=""Low""","=""false"""
"=""lịch âm 1989""","=""90""","=""0""","=""3""","=""Low""","=""false"""
"=""lịch âm com""","=""90""","=""0""","=""3""","=""Low""","=""false"""
"=""lịch âm dương 2021""","=""90""","=""0""","=""4""","=""Low""","=""false"""
"=""lịch âm dương năm 1972""","=""90""","=""0""","=""5""","=""Low""","=""false"""
"=""lịch âm dương vạn niên""","=""90""","=""0""","=""5""","=""Low""","=""false"""
"=""lịch âm google""","=""90""","=""0""","=""3""","=""Low""","=""false"""
"=""lịch âm năm 1987""","=""90""","=""0""","=""4""","=""Low""","=""false"""
"=""lịch âm năm 1988""","=""90""","=""0""","=""4""","=""Low""","=""false"""
"=""lịch âm năm 1989""","=""90""","=""0""","=""4""","=""Low""","=""false"""
"=""lịch âm năm 2011""","=""90""","=""0""","=""4""","=""Low""","=""false"""
"=""lịch âm năm 2013""","=""90""","=""0""","=""4""","=""Low""","=""true"""
"=""lịch âm năm 2014""","=""90""","=""0""","=""4""","=""Low""","=""false"""
"=""lịch âm năm 2019""","=""90""","=""0""","=""4""","=""Low""","=""false"""
"=""lịch âm tốt xấu""","=""90""","=""0""","=""4""","=""Low""","=""false"""
"=""lịch âm dương năm 2022""","=""70""","=""0""","=""5""","=""Low""","=""false"""
"=""lịch âm 10 11""","=""70""","=""0""","=""4""","=""Low""","=""false"""
"=""lịch âm 12 11""","=""70""","=""0""","=""4""","=""Low""","=""false"""
"=""lịch âm 12 12""","=""70""","=""0""","=""4""","=""Low""","=""false"""
"=""lịch âm 1982""","=""70""","=""0""","=""3""","=""Low""","=""false"""
"=""lịch âm 1983""","=""70""","=""0""","=""3""","=""Low""","=""false"""
"=""lịch âm 1984""","=""70""","=""0""","=""3""","=""Low""","=""false"""
"=""lịch âm 1986""","=""70""","=""0""","=""3""","=""Low""","=""false"""
"=""lịch âm dương 2017""","=""70""","=""0""","=""4""","=""Low""","=""false"""
"=""lịch âm dương 2018""","=""70""","=""0""","=""4""","=""Low""","=""false"""
"=""lịch âm dương 2019""","=""70""","=""0""","=""4""","=""Low""","=""true"""
"=""lịch âm dương 2020""","=""70""","=""0""","=""4""","=""Low""","=""false"""
"=""lịch âm dương năm 2002""","=""70""","=""0""","=""5""","=""Low""","=""false"""
"=""lịch âm dương năm 2021""","=""70""","=""0""","=""5""","=""Low""","=""false"""
"=""lịch âm ios""","=""70""","=""0""","=""3""","=""Low""","=""false"""
"=""lịch âm năm 1983""","=""70""","=""0""","=""4""","=""Low""","=""false"""
"=""lịch âm năm 1984""","=""70""","=""0""","=""4""","=""Low""","=""false"""
"=""lịch âm năm 1985""","=""70""","=""0""","=""4""","=""Low""","=""false"""
"=""lịch âm năm 1986""","=""70""","=""0""","=""4""","=""Low""","=""false"""
"=""lich am 2022""","=""50""","=""0""","=""3""","=""Low""","=""false"""
"=""lịch âm hôm nay 2023""","=""50""","=""0""","=""5""","=""Low""","=""false"""
"=""lịch âm 13 11""","=""50""","=""0""","=""4""","=""Low""","=""false"""
"=""lịch âm có ngày 31 tháng 12 không""","=""50""","=""0""","=""8""","=""Low""","=""false"""
"=""lịch âm dương 2002""","=""50""","=""0""","=""4""","=""Low""","=""false"""
"=""lịch âm dương năm 2020""","=""50""","=""0""","=""5""","=""Low""","=""false"""
"=""lịch âm ngày mai có tốt không""","=""50""","=""0""","=""7""","=""Low""","=""false"""
"=""lịch âm rằm tháng 7""","=""50""","=""0""","=""5""","=""Low""","=""true"""
"=""lịch âm sang lịch dương""","=""50""","=""0""","=""5""","=""Low""","=""false"""
"=""lịch âm thứ 7 tuần này""","=""50""","=""0""","=""6""","=""Low""","=""false"""
"=""lich am 2020""","=""40""","=""0""","=""3""","=""Low""","=""false"""
"=""lich am 2021""","=""40""","=""0""","=""3""","=""Low""","=""false"""
"=""lịch âm dương năm 2004""","=""40""","=""0""","=""5""","=""Low""","=""false"""
"=""lịch âm dương năm 2009""","=""40""","=""0""","=""5""","=""Low""","=""false"""
"=""lich am 2019""","=""30""","=""0""","=""3""","=""Low""","=""false"""
"=""lich am duong 2023""","=""30""","=""0""","=""4""","=""Low""","=""false"""
"=""lịch am duong 2023""","=""30""","=""0""","=""4""","=""Low""","=""false"""
"=""lịch âm 11 11""","=""30""","=""0""","=""4""","=""Low""","=""false"""
"=""lịch âm 18 11""","=""30""","=""0""","=""4""","=""Low""","=""false"""
"=""lịch âm 20 10""","=""30""","=""0""","=""4""","=""Low""","=""false"""
"=""lịch âm 20 11""","=""30""","=""0""","=""4""","=""Low""","=""false"""
"=""lịch âm 20 12""","=""30""","=""0""","=""4""","=""Low""","=""false"""
"=""lịch âm 28 11""","=""30""","=""0""","=""4""","=""Low""","=""false"""
"=""lịch âm có 31 không""","=""30""","=""0""","=""5""","=""Low""","=""false"""
"=""lịch âm duong 2023""","=""30""","=""0""","=""4""","=""Low""","=""false"""
"=""lịch âm hôm nay vạn sự net""","=""30""","=""0""","=""7""","=""Low""","=""false"""
"=""lịch âm informatik""","=""30""","=""0""","=""3""","=""Low""","=""false"""
"=""lịch âm ngày 15 8""","=""30""","=""0""","=""5""","=""Low""","=""false"""
"=""lịch âm tháng 12 năm 2022""","=""20""","=""0""","=""6""","=""Low""","=""false"""
"=""lịch âm 2022 hôm nay""","=""20""","=""0""","=""5""","=""Low""","=""false"""
"=""lịch âm 10 12""","=""20""","=""0""","=""4""","=""Low""","=""false"""
"=""lịch âm 14 12""","=""20""","=""0""","=""4""","=""Low""","=""false"""
"=""lịch âm 18 10""","=""20""","=""0""","=""4""","=""Low""","=""false"""
"=""lịch âm 21 12""","=""20""","=""0""","=""4""","=""Low""","=""false"""
"=""lịch âm 22 12""","=""20""","=""0""","=""4""","=""Low""","=""false"""
"=""lịch âm 23 11""","=""20""","=""0""","=""4""","=""Low""","=""false"""
"=""lịch âm 23 12""","=""20""","=""0""","=""4""","=""Low""","=""false"""
"=""lịch âm 24 10""","=""20""","=""0""","=""4""","=""Low""","=""false"""
"=""lịch âm 24 11""","=""20""","=""0""","=""4""","=""Low""","=""false"""
"=""lịch âm 24 12""","=""20""","=""0""","=""4""","=""Low""","=""false"""
"=""lịch âm 25 10""","=""20""","=""0""","=""4""","=""Low""","=""false"""
"=""lịch âm 25 12""","=""20""","=""0""","=""4""","=""Low""","=""false"""
"=""lịch âm 26 10""","=""20""","=""0""","=""4""","=""Low""","=""false"""
"=""lịch âm 26 11""","=""20""","=""0""","=""4""","=""Low""","=""false"""
"=""lịch âm 26 12""","=""20""","=""0""","=""4""","=""Low""","=""false"""
"=""lịch âm 27 12""","=""20""","=""0""","=""4""","=""Low""","=""false"""
"=""lịch âm 29 10""","=""20""","=""0""","=""4""","=""Low""","=""false"""
"=""lịch âm 30 10""","=""20""","=""0""","=""4""","=""Low""","=""false"""
"=""lịch âm 30 11""","=""20""","=""0""","=""4""","=""Low""","=""false"""
"=""lịch âm 4 12""","=""20""","=""0""","=""4""","=""Low""","=""false"""
"=""lịch âm lịch 2023""","=""20""","=""0""","=""4""","=""Low""","=""false"""
"=""lịch âm ngày 12 8""","=""20""","=""0""","=""5""","=""Low""","=""false"""
"=""lịch âm ngày 13""","=""20""","=""0""","=""4""","=""Low""","=""false"""
"=""lịch âm ngày 18 1""","=""20""","=""0""","=""5""","=""Low""","=""false"""
"=""lịch âm ngày 19 1""","=""20""","=""0""","=""5""","=""Low""","=""false"""
"=""lịch âm ngày 19 12""","=""20""","=""0""","=""5""","=""Low""","=""false"""
"=""lịch âm ngày 23 8""","=""20""","=""0""","=""5""","=""Low""","=""false"""
"=""lịch âm tháng 10 năm 2022""","=""20""","=""0""","=""6""","=""Low""","=""false"""
"=""lịch âm tháng 12 năm 2023""","=""20""","=""0""","=""6""","=""Low""","=""false"""
"=""lich am duong 2021""","=""10""","=""0""","=""4""","=""Low""","=""false"""
"=""lich am duong 2022""","=""10""","=""0""","=""4""","=""Low""","=""true"""
"=""lich am duong nam 2022""","=""10""","=""0""","=""5""","=""Low""","=""false"""
"=""lich am duong nam 2023""","=""10""","=""0""","=""5""","=""Low""","=""false"""
"=""lich am duong xsmb""","=""10""","=""0""","=""4""","=""Low""","=""false"""
"=""lich am lich 2022""","=""10""","=""0""","=""4""","=""Low""","=""false"""
"=""lich am lich 2023""","=""10""","=""0""","=""4""","=""Low""","=""false"""
"=""lich am nam 2022""","=""10""","=""0""","=""4""","=""Low""","=""false"""
"=""lich am nam 2023""","=""10""","=""0""","=""4""","=""Low""","=""false"""
"=""lich am thang 1 2023""","=""10""","=""0""","=""5""","=""Low""","=""false"""
"=""lich am thang 10 2022""","=""10""","=""0""","=""5""","=""Low""","=""false"""
"=""lich am thang 6 2022""","=""10""","=""0""","=""5""","=""Low""","=""false"""
"=""lich am thang 7 2022""","=""10""","=""0""","=""5""","=""Low""","=""false"""
"=""lich am thang 8 2022""","=""10""","=""0""","=""5""","=""Low""","=""false"""
"=""lich am thang 9 2022""","=""10""","=""0""","=""5""","=""Low""","=""false"""
"=""lich amm hom nay""","=""10""","=""0""","=""4""","=""Low""","=""false"""
"=""lich âm 2021""","=""10""","=""0""","=""3""","=""Low""","=""false"""
"=""lich âm duong 2022""","=""10""","=""0""","=""4""","=""Low""","=""true"""
"=""lich âm dương năm 2022""","=""10""","=""0""","=""5""","=""Low""","=""false"""
"=""lich âm năm 2022""","=""10""","=""0""","=""4""","=""Low""","=""false"""
"=""lich âm năm 2023""","=""10""","=""0""","=""4""","=""Low""","=""false"""
"=""lịch am 2022""","=""10""","=""0""","=""3""","=""Low""","=""false"""
"=""lịch am 2023""","=""10""","=""0""","=""3""","=""Low""","=""false"""
"=""lịch am lịch 2020""","=""10""","=""0""","=""4""","=""Low""","=""false"""
"=""lịch am lịch 2022""","=""10""","=""0""","=""4""","=""Low""","=""false"""
"=""lịch am lịch 2023""","=""10""","=""0""","=""4""","=""Low""","=""false"""
"=""lịch ama""","=""10""","=""0""","=""2""","=""Low""","=""false"""
"=""lịch amhom nay""","=""10""","=""0""","=""3""","=""Low""","=""false"""
"=""lịch âm 1 1 2023""","=""10""","=""0""","=""5""","=""Low""","=""false"""
"=""lịch âm 1 2 2022""","=""10""","=""0""","=""5""","=""Low""","=""false"""
"=""lịch âm 1 2023""","=""10""","=""0""","=""4""","=""Low""","=""false"""
"=""lịch âm 1 3 2022""","=""10""","=""0""","=""5""","=""Low""","=""false"""
"=""lịch âm 1 4 2022""","=""10""","=""0""","=""5""","=""Low""","=""false"""
"=""lịch âm 1 8 2022""","=""10""","=""0""","=""5""","=""Low""","=""false"""
"=""lịch âm 10 1 2023""","=""10""","=""0""","=""5""","=""Low""","=""false"""
"=""lịch âm 10 3 năm 2022""","=""10""","=""0""","=""6""","=""Low""","=""false"""
"=""lịch âm 11 1 2023""","=""10""","=""0""","=""5""","=""Low""","=""false"""
"=""lịch âm 12 1 2023""","=""10""","=""0""","=""5""","=""Low""","=""false"""
"=""lịch âm 12 2022""","=""10""","=""0""","=""4""","=""Low""","=""false"""
"=""lịch âm 13 1 2023""","=""10""","=""0""","=""5""","=""Low""","=""false"""
"=""lịch âm 13 12""","=""10""","=""0""","=""4""","=""Low""","=""false"""
"=""lịch âm 13 3""","=""10""","=""0""","=""4""","=""Low""","=""false"""
"=""lịch âm 15 1 2023""","=""10""","=""0""","=""5""","=""Low""","=""false"""
"=""lịch âm 15 10""","=""10""","=""0""","=""4""","=""Low""","=""false"""
"=""lịch âm 15 12""","=""10""","=""0""","=""4""","=""Low""","=""false"""
"=""lịch âm 15 8 năm 2022""","=""10""","=""0""","=""6""","=""Low""","=""false"""
"=""lịch âm 16 1 2023""","=""10""","=""0""","=""5""","=""Low""","=""false"""
"=""lịch âm 16 10""","=""10""","=""0""","=""4""","=""Low""","=""false"""
"=""lịch âm 17 11""","=""10""","=""0""","=""4""","=""Low""","=""false"""
"=""lịch âm 18 1 2023""","=""10""","=""0""","=""5""","=""Low""","=""false"""
"=""lịch âm 2 12""","=""10""","=""0""","=""4""","=""Low""","=""false"""
"=""lịch âm 2 9 2022""","=""10""","=""0""","=""5""","=""Low""","=""false"""
"=""lịch âm 20 1 2023""","=""10""","=""0""","=""5""","=""Low""","=""false"""
"=""lịch âm 2018 đến 2025""","=""10""","=""0""","=""5""","=""Low""","=""false"""
"=""lịch âm 2020 hôm nay""","=""10""","=""0""","=""5""","=""Low""","=""false"""
"=""lịch âm 2021 2030""","=""10""","=""0""","=""4""","=""Low""","=""false"""
"=""lịch âm 2021 hôm nay""","=""10""","=""0""","=""5""","=""Low""","=""false"""
"=""lịch âm 2021 tháng 12""","=""10""","=""0""","=""5""","=""Low""","=""false"""
"=""lịch âm 2022 có nhuận không""","=""10""","=""0""","=""6""","=""Low""","=""false"""
"=""lịch âm 2022 ngày đẹp""","=""10""","=""0""","=""5""","=""Low""","=""false"""
"=""lịch âm 2022 tháng 1""","=""10""","=""0""","=""5""","=""Low""","=""false"""
"=""lịch âm 2022 tháng 10""","=""10""","=""0""","=""5""","=""Low""","=""false"""
"=""lịch âm 2022 tháng 11""","=""10""","=""0""","=""5""","=""Low""","=""false"""
"=""lịch âm 2022 tháng 12""","=""10""","=""0""","=""5""","=""Low""","=""false"""
"=""lịch âm 2022 tháng 2""","=""10""","=""0""","=""5""","=""Low""","=""false"""
"=""lịch âm 2022 tháng 3""","=""10""","=""0""","=""5""","=""Low""","=""false"""
"=""lịch âm 2022 tháng 4""","=""10""","=""0""","=""5""","=""Low""","=""false"""
"=""lịch âm 2022 tháng 5""","=""10""","=""0""","=""5""","=""Low""","=""false"""
"=""lịch âm 2022 tháng 6""","=""10""","=""0""","=""5""","=""Low""","=""false"""
"=""lịch âm 2022 tháng 7""","=""10""","=""0""","=""5""","=""Low""","=""false"""
"=""lịch âm 2022 tháng 8""","=""10""","=""0""","=""5""","=""Low""","=""false"""
"=""lịch âm 2022 tháng 9""","=""10""","=""0""","=""5""","=""Low""","=""false"""
"=""lịch âm 20222""","=""10""","=""0""","=""3""","=""Low""","=""false"""
"=""lịch âm 2023 hôm nay""","=""10""","=""0""","=""5""","=""Low""","=""false"""
"=""lịch âm 2023 tháng 1""","=""10""","=""0""","=""5""","=""Low""","=""false"""
"=""lịch âm 2023 tháng 2""","=""10""","=""0""","=""5""","=""Low""","=""false"""
"=""lịch âm 2023 tháng 3""","=""10""","=""0""","=""5""","=""Low""","=""false"""
"=""lịch âm 2023 tết""","=""10""","=""0""","=""4""","=""Low""","=""false"""
"=""lịch âm 21 1 2023""","=""10""","=""0""","=""5""","=""Low""","=""false"""
"=""lịch âm 22 1 2023""","=""10""","=""0""","=""5""","=""Low""","=""false"""
"=""lịch âm 25 tháng 11 năm 2022""","=""10""","=""0""","=""7""","=""Low""","=""false"""
"=""lịch âm 27 10""","=""10""","=""0""","=""4""","=""Low""","=""false"""
"=""lịch âm 27 11""","=""10""","=""0""","=""4""","=""Low""","=""false"""
"=""lịch âm 28 10""","=""10""","=""0""","=""4""","=""Low""","=""false"""
"=""lịch âm 3 3 2022""","=""10""","=""0""","=""5""","=""Low""","=""false"""
"=""lịch âm 30 12""","=""10""","=""0""","=""4""","=""Low""","=""false"""
"=""lịch âm 31 10""","=""10""","=""0""","=""4""","=""Low""","=""false"""
"=""lịch âm 31 12""","=""10""","=""0""","=""4""","=""Low""","=""false"""
"=""lịch âm 4 1""","=""10""","=""0""","=""4""","=""Low""","=""false"""
"=""lịch âm 5 12""","=""10""","=""0""","=""4""","=""Low""","=""false"""
"=""lịch âm 5 5 2022""","=""10""","=""0""","=""5""","=""Low""","=""false"""
"=""lịch âm 6 1""","=""10""","=""0""","=""4""","=""Low""","=""false"""
"=""lịch âm 6 5""","=""10""","=""0""","=""4""","=""Low""","=""false"""
"=""lịch âm 7 12""","=""10""","=""0""","=""4""","=""Low""","=""false"""
"=""lịch âm 8 1""","=""10""","=""0""","=""4""","=""Low""","=""false"""
"=""lịch âm 8 1 2022""","=""10""","=""0""","=""5""","=""Low""","=""false"""
"=""lịch âm 8 1 2023""","=""10""","=""0""","=""5""","=""Low""","=""false"""
"=""lịch âm 9 3""","=""10""","=""0""","=""4""","=""Low""","=""false"""
"=""lịch âm cả năm 2022""","=""10""","=""0""","=""5""","=""Low""","=""false"""
"=""lịch âm của ngày 15 tháng 3 năm 2022""","=""10""","=""0""","=""9""","=""Low""","=""false"""
"=""lịch âm của năm 2022""","=""10""","=""0""","=""5""","=""Low""","=""false"""
"=""lịch âm duong năm 2022""","=""10""","=""0""","=""5""","=""Low""","=""false"""
"=""lịch âm dương 2022 pdf""","=""10""","=""0""","=""5""","=""Low""","=""false"""
"=""lịch âm dương 2023 pdf""","=""10""","=""0""","=""5""","=""Low""","=""false"""
"=""lịch âm dương 2023 tháng 1""","=""10""","=""0""","=""6""","=""Low""","=""false"""
"=""lịch âm dương hôm nay 2022""","=""10""","=""0""","=""6""","=""Low""","=""false"""
"=""lịch âm dương tháng 1 2023""","=""10""","=""0""","=""6""","=""Low""","=""false"""
"=""lịch âm dương tháng 1 năm 2022""","=""10""","=""0""","=""7""","=""Low""","=""false"""
"=""lịch âm dương tháng 1 năm 2023""","=""10""","=""0""","=""7""","=""Low""","=""false"""
"=""lịch âm dương tháng 10 2022""","=""10""","=""0""","=""6""","=""Low""","=""false"""
"=""lịch âm dương tháng 10 năm 2022""","=""10""","=""0""","=""7""","=""Low""","=""false"""
"=""lịch âm dương tháng 11 2022""","=""10""","=""0""","=""6""","=""Low""","=""false"""
"=""lịch âm dương tháng 11 năm 2022""","=""10""","=""0""","=""7""","=""Low""","=""false"""
"=""lịch âm dương tháng 12 2022""","=""10""","=""0""","=""6""","=""Low""","=""false"""
"=""lịch âm dương tháng 12 năm 2021""","=""10""","=""0""","=""7""","=""Low""","=""false"""
"=""lịch âm dương tháng 12 năm 2022""","=""10""","=""0""","=""7""","=""Low""","=""false"""
"=""lịch âm dương tháng 2 2022""","=""10""","=""0""","=""6""","=""Low""","=""false"""
"=""lịch âm dương tháng 2 năm 2022""","=""10""","=""0""","=""7""","=""Low""","=""false"""
"=""lịch âm dương tháng 2 năm 2023""","=""10""","=""0""","=""7""","=""Low""","=""false"""
"=""lịch âm dương tháng 3 năm 2022""","=""10""","=""0""","=""7""","=""Low""","=""false"""
"=""lịch âm dương tháng 4 năm 2022""","=""10""","=""0""","=""7""","=""Low""","=""false"""
"=""lịch âm dương tháng 5 năm 2022""","=""10""","=""0""","=""7""","=""Low""","=""false"""
"=""lịch âm dương tháng 6 năm 2022""","=""10""","=""0""","=""7""","=""Low""","=""false"""
"=""lịch âm dương tháng 7 2022""","=""10""","=""0""","=""6""","=""Low""","=""false"""
"=""lịch âm dương tháng 7 năm 2022""","=""10""","=""0""","=""7""","=""Low""","=""false"""
"=""lịch âm dương tháng 8 2022""","=""10""","=""0""","=""6""","=""Low""","=""false"""
"=""lịch âm dương tháng 8 năm 2022""","=""10""","=""0""","=""7""","=""Low""","=""false"""
"=""lịch âm dương tháng 9 2022""","=""10""","=""0""","=""6""","=""Low""","=""false"""
"=""lịch âm dương tháng 9 năm 2022""","=""10""","=""0""","=""7""","=""Low""","=""false"""
"=""lịch âm dương tết 2023""","=""10""","=""0""","=""5""","=""Low""","=""false"""
"=""lịch âm hôm nay 2021""","=""10""","=""0""","=""5""","=""Low""","=""false"""
"=""lịch âm hôm nay 2022""","=""10""","=""0""","=""5""","=""Low""","=""false"""
"=""lịch âm hôm nay 30 5""","=""10""","=""0""","=""6""","=""Low""","=""false"""
"=""lịch âm hôm nay báo nhiều""","=""10""","=""0""","=""6""","=""Low""","=""false"""
"=""lịch âm hôm nay ngày báo nhiều""","=""10""","=""0""","=""7""","=""Low""","=""true"""
"=""lịch âm hôm nay năm 2021""","=""10""","=""0""","=""6""","=""Low""","=""false"""
"=""lịch âm hôm nay năm 2022""","=""10""","=""0""","=""6""","=""Low""","=""false"""
"=""lịch âm hôm nay tháng 10""","=""10""","=""0""","=""6""","=""Low""","=""false"""
"=""lịch âm hôm nay tháng 11""","=""10""","=""0""","=""6""","=""Low""","=""false"""
"=""lịch âm hôm nay tháng 12""","=""10""","=""0""","=""6""","=""Low""","=""false"""
"=""lịch âm hôm nay tháng 6""","=""10""","=""0""","=""6""","=""Low""","=""false"""
"=""lịch âm hôm nay tháng 7""","=""10""","=""0""","=""6""","=""Low""","=""true"""
"=""lịch âm hôm nay tháng 8""","=""10""","=""0""","=""6""","=""Low""","=""true"""
"=""lịch âm hôm nay tháng 8 2022""","=""10""","=""0""","=""7""","=""Low""","=""false"""
"=""lịch âm hôm nay tháng 9""","=""10""","=""0""","=""6""","=""Low""","=""false"""
"=""lịch âm lich năm 2021""","=""10""","=""0""","=""5""","=""Low""","=""false"""
"=""lịch âm lich năm 2022""","=""10""","=""0""","=""5""","=""Low""","=""false"""
"=""lịch âm lich năm 2023""","=""10""","=""0""","=""5""","=""Medium""","=""false"""
"=""lịch âm lịch 2022""","=""10""","=""0""","=""4""","=""Low""","=""false"""
"=""lịch âm lịch năm 2022""","=""10""","=""0""","=""5""","=""Low""","=""false"""
"=""lịch âm lịch năm 2023""","=""10""","=""0""","=""5""","=""Low""","=""false"""
"=""lịch âm ngày 1 1 2023""","=""10""","=""0""","=""6""","=""Low""","=""false"""
"=""lịch âm ngày 1 4 2022""","=""10""","=""0""","=""6""","=""Low""","=""false"""
"=""lịch âm ngày 10 4""","=""10""","=""0""","=""5""","=""Low""","=""false"""
"=""lịch âm ngày 10 tháng 1 năm 2023""","=""10""","=""0""","=""8""","=""Low""","=""false"""
"=""lịch âm ngày 10 tháng 11 năm 2022""","=""10""","=""0""","=""8""","=""Low""","=""false"""
"=""lịch âm ngày 10 tháng 2 năm 2022""","=""10""","=""0""","=""8""","=""Low""","=""false"""
"=""lịch âm ngày 10 tháng 5 năm 2022""","=""10""","=""0""","=""8""","=""Low""","=""false"""
"=""lịch âm ngày 10 tháng 7 năm 2022""","=""10""","=""0""","=""8""","=""Low""","=""false"""
"=""lịch âm ngày 11 9""","=""10""","=""0""","=""5""","=""Low""","=""false"""
"=""lịch âm ngày 11 tháng 1 năm 2022""","=""10""","=""0""","=""8""","=""Low""","=""false"""
"=""lịch âm ngày 11 tháng 12 năm 2022""","=""10""","=""0""","=""8""","=""Low""","=""false"""
"=""lịch âm ngày 12 4""","=""10""","=""0""","=""5""","=""Low""","=""false"""
"=""lịch âm ngày 12 6""","=""10""","=""0""","=""5""","=""Low""","=""false"""
"=""lịch âm ngày 12 tháng 12 năm 2022""","=""10""","=""0""","=""8""","=""Low""","=""false"""
"=""lịch âm ngày 13 1""","=""10""","=""0""","=""5""","=""Low""","=""false"""
"=""lịch âm ngày 13 6""","=""10""","=""0""","=""5""","=""Low""","=""false"""
"=""lịch âm ngày 13 tháng 2 năm 2022""","=""10""","=""0""","=""8""","=""Low""","=""false"""
"=""lịch âm ngày 14 tháng 1 năm 2023""","=""10""","=""0""","=""8""","=""Low""","=""false"""
"=""lịch âm ngày 14 tháng 2 năm 2022""","=""10""","=""0""","=""8""","=""Low""","=""false"""
"=""lịch âm ngày 15 3""","=""10""","=""0""","=""5""","=""Low""","=""false"""
"=""lịch âm ngày 15 tháng 1 năm 2023""","=""10""","=""0""","=""8""","=""Low""","=""false"""
"=""lịch âm ngày 15 tháng 11 năm 2022""","=""10""","=""0""","=""8""","=""Low""","=""false"""
"=""lịch âm ngày 16 3""","=""10""","=""0""","=""5""","=""Low""","=""false"""
"=""lịch âm ngày 16 5""","=""10""","=""0""","=""5""","=""Low""","=""false"""
"=""lịch âm ngày 16 tháng 1 năm 2023""","=""10""","=""0""","=""8""","=""Low""","=""false"""
"=""lịch âm ngày 16 tháng 2 năm 2022""","=""10""","=""0""","=""8""","=""Low""","=""false"""
"=""lịch âm ngày 16 tháng 4 năm 2022""","=""10""","=""0""","=""8""","=""Low""","=""false"""
"=""lịch âm ngày 16 tháng 6 năm 2022""","=""10""","=""0""","=""8""","=""Low""","=""false"""
"=""lịch âm ngày 17 6""","=""10""","=""0""","=""5""","=""Low""","=""false"""
"=""lịch âm ngày 17 tháng 1 năm 2023""","=""10""","=""0""","=""8""","=""Low""","=""false"""
"=""lịch âm ngày 18 3""","=""10""","=""0""","=""5""","=""Low""","=""false"""
"=""lịch âm ngày 18 tháng 1 năm 2022""","=""10""","=""0""","=""8""","=""Low""","=""false"""
"=""lịch âm ngày 18 tháng 7 năm 2022""","=""10""","=""0""","=""8""","=""Low""","=""false"""
"=""lịch âm ngày 19 tháng 1 năm 2023""","=""10""","=""0""","=""8""","=""Low""","=""false"""
"=""lịch âm ngày 19 tháng 6 năm 2022""","=""10""","=""0""","=""8""","=""Low""","=""false"""
"=""lịch âm ngày 2 3 2022""","=""10""","=""0""","=""6""","=""Low""","=""false"""
"=""lịch âm ngày 2 9 2022""","=""10""","=""0""","=""6""","=""Low""","=""false"""
"=""lịch âm ngày 20 tháng 1 năm 2023""","=""10""","=""0""","=""8""","=""Low""","=""false"""
"=""lịch âm ngày 20 tháng 12 năm 2022""","=""10""","=""0""","=""8""","=""Low""","=""false"""
"=""lịch âm ngày 21 6""","=""10""","=""0""","=""5""","=""Low""","=""false"""
"=""lịch âm ngày 21 tháng 1 năm 2023""","=""10""","=""0""","=""8""","=""Low""","=""false"""
"=""lịch âm ngày 21 tháng 10 năm 2022""","=""10""","=""0""","=""8""","=""Low""","=""false"""
"=""lịch âm ngày 21 tháng 12 năm 2022""","=""10""","=""0""","=""8""","=""Low""","=""false"""
"=""lịch âm ngày 22 tháng 1 năm 2023""","=""10""","=""0""","=""8""","=""Low""","=""false"""
"=""lịch âm ngày 22 tháng 11 năm 2022""","=""10""","=""0""","=""8""","=""Low""","=""false"""
"=""lịch âm ngày 22 tháng 7 năm 2022""","=""10""","=""0""","=""8""","=""Low""","=""false"""
"=""lịch âm ngày 22 tháng 8 năm 2022""","=""10""","=""0""","=""8""","=""Low""","=""false"""
"=""lịch âm ngày 23 tháng 11 năm 2022""","=""10""","=""0""","=""8""","=""Low""","=""false"""
"=""lịch âm ngày 23 tháng 12 năm 2022""","=""10""","=""0""","=""8""","=""Low""","=""false"""
"=""lịch âm ngày 23 tháng 7 năm 2022""","=""10""","=""0""","=""8""","=""Low""","=""false"""
"=""lịch âm ngày 24 8""","=""10""","=""0""","=""5""","=""Low""","=""false"""
"=""lịch âm ngày 24 tháng 12 năm 2022""","=""10""","=""0""","=""8""","=""Low""","=""false"""
"=""lịch âm ngày 24 tháng 2 năm 2022""","=""10""","=""0""","=""8""","=""Low""","=""false"""
"=""lịch âm ngày 25 11""","=""10""","=""0""","=""5""","=""Low""","=""false"""
"=""lịch âm ngày 25 6""","=""10""","=""0""","=""5""","=""Low""","=""false"""
"=""lịch âm ngày 25 tháng 10 năm 2022""","=""10""","=""0""","=""8""","=""Low""","=""false"""
"=""lịch âm ngày 25 tháng 11 năm 2022""","=""10""","=""0""","=""8""","=""Low""","=""false"""
"=""lịch âm ngày 25 tháng 12 năm 2022""","=""10""","=""0""","=""8""","=""Low""","=""false"""
"=""lịch âm ngày 25 tháng 9 năm 2022""","=""10""","=""0""","=""8""","=""Low""","=""false"""
"=""lịch âm ngày 26 12""","=""10""","=""0""","=""5""","=""Low""","=""false"""
"=""lịch âm ngày 26 6""","=""10""","=""0""","=""5""","=""Low""","=""false"""
"=""lịch âm ngày 26 tháng 9 năm 2022""","=""10""","=""0""","=""8""","=""Low""","=""false"""
"=""lịch âm ngày 27 1""","=""10""","=""0""","=""5""","=""Low""","=""false"""
"=""lịch âm ngày 27 3""","=""10""","=""0""","=""5""","=""Low""","=""false"""
"=""lịch âm ngày 27 tháng 7 năm 2022""","=""10""","=""0""","=""8""","=""Low""","=""false"""
"=""lịch âm ngày 27 tháng 8 năm 2022""","=""10""","=""0""","=""8""","=""Low""","=""false"""
"=""lịch âm ngày 28 1""","=""10""","=""0""","=""5""","=""Low""","=""false"""
"=""lịch âm ngày 28 tháng 12 năm 2022""","=""10""","=""0""","=""8""","=""Low""","=""false"""
"=""lịch âm ngày 28 tháng 7 năm 2022""","=""10""","=""0""","=""8""","=""Low""","=""false"""
"=""lịch âm ngày 28 tháng 8 năm 2022""","=""10""","=""0""","=""8""","=""Low""","=""false"""
"=""lịch âm ngày 29 11""","=""10""","=""0""","=""5""","=""Low""","=""false"""
"=""lịch âm ngày 29 4""","=""10""","=""0""","=""5""","=""Low""","=""false"""
"=""lịch âm ngày 29 tháng 7 năm 2022""","=""10""","=""0""","=""8""","=""Low""","=""false"""
"=""lịch âm ngày 29 tháng 8 năm 2022""","=""10""","=""0""","=""8""","=""Low""","=""false"""
"=""lịch âm ngày 3 3 2022""","=""10""","=""0""","=""6""","=""Low""","=""false"""
"=""lịch âm ngày 30 4 2022""","=""10""","=""0""","=""6""","=""Low""","=""false"""
"=""lịch âm ngày 30 tháng 1 năm 2022""","=""10""","=""0""","=""8""","=""Low""","=""false"""
"=""lịch âm ngày 30 tháng 12 năm 2022""","=""10""","=""0""","=""8""","=""Low""","=""false"""
"=""lịch âm ngày 31 tháng 12 năm 2022""","=""10""","=""0""","=""8""","=""Low""","=""false"""
"=""lịch âm ngày 4 2 2022""","=""10""","=""0""","=""6""","=""Low""","=""false"""
"=""lịch âm ngày 5 tháng 10 năm 2022""","=""10""","=""0""","=""8""","=""Low""","=""false"""
"=""lịch âm ngày 5 tháng 12 năm 2022""","=""10""","=""0""","=""8""","=""Low""","=""false"""
"=""lịch âm ngày 6 3 2022""","=""10""","=""0""","=""6""","=""Low""","=""false"""
"=""lịch âm ngày 8 tháng 4 năm 2022""","=""10""","=""0""","=""8""","=""Low""","=""false"""
"=""lịch âm ngày 9 1 2023""","=""10""","=""0""","=""6""","=""Low""","=""false"""
"=""lịch âm ngày 9 12""","=""10""","=""0""","=""5""","=""Low""","=""false"""
"=""lịch âm ngày 9 8""","=""10""","=""0""","=""5""","=""Low""","=""false"""
"=""lịch âm ngày hôm nay 2022""","=""10""","=""0""","=""6""","=""Low""","=""false"""
"=""lịch âm ngày mai 16 5""","=""10""","=""0""","=""6""","=""Low""","=""false"""
"=""lịch âm ngày mai 2021""","=""10""","=""0""","=""5""","=""Low""","=""false"""
"=""lịch âm ngày mai 2022""","=""10""","=""0""","=""5""","=""Low""","=""false"""
"=""lịch âm ngày mai là ngày báo nhiều""","=""10""","=""0""","=""8""","=""Low""","=""false"""
"=""lịch âm ngày mai năm 2022""","=""10""","=""0""","=""6""","=""Low""","=""false"""
"=""lịch âm năm 2022 có nhuận không""","=""10""","=""0""","=""7""","=""Low""","=""false"""
"=""lịch âm năm 2023 có nhuận không""","=""10""","=""0""","=""7""","=""Low""","=""false"""
"=""lịch âm sang dương 2022""","=""10""","=""0""","=""5""","=""Low""","=""false"""
"=""lịch âm t1 2023""","=""10""","=""0""","=""4""","=""Low""","=""false"""
"=""lịch âm t12 2022""","=""10""","=""0""","=""4""","=""Low""","=""false"""
"=""lịch âm tháng 01 2023""","=""10""","=""0""","=""5""","=""Low""","=""false"""
"=""lịch âm tháng 1 2022""","=""10""","=""0""","=""5""","=""Low""","=""false"""
"=""lịch âm tháng 1 2023""","=""10""","=""0""","=""5""","=""Low""","=""false"""
"=""lịch âm tháng 1 năm 2021""","=""10""","=""0""","=""6""","=""Low""","=""false"""
"=""lịch âm tháng 1 năm 2022""","=""10""","=""0""","=""6""","=""Low""","=""false"""
"=""lịch âm tháng 1 năm 2023""","=""10""","=""0""","=""6""","=""Low""","=""false"""
"=""lịch âm tháng 10 2022""","=""10""","=""0""","=""5""","=""Low""","=""false"""
"=""lịch âm tháng 10 năm 2002""","=""10""","=""0""","=""6""","=""Low""","=""false"""
"=""lịch âm tháng 10 năm 2021""","=""10""","=""0""","=""6""","=""Low""","=""false"""
"=""lịch âm tháng 11 2022""","=""10""","=""0""","=""5""","=""Low""","=""false"""
"=""lịch âm tháng 11 năm 2002""","=""10""","=""0""","=""6""","=""Low""","=""false"""
"=""lịch âm tháng 11 năm 2021""","=""10""","=""0""","=""6""","=""Low""","=""false"""
"=""lịch âm tháng 11 năm 2022""","=""10""","=""0""","=""6""","=""Low""","=""false"""
"=""lịch âm tháng 12 2022""","=""10""","=""0""","=""5""","=""Low""","=""false"""
"=""lịch âm tháng 12 năm 2021""","=""10""","=""0""","=""6""","=""Low""","=""false"""
"=""lịch âm tháng 2 2022""","=""10""","=""0""","=""5""","=""Low""","=""false"""
"=""lịch âm tháng 2 2023""","=""10""","=""0""","=""5""","=""Low""","=""false"""
"=""lịch âm tháng 2 năm 2022""","=""10""","=""0""","=""6""","=""Low""","=""false"""
"=""lịch âm tháng 2 năm 2023""","=""10""","=""0""","=""6""","=""Low""","=""false"""
"=""lịch âm tháng 3 2022""","=""10""","=""0""","=""5""","=""Low""","=""false"""
"=""lịch âm tháng 3 năm 2022""","=""10""","=""0""","=""6""","=""Low""","=""false"""
"=""lịch âm tháng 3 năm 2023""","=""10""","=""0""","=""6""","=""Low""","=""false"""
"=""lịch âm tháng 4 2022""","=""10""","=""0""","=""5""","=""Low""","=""false"""
"=""lịch âm tháng 4 năm 2022""","=""10""","=""0""","=""6""","=""Low""","=""false"""
"=""lịch âm tháng 4 năm 2023""","=""10""","=""0""","=""6""","=""Low""","=""false"""
"=""lịch âm tháng 5 2022""","=""10""","=""0""","=""5""","=""Low""","=""false"""
"=""lịch âm tháng 5 năm 2002""","=""10""","=""0""","=""6""","=""Low""","=""false"""
"=""lịch âm tháng 5 năm 2022""","=""10""","=""0""","=""6""","=""Low""","=""false"""
"=""lịch âm tháng 5 năm 2023""","=""10""","=""0""","=""6""","=""Low""","=""false"""
"=""lịch âm tháng 6 2022""","=""10""","=""0""","=""5""","=""Low""","=""false"""
"=""lịch âm tháng 6 năm 2022""","=""10""","=""0""","=""6""","=""Low""","=""false"""
"=""lịch âm tháng 6 năm 2023""","=""10""","=""0""","=""6""","=""Low""","=""false"""
"=""lịch âm tháng 7 2022""","=""10""","=""0""","=""5""","=""Low""","=""false"""
"=""lịch âm tháng 7 năm 2002""","=""10""","=""0""","=""6""","=""Low""","=""false"""
"=""lịch âm tháng 7 năm 2022""","=""10""","=""0""","=""6""","=""Low""","=""false"""
"=""lịch âm tháng 8 2022""","=""10""","=""0""","=""5""","=""Low""","=""false"""
"=""lịch âm tháng 8 năm 2002""","=""10""","=""0""","=""6""","=""Low""","=""false"""
"=""lịch âm tháng 8 năm 2021""","=""10""","=""0""","=""6""","=""Low""","=""false"""
"=""lịch âm tháng 8 năm 2022""","=""10""","=""0""","=""6""","=""Low""","=""false"""
"=""lịch âm tháng 9 2022""","=""10""","=""0""","=""5""","=""Low""","=""false"""
"=""lịch âm tháng 9 năm 2002""","=""10""","=""0""","=""6""","=""Low""","=""false"""
"=""lịch âm tháng 9 năm 2021""","=""10""","=""0""","=""6""","=""Low""","=""false"""
"=""lịch âm tháng 9 năm 2022""","=""10""","=""0""","=""6""","=""Low""","=""false"""
"=""lịch âm tháng giêng 2022""","=""10""","=""0""","=""5""","=""Low""","=""false"""
"=""lịch âm tháng năm 2022""","=""10""","=""0""","=""5""","=""Low""","=""false"""
"=""lịch âm tư 2021 đến 2025""","=""10""","=""0""","=""6""","=""Low""","=""false"""
"=""lịch âm tết 2022""","=""10""","=""0""","=""4""","=""Low""","=""false"""
"=""lịch âm tết 2023""","=""10""","=""0""","=""4""","=""Low""","=""false"""
"=""lịch âm tết nguyên đán 2023""","=""10""","=""0""","=""6""","=""Low""","=""false"""
"=""lịch âm và dương 2022""","=""10""","=""0""","=""5""","=""Low""","=""false"""
"=""lịch âm và dương 2023""","=""10""","=""0""","=""5""","=""Low""","=""false"""
"=""lịch âm và dương năm 2022""","=""10""","=""0""","=""6""","=""Low""","=""false"""
"=""lịch âm và dương năm 2023""","=""10""","=""0""","=""6""","=""Low""","=""false"""
"=""lịch âm và lịch dương năm 2022""","=""10""","=""0""","=""7""","=""Low""","=""false"""
"=""lịch âm và lịch dương năm 2023""","=""10""","=""0""","=""7""","=""Low""","=""false"""
"=""lịch âm vạn niên 2022""","=""10""","=""0""","=""5""","=""Low""","=""false"""
"=""lịch âm vạn niên 2023""","=""10""","=""0""","=""5""","=""Low""","=""false"""
"=""lịch âm vạn niên năm 2022""","=""10""","=""0""","=""6""","=""Low""","=""false"""
"=""lịch âm xemboituvi""","=""10""","=""0""","=""3""","=""Low""","=""false"""
"=""lịch âm2023""","=""10""","=""0""","=""2""","=""Low""","=""false"""
"=""lich am duong 2022 ngay dep""","=""0""","=""0""","=""6""","=""Low""","=""false"""
"=""lich am thang 11 2022""","=""0""","=""0""","=""5""","=""Low""","=""false"""
"=""lich am thang 12 2022""","=""0""","=""0""","=""5""","=""Low""","=""false"""
"=""lịch am lịch 2021""","=""0""","=""0""","=""4""","=""Low""","=""false"""
"=""lịch âm 18 tháng 11 năm 2022""","=""0""","=""0""","=""7""","=""Low""","=""false"""
"=""lịch âm 2022 2023""","=""0""","=""0""","=""4""","=""Low""","=""false"""
"=""lịch âm 2022 tết""","=""0""","=""0""","=""4""","=""Low""","=""false"""
"=""lịch âm cắt tóc 2022""","=""0""","=""0""","=""5""","=""Low""","=""false"""
"=""lịch âm dương 2020 hay""","=""0""","=""0""","=""5""","=""Low""","=""false"""
"=""lịch âm dương 2022 hôm nay""","=""0""","=""0""","=""6""","=""Low""","=""false"""
"=""lịch âm dương 2022 ngày đẹp""","=""0""","=""0""","=""6""","=""Low""","=""false"""
"=""lịch âm dương lịch vạn niên 2022""","=""0""","=""0""","=""7""","=""Low""","=""false"""
"=""lịch âm iphone 2022""","=""0""","=""0""","=""4""","=""Low""","=""false"""
"=""lịch âm lich năm 2022 hôm nay""","=""0""","=""0""","=""7""","=""Low""","=""false"""
"=""lịch âm ngày 12 tháng 6 năm 2022""","=""0""","=""0""","=""8""","=""Low""","=""false"""
"=""lịch âm ngày 15 tháng 2 năm 2022""","=""0""","=""0""","=""8""","=""Low""","=""false"""
"=""lịch âm ngày 20 tháng 7 năm 2022""","=""0""","=""0""","=""8""","=""Low""","=""false"""
"=""lịch âm ngày 28 tháng 6 năm 2022""","=""0""","=""0""","=""8""","=""Low""","=""false"""
"=""lịch âm ngày 29 tháng 1 năm 2022""","=""0""","=""0""","=""8""","=""Low""","=""false"""
"=""lịch âm ngày 30 tháng 6 năm 2022""","=""0""","=""0""","=""8""","=""Low""","=""false"""
"=""lịch âm tháng 6 năm 2022 ngày đẹp""","=""0""","=""0""","=""8""","=""Low""","=""false"""
"=""đổi lịch âm dương""","=""3600""","=""0.01""","=""4""","=""Low""","=""false"""
"=""đổi lịch âm sang dương""","=""3600""","=""0""","=""5""","=""Low""","=""false"""
"=""tra lịch âm""","=""2400""","=""0""","=""3""","=""Low""","=""false"""
"=""tra lịch âm dương""","=""2400""","=""0""","=""4""","=""Low""","=""false"""
"=""hôm nay lịch âm""","=""1600""","=""0.01""","=""4""","=""Low""","=""false"""
"=""coi lich am""","=""1000""","=""0.02""","=""3""","=""Low""","=""false"""
"=""coi lịch âm""","=""1000""","=""0.02""","=""3""","=""Low""","=""false"""
"=""cắt tóc lịch âm""","=""1000""","=""0""","=""4""","=""Low""","=""false"""
"=""tra cuu lich am""","=""1000""","=""0""","=""4""","=""Low""","=""false"""
"=""tra cứu lịch âm""","=""1000""","=""0""","=""4""","=""Low""","=""false"""
"=""ngay lich am""","=""720""","=""0.03""","=""3""","=""Low""","=""false"""
"=""ngày lịch âm""","=""720""","=""0.03""","=""3""","=""Low""","=""false"""
"=""tra cứu lịch âm dương""","=""720""","=""0""","=""5""","=""Low""","=""false"""
"=""đổi lịch dương sang lịch âm""","=""720""","=""0""","=""6""","=""Low""","=""false"""
"=""đổi lịch âm sang lịch dương""","=""720""","=""0""","=""6""","=""Low""","=""false"""
"=""tra lịch âm sang dương""","=""590""","=""0""","=""5""","=""Low""","=""false"""
"=""đổi lịch âm""","=""590""","=""0""","=""3""","=""Low""","=""false"""
"=""ngày hôm nay lịch âm""","=""480""","=""0""","=""5""","=""Low""","=""false"""
"=""đổi lịch âm ra lịch dương""","=""390""","=""0""","=""6""","=""Low""","=""false"""
"=""ngày lịch âm hôm nay""","=""320""","=""0""","=""5""","=""Low""","=""false"""
"=""âm lịch âm lịch""","=""260""","=""0""","=""4""","=""Low""","=""false"""
"=""lịch lịch âm""","=""210""","=""0""","=""3""","=""Low""","=""false"""
"=""phần mềm đổi lịch âm dương""","=""210""","=""0.03""","=""6""","=""Low""","=""false"""
"=""lịch dương lịch âm""","=""170""","=""0""","=""4""","=""Low""","=""false"""
"=""đổi lịch âm sang dương năm 1990""","=""170""","=""0""","=""7""","=""Low""","=""false"""
"=""hom nay lich am""","=""140""","=""0""","=""4""","=""Low""","=""false"""
"=""ngày mai lịch âm""","=""140""","=""0""","=""4""","=""Low""","=""false"""
"=""tra lich am duong""","=""140""","=""0""","=""4""","=""Low""","=""false"""
"=""tìm lịch âm""","=""140""","=""0.02""","=""3""","=""Low""","=""false"""
"=""ứng dụng lịch âm""","=""140""","=""0.05""","=""4""","=""Medium""","=""false"""
"=""coi lịch âm dương""","=""110""","=""0""","=""4""","=""Low""","=""false"""
"=""coi lịch âm hôm nay""","=""110""","=""0""","=""5""","=""Low""","=""false"""
"=""google lịch âm""","=""110""","=""0.09""","=""3""","=""Low""","=""false"""
"=""mở lịch âm""","=""110""","=""0.02""","=""3""","=""Low""","=""false"""
"=""ngày am lịch âm""","=""70""","=""0""","=""4""","=""Low""","=""true"""
"=""tra cuu lich am duong""","=""70""","=""0""","=""5""","=""Low""","=""false"""
"=""tra cứu lịch âm sang dương""","=""70""","=""0""","=""6""","=""Low""","=""false"""
"=""âm lịch âm""","=""70""","=""0""","=""3""","=""Low""","=""false"""
"=""lịch dương sang lịch âm""","=""50""","=""0""","=""5""","=""Low""","=""false"""
"=""đổi sang lịch âm""","=""50""","=""0""","=""4""","=""Low""","=""false"""
"=""coi lịch âm trên iphone""","=""40""","=""0""","=""5""","=""Low""","=""false"""
"=""đổi lịch âm sang dương năm 1988""","=""40""","=""0""","=""7""","=""Low""","=""false"""
"=""19 12 lịch âm""","=""10""","=""0""","=""4""","=""Low""","=""false"""
"=""30 1 lịch âm""","=""10""","=""0""","=""4""","=""Low""","=""false"""
"=""6 8 lịch âm""","=""10""","=""0""","=""4""","=""Low""","=""false"""
"=""coi lịch âm 2022""","=""10""","=""0""","=""4""","=""Low""","=""false"""
"=""hom nay ngay bao nhieu theo lich am""","=""10""","=""0""","=""8""","=""Low""","=""false"""
"=""ngày 5 tháng 2 năm 2023 lịch âm""","=""10""","=""0""","=""8""","=""Low""","=""false"""
"=""ngày đông chí lịch âm""","=""10""","=""0""","=""5""","=""Low""","=""false"""
"=""tra cứu lịch âm dương 2022""","=""10""","=""0""","=""6""","=""Low""","=""false"""
"=""tra cứu lịch âm hôm nay""","=""10""","=""0""","=""6""","=""Low""","=""false"""
"=""tra lịch âm dương 2021""","=""10""","=""0""","=""5""","=""Low""","=""false"""
"=""tra lịch âm dương 2022""","=""10""","=""0""","=""5""","=""Low""","=""false"""
"=""tra lịch âm dương 2023""","=""10""","=""0""","=""5""","=""Low""","=""false"""
"=""tết 2023 lịch âm""","=""10""","=""0""","=""4""","=""Low""","=""false"""
"=""tết lịch âm 2023""","=""10""","=""0""","=""4""","=""Low""","=""false"""
"=""tết nguyên dần 2022 lịch âm""","=""10""","=""0""","=""6""","=""Low""","=""false"""
"=""đổi lịch âm dương 2021""","=""10""","=""0""","=""5""","=""Low""","=""false"""
"=""đổi lịch âm dương 2022""","=""10""","=""0""","=""5""","=""Low""","=""false"""
"=""đổi lịch âm dương 2023""","=""10""","=""0""","=""5""","=""Low""","=""false"""
"=""đổi lịch âm sang dương 2022""","=""10""","=""0""","=""6""","=""Low""","=""false"""
"=""đổi lịch âm sang lịch dương 2021""","=""10""","=""0""","=""7""","=""Low""","=""false"""
"=""coi lich am duong 2022""","=""0""","=""0""","=""5""","=""Low""","=""false"""
"=""ngày 20 tháng 2 năm 2022 lịch âm""","=""0""","=""0""","=""8""","=""Low""","=""false"""
"=""ngày lịch âm 2022""","=""0""","=""0""","=""4""","=""Low""","=""false"""
"=""tết nguyên đán 2023 lịch âm""","=""0""","=""0""","=""6""","=""Low""","=""false"""
"=""âm lịch hôm nay""","=""1000000""","=""0.01""","=""4""","=""Low""","=""false"""
"=""am kich""","=""450000""","=""0.05""","=""2""","=""Low""","=""false"""
"=""lịch vạn nien""","=""450000""","=""0.04""","=""3""","=""Low""","=""false"""
"=""âm lich""","=""368000""","=""0.01""","=""2""","=""Low""","=""false"""
"=""ngày âm hôm nay""","=""165000""","=""0.01""","=""4""","=""Low""","=""false"""
"=""ngay am hôm nay""","=""165000""","=""0.01""","=""4""","=""Low""","=""false"""
"=""ngầy âm hôm nay""","=""165000""","=""0.01""","=""4""","=""Low""","=""false"""
"=""lịch van niên""","=""110000""","=""0.06""","=""3""","=""Low""","=""false"""
"=""lich van niên""","=""110000""","=""0.06""","=""3""","=""Low""","=""false"""
"=""am lich hom nay""","=""110000""","=""0.01""","=""4""","=""Low""","=""false"""
"=""am lịch hôm nay""","=""110000""","=""0.01""","=""4""","=""Low""","=""false"""
"=""lịch vạn niên 2025""","=""90500""","=""0.04""","=""4""","=""Low""","=""false"""
"=""ngày âm""","=""49500""","=""0.01""","=""2""","=""Low""","=""false"""
"=""ngày âm lịch""","=""49500""","=""0.03""","=""3""","=""Low""","=""false"""
"=""lich ngay tốt""","=""49500""","=""0""","=""3""","=""Low""","=""false"""
"=""lich ngày tốt""","=""49500""","=""0""","=""3""","=""Low""","=""false"""
"=""ngay am lich""","=""49500""","=""0.03""","=""3""","=""Low""","=""false"""
"=""ngay âm lich""","=""49500""","=""0.03""","=""3""","=""Low""","=""false"""
"=""ngầy âm""","=""49500""","=""0.01""","=""2""","=""Low""","=""false"""
"=""lich hôm nay""","=""40500""","=""0.01""","=""3""","=""Low""","=""false"""
"=""lịch hom nay""","=""40500""","=""0.01""","=""3""","=""Low""","=""false"""
"=""am duong lich""","=""33100""","=""0.07""","=""3""","=""Low""","=""false"""
"=""am lịch ngày hôm nay""","=""33100""","=""0.01""","=""5""","=""Low""","=""false"""
"=""lich duong am""","=""33100""","=""0.07""","=""3""","=""Low""","=""false"""
"=""lịch dương""","=""27100""","=""0.06""","=""2""","=""Low""","=""false"""
"=""hôm nay là ngày mây âm lich""","=""27100""","=""0.01""","=""7""","=""Low""","=""false"""
"=""lịch vạn niên hôm nay""","=""22200""","=""0.01""","=""5""","=""Low""","=""false"""
"=""âm lich hôm nay""","=""18100""","=""0""","=""4""","=""Low""","=""false"""
"=""am lich hôm nay""","=""14800""","=""0""","=""4""","=""Low""","=""false"""
"=""lich ngày tot""","=""14800""","=""0""","=""3""","=""Low""","=""false"""
"=""hôm này là ngày bao nhiều âm""","=""12100""","=""0.01""","=""7""","=""Low""","=""false"""
"=""ngay am lich hom nay""","=""12100""","=""0.01""","=""5""","=""Low""","=""false"""
"=""tử vi ngày mới""","=""12100""","=""0""","=""4""","=""Low""","=""false"""
"=""lịch vạn sự""","=""9900""","=""0.03""","=""3""","=""Low""","=""false"""
"=""hôm nay mấy âm lich""","=""9900""","=""0.01""","=""5""","=""Low""","=""false"""
"=""lich van sự""","=""9900""","=""0.03""","=""3""","=""Low""","=""false"""
"=""lich vạn sự""","=""9900""","=""0.03""","=""3""","=""Low""","=""false"""
"=""lịch dương hôm nay""","=""9900""","=""0.01""","=""4""","=""Low""","=""false"""
"=""lich thang 7""","=""8100""","=""0.01""","=""3""","=""Low""","=""true"""
"=""lịch thang 6""","=""8100""","=""0.01""","=""3""","=""Medium""","=""false"""
"=""nay mấy âm lich""","=""8100""","=""0""","=""4""","=""Low""","=""false"""
"=""âm hnay""","=""8100""","=""0.01""","=""2""","=""Low""","=""false"""
"=""âm hôm nay""","=""8100""","=""0.01""","=""3""","=""Low""","=""false"""
"=""đổi lịch dương sang âm""","=""8100""","=""0""","=""5""","=""Low""","=""false"""
"=""lịch ngày âm""","=""6600""","=""0.03""","=""3""","=""Low""","=""false"""
"=""am lich ngay mai""","=""6600""","=""0.01""","=""4""","=""Low""","=""false"""
"=""hom nay ngay may""","=""6600""","=""0""","=""4""","=""Low""","=""false"""
"=""hom nay ngay may am lich""","=""6600""","=""0.01""","=""6""","=""Low""","=""false"""
"=""hom nay ngay may am lịch""","=""6600""","=""0.01""","=""6""","=""Low""","=""false"""
"=""lich hom nay""","=""6600""","=""0""","=""3""","=""Low""","=""false"""
"=""lich ngay am""","=""6600""","=""0.03""","=""3""","=""Low""","=""false"""
"=""lich thang 11""","=""6600""","=""0""","=""3""","=""Low""","=""false"""
"=""lich thang 4""","=""6600""","=""0""","=""3""","=""Low""","=""false"""
"=""lich thang 5""","=""6600""","=""0""","=""3""","=""Low""","=""false"""
"=""ngay am""","=""6600""","=""0""","=""2""","=""Low""","=""false"""
"=""âm lich ngay mai""","=""6600""","=""0.01""","=""4""","=""Low""","=""false"""
"=""đổi ngày dương sang âm""","=""6600""","=""0""","=""5""","=""Low""","=""false"""
"=""hôm nay ngày tôt hay xấu""","=""5400""","=""0.01""","=""6""","=""Low""","=""false"""
"=""hôm nay âm lich""","=""5400""","=""0.01""","=""4""","=""Low""","=""false"""
"=""lich thang 2""","=""5400""","=""0""","=""3""","=""Medium""","=""false"""
"=""lich thang 3""","=""5400""","=""0""","=""3""","=""Low""","=""false"""
"=""lịch vạn niên 2024""","=""5400""","=""0""","=""4""","=""Low""","=""false"""
"=""tết âm lịch 2025""","=""5400""","=""0""","=""4""","=""Low""","=""false"""
"=""tử vi hàng ngày 12 con giáp""","=""5400""","=""0""","=""7""","=""Low""","=""false"""
"=""âm lich hom nay""","=""5400""","=""0""","=""4""","=""Low""","=""false"""
"=""âm lịch hôm""","=""5400""","=""0""","=""3""","=""Low""","=""false"""
"=""duong lich""","=""4400""","=""0""","=""2""","=""Low""","=""false"""
"=""lich duong lich""","=""4400""","=""0""","=""3""","=""Low""","=""false"""
"=""lich thang""","=""4400""","=""0.03""","=""2""","=""Medium""","=""false"""
"=""lichj vanj nien""","=""4400""","=""0.04""","=""3""","=""Low""","=""false"""
"=""dương lịch hôm nay""","=""3600""","=""0""","=""4""","=""Low""","=""false"""
"=""hnay bn âm""","=""3600""","=""0""","=""3""","=""Low""","=""false"""
"=""hôm nay mấy âm""","=""3600""","=""0.01""","=""4""","=""Low""","=""false"""
"=""lich ngày hôm nay""","=""3600""","=""0.01""","=""4""","=""Low""","=""false"""
"=""lich van nien hom nay""","=""3600""","=""0""","=""5""","=""Low""","=""false"""
"=""nay bn âm""","=""3600""","=""0.01""","=""3""","=""Low""","=""false"""
"=""nay mấy âm""","=""3600""","=""0""","=""3""","=""Low""","=""false"""
"=""ngày âm lịch ngày mai""","=""3600""","=""0.01""","=""5""","=""Low""","=""true"""
"=""âm lịch hom nay""","=""3600""","=""0""","=""4""","=""Low""","=""false"""
"=""đổi ngày âm sang dương""","=""3600""","=""0""","=""5""","=""Low""","=""false"""
"=""hôm nay là mấy âm lịch""","=""2900""","=""0.01""","=""6""","=""Low""","=""false"""
"=""lich thang 1""","=""2900""","=""0""","=""3""","=""Medium""","=""false"""
"=""lich thang nay""","=""2900""","=""0""","=""3""","=""Low""","=""false"""
"=""lich van nien365""","=""2900""","=""0""","=""3""","=""Low""","=""false"""
"=""ngay am hom nay""","=""2900""","=""0""","=""4""","=""Low""","=""false"""
"=""ngày tốt xấu hôm nay""","=""2900""","=""0""","=""5""","=""Low""","=""false"""
"=""tử vi hôm nay lịch vạn niên""","=""2900""","=""0""","=""7""","=""Low""","=""false"""
"=""hôm nay là ngày j""","=""2400""","=""0""","=""5""","=""Low""","=""false"""
"=""hôm nay ngày âm lịch""","=""2400""","=""0.01""","=""5""","=""Low""","=""false"""
"=""lịch năm 2024""","=""2400""","=""0""","=""3""","=""Low""","=""false"""
"=""lịch vạn niên ngày hôm nay""","=""2400""","=""0""","=""6""","=""Low""","=""true"""
"=""lịch vạn sự hôm nay""","=""2400""","=""0.01""","=""5""","=""Low""","=""false"""
"=""ngay âm lich hôm nay""","=""2400""","=""0""","=""5""","=""Low""","=""false"""
"=""tháng 7 âm lịch""","=""2400""","=""0""","=""4""","=""Low""","=""false"""
"=""tháng âm lịch""","=""2400""","=""0.01""","=""3""","=""Low""","=""true"""
"=""âm hôm nay bn""","=""2400""","=""0.01""","=""4""","=""Low""","=""false"""
"=""10 3 âm lịch""","=""1900""","=""0""","=""4""","=""Low""","=""false"""
"=""am lịch hom nay""","=""1900""","=""0""","=""4""","=""Low""","=""false"""
"=""hôm nay bn âm""","=""1900""","=""0.01""","=""4""","=""Low""","=""false"""
"=""hôm nay ngày âm""","=""1900""","=""0.01""","=""4""","=""Low""","=""false"""
"=""lich a""","=""1900""","=""0""","=""2""","=""Low""","=""true"""
"=""ngày mai có đẹp không""","=""1900""","=""0""","=""5""","=""Low""","=""true"""
"=""xemlicham""","=""1900""","=""0""","=""1""","=""Low""","=""false"""
"=""lịch vạn niên 2023""","=""1600""","=""0""","=""4""","=""Low""","=""false"""
"=""vạn niên""","=""1600""","=""0.03""","=""2""","=""Low""","=""false"""
"=""12 âm""","=""1600""","=""0""","=""2""","=""Low""","=""false"""
"=""bữa nay mấy âm lịch""","=""1600""","=""0""","=""5""","=""Low""","=""false"""
"=""lich van su""","=""1600""","=""0""","=""3""","=""Low""","=""false"""
"=""lịch ngày tốt hôm nay""","=""1600""","=""0""","=""5""","=""Low""","=""false"""
"=""lịch vạn""","=""1600""","=""0.07""","=""2""","=""Low""","=""false"""
"=""lịch vạn niên 365""","=""1600""","=""0""","=""4""","=""Low""","=""false"""
"=""lịch ông đồ vạn sự""","=""1600""","=""0""","=""5""","=""Low""","=""true"""
"=""tháng âm""","=""1600""","=""0""","=""2""","=""Low""","=""true"""
"=""âm dương lịch""","=""1600""","=""0.04""","=""3""","=""Low""","=""false"""
"=""lịch năm 2023""","=""1300""","=""0""","=""3""","=""Low""","=""false"""
"=""25 âm lịch""","=""1300""","=""0""","=""3""","=""Low""","=""false"""
"=""am lich ngay hom nay""","=""1300""","=""0""","=""5""","=""Low""","=""false"""
"=""lich an hom nay""","=""1300""","=""0""","=""4""","=""Low""","=""true"""
"=""lich duoi""","=""1300""","=""0""","=""2""","=""Low""","=""false"""
"=""lịch ngày tốt com""","=""1300""","=""0""","=""4""","=""Low""","=""false"""
"=""lịch ngày âm hôm nay""","=""1300""","=""0""","=""5""","=""Low""","=""false"""
"=""lịch ta""","=""1300""","=""0""","=""2""","=""Low""","=""false"""
"=""lịch vạn niên 2016""","=""1300""","=""0.01""","=""4""","=""Low""","=""false"""
"=""lịch vạn niên ngày đẹp""","=""1300""","=""0""","=""5""","=""Low""","=""false"""
"=""lịch vạn niên âm dương""","=""1300""","=""0.05""","=""5""","=""Low""","=""false"""
"=""tháng 9 âm lịch""","=""1300""","=""0""","=""4""","=""Low""","=""false"""
"=""tử vi lịch vạn niên""","=""1300""","=""0""","=""5""","=""Low""","=""false"""
"=""âm lich ngay hom nay""","=""1300""","=""0""","=""5""","=""Low""","=""false"""
"=""âm lịch năm nay""","=""1300""","=""0.01""","=""4""","=""Low""","=""false"""
"=""âm lịch tháng này""","=""1300""","=""0.01""","=""4""","=""Low""","=""false"""
"=""23 âm lịch""","=""1000""","=""0""","=""3""","=""Low""","=""false"""
"=""26 âm lịch""","=""1000""","=""0""","=""3""","=""Low""","=""false"""
"=""hom nay ngay may am""","=""1000""","=""0""","=""5""","=""Low""","=""false"""
"=""lich hoang dao""","=""1000""","=""0.01""","=""3""","=""Low""","=""false"""
"=""ngay duong lich""","=""1000""","=""0.05""","=""3""","=""Low""","=""false"""
"=""ngày tốt tháng 12 âm lịch""","=""1000""","=""0""","=""6""","=""Low""","=""false"""
"=""ngày âm dương hôm nay""","=""1000""","=""0""","=""5""","=""Low""","=""false"""
"=""tháng 8 âm lịch""","=""1000""","=""0""","=""4""","=""Low""","=""false"""
"=""tử vi hàng ngày lịch ngày tốt""","=""1000""","=""0""","=""7""","=""Low""","=""false"""
"=""âl""","=""1000""","=""0""","=""1""","=""Low""","=""false"""
"=""âm lich hnay""","=""1000""","=""0""","=""3""","=""Low""","=""false"""
"=""âm lịch ngày nay""","=""1000""","=""0""","=""4""","=""Low""","=""false"""
"=""đổi dương sang âm""","=""1000""","=""0""","=""4""","=""Low""","=""false"""
"=""đổi ngày âm dương""","=""1000""","=""0""","=""4""","=""Low""","=""false"""
"=""27 âm lịch""","=""880""","=""0""","=""3""","=""Low""","=""false"""
"=""28 âm lịch""","=""880""","=""0""","=""3""","=""Low""","=""false"""
"=""hom nay am lich""","=""880""","=""0""","=""4""","=""Low""","=""false"""
"=""hom nay bao nhieu âm""","=""880""","=""0""","=""5""","=""Low""","=""false"""
"=""hôm nay có phải rằm không""","=""880""","=""0""","=""6""","=""Low""","=""false"""
"=""hôm nay là mấy âm""","=""880""","=""0""","=""5""","=""Low""","=""false"""
"=""lich thang 8""","=""880""","=""0""","=""3""","=""Low""","=""true"""
"=""lịch dương lịch""","=""880""","=""0.03""","=""3""","=""Low""","=""false"""
"=""lịch vạn niên 2015""","=""880""","=""0""","=""4""","=""Low""","=""false"""
"=""lịch vạn niên năm 2024""","=""880""","=""0""","=""5""","=""Low""","=""false"""
"=""nay bn âm lịch""","=""880""","=""0.01""","=""4""","=""Low""","=""true"""
"=""nay là bn âm""","=""880""","=""0""","=""4""","=""Low""","=""true"""
"=""ngay am lịch hôm nay""","=""880""","=""0""","=""5""","=""Low""","=""false"""
"=""ngày dương lịch hôm nay""","=""880""","=""0""","=""5""","=""Low""","=""false"""
"=""ngày tốt tháng 8 âm lịch""","=""880""","=""0""","=""6""","=""Low""","=""false"""
"=""ngày tốt để cắt tóc""","=""880""","=""0""","=""5""","=""Low""","=""false"""
"=""ngày âm dương""","=""880""","=""0""","=""3""","=""Low""","=""false"""
"=""tháng 10 âm lịch""","=""880""","=""0""","=""4""","=""Low""","=""false"""
"=""tháng 6 âm lịch""","=""880""","=""0.01""","=""4""","=""Low""","=""true"""
"=""tra lịch dương sang âm""","=""880""","=""0""","=""5""","=""Low""","=""false"""
"=""trung hoa am lich""","=""880""","=""0""","=""4""","=""Low""","=""false"""
"=""âm lịch hôm nay mấy""","=""880""","=""0""","=""5""","=""Low""","=""false"""
"=""âm lịch hôm nay ngày""","=""880""","=""0""","=""5""","=""Low""","=""false"""
"=""âm ngày hôm nay""","=""880""","=""0""","=""4""","=""Low""","=""false"""
"=""đổi ngày dương sang ngày âm""","=""880""","=""0""","=""6""","=""Low""","=""false"""
"=""đổi âm sang dương""","=""880""","=""0""","=""4""","=""Low""","=""false"""
"=""lịch vạn niên 2022""","=""720""","=""0""","=""4""","=""Low""","=""false"""
"=""20 âm lịch""","=""720""","=""0""","=""3""","=""Low""","=""false"""
"=""24 âm lịch""","=""720""","=""0""","=""3""","=""Low""","=""false"""
"=""am lich duong lich""","=""720""","=""0""","=""4""","=""Low""","=""false"""
"=""amlichhomnay""","=""720""","=""0""","=""1""","=""Low""","=""false"""
"=""hôm nay ngày âm mấy""","=""720""","=""0""","=""5""","=""Low""","=""false"""
"=""lich 2021""","=""720""","=""0""","=""2""","=""Low""","=""false"""
"=""lich ngu hanh""","=""720""","=""0""","=""3""","=""Low""","=""false"""
"=""lich ong do""","=""720""","=""0""","=""3""","=""Low""","=""false"""
"=""lịch vạn niên 2006""","=""720""","=""0.02""","=""4""","=""Low""","=""false"""
"=""lịch vạn niên báo mới""","=""720""","=""0""","=""5""","=""Low""","=""false"""
"=""lịch vạn niên ngày mai""","=""720""","=""0""","=""5""","=""Low""","=""false"""
"=""mấy âm lịch""","=""720""","=""0""","=""3""","=""Low""","=""false"""
"=""nay bnh âm""","=""720""","=""0.01""","=""3""","=""Low""","=""true"""
"=""nay là mấy âm lịch""","=""720""","=""0""","=""5""","=""Low""","=""false"""
"=""nay nhiêu âm""","=""720""","=""0""","=""3""","=""Low""","=""false"""
"=""ngay thang am lich""","=""720""","=""0.02""","=""4""","=""Low""","=""false"""
"=""ngay âm hôm nay""","=""720""","=""0""","=""4""","=""Low""","=""false"""
"=""ngày hôm nay âm lịch""","=""720""","=""0""","=""5""","=""Low""","=""false"""
"=""ngày tháng âm lịch""","=""720""","=""0.02""","=""4""","=""Low""","=""false"""
"=""ngày tốt tháng 6 âm lịch""","=""720""","=""0""","=""6""","=""Low""","=""true"""
"=""tháng 12 âm lịch""","=""720""","=""0""","=""4""","=""Low""","=""false"""
"=""tháng 2 âm lịch""","=""720""","=""0""","=""4""","=""Low""","=""false"""
"=""âm lịch dương lịch""","=""720""","=""0""","=""4""","=""Low""","=""false"""
"=""âm nay bn""","=""720""","=""0""","=""3""","=""Low""","=""false"""
"=""am lich ngay""","=""590""","=""0.04""","=""3""","=""Low""","=""false"""
"=""hnay bnh âm""","=""590""","=""0""","=""3""","=""Low""","=""false"""
"=""hom nay bao nhieu am lich""","=""590""","=""0""","=""6""","=""Low""","=""false"""
"=""hôm nay bn âm lịch""","=""590""","=""0.01""","=""5""","=""Low""","=""true"""
"=""hôm nay là bn âm""","=""590""","=""0.01""","=""5""","=""Low""","=""false"""
"=""hôm nay ngày bn âm lịch""","=""590""","=""0.01""","=""6""","=""Low""","=""false"""
"=""lich 2020""","=""590""","=""0""","=""2""","=""Low""","=""false"""
"=""lịch dương tháng 9""","=""590""","=""0""","=""4""","=""Low""","=""false"""
"=""lịch năm 2006""","=""590""","=""0""","=""3""","=""Low""","=""false"""
"=""lịch ta hôm nay""","=""590""","=""0""","=""4""","=""Low""","=""false"""
"=""lịch vạn niên eva""","=""590""","=""0""","=""4""","=""Low""","=""false"""
"=""lịch vạn niên trực tuyến""","=""590""","=""0""","=""5""","=""Low""","=""true"""
"=""lịch vạn sự ngày hôm nay""","=""590""","=""0""","=""6""","=""Low""","=""true"""
"=""ngày tốt tháng 10 âm lịch""","=""590""","=""0""","=""6""","=""Low""","=""false"""
"=""ngày tốt tháng 11 âm lịch""","=""590""","=""0""","=""6""","=""Low""","=""false"""
"=""ngày đẹp tháng 3""","=""590""","=""0""","=""4""","=""Low""","=""false"""
"=""ngày đẹp tháng 8 âm lịch""","=""590""","=""0""","=""6""","=""Low""","=""false"""
"=""năm âm lịch""","=""590""","=""0""","=""3""","=""Low""","=""false"""
"=""tháng 11 âm lịch""","=""590""","=""0""","=""4""","=""Low""","=""false"""
"=""tháng 3 âm lịch""","=""590""","=""0""","=""4""","=""Low""","=""false"""
"=""tháng 5 âm lịch""","=""590""","=""0""","=""4""","=""Low""","=""false"""
"=""tra ngày âm lịch""","=""590""","=""0""","=""4""","=""Low""","=""false"""
"=""tết âm lịch 2024""","=""590""","=""0""","=""4""","=""Low""","=""false"""
"=""âm lịch ngày""","=""590""","=""0.04""","=""3""","=""Low""","=""false"""
"=""đổi ngày dương qua âm""","=""590""","=""0""","=""5""","=""Low""","=""true"""
"=""đổi ngày âm ra ngày dương""","=""590""","=""0""","=""6""","=""Low""","=""false"""
"=""đổi ngày âm sang ngày dương""","=""590""","=""0""","=""6""","=""Low""","=""false"""
"=""11 âm""","=""480""","=""0""","=""2""","=""Low""","=""false"""
"=""15 8 âm lịch""","=""480""","=""0""","=""4""","=""Low""","=""false"""
"=""15 âm lịch""","=""480""","=""0""","=""3""","=""Low""","=""false"""
"=""16 âm lịch""","=""480""","=""0""","=""3""","=""Low""","=""false"""
"=""21 âm lịch""","=""480""","=""0""","=""3""","=""Low""","=""false"""
"=""27 âm""","=""480""","=""0""","=""2""","=""Low""","=""false"""
"=""29 âm lịch""","=""480""","=""0""","=""3""","=""Low""","=""false"""
"=""am lich hom nay ngay may""","=""480""","=""0""","=""6""","=""Low""","=""false"""
"=""hom nay la ngay may am lich""","=""480""","=""0""","=""7""","=""Low""","=""false"""
"=""hom nay la ngay may am lịch""","=""480""","=""0""","=""7""","=""Low""","=""false"""
"=""hom nay may am lich""","=""480""","=""0""","=""5""","=""Low""","=""false"""
"=""hom nay may am lịch""","=""480""","=""0""","=""5""","=""Low""","=""false"""
"=""hôm nay bnh âm""","=""480""","=""0.01""","=""4""","=""Low""","=""true"""
"=""hôm nay là mấy tây""","=""480""","=""0""","=""5""","=""Low""","=""false"""
"=""hôm nay ngày bn âm""","=""480""","=""0""","=""5""","=""Low""","=""true"""
"=""hôm nay âm""","=""480""","=""0""","=""3""","=""Low""","=""false"""
"=""lich 2015""","=""480""","=""0""","=""2""","=""Low""","=""false"""
"=""lich 2018""","=""480""","=""0""","=""2""","=""Low""","=""false"""
"=""lịch dương tháng 10""","=""480""","=""0""","=""4""","=""Low""","=""false"""
"=""lịch dương tháng 5""","=""480""","=""0""","=""4""","=""Low""","=""false"""
"=""lịch dương âm""","=""480""","=""0""","=""3""","=""Low""","=""false"""
"=""lịch năm 2020""","=""480""","=""0""","=""3""","=""Low""","=""false"""
"=""lịch tốt xấu hôm nay""","=""480""","=""0""","=""5""","=""Low""","=""false"""
"=""nay bao nhieu âm""","=""480""","=""0""","=""4""","=""Low""","=""false"""
"=""nay âm bn""","=""480""","=""0""","=""3""","=""Low""","=""true"""
"=""ngày dương hôm nay""","=""480""","=""0""","=""4""","=""Low""","=""false"""
"=""ngày tốt tháng 3 âm lịch""","=""480""","=""0""","=""6""","=""Low""","=""false"""
"=""ngày tốt tháng 5 âm lịch""","=""480""","=""0""","=""6""","=""Low""","=""false"""
"=""ngày tốt tháng 9 âm lịch""","=""480""","=""0""","=""6""","=""Low""","=""false"""
"=""ngày âm của hôm nay""","=""480""","=""0""","=""5""","=""Low""","=""false"""
"=""ngày âm ngày mai""","=""480""","=""0""","=""4""","=""Low""","=""true"""
"=""ngày đẹp tháng 6 âm lịch""","=""480""","=""0""","=""6""","=""Low""","=""true"""
"=""âm lịch 2024""","=""480""","=""0""","=""3""","=""Low""","=""false"""
"=""âm lịch nay""","=""480""","=""0""","=""3""","=""Low""","=""false"""
"=""âm lịch tháng 2""","=""480""","=""0""","=""4""","=""Low""","=""false"""
"=""đổi âm lịch sang dương lịch""","=""480""","=""0""","=""6""","=""Low""","=""false"""
"=""10 10 âm lịch""","=""390""","=""0""","=""4""","=""Low""","=""false"""
"=""10 3 âm""","=""390""","=""0""","=""3""","=""Low""","=""false"""
"=""12 âm lịch""","=""390""","=""0""","=""3""","=""Low""","=""false"""
"=""18 âm lịch""","=""390""","=""0""","=""3""","=""Low""","=""false"""
"=""19 âm lịch""","=""390""","=""0""","=""3""","=""Low""","=""false"""
"=""22 âm lịch""","=""390""","=""0""","=""3""","=""Low""","=""false"""
"=""am lich 365""","=""390""","=""0""","=""3""","=""Low""","=""false"""
"=""giờ âm lịch""","=""390""","=""0""","=""3""","=""Low""","=""false"""
"=""hnay ngày bn âm""","=""390""","=""0""","=""4""","=""Low""","=""false"""
"=""hôm nay âm lịch mấy""","=""390""","=""0""","=""5""","=""Low""","=""false"""
"=""lich 2017""","=""390""","=""0""","=""2""","=""Low""","=""true"""
"=""lich duong hom nay""","=""390""","=""0""","=""4""","=""Low""","=""false"""
"=""lich vạn niên hôm nay""","=""390""","=""0""","=""5""","=""Low""","=""false"""
"=""lịch dương sang âm""","=""390""","=""0""","=""4""","=""Low""","=""false"""
"=""lịch dương và âm""","=""390""","=""0""","=""4""","=""Low""","=""false"""
"=""lịch năm 2016""","=""390""","=""0""","=""3""","=""Low""","=""false"""
"=""lịch năm 2017""","=""390""","=""0""","=""3""","=""Low""","=""false"""
"=""nay ngay may am lich""","=""390""","=""0""","=""5""","=""Low""","=""false"""
"=""nay ngày bn âm""","=""390""","=""0""","=""4""","=""Low""","=""true"""
"=""nay âm lịch""","=""390""","=""0""","=""3""","=""Low""","=""false"""
"=""ngay tot hom nay""","=""390""","=""0""","=""4""","=""Low""","=""false"""
"=""ngày mai âm lịch""","=""390""","=""0""","=""4""","=""Low""","=""false"""
"=""ngày tốt tháng 2 âm lịch""","=""390""","=""0""","=""6""","=""Low""","=""false"""
"=""tháng 10 âm""","=""390""","=""0""","=""3""","=""Low""","=""false"""
"=""tháng 11 âm""","=""390""","=""0""","=""3""","=""Low""","=""false"""
"=""tháng 4 âm lịch""","=""390""","=""0""","=""4""","=""Low""","=""false"""
"=""tháng 8 âm""","=""390""","=""0""","=""3""","=""Low""","=""true"""
"=""tra cứu lịch vạn niên""","=""390""","=""0""","=""5""","=""Low""","=""false"""
"=""tra lịch vạn niên""","=""390""","=""0""","=""4""","=""Low""","=""false"""
"=""tử vi hàng ngày 12 con giáp lịch ngày tốt""","=""390""","=""0""","=""10""","=""Low""","=""false"""
"=""âl hôm nay""","=""390""","=""0""","=""3""","=""Low""","=""false"""
"=""âm lich 365""","=""390""","=""0""","=""3""","=""Low""","=""false"""
"=""âm lich tháng 12""","=""390""","=""0""","=""4""","=""Low""","=""false"""
"=""âm lich tháng 8""","=""390""","=""0""","=""4""","=""Low""","=""true"""
"=""âm lịch 365""","=""390""","=""0""","=""3""","=""Low""","=""false"""
"=""âm lịch hn""","=""390""","=""0""","=""3""","=""Low""","=""false"""
"=""âm lịch tháng 10""","=""390""","=""0""","=""4""","=""Low""","=""false"""
"=""âm lịch tháng 11""","=""390""","=""0""","=""4""","=""Low""","=""false"""
"=""âm lịch tháng 7""","=""390""","=""0""","=""4""","=""Low""","=""true"""
"=""âm lịch tháng 9""","=""390""","=""0""","=""4""","=""Low""","=""false"""
"=""đổi dương lịch sang âm lịch""","=""390""","=""0""","=""6""","=""Low""","=""false"""
"=""đổi ngày dương lịch sang âm lịch""","=""390""","=""0""","=""7""","=""Low""","=""false"""
"=""lich van nien 2023""","=""320""","=""0""","=""4""","=""Low""","=""false"""
"=""14 âm lịch""","=""320""","=""0""","=""3""","=""Low""","=""false"""
"=""23 âm""","=""320""","=""0""","=""2""","=""Low""","=""false"""
"=""24 âm""","=""320""","=""0""","=""2""","=""Low""","=""false"""
"=""28 âm""","=""320""","=""0""","=""2""","=""Low""","=""false"""
"=""coi ngay am lich""","=""320""","=""0""","=""4""","=""Low""","=""false"""
"=""coi ngày âm lịch""","=""320""","=""0""","=""4""","=""Low""","=""false"""
"=""hom nay am lich ngay may""","=""320""","=""0""","=""6""","=""Low""","=""false"""
"=""hom nay ngay bao nhieu am lich""","=""320""","=""0""","=""7""","=""Low""","=""false"""
"=""hôm nay là ngày bn âm""","=""320""","=""0""","=""6""","=""Low""","=""false"""
"=""hôm nay ngày máy âm lịch""","=""320""","=""0""","=""6""","=""Low""","=""false"""
"=""lich ngay tôt""","=""320""","=""0""","=""3""","=""Low""","=""false"""
"=""lịch năm 1994""","=""320""","=""0""","=""3""","=""Low""","=""false"""
"=""lịch năm 1999""","=""320""","=""0""","=""3""","=""Low""","=""false"""
"=""lịch năm 2000""","=""320""","=""0""","=""3""","=""Low""","=""false"""
"=""lịch năm 2019""","=""320""","=""0""","=""3""","=""Low""","=""false"""
"=""lịch tháng 12 dương lịch""","=""320""","=""0""","=""5""","=""Low""","=""false"""
"=""lịch vạn niên 2020""","=""320""","=""0""","=""4""","=""Low""","=""false"""
"=""lịch vạn niên 2021""","=""320""","=""0""","=""4""","=""Low""","=""false"""
"=""lịch vạn niên năm 2006""","=""320""","=""0""","=""5""","=""Low""","=""false"""
"=""lịch vạn niên online""","=""320""","=""0""","=""4""","=""Low""","=""false"""
"=""lịch vạn niên tháng 10""","=""320""","=""0""","=""5""","=""Low""","=""false"""
"=""lịch vạn niên tháng 11""","=""320""","=""0""","=""5""","=""Low""","=""false"""
"=""lịch vạn niên tháng 7""","=""320""","=""0""","=""5""","=""Low""","=""true"""
"=""lịch vạn niên tháng 8""","=""320""","=""0""","=""5""","=""Low""","=""true"""
"=""lịch vạn niên tháng 9""","=""320""","=""0""","=""5""","=""Low""","=""false"""
"=""lịch vạn sự wap""","=""320""","=""0""","=""4""","=""Low""","=""false"""
"=""nay là mấy âm""","=""320""","=""0""","=""4""","=""Low""","=""false"""
"=""nay ngày âm""","=""320""","=""0""","=""3""","=""Low""","=""false"""
"=""nay âm mấy""","=""320""","=""0""","=""3""","=""Low""","=""false"""
"=""ngày 10 10 âm lịch""","=""320""","=""0""","=""5""","=""Low""","=""false"""
"=""ngày 16 âm lịch""","=""320""","=""0""","=""4""","=""Low""","=""false"""
"=""ngày 25 âm lịch""","=""320""","=""0""","=""4""","=""Low""","=""false"""
"=""ngày 26 âm lịch""","=""320""","=""0""","=""4""","=""Low""","=""false"""
"=""ngày tháng âm lịch hôm nay""","=""320""","=""0""","=""6""","=""Low""","=""false"""
"=""ngày tốt tháng 4 âm lịch""","=""320""","=""0""","=""6""","=""Low""","=""false"""
"=""ngày tốt tháng 7 âm lịch""","=""320""","=""0""","=""6""","=""Low""","=""false"""
"=""ngày đẹp tháng 10 âm lịch""","=""320""","=""0""","=""6""","=""Low""","=""false"""
"=""ngày đẹp tháng 11 âm lịch""","=""320""","=""0""","=""6""","=""Low""","=""false"""
"=""ngày đẹp tháng 4 âm lịch""","=""320""","=""0""","=""6""","=""Low""","=""false"""
"=""ngày đẹp tháng 5 âm lịch""","=""320""","=""0""","=""6""","=""Low""","=""false"""
"=""tra cuu am lich""","=""320""","=""0""","=""4""","=""Low""","=""false"""
"=""tra cứu âm lịch""","=""320""","=""0""","=""4""","=""Low""","=""false"""
"=""tra âm lịch""","=""320""","=""0""","=""3""","=""Low""","=""false"""
"=""tử vi 12 cung hoàng đạo lịch ngày tốt""","=""320""","=""0""","=""9""","=""Low""","=""false"""
"=""âm lich tháng 6""","=""320""","=""0""","=""4""","=""Low""","=""false"""
"=""đổi ngày am lịch sang dương lịch""","=""320""","=""0""","=""7""","=""Low""","=""false"""
"=""đổi ngày âm lịch""","=""320""","=""0""","=""4""","=""Low""","=""false"""
"=""13 âm lịch""","=""260""","=""0""","=""3""","=""Low""","=""false"""
"=""15 âm""","=""260""","=""0""","=""2""","=""Low""","=""false"""
"=""17 âm lịch""","=""260""","=""0""","=""3""","=""Low""","=""true"""
"=""20 12 âm lịch""","=""260""","=""0""","=""4""","=""Low""","=""false"""
"=""25 12 âm lịch""","=""260""","=""0""","=""4""","=""Low""","=""false"""
"=""9 9 âm lịch""","=""260""","=""0""","=""4""","=""Low""","=""false"""
"=""am hom nay""","=""260""","=""0""","=""3""","=""Low""","=""false"""
"=""duong lich hom nay""","=""260""","=""0""","=""4""","=""Low""","=""false"""
"=""hom nay la ngay may""","=""260""","=""0""","=""5""","=""Low""","=""false"""
"=""hom nay ngay am""","=""260""","=""0""","=""4""","=""Low""","=""false"""
"=""hom nay ngay am lich""","=""260""","=""0""","=""5""","=""Low""","=""false"""
"=""hôm nay bao nhieu âm""","=""260""","=""0""","=""5""","=""Low""","=""false"""
"=""hôm nay là bn âm lịch""","=""260""","=""0""","=""6""","=""Low""","=""false"""
"=""hôm nay âm mấy""","=""260""","=""0""","=""4""","=""Low""","=""false"""
"=""lich van nien eva""","=""260""","=""0""","=""4""","=""Low""","=""false"""
"=""lich van su wap""","=""260""","=""0""","=""4""","=""Low""","=""false"""
"=""lịch dương tháng 1""","=""260""","=""0""","=""4""","=""Low""","=""false"""
"=""lịch hôm nay ngày âm""","=""260""","=""0""","=""5""","=""Low""","=""false"""
"=""lịch hôm nay âm""","=""260""","=""0""","=""4""","=""Low""","=""false"""
"=""lịch mình hôm nay""","=""260""","=""0""","=""4""","=""Low""","=""false"""
"=""lịch năm 1997""","=""260""","=""0""","=""3""","=""Low""","=""false"""
"=""lịch năm 2001""","=""260""","=""0""","=""3""","=""Low""","=""false"""
"=""lịch năm 2003""","=""260""","=""0""","=""3""","=""Low""","=""false"""
"=""lịch năm 2005""","=""260""","=""0""","=""3""","=""Low""","=""false"""
"=""lịch năm 2012""","=""260""","=""0""","=""3""","=""Low""","=""false"""
"=""lịch năm 2014""","=""260""","=""0""","=""3""","=""Low""","=""false"""
"=""lịch tốt hôm nay""","=""260""","=""0""","=""4""","=""Low""","=""false"""
"=""lịch vạn niên 2005""","=""260""","=""0""","=""4""","=""Low""","=""false"""
"=""lịch vạn niên 2017""","=""260""","=""0""","=""4""","=""Low""","=""true"""
"=""lịch vạn niên 2018""","=""260""","=""0""","=""4""","=""Low""","=""false"""
"=""lịch vạn niên 365 ngày""","=""260""","=""0""","=""5""","=""Low""","=""false"""
"=""lịch vạn niên năm""","=""260""","=""0.03""","=""4""","=""Low""","=""false"""
"=""lịch vạn niên tháng 12""","=""260""","=""0""","=""5""","=""Low""","=""false"""
"=""lịch vạn niên tháng 4""","=""260""","=""0""","=""5""","=""Low""","=""false"""
"=""lịch vạn niên tháng 6""","=""260""","=""0""","=""5""","=""Low""","=""false"""
"=""lịch vạn sự ngày mai""","=""260""","=""0""","=""5""","=""Low""","=""true"""
"=""nay may am lich""","=""260""","=""0""","=""4""","=""Low""","=""false"""
"=""ngay am duong""","=""260""","=""0""","=""3""","=""Low""","=""false"""
"=""ngày 12 âm lịch""","=""260""","=""0""","=""4""","=""Low""","=""false"""
"=""ngày 14 âm lịch""","=""260""","=""0""","=""4""","=""Low""","=""false"""
"=""ngày 17 âm lịch""","=""260""","=""0""","=""4""","=""Low""","=""false"""
"=""ngày 18 âm lịch""","=""260""","=""0""","=""4""","=""Low""","=""false"""
"=""ngày 19 âm lịch""","=""260""","=""0""","=""4""","=""Low""","=""false"""
"=""ngày 20 âm lịch""","=""260""","=""0""","=""4""","=""Low""","=""false"""
"=""ngày 22 âm lịch""","=""260""","=""0""","=""4""","=""Low""","=""false"""
"=""ngày 23 âm lịch""","=""260""","=""0""","=""4""","=""Low""","=""false"""
"=""ngày 24 âm lịch""","=""260""","=""0""","=""4""","=""Low""","=""false"""
"=""ngày 28 âm lịch""","=""260""","=""0""","=""4""","=""Low""","=""false"""
"=""ngày dương sang âm""","=""260""","=""0""","=""4""","=""Low""","=""false"""
"=""ngày ni mấy âm""","=""260""","=""0""","=""4""","=""Low""","=""true"""
"=""ngày tốt trong tháng 6 âm lịch""","=""260""","=""0""","=""7""","=""Low""","=""true"""
"=""ngày tốt trong tháng 8 âm lịch""","=""260""","=""0""","=""7""","=""Low""","=""false"""
"=""ngày đẹp tháng 12 âm lịch""","=""260""","=""0""","=""6""","=""Low""","=""false"""
"=""ngày đẹp tháng 2 âm lịch""","=""260""","=""0""","=""6""","=""Low""","=""false"""
"=""ngày đẹp tháng 9 âm lịch""","=""260""","=""0""","=""6""","=""Low""","=""false"""
"=""tháng 6 âm""","=""260""","=""0""","=""3""","=""Low""","=""true"""
"=""tháng 9 âm""","=""260""","=""0""","=""3""","=""Low""","=""false"""
"=""tháng tư âm lịch""","=""260""","=""0""","=""4""","=""Low""","=""false"""
"=""tháng âm hôm nay""","=""260""","=""0""","=""4""","=""Low""","=""false"""
"=""tra ngày dương sang âm""","=""260""","=""0""","=""5""","=""Low""","=""false"""
"=""tra ngày âm""","=""260""","=""0""","=""3""","=""Low""","=""false"""
"=""tử vi 12 con giáp lịch vạn sự""","=""260""","=""0""","=""8""","=""Low""","=""false"""
"=""âm dương hôm nay""","=""260""","=""0""","=""4""","=""Low""","=""false"""
"=""âm lich hôm qua""","=""260""","=""0""","=""4""","=""Low""","=""false"""
"=""âm lich tháng 5""","=""260""","=""0""","=""4""","=""Low""","=""false"""
"=""âm lịch hôm qua""","=""260""","=""0""","=""4""","=""Low""","=""false"""
"=""âm lịch tháng 3""","=""260""","=""0""","=""4""","=""Low""","=""false"""
"=""âm lịch tháng 5""","=""260""","=""0""","=""4""","=""Low""","=""false"""
"=""âm nay bao nhieu""","=""260""","=""0""","=""4""","=""Low""","=""false"""
"=""âm lich 2023""","=""210""","=""0""","=""3""","=""Low""","=""false"""
"=""1 7 âm lịch""","=""210""","=""0""","=""4""","=""Low""","=""true"""
"=""11 âm lịch""","=""210""","=""0""","=""3""","=""Low""","=""false"""
"=""21 âm""","=""210""","=""0""","=""2""","=""Low""","=""false"""
"=""22 âm""","=""210""","=""0""","=""2""","=""Low""","=""false"""
"=""23 12 âm lịch""","=""210""","=""0""","=""4""","=""Low""","=""false"""
"=""29 âm""","=""210""","=""0""","=""2""","=""Low""","=""false"""
"=""am lich hom nay bao nhieu""","=""210""","=""0""","=""6""","=""Low""","=""false"""
"=""dương lịch là ngày trên hay dưới""","=""210""","=""0""","=""7""","=""Low""","=""false"""
"=""hnay là bn âm""","=""210""","=""0""","=""4""","=""Low""","=""false"""
"=""hom nay la ngay bao nhieu am lich""","=""210""","=""0""","=""8""","=""Low""","=""false"""
"=""lich 2011""","=""210""","=""0""","=""2""","=""Low""","=""true"""
"=""lich van su hom nay""","=""210""","=""0""","=""5""","=""Low""","=""false"""
"=""lich365""","=""210""","=""0""","=""1""","=""Low""","=""false"""
"=""lịch 2004 âm và dương""","=""210""","=""0""","=""5""","=""Low""","=""false"""
"=""lịch 2024 âm và dương""","=""210""","=""0""","=""5""","=""Low""","=""false"""
"=""lịch dương ngày hôm nay""","=""210""","=""0""","=""5""","=""Low""","=""false"""
"=""lịch năm 1991""","=""210""","=""0""","=""3""","=""Low""","=""false"""
"=""lịch năm 1992""","=""210""","=""0""","=""3""","=""Low""","=""false"""
"=""lịch năm 2004""","=""210""","=""0""","=""3""","=""Low""","=""false"""
"=""lịch tháng 7 âm""","=""210""","=""0""","=""4""","=""Low""","=""true"""
"=""lịch tháng âm""","=""210""","=""0""","=""3""","=""Low""","=""false"""
"=""lịch vạn niên 2019""","=""210""","=""0""","=""4""","=""Low""","=""false"""
"=""lịch vạn niên ngày""","=""210""","=""0""","=""4""","=""Low""","=""false"""
"=""lịch vạn niên ngày tốt xấu""","=""210""","=""0""","=""6""","=""Low""","=""false"""
"=""lịch vạn niên năm 2016""","=""210""","=""0""","=""5""","=""Low""","=""false"""
"=""lịch vạn niên tháng 2""","=""210""","=""0""","=""5""","=""Low""","=""false"""
"=""lịch vạn niên tháng 5""","=""210""","=""0""","=""5""","=""Low""","=""false"""
"=""lịch vạn niên tử vi hàng ngày""","=""210""","=""0""","=""7""","=""Low""","=""false"""
"=""lịch vạn niên âm lịch""","=""210""","=""0.02""","=""5""","=""Low""","=""false"""
"=""mấy âm""","=""210""","=""0""","=""2""","=""Low""","=""false"""
"=""nay ngày nhiêu âm""","=""210""","=""0""","=""4""","=""Low""","=""false"""
"=""ngay am lịch hom nay""","=""210""","=""0""","=""5""","=""Low""","=""false"""
"=""ngay âm lịch hôm nay""","=""210""","=""0""","=""5""","=""Low""","=""false"""
"=""ngày 13 âm lịch""","=""210""","=""0""","=""4""","=""Low""","=""false"""
"=""ngày 15 âm lịch""","=""210""","=""0""","=""4""","=""Low""","=""false"""
"=""ngày hoàng đạo nào tốt nhất""","=""210""","=""0""","=""6""","=""Low""","=""false"""
"=""ngày âm hôm""","=""210""","=""0""","=""3""","=""Low""","=""false"""
"=""ngày âm hôm nay có tốt không""","=""210""","=""0""","=""7""","=""Low""","=""false"""
"=""ngày âm hôm nay tốt hay xấu""","=""210""","=""0""","=""7""","=""Low""","=""false"""
"=""ngày đẹp tháng 3 âm lịch""","=""210""","=""0""","=""6""","=""Low""","=""false"""
"=""ngày đẹp tháng 8 âm""","=""210""","=""0""","=""5""","=""Low""","=""false"""
"=""ngày đẹp âm lịch""","=""210""","=""0""","=""4""","=""Low""","=""false"""
"=""năm nhuận âm lịch""","=""210""","=""0""","=""4""","=""Low""","=""false"""
"=""tháng 1 âm lịch""","=""210""","=""0""","=""4""","=""Low""","=""false"""
"=""tháng 12 âm""","=""210""","=""0""","=""3""","=""Low""","=""false"""
"=""tháng 2 âm""","=""210""","=""0""","=""3""","=""Low""","=""false"""
"=""tra cứu ngày âm lịch""","=""210""","=""0""","=""5""","=""Low""","=""false"""
"=""tra ngày âm sang dương""","=""210""","=""0""","=""5""","=""Low""","=""false"""
"=""tử vi lịch vạn niên hàng ngày""","=""210""","=""0""","=""7""","=""Low""","=""false"""
"=""tử vi tuổi giáp dần ngày hôm nay""","=""210""","=""0""","=""8""","=""Low""","=""false"""
"=""âm lịch tháng 4""","=""210""","=""0""","=""4""","=""Low""","=""false"""
"=""đổi ngày âm sang dương lich""","=""210""","=""0""","=""6""","=""Low""","=""false"""
"=""lịch vạn niên năm 2022""","=""170""","=""0""","=""5""","=""Low""","=""false"""
"=""11 11 âm lịch""","=""170""","=""0""","=""4""","=""Low""","=""false"""
"=""15 tháng 8 âm lịch""","=""170""","=""0""","=""5""","=""Low""","=""false"""
"=""19 12 âm lịch""","=""170""","=""0""","=""4""","=""Low""","=""false"""
"=""19 2 âm lịch""","=""170""","=""0""","=""4""","=""Low""","=""false"""
"=""20 10 âm lịch""","=""170""","=""0""","=""4""","=""Low""","=""false"""
"=""20 6 âm lịch""","=""170""","=""0""","=""4""","=""Low""","=""true"""
"=""26 12 âm lịch""","=""170""","=""0""","=""4""","=""Low""","=""false"""
"=""6 12 âm lịch""","=""170""","=""0""","=""4""","=""Low""","=""false"""
"=""aam lichj""","=""170""","=""0""","=""2""","=""Low""","=""false"""
"=""am lich hnay""","=""170""","=""0""","=""3""","=""Low""","=""false"""
"=""am lich hom""","=""170""","=""0""","=""3""","=""Low""","=""false"""
"=""cắt tóc âm lịch""","=""170""","=""0""","=""4""","=""Low""","=""false"""
"=""dương sang âm""","=""170""","=""0""","=""3""","=""Low""","=""false"""
"=""hom nay may am""","=""170""","=""0""","=""4""","=""Low""","=""true"""
"=""hôm nay ngày âm là mấy""","=""170""","=""0""","=""6""","=""Low""","=""false"""
"=""lịch 2019 âm và dương""","=""170""","=""0""","=""5""","=""Low""","=""false"""
"=""lịch có ngày âm""","=""170""","=""0.05""","=""4""","=""Low""","=""false"""
"=""lịch cắt tóc âm""","=""170""","=""0""","=""4""","=""Low""","=""false"""
"=""lịch hôm nay âm dương""","=""170""","=""0""","=""5""","=""Low""","=""false"""
"=""lịch năm 1982""","=""170""","=""0""","=""3""","=""Low""","=""false"""
"=""lịch năm 1985""","=""170""","=""0""","=""3""","=""Low""","=""false"""
"=""lịch năm 1987""","=""170""","=""0""","=""3""","=""Low""","=""false"""
"=""lịch năm 1988""","=""170""","=""0""","=""3""","=""Low""","=""false"""
"=""lịch tháng 10 âm""","=""170""","=""0""","=""4""","=""Low""","=""false"""
"=""lịch tháng 11 dương""","=""170""","=""0""","=""4""","=""Low""","=""false"""
"=""lịch tháng 8 dương""","=""170""","=""0""","=""4""","=""Low""","=""true"""
"=""lịch tháng 8 âm""","=""170""","=""0""","=""4""","=""Low""","=""false"""
"=""lịch vạn niên 2001""","=""170""","=""0""","=""4""","=""Low""","=""false"""
"=""lịch vạn niên 2003""","=""170""","=""0""","=""4""","=""Low""","=""false"""
"=""lịch vạn niên 2007""","=""170""","=""0""","=""4""","=""Low""","=""false"""
"=""lịch vạn niên 2012""","=""170""","=""0""","=""4""","=""Low""","=""false"""
"=""lịch vạn niên hôm nay ngày mai""","=""170""","=""0""","=""7""","=""Low""","=""false"""
"=""lịch vạn niên hôm nay và ngày mai""","=""170""","=""0""","=""8""","=""Low""","=""false"""
"=""lịch xuất hành cụ khổng minh""","=""170""","=""0""","=""6""","=""Low""","=""false"""
"=""ngày 21 âm lịch""","=""170""","=""0""","=""4""","=""Low""","=""false"""
"=""ngày 27 âm lịch""","=""170""","=""0""","=""4""","=""Low""","=""false"""
"=""ngày 29 âm lịch""","=""170""","=""0""","=""4""","=""Low""","=""false"""
"=""ngày mới 12 con giáp""","=""170""","=""0""","=""5""","=""Low""","=""false"""
"=""ngày tốt trong tháng 2 âm lịch""","=""170""","=""0""","=""7""","=""Low""","=""false"""
"=""ngày tốt trong tháng 3 âm lịch""","=""170""","=""0""","=""7""","=""Low""","=""false"""
"=""ngày tốt trong tháng 9 âm lịch""","=""170""","=""0""","=""7""","=""Low""","=""false"""
"=""ngày tốt âm lịch""","=""170""","=""0""","=""4""","=""Low""","=""false"""
"=""ngày âm ngày dương""","=""170""","=""0""","=""4""","=""Low""","=""false"""
"=""ngày đẹp tháng 7 âm lịch""","=""170""","=""0""","=""6""","=""Low""","=""false"""
"=""ngày đẹp trong tháng 8 âm lịch""","=""170""","=""0""","=""7""","=""Low""","=""false"""
"=""tháng 10 dương lịch""","=""170""","=""0""","=""4""","=""Low""","=""false"""
"=""tháng 3 âm""","=""170""","=""0""","=""3""","=""Low""","=""false"""
"=""tháng 4 âm""","=""170""","=""0""","=""3""","=""Low""","=""false"""
"=""tháng 5 âm""","=""170""","=""0""","=""3""","=""Low""","=""false"""
"=""tháng 6 dương lịch""","=""170""","=""0""","=""4""","=""Low""","=""false"""
"=""tháng 9 dương lịch""","=""170""","=""0""","=""4""","=""Low""","=""false"""
"=""tra am lich""","=""170""","=""0""","=""3""","=""Low""","=""false"""
"=""tra ngày âm dương""","=""170""","=""0""","=""4""","=""Low""","=""false"""
"=""tìm ngày âm lịch""","=""170""","=""0.02""","=""4""","=""Low""","=""false"""
"=""tết âm 2024""","=""170""","=""0""","=""3""","=""Low""","=""false"""
"=""tử vi tháng 7 âm lịch""","=""170""","=""0""","=""6""","=""Low""","=""false"""
"=""vạn niên hôm nay""","=""170""","=""0""","=""4""","=""Low""","=""false"""
"=""âm lịch tháng 1""","=""170""","=""0""","=""4""","=""Low""","=""false"""
"=""âm lịch và dương lịch""","=""170""","=""0""","=""5""","=""Low""","=""false"""
"=""đổi lịch dương âm""","=""170""","=""0""","=""4""","=""Low""","=""false"""
"=""đổi ngày dương qua ngày âm""","=""170""","=""0""","=""6""","=""Low""","=""false"""
"=""đổi ngày dương ra ngày âm""","=""170""","=""0""","=""6""","=""Low""","=""false"""
"=""đổi ngày âm""","=""170""","=""0""","=""3""","=""Low""","=""false"""
"=""lich van nien 2022""","=""140""","=""0""","=""4""","=""Low""","=""false"""
"=""lich nam 2023""","=""140""","=""0""","=""3""","=""Low""","=""false"""
"=""12 8 âm lịch""","=""140""","=""0""","=""4""","=""Low""","=""false"""
"=""14 âm""","=""140""","=""0""","=""2""","=""Low""","=""false"""
"=""15 tháng 7 âm lịch""","=""140""","=""0""","=""5""","=""Low""","=""true"""
"=""19 11 âm lịch""","=""140""","=""0""","=""4""","=""Low""","=""false"""
"=""19 6 âm lịch""","=""140""","=""0""","=""4""","=""Low""","=""true"""
"=""20 11 âm lịch""","=""140""","=""0""","=""4""","=""Low""","=""false"""
"=""20 tháng 12 âm lịch""","=""140""","=""0""","=""5""","=""Low""","=""false"""
"=""25 tháng 12 âm lịch""","=""140""","=""0""","=""5""","=""Low""","=""false"""
"=""26 6 âm lịch""","=""140""","=""0""","=""4""","=""Low""","=""true"""
"=""30 âm lịch""","=""140""","=""0""","=""3""","=""Low""","=""false"""
"=""8 4 âm lịch""","=""140""","=""0""","=""4""","=""Low""","=""false"""
"=""coi ngày âm""","=""140""","=""0""","=""3""","=""Low""","=""false"""
"=""duong lich sang am lich""","=""140""","=""0""","=""5""","=""Low""","=""false"""
"=""dương lịch sang âm lịch""","=""140""","=""0""","=""5""","=""Low""","=""false"""
"=""hnay âm lich""","=""140""","=""0""","=""3""","=""Low""","=""false"""
"=""hom nay am lich bao nhieu""","=""140""","=""0""","=""6""","=""Low""","=""false"""
"=""hom nay la bao nhieu am lich""","=""140""","=""0""","=""7""","=""Low""","=""true"""
"=""hom nay mung may am lich""","=""140""","=""0""","=""6""","=""Low""","=""false"""
"=""hôm nay âm bn""","=""140""","=""0""","=""4""","=""Low""","=""false"""
"=""lich a hom nay""","=""140""","=""0""","=""4""","=""Low""","=""true"""
"=""lich ngay mai""","=""140""","=""0""","=""3""","=""Low""","=""false"""
"=""lịch 2000""","=""140""","=""0""","=""2""","=""Low""","=""false"""
"=""lịch coi ngày""","=""140""","=""0.02""","=""3""","=""Low""","=""false"""
"=""lịch ngày âm dương""","=""140""","=""0""","=""4""","=""Low""","=""false"""
"=""lịch năm 1983""","=""140""","=""0""","=""3""","=""Low""","=""false"""
"=""lịch năm 1984""","=""140""","=""0""","=""3""","=""Low""","=""false"""
"=""lịch năm 1986""","=""140""","=""0""","=""3""","=""Low""","=""false"""
"=""lịch năm 1989""","=""140""","=""0""","=""3""","=""Low""","=""false"""
"=""lịch năm 2022 dương lịch""","=""140""","=""0""","=""5""","=""Low""","=""false"""
"=""lịch năm 2029""","=""140""","=""0""","=""3""","=""Low""","=""false"""
"=""lịch tháng 12 âm""","=""140""","=""0""","=""4""","=""Low""","=""false"""
"=""lịch tháng 12 âm lịch""","=""140""","=""0""","=""5""","=""Medium""","=""false"""
"=""lịch tháng 8 âm lịch""","=""140""","=""0""","=""5""","=""Low""","=""false"""
"=""lịch tháng 9 âm""","=""140""","=""0""","=""4""","=""Low""","=""false"""
"=""lịch tất niên""","=""140""","=""0""","=""3""","=""Low""","=""false"""
"=""lịch vạn niên 1990""","=""140""","=""0""","=""4""","=""Low""","=""false"""
"=""lịch vạn niên 1993""","=""140""","=""0""","=""4""","=""Low""","=""false"""
"=""lịch vạn niên 1996""","=""140""","=""0""","=""4""","=""Low""","=""false"""
"=""lịch vạn niên 1998""","=""140""","=""0""","=""4""","=""Low""","=""false"""
"=""lịch vạn niên 2002""","=""140""","=""0""","=""4""","=""Low""","=""false"""
"=""lịch vạn niên 2004""","=""140""","=""0""","=""4""","=""Low""","=""false"""
"=""lịch vạn niên 2009""","=""140""","=""0""","=""4""","=""Low""","=""false"""
"=""lịch vạn niên 2014""","=""140""","=""0""","=""4""","=""Low""","=""false"""
"=""lịch vạn niên ngũ hành""","=""140""","=""0""","=""5""","=""Low""","=""false"""
"=""lịch vạn niên năm 2015""","=""140""","=""0""","=""5""","=""Low""","=""false"""
"=""lịch vạn niên năm 2021""","=""140""","=""0""","=""5""","=""Low""","=""false"""
"=""lịch vạn niên tháng""","=""140""","=""0""","=""4""","=""Low""","=""false"""
"=""nay ngay may am""","=""140""","=""0""","=""4""","=""Low""","=""false"""
"=""nay âm lich hôm nay""","=""140""","=""0""","=""5""","=""Low""","=""false"""
"=""ngay âm lich hom nay""","=""140""","=""0""","=""5""","=""Low""","=""false"""
"=""ngày 10 tháng 3 âm lịch""","=""140""","=""0""","=""6""","=""Low""","=""false"""
"=""ngày 10 âm lịch""","=""140""","=""0""","=""4""","=""Low""","=""false"""
"=""ngày 11 âm lịch""","=""140""","=""0""","=""4""","=""Low""","=""false"""
"=""ngày 23 âm có tốt không""","=""140""","=""0""","=""6""","=""Low""","=""false"""
"=""ngày am hom nay""","=""140""","=""0""","=""4""","=""Low""","=""false"""
"=""ngày giờ âm lịch""","=""140""","=""0""","=""4""","=""Low""","=""false"""
"=""ngày hôm nay có phải ngày đẹp không""","=""140""","=""0""","=""8""","=""Low""","=""true"""
"=""ngày này âm lich""","=""140""","=""0""","=""4""","=""Low""","=""false"""
"=""ngày tốt tháng 10 dương lịch""","=""140""","=""0""","=""6""","=""Low""","=""false"""
"=""ngày tốt trong tháng 10 âm lịch""","=""140""","=""0""","=""7""","=""Low""","=""false"""
"=""ngày tốt trong tháng 5 âm lịch""","=""140""","=""0""","=""7""","=""Low""","=""false"""
"=""ngày xấu""","=""140""","=""0""","=""2""","=""Low""","=""true"""
"=""tháng giêng âm lịch""","=""140""","=""0""","=""4""","=""Low""","=""false"""
"=""tuổi âm lịch""","=""140""","=""0""","=""3""","=""Low""","=""false"""
"=""âm hom nay""","=""140""","=""0""","=""3""","=""Low""","=""false"""
"=""âm lich nay bao nhieu""","=""140""","=""0""","=""5""","=""Low""","=""false"""
"=""âm lịch có ngày 31 không""","=""140""","=""0""","=""6""","=""Low""","=""false"""
"=""âm lịch của ngày hôm nay""","=""140""","=""0""","=""6""","=""Low""","=""false"""
"=""đổi ngày âm ra dương""","=""140""","=""0""","=""5""","=""Low""","=""false"""
"=""âm lich 2022""","=""110""","=""0""","=""3""","=""Low""","=""false"""
"=""lịch 2023 âm và dương""","=""110""","=""0""","=""5""","=""Low""","=""false"""
"=""1 6 âm lịch""","=""110""","=""0""","=""4""","=""Low""","=""true"""
"=""1 8 âm lịch""","=""110""","=""0""","=""4""","=""Low""","=""false"""
"=""10 12 âm lịch""","=""110""","=""0""","=""4""","=""Low""","=""false"""
"=""10 âm lịch""","=""110""","=""0""","=""3""","=""Low""","=""false"""
"=""12 12 âm lịch""","=""110""","=""0""","=""4""","=""Low""","=""false"""
"=""12 2 âm lịch""","=""110""","=""0""","=""4""","=""Low""","=""false"""
"=""14 7 âm lịch""","=""110""","=""0""","=""4""","=""Low""","=""true"""
"=""15 12 âm lịch""","=""110""","=""0""","=""4""","=""Low""","=""false"""
"=""18 12 âm lịch""","=""110""","=""0""","=""4""","=""Low""","=""false"""
"=""20 tháng 6 âm lịch""","=""110""","=""0""","=""5""","=""Low""","=""true"""
"=""21 12 âm lịch""","=""110""","=""0""","=""4""","=""Low""","=""false"""
"=""22 12 âm lịch""","=""110""","=""0""","=""4""","=""Low""","=""false"""
"=""24 12 âm lịch""","=""110""","=""0""","=""4""","=""Low""","=""false"""
"=""25 11 âm lịch""","=""110""","=""0""","=""4""","=""Low""","=""false"""
"=""8 12 âm lịch""","=""110""","=""0""","=""4""","=""Low""","=""false"""
"=""am lich hom nay ngay bao nhieu""","=""110""","=""0""","=""7""","=""Low""","=""false"""
"=""bữa nay mấy âm""","=""110""","=""0""","=""4""","=""Low""","=""false"""
"=""coi lịch ngày âm""","=""110""","=""0""","=""4""","=""Low""","=""false"""
"=""hn là bn âm""","=""110""","=""0""","=""4""","=""Low""","=""false"""
"=""hôm nay nhiêu âm""","=""110""","=""0""","=""4""","=""Low""","=""false"""
"=""lich năm 2022""","=""110""","=""0""","=""3""","=""Low""","=""false"""
"=""lich van niên hôm nay""","=""110""","=""0""","=""5""","=""Low""","=""false"""
"=""lịch 2021 âm và dương""","=""110""","=""0""","=""5""","=""Low""","=""false"""
"=""lịch chữ a""","=""110""","=""0""","=""3""","=""Low""","=""false"""
"=""lịch duong hôm nay""","=""110""","=""0""","=""4""","=""Low""","=""false"""
"=""lịch ngày dương""","=""110""","=""0""","=""3""","=""Low""","=""true"""
"=""lịch ngày dưới hôm nay""","=""110""","=""0""","=""5""","=""Low""","=""false"""
"=""lịch ngày tốt 12 con giáp hôm nay""","=""110""","=""0""","=""8""","=""Low""","=""false"""
"=""lịch năm 1979""","=""110""","=""0""","=""3""","=""Low""","=""false"""
"=""lịch năm 1980""","=""110""","=""0""","=""3""","=""Low""","=""false"""
"=""lịch năm 1981""","=""110""","=""0""","=""3""","=""Low""","=""false"""
"=""lịch tháng 11 âm""","=""110""","=""0""","=""4""","=""Low""","=""false"""
"=""lịch tháng 6 âm""","=""110""","=""0""","=""4""","=""Low""","=""true"""
"=""lịch tháng 7 âm lịch""","=""110""","=""0""","=""5""","=""Low""","=""true"""
"=""lịch vạn niên 1988""","=""110""","=""0""","=""4""","=""Low""","=""false"""
"=""lịch vạn niên 1991""","=""110""","=""0""","=""4""","=""Low""","=""false"""
"=""lịch vạn niên 1994""","=""110""","=""0""","=""4""","=""Low""","=""false"""
"=""lịch vạn niên 1995""","=""110""","=""0""","=""4""","=""Low""","=""false"""
"=""lịch vạn niên 1997""","=""110""","=""0""","=""4""","=""Low""","=""false"""
"=""lịch vạn niên 1999""","=""110""","=""0""","=""4""","=""Low""","=""false"""
"=""lịch vạn niên 2000""","=""110""","=""0""","=""4""","=""Low""","=""false"""
"=""lịch vạn niên 2008""","=""110""","=""0""","=""4""","=""Low""","=""false"""
"=""lịch vạn niên 2010""","=""110""","=""0""","=""4""","=""Low""","=""false"""
"=""lịch vạn niên 2011""","=""110""","=""0""","=""4""","=""Low""","=""false"""
"=""lịch vạn niên 2013""","=""110""","=""0""","=""4""","=""Low""","=""false"""
"=""lịch vạn niên hôm nay tốt hay xấu""","=""110""","=""0""","=""8""","=""Low""","=""false"""
"=""lịch vạn niên ngày tốt""","=""110""","=""0""","=""5""","=""Low""","=""false"""
"=""lịch vạn niên năm 1987""","=""110""","=""0""","=""5""","=""Low""","=""false"""
"=""lịch vạn niên năm 1990""","=""110""","=""0""","=""5""","=""Low""","=""false"""
"=""lịch vạn niên năm 2000""","=""110""","=""0""","=""5""","=""Low""","=""false"""
"=""lịch vạn niên năm 2005""","=""110""","=""0""","=""5""","=""Low""","=""false"""
"=""lịch vạn niên năm 2020""","=""110""","=""0""","=""5""","=""Low""","=""false"""
"=""lịch vạn su""","=""110""","=""0""","=""3""","=""Low""","=""false"""
"=""mai ngày đẹp hay xấu""","=""110""","=""0""","=""5""","=""Low""","=""false"""
"=""ngay may am lich""","=""110""","=""0""","=""4""","=""Low""","=""false"""
"=""ngay may am lịch""","=""110""","=""0""","=""4""","=""Low""","=""false"""
"=""ngày 14 âm có tốt không""","=""110""","=""0""","=""6""","=""Low""","=""false"""
"=""ngày 15 tháng 8 âm lịch""","=""110""","=""0""","=""6""","=""Low""","=""false"""
"=""ngày 19 tháng 6 âm lịch""","=""110""","=""0""","=""6""","=""Low""","=""true"""
"=""ngày 20 tháng 12 âm lịch""","=""110""","=""0""","=""6""","=""Low""","=""false"""
"=""ngày 20 âm""","=""110""","=""0""","=""3""","=""Low""","=""false"""
"=""ngày tháng âm""","=""110""","=""0""","=""3""","=""Low""","=""false"""
"=""ngày âm hôm nay có đẹp không""","=""110""","=""0""","=""7""","=""Low""","=""false"""
"=""ngày đẹp tháng 10 âm""","=""110""","=""0""","=""5""","=""Low""","=""false"""
"=""năm âm""","=""110""","=""0""","=""2""","=""Low""","=""false"""
"=""tháng dương lịch""","=""110""","=""0""","=""3""","=""Low""","=""false"""
"=""tết âm lich năm 2024""","=""110""","=""0""","=""5""","=""Low""","=""false"""
"=""tết âm lịch năm 2024""","=""110""","=""0""","=""5""","=""Low""","=""false"""
"=""tử vi tháng 8 âm lịch""","=""110""","=""0""","=""6""","=""Low""","=""false"""
"=""âm dương lịch hôm nay""","=""110""","=""0""","=""5""","=""Low""","=""false"""
"=""âm dương đối lịch""","=""110""","=""0""","=""4""","=""Medium""","=""false"""
"=""âm lich informatik""","=""110""","=""0""","=""3""","=""Low""","=""false"""
"=""âm lich sang duong lich""","=""110""","=""0""","=""5""","=""Low""","=""false"""
"=""âm sang dương""","=""110""","=""0""","=""3""","=""Low""","=""false"""
"=""đổi dương lịch sang âm""","=""110""","=""0""","=""5""","=""Low""","=""false"""
"=""11 12 âm lịch""","=""90""","=""0""","=""4""","=""Low""","=""false"""
"=""12 10 âm lịch""","=""90""","=""0""","=""4""","=""Low""","=""false"""
"=""12 6 âm lịch""","=""90""","=""0""","=""4""","=""Low""","=""true"""
"=""12 9 âm lịch""","=""90""","=""0""","=""4""","=""Low""","=""false"""
"=""16 11 âm lịch""","=""90""","=""0""","=""4""","=""Low""","=""false"""
"=""16 12 âm lịch""","=""90""","=""0""","=""4""","=""Low""","=""false"""
"=""19 10 âm lịch""","=""90""","=""0""","=""4""","=""Low""","=""false"""
"=""2 8 âm lịch""","=""90""","=""0""","=""4""","=""Low""","=""true"""
"=""2 9 âm lịch""","=""90""","=""0""","=""4""","=""Low""","=""false"""
"=""24 11 âm lịch""","=""90""","=""0""","=""4""","=""Low""","=""false"""
"=""27 12 âm lịch""","=""90""","=""0""","=""4""","=""Low""","=""false"""
"=""am lich ngay may""","=""90""","=""0""","=""4""","=""Low""","=""false"""
"=""hom nay ngay am bao nhieu""","=""90""","=""0""","=""6""","=""Low""","=""false"""
"=""hôm nay là ngày hoàng đạo hay hắc đạo""","=""90""","=""0""","=""9""","=""Low""","=""true"""
"=""hôm nay âm lich ngay may""","=""90""","=""0""","=""6""","=""Low""","=""false"""
"=""l8chj âm""","=""90""","=""0""","=""2""","=""Low""","=""false"""
"=""lich van nien bao moi""","=""90""","=""0""","=""5""","=""Low""","=""false"""
"=""lịch dương năm 2020""","=""90""","=""0""","=""4""","=""Low""","=""false"""
"=""lịch năm 1977""","=""90""","=""0""","=""3""","=""Low""","=""false"""
"=""lịch thang 4""","=""90""","=""0""","=""3""","=""Medium""","=""false"""
"=""lịch tây lịch ta""","=""90""","=""0""","=""4""","=""Low""","=""false"""
"=""lịch vạn niên 1982""","=""90""","=""0""","=""4""","=""Low""","=""false"""
"=""lịch vạn niên 1983""","=""90""","=""0""","=""4""","=""Low""","=""false"""
"=""lịch vạn niên 1984""","=""90""","=""0""","=""4""","=""Low""","=""false"""
"=""lịch vạn niên 1985""","=""90""","=""0""","=""4""","=""Low""","=""false"""
"=""lịch vạn niên 1986""","=""90""","=""0""","=""4""","=""Low""","=""false"""
"=""lịch vạn niên 1987""","=""90""","=""0""","=""4""","=""Low""","=""false"""
"=""lịch vạn niên 1989""","=""90""","=""0""","=""4""","=""Low""","=""false"""
"=""lịch vạn niên 1992""","=""90""","=""0""","=""4""","=""Low""","=""false"""
"=""lịch vạn niên năm 1982""","=""90""","=""0""","=""5""","=""Low""","=""false"""
"=""lịch vạn niên năm 1983""","=""90""","=""0""","=""5""","=""Low""","=""false"""
"=""lịch vạn niên năm 1984""","=""90""","=""0""","=""5""","=""Low""","=""false"""
"=""lịch vạn niên năm 1985""","=""90""","=""0""","=""5""","=""Low""","=""false"""
"=""lịch vạn niên năm 1988""","=""90""","=""0""","=""5""","=""Low""","=""false"""
"=""lịch vạn niên năm 1989""","=""90""","=""0""","=""5""","=""Low""","=""false"""
"=""lịch vạn niên năm 1991""","=""90""","=""0""","=""5""","=""Low""","=""false"""
"=""lịch vạn niên năm 1992""","=""90""","=""0""","=""5""","=""Low""","=""false"""
"=""lịch vạn niên năm 1993""","=""90""","=""0""","=""5""","=""Low""","=""false"""
"=""lịch vạn niên năm 1995""","=""90""","=""0""","=""5""","=""Low""","=""false"""
"=""lịch vạn niên năm 1996""","=""90""","=""0""","=""5""","=""Low""","=""false"""
"=""lịch vạn niên năm 1998""","=""90""","=""0""","=""5""","=""Low""","=""false"""
"=""lịch vạn niên năm 1999""","=""90""","=""0""","=""5""","=""Low""","=""false"""
"=""lịch vạn niên năm 2001""","=""90""","=""0""","=""5""","=""Low""","=""false"""
"=""lịch vạn niên năm 2007""","=""90""","=""0""","=""5""","=""Low""","=""true"""
"=""lịch vạn niên năm 2017""","=""90""","=""0""","=""5""","=""Low""","=""false"""
"=""lịch vạn niên năm 2018""","=""90""","=""0""","=""5""","=""Low""","=""false"""
"=""lịch vạn niên tháng 1""","=""90""","=""0""","=""5""","=""Low""","=""false"""
"=""ngày 12 tháng 6 âm lịch""","=""90""","=""0""","=""6""","=""Low""","=""true"""
"=""ngày 16 tháng 12 âm lịch""","=""90""","=""0""","=""6""","=""Low""","=""false"""
"=""ngày 16 âm""","=""90""","=""0""","=""3""","=""Low""","=""false"""
"=""ngày 24 tháng 12 âm lịch""","=""90""","=""0""","=""6""","=""Low""","=""false"""
"=""ngày 24 âm""","=""90""","=""0""","=""3""","=""Low""","=""false"""
"=""ngày 25 tháng 12 âm lịch""","=""90""","=""0""","=""6""","=""Low""","=""false"""
"=""ngày 25 âm""","=""90""","=""0""","=""3""","=""Low""","=""false"""
"=""ngày 26 âm""","=""90""","=""0""","=""3""","=""Low""","=""false"""
"=""ngày tốt giờ tốt""","=""90""","=""0""","=""4""","=""Low""","=""false"""
"=""ngày tốt tháng 1 âm lịch""","=""90""","=""0""","=""6""","=""Low""","=""false"""
"=""ngày tốt tháng 8 âm""","=""90""","=""0""","=""5""","=""Low""","=""false"""
"=""ngày âm lich tháng này""","=""90""","=""0""","=""5""","=""Low""","=""false"""
"=""ngày âm sang dương""","=""90""","=""0""","=""4""","=""Low""","=""false"""
"=""ngày đẹp tháng 1 âm lịch""","=""90""","=""0""","=""6""","=""Low""","=""false"""
"=""ngày đẹp tháng 6 âm""","=""90""","=""0""","=""5""","=""Low""","=""true"""
"=""ngày đẹp tháng 7 âm""","=""90""","=""0""","=""5""","=""Low""","=""false"""
"=""năm nhuận dương lịch""","=""90""","=""0""","=""4""","=""Low""","=""false"""
"=""tháng 1 âm""","=""90""","=""0""","=""3""","=""Low""","=""false"""
"=""tra cứu ngày âm""","=""90""","=""0""","=""4""","=""Low""","=""false"""
"=""tra cứu ngày âm sang dương""","=""90""","=""0""","=""6""","=""Low""","=""false"""
"=""tử vi tháng 5 âm lịch""","=""90""","=""0""","=""6""","=""Low""","=""false"""
"=""âm hôm nay bao nhieu""","=""90""","=""0""","=""5""","=""Low""","=""false"""
"=""âm lịch tháng""","=""90""","=""0""","=""3""","=""Low""","=""false"""
"=""đổi ngày dương sang âm phong thủy""","=""90""","=""0""","=""7""","=""Low""","=""false"""
"=""đổi ngày dương âm""","=""90""","=""0""","=""4""","=""Low""","=""false"""
"=""âm lich năm 2022""","=""70""","=""0""","=""4""","=""Low""","=""false"""
"=""12 tháng 6 âm lịch""","=""70""","=""0""","=""5""","=""Low""","=""true"""
"=""15 1 âm lịch""","=""70""","=""0""","=""4""","=""Low""","=""false"""
"=""16 8 âm lịch""","=""70""","=""0""","=""4""","=""Low""","=""true"""
"=""17 12 âm lịch""","=""70""","=""0""","=""4""","=""Low""","=""false"""
"=""19 tháng 6 âm lịch""","=""70""","=""0""","=""5""","=""Low""","=""true"""
"=""20 5 âm lịch""","=""70""","=""0""","=""4""","=""Low""","=""false"""
"=""20 tháng 10 âm lịch""","=""70""","=""0""","=""5""","=""Low""","=""false"""
"=""25 tháng 11 âm lịch""","=""70""","=""0""","=""5""","=""Low""","=""false"""
"=""28 12 âm lịch""","=""70""","=""0""","=""4""","=""Low""","=""false"""
"=""30 âm""","=""70""","=""0""","=""2""","=""Low""","=""false"""
"=""6 10 âm lịch""","=""70""","=""0""","=""4""","=""Low""","=""false"""
"=""a lịch hôm nay""","=""70""","=""0""","=""4""","=""Low""","=""false"""
"=""am lich 2021""","=""70""","=""0""","=""3""","=""Low""","=""false"""
"=""coi lịch vạn niên""","=""70""","=""0""","=""4""","=""Low""","=""false"""
"=""dương lịch sang âm""","=""70""","=""0""","=""4""","=""Low""","=""false"""
"=""hom nay am lich ngay bao nhieu""","=""70""","=""0""","=""7""","=""Low""","=""false"""
"=""hom nay la may am lich""","=""70""","=""0""","=""6""","=""Low""","=""false"""
"=""hom nay mong may am""","=""70""","=""0""","=""5""","=""Low""","=""false"""
"=""hôm nay ngày mây âm lich""","=""70""","=""0""","=""6""","=""Low""","=""false"""
"=""lich nam 2021""","=""70""","=""0""","=""3""","=""Low""","=""false"""
"=""lich năm 2021""","=""70""","=""0""","=""3""","=""Low""","=""false"""
"=""lich phong thuy""","=""70""","=""0""","=""3""","=""Low""","=""false"""
"=""lich van nien hôm nay""","=""70""","=""0""","=""5""","=""Low""","=""false"""
"=""lịch 1985""","=""70""","=""0""","=""2""","=""Low""","=""false"""
"=""lịch 2020 âm và dương""","=""70""","=""0""","=""5""","=""Low""","=""false"""
"=""lịch ngày tốt tử vi 12 con giáp""","=""70""","=""0""","=""8""","=""Low""","=""true"""
"=""lịch năm 1968""","=""70""","=""0""","=""3""","=""Low""","=""false"""
"=""lịch năm 1969""","=""70""","=""0""","=""3""","=""Low""","=""false"""
"=""lịch năm 1970""","=""70""","=""0""","=""3""","=""Low""","=""false"""
"=""lịch năm 1972""","=""70""","=""0""","=""3""","=""Low""","=""false"""
"=""lịch năm 1974""","=""70""","=""0""","=""3""","=""Low""","=""false"""
"=""lịch năm 1976""","=""70""","=""0""","=""3""","=""Low""","=""false"""
"=""lịch vạn niên 1976""","=""70""","=""0""","=""4""","=""Low""","=""false"""
"=""lịch vạn niên 1977""","=""70""","=""0""","=""4""","=""Low""","=""false"""
"=""lịch vạn niên 1979""","=""70""","=""0""","=""4""","=""Low""","=""false"""
"=""lịch vạn niên 1981""","=""70""","=""0""","=""4""","=""Low""","=""false"""
"=""lịch vạn niên năm 1976""","=""70""","=""0""","=""5""","=""Low""","=""false"""
"=""lịch vạn niên năm 1977""","=""70""","=""0""","=""5""","=""Low""","=""false"""
"=""lịch vạn niên năm 1978""","=""70""","=""0""","=""5""","=""Low""","=""false"""
"=""lịch vạn niên năm 1979""","=""70""","=""0""","=""5""","=""Low""","=""false"""
"=""lịch vạn niên năm 1980""","=""70""","=""0""","=""5""","=""Low""","=""false"""
"=""lịch vạn niên năm 1981""","=""70""","=""0""","=""5""","=""Low""","=""false"""
"=""lịch vạn niên năm 1986""","=""70""","=""0""","=""5""","=""Low""","=""false"""
"=""lịch vạn niên năm 1994""","=""70""","=""0""","=""5""","=""Low""","=""false"""
"=""lịch vạn niên năm 1997""","=""70""","=""0""","=""5""","=""Low""","=""false"""
"=""lịch vạn niên năm 2002""","=""70""","=""0""","=""5""","=""Low""","=""false"""
"=""lịch vạn niên năm 2003""","=""70""","=""0""","=""5""","=""Low""","=""false"""
"=""lịch vạn niên năm 2004""","=""70""","=""0""","=""5""","=""Low""","=""false"""
"=""lịch vạn niên năm 2008""","=""70""","=""0""","=""5""","=""Low""","=""false"""
"=""lịch vạn niên năm 2009""","=""70""","=""0""","=""5""","=""Low""","=""false"""
"=""lịch vạn niên năm 2010""","=""70""","=""0""","=""5""","=""Low""","=""false"""
"=""lịch vạn niên năm 2011""","=""70""","=""0""","=""5""","=""Low""","=""false"""
"=""lịch vạn niên năm 2012""","=""70""","=""0""","=""5""","=""Low""","=""false"""
"=""lịch vạn niên năm 2013""","=""70""","=""0""","=""5""","=""Low""","=""false"""
"=""lịch vạn niên năm 2014""","=""70""","=""0""","=""5""","=""Low""","=""false"""
"=""lịch vạn niên năm 2019""","=""70""","=""0""","=""5""","=""Low""","=""false"""
"=""lịch vạn niên tra cứu trực tuyến âm dương""","=""70""","=""0""","=""9""","=""Low""","=""false"""
"=""lịch vạn niên âm""","=""70""","=""0""","=""4""","=""Low""","=""false"""
"=""lịchvansu""","=""70""","=""0""","=""1""","=""Low""","=""false"""
"=""ngay gio tot hom nay""","=""70""","=""0""","=""5""","=""Low""","=""false"""
"=""ngày 10 10 âm""","=""70""","=""0""","=""4""","=""Low""","=""false"""
"=""ngày 12 âm""","=""70""","=""0""","=""3""","=""Low""","=""false"""
"=""ngày 15 âm""","=""70""","=""0""","=""3""","=""Low""","=""false"""
"=""ngày 18 âm""","=""70""","=""0""","=""3""","=""Low""","=""false"""
"=""ngày 19 âm""","=""70""","=""0""","=""3""","=""Low""","=""false"""
"=""ngày 20 tháng 10 âm lịch""","=""70""","=""0""","=""6""","=""Low""","=""false"""
"=""ngày 23 âm""","=""70""","=""0""","=""3""","=""Low""","=""false"""
"=""ngày 27 âm""","=""70""","=""0""","=""3""","=""Low""","=""false"""
"=""ngày 28 âm""","=""70""","=""0""","=""3""","=""Low""","=""false"""
"=""ngày hôm nay âm""","=""70""","=""0""","=""4""","=""Low""","=""false"""
"=""ngày tháng năm âm lịch""","=""70""","=""0""","=""5""","=""Low""","=""false"""
"=""ngày tốt lịch vạn niên""","=""70""","=""0""","=""5""","=""Low""","=""false"""
"=""ngày âm hôm qua""","=""70""","=""0""","=""4""","=""Low""","=""false"""
"=""ngày âm tháng 11""","=""70""","=""0""","=""4""","=""Low""","=""false"""
"=""ngày đẹp tháng 12 âm""","=""70""","=""0""","=""5""","=""Low""","=""false"""
"=""ngày đẹp tháng 2 âm""","=""70""","=""0""","=""5""","=""Low""","=""false"""
"=""ngày đẹp tháng 3 âm""","=""70""","=""0""","=""5""","=""Low""","=""false"""
"=""thang am lich""","=""70""","=""0""","=""3""","=""Low""","=""false"""
"=""tra cuu lich van nien""","=""70""","=""0""","=""5""","=""Low""","=""false"""
"=""tử vi 12 cung hoàng đạo tháng này""","=""70""","=""0""","=""8""","=""Low""","=""true"""
"=""tử vi tháng 10 âm lịch""","=""70""","=""0""","=""6""","=""Low""","=""false"""
"=""tử vi tháng 6 âm lịch""","=""70""","=""0""","=""6""","=""Low""","=""true"""
"=""tử vi tháng 9 âm lịch""","=""70""","=""0""","=""6""","=""Low""","=""false"""
"=""âl hom nay""","=""70""","=""0""","=""3""","=""Low""","=""false"""
"=""âm lich 2019""","=""70""","=""0""","=""3""","=""Low""","=""false"""
"=""âm lich 2020""","=""70""","=""0""","=""3""","=""Low""","=""false"""
"=""âm lich 2021""","=""70""","=""0""","=""3""","=""Low""","=""false"""
"=""âm lich hôm nay ngày đẹp""","=""70""","=""0""","=""6""","=""Low""","=""false"""
"=""âm lịch năm 2022""","=""70""","=""0""","=""4""","=""Low""","=""false"""
"=""đổi âm lịch""","=""70""","=""0""","=""3""","=""Low""","=""false"""
"=""lịch gỗ treo tường cao cấp""","=""50""","=""0""","=""6""","=""High""","=""false"""
"=""lịch 2022 âm và dương""","=""50""","=""0""","=""5""","=""Low""","=""false"""
"=""1 1 âm lịch""","=""50""","=""0""","=""4""","=""Low""","=""false"""
"=""12 11 âm lịch""","=""50""","=""0""","=""4""","=""Low""","=""false"""
"=""16 1 âm lịch""","=""50""","=""0""","=""4""","=""Low""","=""false"""
"=""18 11 âm lịch""","=""50""","=""0""","=""4""","=""Low""","=""false"""
"=""2 6 âm lịch""","=""50""","=""0""","=""4""","=""Low""","=""false"""
"=""am lich 2024""","=""50""","=""0""","=""3""","=""Low""","=""false"""
"=""hôm nay ngay mấy âm""","=""50""","=""0""","=""5""","=""Low""","=""false"""
"=""hôm nay âm lich ngay nhieu""","=""50""","=""0""","=""6""","=""Low""","=""false"""
"=""lich duong thang 8""","=""50""","=""0""","=""4""","=""Low""","=""true"""
"=""lich nam 2019""","=""50""","=""0""","=""3""","=""Low""","=""false"""
"=""lich nam 2020""","=""50""","=""0""","=""3""","=""Low""","=""false"""
"=""lich ngay tot xau""","=""50""","=""0""","=""4""","=""Low""","=""false"""
"=""lich tot xau""","=""50""","=""0""","=""3""","=""Low""","=""false"""
"=""lich van nien 2021""","=""50""","=""0""","=""4""","=""Low""","=""false"""
"=""lich van nien hom nay ngay mai""","=""50""","=""0""","=""7""","=""Low""","=""false"""
"=""lich van nien ngay hom nay""","=""50""","=""0""","=""6""","=""Low""","=""false"""
"=""lich vạn niên 2023""","=""50""","=""0""","=""4""","=""Low""","=""false"""
"=""lịch hôm nay tốt hay xấu""","=""50""","=""0""","=""6""","=""Low""","=""false"""
"=""lịch năm 1966""","=""50""","=""0""","=""3""","=""Low""","=""false"""
"=""lịch năm 1971""","=""50""","=""0""","=""3""","=""Low""","=""false"""
"=""lịch năm 1973""","=""50""","=""0""","=""3""","=""Low""","=""false"""
"=""lịch năm 2021 dương lịch""","=""50""","=""0""","=""5""","=""Low""","=""false"""
"=""lịch tết năm 2024""","=""50""","=""0""","=""4""","=""Low""","=""false"""
"=""lịch tết âm 2024""","=""50""","=""0""","=""4""","=""Low""","=""false"""
"=""lịch vạn niên 1972""","=""50""","=""0""","=""4""","=""Low""","=""false"""
"=""lịch vạn niên 1973""","=""50""","=""0""","=""4""","=""Low""","=""false"""
"=""lịch vạn niên 1974""","=""50""","=""0""","=""4""","=""Low""","=""false"""
"=""lịch vạn niên 1975""","=""50""","=""0""","=""4""","=""Low""","=""false"""
"=""lịch vạn niên 1978""","=""50""","=""0""","=""4""","=""Low""","=""false"""
"=""lịch vạn niên 1980""","=""50""","=""0""","=""4""","=""Low""","=""false"""
"=""lịch vạn niên năm 1974""","=""50""","=""0""","=""5""","=""Low""","=""false"""
"=""lịch vạn niên vạn sự""","=""50""","=""0""","=""5""","=""Low""","=""false"""
"=""ngay am hnay""","=""50""","=""0""","=""3""","=""Low""","=""false"""
"=""ngày 11 tháng 11 âm lịch""","=""50""","=""0""","=""6""","=""Low""","=""false"""
"=""ngày 17 tháng 12 âm lịch""","=""50""","=""0""","=""6""","=""Low""","=""false"""
"=""ngày bn âm""","=""50""","=""0""","=""3""","=""Low""","=""false"""
"=""ngày tốt tháng 10 âm""","=""50""","=""0""","=""5""","=""Low""","=""false"""
"=""ngày tốt tháng 11 âm""","=""50""","=""0""","=""5""","=""Low""","=""false"""
"=""ngày tốt tháng 7 âm""","=""50""","=""0""","=""5""","=""Low""","=""false"""
"=""ngày tốt tháng 9 âm""","=""50""","=""0""","=""5""","=""Low""","=""false"""
"=""ngày tốt xấu lịch vạn niên""","=""50""","=""0""","=""6""","=""Low""","=""false"""
"=""ngày âm của ngày hôm nay""","=""50""","=""0""","=""6""","=""Low""","=""false"""
"=""ngày âm tháng 6""","=""50""","=""0""","=""4""","=""Low""","=""false"""
"=""ngày âm tháng 8""","=""50""","=""0""","=""4""","=""Low""","=""true"""
"=""ngày âm tháng 9""","=""50""","=""0""","=""4""","=""Low""","=""false"""
"=""năm 2023 có nhuận âm không""","=""50""","=""0""","=""6""","=""Low""","=""false"""
"=""tháng 12 âm lịch đủ hay thiếu""","=""50""","=""0""","=""7""","=""Low""","=""false"""
"=""tuổi dần ngày hôm nay""","=""50""","=""0""","=""5""","=""Low""","=""true"""
"=""tử vi hôm nay 12 con giáp lịch vạn niên""","=""50""","=""0""","=""10""","=""Low""","=""false"""
"=""tử vi lịch vạn sự""","=""50""","=""0""","=""5""","=""Low""","=""false"""
"=""tử vi tháng 9 dương lịch của 12 con giáp""","=""50""","=""0""","=""10""","=""Low""","=""false"""
"=""âm lịch 1997""","=""50""","=""0""","=""3""","=""Low""","=""false"""
"=""âm lịch 1999""","=""50""","=""0""","=""3""","=""Low""","=""false"""
"=""âm lịch 2001""","=""50""","=""0""","=""3""","=""Low""","=""false"""
"=""âm lịch 2018""","=""50""","=""0""","=""3""","=""Low""","=""false"""
"=""âm lich năm 2023""","=""40""","=""0""","=""4""","=""Low""","=""false"""
"=""15 âm tháng này""","=""40""","=""0""","=""4""","=""Low""","=""false"""
"=""hom nay ngay am lịch""","=""40""","=""0""","=""5""","=""Low""","=""false"""
"=""lich van nien 2017""","=""40""","=""0""","=""4""","=""Low""","=""false"""
"=""lich van nien 2018""","=""40""","=""0""","=""4""","=""Low""","=""false"""
"=""lich vạn niên 2022""","=""40""","=""0""","=""4""","=""Low""","=""true"""
"=""lịch vạn niên 1971""","=""40""","=""0""","=""4""","=""Low""","=""true"""
"=""lịch vạn niên tra cứu âm dương""","=""40""","=""0""","=""7""","=""Low""","=""false"""
"=""may am lich""","=""40""","=""0""","=""3""","=""Low""","=""false"""
"=""mở lịch vạn niên""","=""40""","=""0.03""","=""4""","=""Low""","=""false"""
"=""ngày 20 10 âm lịch""","=""40""","=""0""","=""5""","=""Low""","=""false"""
"=""ngày tháng âm hôm nay""","=""40""","=""0""","=""5""","=""Low""","=""false"""
"=""ngày tây là ngày âm hay dương""","=""40""","=""0""","=""7""","=""Low""","=""false"""
"=""ngày tốt tháng 12 âm""","=""40""","=""0""","=""5""","=""Low""","=""false"""
"=""ngày âm dương lịch hôm nay""","=""40""","=""0""","=""6""","=""Low""","=""false"""
"=""ngày âm và ngày dương""","=""40""","=""0""","=""5""","=""Low""","=""true"""
"=""tra cứu lịch dương sang âm""","=""40""","=""0""","=""6""","=""Low""","=""false"""
"=""tra cứu ngày dương sang âm""","=""40""","=""0""","=""6""","=""Low""","=""false"""
"=""tra cứu ngày âm dương""","=""40""","=""0""","=""5""","=""Low""","=""false"""
"=""tìm ngày âm""","=""40""","=""0""","=""3""","=""Low""","=""false"""
"=""âm hom nay bao nhieu""","=""40""","=""0""","=""5""","=""Low""","=""false"""
"=""âm lịch 2002""","=""40""","=""0""","=""3""","=""Low""","=""false"""
"=""âm lịch năm 2000""","=""40""","=""0""","=""4""","=""Low""","=""false"""
"=""âm lịch năm 2023""","=""40""","=""0""","=""4""","=""Low""","=""false"""
"=""lịch vạn sự 2023""","=""30""","=""0""","=""4""","=""Low""","=""false"""
"=""lịch vạn sự 2022""","=""30""","=""0""","=""4""","=""Low""","=""false"""
"=""23 am lich""","=""30""","=""0""","=""3""","=""Low""","=""false"""
"=""25 âm tháng này""","=""30""","=""0""","=""4""","=""Low""","=""false"""
"=""am lich 2023""","=""30""","=""0""","=""3""","=""Low""","=""false"""
"=""duong lich sang am lịch""","=""30""","=""0""","=""5""","=""Low""","=""false"""
"=""lich duong sang am""","=""30""","=""0""","=""4""","=""Low""","=""false"""
"=""lich duong thang 5""","=""30""","=""0""","=""4""","=""Low""","=""false"""
"=""lich nam 2018""","=""30""","=""0""","=""3""","=""Low""","=""false"""
"=""lich van nien 2019""","=""30""","=""0""","=""4""","=""Low""","=""false"""
"=""lich van sư""","=""30""","=""0""","=""3""","=""Low""","=""false"""
"=""lịch dương 2020""","=""30""","=""0""","=""3""","=""Low""","=""false"""
"=""lịch vạn niên các năm""","=""30""","=""0""","=""5""","=""Low""","=""false"""
"=""lịch vạn niên hàng ngày""","=""30""","=""0""","=""5""","=""Low""","=""false"""
"=""nam am lich""","=""30""","=""0""","=""3""","=""Low""","=""false"""
"=""ngay hom nay am lich""","=""30""","=""0""","=""5""","=""Low""","=""false"""
"=""ngày âm lich 2021""","=""30""","=""0""","=""4""","=""Low""","=""false"""
"=""năm 2023 âm lịch có nhuận không""","=""30""","=""0""","=""7""","=""Low""","=""false"""
"=""tet am lich 2024""","=""30""","=""0""","=""4""","=""Low""","=""false"""
"=""thang 10 am ngay nao dep nhat""","=""30""","=""0""","=""7""","=""Low""","=""false"""
"=""tra cứu âm dương lịch""","=""30""","=""0""","=""5""","=""Low""","=""false"""
"=""tìm ngày dương lịch""","=""30""","=""0""","=""4""","=""Low""","=""false"""
"=""tết âm năm 2024""","=""30""","=""0""","=""4""","=""Low""","=""false"""
"=""tử vi tuổi 1989""","=""30""","=""0""","=""4""","=""Low""","=""false"""
"=""âm lich năm 2021""","=""30""","=""0""","=""4""","=""Low""","=""false"""
"=""âm lịch năm 2021""","=""30""","=""0""","=""4""","=""Low""","=""false"""
"=""đổi ngày âm dương lịch""","=""30""","=""0""","=""5""","=""Low""","=""false"""
"=""đổi tuổi dương sang âm""","=""30""","=""0""","=""5""","=""Low""","=""false"""
"=""đổi từ ngày âm sang ngày dương""","=""30""","=""0""","=""7""","=""Low""","=""false"""
"=""đổi âm lich sang duong""","=""30""","=""0""","=""5""","=""Low""","=""false"""
"=""15 âm tháng 7""","=""20""","=""0""","=""4""","=""Low""","=""false"""
"=""25 âm tháng 12""","=""20""","=""0""","=""4""","=""Low""","=""false"""
"=""cung hoàng đạo là ngày âm hay dương""","=""20""","=""0""","=""8""","=""Low""","=""false"""
"=""cung hoàng đạo ngày âm hay dương""","=""20""","=""0""","=""7""","=""Low""","=""false"""
"=""lich van nien 2012""","=""20""","=""0""","=""4""","=""Low""","=""true"""
"=""lich van nien ngu hanh""","=""20""","=""0""","=""5""","=""Low""","=""true"""
"=""lịch 2021 âm và dương vector""","=""20""","=""0""","=""6""","=""Low""","=""false"""
"=""lịch dương năm 2011""","=""20""","=""0""","=""4""","=""Low""","=""false"""
"=""lịch năm 2021 âm dương""","=""20""","=""0""","=""5""","=""Low""","=""true"""
"=""lịch năm 2023 âm dương""","=""20""","=""0""","=""5""","=""Low""","=""false"""
"=""lịch vạn sự 2021""","=""20""","=""0""","=""4""","=""Low""","=""false"""
"=""lịch vạn sự hôm nay ngày mai""","=""20""","=""0""","=""7""","=""Low""","=""false"""
"=""lịch â com""","=""20""","=""0""","=""3""","=""Low""","=""false"""
"=""ngay am duong hom nay""","=""20""","=""0""","=""5""","=""Low""","=""false"""
"=""ngày 18 5 âm lich""","=""20""","=""0""","=""5""","=""Low""","=""false"""
"=""ngày 19 9 âm""","=""20""","=""0""","=""4""","=""Low""","=""false"""
"=""ngày âm sang ngày dương""","=""20""","=""0""","=""5""","=""Low""","=""false"""
"=""năm 2023 âm lịch""","=""20""","=""0""","=""4""","=""Low""","=""false"""
"=""năm âm lịch 2023""","=""20""","=""0""","=""4""","=""Low""","=""false"""
"=""xemlicham com""","=""20""","=""0""","=""2""","=""Low""","=""false"""
"=""đổi ngày dương lịch sang âm""","=""20""","=""0""","=""6""","=""Low""","=""false"""
"=""lịch 2023 âm dương""","=""10""","=""0""","=""4""","=""Low""","=""false"""
"=""lịch để bàn 2022""","=""10""","=""0""","=""4""","=""Low""","=""false"""
"=""1 1 2023 âm""","=""10""","=""0""","=""4""","=""Low""","=""false"""
"=""1 1 2023 âm lịch""","=""10""","=""0""","=""5""","=""Low""","=""false"""
"=""10 3 2022 âm lich""","=""10""","=""0""","=""5""","=""Low""","=""false"""
"=""10 3 2022 âm lịch""","=""10""","=""0""","=""5""","=""Low""","=""false"""
"=""10 3 âm 2022""","=""10""","=""0""","=""4""","=""Low""","=""false"""
"=""10 3 âm lich 2022""","=""10""","=""0""","=""5""","=""Low""","=""false"""
"=""10 3 âm lịch 2022""","=""10""","=""0""","=""5""","=""Low""","=""false"""
"=""12 2 2022 âm lịch""","=""10""","=""0""","=""5""","=""Low""","=""false"""
"=""12 cung hoàng đạo lich van su""","=""10""","=""0""","=""7""","=""Low""","=""false"""
"=""15 1 2023 âm lịch""","=""10""","=""0""","=""5""","=""Low""","=""false"""
"=""15 8 2022 âm lịch""","=""10""","=""0""","=""5""","=""Low""","=""false"""
"=""15 âm tháng 12""","=""10""","=""0""","=""4""","=""Low""","=""false"""
"=""16 1 2023 âm lịch""","=""10""","=""0""","=""5""","=""Low""","=""false"""
"=""16 âm tháng 12""","=""10""","=""0""","=""4""","=""Low""","=""false"""
"=""19 9 âm lich 2022""","=""10""","=""0""","=""5""","=""Low""","=""false"""
"=""20 1 2023 âm lịch""","=""10""","=""0""","=""5""","=""Low""","=""false"""
"=""20 10 2022 âm lịch""","=""10""","=""0""","=""5""","=""Low""","=""false"""
"=""20 12 2022 âm lịch""","=""10""","=""0""","=""5""","=""Low""","=""false"""
"=""20 âm tháng 10""","=""10""","=""0""","=""4""","=""Low""","=""false"""
"=""2022 âm lịch""","=""10""","=""0""","=""3""","=""Low""","=""false"""
"=""2023 âm lịch""","=""10""","=""0""","=""3""","=""Low""","=""false"""
"=""22 6 âm là ngày bao nhiều dương 2022""","=""10""","=""0""","=""9""","=""Low""","=""false"""
"=""22 âm tháng này""","=""10""","=""0""","=""4""","=""Low""","=""false"""
"=""23 12 2022 âm lịch""","=""10""","=""0""","=""5""","=""Low""","=""false"""
"=""25 12 2022 âm lịch""","=""10""","=""0""","=""5""","=""Low""","=""false"""
"=""25 âm lich 2022""","=""10""","=""0""","=""4""","=""Low""","=""false"""
"=""25 âm là ngày may dương 2022""","=""10""","=""0""","=""7""","=""Low""","=""false"""
"=""aam lichj hoom nay""","=""10""","=""0""","=""4""","=""Low""","=""false"""
"=""am lich 2022""","=""10""","=""0""","=""3""","=""Low""","=""false"""
"=""am lịch 2022""","=""10""","=""0""","=""3""","=""Low""","=""false"""
"=""am lịch 2023""","=""10""","=""0""","=""3""","=""Low""","=""false"""
"=""hom nay am lịch nhieu""","=""10""","=""0""","=""5""","=""Low""","=""false"""
"=""hom nay la ngay may am lịch 2021""","=""10""","=""0""","=""8""","=""Low""","=""false"""
"=""hom nay la ngay may am lịch 2022""","=""10""","=""0""","=""8""","=""Low""","=""false"""
"=""hom nay ngay may am lịch hom nay""","=""10""","=""0""","=""8""","=""Low""","=""false"""
"=""hôm nay mung mây âm lich""","=""10""","=""0""","=""6""","=""Low""","=""false"""
"=""hôm nay ngày âm lich hôm nay""","=""10""","=""0""","=""7""","=""Low""","=""false"""
"=""hôm nay âm lich ngay may 2022""","=""10""","=""0""","=""7""","=""Low""","=""false"""
"=""hôm nay âm lich ngay may 2023""","=""10""","=""0""","=""7""","=""Low""","=""false"""
"=""hôm nay âm lich ngay nay""","=""10""","=""0""","=""6""","=""Low""","=""false"""
"=""lich 2022 âm""","=""10""","=""0""","=""3""","=""Low""","=""false"""
"=""lich duong 2021""","=""10""","=""0""","=""3""","=""Low""","=""false"""
"=""lich hom nay tot xau""","=""10""","=""0""","=""5""","=""Low""","=""false"""
"=""lich van nien 2022 am va duong""","=""10""","=""0""","=""7""","=""Low""","=""false"""
"=""lich van nien 2023 am va duong""","=""10""","=""0""","=""7""","=""Low""","=""false"""
"=""lich van nien nam 2021""","=""10""","=""0""","=""5""","=""Low""","=""false"""
"=""lich van nien nam 2022""","=""10""","=""0""","=""5""","=""Low""","=""false"""
"=""lich van nien thang 8 2022""","=""10""","=""0""","=""6""","=""Low""","=""false"""
"=""lich van nien thang 9 2022""","=""10""","=""0""","=""6""","=""Low""","=""false"""
"=""lich van niên 2022""","=""10""","=""0""","=""4""","=""Low""","=""false"""
"=""lichamduong com""","=""10""","=""0""","=""2""","=""Low""","=""false"""
"=""lichj aam hoom nay""","=""10""","=""0""","=""4""","=""Low""","=""false"""
"=""lịch 10 3 âm 2022""","=""10""","=""0""","=""5""","=""Low""","=""false"""
"=""lịch 2022 âm""","=""10""","=""0""","=""3""","=""Low""","=""false"""
"=""lịch 2022 âm dương""","=""10""","=""0""","=""4""","=""Low""","=""false"""
"=""lịch 2023 âm""","=""10""","=""0""","=""3""","=""Low""","=""false"""
"=""lịch dương sang âm 2022""","=""10""","=""0""","=""5""","=""Low""","=""false"""
"=""lịch dương tháng 12 năm 2021""","=""10""","=""0""","=""6""","=""Low""","=""false"""
"=""lịch dương và âm 2022""","=""10""","=""0""","=""5""","=""Low""","=""false"""
"=""lịch dương và âm 2023""","=""10""","=""0""","=""5""","=""Low""","=""false"""
"=""lịch dương âm 2022""","=""10""","=""0""","=""4""","=""Low""","=""false"""
"=""lịch dương âm 2023""","=""10""","=""0""","=""4""","=""Low""","=""false"""
"=""lịch dương âm năm 2022""","=""10""","=""0""","=""5""","=""Low""","=""false"""
"=""lịch ngày âm 2022""","=""10""","=""0""","=""4""","=""Low""","=""false"""
"=""lịch ngày âm 2023""","=""10""","=""0""","=""4""","=""Low""","=""false"""
"=""lịch ngày âm năm 2022""","=""10""","=""0""","=""5""","=""Low""","=""false"""
"=""lịch năm 2010 canh dần""","=""10""","=""0""","=""5""","=""Low""","=""false"""
"=""lịch năm 2020 dương""","=""10""","=""0""","=""4""","=""Low""","=""false"""
"=""lịch năm 2022 âm dương""","=""10""","=""0""","=""5""","=""Low""","=""false"""
"=""lịch năm 2022 âm và dương""","=""10""","=""0""","=""6""","=""Low""","=""false"""
"=""lịch năm 2023 có ngày âm""","=""10""","=""0""","=""6""","=""Low""","=""false"""
"=""lịch năm 2023 có nhuận không""","=""10""","=""0""","=""6""","=""Low""","=""false"""
"=""lịch ta 2022""","=""10""","=""0""","=""3""","=""Low""","=""false"""
"=""lịch ta 2023""","=""10""","=""0""","=""3""","=""Low""","=""false"""
"=""lịch tháng 1 âm năm 2023""","=""10""","=""0""","=""6""","=""Low""","=""false"""
"=""lịch tháng 10 âm năm 2022""","=""10""","=""0""","=""6""","=""Low""","=""false"""
"=""lịch tháng 11 âm năm 2022""","=""10""","=""0""","=""6""","=""Low""","=""false"""
"=""lịch tháng 12 âm 2022""","=""10""","=""0""","=""5""","=""Low""","=""false"""
"=""lịch tháng 3 âm năm 2022""","=""10""","=""0""","=""6""","=""Low""","=""false"""
"=""lịch tháng 6 năm 2021""","=""10""","=""0""","=""5""","=""Low""","=""false"""
"=""lịch tháng 7 âm 2022""","=""10""","=""0""","=""5""","=""Low""","=""false"""
"=""lịch tháng 8 2022 âm""","=""10""","=""0""","=""5""","=""Low""","=""false"""
"=""lịch tháng 8 âm 2022""","=""10""","=""0""","=""5""","=""Low""","=""false"""
"=""lịch tháng 8 âm năm 2022""","=""10""","=""0""","=""6""","=""Low""","=""false"""
"=""lịch tháng 9 2022 âm dương""","=""10""","=""0""","=""6""","=""Low""","=""false"""
"=""lịch van niên 2021""","=""10""","=""0""","=""4""","=""Low""","=""false"""
"=""lịch vạn niên 18 7""","=""10""","=""0""","=""5""","=""Low""","=""false"""
"=""lịch vạn niên 2023 dương lịch""","=""10""","=""0""","=""6""","=""Low""","=""false"""
"=""lịch vạn niên 24 8""","=""10""","=""0""","=""5""","=""Low""","=""false"""
"=""lịch vạn niên 25 3""","=""10""","=""0""","=""5""","=""Low""","=""false"""
"=""lịch vạn niên 27 11""","=""10""","=""0""","=""5""","=""Low""","=""false"""
"=""lịch vạn niên 27 7""","=""10""","=""0""","=""5""","=""Low""","=""false"""
"=""lịch vạn niên chuẩn nhất""","=""10""","=""0""","=""5""","=""Low""","=""false"""
"=""lịch vạn niên ngày 27 12""","=""10""","=""0""","=""6""","=""Low""","=""false"""
"=""lịch vạn niên tháng 1 2023""","=""10""","=""0""","=""6""","=""Low""","=""false"""
"=""lịch vạn niên tháng 1 năm 2023""","=""10""","=""0""","=""7""","=""Low""","=""false"""
"=""lịch vạn niên tháng 11 năm 2021""","=""10""","=""0""","=""7""","=""Low""","=""false"""
"=""lịch vạn niên tháng 12 2022""","=""10""","=""0""","=""6""","=""Low""","=""false"""
"=""lịch vạn niên tháng 2 2022""","=""10""","=""0""","=""6""","=""Low""","=""false"""
"=""lịch vạn niên tháng 2 năm 2022""","=""10""","=""0""","=""7""","=""Low""","=""false"""
"=""lịch vạn niên tháng 2 năm 2023""","=""10""","=""0""","=""7""","=""Low""","=""false"""
"=""lịch vạn niên tháng 3 năm 2022""","=""10""","=""0""","=""7""","=""Low""","=""false"""
"=""lịch vạn niên tháng 4 năm 2022""","=""10""","=""0""","=""7""","=""Low""","=""false"""
"=""lịch vạn niên tháng 6 năm 2022""","=""10""","=""0""","=""7""","=""Low""","=""false"""
"=""lịch vạn niên vietbao""","=""10""","=""0""","=""4""","=""Low""","=""false"""
"=""lịch vạn niên âm dương 2022""","=""10""","=""0""","=""6""","=""Low""","=""false"""
"=""lịch vạn sự 12 cung hoàng đạo""","=""10""","=""0""","=""7""","=""Low""","=""false"""
"=""lịch vạn sự năm 2022""","=""10""","=""0""","=""5""","=""Low""","=""false"""
"=""lịch vạn sự năm 2023""","=""10""","=""0""","=""5""","=""Low""","=""false"""
"=""lịcham""","=""10""","=""0""","=""1""","=""Low""","=""true"""
"=""lịchâm""","=""10""","=""0""","=""1""","=""Low""","=""false"""
"=""mai âm lich ngay may""","=""10""","=""0""","=""5""","=""Low""","=""false"""
"=""nam am lich 2022""","=""10""","=""0""","=""4""","=""Low""","=""false"""
"=""nay mấy âm lich 2022""","=""10""","=""0""","=""5""","=""Low""","=""false"""
"=""nay âm lich ngay may""","=""10""","=""0""","=""5""","=""Low""","=""false"""
"=""ngay am lich 2022""","=""10""","=""0""","=""4""","=""Low""","=""false"""
"=""ngay duong lich sang am""","=""10""","=""0""","=""5""","=""Low""","=""false"""
"=""ngay duong sang ngay am""","=""10""","=""0""","=""5""","=""Low""","=""false"""
"=""ngay thang am duong lich""","=""10""","=""0""","=""5""","=""Low""","=""false"""
"=""ngay âm lich hnay""","=""10""","=""0""","=""4""","=""Low""","=""false"""
"=""ngày 1 1 2023 âm""","=""10""","=""0""","=""5""","=""Low""","=""false"""
"=""ngày 1 1 âm năm 2023""","=""10""","=""0""","=""6""","=""Low""","=""false"""
"=""ngày 1 10 âm năm 2022""","=""10""","=""0""","=""6""","=""Low""","=""false"""
"=""ngày 1 tháng 1 năm 2023 âm lich""","=""10""","=""0""","=""8""","=""Low""","=""false"""
"=""ngày 10 10 âm năm 2022""","=""10""","=""0""","=""6""","=""Low""","=""false"""
"=""ngày 10 11 âm năm 2022""","=""10""","=""0""","=""6""","=""Low""","=""false"""
"=""ngày 10 12 âm năm 2022""","=""10""","=""0""","=""6""","=""Low""","=""false"""
"=""ngày 10 3 âm năm 2022""","=""10""","=""0""","=""6""","=""Low""","=""false"""
"=""ngày 10 3 âm năm 2023""","=""10""","=""0""","=""6""","=""Low""","=""false"""
"=""ngày 11 12 âm năm 2022""","=""10""","=""0""","=""6""","=""Low""","=""false"""
"=""ngày 11 8 âm năm 2022""","=""10""","=""0""","=""6""","=""Low""","=""false"""
"=""ngày 11 9 âm năm 2022""","=""10""","=""0""","=""6""","=""Low""","=""false"""
"=""ngày 11 tháng 11 năm 2022 âm lich""","=""10""","=""0""","=""8""","=""Low""","=""false"""
"=""ngày 12 10 âm năm 2022""","=""10""","=""0""","=""6""","=""Low""","=""false"""
"=""ngày 12 12 âm năm 2022""","=""10""","=""0""","=""6""","=""Low""","=""false"""
"=""ngày 12 9 âm năm 2022""","=""10""","=""0""","=""6""","=""Low""","=""false"""
"=""ngày 12 tháng 7 năm 2022 âm lich""","=""10""","=""0""","=""8""","=""Low""","=""false"""
"=""ngày 13 11 âm năm 2022""","=""10""","=""0""","=""6""","=""Low""","=""false"""
"=""ngày 13 12 âm năm 2022""","=""10""","=""0""","=""6""","=""Low""","=""false"""
"=""ngày 14 12 âm năm 2022""","=""10""","=""0""","=""6""","=""Low""","=""false"""
"=""ngày 14 4 âm năm 2022""","=""10""","=""0""","=""6""","=""Low""","=""false"""
"=""ngày 14 7 dương lịch""","=""10""","=""0""","=""5""","=""Low""","=""true"""
"=""ngày 14 âm tốt hay xấu""","=""10""","=""0""","=""6""","=""Low""","=""false"""
"=""ngày 15 12 âm năm 2022""","=""10""","=""0""","=""6""","=""Low""","=""false"""
"=""ngày 15 8 âm năm 2022""","=""10""","=""0""","=""6""","=""Low""","=""false"""
"=""ngày 16 1 âm năm 2023""","=""10""","=""0""","=""6""","=""Low""","=""false"""
"=""ngày 16 10 âm năm 2022""","=""10""","=""0""","=""6""","=""Low""","=""false"""
"=""ngày 16 12 âm năm 2022""","=""10""","=""0""","=""6""","=""Low""","=""false"""
"=""ngày 16 8 âm năm 2022""","=""10""","=""0""","=""6""","=""Low""","=""false"""
"=""ngày 16 9 âm năm 2022""","=""10""","=""0""","=""6""","=""Low""","=""false"""
"=""ngày 18 12 âm năm 2022""","=""10""","=""0""","=""6""","=""Low""","=""false"""
"=""ngày 18 8 âm năm 2022""","=""10""","=""0""","=""6""","=""Low""","=""false"""
"=""ngày 19 12 âm năm 2022""","=""10""","=""0""","=""6""","=""Low""","=""false"""
"=""ngày 19 8 âm 2022""","=""10""","=""0""","=""5""","=""Low""","=""false"""
"=""ngày 2 11 âm năm 2022""","=""10""","=""0""","=""6""","=""Low""","=""false"""
"=""ngày 2 8 âm 2022""","=""10""","=""0""","=""5""","=""Low""","=""false"""
"=""ngày 20 10 âm năm 2022""","=""10""","=""0""","=""6""","=""Low""","=""false"""
"=""ngày 20 12 âm năm 2022""","=""10""","=""0""","=""6""","=""Low""","=""false"""
"=""ngày 21 11 âm năm 2022""","=""10""","=""0""","=""6""","=""Low""","=""false"""
"=""ngày 21 12 âm năm 2022""","=""10""","=""0""","=""6""","=""Low""","=""false"""
"=""ngày 21 tháng 7 âm lich 2022""","=""10""","=""0""","=""7""","=""Low""","=""false"""
"=""ngày 21 tháng 8 âm lich 2022""","=""10""","=""0""","=""7""","=""Low""","=""false"""
"=""ngày 23 12 âm năm 2022""","=""10""","=""0""","=""6""","=""Low""","=""false"""
"=""ngày 23 âm lich tốt hay xấu""","=""10""","=""0""","=""7""","=""Low""","=""false"""
"=""ngày 24 12 âm năm 2022""","=""10""","=""0""","=""6""","=""Low""","=""false"""
"=""ngày 24 9 âm năm 2022""","=""10""","=""0""","=""6""","=""Low""","=""false"""
"=""ngày 25 10 âm năm 2022""","=""10""","=""0""","=""6""","=""Low""","=""false"""
"=""ngày 25 11 âm năm 2022""","=""10""","=""0""","=""6""","=""Low""","=""false"""
"=""ngày 26 10 âm năm 2022""","=""10""","=""0""","=""6""","=""Low""","=""false"""
"=""ngày 26 12 âm năm 2022""","=""10""","=""0""","=""6""","=""Low""","=""false"""
"=""ngày 26 6 âm 2022""","=""10""","=""0""","=""5""","=""Low""","=""false"""
"=""ngày 26 8 âm năm 2022""","=""10""","=""0""","=""6""","=""Low""","=""false"""
"=""ngày 26 tháng 6 âm lich 2022""","=""10""","=""0""","=""7""","=""Low""","=""false"""
"=""ngày 27 11 âm năm 2022""","=""10""","=""0""","=""6""","=""Low""","=""false"""
"=""ngày 27 12 âm năm 2022""","=""10""","=""0""","=""6""","=""Low""","=""false"""
"=""ngày 28 10 âm năm 2022""","=""10""","=""0""","=""6""","=""Low""","=""false"""
"=""ngày 28 12 âm năm 2022""","=""10""","=""0""","=""6""","=""Low""","=""false"""
"=""ngày 3 3 âm năm 2022""","=""10""","=""0""","=""6""","=""Low""","=""false"""
"=""ngày 30 11 âm năm 2022""","=""10""","=""0""","=""6""","=""Low""","=""false"""
"=""ngày 30 12 âm năm 2022""","=""10""","=""0""","=""6""","=""Low""","=""false"""
"=""ngày 4 11 âm năm 2022""","=""10""","=""0""","=""6""","=""Low""","=""false"""
"=""ngày 4 12 âm năm 2022""","=""10""","=""0""","=""6""","=""Low""","=""false"""
"=""ngày 5 12 âm năm 2022""","=""10""","=""0""","=""6""","=""Low""","=""false"""
"=""ngày 5 5 âm năm 2022""","=""10""","=""0""","=""6""","=""Low""","=""false"""
"=""ngày 6 12 âm năm 2022""","=""10""","=""0""","=""6""","=""Low""","=""false"""
"=""ngày 7 11 âm năm 2022""","=""10""","=""0""","=""6""","=""Low""","=""false"""
"=""ngày 8 10 âm năm 2022""","=""10""","=""0""","=""6""","=""Low""","=""false"""
"=""ngày 8 11 âm năm 2022""","=""10""","=""0""","=""6""","=""Low""","=""false"""
"=""ngày 8 12 âm năm 2022""","=""10""","=""0""","=""6""","=""Low""","=""false"""
"=""ngày 9 10 âm năm 2022""","=""10""","=""0""","=""6""","=""Low""","=""false"""
"=""ngày mai âm lich ngay may""","=""10""","=""0""","=""6""","=""Low""","=""false"""
"=""ngày tốt tháng 10 năm 2021""","=""10""","=""0""","=""6""","=""Low""","=""false"""
"=""ngày tốt tháng 10 âm lich năm 2022""","=""10""","=""0""","=""8""","=""Low""","=""false"""
"=""ngày tốt tháng 10 âm lịch năm 2022""","=""10""","=""0""","=""8""","=""Low""","=""false"""
"=""ngày tốt tháng 11 âm lịch năm 2022""","=""10""","=""0""","=""8""","=""Low""","=""false"""
"=""ngày tốt tháng 12 âm lịch năm 2022""","=""10""","=""0""","=""8""","=""Low""","=""false"""
"=""ngày tốt tháng 2 âm lịch năm 2022""","=""10""","=""0""","=""8""","=""Low""","=""false"""
"=""ngày tốt tháng 5 năm 2022 âm lich""","=""10""","=""0""","=""8""","=""Low""","=""false"""
"=""ngày tốt tháng 7 âm lich năm 2022""","=""10""","=""0""","=""8""","=""Low""","=""false"""
"=""ngày tốt tháng 7 âm lịch năm 2022""","=""10""","=""0""","=""8""","=""Low""","=""false"""
"=""ngày tốt tháng 8 năm 2022 âm lịch""","=""10""","=""0""","=""8""","=""Low""","=""false"""
"=""ngày tốt tháng 8 âm lịch 2022""","=""10""","=""0""","=""7""","=""Low""","=""false"""
"=""ngày tốt tháng 8 âm lịch năm 2022""","=""10""","=""0""","=""8""","=""Low""","=""false"""
"=""ngày tốt tháng 9 âm lịch năm 2022""","=""10""","=""0""","=""8""","=""Low""","=""false"""
"=""ngày âm 2022""","=""10""","=""0""","=""3""","=""Low""","=""false"""
"=""ngày âm 2023""","=""10""","=""0""","=""3""","=""Low""","=""false"""
"=""ngày âm dương 2022""","=""10""","=""0""","=""4""","=""Low""","=""false"""
"=""ngày âm dương năm 2022""","=""10""","=""0""","=""5""","=""Low""","=""false"""
"=""ngày âm hôm nay 2022""","=""10""","=""0""","=""5""","=""Low""","=""false"""
"=""ngày âm lich 2022""","=""10""","=""0""","=""4""","=""Low""","=""false"""
"=""ngày âm lich 2023""","=""10""","=""0""","=""4""","=""Low""","=""false"""
"=""ngày âm lich hôm nay 2022""","=""10""","=""0""","=""6""","=""Low""","=""false"""
"=""ngày âm lich hôm nay la ngay may""","=""10""","=""0""","=""8""","=""Low""","=""false"""
"=""ngày âm lich hôm qua""","=""10""","=""0""","=""5""","=""Low""","=""false"""
"=""ngày âm lich ngay mai""","=""10""","=""0""","=""5""","=""Low""","=""false"""
"=""ngày âm lich năm 2022""","=""10""","=""0""","=""5""","=""Low""","=""false"""
"=""ngày âm lịch 2023""","=""10""","=""0""","=""4""","=""Low""","=""false"""
"=""ngày âm lịch năm 2022""","=""10""","=""0""","=""5""","=""Low""","=""false"""
"=""ngày âm năm 2022""","=""10""","=""0""","=""4""","=""Low""","=""false"""
"=""ngày đẹp tháng 12 âm lịch năm 2022""","=""10""","=""0""","=""8""","=""Low""","=""false"""
"=""ngày đẹp tháng 2 âm lịch năm 2022""","=""10""","=""0""","=""8""","=""Low""","=""false"""
"=""ngày đẹp tháng 3 âm lịch năm 2022""","=""10""","=""0""","=""8""","=""Low""","=""false"""
"=""ngày đẹp tháng 6 âm lịch 2022""","=""10""","=""0""","=""7""","=""Low""","=""false"""
"=""ngày đẹp tháng 8 âm lịch 2022""","=""10""","=""0""","=""7""","=""Low""","=""false"""
"=""ngày đẹp tháng 8 âm lịch năm 2022""","=""10""","=""0""","=""8""","=""Low""","=""false"""
"=""ngày đẹp tháng 9 âm lịch năm 2022""","=""10""","=""0""","=""8""","=""Low""","=""false"""
"=""năm 2022 âm có nhuận không""","=""10""","=""0""","=""6""","=""Low""","=""false"""
"=""năm 2022 âm lịch""","=""10""","=""0""","=""4""","=""Low""","=""false"""
"=""năm 2023 âm có nhuận không""","=""10""","=""0""","=""6""","=""Low""","=""false"""
"=""năm âm 2021""","=""10""","=""0""","=""3""","=""Low""","=""false"""
"=""năm âm 2022""","=""10""","=""0""","=""3""","=""Low""","=""false"""
"=""năm âm 2023""","=""10""","=""0""","=""3""","=""Low""","=""false"""
"=""năm âm lịch 2021""","=""10""","=""0""","=""4""","=""Low""","=""false"""
"=""năm âm lịch 2022""","=""10""","=""0""","=""4""","=""Low""","=""false"""
"=""tháng 10 âm lịch 2022""","=""10""","=""0""","=""5""","=""Low""","=""false"""
"=""tháng 10 âm lịch năm 2022""","=""10""","=""0""","=""6""","=""Low""","=""false"""
"=""tháng 11 âm lịch 2022""","=""10""","=""0""","=""5""","=""Low""","=""false"""
"=""tháng 12 âm lịch 2022""","=""10""","=""0""","=""5""","=""Low""","=""false"""
"=""tháng 12 âm lịch năm 2022""","=""10""","=""0""","=""6""","=""Low""","=""false"""
"=""tháng 2 âm lịch 2023""","=""10""","=""0""","=""5""","=""Low""","=""false"""
"=""tháng 3 âm lịch 2022""","=""10""","=""0""","=""5""","=""Low""","=""false"""
"=""tháng 5 âm lịch 2022""","=""10""","=""0""","=""5""","=""Low""","=""false"""
"=""tháng 6 âm lịch 2022""","=""10""","=""0""","=""5""","=""Low""","=""false"""
"=""tháng 6 âm lịch năm 2022""","=""10""","=""0""","=""6""","=""Low""","=""false"""
"=""tháng 7 âm lich 2022""","=""10""","=""0""","=""5""","=""Low""","=""false"""
"=""tháng 7 âm lịch 2022""","=""10""","=""0""","=""5""","=""Low""","=""false"""
"=""tháng 7 âm lịch năm 2022""","=""10""","=""0""","=""6""","=""Low""","=""false"""
"=""tháng 8 âm lịch 2022""","=""10""","=""0""","=""5""","=""Low""","=""false"""
"=""tháng 8 âm lịch năm 2022""","=""10""","=""0""","=""6""","=""Low""","=""false"""
"=""tháng 9 âm lịch 2022""","=""10""","=""0""","=""5""","=""Low""","=""false"""
"=""tháng âm lịch 2022""","=""10""","=""0""","=""4""","=""Low""","=""false"""
"=""tuổi âm 2023""","=""10""","=""0""","=""3""","=""Low""","=""false"""
"=""tử vi ngày mai lịch vạn niên""","=""10""","=""0""","=""7""","=""Low""","=""false"""
"=""âm dương 2022""","=""10""","=""0""","=""3""","=""Low""","=""false"""
"=""âm dương lịch 2022""","=""10""","=""0""","=""4""","=""Low""","=""false"""
"=""âm dương lịch 2023""","=""10""","=""0""","=""4""","=""Low""","=""false"""
"=""âm lich hôm nay 2021""","=""10""","=""0""","=""5""","=""Low""","=""false"""
"=""âm lich hôm nay 2023""","=""10""","=""0""","=""5""","=""Low""","=""false"""
"=""âm lich hôm nay la ngay may""","=""10""","=""0""","=""7""","=""Low""","=""false"""
"=""âm lich hôm nay ngay may""","=""10""","=""0""","=""6""","=""Low""","=""false"""
"=""âm lich hôm nay ngày mai""","=""10""","=""0""","=""6""","=""Low""","=""false"""
"=""âm lich hôm nay tốt xấu""","=""10""","=""0""","=""6""","=""Low""","=""false"""
"=""âm lich ngày đẹp""","=""10""","=""0""","=""4""","=""Low""","=""false"""
"=""âm lịch hôm nay 2022""","=""10""","=""0""","=""5""","=""Low""","=""false"""
"=""âm lịch tháng 1 2023""","=""10""","=""0""","=""5""","=""Low""","=""false"""
"=""âm lịch tháng 1 năm 2023""","=""10""","=""0""","=""6""","=""Low""","=""false"""
"=""âm lịch tháng 12 2022""","=""10""","=""0""","=""5""","=""Low""","=""false"""
"=""âm lịch tháng 12 năm 2022""","=""10""","=""0""","=""6""","=""Low""","=""false"""
"=""âm lịch tháng 7 2022""","=""10""","=""0""","=""5""","=""Low""","=""false"""
"=""âm lịch tháng 8 2022""","=""10""","=""0""","=""5""","=""Low""","=""false"""
"=""đổi lịch dương sang âm 2021""","=""10""","=""0""","=""6""","=""Low""","=""false"""
"=""đổi lịch dương sang âm 2022""","=""10""","=""0""","=""6""","=""Low""","=""false"""
"=""đổi lịch dương sang âm 2023""","=""10""","=""0""","=""6""","=""Low""","=""false"""
"=""24 âm lich 2022""","=""0""","=""0""","=""4""","=""Low""","=""false"""
"=""25 âm là ngày may dương 2023""","=""0""","=""0""","=""7""","=""Low""","=""false"""
"=""9 5 2022 âm là ngày bao nhiều dương""","=""0""","=""0""","=""9""","=""Low""","=""false"""
"=""aam lichj hom nay""","=""0""","=""0""","=""4""","=""Low""","=""false"""
"=""duong lich sang am lịch 2022""","=""0""","=""0""","=""6""","=""Low""","=""false"""
"=""giao thừa năm 2022 ngày âm""","=""0""","=""0""","=""6""","=""Low""","=""false"""
"=""hom nay ngày âm lich 2022""","=""0""","=""0""","=""6""","=""Low""","=""false"""
"=""lịch tháng 12 âm năm 2022""","=""0""","=""0""","=""6""","=""Low""","=""false"""
"=""lịch tháng 5 âm 2022""","=""0""","=""0""","=""5""","=""Low""","=""false"""
"=""lịch tháng 6 âm 2022""","=""0""","=""0""","=""5""","=""Low""","=""false"""
"=""lịch tháng 9 âm 2022""","=""0""","=""0""","=""5""","=""Low""","=""false"""
"=""lịch vạn niên 2022 ngày tốt xấu""","=""0""","=""0""","=""7""","=""Low""","=""false"""
"=""ngay tot thang 8 2022 am lịch""","=""0""","=""0""","=""7""","=""Low""","=""false"""
"=""ngày 1 11 âm năm 2022""","=""0""","=""0""","=""6""","=""Low""","=""false"""
"=""ngày 1 12 âm năm 2022""","=""0""","=""0""","=""6""","=""Low""","=""false"""
"=""ngày 1 6 âm năm 2022""","=""0""","=""0""","=""6""","=""Low""","=""false"""
"=""ngày 1 7 âm năm 2022""","=""0""","=""0""","=""6""","=""Low""","=""false"""
"=""ngày 1 8 âm năm 2022""","=""0""","=""0""","=""6""","=""Low""","=""false"""
"=""ngày 10 4 âm năm 2022""","=""0""","=""0""","=""6""","=""Low""","=""false"""
"=""ngày 10 5 âm năm 2022""","=""0""","=""0""","=""6""","=""Low""","=""false"""
"=""ngày 10 8 âm năm 2022""","=""0""","=""0""","=""6""","=""Low""","=""false"""
"=""ngày 11 10 âm năm 2022""","=""0""","=""0""","=""6""","=""Low""","=""false"""
"=""ngày 11 6 âm 2022""","=""0""","=""0""","=""5""","=""Low""","=""false"""
"=""ngày 12 11 âm năm 2022""","=""0""","=""0""","=""6""","=""Low""","=""false"""
"=""ngày 12 2 âm năm 2022""","=""0""","=""0""","=""6""","=""Low""","=""false"""
"=""ngày 12 6 âm năm 2022""","=""0""","=""0""","=""6""","=""Low""","=""false"""
"=""ngày 12 7 âm năm 2022""","=""0""","=""0""","=""6""","=""Low""","=""false"""
"=""ngày 12 8 âm năm 2022""","=""0""","=""0""","=""6""","=""Low""","=""false"""
"=""ngày 13 9 âm năm 2022""","=""0""","=""0""","=""6""","=""Low""","=""false"""
"=""ngày 14 5 âm năm 2022""","=""0""","=""0""","=""6""","=""Low""","=""false"""
"=""ngày 15 6 âm năm 2022""","=""0""","=""0""","=""6""","=""Low""","=""false"""
"=""ngày 16 11 âm năm 2022""","=""0""","=""0""","=""6""","=""Low""","=""false"""
"=""ngày 16 5 âm 2022""","=""0""","=""0""","=""5""","=""Low""","=""false"""
"=""ngày 16 6 âm 2022""","=""0""","=""0""","=""5""","=""Low""","=""false"""
"=""ngày 17 12 âm năm 2022""","=""0""","=""0""","=""6""","=""Low""","=""false"""
"=""ngày 17 6 âm 2022""","=""0""","=""0""","=""5""","=""Low""","=""false"""
"=""ngày 17 8 âm năm 2022""","=""0""","=""0""","=""6""","=""Low""","=""false"""
"=""ngày 18 11 âm năm 2022""","=""0""","=""0""","=""6""","=""Low""","=""false"""
"=""ngày 18 6 âm 2022""","=""0""","=""0""","=""5""","=""Low""","=""false"""
"=""ngày 19 10 âm năm 2022""","=""0""","=""0""","=""6""","=""Low""","=""false"""
"=""ngày 19 6 âm 2022""","=""0""","=""0""","=""5""","=""Low""","=""false"""
"=""ngày 2 12 âm năm 2022""","=""0""","=""0""","=""6""","=""Low""","=""false"""
"=""ngày 2 6 âm năm 2022""","=""0""","=""0""","=""6""","=""Low""","=""false"""
"=""ngày 20 5 âm năm 2022""","=""0""","=""0""","=""6""","=""Low""","=""false"""
"=""ngày 20 6 âm 2022""","=""0""","=""0""","=""5""","=""Low""","=""false"""
"=""ngày 21 9 âm năm 2022""","=""0""","=""0""","=""6""","=""Low""","=""false"""
"=""ngày 22 12 âm năm 2022""","=""0""","=""0""","=""6""","=""Low""","=""false"""
"=""ngày 22 9 âm năm 2022""","=""0""","=""0""","=""6""","=""Low""","=""false"""
"=""ngày 24 11 âm năm 2022""","=""0""","=""0""","=""6""","=""Low""","=""false"""
"=""ngày 25 12 âm năm 2022""","=""0""","=""0""","=""6""","=""Low""","=""false"""
"=""ngày 25 9 âm năm 2022""","=""0""","=""0""","=""6""","=""Low""","=""false"""
"=""ngày 27 9 âm năm 2022""","=""0""","=""0""","=""6""","=""Low""","=""false"""
"=""ngày 28 11 âm năm 2022""","=""0""","=""0""","=""6""","=""Low""","=""false"""
"=""ngày 28 9 âm năm 2022""","=""0""","=""0""","=""6""","=""Low""","=""false"""
"=""ngày 3 10 âm năm 2022""","=""0""","=""0""","=""6""","=""Low""","=""false"""
"=""ngày 6 10 âm năm 2022""","=""0""","=""0""","=""6""","=""Low""","=""false"""
"=""ngày 6 11 âm năm 2022""","=""0""","=""0""","=""6""","=""Low""","=""false"""
"=""ngày 6 8 âm 2022""","=""0""","=""0""","=""5""","=""Low""","=""false"""
"=""ngày 8 4 âm năm 2022""","=""0""","=""0""","=""6""","=""Low""","=""false"""
"=""ngày 8 6 âm năm 2022""","=""0""","=""0""","=""6""","=""Low""","=""false"""
"=""ngày 9 12 âm năm 2022""","=""0""","=""0""","=""6""","=""Low""","=""false"""
"=""ngày 9 6 âm năm 2022""","=""0""","=""0""","=""6""","=""Low""","=""false"""
"=""ngày 9 8 âm năm 2022""","=""0""","=""0""","=""6""","=""Low""","=""false"""
"=""ngày tốt tháng 1 âm lịch năm 2022""","=""0""","=""0""","=""8""","=""Low""","=""false"""
"=""ngày tốt tháng 1 âm lịch năm 2023""","=""0""","=""0""","=""8""","=""Low""","=""false"""
"=""ngày tốt tháng 3 âm lịch năm 2022""","=""0""","=""0""","=""8""","=""Low""","=""false"""
"=""ngày tốt tháng 4 âm lịch năm 2022""","=""0""","=""0""","=""8""","=""Low""","=""false"""
"=""ngày tốt tháng 5 năm 2022 âm lịch""","=""0""","=""0""","=""8""","=""Low""","=""false"""
"=""ngày tốt tháng 5 âm lịch năm 2022""","=""0""","=""0""","=""8""","=""Low""","=""false"""
"=""ngày tốt tháng 6 âm lich năm 2022""","=""0""","=""0""","=""8""","=""Low""","=""false"""
"=""ngày tốt tháng 6 âm lịch 2022""","=""0""","=""0""","=""7""","=""Low""","=""false"""
"=""ngày tốt tháng 6 âm lịch năm 2022""","=""0""","=""0""","=""8""","=""Low""","=""false"""
"=""ngày tốt tháng 8 âm lich năm 2022""","=""0""","=""0""","=""8""","=""Low""","=""false"""
"=""ngày tốt tháng 9 âm lich năm 2022""","=""0""","=""0""","=""8""","=""Low""","=""false"""
"=""ngày đẹp tháng 6 âm lịch năm 2022""","=""0""","=""0""","=""8""","=""Low""","=""false"""
"=""tra cứu âm dương lịch 2022""","=""0""","=""0""","=""6""","=""Low""","=""false"""
"=""âm hôm nay 2022""","=""0""","=""0""","=""4""","=""Low""","=""false"""
"=""âm lich 2022 tháng 8""","=""0""","=""0""","=""5""","=""Low""","=""false"""
"=""âm lich 2023 tháng 1""","=""0""","=""0""","=""5""","=""Low""","=""false"""
"=""âm lich hôm nay 28 7""","=""0""","=""0""","=""6""","=""Low""","=""false"""
"=""âm lich hôm nay 29 6""","=""0""","=""0""","=""6""","=""Low""","=""false"""
"=""âm lich hôm nay năm 2022""","=""0""","=""0""","=""6""","=""Low""","=""false"""
"=""âm lich ngay mai 2022""","=""0""","=""0""","=""5""","=""Low""","=""false"""
"=""âm lich ngay mai hom nay""","=""0""","=""0""","=""6""","=""Low""","=""false"""
"=""âm lich năm 2023 hôm nay""","=""0""","=""0""","=""6""","=""Low""","=""false"""
