Keyword,Volume,CPC,Word count,PPC Competition,Trending
"=""mã số thuế""","=""135000""","=""0.22""","=""3""","=""Low""","=""false"""
"=""ma so thue""","=""135000""","=""2.53""","=""3""","=""Low""","=""false"""
"=""mã số thuế cá nhân""","=""90500""","=""0.01""","=""5""","=""Low""","=""false"""
"=""ma so thue ca nhan""","=""18100""","=""0.02""","=""5""","=""Low""","=""false"""
"=""ma số thuế thu nhập cá nhân""","=""5400""","=""0.01""","=""7""","=""Low""","=""false"""
"=""mã số thuế doanh nghiệp""","=""5400""","=""0.01""","=""5""","=""Low""","=""false"""
"=""mã số thuế cá nhân tra cứu""","=""4400""","=""0.01""","=""7""","=""Low""","=""false"""
"=""mã số thuế tra cứu""","=""4400""","=""0.01""","=""5""","=""Low""","=""false"""
"=""mã số thuê công ty""","=""3600""","=""0.18""","=""5""","=""Low""","=""false"""
"=""mã số thuế công ty""","=""3600""","=""0.18""","=""5""","=""Low""","=""false"""
"=""mã số thuế cty""","=""3600""","=""0.18""","=""4""","=""Low""","=""false"""
"=""ma so thue cong ty""","=""2900""","=""0""","=""5""","=""Low""","=""false"""
"=""ma so thue doanh nghiep""","=""2900""","=""0""","=""5""","=""Low""","=""false"""
"=""mã số thuế hộ kinh doanh""","=""2400""","=""0.6""","=""6""","=""Low""","=""false"""
"=""mã số thuế la gi""","=""1900""","=""0.01""","=""5""","=""Low""","=""false"""
"=""mã số thuế là gì""","=""1900""","=""0.01""","=""5""","=""Low""","=""false"""
"=""mã số thuế com""","=""1600""","=""0""","=""4""","=""Low""","=""false"""
"=""mã số thuế tncn""","=""1300""","=""0.08""","=""4""","=""Low""","=""false"""
"=""mã số thuế tin là gì""","=""1300""","=""0""","=""6""","=""Low""","=""false"""
"=""mã số thuế tin""","=""1300""","=""0""","=""4""","=""Low""","=""false"""
"=""ma so thue ca nhan tra cuu""","=""1000""","=""0""","=""7""","=""Low""","=""false"""
"=""mã số thuế của tôi""","=""1000""","=""0.05""","=""5""","=""Low""","=""false"""
"=""mã số thuế cá nhân của tôi""","=""720""","=""0""","=""7""","=""Low""","=""false"""
"=""mã số thuế cá nhân online""","=""590""","=""0""","=""6""","=""Low""","=""false"""
"=""mã số thuế điện tử""","=""590""","=""0""","=""5""","=""Low""","=""false"""
"=""mã số thuế tiếng anh là gì""","=""590""","=""0""","=""7""","=""Low""","=""false"""
"=""mã số thuế tin trên facebook là gì""","=""590""","=""0""","=""8""","=""Low""","=""false"""
"=""ma so thue thu nhap ca nhan""","=""480""","=""0""","=""7""","=""Low""","=""false"""
"=""mã số thuế lazada""","=""480""","=""0""","=""4""","=""Low""","=""false"""
"=""mã số thuế việt nam""","=""480""","=""0.01""","=""5""","=""Low""","=""false"""
"=""ma so thue online""","=""390""","=""0""","=""4""","=""Low""","=""false"""
"=""ma so thue com""","=""320""","=""0""","=""4""","=""Low""","=""false"""
"=""ma số thuế cty""","=""320""","=""0""","=""4""","=""Low""","=""false"""
"=""mã số thuế cá nhân com""","=""320""","=""0""","=""6""","=""Low""","=""false"""
"=""mã số thuế của hộ kinh doanh""","=""320""","=""0""","=""7""","=""Low""","=""false"""
"=""mã số thuế người phụ thuộc""","=""320""","=""0""","=""6""","=""Low""","=""false"""
"=""mã số thuế gov""","=""320""","=""0""","=""4""","=""Low""","=""false"""
"=""mã số thuế shopee""","=""320""","=""0.02""","=""4""","=""Low""","=""false"""
"=""mã số thuế techcombank""","=""320""","=""0""","=""4""","=""Low""","=""false"""
"=""mã số thuế tcb""","=""320""","=""0""","=""4""","=""Low""","=""false"""
"=""mã số thuế vpbank""","=""320""","=""0""","=""4""","=""Low""","=""false"""
"=""mã số thuế là cccd""","=""320""","=""0""","=""5""","=""Low""","=""false"""
"=""mã số thuế cá""","=""260""","=""0""","=""4""","=""Low""","=""false"""
"=""mã số thuế thu nhập cá nhân tra cứu""","=""260""","=""0""","=""9""","=""Low""","=""false"""
"=""mã số thuế tin việt nam""","=""260""","=""0""","=""6""","=""Low""","=""false"""
"=""mã số thuế tncn là gì""","=""260""","=""0.01""","=""6""","=""Low""","=""true"""
"=""mã số thuế có phải là số cccd không""","=""260""","=""0""","=""9""","=""Low""","=""false"""
"=""ma so thue ca nhan la gi""","=""210""","=""0""","=""7""","=""Low""","=""false"""
"=""mã số thuế doanh nghiệp tra cứu""","=""210""","=""0.04""","=""7""","=""Low""","=""false"""
"=""mã số thuế kinh doanh""","=""210""","=""0""","=""5""","=""Low""","=""false"""
"=""mã số thuế cccd""","=""210""","=""0""","=""4""","=""Low""","=""false"""
"=""mã số thuế hoa kỳ""","=""210""","=""0.56""","=""5""","=""Low""","=""false"""
"=""mã số thuế hoa kì""","=""210""","=""0.56""","=""5""","=""Low""","=""false"""
"=""mã số thuế vietcombank""","=""210""","=""0""","=""4""","=""Low""","=""false"""
"=""mã số thuế vcb""","=""210""","=""0""","=""4""","=""Low""","=""false"""
"=""mã số thuế 888""","=""210""","=""0""","=""4""","=""Low""","=""false"""
"=""mã số thuế cho thuê tài sản""","=""170""","=""0""","=""7""","=""Low""","=""false"""
"=""mã số thuế cá nhan""","=""170""","=""0""","=""5""","=""Low""","=""false"""
"=""mã số thuế online""","=""170""","=""0""","=""4""","=""Low""","=""false"""
"=""mã số thuế bidv""","=""170""","=""0""","=""4""","=""Low""","=""false"""
"=""mã số thuế misa""","=""170""","=""0""","=""4""","=""Low""","=""true"""
"=""mã số thuế người phụ thuộc không được sử dụng chức năng này""","=""170""","=""0""","=""13""","=""Low""","=""false"""
"=""mã số thuế ca nhân""","=""140""","=""0.01""","=""5""","=""Low""","=""false"""
"=""mã số thuế bách hóa xanh""","=""140""","=""0""","=""6""","=""Low""","=""false"""
"=""mã số thuế theo cccd""","=""140""","=""0""","=""5""","=""Low""","=""false"""
"=""mã số thuế cho thuê tài sản là gì""","=""140""","=""0""","=""9""","=""Low""","=""false"""
"=""mã số thuế cũ""","=""140""","=""0""","=""4""","=""Low""","=""false"""
"=""mã số thuế facebook tại việt nam""","=""140""","=""0""","=""7""","=""Low""","=""false"""
"=""mã số thuế mbbank""","=""140""","=""0""","=""4""","=""Low""","=""false"""
"=""mã số thuế tin trên facebook""","=""140""","=""0""","=""6""","=""Low""","=""true"""
"=""mã số thuế tpbank""","=""140""","=""0""","=""4""","=""Low""","=""true"""
"=""mã số thuế vib""","=""140""","=""0""","=""4""","=""Low""","=""false"""
"=""mã số thuế mới""","=""140""","=""0""","=""4""","=""Low""","=""false"""
"=""mã số thuế 888 là gì""","=""140""","=""0""","=""6""","=""Low""","=""true"""
"=""mã số thuế hộ kinh doanh là số nào""","=""140""","=""0""","=""9""","=""Low""","=""false"""
"=""mã số thuế của hộ kinh doanh là gì""","=""140""","=""0.06""","=""9""","=""Low""","=""true"""
"=""ma so thue ca nhan online""","=""110""","=""0""","=""6""","=""Low""","=""false"""
"=""mã số thuế chấm com""","=""110""","=""0""","=""5""","=""Low""","=""false"""
"=""mã số thuế cá nhân bằng cmnd""","=""110""","=""0""","=""7""","=""Low""","=""false"""
"=""mã số thuế acb""","=""110""","=""0""","=""4""","=""Low""","=""false"""
"=""mã số thuế bao nhiêu số""","=""110""","=""0""","=""6""","=""Low""","=""false"""
"=""mã số thuế hdbank""","=""110""","=""0""","=""4""","=""Low""","=""false"""
"=""mã số thuế grab""","=""110""","=""0""","=""4""","=""Low""","=""false"""
"=""mã số thuế sacombank""","=""110""","=""0""","=""4""","=""Low""","=""false"""
"=""mã số thuế thư viện pháp luật""","=""110""","=""0""","=""7""","=""Low""","=""true"""
"=""mã số thuế vinamilk""","=""110""","=""0""","=""4""","=""Low""","=""false"""
"=""mã số thuế và mã số doanh nghiệp có giống nhau không""","=""110""","=""0""","=""12""","=""Low""","=""true"""
"=""mã số thuế có phải mã số doanh nghiệp không""","=""110""","=""0""","=""10""","=""Low""","=""true"""
"=""ma so thue cá nhan""","=""90""","=""0""","=""5""","=""Low""","=""false"""
"=""ma sô thuê""","=""90""","=""0""","=""3""","=""Low""","=""false"""
"=""ma sô thuế cá nhân""","=""90""","=""0""","=""5""","=""Low""","=""false"""
"=""mã số thuế hộ kinh doanh cá thể""","=""90""","=""0""","=""8""","=""Low""","=""false"""
"=""mã số thuế quốc gia""","=""90""","=""0""","=""5""","=""Low""","=""true"""
"=""mã số thuế viettel""","=""90""","=""0""","=""4""","=""Low""","=""true"""
"=""mã số thuế coteccons""","=""90""","=""0""","=""4""","=""Low""","=""false"""
"=""mã số thuế đất""","=""90""","=""0""","=""4""","=""Low""","=""false"""
"=""mã số thuế fpt""","=""90""","=""0""","=""4""","=""Low""","=""false"""
"=""mã số thuế huế""","=""90""","=""0""","=""4""","=""Low""","=""false"""
"=""mã số thuế không hợp lệ""","=""90""","=""0""","=""6""","=""Low""","=""false"""
"=""mã số thuế msb""","=""90""","=""0""","=""4""","=""Low""","=""false"""
"=""mã số thuế shopee là gì""","=""90""","=""0.02""","=""6""","=""Low""","=""false"""
"=""mã số thuế tiếng trung là gì""","=""90""","=""0""","=""7""","=""Low""","=""false"""
"=""mã số thuế tncn tra cứu""","=""90""","=""0""","=""6""","=""Low""","=""false"""
"=""mã số thuế trên vneid""","=""90""","=""0""","=""5""","=""Low""","=""false"""
"=""mã số thuế vietinbank""","=""90""","=""0""","=""4""","=""Low""","=""false"""
"=""mã số thuế vinfast""","=""90""","=""0""","=""4""","=""Low""","=""false"""
"=""mã số thuế xanh sm""","=""90""","=""0""","=""5""","=""Low""","=""false"""
"=""mã số thuế hộ kinh doanh là số cccd""","=""90""","=""0""","=""9""","=""Low""","=""true"""
"=""mã số thuế hộ kinh doanh là gì""","=""90""","=""0""","=""8""","=""Low""","=""true"""
"=""mã số thuế là số cccd đúng không""","=""90""","=""0""","=""8""","=""Low""","=""true"""
"=""mã số thuế và mã số doanh nghiệp""","=""90""","=""0""","=""8""","=""Low""","=""false"""
"=""mã số thuế trên giấy phép kinh doanh""","=""90""","=""0""","=""8""","=""Low""","=""false"""
"=""mã số thuế có mấy số""","=""90""","=""0""","=""6""","=""Low""","=""false"""
"=""ma so thue ho kinh doanh""","=""70""","=""0""","=""6""","=""Low""","=""false"""
"=""ma so thue la gi""","=""70""","=""0""","=""5""","=""Low""","=""false"""
"=""mã số thuế của cá nhân""","=""70""","=""0""","=""6""","=""Low""","=""false"""
"=""mã số thuế của công ty""","=""70""","=""0""","=""6""","=""Low""","=""false"""
"=""mã số thuế của người phụ thuộc""","=""70""","=""0""","=""7""","=""Low""","=""false"""
"=""mã số thuế agribank""","=""70""","=""0""","=""4""","=""Low""","=""false"""
"=""mã số thuế hkd""","=""70""","=""0""","=""4""","=""Low""","=""false"""
"=""mã số thuế hoa kỳ là gì""","=""70""","=""0""","=""7""","=""Low""","=""false"""
"=""mã số thuế mb""","=""70""","=""0""","=""4""","=""Low""","=""false"""
"=""mã số thuế tra""","=""70""","=""0""","=""4""","=""Low""","=""false"""
"=""mã số thuế công ty cổ phần vinhomes""","=""70""","=""0""","=""8""","=""Low""","=""false"""
"=""mã số thuế công ty cổ phần misa""","=""70""","=""0""","=""8""","=""Low""","=""false"""
"=""mã số thuế viettel post""","=""70""","=""0""","=""5""","=""Low""","=""true"""
"=""mã số thuế vingroup""","=""70""","=""0""","=""4""","=""Low""","=""true"""
"=""mã số thuế vn""","=""70""","=""0""","=""4""","=""Low""","=""false"""
"=""mã số thuế hà nội""","=""70""","=""0""","=""5""","=""Low""","=""false"""
"=""mã số thuế 03 05 06 là gì""","=""70""","=""0""","=""8""","=""Low""","=""true"""
"=""mã số thuế 10 số""","=""70""","=""0""","=""5""","=""Low""","=""false"""
"=""mã số thuế 12 số""","=""70""","=""0""","=""5""","=""Low""","=""false"""
"=""mã số thuế của tôi là gì""","=""70""","=""0.01""","=""7""","=""Low""","=""false"""
"=""mã số thuế để làm gì""","=""70""","=""0""","=""6""","=""Low""","=""false"""
"=""ma so thue ca nha""","=""50""","=""0""","=""5""","=""Low""","=""false"""
"=""mã số thuế cá nhân có mấy số""","=""50""","=""0""","=""8""","=""Low""","=""false"""
"=""mã số thuế cá nhân shopee""","=""50""","=""0.02""","=""6""","=""Low""","=""false"""
"=""mã số thuế là j""","=""50""","=""0""","=""5""","=""Low""","=""false"""
"=""mã số thuế nhà thầu""","=""50""","=""0""","=""5""","=""Low""","=""false"""
"=""mã số thuế be group""","=""50""","=""0""","=""5""","=""Low""","=""false"""
"=""mã số thuế là cccd từ khi nào""","=""50""","=""0""","=""8""","=""Low""","=""false"""
"=""mã số thuế cũ có dùng được không""","=""50""","=""0""","=""8""","=""Low""","=""false"""
"=""mã số thuế cũ và mới""","=""50""","=""0""","=""6""","=""Low""","=""false"""
"=""mã số thuế đuôi 001""","=""50""","=""0""","=""5""","=""Low""","=""true"""
"=""mã số thuế fpt telecom""","=""50""","=""0""","=""5""","=""Low""","=""true"""
"=""mã số thuế fpt software""","=""50""","=""0""","=""5""","=""Low""","=""false"""
"=""mã số thuế gsm""","=""50""","=""0""","=""4""","=""Low""","=""false"""
"=""mã số thuế icon""","=""50""","=""0""","=""4""","=""Low""","=""false"""
"=""mã số thuế philippines""","=""50""","=""0""","=""4""","=""Low""","=""false"""
"=""mã số thuế pnj""","=""50""","=""0""","=""4""","=""Low""","=""true"""
"=""mã số thuế pvcombank""","=""50""","=""0""","=""4""","=""Low""","=""false"""
"=""mã số thuế seabank""","=""50""","=""0""","=""4""","=""Low""","=""false"""
"=""mã số thuế trạng thái 06 là gì""","=""50""","=""0""","=""8""","=""Low""","=""true"""
"=""mã số thuế công ty vinfast""","=""50""","=""0""","=""6""","=""Low""","=""false"""
"=""mã số thuế công ty xanh sm""","=""50""","=""0""","=""7""","=""Low""","=""false"""
"=""mã số thuế công ty là gì""","=""50""","=""0""","=""7""","=""Low""","=""false"""
"=""mã số thuế vinhomes""","=""50""","=""0""","=""4""","=""Low""","=""false"""
"=""mã số thuế vnpt""","=""50""","=""0""","=""4""","=""Low""","=""false"""
"=""mã số thuế vneid""","=""50""","=""0""","=""4""","=""Low""","=""false"""
"=""mã số thuế bệnh viện bạch mai""","=""50""","=""0""","=""7""","=""Low""","=""false"""
"=""mã số thuế mấy số""","=""50""","=""0""","=""5""","=""Low""","=""false"""
"=""mã số thuế 001 là gì""","=""50""","=""0""","=""6""","=""Low""","=""true"""
"=""mã số thuế của hộ kinh doanh là số nào""","=""50""","=""0""","=""10""","=""Low""","=""false"""
"=""mã số thuế người phụ thuộc từ 1 7 2025""","=""50""","=""0""","=""10""","=""Low""","=""false"""
"=""mã số thuế là mã số hộ kinh doanh hay mã số đăng ký hộ kinh doanh""","=""50""","=""0""","=""17""","=""Low""","=""true"""
"=""ma so thue ca nhân""","=""40""","=""0""","=""5""","=""Low""","=""false"""
"=""ma so thue cty""","=""40""","=""0""","=""4""","=""Low""","=""false"""
"=""mã so thue ca nhan""","=""40""","=""0""","=""5""","=""Low""","=""false"""
"=""mã số thuế ahamove""","=""40""","=""0""","=""4""","=""Low""","=""false"""
"=""mã số thuế cá nhân đăng ký""","=""40""","=""0""","=""7""","=""Low""","=""false"""
"=""mã số thuế căn cước công dân""","=""40""","=""0""","=""7""","=""Low""","=""false"""
"=""mã số thuế của doanh nghiệp""","=""40""","=""0""","=""6""","=""Low""","=""false"""
"=""mã số thuế bao nhiêu ký tự""","=""40""","=""0""","=""7""","=""Low""","=""false"""
"=""mã số thuế bằng cccd""","=""40""","=""0""","=""5""","=""Low""","=""false"""
"=""mã số thuế là cccd phải không""","=""40""","=""0""","=""7""","=""Low""","=""true"""
"=""mã số thuế fe credit""","=""40""","=""0""","=""5""","=""Low""","=""false"""
"=""mã số thuế con cưng""","=""40""","=""0""","=""5""","=""Low""","=""false"""
"=""mã số thuế doanh nghiệp có bao nhiêu số""","=""40""","=""0""","=""9""","=""Low""","=""false"""
"=""mã số thuế doanh nghiệp là gì""","=""40""","=""0""","=""7""","=""Low""","=""false"""
"=""mã số thuế dn""","=""40""","=""0""","=""4""","=""Low""","=""false"""
"=""mã số thuế facebook""","=""40""","=""0""","=""4""","=""Low""","=""false"""
"=""mã số thuế eximbank""","=""40""","=""0""","=""4""","=""Low""","=""false"""
"=""mã số thuế giao hàng nhanh""","=""40""","=""0""","=""6""","=""Low""","=""false"""
"=""mã số thuế lpbank""","=""40""","=""0""","=""4""","=""Low""","=""false"""
"=""mã số thuế nam a bank""","=""40""","=""0""","=""6""","=""Low""","=""true"""
"=""mã số thuế nhà thầu là gì""","=""40""","=""0""","=""7""","=""Low""","=""true"""
"=""mã số thuế nhà thầu nước ngoài""","=""40""","=""0""","=""7""","=""Low""","=""false"""
"=""mã số thuế nhà đất""","=""40""","=""0""","=""5""","=""Low""","=""false"""
"=""mã số thuế nnt là gì""","=""40""","=""0""","=""6""","=""Low""","=""false"""
"=""mã số thuế petrolimex""","=""40""","=""0""","=""4""","=""Low""","=""false"""
"=""mã số thuế pharmacity""","=""40""","=""0""","=""4""","=""Low""","=""true"""
"=""mã số thuế softdreams""","=""40""","=""0""","=""4""","=""Low""","=""false"""
"=""mã số thuế shinhan bank""","=""40""","=""0""","=""5""","=""Low""","=""false"""
"=""mã số thuế shb""","=""40""","=""0""","=""4""","=""Low""","=""false"""
"=""mã số thuế tin của tôi""","=""40""","=""0""","=""6""","=""Low""","=""false"""
"=""mã số thuế trạng thái 03 là gì""","=""40""","=""0""","=""8""","=""Low""","=""true"""
"=""mã số thuế vnpay""","=""40""","=""0""","=""4""","=""Low""","=""false"""
"=""mã số thuế 001""","=""40""","=""0""","=""4""","=""Low""","=""true"""
"=""mã số thuế 13 số""","=""40""","=""0""","=""5""","=""Low""","=""false"""
"=""mã số thuế 10 số và 13 số""","=""40""","=""0""","=""8""","=""Low""","=""false"""
"=""mã số thuế f88""","=""40""","=""0""","=""4""","=""Low""","=""false"""
"=""mã số thuế của việt nam""","=""40""","=""0""","=""6""","=""Low""","=""false"""
"=""mã số thuế người phụ thuộc có thay đổi không""","=""40""","=""0""","=""10""","=""Low""","=""false"""
"=""mã số thuế có phải là mã số hộ kinh doanh không""","=""40""","=""0""","=""12""","=""Low""","=""true"""
"=""mã số thuế có bao nhiêu chữ số""","=""40""","=""0""","=""8""","=""Low""","=""true"""
"=""mã số thuế với mã số doanh nghiệp có giống nhau không""","=""40""","=""0""","=""12""","=""Low""","=""false"""
"=""mã số thuế bị đóng""","=""30""","=""0""","=""5""","=""Low""","=""false"""
"=""mã số thuế cá nhân có thay đổi không""","=""30""","=""0""","=""9""","=""Low""","=""false"""
"=""mã số thuế cá nhân tra""","=""30""","=""0""","=""6""","=""Low""","=""false"""
"=""mã số thuế cá nhân trên shopee""","=""30""","=""0""","=""7""","=""Low""","=""false"""
"=""mã số thuế hộ kinh doanh tra cứu""","=""30""","=""0""","=""8""","=""Low""","=""false"""
"=""mã số thuế phụ thuộc""","=""30""","=""0""","=""5""","=""Low""","=""false"""
"=""mã số thuế vietnam airlines""","=""30""","=""0""","=""5""","=""Low""","=""false"""
"=""mã số thuế an giang""","=""30""","=""0""","=""5""","=""Low""","=""false"""
"=""mã số thuế bhxh""","=""30""","=""0""","=""4""","=""Low""","=""false"""
"=""mã số thuế cellphones""","=""30""","=""0""","=""4""","=""Low""","=""false"""
"=""mã số thuế home credit""","=""30""","=""0""","=""5""","=""Low""","=""false"""
"=""mã số thuế 05 đk tct là gì""","=""30""","=""0""","=""8""","=""Low""","=""false"""
"=""mã số thuế fpt software hcm""","=""30""","=""0""","=""6""","=""Low""","=""false"""
"=""mã số thuế fpt software đà nẵng""","=""30""","=""0""","=""7""","=""Low""","=""false"""
"=""mã số thuế ghtk""","=""30""","=""0""","=""4""","=""Low""","=""false"""
"=""mã số thuế gia lai""","=""30""","=""0""","=""5""","=""Low""","=""false"""
"=""mã số thuế golden gate""","=""30""","=""0""","=""5""","=""Low""","=""false"""
"=""mã số thuế gtgt""","=""30""","=""0""","=""4""","=""Low""","=""false"""
"=""mã số thuế hd saison""","=""30""","=""0""","=""5""","=""Low""","=""false"""
"=""mã số thuế highlands coffee""","=""30""","=""0""","=""5""","=""Low""","=""false"""
"=""mã số thuế fpt is""","=""30""","=""0""","=""5""","=""Low""","=""false"""
"=""mã số thuế iuh""","=""30""","=""0""","=""4""","=""Low""","=""false"""
"=""mã số thuế https masothue com""","=""30""","=""0""","=""6""","=""Low""","=""false"""
"=""mã số thuế jollibee""","=""30""","=""0""","=""4""","=""Low""","=""true"""
"=""mã số thuế kinh doanh là gì""","=""30""","=""0""","=""7""","=""Low""","=""false"""
"=""mã số thuế kiotviet""","=""30""","=""0""","=""4""","=""Low""","=""true"""
"=""mã số thuế kinh doanh online""","=""30""","=""0""","=""6""","=""Low""","=""false"""
"=""mã số thuế kfc""","=""30""","=""0""","=""4""","=""Low""","=""false"""
"=""mã số thuế đăng ký""","=""30""","=""0""","=""5""","=""Low""","=""false"""
"=""mã số thuế mobifone""","=""30""","=""0""","=""4""","=""Low""","=""false"""
"=""mã số thuế momo""","=""30""","=""0""","=""4""","=""Low""","=""false"""
"=""mã số thuế nnt""","=""30""","=""0""","=""4""","=""Low""","=""false"""
"=""mã số thuế nnt đang hoạt động là gì""","=""30""","=""0""","=""9""","=""Low""","=""true"""
"=""mã số thuế npt là gì""","=""30""","=""0""","=""6""","=""Low""","=""false"""
"=""mã số thuế rikkeisoft""","=""30""","=""0""","=""4""","=""Low""","=""false"""
"=""mã số thuế sapo""","=""30""","=""0""","=""4""","=""Low""","=""false"""
"=""mã số thuế shopee food""","=""30""","=""0""","=""5""","=""Low""","=""false"""
"=""mã số thuế tphcm""","=""30""","=""0""","=""4""","=""Low""","=""false"""
"=""mã số thuế vnvc""","=""30""","=""0""","=""4""","=""Low""","=""true"""
"=""mã số thuế vua nệm""","=""30""","=""0""","=""5""","=""Low""","=""false"""
"=""mã số thuế winmart""","=""30""","=""0""","=""4""","=""Low""","=""false"""
"=""mã số thuế yody""","=""30""","=""0""","=""4""","=""Low""","=""false"""
"=""mã số thuế bảo hiểm xã hội""","=""30""","=""0""","=""7""","=""Low""","=""false"""
"=""mã số thuế bệnh viện nhi trung ương""","=""30""","=""0""","=""8""","=""Low""","=""false"""
"=""mã số thuế 2026""","=""30""","=""0""","=""4""","=""Low""","=""false"""
"=""mã số thuế 10 số là gì""","=""30""","=""0""","=""7""","=""Low""","=""false"""
"=""mã số thuế 888 có cần đăng ký kinh doanh không""","=""30""","=""0""","=""11""","=""Low""","=""true"""
"=""mã số thuế 888 có giấy phép kinh doanh không""","=""30""","=""0""","=""10""","=""Low""","=""false"""
"=""mã số thuế trên shopee là gì""","=""30""","=""0""","=""7""","=""Low""","=""false"""
"=""mã số thuế là số nào""","=""30""","=""0""","=""6""","=""Low""","=""false"""
"=""mã số thuế có đuôi 001 là gì""","=""30""","=""0""","=""8""","=""Low""","=""true"""
"=""mã số thuế có bao nhiêu ký tự""","=""30""","=""0""","=""8""","=""Low""","=""false"""
"=""mã số thuế có trạng thái 03 05 06 là gì""","=""30""","=""0""","=""11""","=""Low""","=""false"""
"=""mã số thuế trong tiếng anh""","=""30""","=""0""","=""6""","=""Low""","=""false"""
"=""mã số thuế không được phép nộp thuế trên ứng dụng của doanh nghiệp""","=""30""","=""0""","=""14""","=""Low""","=""false"""
"=""ma so thuế cá nhân""","=""20""","=""0""","=""5""","=""Low""","=""false"""
"=""mã số thuế ca nhan""","=""20""","=""0""","=""5""","=""Low""","=""false"""
"=""mã số thuế cá nhân bị đóng""","=""20""","=""0""","=""7""","=""Low""","=""false"""
"=""mã số thuế cá nhân tra cứu online""","=""20""","=""0""","=""8""","=""Low""","=""false"""
"=""mã số thuế các công ty""","=""20""","=""0""","=""6""","=""Low""","=""false"""
"=""mã số thuế của hộ kinh doanh cá thể""","=""20""","=""0""","=""9""","=""Low""","=""false"""
"=""mã số thuế doanh nghiệp có mấy số""","=""20""","=""0""","=""8""","=""Low""","=""true"""
"=""mã số thuế ảo""","=""20""","=""0""","=""4""","=""Low""","=""false"""
"=""mã số thuế abbank""","=""20""","=""0""","=""4""","=""Low""","=""false"""
"=""mã số thuế be""","=""20""","=""0""","=""4""","=""Low""","=""false"""
"=""mã số thuế bhx""","=""20""","=""0""","=""4""","=""Low""","=""true"""
"=""mã số thuế brazil""","=""20""","=""0""","=""4""","=""Low""","=""false"""
"=""mã số thuế bravo""","=""20""","=""0""","=""4""","=""Low""","=""false"""
"=""mã số thuế cccd là gì""","=""20""","=""0""","=""6""","=""Low""","=""false"""
"=""mã số thuế citigym""","=""20""","=""0""","=""4""","=""Low""","=""false"""
"=""mã số thuế circle k""","=""20""","=""0""","=""5""","=""Low""","=""false"""
"=""mã số thuế cmc global""","=""20""","=""0""","=""5""","=""Low""","=""false"""
"=""mã số thuế cty grab""","=""20""","=""0""","=""5""","=""Low""","=""false"""
"=""mã số thuế cty tkg taekwang vina""","=""20""","=""0""","=""7""","=""Low""","=""false"""
"=""mã số thuế cty vinfast""","=""20""","=""0""","=""5""","=""Low""","=""false"""
"=""mã số thuế doanh nghiệp tiếng anh là gì""","=""20""","=""0""","=""9""","=""Low""","=""false"""
"=""mã số thuế doanh nghiệp hà nội""","=""20""","=""0""","=""7""","=""Low""","=""false"""
"=""mã số thuế do cơ quan nào cấp""","=""20""","=""0""","=""8""","=""Low""","=""false"""
"=""mã số thuế do ai cấp""","=""20""","=""0""","=""6""","=""Low""","=""false"""
"=""mã số thuế etax""","=""20""","=""0""","=""4""","=""Low""","=""false"""
"=""mã số thuế trên etax mobile là gì""","=""20""","=""0""","=""8""","=""Low""","=""true"""
"=""mã số thuế fahasa""","=""20""","=""0""","=""4""","=""Low""","=""false"""
"=""mã số thuế fb""","=""20""","=""0""","=""4""","=""Low""","=""false"""
"=""mã số thuế shopee express""","=""20""","=""0""","=""5""","=""Low""","=""false"""
"=""mã số thuế spx express""","=""20""","=""0""","=""5""","=""Low""","=""true"""
"=""mã số thuế fpt shop""","=""20""","=""0""","=""5""","=""Low""","=""false"""
"=""mã số thuế ghn""","=""20""","=""0""","=""4""","=""Low""","=""false"""
"=""mã số thuế giờ là số cccd""","=""20""","=""0""","=""7""","=""Low""","=""false"""
"=""mã số thuế giao hàng tiết kiệm""","=""20""","=""0""","=""7""","=""Low""","=""false"""
"=""mã số thuế gs25""","=""20""","=""0""","=""4""","=""Low""","=""true"""
"=""mã số thuế gtgt là gì""","=""20""","=""0""","=""6""","=""Low""","=""false"""
"=""mã số thuế hcm""","=""20""","=""0""","=""4""","=""Low""","=""false"""
"=""mã số thuế hiện tại""","=""20""","=""0""","=""5""","=""Low""","=""false"""
"=""mã số thuế hiện tại là gì""","=""20""","=""0""","=""7""","=""Low""","=""false"""
"=""mã số thuế grab việt nam""","=""20""","=""0""","=""6""","=""Low""","=""false"""
"=""mã số thuế hoàng hà mobile""","=""20""","=""0""","=""6""","=""Low""","=""false"""
"=""mã số thuế hasaki""","=""20""","=""0""","=""4""","=""Low""","=""false"""
"=""mã số thuế haidilao""","=""20""","=""0""","=""4""","=""Low""","=""false"""
"=""mã số thuế hutech""","=""20""","=""0""","=""4""","=""Low""","=""false"""
"=""mã số thuế in english""","=""20""","=""0""","=""5""","=""Low""","=""true"""
"=""mã số thuế katinat""","=""20""","=""0""","=""4""","=""Low""","=""false"""
"=""mã số thuế không hoạt động tại địa chỉ đã đăng ký""","=""20""","=""0""","=""12""","=""Low""","=""true"""
"=""mã số thuế kho bạc nhà nước khu vực 1""","=""20""","=""0""","=""10""","=""Low""","=""false"""
"=""mã số thuế kho bạc nhà nước""","=""20""","=""0""","=""7""","=""Low""","=""false"""
"=""mã số thuế lalamove""","=""20""","=""0""","=""4""","=""Low""","=""false"""
"=""mã số thuế lg display""","=""20""","=""0""","=""5""","=""Low""","=""false"""
"=""mã số thuế đăng ký shopee""","=""20""","=""0""","=""6""","=""Low""","=""false"""
"=""mã số thuế lotte mart""","=""20""","=""0""","=""5""","=""Low""","=""false"""
"=""mã số thuế lotte finance""","=""20""","=""0""","=""5""","=""Low""","=""false"""
"=""mã số thuế mcredit""","=""20""","=""0""","=""4""","=""Low""","=""true"""
"=""mã số thuế manulife việt nam""","=""20""","=""0""","=""6""","=""Low""","=""false"""
"=""mã số thuế manulife""","=""20""","=""0""","=""4""","=""Low""","=""false"""
"=""mã số thuế masan""","=""20""","=""0""","=""4""","=""Low""","=""false"""
"=""mã số thuế mỹ""","=""20""","=""0""","=""4""","=""Low""","=""false"""
"=""mã số thuế mwg""","=""20""","=""0""","=""4""","=""Low""","=""false"""
"=""mã số thuế ncb""","=""20""","=""0""","=""4""","=""Low""","=""false"""
"=""mã số thuế newtecons""","=""20""","=""0""","=""4""","=""Low""","=""false"""
"=""mã số thuế npt""","=""20""","=""0""","=""4""","=""Low""","=""false"""
"=""mã số thuế ninh bình""","=""20""","=""0""","=""5""","=""Low""","=""false"""
"=""mã số thuế quảng ngãi""","=""20""","=""0""","=""5""","=""Low""","=""false"""
"=""mã số thuế quảng ninh""","=""20""","=""0""","=""5""","=""Low""","=""false"""
"=""mã số thuế ricons""","=""20""","=""0""","=""4""","=""Low""","=""false"""
"=""mã số thuế samsung""","=""20""","=""0""","=""4""","=""Low""","=""false"""
"=""mã số thuế saigontourist""","=""20""","=""0""","=""4""","=""Low""","=""false"""
"=""mã số thuế spx""","=""20""","=""0""","=""4""","=""Low""","=""false"""
"=""mã số thuế shinhan finance""","=""20""","=""0""","=""5""","=""Low""","=""false"""
"=""mã số thuế sun group""","=""20""","=""0""","=""5""","=""Low""","=""false"""
"=""mã số thuế tcbs""","=""20""","=""0""","=""4""","=""Low""","=""false"""
"=""mã số thuế tgdd""","=""20""","=""0""","=""4""","=""Low""","=""false"""
"=""mã số thuế tin la gì việt nam""","=""20""","=""0""","=""8""","=""Low""","=""false"""
"=""mã số thuế ssi""","=""20""","=""0""","=""4""","=""Low""","=""true"""
"=""mã số thuế trên facebook""","=""20""","=""0""","=""5""","=""Low""","=""false"""
"=""mã số thuế trạng thái 03""","=""20""","=""0""","=""6""","=""Low""","=""true"""
"=""mã số thuế trạng thái 03 05 06 là gì""","=""20""","=""0""","=""10""","=""Low""","=""true"""
"=""mã số thuế ueh""","=""20""","=""0""","=""4""","=""Low""","=""false"""
"=""mã số thuế uel""","=""20""","=""0""","=""4""","=""Low""","=""false"""
"=""mã số thuế uniqlo""","=""20""","=""0""","=""4""","=""Low""","=""true"""
"=""mã số thuế unilever""","=""20""","=""0""","=""4""","=""Low""","=""false"""
"=""mã số thuế tuyên quang""","=""20""","=""0""","=""5""","=""Low""","=""false"""
"=""mã số thuế từ 1 7 2025""","=""20""","=""0""","=""7""","=""Low""","=""false"""
"=""mã số thuế vat việt nam""","=""20""","=""0""","=""6""","=""Low""","=""false"""
"=""mã số thuế vetc""","=""20""","=""0""","=""4""","=""Low""","=""false"""
"=""mã số thuế vcbs""","=""20""","=""0""","=""4""","=""Low""","=""false"""
"=""mã số thuế vccorp""","=""20""","=""0""","=""4""","=""Low""","=""false"""
"=""mã số thuế vps""","=""20""","=""0""","=""4""","=""Low""","=""false"""
"=""mã số thuế vng""","=""20""","=""0""","=""4""","=""Low""","=""true"""
"=""mã số thuế vndirect""","=""20""","=""0""","=""4""","=""Low""","=""false"""
"=""mã số thuế vus""","=""20""","=""0""","=""4""","=""Low""","=""false"""
"=""mã số thuế vincommerce""","=""20""","=""0""","=""4""","=""Low""","=""false"""
"=""mã số thuế cty xanh sm""","=""20""","=""0""","=""6""","=""Low""","=""false"""
"=""mã số thuế xe máy""","=""20""","=""0""","=""5""","=""Low""","=""false"""
"=""mã số thuế yakult""","=""20""","=""0""","=""4""","=""Low""","=""false"""
"=""mã số thuế sơn la""","=""20""","=""0""","=""5""","=""Low""","=""false"""
"=""mã số thuế 06 là gì""","=""20""","=""0""","=""6""","=""Low""","=""true"""
"=""mã số thuế 001 và 888 là gì""","=""20""","=""0""","=""8""","=""Low""","=""true"""
"=""mã số thuế 03""","=""20""","=""0""","=""4""","=""Low""","=""true"""
"=""mã số thuế 2025""","=""20""","=""0""","=""4""","=""Low""","=""false"""
"=""mã số thuế 13 số là gì""","=""20""","=""0""","=""7""","=""Low""","=""false"""
"=""mã số thuế dùng để làm gì""","=""20""","=""0""","=""7""","=""Low""","=""false"""
"=""mã số thuế người phụ thuộc bị trùng""","=""20""","=""0""","=""8""","=""Low""","=""false"""
"=""mã số thuế trên giấy đăng ký hộ kinh doanh""","=""20""","=""0""","=""10""","=""Low""","=""false"""
"=""mã số thuế trên facebook là gì""","=""20""","=""0""","=""7""","=""Low""","=""false"""
"=""mã số thuế không đúng định dạng""","=""20""","=""0""","=""7""","=""Low""","=""false"""
"=""mã số thuế cho thuê tài sản đuôi 001""","=""20""","=""0""","=""9""","=""Low""","=""false"""
"=""ma so thue lazada""","=""10""","=""0""","=""4""","=""Low""","=""false"""
"=""ma so thue thu nhap ca nhan tra cuu""","=""10""","=""0""","=""9""","=""Low""","=""false"""
"=""ma so thuế thu nhập cá nhân""","=""10""","=""0""","=""7""","=""Low""","=""false"""
"=""mã so thue cty""","=""10""","=""0""","=""4""","=""Low""","=""false"""
"=""mã số thuế cmnd""","=""10""","=""0""","=""4""","=""Low""","=""false"""
"=""mã số thuế cá nhân 2022""","=""10""","=""0""","=""6""","=""Low""","=""false"""
"=""mã số thuế cá nhân người phụ thuộc""","=""10""","=""0""","=""8""","=""Low""","=""false"""
"=""mã số thuế cá nhân theo cmnd""","=""10""","=""0""","=""7""","=""Low""","=""false"""
"=""mã số thuế cá nhân theo tên""","=""10""","=""0""","=""7""","=""Low""","=""false"""
"=""mã số thuế công ty ahamove""","=""10""","=""0""","=""6""","=""Low""","=""false"""
"=""mã số thuế của lazada""","=""10""","=""0""","=""5""","=""Low""","=""false"""
"=""mã số thuế của ngân hàng agribank""","=""10""","=""0""","=""7""","=""Low""","=""false"""
"=""mã số thuế hộ kinh doanh cá the""","=""10""","=""0""","=""8""","=""Low""","=""false"""
"=""mã số thuế quầy thuốc""","=""10""","=""0""","=""5""","=""Low""","=""false"""
"=""mã số thuế theo cmnd""","=""10""","=""0""","=""5""","=""Low""","=""false"""
"=""mã số thuế thu nhap cá nhân online""","=""10""","=""0""","=""8""","=""Low""","=""false"""
"=""mã số thuế thu nhập""","=""10""","=""0""","=""5""","=""Low""","=""false"""
"=""mã số thuế thu nhập cá nhân online""","=""10""","=""0""","=""8""","=""Low""","=""false"""
"=""mã số thuế tổng công ty bảo hiểm bảo việt""","=""10""","=""0""","=""10""","=""Low""","=""false"""
"=""mã số thuế và mã số bảo hiểm xã hội""","=""10""","=""0""","=""10""","=""Low""","=""false"""
"=""mã số thuế văn phòng đại diện""","=""10""","=""0""","=""7""","=""Low""","=""false"""
"=""mã số thuế đăng ký kinh doanh""","=""10""","=""0""","=""7""","=""Low""","=""false"""
"=""mã số thuế đẹp""","=""10""","=""0""","=""4""","=""Low""","=""false"""
"=""mã số thuế ở mỹ""","=""10""","=""0""","=""5""","=""Low""","=""false"""
"=""mã số thuế acv""","=""10""","=""0""","=""4""","=""Low""","=""false"""
"=""mã số thuế acecook""","=""10""","=""0""","=""4""","=""Low""","=""true"""
"=""mã số thuế acacy""","=""10""","=""0""","=""4""","=""Low""","=""false"""
"=""mã số thuế aeon việt nam""","=""10""","=""0""","=""6""","=""Low""","=""false"""
"=""mã số thuế aia""","=""10""","=""0""","=""4""","=""Low""","=""false"""
"=""mã số thuế aia việt nam""","=""10""","=""0""","=""6""","=""Low""","=""false"""
"=""mã số thuế bamboo airways""","=""10""","=""0""","=""5""","=""Low""","=""false"""
"=""mã số thuế api""","=""10""","=""0""","=""4""","=""Low""","=""true"""
"=""mã số thuế bkav""","=""10""","=""0""","=""4""","=""Low""","=""false"""
"=""mã số thuế canifa""","=""10""","=""0""","=""4""","=""Low""","=""true"""
"=""mã số thuế cathay life""","=""10""","=""0""","=""5""","=""Low""","=""false"""
"=""mã số thuế canada""","=""10""","=""0""","=""4""","=""Low""","=""false"""
"=""mã số thuế cmc""","=""10""","=""0""","=""4""","=""Low""","=""false"""
"=""mã số thuế cmc telecom""","=""10""","=""0""","=""5""","=""Low""","=""false"""
"=""mã số thuế concentrix""","=""10""","=""0""","=""4""","=""Low""","=""false"""
"=""mã số thuế cocoon""","=""10""","=""0""","=""4""","=""Low""","=""false"""
"=""mã số thuế coopmart""","=""10""","=""0""","=""4""","=""Low""","=""false"""
"=""mã số thuế cũ còn hiệu lực không""","=""10""","=""0""","=""8""","=""Low""","=""false"""
"=""mã số thuế cũ tra cứu""","=""10""","=""0""","=""6""","=""Low""","=""false"""
"=""mã số thuế cũ của hộ kinh doanh""","=""10""","=""0""","=""8""","=""Low""","=""false"""
"=""mã số thuế ctd""","=""10""","=""0""","=""4""","=""Low""","=""false"""
"=""mã số thuế cty misa""","=""10""","=""0""","=""5""","=""Low""","=""false"""
"=""mã số thuế cty gsm""","=""10""","=""0""","=""5""","=""Low""","=""false"""
"=""mã số thuế cty samsung""","=""10""","=""0""","=""5""","=""Low""","=""true"""
"=""mã số thuế decathlon""","=""10""","=""0""","=""4""","=""Low""","=""false"""
"=""mã số thuế trẻ em""","=""10""","=""0""","=""5""","=""Low""","=""false"""
"=""mã số thuế khu du lịch đại nam""","=""10""","=""0""","=""8""","=""Low""","=""false"""
"=""mã số thuế etax là gì""","=""10""","=""0""","=""6""","=""Low""","=""true"""
"=""mã số thuế etax mobile""","=""10""","=""0""","=""5""","=""Low""","=""false"""
"=""mã số thuế trên etax""","=""10""","=""0""","=""5""","=""Low""","=""false"""
"=""mã số thuế facebook là gì""","=""10""","=""0""","=""6""","=""Low""","=""true"""
"=""mã số thuế fb là gì""","=""10""","=""0""","=""6""","=""Low""","=""true"""
"=""mã số thuế tin fb""","=""10""","=""0""","=""5""","=""Low""","=""false"""
"=""mã số thuế esomar""","=""10""","=""0""","=""4""","=""Low""","=""false"""
"=""mã số thuế fe""","=""10""","=""0""","=""4""","=""Low""","=""false"""
"=""mã số thuế fis""","=""10""","=""0""","=""4""","=""Low""","=""false"""
"=""mã số thuế flc""","=""10""","=""0""","=""4""","=""Low""","=""false"""
"=""mã số thuế fsoft""","=""10""","=""0""","=""4""","=""Low""","=""false"""
"=""mã số thuế fuyu""","=""10""","=""0""","=""4""","=""Low""","=""true"""
"=""mã số thuế fpt software hà nội""","=""10""","=""0""","=""7""","=""Low""","=""false"""
"=""mã số thuế generali""","=""10""","=""0""","=""4""","=""Low""","=""false"""
"=""mã số thuế đã được cấp gcn đkt là gì""","=""10""","=""0""","=""10""","=""Low""","=""false"""
"=""mã số thuế cty ghtk""","=""10""","=""0""","=""5""","=""Low""","=""false"""
"=""mã số thuế giống số cccd""","=""10""","=""0""","=""6""","=""Low""","=""false"""
"=""mã số thuế giấy phép kinh doanh""","=""10""","=""0""","=""7""","=""Low""","=""false"""
"=""mã số thuế giảm trừ gia cảnh""","=""10""","=""0""","=""7""","=""Low""","=""false"""
"=""mã số thuế gm mall""","=""10""","=""0""","=""5""","=""Low""","=""false"""
"=""mã số thuế google tại việt nam""","=""10""","=""0""","=""7""","=""Low""","=""false"""
"=""mã số thuế gpbank""","=""10""","=""0""","=""4""","=""Low""","=""false"""
"=""mã số thuế gtgt gst""","=""10""","=""0""","=""5""","=""Low""","=""false"""
"=""mã số thuế gtel ots""","=""10""","=""0""","=""5""","=""Low""","=""false"""
"=""mã số thuế vietcombank hcm""","=""10""","=""0""","=""5""","=""Low""","=""false"""
"=""mã số thuế heineken""","=""10""","=""0""","=""4""","=""Low""","=""false"""
"=""mã số thuế hiện tại là cccd""","=""10""","=""0""","=""7""","=""Low""","=""false"""
"=""mã số thuế hkd là cccd""","=""10""","=""0""","=""6""","=""Low""","=""true"""
"=""mã số thuế hkd là gì""","=""10""","=""0""","=""6""","=""Low""","=""false"""
"=""mã số thuế green sm""","=""10""","=""0""","=""5""","=""Low""","=""false"""
"=""mã số thuế green speed""","=""10""","=""0""","=""5""","=""Low""","=""false"""
"=""mã số thuế hoa kỳ là bao nhiêu""","=""10""","=""0""","=""8""","=""Low""","=""false"""
"=""mã số thuế hoa sen group""","=""10""","=""0""","=""6""","=""Low""","=""true"""
"=""mã số thuế hsbc""","=""10""","=""0""","=""4""","=""Low""","=""false"""
"=""mã số thuế trên hskt không đúng""","=""10""","=""0""","=""7""","=""Low""","=""false"""
"=""mã số thuế ila""","=""10""","=""0""","=""4""","=""Low""","=""true"""
"=""mã số thuế intel product vietnam""","=""10""","=""0""","=""6""","=""Low""","=""false"""
"=""mã số thuế indonesia""","=""10""","=""0""","=""4""","=""Low""","=""false"""
"=""mã số thuế khai nộp thuế thay theo pháp luật quản lý thuế""","=""10""","=""0""","=""13""","=""Low""","=""true"""
"=""mã số thuế kho bạc nhà nước khu vực 2""","=""10""","=""0""","=""10""","=""Low""","=""false"""
"=""mã số thuế không phải của hoa kỳ""","=""10""","=""0""","=""8""","=""Low""","=""false"""
"=""mã số thuế không khớp với cccd""","=""10""","=""0""","=""7""","=""Low""","=""false"""
"=""mã số thuế kiên giang""","=""10""","=""0""","=""5""","=""Low""","=""false"""
"=""mã số thuế ko hợp lệ""","=""10""","=""0""","=""6""","=""Low""","=""false"""
"=""mã số thuế ko hợp lệ là sao""","=""10""","=""0""","=""8""","=""Low""","=""false"""
"=""mã số thuế lazada việt nam""","=""10""","=""0""","=""6""","=""Low""","=""false"""
"=""mã số thuế kpmg""","=""10""","=""0""","=""4""","=""Low""","=""false"""
"=""mã số thuế đăng ký xe""","=""10""","=""0""","=""6""","=""Low""","=""false"""
"=""mã số thuế long an""","=""10""","=""0""","=""5""","=""Low""","=""false"""
"=""mã số thuế masan consumer""","=""10""","=""0""","=""5""","=""Low""","=""false"""
"=""mã số thuế malaysia""","=""10""","=""0""","=""4""","=""Low""","=""false"""
"=""mã số thuế mailisa""","=""10""","=""0""","=""4""","=""Low""","=""false"""
"=""mã số thuế manpower""","=""10""","=""0""","=""4""","=""Low""","=""false"""
"=""mã số thuế đại lý""","=""10""","=""0""","=""5""","=""Low""","=""false"""
"=""mã số thuế meta""","=""10""","=""0""","=""4""","=""Low""","=""false"""
"=""mã số thuế mobilecity""","=""10""","=""0""","=""4""","=""Low""","=""false"""
"=""mã số thuế mst""","=""10""","=""0""","=""4""","=""Low""","=""false"""
"=""mã số thuế của msb""","=""10""","=""0""","=""5""","=""Low""","=""false"""
"=""mã số thuế mirae asset""","=""10""","=""0""","=""5""","=""Low""","=""false"""
"=""mã số thuế mindx""","=""10""","=""0""","=""4""","=""Low""","=""false"""
"=""mã số thuế thẩm mỹ viện mailisa""","=""10""","=""0""","=""7""","=""Low""","=""false"""
"=""mã số thuế nam định""","=""10""","=""0""","=""5""","=""Low""","=""false"""
"=""mã số thuế nashtech""","=""10""","=""0""","=""4""","=""Low""","=""false"""
"=""mã số thuế nestle""","=""10""","=""0""","=""4""","=""Low""","=""false"""
"=""mã số thuế nhà thuốc""","=""10""","=""0""","=""5""","=""Low""","=""false"""
"=""mã số thuế nhà nước""","=""10""","=""0""","=""5""","=""Low""","=""false"""
"=""mã số thuế của nnt khác là gì""","=""10""","=""0""","=""8""","=""Low""","=""false"""
"=""mã số thuế novaland""","=""10""","=""0""","=""4""","=""Low""","=""false"""
"=""mã số thuế npwp""","=""10""","=""0""","=""4""","=""Low""","=""false"""
"=""mã số thuế nutifood""","=""10""","=""0""","=""4""","=""Low""","=""false"""
"=""mã số thuế ntq solution""","=""10""","=""0""","=""5""","=""Low""","=""false"""
"=""mã số thuế onpoint""","=""10""","=""0""","=""4""","=""Low""","=""false"""
"=""mã số thuế phú thọ""","=""10""","=""0""","=""5""","=""Low""","=""false"""
"=""mã số thuế phong vũ""","=""10""","=""0""","=""5""","=""Low""","=""true"""
"=""mã số thuế phúc long""","=""10""","=""0""","=""5""","=""Low""","=""false"""
"=""mã số thuế phi nông nghiệp""","=""10""","=""0""","=""6""","=""Low""","=""false"""
"=""mã số thuế pizza 4ps""","=""10""","=""0""","=""5""","=""Low""","=""false"""
"=""mã số thuế prudential""","=""10""","=""0""","=""4""","=""Low""","=""false"""
"=""mã số thuế pwc""","=""10""","=""0""","=""4""","=""Low""","=""false"""
"=""mã số thuế quảng nam""","=""10""","=""0""","=""5""","=""Low""","=""false"""
"=""mã số thuế quảng bình""","=""10""","=""0""","=""5""","=""Low""","=""false"""
"=""mã số thuế sabeco""","=""10""","=""0""","=""4""","=""Low""","=""false"""
"=""mã số thuế sai tên""","=""10""","=""0""","=""5""","=""Low""","=""false"""
"=""mã số thuế scb""","=""10""","=""0""","=""4""","=""Low""","=""false"""
"=""mã số thuế sinh viên""","=""10""","=""0""","=""5""","=""Low""","=""false"""
"=""mã số thuế singapore""","=""10""","=""0""","=""4""","=""Low""","=""false"""
"=""mã số thuế siêu thị go""","=""10""","=""0""","=""6""","=""Low""","=""false"""
"=""mã số thuế siêu thị coopmart""","=""10""","=""0""","=""6""","=""Low""","=""false"""
"=""mã số thuế smartosc""","=""10""","=""0""","=""4""","=""Low""","=""false"""
"=""mã số thuế sotatek""","=""10""","=""0""","=""4""","=""Low""","=""false"""
"=""mã số thuế công ty rorze robotech""","=""10""","=""0""","=""7""","=""Low""","=""false"""
"=""mã số thuế shb finance""","=""10""","=""0""","=""5""","=""Low""","=""false"""
"=""mã số thuế sunhouse""","=""10""","=""0""","=""4""","=""Low""","=""false"""
"=""mã số thuế suntory pepsico""","=""10""","=""0""","=""5""","=""Low""","=""false"""
"=""mã số thuế sun life""","=""10""","=""0""","=""5""","=""Low""","=""false"""
"=""mã số thuế tncn online""","=""10""","=""0""","=""5""","=""Low""","=""false"""
"=""mã số thuế talentnet""","=""10""","=""0""","=""4""","=""Low""","=""false"""
"=""mã số thuế tax code""","=""10""","=""0""","=""5""","=""Low""","=""false"""
"=""mã số thuế taxi mai linh""","=""10""","=""0""","=""6""","=""Low""","=""false"""
"=""mã số thuế úc""","=""10""","=""0""","=""4""","=""Low""","=""false"""
"=""mã số thuế uef""","=""10""","=""0""","=""4""","=""Low""","=""false"""
"=""mã số thuế unicons""","=""10""","=""0""","=""4""","=""Low""","=""false"""
"=""mã số thuế unilever việt nam""","=""10""","=""0""","=""6""","=""Low""","=""false"""
"=""mã số thuế từ 1 7""","=""10""","=""0""","=""6""","=""Low""","=""false"""
"=""mã số thuế tự có hay phải đăng ký""","=""10""","=""0""","=""9""","=""Low""","=""false"""
"=""mã số thuế vat""","=""10""","=""0""","=""4""","=""Low""","=""false"""
"=""mã số thuế vpbank hội sở""","=""10""","=""0""","=""6""","=""Low""","=""true"""
"=""mã số thuế dịch vụ công""","=""10""","=""0""","=""6""","=""Low""","=""false"""
"=""mã số thuế vti""","=""10""","=""0""","=""4""","=""Low""","=""false"""
"=""mã số thuế xuất nhập khẩu""","=""10""","=""0""","=""6""","=""Low""","=""false"""
"=""mã số thuế zalopay""","=""10""","=""0""","=""4""","=""Low""","=""false"""
"=""mã số thuế 03 là gì""","=""10""","=""0""","=""6""","=""Low""","=""true"""
"=""mã số thuế 002 là gì""","=""10""","=""0""","=""6""","=""Low""","=""true"""
"=""mã số thuế 00001""","=""10""","=""0""","=""4""","=""Low""","=""true"""
"=""mã số thuế 30shine""","=""10""","=""0""","=""4""","=""Low""","=""false"""
"=""mã số thuế 10 số và 12 số""","=""10""","=""0""","=""8""","=""Low""","=""true"""
"=""mã số thuế 13 chữ số""","=""10""","=""0""","=""6""","=""Low""","=""false"""
"=""mã số thuế 1 7""","=""10""","=""0""","=""5""","=""Low""","=""false"""
"=""mã số thuế 1 7 2025""","=""10""","=""0""","=""6""","=""Low""","=""false"""
"=""mã số thuế sau 1 7""","=""10""","=""0""","=""6""","=""Low""","=""false"""
"=""mã số thuế sau 1 7 2025""","=""10""","=""0""","=""7""","=""Low""","=""false"""
"=""mã số thuế 888 và 001""","=""10""","=""0""","=""6""","=""Low""","=""true"""
"=""mã số thuế 888 sau ngày 1 7""","=""10""","=""0""","=""8""","=""Low""","=""true"""
"=""mã số thuế 888 đóng thuế bao nhiêu""","=""10""","=""0""","=""8""","=""Low""","=""false"""
"=""mã số thuế đuôi 999 là gì""","=""10""","=""0""","=""7""","=""Low""","=""true"""
"=""mã số thuế đuôi 999""","=""10""","=""0""","=""5""","=""Low""","=""false"""
"=""mã số thuế tncn để làm gì""","=""10""","=""0""","=""7""","=""Low""","=""false"""
"=""mã số thuế như thế nào""","=""10""","=""0""","=""6""","=""Low""","=""true"""
"=""mã số thuế không thuộc đối tượng nộp hskt""","=""10""","=""0""","=""9""","=""Low""","=""false"""
"=""mã số thuế trên vneid là gì""","=""10""","=""0""","=""7""","=""Low""","=""false"""
"=""mã số thuế trên cccd""","=""10""","=""0""","=""5""","=""Low""","=""false"""
"=""mã số thuế trong giấy phép kinh doanh""","=""10""","=""0""","=""8""","=""Low""","=""false"""
"=""mã số thuế trong tiếng trung là gì""","=""10""","=""0""","=""8""","=""Low""","=""false"""
"=""mã số thuế cho thuê nhà""","=""10""","=""0""","=""6""","=""Low""","=""false"""
"=""mã số thuế cho người nước ngoài""","=""10""","=""0""","=""7""","=""Low""","=""false"""
"=""mã số thuế cho hộ kinh doanh""","=""10""","=""0""","=""7""","=""Low""","=""false"""
"=""mã số thuế làm công ăn lương""","=""10""","=""0""","=""7""","=""Low""","=""false"""
"=""mã số thuế làm gì""","=""10""","=""0""","=""5""","=""Low""","=""false"""
"=""mã số thuế làm công ăn lương là gì""","=""10""","=""0""","=""9""","=""Low""","=""true"""
"=""mã số thuế abic""","=""0""","=""0""","=""4""","=""Low""","=""false"""
"=""mã số thuế abbott""","=""0""","=""0""","=""4""","=""Low""","=""false"""
"=""mã số thuế abb""","=""0""","=""0""","=""4""","=""Low""","=""false"""
"=""mã số thuế abc""","=""0""","=""0""","=""4""","=""Low""","=""false"""
"=""mã số thuế abs""","=""0""","=""0""","=""4""","=""Low""","=""false"""
"=""mã số thuế công ty abc""","=""0""","=""0""","=""6""","=""Low""","=""false"""
"=""mã số thuế aasc""","=""0""","=""0""","=""4""","=""Low""","=""false"""
"=""mã số thuế aaa""","=""0""","=""0""","=""4""","=""Low""","=""false"""
"=""mã số thuế aac""","=""0""","=""0""","=""4""","=""Low""","=""false"""
"=""mã số thuế bảo hiểm aaa""","=""0""","=""0""","=""6""","=""Low""","=""false"""
"=""mã số thuế công ty bảo hiểm aaa""","=""0""","=""0""","=""8""","=""Low""","=""false"""
"=""mã số thuế công ty kiểm toán aasc""","=""0""","=""0""","=""8""","=""Low""","=""false"""
"=""mã số thuế acecook việt nam""","=""0""","=""0""","=""6""","=""Low""","=""false"""
"=""mã số thuế acfc""","=""0""","=""0""","=""4""","=""Low""","=""false"""
"=""mã số thuế acbs""","=""0""","=""0""","=""4""","=""Low""","=""false"""
"=""mã số thuế acsv""","=""0""","=""0""","=""4""","=""Low""","=""false"""
"=""mã số thuế acc""","=""0""","=""0""","=""4""","=""Low""","=""false"""
"=""mã số thuế adecco""","=""0""","=""0""","=""4""","=""Low""","=""false"""
"=""mã số thuế adobe""","=""0""","=""0""","=""4""","=""Low""","=""false"""
"=""mã số thuế adidas""","=""0""","=""0""","=""4""","=""Low""","=""false"""
"=""mã số thuế adc""","=""0""","=""0""","=""4""","=""Low""","=""false"""
"=""mã số thuế ads agency""","=""0""","=""0""","=""5""","=""Low""","=""false"""
"=""mã số thuế adora""","=""0""","=""0""","=""4""","=""Low""","=""false"""
"=""mã số thuế adsplus""","=""0""","=""0""","=""4""","=""Low""","=""false"""
"=""mã số thuế aden services""","=""0""","=""0""","=""5""","=""Low""","=""false"""
"=""mã số thuế adcc""","=""0""","=""0""","=""4""","=""Low""","=""false"""
"=""mã số thuế affiliate shopee""","=""0""","=""0""","=""5""","=""Low""","=""false"""
"=""mã số thuế affiliate""","=""0""","=""0""","=""4""","=""Low""","=""false"""
"=""mã số thuế afotech""","=""0""","=""0""","=""4""","=""Low""","=""false"""
"=""mã số thuế aeon""","=""0""","=""0""","=""4""","=""Low""","=""false"""
"=""mã số thuế aeon mall""","=""0""","=""0""","=""5""","=""Low""","=""false"""
"=""mã số thuế aeon long biên""","=""0""","=""0""","=""6""","=""Low""","=""false"""
"=""mã số thuế aeon bình dương""","=""0""","=""0""","=""6""","=""Low""","=""false"""
"=""mã số thuế aeon finance""","=""0""","=""0""","=""5""","=""Low""","=""false"""
"=""mã số thuế aeon hà đông""","=""0""","=""0""","=""6""","=""Low""","=""false"""
"=""mã số thuế aeon hải phòng""","=""0""","=""0""","=""6""","=""Low""","=""false"""
"=""mã số thuế agoda""","=""0""","=""0""","=""4""","=""Low""","=""false"""
"=""mã số thuế agribank chi nhánh sài gòn""","=""0""","=""0""","=""8""","=""Low""","=""false"""
"=""mã số thuế agriseco""","=""0""","=""0""","=""4""","=""Low""","=""false"""
"=""mã số thuế agribank chi nhánh hà nội""","=""0""","=""0""","=""8""","=""Low""","=""false"""
"=""mã số thuế agari""","=""0""","=""0""","=""4""","=""Low""","=""false"""
"=""mã số thuế agribank hà thành""","=""0""","=""0""","=""6""","=""Low""","=""false"""
"=""mã số thuế agribank chi nhánh thăng long""","=""0""","=""0""","=""8""","=""Low""","=""false"""
"=""mã số thuế agoda việt nam""","=""0""","=""0""","=""6""","=""Low""","=""false"""
"=""mã số thuế a h a""","=""0""","=""0""","=""6""","=""Low""","=""false"""
"=""mã số thuế aiesec""","=""0""","=""0""","=""4""","=""Low""","=""false"""
"=""mã số thuế ai cấp""","=""0""","=""0""","=""5""","=""Low""","=""false"""
"=""mã số thuế ais""","=""0""","=""0""","=""4""","=""Low""","=""false"""
"=""mã số thuế ait""","=""0""","=""0""","=""4""","=""Low""","=""false"""
"=""mã số thuế aig""","=""0""","=""0""","=""4""","=""Low""","=""false"""
"=""mã số thuế aia exchange""","=""0""","=""0""","=""5""","=""Low""","=""false"""
"=""mã số thuế ajinomoto""","=""0""","=""0""","=""4""","=""Low""","=""false"""
"=""mã số thuế ajinomoto việt nam""","=""0""","=""0""","=""6""","=""Low""","=""false"""
"=""mã số thuế als""","=""0""","=""0""","=""4""","=""Low""","=""false"""
"=""mã số thuế alaska""","=""0""","=""0""","=""4""","=""Low""","=""false"""
"=""mã số thuế alsuco""","=""0""","=""0""","=""4""","=""Low""","=""false"""
"=""mã số thuế aladdin""","=""0""","=""0""","=""4""","=""Low""","=""false"""
"=""mã số thuế alibaba""","=""0""","=""0""","=""4""","=""Low""","=""false"""
"=""mã số thuế alta media""","=""0""","=""0""","=""5""","=""Low""","=""false"""
"=""mã số thuế alpha""","=""0""","=""0""","=""4""","=""Low""","=""false"""
"=""mã số thuế alc""","=""0""","=""0""","=""4""","=""Low""","=""false"""
"=""mã số thuế alena""","=""0""","=""0""","=""4""","=""Low""","=""false"""
"=""mã số thuế altius link""","=""0""","=""0""","=""5""","=""Low""","=""false"""
"=""mã số thuế amway""","=""0""","=""0""","=""4""","=""Low""","=""false"""
"=""mã số thuế american study""","=""0""","=""0""","=""5""","=""Low""","=""false"""
"=""mã số thuế amazon việt nam""","=""0""","=""0""","=""6""","=""Low""","=""false"""
"=""mã số thuế amazon""","=""0""","=""0""","=""4""","=""Low""","=""false"""
"=""mã số thuế amphenol""","=""0""","=""0""","=""4""","=""Low""","=""false"""
"=""mã số thuế amanotes""","=""0""","=""0""","=""4""","=""Low""","=""false"""
"=""mã số thuế amela""","=""0""","=""0""","=""4""","=""Low""","=""false"""
"=""mã số thuế amaris""","=""0""","=""0""","=""4""","=""Low""","=""false"""
"=""mã số thuế amigo""","=""0""","=""0""","=""4""","=""Low""","=""false"""
"=""mã số thuế amt vina""","=""0""","=""0""","=""5""","=""Low""","=""false"""
"=""mã số thuế apollo english""","=""0""","=""0""","=""5""","=""Low""","=""false"""
"=""mã số thuế apple""","=""0""","=""0""","=""4""","=""Low""","=""false"""
"=""mã số thuế apollo""","=""0""","=""0""","=""4""","=""Low""","=""false"""
"=""mã số thuế app""","=""0""","=""0""","=""4""","=""Low""","=""false"""
"=""mã số thuế apple việt nam""","=""0""","=""0""","=""6""","=""Low""","=""false"""
"=""mã số thuế aplus""","=""0""","=""0""","=""4""","=""Low""","=""false"""
"=""mã số thuế apex""","=""0""","=""0""","=""4""","=""Low""","=""false"""
"=""mã số thuế apache""","=""0""","=""0""","=""4""","=""Low""","=""false"""
"=""mã số thuế apg""","=""0""","=""0""","=""4""","=""Low""","=""false"""
"=""mã số thuế aka house""","=""0""","=""0""","=""5""","=""Low""","=""false"""
"=""mã số thuế công ty akzonobel""","=""0""","=""0""","=""6""","=""Low""","=""false"""
"=""mã số thuế ariston""","=""0""","=""0""","=""4""","=""Low""","=""false"""
"=""mã số thuế arcadyan""","=""0""","=""0""","=""4""","=""Low""","=""false"""
"=""mã số thuế arito""","=""0""","=""0""","=""4""","=""Low""","=""false"""
"=""mã số thuế aroma""","=""0""","=""0""","=""4""","=""Low""","=""false"""
"=""mã số thuế jump arena""","=""0""","=""0""","=""5""","=""Low""","=""false"""
"=""mã số thuế ielts arena""","=""0""","=""0""","=""5""","=""Low""","=""false"""
"=""mã số thuế aqua""","=""0""","=""0""","=""4""","=""Low""","=""false"""
"=""mã số thuế aqua việt nam""","=""0""","=""0""","=""6""","=""Low""","=""false"""
"=""mã số thuế cty aqua""","=""0""","=""0""","=""5""","=""Low""","=""false"""
"=""mã số thuế công ty tnhh thành phố aqua""","=""0""","=""0""","=""9""","=""Low""","=""false"""
"=""mã số thuế aon""","=""0""","=""0""","=""4""","=""Low""","=""false"""
"=""mã số thuế cty ao shipping""","=""0""","=""0""","=""6""","=""Low""","=""false"""
"=""mã số thuế quần áo""","=""0""","=""0""","=""5""","=""Low""","=""false"""
"=""mã số thuế automech""","=""0""","=""0""","=""4""","=""Low""","=""false"""
"=""mã số thuế austdoor""","=""0""","=""0""","=""4""","=""Low""","=""false"""
"=""mã số thuế australia""","=""0""","=""0""","=""4""","=""Low""","=""false"""
"=""mã số thuế aubot""","=""0""","=""0""","=""4""","=""Low""","=""false"""
"=""mã số thuế aurora""","=""0""","=""0""","=""4""","=""Low""","=""false"""
"=""mã số thuế thaco auto""","=""0""","=""0""","=""5""","=""Low""","=""false"""
"=""mã số thuế tasco auto""","=""0""","=""0""","=""5""","=""Low""","=""false"""
"=""mã số thuế công ty aureole""","=""0""","=""0""","=""6""","=""Low""","=""false"""
"=""mã số thuế công ty august sport""","=""0""","=""0""","=""7""","=""Low""","=""false"""
"=""mã số thuế axon""","=""0""","=""0""","=""4""","=""Low""","=""false"""
"=""mã số thuế axon active""","=""0""","=""0""","=""5""","=""Low""","=""false"""
"=""mã số thuế awing""","=""0""","=""0""","=""4""","=""Low""","=""false"""
"=""mã số thuế aws""","=""0""","=""0""","=""4""","=""Low""","=""false"""
"=""mã số thuế avery dennison""","=""0""","=""0""","=""5""","=""Low""","=""false"""
"=""mã số thuế avc""","=""0""","=""0""","=""4""","=""Low""","=""false"""
"=""mã số thuế avery media""","=""0""","=""0""","=""5""","=""Low""","=""false"""
"=""mã số thuế avakids""","=""0""","=""0""","=""4""","=""Low""","=""false"""
"=""mã số thuế avepoint""","=""0""","=""0""","=""4""","=""Low""","=""false"""
"=""mã số thuế cty avc""","=""0""","=""0""","=""5""","=""Low""","=""false"""
"=""mã số thuế công ty avc việt nam""","=""0""","=""0""","=""8""","=""Low""","=""false"""
"=""mã số thuế công ty avatek""","=""0""","=""0""","=""6""","=""Low""","=""false"""
"=""mã số thuế atad""","=""0""","=""0""","=""4""","=""Low""","=""false"""
"=""mã số thuế atom""","=""0""","=""0""","=""4""","=""Low""","=""false"""
"=""mã số thuế ata""","=""0""","=""0""","=""4""","=""Low""","=""false"""
"=""mã số thuế atc""","=""0""","=""0""","=""4""","=""Low""","=""false"""
"=""mã số thuế atino""","=""0""","=""0""","=""4""","=""Low""","=""false"""
"=""mã số thuế công ty atc""","=""0""","=""0""","=""6""","=""Low""","=""false"""
"=""mã số thuế công ty athena""","=""0""","=""0""","=""6""","=""Low""","=""false"""
"=""mã số thuế bbraun""","=""0""","=""0""","=""4""","=""Low""","=""false"""
"=""mã số thuế bb group""","=""0""","=""0""","=""5""","=""Low""","=""false"""
"=""mã số thuế king bbq""","=""0""","=""0""","=""5""","=""Low""","=""false"""
"=""mã số thuế bao nhiêu chữ số""","=""0""","=""0""","=""7""","=""Low""","=""false"""
"=""mã số thuế bao nhiêu tuổi""","=""0""","=""0""","=""6""","=""Low""","=""false"""
"=""mã số thuế bcons""","=""0""","=""0""","=""4""","=""Low""","=""false"""
"=""mã số thuế bcg""","=""0""","=""0""","=""4""","=""Low""","=""false"""
"=""mã số thuế bcons homes""","=""0""","=""0""","=""5""","=""Low""","=""false"""
"=""mã số thuế bcons ps""","=""0""","=""0""","=""5""","=""Low""","=""false"""
"=""mã số thuế bca thăng long""","=""0""","=""0""","=""6""","=""Low""","=""false"""
"=""mã số thuế công ty tnhh terumo bct việt nam""","=""0""","=""0""","=""10""","=""Low""","=""false"""
"=""mã số thuế bgsv""","=""0""","=""0""","=""4""","=""Low""","=""false"""
"=""mã số thuế bee""","=""0""","=""0""","=""4""","=""Low""","=""false"""
"=""mã số thuế bee logistics""","=""0""","=""0""","=""5""","=""Low""","=""false"""
"=""mã số thuế bellsystem24""","=""0""","=""0""","=""4""","=""Low""","=""false"""
"=""mã số thuế be là gì""","=""0""","=""0""","=""6""","=""Low""","=""false"""
"=""mã số thuế betrimex""","=""0""","=""0""","=""4""","=""Low""","=""false"""
"=""mã số thuế becamex""","=""0""","=""0""","=""4""","=""Low""","=""false"""
"=""mã số thuế bee group""","=""0""","=""0""","=""5""","=""Low""","=""false"""
"=""mã số thuế best express""","=""0""","=""0""","=""5""","=""Low""","=""false"""
"=""mã số thuế bds thiên khôi""","=""0""","=""0""","=""6""","=""Low""","=""false"""
"=""mã số thuế bdo""","=""0""","=""0""","=""4""","=""Low""","=""false"""
"=""mã số thuế bhxh tỉnh nghệ an""","=""0""","=""0""","=""7""","=""Low""","=""false"""
"=""mã số thuế bhxh cơ sở thủ đức""","=""0""","=""0""","=""8""","=""Low""","=""false"""
"=""mã số thuế bhxh tỉnh thái nguyên""","=""0""","=""0""","=""7""","=""Low""","=""false"""
"=""mã số thuế bhxh tỉnh thanh hóa""","=""0""","=""0""","=""7""","=""Low""","=""false"""
"=""mã số thuế bhxh tỉnh khánh hòa""","=""0""","=""0""","=""7""","=""Low""","=""false"""
"=""mã số thuế bhxh tphcm""","=""0""","=""0""","=""5""","=""Low""","=""false"""
"=""mã số thuế bhxh cơ sở an lạc""","=""0""","=""0""","=""8""","=""Low""","=""false"""
"=""mã số thuế bm windows""","=""0""","=""0""","=""5""","=""Low""","=""false"""
"=""mã số thuế bmt""","=""0""","=""0""","=""4""","=""Low""","=""false"""
"=""mã số thuế bmp""","=""0""","=""0""","=""4""","=""Low""","=""false"""
"=""mã số thuế trung cấp bmt""","=""0""","=""0""","=""6""","=""Low""","=""false"""
"=""mã số thuế công ty bmc""","=""0""","=""0""","=""6""","=""Low""","=""false"""
"=""mã số thuế công ty bms""","=""0""","=""0""","=""6""","=""Low""","=""false"""
"=""mã số thuế bni""","=""0""","=""0""","=""4""","=""Low""","=""false"""
"=""mã số thuế bn số""","=""0""","=""0""","=""5""","=""Low""","=""false"""
"=""mã số thuế có bn số""","=""0""","=""0""","=""6""","=""Low""","=""false"""
"=""mã số thuế blue ocean""","=""0""","=""0""","=""5""","=""Low""","=""false"""
"=""mã số thuế blusaigon""","=""0""","=""0""","=""4""","=""Low""","=""false"""
"=""mã số thuế radisson blu resort cam ranh""","=""0""","=""0""","=""8""","=""Low""","=""false"""
"=""mã số thuế công ty bluebay""","=""0""","=""0""","=""6""","=""Low""","=""false"""
"=""mã số thuế bosch""","=""0""","=""0""","=""4""","=""Low""","=""false"""
"=""mã số thuế boe""","=""0""","=""0""","=""4""","=""Low""","=""false"""
"=""mã số thuế bosch việt nam""","=""0""","=""0""","=""6""","=""Low""","=""false"""
"=""mã số thuế bosch global software technologies""","=""0""","=""0""","=""7""","=""Low""","=""false"""
"=""mã số thuế boston""","=""0""","=""0""","=""4""","=""Low""","=""false"""
"=""mã số thuế booking com""","=""0""","=""0""","=""5""","=""Low""","=""false"""
"=""mã số thuế boston pharma""","=""0""","=""0""","=""5""","=""Low""","=""false"""
"=""mã số thuế boho""","=""0""","=""0""","=""4""","=""Low""","=""false"""
"=""mã số thuế boho decor""","=""0""","=""0""","=""5""","=""Low""","=""false"""
"=""mã số thuế boxme""","=""0""","=""0""","=""4""","=""Low""","=""false"""
"=""mã số thuế brenntag""","=""0""","=""0""","=""4""","=""Low""","=""false"""
"=""mã số thuế british council""","=""0""","=""0""","=""5""","=""Low""","=""false"""
"=""mã số thuế brg""","=""0""","=""0""","=""4""","=""Low""","=""false"""
"=""mã số thuế brotex""","=""0""","=""0""","=""4""","=""Low""","=""false"""
"=""mã số thuế cty brotex""","=""0""","=""0""","=""5""","=""Low""","=""false"""
"=""mã số thuế cty brother""","=""0""","=""0""","=""5""","=""Low""","=""false"""
"=""mã số thuế của brazil""","=""0""","=""0""","=""5""","=""Low""","=""false"""
"=""mã số thuế cty broadpeak""","=""0""","=""0""","=""5""","=""Low""","=""false"""
"=""mã số thuế bitis""","=""0""","=""0""","=""4""","=""Low""","=""false"""
"=""mã số thuế bic""","=""0""","=""0""","=""4""","=""Low""","=""false"""
"=""mã số thuế bim group""","=""0""","=""0""","=""5""","=""Low""","=""false"""
"=""mã số thuế binh chủng thông tin liên lạc""","=""0""","=""0""","=""9""","=""Low""","=""false"""
"=""mã số thuế bidv sở giao dịch 3""","=""0""","=""0""","=""8""","=""Low""","=""false"""
"=""mã số thuế bidiphar""","=""0""","=""0""","=""4""","=""Low""","=""false"""
"=""mã số thuế bidv hà nội""","=""0""","=""0""","=""6""","=""Low""","=""false"""
"=""mã số thuế mắt bão bpo""","=""0""","=""0""","=""6""","=""Low""","=""false"""
"=""mã số thuế bsr""","=""0""","=""0""","=""4""","=""Low""","=""false"""
"=""mã số thuế bsc""","=""0""","=""0""","=""4""","=""Low""","=""false"""
"=""mã số thuế bsh""","=""0""","=""0""","=""4""","=""Low""","=""false"""
"=""mã số thuế bsmart""","=""0""","=""0""","=""4""","=""Low""","=""false"""
"=""mã số thuế bảo hiểm bsh""","=""0""","=""0""","=""6""","=""Low""","=""false"""
"=""mã số thuế bv nguyễn trãi""","=""0""","=""0""","=""6""","=""Low""","=""false"""
"=""mã số thuế bv phạm ngọc thạch""","=""0""","=""0""","=""7""","=""Low""","=""false"""
"=""mã số thuế bv hùng vương""","=""0""","=""0""","=""6""","=""Low""","=""false"""
"=""mã số thuế bv chợ rẫy""","=""0""","=""0""","=""6""","=""Low""","=""false"""
"=""mã số thuế bvbank""","=""0""","=""0""","=""4""","=""Low""","=""false"""
"=""mã số thuế bv lê văn thịnh""","=""0""","=""0""","=""7""","=""Low""","=""false"""
"=""mã số thuế bv bạch mai""","=""0""","=""0""","=""6""","=""Low""","=""false"""
"=""mã số thuế bv từ dũ""","=""0""","=""0""","=""6""","=""Low""","=""false"""
"=""mã số thuế buymed""","=""0""","=""0""","=""4""","=""Low""","=""false"""
"=""mã số thuế bureau veritas""","=""0""","=""0""","=""5""","=""Low""","=""false"""
"=""mã số thuế buv""","=""0""","=""0""","=""4""","=""Low""","=""false"""
"=""mã số thuế buôn bán""","=""0""","=""0""","=""5""","=""Low""","=""false"""
"=""mã số thuế buôn ma thuột""","=""0""","=""0""","=""6""","=""Low""","=""false"""
"=""mã số thuế buzzmetrics""","=""0""","=""0""","=""4""","=""Low""","=""false"""
"=""mã số thuế thaco bus""","=""0""","=""0""","=""5""","=""Low""","=""false"""
"=""mã số thuế futa bus lines""","=""0""","=""0""","=""6""","=""Low""","=""false"""
"=""mã số thuế toyota buôn ma thuột""","=""0""","=""0""","=""7""","=""Low""","=""false"""
"=""mã số thuế có bắt buộc không""","=""0""","=""0""","=""7""","=""Low""","=""false"""
"=""mã số thuế btaskee""","=""0""","=""0""","=""4""","=""Low""","=""false"""
"=""mã số thuế btmc""","=""0""","=""0""","=""4""","=""Low""","=""false"""
"=""mã số thuế cao bằng""","=""0""","=""0""","=""5""","=""Low""","=""false"""
"=""mã số thuế canon""","=""0""","=""0""","=""4""","=""Low""","=""false"""
"=""mã số thuế canon thăng long""","=""0""","=""0""","=""6""","=""Low""","=""false"""
"=""mã số thuế campuchia""","=""0""","=""0""","=""4""","=""Low""","=""false"""
"=""mã số thuế canon quế võ""","=""0""","=""0""","=""6""","=""Low""","=""false"""
"=""mã số thuế cc1""","=""0""","=""0""","=""4""","=""Low""","=""false"""
"=""mã số thuế cccd chủ hộ""","=""0""","=""0""","=""6""","=""Low""","=""false"""
"=""mã số thuế cbre""","=""0""","=""0""","=""4""","=""Low""","=""false"""
"=""mã số thuế cbre việt nam""","=""0""","=""0""","=""6""","=""Low""","=""false"""
"=""mã số thuế cb diamond palace""","=""0""","=""0""","=""6""","=""Low""","=""false"""
"=""mã số thuế cbm""","=""0""","=""0""","=""4""","=""Low""","=""false"""
"=""mã số thuế cf group""","=""0""","=""0""","=""5""","=""Low""","=""false"""
"=""mã số thuế cgv""","=""0""","=""0""","=""4""","=""Low""","=""false"""
"=""mã số thuế của cgv""","=""0""","=""0""","=""5""","=""Low""","=""false"""
"=""mã số thuế central""","=""0""","=""0""","=""4""","=""Low""","=""false"""
"=""mã số thuế cenland""","=""0""","=""0""","=""4""","=""Low""","=""false"""
"=""mã số thuế central retail""","=""0""","=""0""","=""5""","=""Low""","=""false"""
"=""mã số thuế ceo group""","=""0""","=""0""","=""5""","=""Low""","=""false"""
"=""mã số thuế centralcons""","=""0""","=""0""","=""4""","=""Low""","=""false"""
"=""mã số thuế ceo""","=""0""","=""0""","=""4""","=""Low""","=""false"""
"=""mã số thuế cep""","=""0""","=""0""","=""4""","=""Low""","=""false"""
"=""mã số thuế cen hà nội""","=""0""","=""0""","=""6""","=""Low""","=""false"""
"=""mã số thuế gem center""","=""0""","=""0""","=""5""","=""Low""","=""false"""
"=""mã số thuế cdc""","=""0""","=""0""","=""4""","=""Low""","=""false"""
"=""mã số thuế cienco4""","=""0""","=""0""","=""4""","=""Low""","=""false"""
"=""mã số thuế cimigo""","=""0""","=""0""","=""4""","=""Low""","=""false"""
"=""mã số thuế cic""","=""0""","=""0""","=""4""","=""Low""","=""false"""
"=""mã số thuế cid""","=""0""","=""0""","=""4""","=""Low""","=""false"""
"=""mã số thuế cii""","=""0""","=""0""","=""4""","=""Low""","=""false"""
"=""mã số thuế circa""","=""0""","=""0""","=""4""","=""Low""","=""false"""
"=""mã số thuế cinestar""","=""0""","=""0""","=""4""","=""Low""","=""false"""
"=""mã số thuế cj food""","=""0""","=""0""","=""5""","=""Low""","=""false"""
"=""mã số thuế cjsc""","=""0""","=""0""","=""4""","=""Low""","=""false"""
"=""mã số thuế cj""","=""0""","=""0""","=""4""","=""Low""","=""false"""
"=""mã số thuế công ty cjsc""","=""0""","=""0""","=""6""","=""Low""","=""false"""
"=""mã số thuế công ty cj vina agri""","=""0""","=""0""","=""8""","=""Low""","=""false"""
"=""mã số thuế cmc ts""","=""0""","=""0""","=""5""","=""Low""","=""false"""
"=""mã số thuế cmnd cũ""","=""0""","=""0""","=""5""","=""Low""","=""false"""
"=""mã số thuế cma""","=""0""","=""0""","=""4""","=""Low""","=""false"""
"=""mã số thuế cmc consulting""","=""0""","=""0""","=""5""","=""Low""","=""false"""
"=""mã số thuế cmit""","=""0""","=""0""","=""4""","=""Low""","=""false"""
"=""mã số thuế clb bướm xinh""","=""0""","=""0""","=""6""","=""Low""","=""false"""
"=""mã số thuế clickbuy""","=""0""","=""0""","=""4""","=""Low""","=""false"""
"=""mã số thuế clevai""","=""0""","=""0""","=""4""","=""Low""","=""false"""
"=""mã số thuế kimberly clark""","=""0""","=""0""","=""5""","=""Low""","=""false"""
"=""mã số thuế meli club""","=""0""","=""0""","=""5""","=""Low""","=""false"""
"=""mã số thuế fpt cloud""","=""0""","=""0""","=""5""","=""Low""","=""false"""
"=""mã số thuế lg clinic""","=""0""","=""0""","=""5""","=""Low""","=""false"""
"=""mã số thuế fpt smart cloud""","=""0""","=""0""","=""6""","=""Low""","=""false"""
"=""mã số thuế cn""","=""0""","=""0""","=""4""","=""Low""","=""false"""
"=""mã số thuế cn làm công ăn lương là gì""","=""0""","=""0""","=""10""","=""Low""","=""false"""
"=""mã số thuế cn làm công ăn lương""","=""0""","=""0""","=""8""","=""Low""","=""false"""
"=""mã số thuế cnctech""","=""0""","=""0""","=""4""","=""Low""","=""false"""
"=""mã số thuế cnctech thăng long""","=""0""","=""0""","=""6""","=""Low""","=""false"""
"=""mã số thuế cnl gaming""","=""0""","=""0""","=""5""","=""Low""","=""false"""
"=""mã số thuế lg cns""","=""0""","=""0""","=""5""","=""Low""","=""false"""
"=""mã số thuế sacombank cn hà đông""","=""0""","=""0""","=""7""","=""Low""","=""false"""
"=""mã số thuế crystal bay""","=""0""","=""0""","=""5""","=""Low""","=""false"""
"=""mã số thuế crown""","=""0""","=""0""","=""4""","=""Low""","=""false"""
"=""mã số thuế crowe""","=""0""","=""0""","=""4""","=""Low""","=""false"""
"=""mã số thuế cty cresyn""","=""0""","=""0""","=""5""","=""Low""","=""false"""
"=""mã số thuế cty crystal martin""","=""0""","=""0""","=""6""","=""Low""","=""false"""
"=""mã số thuế công ty biel crystal""","=""0""","=""0""","=""7""","=""Low""","=""false"""
"=""mã số thuế công ty biel crystal hải dương""","=""0""","=""0""","=""9""","=""Low""","=""false"""
"=""mã số thuế coninco""","=""0""","=""0""","=""4""","=""Low""","=""false"""
"=""mã số thuế coca cola""","=""0""","=""0""","=""5""","=""Low""","=""false"""
"=""mã số thuế cpc1 hà nội""","=""0""","=""0""","=""6""","=""Low""","=""false"""
"=""mã số thuế cp""","=""0""","=""0""","=""4""","=""Low""","=""false"""
"=""mã số thuế cp việt nam""","=""0""","=""0""","=""6""","=""Low""","=""false"""
"=""mã số thuế cpc1""","=""0""","=""0""","=""4""","=""Low""","=""false"""
"=""mã số thuế cpc1hn""","=""0""","=""0""","=""4""","=""Low""","=""false"""
"=""mã số thuế cty cp""","=""0""","=""0""","=""5""","=""Low""","=""false"""
"=""mã số thuế cty cp misa""","=""0""","=""0""","=""6""","=""Low""","=""false"""
"=""mã số thuế cty cp thế giới di động""","=""0""","=""0""","=""9""","=""Low""","=""false"""
"=""mã số thuế cty cp vinhomes""","=""0""","=""0""","=""6""","=""Low""","=""false"""
"=""mã số thuế cty cp đầu tư điện máy xanh""","=""0""","=""0""","=""10""","=""Low""","=""false"""
"=""mã số thuế cubicasa""","=""0""","=""0""","=""4""","=""Low""","=""false"""
"=""mã số thuế cũ là gì""","=""0""","=""0""","=""6""","=""Low""","=""false"""
"=""mã số thuế cũ có sử dụng được không""","=""0""","=""0""","=""9""","=""Low""","=""false"""
"=""mã số thuế cũ không đăng nhập được""","=""0""","=""0""","=""8""","=""Low""","=""false"""
"=""mã số thuế cty gain lucky""","=""0""","=""0""","=""6""","=""Low""","=""false"""
"=""mã số thuế cty vincons""","=""0""","=""0""","=""5""","=""Low""","=""false"""
"=""mã số thuế cyberlogitec""","=""0""","=""0""","=""4""","=""Low""","=""false"""
"=""mã số thuế viettel cyber security""","=""0""","=""0""","=""6""","=""Low""","=""false"""
"=""mã số thuế dbv""","=""0""","=""0""","=""4""","=""Low""","=""false"""
"=""mã số thuế dbplus""","=""0""","=""0""","=""4""","=""Low""","=""false"""
"=""mã số thuế dbg""","=""0""","=""0""","=""4""","=""Low""","=""false"""
"=""mã số thuế cty dbg""","=""0""","=""0""","=""5""","=""Low""","=""false"""
"=""mã số thuế bảo hiểm dbv""","=""0""","=""0""","=""6""","=""Low""","=""false"""
"=""mã số thuế công ty bảo hiểm dbv""","=""0""","=""0""","=""8""","=""Low""","=""false"""
"=""mã số thuế dcorp""","=""0""","=""0""","=""4""","=""Low""","=""false"""
"=""mã số thuế dcm""","=""0""","=""0""","=""4""","=""Low""","=""false"""
"=""mã số thuế daklak""","=""0""","=""0""","=""4""","=""Low""","=""false"""
"=""mã số thuế dai ichi life""","=""0""","=""0""","=""6""","=""Low""","=""false"""
"=""mã số thuế decathlon việt nam""","=""0""","=""0""","=""6""","=""Low""","=""false"""
"=""mã số thuế deloitte việt nam""","=""0""","=""0""","=""6""","=""Low""","=""false"""
"=""mã số thuế deloitte""","=""0""","=""0""","=""4""","=""Low""","=""false"""
"=""mã số thuế delta""","=""0""","=""0""","=""4""","=""Low""","=""false"""
"=""mã số thuế denso""","=""0""","=""0""","=""4""","=""Low""","=""false"""
"=""mã số thuế de heus""","=""0""","=""0""","=""5""","=""Low""","=""false"""
"=""mã số thuế decofi""","=""0""","=""0""","=""4""","=""Low""","=""false"""
"=""mã số thuế demo""","=""0""","=""0""","=""4""","=""Low""","=""false"""
"=""mã số thuế dgw""","=""0""","=""0""","=""4""","=""Low""","=""false"""
"=""mã số thuế dgc""","=""0""","=""0""","=""4""","=""Low""","=""false"""
"=""mã số thuế digiworld""","=""0""","=""0""","=""4""","=""Low""","=""false"""
"=""mã số thuế di động việt""","=""0""","=""0""","=""6""","=""Low""","=""false"""
"=""mã số thuế dichvucong""","=""0""","=""0""","=""4""","=""Low""","=""false"""
"=""mã số thuế diag""","=""0""","=""0""","=""4""","=""Low""","=""false"""
"=""mã số thuế diệu phúc""","=""0""","=""0""","=""5""","=""Low""","=""false"""
"=""mã số thuế diana unicharm""","=""0""","=""0""","=""5""","=""Low""","=""false"""
"=""mã số thuế digi texx""","=""0""","=""0""","=""5""","=""Low""","=""false"""
"=""mã số thuế dienmayxanh""","=""0""","=""0""","=""4""","=""Low""","=""false"""
"=""mã số thuế diligo""","=""0""","=""0""","=""4""","=""Low""","=""false"""
"=""mã số thuế dinco""","=""0""","=""0""","=""4""","=""Low""","=""false"""
"=""mã số thuế dhl""","=""0""","=""0""","=""4""","=""Low""","=""false"""
"=""mã số thuế dh foods""","=""0""","=""0""","=""5""","=""Low""","=""false"""
"=""mã số thuế dhg""","=""0""","=""0""","=""4""","=""Low""","=""false"""
"=""mã số thuế dhl express""","=""0""","=""0""","=""5""","=""Low""","=""false"""
"=""mã số thuế dhl việt nam""","=""0""","=""0""","=""6""","=""Low""","=""false"""
"=""mã số thuế dhl global forwarding""","=""0""","=""0""","=""6""","=""Low""","=""false"""
"=""mã số thuế dhl supply chain việt nam""","=""0""","=""0""","=""8""","=""Low""","=""false"""
"=""mã số thuế dhg pharma""","=""0""","=""0""","=""5""","=""Low""","=""false"""
"=""mã số thuế đh văn lang""","=""0""","=""0""","=""6""","=""Low""","=""false"""
"=""mã số thuế đh fpt""","=""0""","=""0""","=""5""","=""Low""","=""false"""
"=""mã số thuế dnse""","=""0""","=""0""","=""4""","=""Low""","=""false"""
"=""mã số thuế dksh""","=""0""","=""0""","=""4""","=""Low""","=""false"""
"=""mã số thuế dksh việt nam""","=""0""","=""0""","=""6""","=""Low""","=""false"""
"=""mã số thuế dkrs""","=""0""","=""0""","=""4""","=""Low""","=""false"""
"=""mã số thuế dkra vega""","=""0""","=""0""","=""5""","=""Low""","=""false"""
"=""mã số thuế đk shopee""","=""0""","=""0""","=""5""","=""Low""","=""false"""
"=""mã số thuế 05 đk tct""","=""0""","=""0""","=""6""","=""Low""","=""false"""
"=""mã số thuế dmx""","=""0""","=""0""","=""4""","=""Low""","=""false"""
"=""mã số thuế dragon capital""","=""0""","=""0""","=""5""","=""Low""","=""false"""
"=""mã số thuế drc""","=""0""","=""0""","=""4""","=""Low""","=""false"""
"=""mã số thuế droppii""","=""0""","=""0""","=""4""","=""Low""","=""false"""
"=""mã số thuế drillmaco""","=""0""","=""0""","=""4""","=""Low""","=""false"""
"=""mã số thuế cty dreamtech""","=""0""","=""0""","=""5""","=""Low""","=""false"""
"=""mã số thuế pv drilling""","=""0""","=""0""","=""5""","=""Low""","=""false"""
"=""mã số thuế công ty draexlmaier""","=""0""","=""0""","=""6""","=""Low""","=""false"""
"=""mã số thuế công ty tnhh dreamtech việt nam""","=""0""","=""0""","=""9""","=""Low""","=""false"""
"=""mã số thuế dwn""","=""0""","=""0""","=""4""","=""Low""","=""false"""
"=""mã số thuế dtsvn""","=""0""","=""0""","=""4""","=""Low""","=""false"""
"=""mã số thuế dts""","=""0""","=""0""","=""4""","=""Low""","=""false"""
"=""mã số thuế dxg""","=""0""","=""0""","=""4""","=""Low""","=""false"""
"=""mã số thuế dxc""","=""0""","=""0""","=""4""","=""Low""","=""false"""
"=""mã số thuế dym""","=""0""","=""0""","=""4""","=""Low""","=""false"""
"=""mã số thuế eb""","=""0""","=""0""","=""4""","=""Low""","=""false"""
"=""mã số thuế công ty eb""","=""0""","=""0""","=""6""","=""Low""","=""false"""
"=""mã số thuế công ty tnhh dịch vụ eb""","=""0""","=""0""","=""9""","=""Low""","=""false"""
"=""mã số thuế edutalk""","=""0""","=""0""","=""4""","=""Low""","=""false"""
"=""mã số thuế edupia""","=""0""","=""0""","=""4""","=""Low""","=""false"""
"=""mã số thuế educa""","=""0""","=""0""","=""4""","=""Low""","=""false"""
"=""mã số thuế eduvator""","=""0""","=""0""","=""4""","=""Low""","=""false"""
"=""mã số thuế edufit""","=""0""","=""0""","=""4""","=""Low""","=""false"""
"=""mã số thuế vh edtech""","=""0""","=""0""","=""5""","=""Low""","=""false"""
"=""mã số thuế ocean edu""","=""0""","=""0""","=""5""","=""Low""","=""false"""
"=""mã số thuế rino edu""","=""0""","=""0""","=""5""","=""Low""","=""false"""
"=""mã số thuế fpt education""","=""0""","=""0""","=""5""","=""Low""","=""false"""
"=""mã số thuế isc education""","=""0""","=""0""","=""5""","=""Low""","=""false"""
"=""mã số thuế dsv""","=""0""","=""0""","=""4""","=""Low""","=""false"""
"=""mã số thuế dsc""","=""0""","=""0""","=""4""","=""Low""","=""false"""
"=""mã số thuế dstore""","=""0""","=""0""","=""4""","=""Low""","=""false"""
"=""mã số thuế công ty cổ phần dstore""","=""0""","=""0""","=""8""","=""Low""","=""false"""
"=""mã số thuế efy""","=""0""","=""0""","=""4""","=""Low""","=""false"""
"=""mã số thuế eemc""","=""0""","=""0""","=""4""","=""Low""","=""false"""
"=""mã số thuế ecopark""","=""0""","=""0""","=""4""","=""Low""","=""false"""
"=""mã số thuế ecorp""","=""0""","=""0""","=""4""","=""Low""","=""false"""
"=""mã số thuế eco""","=""0""","=""0""","=""4""","=""Low""","=""false"""
"=""mã số thuế ecoba""","=""0""","=""0""","=""4""","=""Low""","=""false"""
"=""mã số thuế ecomobi""","=""0""","=""0""","=""4""","=""Low""","=""false"""
"=""mã số thuế ecu""","=""0""","=""0""","=""4""","=""Low""","=""false"""
"=""mã số thuế ecount""","=""0""","=""0""","=""4""","=""Low""","=""false"""
"=""mã số thuế ecu worldwide""","=""0""","=""0""","=""5""","=""Low""","=""false"""
"=""mã số thuế ein""","=""0""","=""0""","=""4""","=""Low""","=""false"""
"=""mã số thuế ein là gì""","=""0""","=""0""","=""6""","=""Low""","=""false"""
"=""mã số thuế eikodo""","=""0""","=""0""","=""4""","=""Low""","=""false"""
"=""mã số thuế ei group""","=""0""","=""0""","=""5""","=""Low""","=""false"""
"=""mã số thuế eib""","=""0""","=""0""","=""4""","=""Low""","=""false"""
"=""mã số thuế hoa kỳ ein""","=""0""","=""0""","=""6""","=""Low""","=""false"""
"=""mã số thuế elise""","=""0""","=""0""","=""4""","=""Low""","=""false"""
"=""mã số thuế elcom""","=""0""","=""0""","=""4""","=""Low""","=""false"""
"=""mã số thuế elmich""","=""0""","=""0""","=""4""","=""Low""","=""false"""
"=""mã số thuế elca""","=""0""","=""0""","=""4""","=""Low""","=""false"""
"=""mã số thuế elite""","=""0""","=""0""","=""4""","=""Low""","=""false"""
"=""mã số thuế elipsport""","=""0""","=""0""","=""4""","=""Low""","=""false"""
"=""mã số thuế 7 eleven""","=""0""","=""0""","=""5""","=""Low""","=""false"""
"=""mã số thuế cty elentec""","=""0""","=""0""","=""5""","=""Low""","=""false"""
"=""mã số thuế cty elite long thành""","=""0""","=""0""","=""7""","=""Low""","=""false"""
"=""mã số thuế social elite""","=""0""","=""0""","=""5""","=""Low""","=""false"""
"=""mã số thuế emart""","=""0""","=""0""","=""4""","=""Low""","=""false"""
"=""mã số thuế ems""","=""0""","=""0""","=""4""","=""Low""","=""false"""
"=""mã số thuế emc school""","=""0""","=""0""","=""5""","=""Low""","=""false"""
"=""mã số thuế emtc""","=""0""","=""0""","=""4""","=""Low""","=""false"""
"=""mã số thuế emin""","=""0""","=""0""","=""4""","=""Low""","=""false"""
"=""mã số thuế empire""","=""0""","=""0""","=""4""","=""Low""","=""false"""
"=""mã số thuế employment hero""","=""0""","=""0""","=""5""","=""Low""","=""false"""
"=""mã số thuế g empire""","=""0""","=""0""","=""5""","=""Low""","=""false"""
"=""mã số thuế của em bé""","=""0""","=""0""","=""6""","=""Low""","=""false"""
"=""mã số thuế equest""","=""0""","=""0""","=""4""","=""Low""","=""false"""
"=""mã số thuế khách sạn equatorial""","=""0""","=""0""","=""6""","=""Low""","=""false"""
"=""mã số thuế due""","=""0""","=""0""","=""4""","=""Low""","=""false"""
"=""mã số thuế dubai""","=""0""","=""0""","=""4""","=""Low""","=""false"""
"=""mã số thuế cục du lịch quốc gia việt nam""","=""0""","=""0""","=""10""","=""Low""","=""false"""
"=""mã số thuế sở du lịch tphcm""","=""0""","=""0""","=""7""","=""Low""","=""false"""
"=""mã số thuế vietcombank dung quất""","=""0""","=""0""","=""6""","=""Low""","=""false"""
"=""mã số thuế nội dung xanh""","=""0""","=""0""","=""6""","=""Low""","=""false"""
"=""mã số thuế epass""","=""0""","=""0""","=""4""","=""Low""","=""false"""
"=""mã số thuế eplus""","=""0""","=""0""","=""4""","=""Low""","=""false"""
"=""mã số thuế eplus research""","=""0""","=""0""","=""5""","=""Low""","=""false"""
"=""mã số thuế vnpt epay""","=""0""","=""0""","=""5""","=""Low""","=""false"""
"=""mã số thuế công ty eplus research""","=""0""","=""0""","=""7""","=""Low""","=""false"""
"=""mã số thuế evn""","=""0""","=""0""","=""4""","=""Low""","=""false"""
"=""mã số thuế evf""","=""0""","=""0""","=""4""","=""Low""","=""false"""
"=""mã số thuế evn hà nội""","=""0""","=""0""","=""6""","=""Low""","=""false"""
"=""mã số thuế evergreen""","=""0""","=""0""","=""4""","=""Low""","=""false"""
"=""mã số thuế evnhcmc""","=""0""","=""0""","=""4""","=""Low""","=""false"""
"=""mã số thuế evnhanoi""","=""0""","=""0""","=""4""","=""Low""","=""false"""
"=""mã số thuế evergreen shipping agency vietnam""","=""0""","=""0""","=""7""","=""Low""","=""false"""
"=""mã số thuế evs""","=""0""","=""0""","=""4""","=""Low""","=""false"""
"=""mã số thuế evncpc""","=""0""","=""0""","=""4""","=""Low""","=""false"""
"=""mã số thuế evnnpt""","=""0""","=""0""","=""4""","=""Low""","=""false"""
"=""mã số thuế eteacher""","=""0""","=""0""","=""4""","=""Low""","=""false"""
"=""mã số thuế etek""","=""0""","=""0""","=""4""","=""Low""","=""false"""
"=""mã số thuế etc""","=""0""","=""0""","=""4""","=""Low""","=""false"""
"=""mã số thuế ets""","=""0""","=""0""","=""4""","=""Low""","=""false"""
"=""mã số thuế etax mobile là gì""","=""0""","=""0""","=""7""","=""Low""","=""false"""
"=""mã số thuế easyinvoice""","=""0""","=""0""","=""4""","=""Low""","=""false"""
"=""mã số thuế công ty earth corporation việt nam""","=""0""","=""0""","=""9""","=""Low""","=""false"""
"=""mã số thuế cty far eastern""","=""0""","=""0""","=""6""","=""Low""","=""false"""
"=""mã số thuế eurowindow""","=""0""","=""0""","=""4""","=""Low""","=""false"""
"=""mã số thuế eurofins sắc ký hải đăng""","=""0""","=""0""","=""8""","=""Low""","=""false"""
"=""mã số thuế eurofins""","=""0""","=""0""","=""4""","=""Low""","=""false"""
"=""mã số thuế eu""","=""0""","=""0""","=""4""","=""Low""","=""false"""
"=""mã số thuế eup""","=""0""","=""0""","=""4""","=""Low""","=""false"""
"=""mã số thuế eurowindow holding""","=""0""","=""0""","=""5""","=""Low""","=""false"""
"=""mã số thuế ey hà nội""","=""0""","=""0""","=""6""","=""Low""","=""false"""
"=""mã số thuế ey""","=""0""","=""0""","=""4""","=""Low""","=""false"""
"=""mã số thuế ey việt nam""","=""0""","=""0""","=""6""","=""Low""","=""false"""
"=""mã số thuế ey consulting""","=""0""","=""0""","=""5""","=""Low""","=""false"""
"=""mã số thuế ey hcm""","=""0""","=""0""","=""5""","=""Low""","=""false"""
"=""mã số thuế familymart""","=""0""","=""0""","=""4""","=""Low""","=""false"""
"=""mã số thuế fast""","=""0""","=""0""","=""4""","=""Low""","=""false"""
"=""mã số thuế fastech asia""","=""0""","=""0""","=""5""","=""Low""","=""false"""
"=""mã số thuế faraland""","=""0""","=""0""","=""4""","=""Low""","=""false"""
"=""mã số thuế faslink""","=""0""","=""0""","=""4""","=""Low""","=""false"""
"=""mã số thuế fas""","=""0""","=""0""","=""4""","=""Low""","=""false"""
"=""mã số thuế trên fb""","=""0""","=""0""","=""5""","=""Low""","=""false"""
"=""mã số thuế tin fb là gì""","=""0""","=""0""","=""7""","=""Low""","=""false"""
"=""mã số thuế expedia""","=""0""","=""0""","=""4""","=""Low""","=""false"""
"=""mã số thuế example""","=""0""","=""0""","=""4""","=""Low""","=""false"""
"=""mã số thuế exness""","=""0""","=""0""","=""4""","=""Low""","=""false"""
"=""mã số thuế sf express""","=""0""","=""0""","=""5""","=""Low""","=""false"""
"=""mã số thuế futa express""","=""0""","=""0""","=""5""","=""Low""","=""false"""
"=""mã số thuế fci""","=""0""","=""0""","=""4""","=""Low""","=""false"""
"=""mã số thuế công ty fdi""","=""0""","=""0""","=""6""","=""Low""","=""false"""
"=""mã số thuế doanh nghiệp fdi""","=""0""","=""0""","=""6""","=""Low""","=""false"""
"=""mã số thuế esuhai""","=""0""","=""0""","=""4""","=""Low""","=""false"""
"=""mã số thuế cty esprinta""","=""0""","=""0""","=""5""","=""Low""","=""false"""
"=""mã số thuế công ty estec vina""","=""0""","=""0""","=""7""","=""Low""","=""false"""
"=""mã số thuế kết nối misa meinvoice misa esign""","=""0""","=""0""","=""9""","=""Low""","=""false"""
"=""mã số thuế fedex""","=""0""","=""0""","=""4""","=""Low""","=""false"""
"=""mã số thuế fecon""","=""0""","=""0""","=""4""","=""Low""","=""false"""
"=""mã số thuế fec""","=""0""","=""0""","=""4""","=""Low""","=""false"""
"=""mã số thuế fevc""","=""0""","=""0""","=""4""","=""Low""","=""false"""
"=""mã số thuế fecon fru""","=""0""","=""0""","=""5""","=""Low""","=""false"""
"=""mã số thuế công ty tnhh fes việt nam""","=""0""","=""0""","=""9""","=""Low""","=""false"""
"=""mã số thuế ffc""","=""0""","=""0""","=""4""","=""Low""","=""false"""
"=""mã số thuế ezcloud""","=""0""","=""0""","=""4""","=""Low""","=""false"""
"=""mã số thuế finance""","=""0""","=""0""","=""4""","=""Low""","=""false"""
"=""mã số thuế finviet""","=""0""","=""0""","=""4""","=""Low""","=""false"""
"=""mã số thuế first solar""","=""0""","=""0""","=""5""","=""Low""","=""false"""
"=""mã số thuế fidt""","=""0""","=""0""","=""4""","=""Low""","=""false"""
"=""mã số thuế fiditour""","=""0""","=""0""","=""4""","=""Low""","=""false"""
"=""mã số thuế fiinratings""","=""0""","=""0""","=""4""","=""Low""","=""false"""
"=""mã số thuế finhay""","=""0""","=""0""","=""4""","=""Low""","=""false"""
"=""mã số thuế fiingroup""","=""0""","=""0""","=""4""","=""Low""","=""false"""
"=""mã số thuế fit""","=""0""","=""0""","=""4""","=""Low""","=""false"""
"=""mã số thuế flc quy nhơn""","=""0""","=""0""","=""6""","=""Low""","=""false"""
"=""mã số thuế flc sầm sơn""","=""0""","=""0""","=""6""","=""Low""","=""false"""
"=""mã số thuế flamingo cát bà""","=""0""","=""0""","=""6""","=""Low""","=""false"""
"=""mã số thuế neo floor""","=""0""","=""0""","=""5""","=""Low""","=""false"""
"=""mã số thuế tập đoàn flc""","=""0""","=""0""","=""6""","=""Low""","=""false"""
"=""mã số thuế công ty fleming""","=""0""","=""0""","=""6""","=""Low""","=""false"""
"=""mã số thuế công ty bh flex vina""","=""0""","=""0""","=""8""","=""Low""","=""false"""
"=""mã số thuế foxconn""","=""0""","=""0""","=""4""","=""Low""","=""false"""
"=""mã số thuế formosa hà tĩnh""","=""0""","=""0""","=""6""","=""Low""","=""false"""
"=""mã số thuế foody""","=""0""","=""0""","=""4""","=""Low""","=""false"""
"=""mã số thuế ford việt nam""","=""0""","=""0""","=""6""","=""Low""","=""false"""
"=""mã số thuế format""","=""0""","=""0""","=""4""","=""Low""","=""false"""
"=""mã số thuế formosa""","=""0""","=""0""","=""4""","=""Low""","=""false"""
"=""mã số thuế ford""","=""0""","=""0""","=""4""","=""Low""","=""false"""
"=""mã số thuế forvis mazars""","=""0""","=""0""","=""5""","=""Low""","=""false"""
"=""mã số thuế foxlink""","=""0""","=""0""","=""4""","=""Low""","=""false"""
"=""mã số thuế fss""","=""0""","=""0""","=""4""","=""Low""","=""false"""
"=""mã số thuế fsi""","=""0""","=""0""","=""4""","=""Low""","=""false"""
"=""mã số thuế fsoft hà nội""","=""0""","=""0""","=""6""","=""Low""","=""false"""
"=""mã số thuế fsoft hcm""","=""0""","=""0""","=""5""","=""Low""","=""false"""
"=""mã số thuế fsel""","=""0""","=""0""","=""4""","=""Low""","=""false"""
"=""mã số thuế công ty fsoft""","=""0""","=""0""","=""6""","=""Low""","=""false"""
"=""mã số thuế fulian""","=""0""","=""0""","=""4""","=""Low""","=""false"""
"=""mã số thuế fujimart""","=""0""","=""0""","=""4""","=""Low""","=""false"""
"=""mã số thuế fukang""","=""0""","=""0""","=""4""","=""Low""","=""false"""
"=""mã số thuế fushan""","=""0""","=""0""","=""4""","=""Low""","=""false"""
"=""mã số thuế funix""","=""0""","=""0""","=""4""","=""Low""","=""false"""
"=""mã số thuế funing""","=""0""","=""0""","=""4""","=""Low""","=""false"""
"=""mã số thuế fushan technology vietnam""","=""0""","=""0""","=""6""","=""Low""","=""false"""
"=""mã số thuế futa""","=""0""","=""0""","=""4""","=""Low""","=""false"""
"=""mã số thuế fuhong""","=""0""","=""0""","=""4""","=""Low""","=""false"""
"=""mã số thuế fwd việt nam""","=""0""","=""0""","=""6""","=""Low""","=""false"""
"=""mã số thuế fwd""","=""0""","=""0""","=""4""","=""Low""","=""false"""
"=""mã số thuế công ty bảo hiểm fwd""","=""0""","=""0""","=""8""","=""Low""","=""false"""
"=""mã số thuế fm style""","=""0""","=""0""","=""5""","=""Low""","=""false"""
"=""mã số thuế fpt retail""","=""0""","=""0""","=""5""","=""Low""","=""false"""
"=""mã số thuế garena""","=""0""","=""0""","=""4""","=""Low""","=""false"""
"=""mã số thuế gamuda land""","=""0""","=""0""","=""5""","=""Low""","=""false"""
"=""mã số thuế gameloft""","=""0""","=""0""","=""4""","=""Low""","=""false"""
"=""mã số thuế gaet""","=""0""","=""0""","=""4""","=""Low""","=""false"""
"=""mã số thuế gara ô tô""","=""0""","=""0""","=""6""","=""Low""","=""false"""
"=""mã số thuế galaxy debt trading""","=""0""","=""0""","=""6""","=""Low""","=""false"""
"=""mã số thuế gaia""","=""0""","=""0""","=""4""","=""Low""","=""false"""
"=""mã số thuế galaxy holdings""","=""0""","=""0""","=""5""","=""Low""","=""false"""
"=""mã số thuế fv""","=""0""","=""0""","=""4""","=""Low""","=""false"""
"=""mã số thuế bv fv""","=""0""","=""0""","=""5""","=""Low""","=""false"""
"=""mã số thuế fqm""","=""0""","=""0""","=""4""","=""Low""","=""false"""
"=""mã số thuế gdt""","=""0""","=""0""","=""4""","=""Low""","=""false"""
"=""mã số thuế gdt gov""","=""0""","=""0""","=""5""","=""Low""","=""false"""
"=""mã số thuế gdc""","=""0""","=""0""","=""4""","=""Low""","=""false"""
"=""mã số thuế generali việt nam""","=""0""","=""0""","=""6""","=""Low""","=""false"""
"=""mã số thuế gemadept""","=""0""","=""0""","=""4""","=""Low""","=""false"""
"=""mã số thuế gelex""","=""0""","=""0""","=""4""","=""Low""","=""false"""
"=""mã số thuế gearvn""","=""0""","=""0""","=""4""","=""Low""","=""false"""
"=""mã số thuế geleximco""","=""0""","=""0""","=""4""","=""Low""","=""false"""
"=""mã số thuế gene solutions""","=""0""","=""0""","=""5""","=""Low""","=""false"""
"=""mã số thuế gemtek""","=""0""","=""0""","=""4""","=""Low""","=""false"""
"=""mã số thuế geic""","=""0""","=""0""","=""4""","=""Low""","=""false"""
"=""mã số thuế gft""","=""0""","=""0""","=""4""","=""Low""","=""false"""
"=""mã số thuế gf""","=""0""","=""0""","=""4""","=""Low""","=""false"""
"=""mã số thuế gc food""","=""0""","=""0""","=""5""","=""Low""","=""false"""
"=""mã số thuế ghi trên hoá đơn""","=""0""","=""0""","=""7""","=""Low""","=""false"""
"=""mã số thuế ghi như thế nào""","=""0""","=""0""","=""7""","=""Low""","=""false"""
"=""mã số thuế ghi trên giấy phép kinh doanh""","=""0""","=""0""","=""9""","=""Low""","=""false"""
"=""mã số thuế ghi sao""","=""0""","=""0""","=""5""","=""Low""","=""false"""
"=""mã số thuế ghi trên hóa đơn là gì""","=""0""","=""0""","=""9""","=""Low""","=""false"""
"=""mã số thuế cty ghn""","=""0""","=""0""","=""5""","=""Low""","=""false"""
"=""mã số thuế giá trị gia tăng""","=""0""","=""0""","=""7""","=""Low""","=""false"""
"=""mã số thuế global x""","=""0""","=""0""","=""5""","=""Low""","=""false"""
"=""mã số thuế global""","=""0""","=""0""","=""4""","=""Low""","=""false"""
"=""mã số thuế glk""","=""0""","=""0""","=""4""","=""Low""","=""false"""
"=""mã số thuế glotrans""","=""0""","=""0""","=""4""","=""Low""","=""false"""
"=""mã số thuế viettel global""","=""0""","=""0""","=""5""","=""Low""","=""false"""
"=""mã số thuế mobifone global""","=""0""","=""0""","=""5""","=""Low""","=""false"""
"=""mã số thuế công ty glory""","=""0""","=""0""","=""6""","=""Low""","=""false"""
"=""mã số thuế gmo""","=""0""","=""0""","=""4""","=""Low""","=""false"""
"=""mã số thuế gmt""","=""0""","=""0""","=""4""","=""Low""","=""false"""
"=""mã số thuế goertek vina""","=""0""","=""0""","=""5""","=""Low""","=""false"""
"=""mã số thuế google""","=""0""","=""0""","=""4""","=""Low""","=""false"""
"=""mã số thuế goertek""","=""0""","=""0""","=""4""","=""Low""","=""false"""
"=""mã số thuế goodday hospitality""","=""0""","=""0""","=""5""","=""Low""","=""false"""
"=""mã số thuế goldsun food""","=""0""","=""0""","=""5""","=""Low""","=""false"""
"=""mã số thuế google việt nam""","=""0""","=""0""","=""6""","=""Low""","=""false"""
"=""mã số thuế goodfood""","=""0""","=""0""","=""4""","=""Low""","=""false"""
"=""mã số thuế trên gpkd""","=""0""","=""0""","=""5""","=""Low""","=""false"""
"=""mã số thuế chat gpt""","=""0""","=""0""","=""5""","=""Low""","=""false"""
"=""mã số thuế ggg""","=""0""","=""0""","=""4""","=""Low""","=""false"""
"=""mã số thuế gst""","=""0""","=""0""","=""4""","=""Low""","=""false"""
"=""mã số thuế gst là gì""","=""0""","=""0""","=""6""","=""Low""","=""false"""
"=""mã số thuế gsk""","=""0""","=""0""","=""4""","=""Low""","=""false"""
"=""mã số thuế gst ấn độ""","=""0""","=""0""","=""6""","=""Low""","=""false"""
"=""mã số thuế gtgt gst việt nam""","=""0""","=""0""","=""7""","=""Low""","=""false"""
"=""mã số thuế công ty gs25""","=""0""","=""0""","=""6""","=""Low""","=""false"""
"=""mã số thuế guardian""","=""0""","=""0""","=""4""","=""Low""","=""false"""
"=""mã số thuế gtgt việt nam""","=""0""","=""0""","=""6""","=""Low""","=""false"""
"=""mã số thuế gtel""","=""0""","=""0""","=""4""","=""Low""","=""false"""
"=""mã số thuế gtel ict""","=""0""","=""0""","=""5""","=""Low""","=""false"""
"=""mã số thuế gtv""","=""0""","=""0""","=""4""","=""Low""","=""false"""
"=""mã số thuế fti""","=""0""","=""0""","=""4""","=""Low""","=""false"""
"=""mã số thuế ftu""","=""0""","=""0""","=""4""","=""Low""","=""false"""
"=""mã số thuế ftel""","=""0""","=""0""","=""4""","=""Low""","=""false"""
"=""mã số thuế ft việt nam""","=""0""","=""0""","=""6""","=""Low""","=""false"""
"=""mã số thuế công ty ftech""","=""0""","=""0""","=""6""","=""Low""","=""false"""
"=""mã số thuế công ty fts""","=""0""","=""0""","=""6""","=""Low""","=""false"""
"=""mã số thuế the new gym""","=""0""","=""0""","=""6""","=""Low""","=""false"""
"=""mã số thuế hbc""","=""0""","=""0""","=""4""","=""Low""","=""false"""
"=""mã số thuế hbi""","=""0""","=""0""","=""4""","=""Low""","=""false"""
"=""mã số thuế hbr holdings""","=""0""","=""0""","=""5""","=""Low""","=""false"""
"=""mã số thuế hblab""","=""0""","=""0""","=""4""","=""Low""","=""false"""
"=""mã số thuế công ty hbi huế""","=""0""","=""0""","=""7""","=""Low""","=""false"""
"=""mã số thuế hcmus""","=""0""","=""0""","=""4""","=""Low""","=""false"""
"=""mã số thuế hcmute""","=""0""","=""0""","=""4""","=""Low""","=""false"""
"=""mã số thuế hcmue""","=""0""","=""0""","=""4""","=""Low""","=""false"""
"=""mã số thuế hcmut""","=""0""","=""0""","=""4""","=""Low""","=""false"""
"=""mã số thuế hct""","=""0""","=""0""","=""4""","=""Low""","=""false"""
"=""mã số thuế hce""","=""0""","=""0""","=""4""","=""Low""","=""false"""
"=""mã số thuế hcdc""","=""0""","=""0""","=""4""","=""Low""","=""false"""
"=""mã số thuế hcmussh""","=""0""","=""0""","=""4""","=""Low""","=""false"""
"=""mã số thuế herbalife""","=""0""","=""0""","=""4""","=""Low""","=""false"""
"=""mã số thuế hecoland""","=""0""","=""0""","=""4""","=""Low""","=""false"""
"=""mã số thuế heineken việt nam""","=""0""","=""0""","=""6""","=""Low""","=""false"""
"=""mã số thuế hellmann""","=""0""","=""0""","=""4""","=""Low""","=""false"""
"=""mã số thuế hesman""","=""0""","=""0""","=""4""","=""Low""","=""false"""
"=""mã số thuế head office""","=""0""","=""0""","=""5""","=""Low""","=""false"""
"=""mã số thuế heramo""","=""0""","=""0""","=""4""","=""Low""","=""false"""
"=""mã số thuế hecico""","=""0""","=""0""","=""4""","=""Low""","=""false"""
"=""mã số thuế hệ thống mạng đấu thầu quốc gia""","=""0""","=""0""","=""10""","=""Low""","=""false"""
"=""mã số thuế hdb""","=""0""","=""0""","=""4""","=""Low""","=""false"""
"=""mã số thuế hds""","=""0""","=""0""","=""4""","=""Low""","=""false"""
"=""mã số thuế hd""","=""0""","=""0""","=""4""","=""Low""","=""false"""
"=""mã số thuế của hdbank""","=""0""","=""0""","=""5""","=""Low""","=""false"""
"=""mã số thuế công ty hdsaison""","=""0""","=""0""","=""6""","=""Low""","=""false"""
"=""mã số thuế cty tài chính hd saison""","=""0""","=""0""","=""8""","=""Low""","=""false"""
"=""mã số thuế hgs""","=""0""","=""0""","=""4""","=""Low""","=""false"""
"=""mã số thuế hhv""","=""0""","=""0""","=""4""","=""Low""","=""false"""
"=""mã số thuế người bán hhdv""","=""0""","=""0""","=""6""","=""Low""","=""false"""
"=""mã số thuế người bán hhdv là gì""","=""0""","=""0""","=""8""","=""Low""","=""false"""
"=""mã số thuế highland""","=""0""","=""0""","=""4""","=""Low""","=""false"""
"=""mã số thuế hifriendz""","=""0""","=""0""","=""4""","=""Low""","=""false"""
"=""mã số thuế công ty hjc vina""","=""0""","=""0""","=""7""","=""Low""","=""false"""
"=""mã số thuế hkd đuôi 001""","=""0""","=""0""","=""6""","=""Low""","=""false"""
"=""mã số thuế greenfeed""","=""0""","=""0""","=""4""","=""Low""","=""false"""
"=""mã số thuế grand pro""","=""0""","=""0""","=""5""","=""Low""","=""false"""
"=""mã số thuế grgr""","=""0""","=""0""","=""4""","=""Low""","=""false"""
"=""mã số thuế grant thornton""","=""0""","=""0""","=""5""","=""Low""","=""false"""
"=""mã số thuế grab hà nội""","=""0""","=""0""","=""6""","=""Low""","=""false"""
"=""mã số thuế green future""","=""0""","=""0""","=""5""","=""Low""","=""false"""
"=""mã số thuế honda việt nam""","=""0""","=""0""","=""6""","=""Low""","=""false"""
"=""mã số thuế hoạt động""","=""0""","=""0""","=""5""","=""Low""","=""false"""
"=""mã số thuế hpt""","=""0""","=""0""","=""4""","=""Low""","=""false"""
"=""mã số thuế hpg""","=""0""","=""0""","=""4""","=""Low""","=""false"""
"=""mã số thuế hp""","=""0""","=""0""","=""4""","=""Low""","=""false"""
"=""mã số thuế hqsoft""","=""0""","=""0""","=""4""","=""Low""","=""false"""
"=""mã số thuế hsbc việt nam""","=""0""","=""0""","=""6""","=""Low""","=""false"""
"=""mã số thuế hsc""","=""0""","=""0""","=""4""","=""Low""","=""false"""
"=""mã số thuế hsg""","=""0""","=""0""","=""4""","=""Low""","=""false"""
"=""mã số thuế cty hs hyosung việt nam""","=""0""","=""0""","=""8""","=""Low""","=""false"""
"=""mã số thuế cty jia hsin""","=""0""","=""0""","=""6""","=""Low""","=""false"""
"=""mã số thuế công ty zeng hsing""","=""0""","=""0""","=""7""","=""Low""","=""false"""
"=""mã số thuế habeco""","=""0""","=""0""","=""4""","=""Low""","=""false"""
"=""mã số thuế hay mã số doanh nghiệp""","=""0""","=""0""","=""8""","=""Low""","=""false"""
"=""mã số thuế haravan""","=""0""","=""0""","=""4""","=""Low""","=""false"""
"=""mã số thuế hanwha life việt nam""","=""0""","=""0""","=""7""","=""Low""","=""false"""
"=""mã số thuế haviland""","=""0""","=""0""","=""4""","=""Low""","=""false"""
"=""mã số thuế hacom""","=""0""","=""0""","=""4""","=""Low""","=""false"""
"=""mã số thuế haplast""","=""0""","=""0""","=""4""","=""Low""","=""false"""
"=""mã số thuế haui""","=""0""","=""0""","=""4""","=""Low""","=""false"""
"=""mã số thuế hlu""","=""0""","=""0""","=""4""","=""Low""","=""false"""
"=""mã số thuế hvktqs""","=""0""","=""0""","=""4""","=""Low""","=""false"""
"=""mã số thuế hvnh""","=""0""","=""0""","=""4""","=""Low""","=""false"""
"=""mã số thuế hvqy""","=""0""","=""0""","=""4""","=""Low""","=""false"""
"=""mã số thuế hvbp""","=""0""","=""0""","=""4""","=""Low""","=""false"""
"=""mã số thuế hvtc""","=""0""","=""0""","=""4""","=""Low""","=""false"""
"=""mã số thuế hmm""","=""0""","=""0""","=""4""","=""Low""","=""false"""
"=""mã số thuế hfic""","=""0""","=""0""","=""4""","=""Low""","=""false"""
"=""mã số thuế hyosung""","=""0""","=""0""","=""4""","=""Low""","=""false"""
"=""mã số thuế hyundai thành công""","=""0""","=""0""","=""6""","=""Low""","=""false"""
"=""mã số thuế hyundai""","=""0""","=""0""","=""4""","=""Low""","=""false"""
"=""mã số thuế hyosung việt nam""","=""0""","=""0""","=""6""","=""Low""","=""false"""
"=""mã số thuế hyundai ngọc phát""","=""0""","=""0""","=""6""","=""Low""","=""false"""
"=""mã số thuế hy lạp""","=""0""","=""0""","=""5""","=""Low""","=""false"""
"=""mã số thuế park hyatt saigon""","=""0""","=""0""","=""6""","=""Low""","=""false"""
"=""mã số thuế huit""","=""0""","=""0""","=""4""","=""Low""","=""false"""
"=""mã số thuế huflit""","=""0""","=""0""","=""4""","=""Low""","=""false"""
"=""mã số thuế huy thanh jewelry""","=""0""","=""0""","=""6""","=""Low""","=""false"""
"=""mã số thuế huawei""","=""0""","=""0""","=""4""","=""Low""","=""false"""
"=""mã số thuế hub""","=""0""","=""0""","=""4""","=""Low""","=""false"""
"=""mã số thuế huawei việt nam""","=""0""","=""0""","=""6""","=""Low""","=""false"""
"=""mã số thuế hungary""","=""0""","=""0""","=""4""","=""Low""","=""false"""
"=""mã số thuế huy thanh""","=""0""","=""0""","=""5""","=""Low""","=""false"""
"=""mã số thuế công an xã ia khươl""","=""0""","=""0""","=""8""","=""Low""","=""false"""
"=""mã số thuế công ty thủy điện ialy""","=""0""","=""0""","=""8""","=""Low""","=""false"""
"=""mã số thuế idico""","=""0""","=""0""","=""4""","=""Low""","=""false"""
"=""mã số thuế idp""","=""0""","=""0""","=""4""","=""Low""","=""false"""
"=""mã số thuế idc""","=""0""","=""0""","=""4""","=""Low""","=""false"""
"=""mã số thuế id việt nam""","=""0""","=""0""","=""6""","=""Low""","=""false"""
"=""mã số thuế viettel idc""","=""0""","=""0""","=""5""","=""Low""","=""false"""
"=""mã số thuế becamex idc""","=""0""","=""0""","=""5""","=""Low""","=""false"""
"=""mã số thuế công ty idea""","=""0""","=""0""","=""6""","=""Low""","=""false"""
"=""mã số thuế ielts mentor""","=""0""","=""0""","=""5""","=""Low""","=""false"""
"=""mã số thuế ielts fighter""","=""0""","=""0""","=""5""","=""Low""","=""false"""
"=""mã số thuế iec""","=""0""","=""0""","=""4""","=""Low""","=""false"""
"=""mã số thuế the ielts workshop""","=""0""","=""0""","=""6""","=""Low""","=""false"""
"=""mã số thuế icoeuro""","=""0""","=""0""","=""4""","=""Low""","=""false"""
"=""mã số thuế icbc""","=""0""","=""0""","=""4""","=""Low""","=""false"""
"=""mã số thuế icool""","=""0""","=""0""","=""4""","=""Low""","=""false"""
"=""mã số thuế dai ichi""","=""0""","=""0""","=""5""","=""Low""","=""false"""
"=""mã số thuế luxshare ict nghệ an""","=""0""","=""0""","=""7""","=""Low""","=""false"""
"=""mã số thuế dai ichi life việt nam""","=""0""","=""0""","=""8""","=""Low""","=""false"""
"=""mã số thuế là igf""","=""0""","=""0""","=""5""","=""Low""","=""false"""
"=""mã số thuế hwaseung vina""","=""0""","=""0""","=""5""","=""Low""","=""false"""
"=""mã số thuế cty hwaseung vina""","=""0""","=""0""","=""6""","=""Low""","=""false"""
"=""mã số thuế công ty hwaseung kiên giang""","=""0""","=""0""","=""8""","=""Low""","=""false"""
"=""mã số thuế công ty hwaseung""","=""0""","=""0""","=""6""","=""Low""","=""false"""
"=""mã số thuế ijc""","=""0""","=""0""","=""4""","=""Low""","=""false"""
"=""mã số thuế ila việt nam""","=""0""","=""0""","=""6""","=""Low""","=""false"""
"=""mã số thuế imap""","=""0""","=""0""","=""4""","=""Low""","=""false"""
"=""mã số thuế imexpharm""","=""0""","=""0""","=""4""","=""Low""","=""false"""
"=""mã số thuế imap việt nam""","=""0""","=""0""","=""6""","=""Low""","=""false"""
"=""mã số thuế img""","=""0""","=""0""","=""4""","=""Low""","=""false"""
"=""mã số thuế imc""","=""0""","=""0""","=""4""","=""Low""","=""false"""
"=""mã số thuế imv""","=""0""","=""0""","=""4""","=""Low""","=""false"""
"=""mã số thuế cty imap""","=""0""","=""0""","=""5""","=""Low""","=""false"""
"=""mã số thuế công ty img""","=""0""","=""0""","=""6""","=""Low""","=""false"""
"=""mã số thuế ipos""","=""0""","=""0""","=""4""","=""Low""","=""false"""
"=""mã số thuế ipsos""","=""0""","=""0""","=""4""","=""Low""","=""false"""
"=""mã số thuế ipos vn""","=""0""","=""0""","=""5""","=""Low""","=""false"""
"=""mã số thuế ippg""","=""0""","=""0""","=""4""","=""Low""","=""false"""
"=""mã số thuế meta platforms ireland limited""","=""0""","=""0""","=""7""","=""Low""","=""false"""
"=""mã số thuế intercontinental đà nẵng""","=""0""","=""0""","=""6""","=""Low""","=""false"""
"=""mã số thuế ivivu""","=""0""","=""0""","=""4""","=""Low""","=""false"""
"=""mã số thuế ivb""","=""0""","=""0""","=""4""","=""Low""","=""false"""
"=""mã số thuế ivy moda""","=""0""","=""0""","=""5""","=""Low""","=""false"""
"=""mã số thuế công ty ivs""","=""0""","=""0""","=""6""","=""Low""","=""false"""
"=""mã số thuế iqi việt nam""","=""0""","=""0""","=""6""","=""Low""","=""false"""
"=""mã số thuế jabil việt nam""","=""0""","=""0""","=""6""","=""Low""","=""false"""
"=""mã số thuế jabil""","=""0""","=""0""","=""4""","=""Low""","=""false"""
"=""mã số thuế japfa""","=""0""","=""0""","=""4""","=""Low""","=""false"""
"=""mã số thuế jaxtina""","=""0""","=""0""","=""4""","=""Low""","=""false"""
"=""mã số thuế jaccs""","=""0""","=""0""","=""4""","=""Low""","=""false"""
"=""mã số thuế jabil vietnam""","=""0""","=""0""","=""5""","=""Low""","=""false"""
"=""mã số thuế cty japfa comfeed việt nam""","=""0""","=""0""","=""8""","=""Low""","=""false"""
"=""mã số thuế công ty jahwa vina""","=""0""","=""0""","=""7""","=""Low""","=""false"""
"=""mã số thuế công ty tnhh jahwa vina""","=""0""","=""0""","=""8""","=""Low""","=""false"""
"=""mã số thuế jetpay""","=""0""","=""0""","=""4""","=""Low""","=""false"""
"=""mã số thuế jemmia""","=""0""","=""0""","=""4""","=""Low""","=""false"""
"=""mã số thuế kimberly diamond jewelry""","=""0""","=""0""","=""6""","=""Low""","=""false"""
"=""mã số thuế htv""","=""0""","=""0""","=""4""","=""Low""","=""false"""
"=""mã số thuế htx""","=""0""","=""0""","=""4""","=""Low""","=""false"""
"=""mã số thuế htkk""","=""0""","=""0""","=""4""","=""Low""","=""false"""
"=""mã số thuế htc""","=""0""","=""0""","=""4""","=""Low""","=""false"""
"=""mã số thuế hti group""","=""0""","=""0""","=""5""","=""Low""","=""false"""
"=""mã số thuế hti""","=""0""","=""0""","=""4""","=""Low""","=""false"""
"=""mã số thuế htx thành công""","=""0""","=""0""","=""6""","=""Low""","=""false"""
"=""mã số thuế htp""","=""0""","=""0""","=""4""","=""Low""","=""false"""
"=""mã số thuế jll""","=""0""","=""0""","=""4""","=""Low""","=""false"""
"=""mã số thuế công ty tnhh jntc vina""","=""0""","=""0""","=""8""","=""Low""","=""false"""
"=""mã số thuế jotun""","=""0""","=""0""","=""4""","=""Low""","=""false"""
"=""mã số thuế jollibee việt nam""","=""0""","=""0""","=""6""","=""Low""","=""false"""
"=""mã số thuế jobsgo""","=""0""","=""0""","=""4""","=""Low""","=""false"""
"=""mã số thuế tous les jours""","=""0""","=""0""","=""6""","=""Low""","=""false"""
"=""mã số thuế công ty johnson""","=""0""","=""0""","=""6""","=""Low""","=""false"""
"=""mã số thuế misa jsc""","=""0""","=""0""","=""5""","=""Low""","=""false"""
"=""mã số thuế vĩnh hưng jsc""","=""0""","=""0""","=""6""","=""Low""","=""false"""
"=""mã số thuế juno""","=""0""","=""0""","=""4""","=""Low""","=""false"""
"=""mã số thuế jupiter""","=""0""","=""0""","=""4""","=""Low""","=""false"""
"=""mã số thuế công ty jumbo""","=""0""","=""0""","=""6""","=""Low""","=""false"""
"=""mã số thuế công ty cổ phần mbn jupiter""","=""0""","=""0""","=""9""","=""Low""","=""false"""
"=""mã số thuế cty jinyu""","=""0""","=""0""","=""5""","=""Low""","=""false"""
"=""mã số thuế công ty jinko solar quảng ninh""","=""0""","=""0""","=""9""","=""Low""","=""false"""
"=""mã số thuế công ty jinko solar""","=""0""","=""0""","=""7""","=""Low""","=""false"""
"=""mã số thuế kbsv""","=""0""","=""0""","=""4""","=""Low""","=""false"""
"=""mã số thuế kbnn""","=""0""","=""0""","=""4""","=""Low""","=""false"""
"=""mã số thuế kbank""","=""0""","=""0""","=""4""","=""Low""","=""false"""
"=""mã số thuế kbc""","=""0""","=""0""","=""4""","=""Low""","=""false"""
"=""mã số thuế kangaroo""","=""0""","=""0""","=""4""","=""Low""","=""false"""
"=""mã số thuế kafi""","=""0""","=""0""","=""4""","=""Low""","=""false"""
"=""mã số thuế kaopiz""","=""0""","=""0""","=""4""","=""Low""","=""false"""
"=""mã số thuế karofi""","=""0""","=""0""","=""4""","=""Low""","=""false"""
"=""mã số thuế kasikornbank""","=""0""","=""0""","=""4""","=""Low""","=""false"""
"=""mã số thuế kangaroochinhhang vn""","=""0""","=""0""","=""5""","=""Low""","=""false"""
"=""mã số thuế kaopiz software""","=""0""","=""0""","=""5""","=""Low""","=""false"""
"=""mã số thuế karaoke""","=""0""","=""0""","=""4""","=""Low""","=""false"""
"=""mã số thuế kanglongda""","=""0""","=""0""","=""4""","=""Low""","=""false"""
"=""mã số thuế jt""","=""0""","=""0""","=""4""","=""Low""","=""false"""
"=""mã số thuế bệnh viện jt angel""","=""0""","=""0""","=""7""","=""Low""","=""false"""
"=""mã số thuế kdi education""","=""0""","=""0""","=""5""","=""Low""","=""false"""
"=""mã số thuế hộ kd""","=""0""","=""0""","=""5""","=""Low""","=""false"""
"=""mã số thuế kcc hà nội""","=""0""","=""0""","=""6""","=""Low""","=""false"""
"=""mã số thuế kcc""","=""0""","=""0""","=""4""","=""Low""","=""false"""
"=""mã số thuế jw marriott""","=""0""","=""0""","=""5""","=""Low""","=""false"""
"=""mã số thuế jw marriott phú quốc""","=""0""","=""0""","=""7""","=""Low""","=""false"""
"=""mã số thuế khách sạn jw marriott hà nội""","=""0""","=""0""","=""9""","=""Low""","=""false"""
"=""mã số thuế kimberly""","=""0""","=""0""","=""4""","=""Low""","=""false"""
"=""mã số thuế kienlongbank""","=""0""","=""0""","=""4""","=""Low""","=""false"""
"=""mã số thuế kidsplaza""","=""0""","=""0""","=""4""","=""Low""","=""false"""
"=""mã số thuế itin""","=""0""","=""0""","=""4""","=""Low""","=""false"""
"=""mã số thuế itecom""","=""0""","=""0""","=""4""","=""Low""","=""false"""
"=""mã số thuế itechwx""","=""0""","=""0""","=""4""","=""Low""","=""false"""
"=""mã số thuế italia""","=""0""","=""0""","=""4""","=""Low""","=""false"""
"=""mã số thuế itl""","=""0""","=""0""","=""4""","=""Low""","=""false"""
"=""mã số thuế itl logistics""","=""0""","=""0""","=""5""","=""Low""","=""false"""
"=""mã số thuế itax""","=""0""","=""0""","=""4""","=""Low""","=""false"""
"=""mã số thuế itm""","=""0""","=""0""","=""4""","=""Low""","=""false"""
"=""mã số thuế itg""","=""0""","=""0""","=""4""","=""Low""","=""false"""
"=""mã số thuế vnpt it""","=""0""","=""0""","=""5""","=""Low""","=""false"""
"=""mã số thuế kfc việt nam""","=""0""","=""0""","=""6""","=""Low""","=""false"""
"=""mã số thuế kms""","=""0""","=""0""","=""4""","=""Low""","=""false"""
"=""mã số thuế kms technology""","=""0""","=""0""","=""5""","=""Low""","=""false"""
"=""mã số thuế công ty kg""","=""0""","=""0""","=""6""","=""Low""","=""false"""
"=""mã số thuế công ty tnhh kn cam ranh""","=""0""","=""0""","=""9""","=""Low""","=""false"""
"=""mã số thuế klb""","=""0""","=""0""","=""4""","=""Low""","=""false"""
"=""mã số thuế klook""","=""0""","=""0""","=""4""","=""Low""","=""false"""
"=""mã số thuế kredivo""","=""0""","=""0""","=""4""","=""Low""","=""false"""
"=""mã số thuế vina kraft""","=""0""","=""0""","=""5""","=""Low""","=""false"""
"=""mã số thuế ksmc""","=""0""","=""0""","=""4""","=""Low""","=""false"""
"=""mã số thuế kuehne nagel""","=""0""","=""0""","=""5""","=""Low""","=""false"""
"=""mã số thuế kumon""","=""0""","=""0""","=""4""","=""Low""","=""false"""
"=""mã số thuế cty kuka""","=""0""","=""0""","=""5""","=""Low""","=""false"""
"=""mã số thuế công ty kurabe""","=""0""","=""0""","=""6""","=""Low""","=""false"""
"=""mã số thuế công ty kumho""","=""0""","=""0""","=""6""","=""Low""","=""false"""
"=""mã số thuế chang kang kung""","=""0""","=""0""","=""6""","=""Low""","=""false"""
"=""mã số thuế keppel land""","=""0""","=""0""","=""5""","=""Low""","=""false"""
"=""mã số thuế keyence""","=""0""","=""0""","=""4""","=""Low""","=""false"""
"=""mã số thuế kê khai tài sản""","=""0""","=""0""","=""7""","=""Low""","=""false"""
"=""mã số thuế kê khai cho thuê tài sản""","=""0""","=""0""","=""9""","=""Low""","=""false"""
"=""mã số thuế kê khai""","=""0""","=""0""","=""5""","=""Low""","=""false"""
"=""mã số thuế kế toán thiên ưng""","=""0""","=""0""","=""7""","=""Low""","=""false"""
"=""mã số thuế sở kế hoạch đầu tư tphcm""","=""0""","=""0""","=""9""","=""Low""","=""false"""
"=""mã số thuế công ty kenda""","=""0""","=""0""","=""6""","=""Low""","=""false"""
"=""mã số thuế công ty hyundai kefico""","=""0""","=""0""","=""7""","=""Low""","=""false"""
"=""mã số thuế koi thé""","=""0""","=""0""","=""5""","=""Low""","=""false"""
"=""mã số thuế kon tum""","=""0""","=""0""","=""5""","=""Low""","=""false"""
"=""mã số thuế kol shopee""","=""0""","=""0""","=""5""","=""Low""","=""false"""
"=""mã số thuế ko đúng định dạng là sao""","=""0""","=""0""","=""9""","=""Low""","=""false"""
"=""mã số thuế kone""","=""0""","=""0""","=""4""","=""Low""","=""false"""
"=""mã số thuế ko đúng định dạng""","=""0""","=""0""","=""7""","=""Low""","=""false"""
"=""mã số thuế kocham""","=""0""","=""0""","=""4""","=""Low""","=""false"""
"=""mã số thuế công ty kwong lung meko""","=""0""","=""0""","=""8""","=""Low""","=""false"""
"=""mã số thuế laguna lăng cô""","=""0""","=""0""","=""6""","=""Low""","=""false"""
"=""mã số thuế lavie""","=""0""","=""0""","=""4""","=""Low""","=""false"""
"=""mã số thuế langmaster""","=""0""","=""0""","=""4""","=""Low""","=""false"""
"=""mã số thuế laguna""","=""0""","=""0""","=""4""","=""Low""","=""false"""
"=""mã số thuế kpmg vietnam""","=""0""","=""0""","=""5""","=""Low""","=""false"""
"=""mã số thuế kpmg thuế và tư vấn""","=""0""","=""0""","=""8""","=""Low""","=""false"""
"=""mã số thuế công ty kpmg""","=""0""","=""0""","=""6""","=""Low""","=""false"""
"=""mã số thuế thang máy kpg""","=""0""","=""0""","=""6""","=""Low""","=""false"""
"=""mã số thuế lg innotek""","=""0""","=""0""","=""5""","=""Low""","=""false"""
"=""mã số thuế lge""","=""0""","=""0""","=""4""","=""Low""","=""false"""
"=""mã số thuế lg""","=""0""","=""0""","=""4""","=""Low""","=""false"""
"=""mã số thuế lgedv""","=""0""","=""0""","=""4""","=""Low""","=""false"""
"=""mã số thuế lg display hải phòng""","=""0""","=""0""","=""7""","=""Low""","=""false"""
"=""mã số thuế lgevh""","=""0""","=""0""","=""4""","=""Low""","=""false"""
"=""mã số thuế lg vina""","=""0""","=""0""","=""5""","=""Low""","=""false"""
"=""mã số thuế kyna english""","=""0""","=""0""","=""5""","=""Low""","=""false"""
"=""mã số thuế kyanon digital""","=""0""","=""0""","=""5""","=""Low""","=""false"""
"=""mã số thuế liên đoàn lao động thành phố hà nội""","=""0""","=""0""","=""11""","=""Low""","=""false"""
"=""mã số thuế liên đoàn lao động tỉnh bắc ninh""","=""0""","=""0""","=""10""","=""Low""","=""false"""
"=""mã số thuế liên đoàn lao động tỉnh phú thọ""","=""0""","=""0""","=""10""","=""Low""","=""false"""
"=""mã số thuế liên đoàn lao động tỉnh ninh bình""","=""0""","=""0""","=""10""","=""Low""","=""false"""
"=""mã số thuế liên đoàn lao động thành phố đà nẵng""","=""0""","=""0""","=""11""","=""Low""","=""false"""
"=""mã số thuế liên đoàn lao động tỉnh quảng ngãi""","=""0""","=""0""","=""10""","=""Low""","=""false"""
"=""mã số thuế liên đoàn bóng đá việt nam""","=""0""","=""0""","=""9""","=""Low""","=""false"""
"=""mã số thuế lcfc""","=""0""","=""0""","=""4""","=""Low""","=""false"""
"=""mã số thuế lc food""","=""0""","=""0""","=""5""","=""Low""","=""false"""
"=""mã số thuế công ty lc foods""","=""0""","=""0""","=""7""","=""Low""","=""false"""
"=""mã số thuế công ty cổ phần lc foods""","=""0""","=""0""","=""9""","=""Low""","=""false"""
"=""mã số thuế lego""","=""0""","=""0""","=""4""","=""Low""","=""false"""
"=""mã số thuế lego việt nam""","=""0""","=""0""","=""6""","=""Low""","=""false"""
"=""mã số thuế lexus thăng long""","=""0""","=""0""","=""6""","=""Low""","=""false"""
"=""mã số thuế lệ phí trước bạ""","=""0""","=""0""","=""7""","=""Low""","=""false"""
"=""mã số thuế lê ánh""","=""0""","=""0""","=""5""","=""Low""","=""false"""
"=""mã số thuế cty lens""","=""0""","=""0""","=""5""","=""Low""","=""false"""
"=""mã số thuế the lead agency""","=""0""","=""0""","=""6""","=""Low""","=""false"""
"=""mã số thuế hong leong bank""","=""0""","=""0""","=""6""","=""Low""","=""false"""
"=""mã số thuế vietinbank leasing""","=""0""","=""0""","=""5""","=""Low""","=""false"""
"=""mã số thuế long ngọc luxury""","=""0""","=""0""","=""6""","=""Low""","=""false"""
"=""mã số thuế lotteria""","=""0""","=""0""","=""4""","=""Low""","=""false"""
"=""mã số thuế loreal""","=""0""","=""0""","=""4""","=""Low""","=""false"""
"=""mã số thuế lotte""","=""0""","=""0""","=""4""","=""Low""","=""false"""
"=""mã số thuế lotes""","=""0""","=""0""","=""4""","=""Low""","=""false"""
"=""mã số thuế loreal việt nam""","=""0""","=""0""","=""6""","=""Low""","=""false"""
"=""mã số thuế lsoul""","=""0""","=""0""","=""4""","=""Low""","=""false"""
"=""mã số thuế google llc""","=""0""","=""0""","=""5""","=""Low""","=""false"""
"=""mã số thuế lpbs""","=""0""","=""0""","=""4""","=""Low""","=""false"""
"=""mã số thuế lpb""","=""0""","=""0""","=""4""","=""Low""","=""false"""
"=""mã số thuế lpbi""","=""0""","=""0""","=""4""","=""Low""","=""false"""
"=""mã số thuế luxshare""","=""0""","=""0""","=""4""","=""Low""","=""false"""
"=""mã số thuế luvina""","=""0""","=""0""","=""4""","=""Low""","=""false"""
"=""mã số thuế luxshare ict""","=""0""","=""0""","=""5""","=""Low""","=""false"""
"=""mã số thuế luật nam sơn""","=""0""","=""0""","=""6""","=""Low""","=""false"""
"=""mã số thuế lumi""","=""0""","=""0""","=""4""","=""Low""","=""false"""
"=""mã số thuế luật""","=""0""","=""0""","=""4""","=""Low""","=""false"""
"=""mã số thuế luxshare nghệ an""","=""0""","=""0""","=""6""","=""Low""","=""false"""
"=""mã số thuế mbs""","=""0""","=""0""","=""4""","=""Low""","=""false"""
"=""mã số thuế mbv""","=""0""","=""0""","=""4""","=""Low""","=""false"""
"=""mã số thuế mbb""","=""0""","=""0""","=""4""","=""Low""","=""false"""
"=""mã số thuế mbamc""","=""0""","=""0""","=""4""","=""Low""","=""false"""
"=""mã số thuế mb ageas life""","=""0""","=""0""","=""6""","=""Low""","=""false"""
"=""mã số thuế mb shinsei""","=""0""","=""0""","=""5""","=""Low""","=""false"""
"=""mã số thuế mb life""","=""0""","=""0""","=""5""","=""Low""","=""false"""
"=""mã số thuế mbcapital""","=""0""","=""0""","=""4""","=""Low""","=""false"""
"=""mã số thuế lts""","=""0""","=""0""","=""4""","=""Low""","=""false"""
"=""mã số thuế lts group""","=""0""","=""0""","=""5""","=""Low""","=""false"""
"=""mã số thuế tiktok pte ltd""","=""0""","=""0""","=""6""","=""Low""","=""false"""
"=""mã số thuế mcv""","=""0""","=""0""","=""4""","=""Low""","=""false"""
"=""mã số thuế mcdonald""","=""0""","=""0""","=""4""","=""Low""","=""false"""
"=""mã số thuế mcnex vina""","=""0""","=""0""","=""5""","=""Low""","=""false"""
"=""mã số thuế công ty mc""","=""0""","=""0""","=""6""","=""Low""","=""false"""
"=""mã số thuế masan group""","=""0""","=""0""","=""5""","=""Low""","=""false"""
"=""mã số thuế major academy""","=""0""","=""0""","=""5""","=""Low""","=""false"""
"=""mã số thuế masterise group""","=""0""","=""0""","=""5""","=""Low""","=""false"""
"=""mã số thuế lynkid""","=""0""","=""0""","=""4""","=""Low""","=""false"""
"=""mã số thuế đại lý là gì""","=""0""","=""0""","=""7""","=""Low""","=""false"""
"=""mã số thuế toyota lý thường kiệt""","=""0""","=""0""","=""7""","=""Low""","=""false"""
"=""mã số thuế kim lý""","=""0""","=""0""","=""5""","=""Low""","=""false"""
"=""mã số thuế mediamart""","=""0""","=""0""","=""4""","=""Low""","=""false"""
"=""mã số thuế meta tại việt nam""","=""0""","=""0""","=""7""","=""Low""","=""false"""
"=""mã số thuế mega market""","=""0""","=""0""","=""5""","=""Low""","=""false"""
"=""mã số thuế medlatec việt nam""","=""0""","=""0""","=""6""","=""Low""","=""false"""
"=""mã số thuế medlatec""","=""0""","=""0""","=""4""","=""Low""","=""false"""
"=""mã số thuế medtronic""","=""0""","=""0""","=""4""","=""Low""","=""false"""
"=""mã số thuế medcomtech""","=""0""","=""0""","=""4""","=""Low""","=""false"""
"=""mã số thuế meta facebook""","=""0""","=""0""","=""5""","=""Low""","=""false"""
"=""mã số thuế metub""","=""0""","=""0""","=""4""","=""Low""","=""false"""
"=""mã số thuế mhdi""","=""0""","=""0""","=""4""","=""Low""","=""false"""
"=""mã số thuế mkf""","=""0""","=""0""","=""4""","=""Low""","=""false"""
"=""mã số thuế mn hoàng đan""","=""0""","=""0""","=""6""","=""Low""","=""false"""
"=""mã số thuế mm mega market""","=""0""","=""0""","=""6""","=""Low""","=""false"""
"=""mã số thuế mmenu""","=""0""","=""0""","=""4""","=""Low""","=""false"""
"=""mã số thuế mobifone huế""","=""0""","=""0""","=""5""","=""Low""","=""false"""
"=""mã số thuế molex việt nam""","=""0""","=""0""","=""6""","=""Low""","=""false"""
"=""mã số thuế mobifone khu vực 2""","=""0""","=""0""","=""7""","=""Low""","=""false"""
"=""mã số thuế molex""","=""0""","=""0""","=""4""","=""Low""","=""false"""
"=""mã số thuế moi""","=""0""","=""0""","=""4""","=""Low""","=""false"""
"=""mã số thuế mservice""","=""0""","=""0""","=""4""","=""Low""","=""false"""
"=""mã số thuế msc""","=""0""","=""0""","=""4""","=""Low""","=""false"""
"=""mã số thuế msig""","=""0""","=""0""","=""4""","=""Low""","=""false"""
"=""mã số thuế msh group""","=""0""","=""0""","=""5""","=""Low""","=""false"""
"=""mã số thuế mst là gì""","=""0""","=""0""","=""6""","=""Low""","=""false"""
"=""mã số thuế pvc ms""","=""0""","=""0""","=""5""","=""Low""","=""false"""
"=""mã số thuế mic""","=""0""","=""0""","=""4""","=""Low""","=""false"""
"=""mã số thuế ministop""","=""0""","=""0""","=""4""","=""Low""","=""false"""
"=""mã số thuế microsoft""","=""0""","=""0""","=""4""","=""Low""","=""false"""
"=""mã số thuế mitek việt nam""","=""0""","=""0""","=""6""","=""Low""","=""false"""
"=""mã số thuế mixue""","=""0""","=""0""","=""4""","=""Low""","=""false"""
"=""mã số thuế millennium""","=""0""","=""0""","=""4""","=""Low""","=""false"""
"=""mã số thuế mqhouse""","=""0""","=""0""","=""4""","=""Low""","=""false"""
"=""mã số thuế mtc""","=""0""","=""0""","=""4""","=""Low""","=""false"""
"=""mã số thuế mtp""","=""0""","=""0""","=""4""","=""Low""","=""false"""
"=""mã số thuế mta""","=""0""","=""0""","=""4""","=""Low""","=""false"""
"=""mã số thuế công ty tnhh mtv petrolimex sài gòn""","=""0""","=""0""","=""10""","=""Low""","=""false"""
"=""mã số thuế công ty tnhh mtv logistics viettel""","=""0""","=""0""","=""9""","=""Low""","=""false"""
"=""mã số thuế công ty tnhh mtv cpn thuận phong""","=""0""","=""0""","=""10""","=""Low""","=""false"""
"=""mã số thuế công ty tnhh mtv petrolimex hà nội""","=""0""","=""0""","=""10""","=""Low""","=""false"""
"=""mã số thuế công ty tnhh mtv petrolimex nghệ an""","=""0""","=""0""","=""10""","=""Low""","=""false"""
"=""mã số thuế mvillage""","=""0""","=""0""","=""4""","=""Low""","=""false"""
"=""mã số thuế mytour""","=""0""","=""0""","=""4""","=""Low""","=""false"""
"=""mã số thuế mỹ phẩm""","=""0""","=""0""","=""5""","=""Low""","=""false"""
"=""mã số thuế bidv mỹ đình""","=""0""","=""0""","=""6""","=""Low""","=""false"""
"=""mã số thuế toyota mỹ đình""","=""0""","=""0""","=""6""","=""Low""","=""false"""
"=""mã số thuế thẩm mỹ viện ngọc dung""","=""0""","=""0""","=""8""","=""Low""","=""false"""
"=""mã số thuế hoàn mỹ thủ đức""","=""0""","=""0""","=""7""","=""Low""","=""false"""
"=""mã số thuế phú mỹ hưng""","=""0""","=""0""","=""6""","=""Low""","=""false"""
"=""mã số thuế công ty mpe""","=""0""","=""0""","=""6""","=""Low""","=""false"""
"=""mã số thuế mfast""","=""0""","=""0""","=""4""","=""Low""","=""false"""
"=""mã số thuế nam á""","=""0""","=""0""","=""5""","=""Low""","=""false"""
"=""mã số thuế nasani""","=""0""","=""0""","=""4""","=""Low""","=""false"""
"=""mã số thuế navigos""","=""0""","=""0""","=""4""","=""Low""","=""false"""
"=""mã số thuế napas""","=""0""","=""0""","=""4""","=""Low""","=""false"""
"=""mã số thuế nam long""","=""0""","=""0""","=""5""","=""Low""","=""false"""
"=""mã số thuế nab vietnam""","=""0""","=""0""","=""5""","=""Low""","=""false"""
"=""mã số thuế nab""","=""0""","=""0""","=""4""","=""Low""","=""false"""
"=""mã số thuế ncts""","=""0""","=""0""","=""4""","=""Low""","=""false"""
"=""mã số thuế ncc""","=""0""","=""0""","=""4""","=""Low""","=""false"""
"=""mã số thuế ncs""","=""0""","=""0""","=""4""","=""Low""","=""false"""
"=""mã số thuế công ty nfc""","=""0""","=""0""","=""6""","=""Low""","=""false"""
"=""mã số thuế công ty tnhh thực phẩm nfc""","=""0""","=""0""","=""9""","=""Low""","=""false"""
"=""mã số thuế neu""","=""0""","=""0""","=""4""","=""Low""","=""false"""
"=""mã số thuế newwing""","=""0""","=""0""","=""4""","=""Low""","=""false"""
"=""mã số thuế nestle việt nam""","=""0""","=""0""","=""6""","=""Low""","=""false"""
"=""mã số thuế netnam""","=""0""","=""0""","=""4""","=""Low""","=""false"""
"=""mã số thuế netpost""","=""0""","=""0""","=""4""","=""Low""","=""false"""
"=""mã số thuế netcompany""","=""0""","=""0""","=""4""","=""Low""","=""false"""
"=""mã số thuế nextpay""","=""0""","=""0""","=""4""","=""Low""","=""false"""
"=""mã số thuế nhà thầu tiktok""","=""0""","=""0""","=""6""","=""Low""","=""false"""
"=""mã số thuế nha khoa kim""","=""0""","=""0""","=""6""","=""Low""","=""false"""
"=""mã số thuế nhà thầu nước ngoài tại việt nam""","=""0""","=""0""","=""10""","=""Low""","=""false"""
"=""mã số thuế mua xe""","=""0""","=""0""","=""5""","=""Low""","=""false"""
"=""mã số thuế mutosi""","=""0""","=""0""","=""4""","=""Low""","=""false"""
"=""mã số thuế muamau""","=""0""","=""0""","=""4""","=""Low""","=""false"""
"=""mã số thuế muji""","=""0""","=""0""","=""4""","=""Low""","=""false"""
"=""mã số thuế mua sắm công""","=""0""","=""0""","=""6""","=""Low""","=""false"""
"=""mã số thuế mua xe là gì""","=""0""","=""0""","=""7""","=""Low""","=""false"""
"=""mã số thuế mufg""","=""0""","=""0""","=""4""","=""Low""","=""false"""
"=""mã số thuế khi mua xe máy""","=""0""","=""0""","=""7""","=""Low""","=""false"""
"=""mã số thuế nbn media""","=""0""","=""0""","=""5""","=""Low""","=""false"""
"=""mã số thuế nnt không đúng với hệ thống tct""","=""0""","=""0""","=""10""","=""Low""","=""false"""
"=""mã số thuế nnt đang hoạt động""","=""0""","=""0""","=""7""","=""Low""","=""false"""
"=""mã số thuế 00 nnt là gì""","=""0""","=""0""","=""7""","=""Low""","=""false"""
"=""mã số thuế novaon""","=""0""","=""0""","=""4""","=""Low""","=""false"""
"=""mã số thuế novaon digital""","=""0""","=""0""","=""5""","=""Low""","=""false"""
"=""mã số thuế novopharm""","=""0""","=""0""","=""4""","=""Low""","=""false"""
"=""mã số thuế novartis""","=""0""","=""0""","=""4""","=""Low""","=""false"""
"=""mã số thuế novareal""","=""0""","=""0""","=""4""","=""Low""","=""false"""
"=""mã số thuế novotel thái hà""","=""0""","=""0""","=""6""","=""Low""","=""false"""
"=""mã số thuế noblex""","=""0""","=""0""","=""4""","=""Low""","=""false"""
"=""mã số thuế novotel""","=""0""","=""0""","=""4""","=""Low""","=""false"""
"=""mã số thuế người phụ thuộc là gì""","=""0""","=""0""","=""8""","=""Low""","=""false"""
"=""mã số thuế npwp indonesia""","=""0""","=""0""","=""5""","=""Low""","=""false"""
"=""mã số thuế null là gì""","=""0""","=""0""","=""6""","=""Low""","=""false"""
"=""mã số thuế nutifood bình dương""","=""0""","=""0""","=""6""","=""Low""","=""false"""
"=""mã số thuế nugym""","=""0""","=""0""","=""4""","=""Low""","=""false"""
"=""mã số thuế nutricare""","=""0""","=""0""","=""4""","=""Low""","=""false"""
"=""mã số thuế nuy corp""","=""0""","=""0""","=""5""","=""Low""","=""false"""
"=""mã số thuế nuskin""","=""0""","=""0""","=""4""","=""Low""","=""false"""
"=""mã số thuế viện chăn nuôi""","=""0""","=""0""","=""6""","=""Low""","=""false"""
"=""mã số thuế cục chăn nuôi và thú y""","=""0""","=""0""","=""9""","=""Low""","=""false"""
"=""mã số thuế công ty number one""","=""0""","=""0""","=""7""","=""Low""","=""false"""
"=""mã số thuế ninh thuận""","=""0""","=""0""","=""5""","=""Low""","=""false"""
"=""mã số thuế nitori""","=""0""","=""0""","=""4""","=""Low""","=""false"""
"=""mã số thuế nissan""","=""0""","=""0""","=""4""","=""Low""","=""false"""
"=""mã số thuế nippon""","=""0""","=""0""","=""4""","=""Low""","=""false"""
"=""mã số thuế ninja van""","=""0""","=""0""","=""5""","=""Low""","=""false"""
"=""mã số thuế nidec việt nam""","=""0""","=""0""","=""6""","=""Low""","=""false"""
"=""mã số thuế nina""","=""0""","=""0""","=""4""","=""Low""","=""false"""
"=""mã số thuế nidec""","=""0""","=""0""","=""4""","=""Low""","=""false"""
"=""mã số thuế nid""","=""0""","=""0""","=""4""","=""Low""","=""false"""
"=""mã số thuế nzim""","=""0""","=""0""","=""4""","=""Low""","=""false"""
"=""mã số thuế nz""","=""0""","=""0""","=""4""","=""Low""","=""false"""
"=""mã số thuế nsrp""","=""0""","=""0""","=""4""","=""Low""","=""false"""
"=""mã số thuế nsmo""","=""0""","=""0""","=""4""","=""Low""","=""false"""
"=""mã số thuế nsn""","=""0""","=""0""","=""4""","=""Low""","=""false"""
"=""mã số thuế ntnn là gì""","=""0""","=""0""","=""6""","=""Low""","=""false"""
"=""mã số thuế ntt""","=""0""","=""0""","=""4""","=""Low""","=""false"""
"=""mã số thuế ntnn""","=""0""","=""0""","=""4""","=""Low""","=""false"""
"=""mã số thuế ntq""","=""0""","=""0""","=""4""","=""Low""","=""false"""
"=""mã số thuế ntu""","=""0""","=""0""","=""4""","=""Low""","=""false"""
"=""mã số thuế nt""","=""0""","=""0""","=""4""","=""Low""","=""false"""
"=""mã số thuế ntt là gì""","=""0""","=""0""","=""6""","=""Low""","=""false"""
"=""mã số thuế của ntnn tại việt nam nếu có""","=""0""","=""0""","=""10""","=""Low""","=""false"""
"=""mã số thuế ocb""","=""0""","=""0""","=""4""","=""Low""","=""false"""
"=""mã số thuế ocbs""","=""0""","=""0""","=""4""","=""Low""","=""false"""
"=""mã số thuế oceanbank""","=""0""","=""0""","=""4""","=""Low""","=""false"""
"=""mã số thuế ogilvy""","=""0""","=""0""","=""4""","=""Low""","=""false"""
"=""mã số thuế nqh""","=""0""","=""0""","=""4""","=""Low""","=""false"""
"=""mã số thuế nvidia""","=""0""","=""0""","=""4""","=""Low""","=""false"""
"=""mã số thuế kim oanh group""","=""0""","=""0""","=""6""","=""Low""","=""false"""
"=""mã số thuế công ty kim oanh""","=""0""","=""0""","=""7""","=""Low""","=""false"""
"=""mã số thuế bệnh viện đa khoa quốc oai""","=""0""","=""0""","=""9""","=""Low""","=""false"""
"=""mã số thuế olam""","=""0""","=""0""","=""4""","=""Low""","=""false"""
"=""mã số thuế trường olympia""","=""0""","=""0""","=""5""","=""Low""","=""false"""
"=""mã số thuế công ty olympus""","=""0""","=""0""","=""6""","=""Low""","=""false"""
"=""mã số thuế công ty tnhh olam việt nam""","=""0""","=""0""","=""9""","=""Low""","=""false"""
"=""mã số thuế pv oil""","=""0""","=""0""","=""5""","=""Low""","=""false"""
"=""mã số thuế oocl""","=""0""","=""0""","=""4""","=""Low""","=""false"""
"=""mã số thuế online là gì""","=""0""","=""0""","=""6""","=""Low""","=""false"""
"=""mã số thuế opswat""","=""0""","=""0""","=""4""","=""Low""","=""false"""
"=""mã số thuế opes""","=""0""","=""0""","=""4""","=""Low""","=""false"""
"=""mã số thuế oppo""","=""0""","=""0""","=""4""","=""Low""","=""false"""
"=""mã số thuế opc""","=""0""","=""0""","=""4""","=""Low""","=""false"""
"=""mã số thuế openai""","=""0""","=""0""","=""4""","=""Low""","=""false"""
"=""mã số thuế opv""","=""0""","=""0""","=""4""","=""Low""","=""false"""
"=""mã số thuế sunny opotech""","=""0""","=""0""","=""5""","=""Low""","=""false"""
"=""mã số thuế saigon co op""","=""0""","=""0""","=""6""","=""Low""","=""false"""
"=""mã số thuế công ty optrontec vina""","=""0""","=""0""","=""7""","=""Low""","=""false"""
"=""mã số thuế om nướng""","=""0""","=""0""","=""5""","=""Low""","=""false"""
"=""mã số thuế ominext""","=""0""","=""0""","=""4""","=""Low""","=""false"""
"=""mã số thuế cty omron healthcare manufacturing việt nam""","=""0""","=""0""","=""9""","=""Low""","=""false"""
"=""mã số thuế công ty omron""","=""0""","=""0""","=""6""","=""Low""","=""false"""
"=""mã số thuế ots""","=""0""","=""0""","=""4""","=""Low""","=""false"""
"=""mã số thuế otsuka""","=""0""","=""0""","=""4""","=""Low""","=""false"""
"=""mã số thuế otech""","=""0""","=""0""","=""4""","=""Low""","=""false"""
"=""mã số thuế công ty owen""","=""0""","=""0""","=""6""","=""Low""","=""false"""
"=""mã số thuế payoo""","=""0""","=""0""","=""4""","=""Low""","=""false"""
"=""mã số thuế panasonic""","=""0""","=""0""","=""4""","=""Low""","=""false"""
"=""mã số thuế paiho""","=""0""","=""0""","=""4""","=""Low""","=""false"""
"=""mã số thuế payme""","=""0""","=""0""","=""4""","=""Low""","=""false"""
"=""mã số thuế pacific airlines""","=""0""","=""0""","=""5""","=""Low""","=""false"""
"=""mã số thuế pasal""","=""0""","=""0""","=""4""","=""Low""","=""false"""
"=""mã số thuế panko tam thăng""","=""0""","=""0""","=""6""","=""Low""","=""false"""
"=""mã số thuế panasonic việt nam""","=""0""","=""0""","=""6""","=""Low""","=""false"""
"=""mã số thuế passio""","=""0""","=""0""","=""4""","=""Low""","=""false"""
"=""mã số thuế petrovietnam""","=""0""","=""0""","=""4""","=""Low""","=""false"""
"=""mã số thuế pepsico""","=""0""","=""0""","=""4""","=""Low""","=""false"""
"=""mã số thuế pegatron""","=""0""","=""0""","=""4""","=""Low""","=""false"""
"=""mã số thuế pecc2""","=""0""","=""0""","=""4""","=""Low""","=""false"""
"=""mã số thuế petrosetco""","=""0""","=""0""","=""4""","=""Low""","=""false"""
"=""mã số thuế persolkelly""","=""0""","=""0""","=""4""","=""Low""","=""false"""
"=""mã số thuế petrolimex sài gòn""","=""0""","=""0""","=""6""","=""Low""","=""false"""
"=""mã số thuế pecc1""","=""0""","=""0""","=""4""","=""Low""","=""false"""
"=""mã số thuế persol""","=""0""","=""0""","=""4""","=""Low""","=""false"""
"=""mã số thuế pgbank""","=""0""","=""0""","=""4""","=""Low""","=""false"""
"=""mã số thuế của pgbank""","=""0""","=""0""","=""5""","=""Low""","=""false"""
"=""mã số thuế pc1""","=""0""","=""0""","=""4""","=""Low""","=""false"""
"=""mã số thuế trường đại học pccc""","=""0""","=""0""","=""7""","=""Low""","=""false"""
"=""mã số thuế cục cảnh sát pccc và cnch""","=""0""","=""0""","=""9""","=""Low""","=""false"""
"=""mã số thuế phụ thuộc là gì""","=""0""","=""0""","=""7""","=""Low""","=""false"""
"=""mã số thuế phú yên""","=""0""","=""0""","=""5""","=""Low""","=""false"""
"=""mã số thuế phê la""","=""0""","=""0""","=""5""","=""Low""","=""false"""
"=""mã số thuế pizza ngon""","=""0""","=""0""","=""5""","=""Low""","=""false"""
"=""mã số thuế pizza hut""","=""0""","=""0""","=""5""","=""Low""","=""false"""
"=""mã số thuế piacom""","=""0""","=""0""","=""4""","=""Low""","=""false"""
"=""mã số thuế pizza company""","=""0""","=""0""","=""5""","=""Low""","=""false"""
"=""mã số thuế pinaco""","=""0""","=""0""","=""4""","=""Low""","=""false"""
"=""mã số thuế pit""","=""0""","=""0""","=""4""","=""Low""","=""false"""
"=""mã số thuế pit là gì""","=""0""","=""0""","=""6""","=""Low""","=""false"""
"=""mã số thuế pizza 4p""","=""0""","=""0""","=""5""","=""Low""","=""false"""
"=""mã số thuế piaggio việt nam""","=""0""","=""0""","=""6""","=""Low""","=""false"""
"=""mã số thuế pjico""","=""0""","=""0""","=""4""","=""Low""","=""false"""
"=""mã số thuế pjico sài gòn""","=""0""","=""0""","=""6""","=""Low""","=""false"""
"=""mã số thuế công ty bảo hiểm pjico""","=""0""","=""0""","=""8""","=""Low""","=""false"""
"=""mã số thuế công ty bảo hiểm pjico sài gòn""","=""0""","=""0""","=""10""","=""Low""","=""false"""
"=""mã số thuế công ty bảo hiểm pjico bến thành""","=""0""","=""0""","=""10""","=""Low""","=""false"""
"=""mã số thuế plx""","=""0""","=""0""","=""4""","=""Low""","=""false"""
"=""mã số thuế qh plus""","=""0""","=""0""","=""5""","=""Low""","=""false"""
"=""mã số thuế kids plaza""","=""0""","=""0""","=""5""","=""Low""","=""false"""
"=""mã số thuế fpt play""","=""0""","=""0""","=""5""","=""Low""","=""false"""
"=""mã số thuế green planet""","=""0""","=""0""","=""5""","=""Low""","=""false"""
"=""mã số thuế sofitel saigon plaza""","=""0""","=""0""","=""6""","=""Low""","=""false"""
"=""mã số thuế lotte shopping plaza""","=""0""","=""0""","=""6""","=""Low""","=""false"""
"=""mã số thuế pmc""","=""0""","=""0""","=""4""","=""Low""","=""false"""
"=""mã số thuế pmax""","=""0""","=""0""","=""4""","=""Low""","=""false"""
"=""mã số thuế pnjp""","=""0""","=""0""","=""4""","=""Low""","=""false"""
"=""mã số thuế công ty pnjp""","=""0""","=""0""","=""6""","=""Low""","=""false"""
"=""mã số thuế org""","=""0""","=""0""","=""4""","=""Low""","=""false"""
"=""mã số thuế prudential việt nam""","=""0""","=""0""","=""6""","=""Low""","=""false"""
"=""mã số thuế prep""","=""0""","=""0""","=""4""","=""Low""","=""false"""
"=""mã số thuế prudential vietnam""","=""0""","=""0""","=""5""","=""Low""","=""false"""
"=""mã số thuế công ty properwell""","=""0""","=""0""","=""6""","=""Low""","=""false"""
"=""mã số thuế công ty prowell""","=""0""","=""0""","=""6""","=""Low""","=""false"""
"=""mã số thuế khách sạn premier pearl vũng tàu""","=""0""","=""0""","=""9""","=""Low""","=""false"""
"=""mã số thuế psd""","=""0""","=""0""","=""4""","=""Low""","=""false"""
"=""mã số thuế psi""","=""0""","=""0""","=""4""","=""Low""","=""false"""
"=""mã số thuế psl""","=""0""","=""0""","=""4""","=""Low""","=""false"""
"=""mã số thuế công ty psa""","=""0""","=""0""","=""6""","=""Low""","=""false"""
"=""mã số thuế pouyuen""","=""0""","=""0""","=""4""","=""Low""","=""false"""
"=""mã số thuế portcoast""","=""0""","=""0""","=""4""","=""Low""","=""false"""
"=""mã số thuế pos365""","=""0""","=""0""","=""4""","=""Low""","=""false"""
"=""mã số thuế popplife""","=""0""","=""0""","=""4""","=""Low""","=""false"""
"=""mã số thuế pow""","=""0""","=""0""","=""4""","=""Low""","=""false"""
"=""mã số thuế polytex""","=""0""","=""0""","=""4""","=""Low""","=""false"""
"=""mã số thuế pouchen""","=""0""","=""0""","=""4""","=""Low""","=""false"""
"=""mã số thuế pos""","=""0""","=""0""","=""4""","=""Low""","=""false"""
"=""mã số thuế powertech""","=""0""","=""0""","=""4""","=""Low""","=""false"""
"=""mã số thuế poseidon""","=""0""","=""0""","=""4""","=""Low""","=""false"""
"=""mã số thuế public bank""","=""0""","=""0""","=""5""","=""Low""","=""false"""
"=""mã số thuế pullman""","=""0""","=""0""","=""4""","=""Low""","=""false"""
"=""mã số thuế công ty pungkook bến tre""","=""0""","=""0""","=""8""","=""Low""","=""false"""
"=""mã số thuế công ty pungkook""","=""0""","=""0""","=""6""","=""Low""","=""false"""
"=""mã số thuế khách sạn pullman vũng tàu""","=""0""","=""0""","=""8""","=""Low""","=""false"""
"=""mã số thuế khách sạn pullman hà nội""","=""0""","=""0""","=""8""","=""Low""","=""false"""
"=""mã số thuế khách sạn pullman hải phòng""","=""0""","=""0""","=""8""","=""Low""","=""false"""
"=""mã số thuế pwc việt nam""","=""0""","=""0""","=""6""","=""Low""","=""false"""
"=""mã số thuế pwc hà nội""","=""0""","=""0""","=""6""","=""Low""","=""false"""
"=""mã số thuế công ty pwc""","=""0""","=""0""","=""6""","=""Low""","=""false"""
"=""mã số thuế pti""","=""0""","=""0""","=""4""","=""Low""","=""false"""
"=""mã số thuế ptit""","=""0""","=""0""","=""4""","=""Low""","=""false"""
"=""mã số thuế pvoil""","=""0""","=""0""","=""4""","=""Low""","=""false"""
"=""mã số thuế pvn""","=""0""","=""0""","=""4""","=""Low""","=""false"""
"=""mã số thuế pvi""","=""0""","=""0""","=""4""","=""Low""","=""false"""
"=""mã số thuế pvcfc""","=""0""","=""0""","=""4""","=""Low""","=""false"""
"=""mã số thuế pv gas""","=""0""","=""0""","=""5""","=""Low""","=""false"""
"=""mã số thuế pvep""","=""0""","=""0""","=""4""","=""Low""","=""false"""
"=""mã số thuế pvfcco""","=""0""","=""0""","=""4""","=""Low""","=""false"""
"=""mã số thuế pvd""","=""0""","=""0""","=""4""","=""Low""","=""false"""
"=""mã số thuế pvtrans""","=""0""","=""0""","=""4""","=""Low""","=""false"""
"=""mã số thuế qisda""","=""0""","=""0""","=""4""","=""Low""","=""false"""
"=""mã số thuế công ty qisda""","=""0""","=""0""","=""6""","=""Low""","=""false"""
"=""mã số thuế pymepharco""","=""0""","=""0""","=""4""","=""Low""","=""false"""
"=""mã số thuế pys travel""","=""0""","=""0""","=""5""","=""Low""","=""false"""
"=""mã số thuế qmh""","=""0""","=""0""","=""4""","=""Low""","=""false"""
"=""mã số thuế công ty tnhh qmh computer""","=""0""","=""0""","=""8""","=""Low""","=""false"""
"=""mã số thuế qtsc""","=""0""","=""0""","=""4""","=""Low""","=""false"""
"=""mã số thuế qsr việt nam""","=""0""","=""0""","=""6""","=""Low""","=""false"""
"=""mã số thuế công ty qsr""","=""0""","=""0""","=""6""","=""Low""","=""false"""
"=""mã số thuế quatest 3""","=""0""","=""0""","=""5""","=""Low""","=""false"""
"=""mã số thuế qua cccd""","=""0""","=""0""","=""5""","=""Low""","=""false"""
"=""mã số thuế ravi""","=""0""","=""0""","=""4""","=""Low""","=""false"""
"=""mã số thuế random""","=""0""","=""0""","=""4""","=""Low""","=""false"""
"=""mã số thuế ra cccd""","=""0""","=""0""","=""5""","=""Low""","=""false"""
"=""mã số thuế rau má mix""","=""0""","=""0""","=""6""","=""Low""","=""false"""
"=""mã số thuế regal group""","=""0""","=""0""","=""5""","=""Low""","=""false"""
"=""mã số thuế regina""","=""0""","=""0""","=""4""","=""Low""","=""false"""
"=""mã số thuế ree""","=""0""","=""0""","=""4""","=""Low""","=""false"""
"=""mã số thuế res""","=""0""","=""0""","=""4""","=""Low""","=""false"""
"=""mã số thuế real logistics""","=""0""","=""0""","=""5""","=""Low""","=""false"""
"=""mã số thuế rencity""","=""0""","=""0""","=""4""","=""Low""","=""false"""
"=""mã số thuế reeme""","=""0""","=""0""","=""4""","=""Low""","=""false"""
"=""mã số thuế renesas""","=""0""","=""0""","=""4""","=""Low""","=""false"""
"=""mã số thuế regina miracle""","=""0""","=""0""","=""5""","=""Low""","=""false"""
"=""mã số thuế rita võ""","=""0""","=""0""","=""5""","=""Low""","=""false"""
"=""mã số thuế rikkei digital""","=""0""","=""0""","=""5""","=""Low""","=""false"""
"=""mã số thuế riki""","=""0""","=""0""","=""4""","=""Low""","=""false"""
"=""mã số thuế rikkei""","=""0""","=""0""","=""4""","=""Low""","=""false"""
"=""mã số thuế richy""","=""0""","=""0""","=""4""","=""Low""","=""false"""
"=""mã số thuế nhà hàng rivia""","=""0""","=""0""","=""6""","=""Low""","=""false"""
"=""mã số thuế ppj group""","=""0""","=""0""","=""5""","=""Low""","=""false"""
"=""mã số thuế rmit""","=""0""","=""0""","=""4""","=""Low""","=""false"""
"=""mã số thuế trường rmit""","=""0""","=""0""","=""5""","=""Low""","=""false"""
"=""mã số thuế công ty rpac""","=""0""","=""0""","=""6""","=""Low""","=""false"""
"=""mã số thuế rsm""","=""0""","=""0""","=""4""","=""Low""","=""false"""
"=""mã số thuế rsm việt nam""","=""0""","=""0""","=""6""","=""Low""","=""false"""
"=""mã số thuế qns""","=""0""","=""0""","=""4""","=""Low""","=""false"""
"=""mã số thuế rtc""","=""0""","=""0""","=""4""","=""Low""","=""false"""
"=""mã số thuế công ty rtc""","=""0""","=""0""","=""6""","=""Low""","=""false"""
"=""mã số thuế saigon coop""","=""0""","=""0""","=""5""","=""Low""","=""false"""
"=""mã số thuế savills""","=""0""","=""0""","=""4""","=""Low""","=""false"""
"=""mã số thuế sasco""","=""0""","=""0""","=""4""","=""Low""","=""false"""
"=""mã số thuế samsung thái nguyên""","=""0""","=""0""","=""6""","=""Low""","=""false"""
"=""mã số thuế scavi huế""","=""0""","=""0""","=""5""","=""Low""","=""false"""
"=""mã số thuế scic""","=""0""","=""0""","=""4""","=""Low""","=""false"""
"=""mã số thuế scots english""","=""0""","=""0""","=""5""","=""Low""","=""false"""
"=""mã số thuế schannel""","=""0""","=""0""","=""4""","=""Low""","=""false"""
"=""mã số thuế schindler""","=""0""","=""0""","=""4""","=""Low""","=""false"""
"=""mã số thuế scsc""","=""0""","=""0""","=""4""","=""Low""","=""false"""
"=""mã số thuế schneider""","=""0""","=""0""","=""4""","=""Low""","=""false"""
"=""mã số thuế scg""","=""0""","=""0""","=""4""","=""Low""","=""false"""
"=""mã số thuế sctv""","=""0""","=""0""","=""4""","=""Low""","=""false"""
"=""mã số thuế sdv""","=""0""","=""0""","=""4""","=""Low""","=""false"""
"=""mã số thuế samsung sds""","=""0""","=""0""","=""5""","=""Low""","=""false"""
"=""mã số thuế samsung sds việt nam""","=""0""","=""0""","=""7""","=""Low""","=""false"""
"=""mã số thuế công ty tnhh samsung sds việt nam""","=""0""","=""0""","=""10""","=""Low""","=""false"""
"=""mã số thuế ru9""","=""0""","=""0""","=""4""","=""Low""","=""false"""
"=""mã số thuế sevt""","=""0""","=""0""","=""4""","=""Low""","=""false"""
"=""mã số thuế search""","=""0""","=""0""","=""4""","=""Low""","=""false"""
"=""mã số thuế sehc""","=""0""","=""0""","=""4""","=""Low""","=""false"""
"=""mã số thuế sev""","=""0""","=""0""","=""4""","=""Low""","=""false"""
"=""mã số thuế semv""","=""0""","=""0""","=""4""","=""Low""","=""false"""
"=""mã số thuế selex""","=""0""","=""0""","=""4""","=""Low""","=""false"""
"=""mã số thuế sendo""","=""0""","=""0""","=""4""","=""Low""","=""false"""
"=""mã số thuế seedcom food""","=""0""","=""0""","=""5""","=""Low""","=""false"""
"=""mã số thuế sendo farm""","=""0""","=""0""","=""5""","=""Low""","=""false"""
"=""mã số thuế công ty rq""","=""0""","=""0""","=""6""","=""Low""","=""false"""
"=""mã số thuế simexco""","=""0""","=""0""","=""4""","=""Low""","=""false"""
"=""mã số thuế siêu thị thành đô""","=""0""","=""0""","=""7""","=""Low""","=""false"""
"=""mã số thuế siêu thị winmart""","=""0""","=""0""","=""6""","=""Low""","=""false"""
"=""mã số thuế sixdo""","=""0""","=""0""","=""4""","=""Low""","=""false"""
"=""mã số thuế siêu thị điện máy chợ lớn""","=""0""","=""0""","=""9""","=""Low""","=""false"""
"=""mã số thuế sika""","=""0""","=""0""","=""4""","=""Low""","=""false"""
"=""mã số thuế sjc""","=""0""","=""0""","=""4""","=""Low""","=""false"""
"=""mã số thuế sj group""","=""0""","=""0""","=""5""","=""Low""","=""false"""
"=""mã số thuế công ty sj tech""","=""0""","=""0""","=""7""","=""Low""","=""false"""
"=""mã số thuế công ty cổ phần sj group""","=""0""","=""0""","=""9""","=""Low""","=""false"""
"=""mã số thuế sbic""","=""0""","=""0""","=""4""","=""Low""","=""false"""
"=""mã số thuế sacombank sbl""","=""0""","=""0""","=""5""","=""Low""","=""false"""
"=""mã số thuế smartland""","=""0""","=""0""","=""4""","=""Low""","=""false"""
"=""mã số thuế smc""","=""0""","=""0""","=""4""","=""Low""","=""false"""
"=""mã số thuế smbc""","=""0""","=""0""","=""4""","=""Low""","=""false"""
"=""mã số thuế smartlog""","=""0""","=""0""","=""4""","=""Low""","=""false"""
"=""mã số thuế smart train""","=""0""","=""0""","=""5""","=""Low""","=""false"""
"=""mã số thuế smartpay""","=""0""","=""0""","=""4""","=""Low""","=""false"""
"=""mã số thuế smollan""","=""0""","=""0""","=""4""","=""Low""","=""false"""
"=""mã số thuế smartdev""","=""0""","=""0""","=""4""","=""Low""","=""false"""
"=""mã số thuế sme""","=""0""","=""0""","=""4""","=""Low""","=""false"""
"=""mã số thuế snp""","=""0""","=""0""","=""4""","=""Low""","=""false"""
"=""mã số thuế sonion""","=""0""","=""0""","=""4""","=""Low""","=""false"""
"=""mã số thuế sotrans""","=""0""","=""0""","=""4""","=""Low""","=""false"""
"=""mã số thuế solenc""","=""0""","=""0""","=""4""","=""Low""","=""false"""
"=""mã số thuế sovico""","=""0""","=""0""","=""4""","=""Low""","=""false"""
"=""mã số thuế sotrans logistics""","=""0""","=""0""","=""5""","=""Low""","=""false"""
"=""mã số thuế spa""","=""0""","=""0""","=""4""","=""Low""","=""false"""
"=""mã số thuế spvb""","=""0""","=""0""","=""4""","=""Low""","=""false"""
"=""mã số thuế spiral""","=""0""","=""0""","=""4""","=""Low""","=""false"""
"=""mã số thuế spkt""","=""0""","=""0""","=""4""","=""Low""","=""false"""
"=""mã số thuế spf""","=""0""","=""0""","=""4""","=""Low""","=""false"""
"=""mã số thuế ngành spa""","=""0""","=""0""","=""5""","=""Low""","=""false"""
"=""mã số thuế yb spa""","=""0""","=""0""","=""5""","=""Low""","=""false"""
"=""mã số thuế sgs việt nam""","=""0""","=""0""","=""6""","=""Low""","=""false"""
"=""mã số thuế sgs""","=""0""","=""0""","=""4""","=""Low""","=""false"""
"=""mã số thuế sgu""","=""0""","=""0""","=""4""","=""Low""","=""false"""
"=""mã số thuế cty sgc""","=""0""","=""0""","=""5""","=""Low""","=""false"""
"=""mã số thuế công ty sgs việt nam""","=""0""","=""0""","=""8""","=""Low""","=""false"""
"=""mã số thuế công ty sgc""","=""0""","=""0""","=""6""","=""Low""","=""false"""
"=""mã số thuế công ty sgs việt nam tnhh""","=""0""","=""0""","=""9""","=""Low""","=""false"""
"=""mã số thuế routine""","=""0""","=""0""","=""4""","=""Low""","=""false"""
"=""mã số thuế roboworld""","=""0""","=""0""","=""4""","=""Low""","=""false"""
"=""mã số thuế rohto""","=""0""","=""0""","=""4""","=""Low""","=""false"""
"=""mã số thuế rox group""","=""0""","=""0""","=""5""","=""Low""","=""false"""
"=""mã số thuế cty rorze robotech""","=""0""","=""0""","=""6""","=""Low""","=""false"""
"=""mã số thuế cty rochdale spears""","=""0""","=""0""","=""6""","=""Low""","=""false"""
"=""mã số thuế tập đoàn rox""","=""0""","=""0""","=""6""","=""Low""","=""false"""
"=""mã số thuế công ty rohto mentholatum việt nam""","=""0""","=""0""","=""9""","=""Low""","=""false"""
"=""mã số thuế shz""","=""0""","=""0""","=""4""","=""Low""","=""false"""
"=""mã số thuế skypec""","=""0""","=""0""","=""4""","=""Low""","=""false"""
"=""mã số thuế sky realty""","=""0""","=""0""","=""5""","=""Low""","=""false"""
"=""mã số thuế o2 skin""","=""0""","=""0""","=""5""","=""Low""","=""false"""
"=""mã số thuế starbucks""","=""0""","=""0""","=""4""","=""Low""","=""false"""
"=""mã số thuế standard chartered""","=""0""","=""0""","=""5""","=""Low""","=""false"""
"=""mã số thuế stavian chemical""","=""0""","=""0""","=""5""","=""Low""","=""false"""
"=""mã số thuế stavian""","=""0""","=""0""","=""4""","=""Low""","=""false"""
"=""mã số thuế stapimex""","=""0""","=""0""","=""4""","=""Low""","=""false"""
"=""mã số thuế stb""","=""0""","=""0""","=""4""","=""Low""","=""false"""
"=""mã số thuế standard chartered việt nam""","=""0""","=""0""","=""7""","=""Low""","=""false"""
"=""mã số thuế stavian hóa chất""","=""0""","=""0""","=""6""","=""Low""","=""false"""
"=""mã số thuế start house""","=""0""","=""0""","=""5""","=""Low""","=""false"""
"=""mã số thuế viettel store""","=""0""","=""0""","=""5""","=""Low""","=""false"""
"=""mã số thuế svtech""","=""0""","=""0""","=""4""","=""Low""","=""false"""
"=""mã số thuế svn""","=""0""","=""0""","=""4""","=""Low""","=""false"""
"=""mã số thuế synopsys""","=""0""","=""0""","=""4""","=""Low""","=""false"""
"=""mã số thuế synnex fpt""","=""0""","=""0""","=""5""","=""Low""","=""false"""
"=""mã số thuế syngenta""","=""0""","=""0""","=""4""","=""Low""","=""false"""
"=""mã số thuế systech""","=""0""","=""0""","=""4""","=""Low""","=""false"""
"=""mã số thuế cty synopex""","=""0""","=""0""","=""5""","=""Low""","=""false"""
"=""mã số thuế tbs""","=""0""","=""0""","=""4""","=""Low""","=""false"""
"=""mã số thuế tbs group""","=""0""","=""0""","=""5""","=""Low""","=""false"""
"=""mã số thuế tbs logistics""","=""0""","=""0""","=""5""","=""Low""","=""false"""
"=""mã số thuế tbs an giang""","=""0""","=""0""","=""6""","=""Low""","=""false"""
"=""mã số thuế sunshine group""","=""0""","=""0""","=""5""","=""Low""","=""false"""
"=""mã số thuế sugar town""","=""0""","=""0""","=""5""","=""Low""","=""false"""
"=""mã số thuế sun phuquoc airways""","=""0""","=""0""","=""6""","=""Low""","=""false"""
"=""mã số thuế sun life việt nam""","=""0""","=""0""","=""7""","=""Low""","=""false"""
"=""mã số thuế sushi haru""","=""0""","=""0""","=""5""","=""Low""","=""false"""
"=""mã số thuế sumi hanel""","=""0""","=""0""","=""5""","=""Low""","=""false"""
"=""mã số thuế tdtu""","=""0""","=""0""","=""4""","=""Low""","=""false"""
"=""mã số thuế techcom life""","=""0""","=""0""","=""5""","=""Low""","=""false"""
"=""mã số thuế tedi""","=""0""","=""0""","=""4""","=""Low""","=""false"""
"=""mã số thuế teky""","=""0""","=""0""","=""4""","=""Low""","=""false"""
"=""mã số thuế tech""","=""0""","=""0""","=""4""","=""Low""","=""false"""
"=""mã số thuế test""","=""0""","=""0""","=""4""","=""Low""","=""false"""
"=""mã số thuế tecomen""","=""0""","=""0""","=""4""","=""Low""","=""false"""
"=""mã số thuế tetra pak việt nam""","=""0""","=""0""","=""7""","=""Low""","=""false"""
"=""mã số thuế teenup""","=""0""","=""0""","=""4""","=""Low""","=""false"""
"=""mã số thuế tetra pak bình dương""","=""0""","=""0""","=""7""","=""Low""","=""false"""
"=""mã số thuế tcl""","=""0""","=""0""","=""4""","=""Low""","=""false"""
"=""mã số thuế tcit""","=""0""","=""0""","=""4""","=""Low""","=""false"""
"=""mã số thuế tcs""","=""0""","=""0""","=""4""","=""Low""","=""false"""
"=""mã số thuế tct hàng không việt nam""","=""0""","=""0""","=""8""","=""Low""","=""false"""
"=""mã số thuế tcgi""","=""0""","=""0""","=""4""","=""Low""","=""false"""
"=""mã số thuế tcgins""","=""0""","=""0""","=""4""","=""Low""","=""false"""
"=""mã số thuế tct""","=""0""","=""0""","=""4""","=""Low""","=""false"""
"=""mã số thuế tgđ""","=""0""","=""0""","=""4""","=""Low""","=""false"""
"=""mã số thuế tgkc""","=""0""","=""0""","=""4""","=""Low""","=""false"""
"=""mã số thuế công ty cổ phần tgdd""","=""0""","=""0""","=""8""","=""Low""","=""false"""
"=""mã số thuế swarovski""","=""0""","=""0""","=""4""","=""Low""","=""false"""
"=""mã số thuế công ty swarovski việt nam""","=""0""","=""0""","=""8""","=""Low""","=""false"""
"=""mã số thuế ssi chi nhánh hà nội""","=""0""","=""0""","=""8""","=""Low""","=""false"""
"=""mã số thuế ssn""","=""0""","=""0""","=""4""","=""Low""","=""false"""
"=""mã số thuế ssglove""","=""0""","=""0""","=""4""","=""Low""","=""false"""
"=""mã số thuế ssiam""","=""0""","=""0""","=""4""","=""Low""","=""false"""
"=""mã số thuế ssm group""","=""0""","=""0""","=""5""","=""Low""","=""false"""
"=""mã số thuế ssg""","=""0""","=""0""","=""4""","=""Low""","=""false"""
"=""mã số thuế việt mỹ ssu""","=""0""","=""0""","=""6""","=""Low""","=""false"""
"=""mã số thuế tkv""","=""0""","=""0""","=""4""","=""Low""","=""false"""
"=""mã số thuế tkg""","=""0""","=""0""","=""4""","=""Low""","=""false"""
"=""mã số thuế tkg taekwang vina""","=""0""","=""0""","=""6""","=""Low""","=""false"""
"=""mã số thuế cty tkg""","=""0""","=""0""","=""5""","=""Low""","=""false"""
"=""mã số thuế công ty tkg tech one vina""","=""0""","=""0""","=""9""","=""Low""","=""false"""
"=""mã số thuế công ty tkg taekwang cần thơ""","=""0""","=""0""","=""9""","=""Low""","=""false"""
"=""mã số thuế công ty tkg taekwang""","=""0""","=""0""","=""7""","=""Low""","=""false"""
"=""mã số thuế công ty môi trường tkv""","=""0""","=""0""","=""8""","=""Low""","=""false"""
"=""mã số thuế tổng công ty khoáng sản tkv""","=""0""","=""0""","=""9""","=""Low""","=""false"""
"=""mã số thuế tmdt""","=""0""","=""0""","=""4""","=""Low""","=""false"""
"=""mã số thuế tma""","=""0""","=""0""","=""4""","=""Low""","=""false"""
"=""mã số thuế tma solutions""","=""0""","=""0""","=""5""","=""Low""","=""false"""
"=""mã số thuế tmark""","=""0""","=""0""","=""4""","=""Low""","=""false"""
"=""mã số thuế tmu""","=""0""","=""0""","=""4""","=""Low""","=""false"""
"=""mã số thuế tms""","=""0""","=""0""","=""4""","=""Low""","=""false"""
"=""mã số thuế tmt""","=""0""","=""0""","=""4""","=""Low""","=""false"""
"=""mã số thuế nh tmcp tiên phong""","=""0""","=""0""","=""7""","=""Low""","=""false"""
"=""mã số thuế tncn là cccd""","=""0""","=""0""","=""6""","=""Low""","=""false"""
"=""mã số thuế tncn 2026""","=""0""","=""0""","=""5""","=""Low""","=""false"""
"=""mã số thuế toyota việt nam""","=""0""","=""0""","=""6""","=""Low""","=""false"""
"=""mã số thuế toshiba""","=""0""","=""0""","=""4""","=""Low""","=""false"""
"=""mã số thuế tps""","=""0""","=""0""","=""4""","=""Low""","=""false"""
"=""mã số thuế tpbank chi nhánh hà nội""","=""0""","=""0""","=""8""","=""Low""","=""false"""
"=""mã số thuế tpi land""","=""0""","=""0""","=""5""","=""Low""","=""false"""
"=""mã số thuế tp đà nẵng""","=""0""","=""0""","=""6""","=""Low""","=""false"""
"=""mã số thuế tpc""","=""0""","=""0""","=""4""","=""Low""","=""false"""
"=""mã số thuế vnpt tphcm""","=""0""","=""0""","=""5""","=""Low""","=""false"""
"=""mã số thuế thuế tp hải phòng""","=""0""","=""0""","=""7""","=""Low""","=""false"""
"=""mã số thuế ts24""","=""0""","=""0""","=""4""","=""Low""","=""false"""
"=""mã số thuế tst""","=""0""","=""0""","=""4""","=""Low""","=""false"""
"=""mã số thuế công ty tsl""","=""0""","=""0""","=""6""","=""Low""","=""false"""
"=""mã số thuế công ty tnhh khoa học tsl""","=""0""","=""0""","=""9""","=""Low""","=""false"""
"=""mã số thuế tvpl""","=""0""","=""0""","=""4""","=""Low""","=""false"""
"=""mã số thuế tv2""","=""0""","=""0""","=""4""","=""Low""","=""false"""
"=""mã số thuế tvs""","=""0""","=""0""","=""4""","=""Low""","=""false"""
"=""mã số thuế tvsi""","=""0""","=""0""","=""4""","=""Low""","=""false"""
"=""mã số thuế ttc""","=""0""","=""0""","=""4""","=""Low""","=""false"""
"=""mã số thuế tti quận 9""","=""0""","=""0""","=""6""","=""Low""","=""false"""
"=""mã số thuế ttyt cẩm giàng""","=""0""","=""0""","=""6""","=""Low""","=""false"""
"=""mã số thuế tti củ chi""","=""0""","=""0""","=""6""","=""Low""","=""false"""
"=""mã số thuế ttf""","=""0""","=""0""","=""4""","=""Low""","=""false"""
"=""mã số thuế ttc agris""","=""0""","=""0""","=""5""","=""Low""","=""false"""
"=""mã số thuế tt capital""","=""0""","=""0""","=""5""","=""Low""","=""false"""
"=""mã số thuế ttc land""","=""0""","=""0""","=""5""","=""Low""","=""false"""
"=""mã số thuế couple tx""","=""0""","=""0""","=""5""","=""Low""","=""false"""
"=""mã số thuế bệnh viện tw huế""","=""0""","=""0""","=""7""","=""Low""","=""false"""
"=""mã số thuế bệnh viện twqđ 108""","=""0""","=""0""","=""7""","=""Low""","=""false"""
"=""mã số thuế bệnh viện nhi tw""","=""0""","=""0""","=""7""","=""Low""","=""false"""
"=""mã số thuế bệnh viện tai mũi họng tw""","=""0""","=""0""","=""9""","=""Low""","=""false"""
"=""mã số thuế tymex""","=""0""","=""0""","=""4""","=""Low""","=""false"""
"=""mã số thuế công ty tnhh công nghệ lens việt nam""","=""0""","=""0""","=""11""","=""Low""","=""false"""
"=""mã số thuế uac""","=""0""","=""0""","=""4""","=""Low""","=""false"""
"=""mã số thuế ct uav""","=""0""","=""0""","=""5""","=""Low""","=""false"""
"=""mã số thuế tasco""","=""0""","=""0""","=""4""","=""Low""","=""false"""
"=""mã số thuế tam sơn""","=""0""","=""0""","=""5""","=""Low""","=""false"""
"=""mã số thuế taekwang vina""","=""0""","=""0""","=""5""","=""Low""","=""false"""
"=""mã số thuế takashimaya""","=""0""","=""0""","=""4""","=""Low""","=""false"""
"=""mã số thuế taekwang cần thơ""","=""0""","=""0""","=""6""","=""Low""","=""false"""
"=""mã số thuế taxi xanh sm""","=""0""","=""0""","=""6""","=""Low""","=""false"""
"=""mã số thuế taseco land""","=""0""","=""0""","=""5""","=""Low""","=""false"""
"=""mã số thuế ubnd xã na loi""","=""0""","=""0""","=""7""","=""Low""","=""false"""
"=""mã số thuế ubnd xã na ngoi""","=""0""","=""0""","=""7""","=""Low""","=""false"""
"=""mã số thuế ubnd xã bình minh""","=""0""","=""0""","=""7""","=""Low""","=""false"""
"=""mã số thuế ubnd xã như quỳnh""","=""0""","=""0""","=""7""","=""Low""","=""false"""
"=""mã số thuế ubnd phường sầm sơn""","=""0""","=""0""","=""7""","=""Low""","=""false"""
"=""mã số thuế ubnd xã yên mỹ""","=""0""","=""0""","=""7""","=""Low""","=""false"""
"=""mã số thuế ubnd xã phúc lộc""","=""0""","=""0""","=""7""","=""Low""","=""false"""
"=""mã số thuế cty uchiyama""","=""0""","=""0""","=""5""","=""Low""","=""false"""
"=""mã số thuế việt úc""","=""0""","=""0""","=""5""","=""Low""","=""false"""
"=""mã số thuế ufm""","=""0""","=""0""","=""4""","=""Low""","=""false"""
"=""mã số thuế uhy""","=""0""","=""0""","=""4""","=""Low""","=""false"""
"=""mã số thuế uk""","=""0""","=""0""","=""4""","=""Low""","=""false"""
"=""mã số thuế ukraine""","=""0""","=""0""","=""4""","=""Low""","=""false"""
"=""mã số thuế ueb""","=""0""","=""0""","=""4""","=""Low""","=""false"""
"=""mã số thuế uet""","=""0""","=""0""","=""4""","=""Low""","=""false"""
"=""mã số thuế ulis""","=""0""","=""0""","=""4""","=""Low""","=""false"""
"=""mã số thuế ulaw""","=""0""","=""0""","=""4""","=""Low""","=""false"""
"=""mã số thuế umt""","=""0""","=""0""","=""4""","=""Low""","=""false"""
"=""mã số thuế ump""","=""0""","=""0""","=""4""","=""Low""","=""false"""
"=""mã số thuế umc""","=""0""","=""0""","=""4""","=""Low""","=""false"""
"=""mã số thuế cty umc""","=""0""","=""0""","=""5""","=""Low""","=""false"""
"=""mã số thuế uniqlo việt nam""","=""0""","=""0""","=""6""","=""Low""","=""false"""
"=""mã số thuế uniben""","=""0""","=""0""","=""4""","=""Low""","=""false"""
"=""mã số thuế uniclass""","=""0""","=""0""","=""4""","=""Low""","=""false"""
"=""mã số thuế undp""","=""0""","=""0""","=""4""","=""Low""","=""false"""
"=""mã số thuế unite group""","=""0""","=""0""","=""5""","=""Low""","=""false"""
"=""mã số thuế unica""","=""0""","=""0""","=""4""","=""Low""","=""false"""
"=""mã số thuế uob""","=""0""","=""0""","=""4""","=""Low""","=""false"""
"=""mã số thuế uob việt nam""","=""0""","=""0""","=""6""","=""Low""","=""false"""
"=""mã số thuế tuấn 123""","=""0""","=""0""","=""5""","=""Low""","=""false"""
"=""mã số thuế tueba""","=""0""","=""0""","=""4""","=""Low""","=""false"""
"=""mã số thuế từ cccd""","=""0""","=""0""","=""5""","=""Low""","=""false"""
"=""mã số thuế từ ngày 1 7""","=""0""","=""0""","=""7""","=""Low""","=""false"""
"=""mã số thuế từ cmnd""","=""0""","=""0""","=""5""","=""Low""","=""false"""
"=""mã số thuế us""","=""0""","=""0""","=""4""","=""Low""","=""false"""
"=""mã số thuế usi""","=""0""","=""0""","=""4""","=""Low""","=""false"""
"=""mã số thuế ussh""","=""0""","=""0""","=""4""","=""Low""","=""false"""
"=""mã số thuế ussh hcm""","=""0""","=""0""","=""5""","=""Low""","=""false"""
"=""mã số thuế công ty usi""","=""0""","=""0""","=""6""","=""Low""","=""false"""
"=""mã số thuế công ty uv""","=""0""","=""0""","=""6""","=""Low""","=""false"""
"=""mã số thuế uic""","=""0""","=""0""","=""4""","=""Low""","=""false"""
"=""mã số thuế uit""","=""0""","=""0""","=""4""","=""Low""","=""false"""
"=""mã số thuế công ty uil""","=""0""","=""0""","=""6""","=""Low""","=""false"""
"=""mã số thuế udic""","=""0""","=""0""","=""4""","=""Low""","=""false"""
"=""mã số thuế ủy ban chứng khoán nhà nước""","=""0""","=""0""","=""9""","=""Low""","=""false"""
"=""mã số thuế ủy ban""","=""0""","=""0""","=""5""","=""Low""","=""false"""
"=""mã số thuế uỷ ban kiểm tra trung ương""","=""0""","=""0""","=""9""","=""Low""","=""false"""
"=""mã số thuế đảng ủy xã""","=""0""","=""0""","=""6""","=""Low""","=""false"""
"=""mã số thuế utc""","=""0""","=""0""","=""4""","=""Low""","=""false"""
"=""mã số thuế ute""","=""0""","=""0""","=""4""","=""Low""","=""false"""
"=""mã số thuế utt""","=""0""","=""0""","=""4""","=""Low""","=""false"""
"=""mã số thuế urbox""","=""0""","=""0""","=""4""","=""Low""","=""false"""
"=""mã số thuế cty urc""","=""0""","=""0""","=""5""","=""Low""","=""false"""
"=""mã số thuế công ty urc việt nam""","=""0""","=""0""","=""8""","=""Low""","=""false"""
"=""mã số thuế vbi""","=""0""","=""0""","=""4""","=""Low""","=""false"""
"=""mã số thuế bảo hiểm vbi""","=""0""","=""0""","=""6""","=""Low""","=""false"""
"=""mã số thuế vat là gì""","=""0""","=""0""","=""6""","=""Low""","=""false"""
"=""mã số thuế vaeco""","=""0""","=""0""","=""4""","=""Low""","=""false"""
"=""mã số thuế vamc""","=""0""","=""0""","=""4""","=""Low""","=""false"""
"=""mã số thuế vab""","=""0""","=""0""","=""4""","=""Low""","=""false"""
"=""mã số thuế vas nghi sơn""","=""0""","=""0""","=""6""","=""Low""","=""false"""
"=""mã số thuế vaco""","=""0""","=""0""","=""4""","=""Low""","=""false"""
"=""mã số thuế vaxuco""","=""0""","=""0""","=""4""","=""Low""","=""false"""
"=""mã số thuế vdb""","=""0""","=""0""","=""4""","=""Low""","=""false"""
"=""mã số thuế vd""","=""0""","=""0""","=""4""","=""Low""","=""false"""
"=""mã số thuế vfbs""","=""0""","=""0""","=""4""","=""Low""","=""false"""
"=""mã số thuế vfc""","=""0""","=""0""","=""4""","=""Low""","=""false"""
"=""mã số thuế vf""","=""0""","=""0""","=""4""","=""Low""","=""false"""
"=""mã số thuế cty vfr""","=""0""","=""0""","=""5""","=""Low""","=""false"""
"=""mã số thuế vhu""","=""0""","=""0""","=""4""","=""Low""","=""false"""
"=""mã số thuế vht""","=""0""","=""0""","=""4""","=""Low""","=""false"""
"=""mã số thuế vhs""","=""0""","=""0""","=""4""","=""Low""","=""false"""
"=""mã số thuế vhc""","=""0""","=""0""","=""4""","=""Low""","=""false"""
"=""mã số thuế công ty tnhh thương mại vhc""","=""0""","=""0""","=""9""","=""Low""","=""false"""
"=""mã số thuế upharma""","=""0""","=""0""","=""4""","=""Low""","=""false"""
"=""mã số thuế upbase""","=""0""","=""0""","=""4""","=""Low""","=""false"""
"=""mã số thuế ups""","=""0""","=""0""","=""4""","=""Low""","=""false"""
"=""mã số thuế upwork""","=""0""","=""0""","=""4""","=""Low""","=""false"""
"=""mã số thuế up dental""","=""0""","=""0""","=""5""","=""Low""","=""false"""
"=""mã số thuế upgrade""","=""0""","=""0""","=""4""","=""Low""","=""false"""
"=""mã số thuế geek up""","=""0""","=""0""","=""5""","=""Low""","=""false"""
"=""mã số thuế vjc""","=""0""","=""0""","=""4""","=""Low""","=""false"""
"=""mã số thuế vmc""","=""0""","=""0""","=""4""","=""Low""","=""false"""
"=""mã số thuế vmo holdings""","=""0""","=""0""","=""5""","=""Low""","=""false"""
"=""mã số thuế vmg""","=""0""","=""0""","=""4""","=""Low""","=""false"""
"=""mã số thuế vmo""","=""0""","=""0""","=""4""","=""Low""","=""false"""
"=""mã số thuế vmrc""","=""0""","=""0""","=""4""","=""Low""","=""false"""
"=""mã số thuế vlu""","=""0""","=""0""","=""4""","=""Low""","=""false"""
"=""mã số thuế vedan""","=""0""","=""0""","=""4""","=""Low""","=""false"""
"=""mã số thuế vec""","=""0""","=""0""","=""4""","=""Low""","=""false"""
"=""mã số thuế vexere""","=""0""","=""0""","=""4""","=""Low""","=""false"""
"=""mã số thuế venesa""","=""0""","=""0""","=""4""","=""Low""","=""false"""
"=""mã số thuế veam""","=""0""","=""0""","=""4""","=""Low""","=""false"""
"=""mã số thuế vector""","=""0""","=""0""","=""4""","=""Low""","=""false"""
"=""mã số thuế vemedim""","=""0""","=""0""","=""4""","=""Low""","=""false"""
"=""mã số thuế vega city""","=""0""","=""0""","=""5""","=""Low""","=""false"""
"=""mã số thuế vé hội an""","=""0""","=""0""","=""6""","=""Low""","=""false"""
"=""mã số thuế vcbneo""","=""0""","=""0""","=""4""","=""Low""","=""false"""
"=""mã số thuế vcb thăng long""","=""0""","=""0""","=""6""","=""Low""","=""false"""
"=""mã số thuế vcci""","=""0""","=""0""","=""4""","=""Low""","=""false"""
"=""mã số thuế vcbf""","=""0""","=""0""","=""4""","=""Low""","=""false"""
"=""mã số thuế vcb hà nội""","=""0""","=""0""","=""6""","=""Low""","=""false"""
"=""mã số thuế vcc""","=""0""","=""0""","=""4""","=""Low""","=""false"""
"=""mã số thuế vcb nam sài gòn""","=""0""","=""0""","=""7""","=""Low""","=""false"""
"=""mã số thuế vgreen""","=""0""","=""0""","=""4""","=""Low""","=""false"""
"=""mã số thuế công ty tnhh vgreen""","=""0""","=""0""","=""7""","=""Low""","=""false"""
"=""mã số thuế vpb""","=""0""","=""0""","=""4""","=""Low""","=""false"""
"=""mã số thuế vpbank securities""","=""0""","=""0""","=""5""","=""Low""","=""false"""
"=""mã số thuế vpbank smbc""","=""0""","=""0""","=""5""","=""Low""","=""false"""
"=""mã số thuế vpbank chi nhánh sài gòn""","=""0""","=""0""","=""8""","=""Low""","=""false"""
"=""mã số thuế vpic1""","=""0""","=""0""","=""4""","=""Low""","=""false"""
"=""mã số thuế vpi""","=""0""","=""0""","=""4""","=""Low""","=""false"""
"=""mã số thuế vp""","=""0""","=""0""","=""4""","=""Low""","=""false"""
"=""mã số thuế vnpost""","=""0""","=""0""","=""4""","=""Low""","=""false"""
"=""mã số thuế vna""","=""0""","=""0""","=""4""","=""Low""","=""false"""
"=""mã số thuế vnpt hà nội""","=""0""","=""0""","=""6""","=""Low""","=""false"""
"=""mã số thuế vrb""","=""0""","=""0""","=""4""","=""Low""","=""false"""
"=""mã số thuế vsip""","=""0""","=""0""","=""4""","=""Low""","=""false"""
"=""mã số thuế vsico""","=""0""","=""0""","=""4""","=""Low""","=""false"""
"=""mã số thuế vsp""","=""0""","=""0""","=""4""","=""Low""","=""false"""
"=""mã số thuế vsip nghệ an""","=""0""","=""0""","=""6""","=""Low""","=""false"""
"=""mã số thuế vsec""","=""0""","=""0""","=""4""","=""Low""","=""false"""
"=""mã số thuế vstv""","=""0""","=""0""","=""4""","=""Low""","=""false"""
"=""mã số thuế vsf""","=""0""","=""0""","=""4""","=""Low""","=""false"""
"=""mã số thuế vuihoc""","=""0""","=""0""","=""4""","=""Low""","=""false"""
"=""mã số thuế vua đậu""","=""0""","=""0""","=""5""","=""Low""","=""false"""
"=""mã số thuế louis vuitton""","=""0""","=""0""","=""5""","=""Low""","=""false"""
"=""mã số thuế viện vũ khí""","=""0""","=""0""","=""6""","=""Low""","=""false"""
"=""mã số thuế điện thoại vui""","=""0""","=""0""","=""6""","=""Low""","=""false"""
"=""mã số thuế cảng vụ hàng không miền trung""","=""0""","=""0""","=""9""","=""Low""","=""false"""
"=""mã số thuế ways station""","=""0""","=""0""","=""5""","=""Low""","=""false"""
"=""mã số thuế watsons""","=""0""","=""0""","=""4""","=""Low""","=""false"""
"=""mã số thuế wall street english""","=""0""","=""0""","=""6""","=""Low""","=""false"""
"=""mã số thuế wanek""","=""0""","=""0""","=""4""","=""Low""","=""false"""
"=""mã số thuế warning zone""","=""0""","=""0""","=""5""","=""Low""","=""false"""
"=""mã số thuế wanhai""","=""0""","=""0""","=""4""","=""Low""","=""false"""
"=""mã số thuế công ty want want""","=""0""","=""0""","=""7""","=""Low""","=""false"""
"=""mã số thuế web""","=""0""","=""0""","=""4""","=""Low""","=""false"""
"=""mã số thuế weldcom""","=""0""","=""0""","=""4""","=""Low""","=""false"""
"=""mã số thuế weset""","=""0""","=""0""","=""4""","=""Low""","=""false"""
"=""mã số thuế wealthcons""","=""0""","=""0""","=""4""","=""Low""","=""false"""
"=""mã số thuế the western pearl""","=""0""","=""0""","=""6""","=""Low""","=""false"""
"=""mã số thuế vtc mobile""","=""0""","=""0""","=""5""","=""Low""","=""false"""
"=""mã số thuế vtvcab""","=""0""","=""0""","=""4""","=""Low""","=""false"""
"=""mã số thuế vtv""","=""0""","=""0""","=""4""","=""Low""","=""false"""
"=""mã số thuế vtp""","=""0""","=""0""","=""4""","=""Low""","=""false"""
"=""mã số thuế vtc""","=""0""","=""0""","=""4""","=""Low""","=""false"""
"=""mã số thuế vts""","=""0""","=""0""","=""4""","=""Low""","=""false"""
"=""mã số thuế vtit""","=""0""","=""0""","=""4""","=""Low""","=""false"""
"=""mã số thuế vtg""","=""0""","=""0""","=""4""","=""Low""","=""false"""
"=""mã số thuế vtc academy""","=""0""","=""0""","=""5""","=""Low""","=""false"""
"=""mã số thuế whenever""","=""0""","=""0""","=""4""","=""Low""","=""false"""
"=""mã số thuế white palace""","=""0""","=""0""","=""5""","=""Low""","=""false"""
"=""mã số thuế công ty whitex""","=""0""","=""0""","=""6""","=""Low""","=""false"""
"=""mã số thuế voz""","=""0""","=""0""","=""4""","=""Low""","=""false"""
"=""mã số thuế vov""","=""0""","=""0""","=""4""","=""Low""","=""false"""
"=""mã số thuế vosco""","=""0""","=""0""","=""4""","=""Low""","=""false"""
"=""mã số thuế trường võ thị sáu""","=""0""","=""0""","=""7""","=""Low""","=""false"""
"=""mã số thuế wistron""","=""0""","=""0""","=""4""","=""Low""","=""false"""
"=""mã số thuế wineco""","=""0""","=""0""","=""4""","=""Low""","=""false"""
"=""mã số thuế công ty wistron hà nam""","=""0""","=""0""","=""8""","=""Low""","=""false"""
"=""mã số thuế công ty wisdom""","=""0""","=""0""","=""6""","=""Low""","=""false"""
"=""mã số thuế công ty new wing""","=""0""","=""0""","=""7""","=""Low""","=""false"""
"=""mã số thuế wooribank""","=""0""","=""0""","=""4""","=""Low""","=""false"""
"=""mã số thuế worldquant""","=""0""","=""0""","=""4""","=""Low""","=""false"""
"=""mã số thuế cty worldon""","=""0""","=""0""","=""5""","=""Low""","=""false"""
"=""mã số thuế new world saigon hotel""","=""0""","=""0""","=""7""","=""Low""","=""false"""
"=""mã số thuế sun world""","=""0""","=""0""","=""5""","=""Low""","=""false"""
"=""mã số thuế vinpearl wonderworld phú quốc""","=""0""","=""0""","=""7""","=""Low""","=""false"""
"=""mã số thuế new world phú quốc""","=""0""","=""0""","=""7""","=""Low""","=""false"""
"=""mã số thuế công ty woosung""","=""0""","=""0""","=""6""","=""Low""","=""false"""
"=""mã số thuế wpp media""","=""0""","=""0""","=""5""","=""Low""","=""false"""
"=""mã số thuế wr1""","=""0""","=""0""","=""4""","=""Low""","=""false"""
"=""mã số thuế wyndham grand phú quốc""","=""0""","=""0""","=""7""","=""Low""","=""false"""
"=""mã số thuế xanh""","=""0""","=""0""","=""4""","=""Low""","=""false"""
"=""mã số thuế xã can lộc""","=""0""","=""0""","=""6""","=""Low""","=""false"""
"=""mã số thuế xã""","=""0""","=""0""","=""4""","=""Low""","=""false"""
"=""mã số thuế xã đông hưng tỉnh hưng yên""","=""0""","=""0""","=""9""","=""Low""","=""false"""
"=""mã số thuế xã yên hòa""","=""0""","=""0""","=""6""","=""Low""","=""false"""
"=""mã số thuế đất xanh miền bắc""","=""0""","=""0""","=""7""","=""Low""","=""false"""
"=""mã số thuế đất xanh miền trung""","=""0""","=""0""","=""7""","=""Low""","=""false"""
"=""mã số thuế công ty tnhh xdd textile""","=""0""","=""0""","=""8""","=""Low""","=""false"""
"=""mã số thuế xe máy là gì""","=""0""","=""0""","=""7""","=""Low""","=""false"""
"=""mã số thuế xe""","=""0""","=""0""","=""4""","=""Low""","=""false"""
"=""mã số thuế xe phương trang""","=""0""","=""0""","=""6""","=""Low""","=""false"""
"=""mã số thuế xe ô tô""","=""0""","=""0""","=""6""","=""Low""","=""false"""
"=""mã số thuế xe là gì""","=""0""","=""0""","=""6""","=""Low""","=""false"""
"=""mã số thuế xem""","=""0""","=""0""","=""4""","=""Low""","=""false"""
"=""mã số thuế xe điền linh""","=""0""","=""0""","=""6""","=""Low""","=""false"""
"=""mã số thuế xhome""","=""0""","=""0""","=""4""","=""Low""","=""false"""
"=""mã số thuế xiaomi việt nam""","=""0""","=""0""","=""6""","=""Low""","=""false"""
"=""mã số thuế xi măng bỉm sơn""","=""0""","=""0""","=""7""","=""Low""","=""false"""
"=""mã số thuế xiaomi""","=""0""","=""0""","=""4""","=""Low""","=""false"""
"=""mã số thuế xi măng nghi sơn""","=""0""","=""0""","=""7""","=""Low""","=""false"""
"=""mã số thuế xí nghiệp khai thác dầu khí""","=""0""","=""0""","=""9""","=""Low""","=""false"""
"=""mã số thuế công ty xi măng long sơn""","=""0""","=""0""","=""9""","=""Low""","=""false"""
"=""mã số thuế wnc""","=""0""","=""0""","=""4""","=""Low""","=""false"""
"=""mã số thuế cty wnc""","=""0""","=""0""","=""5""","=""Low""","=""false"""
"=""mã số thuế công ty wnc hà nam""","=""0""","=""0""","=""8""","=""Low""","=""false"""
"=""mã số thuế xp media""","=""0""","=""0""","=""5""","=""Low""","=""false"""
"=""mã số thuế xp power""","=""0""","=""0""","=""5""","=""Low""","=""false"""
"=""mã số thuế công ty xp power""","=""0""","=""0""","=""7""","=""Low""","=""false"""
"=""mã số thuế xtmobile""","=""0""","=""0""","=""4""","=""Low""","=""false"""
"=""mã số thuế xuất hóa đơn""","=""0""","=""0""","=""6""","=""Low""","=""false"""
"=""mã số thuế nhà xuất bản giáo dục việt nam""","=""0""","=""0""","=""10""","=""Low""","=""false"""
"=""mã số thuế cục xuất nhập khẩu""","=""0""","=""0""","=""7""","=""Low""","=""false"""
"=""mã số thuế yazaki""","=""0""","=""0""","=""4""","=""Low""","=""false"""
"=""mã số thuế yamaha""","=""0""","=""0""","=""4""","=""Low""","=""false"""
"=""mã số thuế yame""","=""0""","=""0""","=""4""","=""Low""","=""false"""
"=""mã số thuế yadea""","=""0""","=""0""","=""4""","=""Low""","=""false"""
"=""mã số thuế yang ming""","=""0""","=""0""","=""5""","=""Low""","=""false"""
"=""mã số thuế công ty yakult việt nam""","=""0""","=""0""","=""8""","=""Low""","=""false"""
"=""mã số thuế công ty yazaki hải phòng""","=""0""","=""0""","=""8""","=""Low""","=""false"""
"=""mã số thuế công ty yazaki trà vinh""","=""0""","=""0""","=""8""","=""Low""","=""false"""
"=""mã số thuế công ty yakjin""","=""0""","=""0""","=""6""","=""Low""","=""false"""
"=""mã số thuế yeah1""","=""0""","=""0""","=""4""","=""Low""","=""false"""
"=""mã số thuế yes4all""","=""0""","=""0""","=""4""","=""Low""","=""false"""
"=""mã số thuế trường đại học yersin đà lạt""","=""0""","=""0""","=""9""","=""Low""","=""false"""
"=""mã số thuế bệnh viện đa khoa yersin nha trang""","=""0""","=""0""","=""10""","=""Low""","=""false"""
"=""mã số thuế yic one""","=""0""","=""0""","=""5""","=""Low""","=""false"""
"=""mã số thuế khánh vy home""","=""0""","=""0""","=""6""","=""Low""","=""false"""
"=""mã số thuế ykk""","=""0""","=""0""","=""4""","=""Low""","=""false"""
"=""mã số thuế ykvn""","=""0""","=""0""","=""4""","=""Low""","=""false"""
"=""mã số thuế công ty tnhh ykk việt nam""","=""0""","=""0""","=""9""","=""Low""","=""false"""
"=""mã số thuế ybox""","=""0""","=""0""","=""4""","=""Low""","=""false"""
"=""mã số thuế youtube""","=""0""","=""0""","=""4""","=""Low""","=""false"""
"=""mã số thuế yola""","=""0""","=""0""","=""4""","=""Low""","=""false"""
"=""mã số thuế new york""","=""0""","=""0""","=""5""","=""Low""","=""false"""
"=""mã số thuế công ty youngone nam định""","=""0""","=""0""","=""8""","=""Low""","=""false"""
"=""mã số thuế yugeeks""","=""0""","=""0""","=""4""","=""Low""","=""false"""
"=""mã số thuế yuanta""","=""0""","=""0""","=""4""","=""Low""","=""false"""
"=""mã số thuế yuanta việt nam""","=""0""","=""0""","=""6""","=""Low""","=""false"""
"=""mã số thuế yusen""","=""0""","=""0""","=""4""","=""Low""","=""false"""
"=""mã số thuế cty yupoong""","=""0""","=""0""","=""5""","=""Low""","=""false"""
"=""mã số thuế công ty yupoong việt nam""","=""0""","=""0""","=""8""","=""Low""","=""false"""
"=""mã số thuế công ty yusen logistics""","=""0""","=""0""","=""7""","=""Low""","=""false"""
"=""mã số thuế yteco""","=""0""","=""0""","=""4""","=""Low""","=""false"""
"=""mã số thuế zalo""","=""0""","=""0""","=""4""","=""Low""","=""false"""
"=""mã số thuế zammart""","=""0""","=""0""","=""4""","=""Low""","=""false"""
"=""mã số thuế zee""","=""0""","=""0""","=""4""","=""Low""","=""false"""
"=""mã số thuế zema""","=""0""","=""0""","=""4""","=""Low""","=""false"""
"=""mã số thuế zena media""","=""0""","=""0""","=""5""","=""Low""","=""false"""
"=""mã số thuế zeit media""","=""0""","=""0""","=""5""","=""Low""","=""false"""
"=""mã số thuế zencorp""","=""0""","=""0""","=""4""","=""Low""","=""false"""
"=""mã số thuế new zealand""","=""0""","=""0""","=""5""","=""Low""","=""false"""
"=""mã số thuế zion""","=""0""","=""0""","=""4""","=""Low""","=""false"""
"=""mã số thuế zim""","=""0""","=""0""","=""4""","=""Low""","=""false"""
"=""mã số thuế zip""","=""0""","=""0""","=""4""","=""Low""","=""false"""
"=""mã số thuế zin""","=""0""","=""0""","=""4""","=""Low""","=""false"""
"=""mã số thuế anh ngữ zim""","=""0""","=""0""","=""6""","=""Low""","=""false"""
"=""mã số thuế công ty zuellig pharma""","=""0""","=""0""","=""7""","=""Low""","=""false"""
"=""mã số thuế công ty zubu""","=""0""","=""0""","=""6""","=""Low""","=""false"""
"=""mã số thuế orion""","=""0""","=""0""","=""4""","=""Low""","=""false"""
"=""mã số thuế one mount""","=""0""","=""0""","=""5""","=""Low""","=""false"""
"=""mã số thuế yên bái""","=""0""","=""0""","=""5""","=""Low""","=""false"""
"=""mã số thuế 370""","=""0""","=""0""","=""4""","=""Low""","=""false"""
"=""mã số thuế 37""","=""0""","=""0""","=""4""","=""Low""","=""false"""
"=""mã số thuế 36""","=""0""","=""0""","=""4""","=""Low""","=""false"""
"=""mã số thuế 3dthinking""","=""0""","=""0""","=""4""","=""Low""","=""false"""
"=""mã số thuế 360""","=""0""","=""0""","=""4""","=""Low""","=""false"""
"=""mã số thuế 3m""","=""0""","=""0""","=""4""","=""Low""","=""false"""
"=""mã số thuế 3600""","=""0""","=""0""","=""4""","=""Low""","=""false"""
"=""mã số thuế 300""","=""0""","=""0""","=""4""","=""Low""","=""false"""
"=""mã số thuế 2026 là gì""","=""0""","=""0""","=""6""","=""Low""","=""false"""
"=""mã số thuế 247express""","=""0""","=""0""","=""4""","=""Low""","=""false"""
"=""mã số thuế 247""","=""0""","=""0""","=""4""","=""Low""","=""false"""
"=""mã số thuế 2500""","=""0""","=""0""","=""4""","=""Low""","=""false"""
"=""mã số thuế 2700""","=""0""","=""0""","=""4""","=""Low""","=""false"""
"=""mã số thuế 2900""","=""0""","=""0""","=""4""","=""Low""","=""false"""
"=""mã số thuế 2400""","=""0""","=""0""","=""4""","=""Low""","=""false"""
"=""mã số thuế 2""","=""0""","=""0""","=""4""","=""Low""","=""false"""
"=""mã số thuế 14 số là gì""","=""0""","=""0""","=""7""","=""Low""","=""false"""
"=""mã số thuế 63 tỉnh""","=""0""","=""0""","=""5""","=""Low""","=""false"""
"=""mã số thuế 600""","=""0""","=""0""","=""4""","=""Low""","=""false"""
"=""mã số thuế cơ sở 6 thành phố hà nội""","=""0""","=""0""","=""10""","=""Low""","=""false"""
"=""mã số thuế lữ đoàn 657""","=""0""","=""0""","=""6""","=""Low""","=""false"""
"=""mã số thuế cơ sở 6""","=""0""","=""0""","=""6""","=""Low""","=""false"""
"=""mã số thuế trại giam số 6""","=""0""","=""0""","=""7""","=""Low""","=""false"""
"=""mã số thuế 4944 là gì""","=""0""","=""0""","=""6""","=""Low""","=""false"""
"=""mã số thuế 4944""","=""0""","=""0""","=""4""","=""Low""","=""false"""
"=""mã số thuế 4773""","=""0""","=""0""","=""4""","=""Low""","=""false"""
"=""mã số thuế 4931""","=""0""","=""0""","=""4""","=""Low""","=""false"""
"=""mã số thuế 4791""","=""0""","=""0""","=""4""","=""Low""","=""false"""
"=""mã số thuế 4649""","=""0""","=""0""","=""4""","=""Low""","=""false"""
"=""mã số thuế 4""","=""0""","=""0""","=""4""","=""Low""","=""false"""
"=""mã số thuế 4300""","=""0""","=""0""","=""4""","=""Low""","=""false"""
"=""mã số thuế 4610""","=""0""","=""0""","=""4""","=""Low""","=""false"""
"=""mã số thuế 410""","=""0""","=""0""","=""4""","=""Low""","=""false"""
"=""mã số thuế quận 7""","=""0""","=""0""","=""5""","=""Low""","=""false"""
"=""mã số thuế cơ sở 7""","=""0""","=""0""","=""6""","=""Low""","=""false"""
"=""mã số thuế 5s fashion""","=""0""","=""0""","=""5""","=""Low""","=""false"""
"=""mã số thuế 57""","=""0""","=""0""","=""4""","=""Low""","=""false"""
"=""mã số thuế 5610""","=""0""","=""0""","=""4""","=""Low""","=""false"""
"=""mã số thuế 030 506""","=""0""","=""0""","=""5""","=""Low""","=""false"""
"=""mã số thuế cơ sở 5 thành phố hà nội""","=""0""","=""0""","=""10""","=""Low""","=""false"""
"=""mã số thuế lữ đoàn 596""","=""0""","=""0""","=""6""","=""Low""","=""false"""
"=""mã số thuế sư đoàn 5""","=""0""","=""0""","=""6""","=""Low""","=""false"""
"=""mã số thuế sông đà 5""","=""0""","=""0""","=""6""","=""Low""","=""false"""
"=""mã số thuế 888 có cần đóng không""","=""0""","=""0""","=""8""","=""Low""","=""false"""
"=""mã số thuế như thế nào là hợp lệ""","=""0""","=""0""","=""9""","=""Low""","=""false"""
"=""mã số thuế 9pay""","=""0""","=""0""","=""4""","=""Low""","=""false"""
"=""mã số thuế 999""","=""0""","=""0""","=""4""","=""Low""","=""false"""
"=""mã số thuế 9622""","=""0""","=""0""","=""4""","=""Low""","=""false"""
"=""mã số thuế 9631""","=""0""","=""0""","=""4""","=""Low""","=""false"""
"=""mã số thuế 99 gold data""","=""0""","=""0""","=""6""","=""Low""","=""false"""
"=""mã số thuế 9621""","=""0""","=""0""","=""4""","=""Low""","=""false"""
"=""mã số thuế 9 số""","=""0""","=""0""","=""5""","=""Low""","=""false"""
"=""mã số thuế đoàn 92""","=""0""","=""0""","=""5""","=""Low""","=""false"""
"=""mã số thuế là gì vậy""","=""0""","=""0""","=""6""","=""Low""","=""false"""
"=""mã số thuế là gì ví dụ""","=""0""","=""0""","=""7""","=""Low""","=""false"""
"=""mã số thuế là thế nào""","=""0""","=""0""","=""6""","=""Low""","=""false"""
"=""mã số thuế tra như thế nào""","=""0""","=""0""","=""7""","=""Low""","=""false"""
"=""mã số thuế lấy như thế nào""","=""0""","=""0""","=""7""","=""Low""","=""false"""
"=""mã số thuế trông như thế nào""","=""0""","=""0""","=""7""","=""Low""","=""false"""
"=""mã số thuế dài bao nhiêu""","=""0""","=""0""","=""6""","=""Low""","=""false"""
"=""mã số thuế có bao nhiêu""","=""0""","=""0""","=""6""","=""Low""","=""false"""
"=""mã số thuế tối đa bao nhiêu ký tự""","=""0""","=""0""","=""9""","=""Low""","=""false"""
"=""mã số thuế doanh nghiệp bao nhiêu ký tự""","=""0""","=""0""","=""9""","=""Low""","=""false"""
"=""mã số thuế đang rà soát là sao""","=""0""","=""0""","=""8""","=""Low""","=""false"""
"=""mã số thuế có thể thay đổi không""","=""0""","=""0""","=""8""","=""Low""","=""false"""
"=""mã số thuế có thể là số cccd không""","=""0""","=""0""","=""9""","=""Low""","=""false"""
"=""mã số thuế từ bao nhiêu tuổi""","=""0""","=""0""","=""7""","=""Low""","=""false"""
"=""mã số thuế từ 2025""","=""0""","=""0""","=""5""","=""Low""","=""false"""
"=""mã số thuế từ 01 07""","=""0""","=""0""","=""6""","=""Low""","=""false"""
"=""mã số thuế từ tháng 7""","=""0""","=""0""","=""6""","=""Low""","=""false"""
"=""mã số thuế phụ thuộc của địa điểm kinh doanh""","=""0""","=""0""","=""10""","=""Low""","=""false"""
"=""mã số thuế cho người dưới 18 tuổi""","=""0""","=""0""","=""8""","=""Low""","=""false"""
"=""mã số thuế của người dưới 18 tuổi""","=""0""","=""0""","=""8""","=""Low""","=""false"""
"=""mã số thuế người phụ thuộc dưới 18 tuổi""","=""0""","=""0""","=""9""","=""Low""","=""false"""
"=""mã số thuế có phải là mã số bhxh không""","=""0""","=""0""","=""10""","=""Low""","=""false"""
"=""mã số thuế với mã số hộ kinh doanh""","=""0""","=""0""","=""9""","=""Low""","=""false"""
"=""mã số thuế với cccd""","=""0""","=""0""","=""5""","=""Low""","=""false"""
"=""mã số thuế với mã số bhxh có giống nhau không""","=""0""","=""0""","=""11""","=""Low""","=""false"""
"=""mã số thuế với giấy phép kinh doanh""","=""0""","=""0""","=""8""","=""Low""","=""false"""
"=""mã số thuế trùng với đăng ký kinh doanh""","=""0""","=""0""","=""9""","=""Low""","=""false"""
"=""mã số thuế gộp với cccd""","=""0""","=""0""","=""6""","=""Low""","=""false"""
"=""mã số thuế giống với cccd""","=""0""","=""0""","=""6""","=""Low""","=""false"""
"=""mã số thuế trong tiếng trung""","=""0""","=""0""","=""6""","=""Low""","=""false"""
"=""mã số thuế trong vneid""","=""0""","=""0""","=""5""","=""Low""","=""false"""
"=""mã số thuế trong facebook là gì""","=""0""","=""0""","=""7""","=""Low""","=""false"""
"=""mã số thuế trong giấy đăng ký hộ kinh doanh""","=""0""","=""0""","=""10""","=""Low""","=""false"""
"=""mã số thuế trong tiếng nhật""","=""0""","=""0""","=""6""","=""Low""","=""false"""
"=""mã số thuế trong tiếng hàn""","=""0""","=""0""","=""6""","=""Low""","=""false"""
"=""mã số thuế trong shopee""","=""0""","=""0""","=""5""","=""Low""","=""false"""
"=""mã số thuế ăn cùng bà tuyết""","=""0""","=""0""","=""7""","=""Low""","=""false"""
"=""mã số thuế để đăng ký shopee""","=""0""","=""0""","=""7""","=""Low""","=""false"""
"=""mã số thuế để đăng ký xe""","=""0""","=""0""","=""7""","=""Low""","=""false"""
"=""mã số thuế để bán hàng trên shopee""","=""0""","=""0""","=""8""","=""Low""","=""false"""
"=""mã số thuế để đăng nhập etax mobile""","=""0""","=""0""","=""8""","=""Low""","=""false"""
"=""mã số thuế để đăng ký etax mobile""","=""0""","=""0""","=""8""","=""Low""","=""false"""
"=""mã số thuế không hoạt động""","=""0""","=""0""","=""6""","=""Low""","=""false"""
"=""mã số thuế dành cho ai""","=""0""","=""0""","=""6""","=""Low""","=""false"""
"=""mã số thuế 888 dành cho ai""","=""0""","=""0""","=""7""","=""Low""","=""false"""
"=""mã số thuế cho thuê bất động sản""","=""0""","=""0""","=""8""","=""Low""","=""false"""
"=""mã số thuế làm sao để có""","=""0""","=""0""","=""7""","=""Low""","=""false"""
"=""mã số thuế làm affiliate""","=""0""","=""0""","=""5""","=""Low""","=""false"""
"=""mã số thuế làm online được không""","=""0""","=""0""","=""7""","=""Low""","=""false"""
"=""mã số thuế làm sao""","=""0""","=""0""","=""5""","=""Low""","=""false"""
"=""mã số thuế làm hộ chiếu""","=""0""","=""0""","=""6""","=""Low""","=""false"""
"=""mã số thuế không có""","=""0""","=""0""","=""5""","=""Low""","=""false"""
"=""mã số thuế không có dấu gạch ngang""","=""0""","=""0""","=""8""","=""Low""","=""false"""
"=""mã số thuế không có đuôi 001""","=""0""","=""0""","=""7""","=""Low""","=""false"""
"=""mã số thuế không có đuôi""","=""0""","=""0""","=""6""","=""Low""","=""false"""
"=""mã số thuế chi nhánh không có dấu gạch ngang""","=""0""","=""0""","=""10""","=""Low""","=""false"""
"=""tra cứu mã số thuế""","=""550000""","=""0.01""","=""5""","=""Low""","=""false"""
"=""tra cuu ma số thuế""","=""550000""","=""0.01""","=""5""","=""Low""","=""false"""
"=""tra cuu mã sô thuế""","=""550000""","=""0.01""","=""5""","=""Low""","=""false"""
"=""tra cuu ma so thue""","=""201000""","=""0.05""","=""5""","=""Low""","=""false"""
"=""tra cuu mã số thuế cá nhân""","=""201000""","=""0.01""","=""7""","=""Low""","=""false"""
"=""tra cuuws mã số thuế cá nhân""","=""201000""","=""0.01""","=""7""","=""Low""","=""false"""
"=""tra ma số thuế""","=""74000""","=""0.01""","=""4""","=""Low""","=""false"""
"=""tra mã sô thuế""","=""74000""","=""0.01""","=""4""","=""Low""","=""false"""
"=""tra mã số thuế""","=""74000""","=""0.01""","=""4""","=""Low""","=""false"""
"=""tra ma số thuế cá nhân""","=""60500""","=""0.01""","=""6""","=""Low""","=""false"""
"=""tra mã số thuế cá nhân""","=""60500""","=""0.01""","=""6""","=""Low""","=""false"""
"=""tra cuu ma so thue ca nhan""","=""33100""","=""0.01""","=""7""","=""Low""","=""false"""
"=""tra cuu mã số thuế doanh nghiệp""","=""33100""","=""0.03""","=""7""","=""Low""","=""true"""
"=""tra cứu mã số thuế cá nhan""","=""33100""","=""0.03""","=""7""","=""Low""","=""true"""
"=""tra cứu mã số thue thu nhap ca nhan""","=""22200""","=""0""","=""9""","=""Low""","=""false"""
"=""tra cứu mã số thuê cá nhân online""","=""18100""","=""0.1""","=""8""","=""Low""","=""false"""
"=""cách tra mã số thuế cá nhân""","=""14800""","=""0.01""","=""7""","=""Low""","=""false"""
"=""đăng ký mã số thuế cá nhân""","=""9900""","=""0.02""","=""7""","=""Low""","=""false"""
"=""dang ky mã số thuế cá nhân""","=""9900""","=""0.02""","=""7""","=""Low""","=""false"""
"=""tra cứu mã số thuế cá nhân masothue""","=""9900""","=""0""","=""8""","=""Low""","=""false"""
"=""kiểm tra mã sô thuế cá nhân""","=""8100""","=""0.01""","=""7""","=""Low""","=""false"""
"=""tra cuu ma so thue cá nhan""","=""8100""","=""0.01""","=""7""","=""Low""","=""false"""
"=""tra cuu ma so thue doanh nghiep""","=""8100""","=""0.01""","=""7""","=""Low""","=""false"""
"=""tra ma so thue ca nhan""","=""8100""","=""0.01""","=""6""","=""Low""","=""false"""
"=""kiểm tra mã số thuế""","=""8100""","=""0.01""","=""5""","=""Low""","=""false"""
"=""cách tra cứu mã số thuê cá nhân""","=""6600""","=""0.01""","=""8""","=""Low""","=""false"""
"=""cách tra cứu mã số thuế cá nhân""","=""6600""","=""0.01""","=""8""","=""Low""","=""false"""
"=""kiểm tra mã số thuê cá nhân""","=""6600""","=""0.01""","=""7""","=""Low""","=""false"""
"=""tra cứu mã số thuế hộ kinh doanh""","=""6600""","=""0.01""","=""8""","=""Low""","=""false"""
"=""tra ma so thue""","=""6600""","=""0""","=""4""","=""Low""","=""false"""
"=""cách đăng ký mã số thuế cá nhân""","=""5400""","=""0.01""","=""8""","=""Low""","=""false"""
"=""cách đăng ký mã sô thuê cá nhân""","=""5400""","=""0.01""","=""8""","=""Low""","=""false"""
"=""tra cuu ma so thue thu nhap ca nhan""","=""5400""","=""0""","=""9""","=""Low""","=""false"""
"=""tra cuu mã số thuế thu nhập cá nhân""","=""5400""","=""0.01""","=""9""","=""Low""","=""false"""
"=""tra mã số thuế doanh nghiệp""","=""5400""","=""0.04""","=""6""","=""Low""","=""true"""
"=""đăng ký mã số thuế cá nhân online""","=""4400""","=""0.47""","=""8""","=""Low""","=""false"""
"=""cách tra mã số thuế""","=""3600""","=""0.01""","=""5""","=""Low""","=""false"""
"=""tra cứu mã số thuế online""","=""3600""","=""0.01""","=""6""","=""Low""","=""true"""
"=""tra mã số thuế cá nhân bằng cmnd""","=""2900""","=""0""","=""8""","=""Low""","=""false"""
"=""tra mã số thuế công ty""","=""2900""","=""0.03""","=""6""","=""Low""","=""false"""
"=""cách tra cứu mã số thuế""","=""2400""","=""0.01""","=""6""","=""Low""","=""false"""
"=""tra cuu ma so thue cong ty""","=""2400""","=""0""","=""7""","=""Low""","=""false"""
"=""tra mã số thuế tncn""","=""2400""","=""0.01""","=""5""","=""Low""","=""false"""
"=""đăng ký mã sô thuế cá nhân""","=""2400""","=""0.01""","=""7""","=""Low""","=""false"""
"=""đăng ký mã số thuế""","=""2400""","=""0.01""","=""5""","=""Low""","=""false"""
"=""cách kiểm tra mã số thuê cá nhân""","=""1900""","=""0.01""","=""8""","=""Low""","=""false"""
"=""tra cứu mã số thuế công ty cá nhân masothue""","=""1900""","=""0""","=""10""","=""Low""","=""false"""
"=""tra mã số thuế hộ kinh doanh""","=""1900""","=""0.01""","=""7""","=""Low""","=""false"""
"=""tim mã số thuế""","=""1600""","=""0.01""","=""4""","=""Low""","=""false"""
"=""tra cuu ma so thue cty""","=""1600""","=""0""","=""6""","=""Low""","=""false"""
"=""tra cứu mã số thuế người phụ thuộc""","=""1600""","=""0""","=""8""","=""Low""","=""false"""
"=""tra cứu mã số thuế tổng cục thuế""","=""1600""","=""0""","=""8""","=""Low""","=""false"""
"=""tra mã số thuế thu nhập cá nhân""","=""1600""","=""0.01""","=""8""","=""Low""","=""false"""
"=""cách đăng ký mã số thuế cá nhân online""","=""1300""","=""0""","=""9""","=""Low""","=""false"""
"=""kiem tra ma so thue""","=""1300""","=""0""","=""5""","=""Low""","=""false"""
"=""tra cứu ngành nghề kinh doanh theo mã số thuế""","=""1300""","=""0.01""","=""10""","=""Low""","=""false"""
"=""tra cứu thông tin doanh nghiệp qua mã số thuế""","=""1300""","=""0""","=""10""","=""Low""","=""false"""
"=""tra cứu thông tin mã số thuế""","=""1300""","=""0""","=""7""","=""Low""","=""false"""
"=""cách tra ma so thue ca nhan""","=""1000""","=""0.01""","=""7""","=""Low""","=""false"""
"=""kiểm tra ma so thue ca nhan""","=""1000""","=""0.01""","=""7""","=""Low""","=""false"""
"=""đăng ký mã sô thuế cá nhân online""","=""1000""","=""0.01""","=""8""","=""Low""","=""false"""
"=""đăng ký mã số thuế cho thuê tài sản""","=""1000""","=""0.01""","=""9""","=""Low""","=""false"""
"=""đăng ký mã số thuế cá nhân lần đầu""","=""1000""","=""0""","=""9""","=""Low""","=""false"""
"=""đăng ký mã số thuế online""","=""1000""","=""0.01""","=""6""","=""Low""","=""false"""
"=""cách tra cứu mã số thuế thu nhập cá nhân""","=""880""","=""0.01""","=""10""","=""Low""","=""false"""
"=""cách đăng ký mã số thuế""","=""880""","=""0.01""","=""6""","=""Low""","=""false"""
"=""tra cứu mã số thuế cá nhân bằng căn cước""","=""880""","=""0.02""","=""10""","=""Low""","=""false"""
"=""tra cữu mã số thuế""","=""880""","=""0""","=""5""","=""Low""","=""false"""
"=""tra mã số thuế cá nhân online""","=""880""","=""0""","=""7""","=""Low""","=""false"""
"=""tra cuus mã số thuế""","=""880""","=""0""","=""5""","=""Low""","=""false"""
"=""cách kiểm tra mã số thuế""","=""720""","=""0.01""","=""6""","=""Low""","=""false"""
"=""cách tra mã số thuế thu nhập cá nhân""","=""720""","=""0.01""","=""9""","=""Low""","=""false"""
"=""dang ky ma so thue""","=""720""","=""0""","=""5""","=""Low""","=""false"""
"=""tra cuu ma so thue online""","=""720""","=""0""","=""6""","=""Low""","=""false"""
"=""tra cứu mã số thuế cty""","=""720""","=""0""","=""6""","=""Low""","=""false"""
"=""tra mã số thuê""","=""720""","=""0""","=""4""","=""Low""","=""false"""
"=""cách tra mã số thuế của cá nhân""","=""590""","=""0""","=""8""","=""Low""","=""false"""
"=""cách đăng ký ma so thue ca nhan""","=""590""","=""0.01""","=""8""","=""Low""","=""false"""
"=""hướng dẫn đăng ký mã số thuế cá nhân""","=""590""","=""0""","=""9""","=""Low""","=""false"""
"=""kiểm tra mã số thuế doanh nghiệp""","=""590""","=""0.03""","=""7""","=""Low""","=""true"""
"=""tim ma so thue""","=""590""","=""0""","=""4""","=""Low""","=""false"""
"=""tra cứu mã số thuế bằng căn cước công dân""","=""590""","=""0""","=""10""","=""Low""","=""false"""
"=""tra mã số thuế bằng căn cước công dân""","=""590""","=""0""","=""9""","=""Low""","=""false"""
"=""tra mã số thuế cty""","=""590""","=""0""","=""5""","=""Low""","=""false"""
"=""tra mã số thuế online""","=""590""","=""0""","=""5""","=""Low""","=""false"""
"=""chưa có mã số thuế cá nhân""","=""480""","=""0""","=""7""","=""Low""","=""false"""
"=""cách làm mã số thuế cá nhân""","=""480""","=""0""","=""7""","=""Low""","=""false"""
"=""làm mã số thuế cá nhân""","=""480""","=""0""","=""6""","=""Low""","=""false"""
"=""thủ tục đóng mã số thuế hộ kinh doanh""","=""480""","=""0.35""","=""9""","=""Low""","=""false"""
"=""tra cuu ma so thue ca nhan online""","=""480""","=""0""","=""8""","=""Low""","=""false"""
"=""tra cuu thong tin ma so thue""","=""480""","=""0""","=""7""","=""Low""","=""false"""
"=""tra cứu doanh nghiệp theo mã số thuế""","=""480""","=""0.04""","=""8""","=""Low""","=""false"""
"=""tra mã số thuế của cá nhân""","=""480""","=""0""","=""7""","=""Low""","=""false"""
"=""chấm dứt hiệu lực mã số thuế""","=""390""","=""0""","=""7""","=""Low""","=""true"""
"=""hướng dẫn tra cứu mã số thuế cá nhân""","=""390""","=""0.01""","=""9""","=""Low""","=""false"""
"=""kiểm tra mã số thuế cong ty""","=""390""","=""0""","=""7""","=""Low""","=""false"""
"=""kiểm tra mã số thuế hộ kinh doanh""","=""390""","=""0""","=""8""","=""Low""","=""false"""
"=""tim ma so thue ca nhan""","=""390""","=""0""","=""6""","=""Low""","=""false"""
"=""tra cuu ma so thue ho kinh doanh""","=""390""","=""0""","=""8""","=""Low""","=""false"""
"=""tra cuwus mã số thuế cá nhân""","=""390""","=""0""","=""7""","=""Low""","=""false"""
"=""tra cứu mã số thuế cá nhân tổng cục thuế""","=""390""","=""0""","=""10""","=""Low""","=""false"""
"=""tra cứu mã số thuế hộ kinh doanh cá nhân""","=""390""","=""0""","=""10""","=""Low""","=""false"""
"=""tra cứu ngày cấp mã số thuế""","=""390""","=""0""","=""7""","=""Low""","=""false"""
"=""tra cứu thông tin mã số thuế cá nhân""","=""390""","=""0""","=""9""","=""Low""","=""false"""
"=""cách coi mã số thuế cá nhân""","=""320""","=""0.01""","=""7""","=""Low""","=""false"""
"=""dò mã số thuế""","=""320""","=""0""","=""4""","=""Low""","=""false"""
"=""dò mã số thuế cá nhân""","=""320""","=""0.01""","=""6""","=""Low""","=""false"""
"=""hủy mã số thuế cá nhân online""","=""320""","=""0""","=""7""","=""Low""","=""false"""
"=""kiểm tra mã số thuế thu nhập cá nhân""","=""320""","=""0""","=""9""","=""Low""","=""false"""
"=""thông tin mã số thuế""","=""320""","=""0""","=""5""","=""Low""","=""false"""
"=""thủ tục đóng mã số thuế""","=""320""","=""0.5""","=""6""","=""Low""","=""true"""
"=""thủ tục đóng mã số thuế hộ kinh doanh online""","=""320""","=""0.61""","=""10""","=""Low""","=""false"""
"=""tra cuu ma so thuê""","=""320""","=""0""","=""5""","=""Low""","=""false"""
"=""tra cuu ma so thuế""","=""320""","=""0""","=""5""","=""Low""","=""false"""
"=""tra cứu mã số thuế ca nhân""","=""320""","=""0""","=""7""","=""Low""","=""false"""
"=""tra cứu mã số thuế cá nhân bằng cmnd""","=""320""","=""0""","=""9""","=""Low""","=""false"""
"=""tra cứu mã số thuế hộ kinh doanh cá thể""","=""320""","=""0""","=""10""","=""Low""","=""false"""
"=""tra cứu ngày cấp mã số thuế cá nhân""","=""320""","=""0""","=""9""","=""Low""","=""false"""
"=""tra cứu thông tin doanh nghiệp theo mã số thuế""","=""320""","=""0""","=""10""","=""Low""","=""true"""
"=""tra thông tin mã số thuế""","=""320""","=""0""","=""6""","=""Low""","=""false"""
"=""cách hủy mã số thuế cá nhân""","=""260""","=""0""","=""7""","=""Low""","=""false"""
"=""cách tra cứu mã số thuế hộ kinh doanh""","=""260""","=""0.01""","=""9""","=""Low""","=""false"""
"=""cách tra cứu mã số thuế người phụ thuộc""","=""260""","=""0""","=""9""","=""Low""","=""false"""
"=""cách tra mã số thuế hộ kinh doanh""","=""260""","=""0""","=""8""","=""Low""","=""false"""
"=""hủy mã số thuế cá nhân""","=""260""","=""0""","=""6""","=""Low""","=""false"""
"=""thủ tục đóng mã số thuế cá nhân online""","=""260""","=""0""","=""9""","=""Low""","=""false"""
"=""tra cứu doanh nghiệp qua mã số thuế""","=""260""","=""0""","=""8""","=""Low""","=""false"""
"=""tra cứu mã số thuế của doanh nghiệp""","=""260""","=""0""","=""8""","=""Low""","=""false"""
"=""tra cứu mã số thuế theo căn cước công dân""","=""260""","=""0""","=""10""","=""Low""","=""false"""
"=""tra cứu thông tin công ty qua mã số thuế""","=""260""","=""0""","=""10""","=""Low""","=""false"""
"=""tra mã số thuế hộ kinh doanh cá thể""","=""260""","=""0""","=""9""","=""Low""","=""false"""
"=""tra mã số thuế người phụ thuộc""","=""260""","=""0""","=""7""","=""Low""","=""false"""
"=""đóng mã số thuế""","=""260""","=""0.71""","=""4""","=""Low""","=""false"""
"=""đăng ký mã số thuế hộ kinh doanh""","=""210""","=""0.4""","=""8""","=""Low""","=""false"""
"=""coi mã số thuế cá nhân""","=""210""","=""0.01""","=""6""","=""Low""","=""false"""
"=""cách đăng ký mã số thuế hộ kinh doanh online""","=""210""","=""0.37""","=""10""","=""Low""","=""false"""
"=""cách đăng ký mã số thuế online""","=""210""","=""0""","=""7""","=""Low""","=""false"""
"=""có 2 mã số thuế cá nhân""","=""210""","=""0""","=""7""","=""Low""","=""false"""
"=""cấp mã số thuế cá nhân""","=""210""","=""0""","=""6""","=""Low""","=""false"""
"=""không có mã số thuế cá nhân""","=""210""","=""0""","=""7""","=""Low""","=""false"""
"=""kiem tra ma so thue ca nhan""","=""210""","=""0""","=""7""","=""Low""","=""false"""
"=""kiểm tra mã số thuế online""","=""210""","=""0""","=""6""","=""Low""","=""false"""
"=""lây mã số thuế""","=""210""","=""0""","=""4""","=""Low""","=""false"""
"=""mở mã số thuế cá nhân""","=""210""","=""0""","=""6""","=""Low""","=""false"""
"=""thủ tục đóng mã số thuế doanh nghiệp""","=""210""","=""0.46""","=""8""","=""Low""","=""true"""
"=""tncnonline tra cứu mã số thuế cá nhân""","=""210""","=""0""","=""8""","=""Low""","=""true"""
"=""tra cứu công ty theo mã số thuế""","=""210""","=""0""","=""8""","=""Low""","=""false"""
"=""tra cứu mã số thuế bằng cmnd""","=""210""","=""0""","=""7""","=""Low""","=""false"""
"=""tra cứu mã số thuế doanh nghiệp online""","=""210""","=""0""","=""8""","=""Low""","=""false"""
"=""tra cứu mã số thuế đất phi nông nghiệp""","=""210""","=""0""","=""9""","=""Low""","=""false"""
"=""tra cứu thông tin doanh nghiệp bằng mã số thuế""","=""210""","=""0""","=""10""","=""Low""","=""false"""
"=""tra mã số thuế ca nhân""","=""210""","=""0""","=""6""","=""Low""","=""false"""
"=""tra thông tin mã số thuế cá nhân""","=""210""","=""0""","=""8""","=""Low""","=""false"""
"=""đóng mã số thuế cá nhân""","=""210""","=""0""","=""6""","=""Low""","=""false"""
"=""đăng ký mã số thuế cho cá nhân""","=""210""","=""0""","=""8""","=""Low""","=""false"""
"=""đăng ký mã số thuế thu nhập cá nhân""","=""210""","=""0""","=""9""","=""Low""","=""false"""
"=""chấm dứt hiệu lực mã số thuế hộ kinh doanh""","=""170""","=""0""","=""10""","=""Low""","=""true"""
"=""cách làm mã số thuế""","=""170""","=""0""","=""5""","=""Low""","=""false"""
"=""cách làm mã số thuế cá nhân online""","=""170""","=""0""","=""8""","=""Low""","=""false"""
"=""hướng dẫn tra mã số thuế cá nhân""","=""170""","=""0.01""","=""8""","=""Low""","=""false"""
"=""hướng dẫn đăng ký mã số thuế cá nhân online""","=""170""","=""0""","=""10""","=""Low""","=""false"""
"=""kiểm tra mã số thuế cá nhân bằng cmnd""","=""170""","=""0""","=""9""","=""Low""","=""false"""
"=""người phụ thuộc có 2 mã số thuế""","=""170""","=""0""","=""8""","=""Low""","=""false"""
"=""thủ tục chấm dứt hiệu lực mã số thuế""","=""170""","=""1.33""","=""9""","=""Low""","=""true"""
"=""tra công ty theo mã số thuế""","=""170""","=""0""","=""7""","=""Low""","=""false"""
"=""tra cứu mã số thuế của cá nhân""","=""170""","=""0""","=""8""","=""Low""","=""false"""
"=""tra cứu mã số thuế của hộ kinh doanh""","=""170""","=""0""","=""9""","=""Low""","=""false"""
"=""tra cứu mã số thuế kinh doanh""","=""170""","=""0""","=""7""","=""Low""","=""false"""
"=""tra ma so thuế""","=""170""","=""0""","=""4""","=""Low""","=""false"""
"=""đăng ký mã số thuế cá nhân kinh doanh""","=""170""","=""0""","=""9""","=""Low""","=""true"""
"=""đăng ký mã số thuế tncn""","=""170""","=""0""","=""6""","=""Low""","=""false"""
"=""cách tra mã số thuế công ty""","=""140""","=""0""","=""7""","=""Low""","=""false"""
"=""cách tra mã số thuế người phụ thuộc""","=""140""","=""0""","=""8""","=""Low""","=""false"""
"=""cách đăng ký mã số thuê thu nhập cá nhân""","=""140""","=""0""","=""10""","=""Low""","=""false"""
"=""cách đăng ký mã số thuế thu nhập cá nhân""","=""140""","=""0""","=""10""","=""Low""","=""false"""
"=""dang ky ma so thue ca nhan""","=""140""","=""0""","=""7""","=""Low""","=""false"""
"=""giấy chứng nhận đăng ký mã số thuế""","=""140""","=""0""","=""8""","=""Low""","=""false"""
"=""hướng dẫn tra cứu mã số thuế""","=""140""","=""0.01""","=""7""","=""Low""","=""false"""
"=""hướng dẫn đăng ký mã số thuế""","=""140""","=""0""","=""7""","=""Low""","=""false"""
"=""kiem tra mã số thuế""","=""140""","=""0""","=""5""","=""Low""","=""false"""
"=""làm mã số thuế cá nhân online""","=""140""","=""0""","=""7""","=""Low""","=""false"""
"=""mở mã số thuế cá nhân online""","=""140""","=""0""","=""7""","=""Low""","=""false"""
"=""tra cuu ma so thue thu nhap ca nhan online""","=""140""","=""0""","=""10""","=""Low""","=""false"""
"=""tra cứu mã số thuế của người phụ thuộc""","=""140""","=""0""","=""9""","=""Low""","=""false"""
"=""tra cứu thông tin mã số thuế doanh nghiệp""","=""140""","=""0""","=""9""","=""Low""","=""false"""
"=""tra ma so thue cong ty""","=""140""","=""0""","=""6""","=""Low""","=""false"""
"=""tra ma so thue doanh nghiep""","=""140""","=""0""","=""6""","=""Low""","=""false"""
"=""tra mã so thue""","=""140""","=""0""","=""4""","=""Low""","=""false"""
"=""tra mã số thuê cá nhân""","=""140""","=""0""","=""6""","=""Low""","=""false"""
"=""tra mã số thuế bằng cmnd""","=""140""","=""0""","=""6""","=""Low""","=""false"""
"=""tra mã số thuế cá nhan""","=""140""","=""0""","=""6""","=""Low""","=""false"""
"=""trang tra cứu mã số thuế""","=""140""","=""0""","=""6""","=""Low""","=""false"""
"=""đăng ký mã số thuế cho người lao động""","=""140""","=""0""","=""9""","=""Low""","=""false"""
"=""đăng ký mã số thuế cho người phụ thuộc""","=""140""","=""0""","=""9""","=""Low""","=""false"""
"=""đăng ký mã số thuế cá nhân cho nhân viên""","=""140""","=""0""","=""10""","=""Low""","=""false"""
"=""đăng ký mã số thuế hộ kinh doanh online""","=""140""","=""0""","=""9""","=""Low""","=""false"""
"=""đề nghị chấm dứt hiệu lực mã số thuế""","=""140""","=""0""","=""9""","=""Low""","=""false"""
"=""cách hủy mã số thuế cá nhân online""","=""110""","=""0""","=""8""","=""Low""","=""false"""
"=""cách tra mã số thuế doanh nghiệp""","=""110""","=""0""","=""7""","=""Low""","=""false"""
"=""cách tra mã số thuế tncn""","=""110""","=""0.01""","=""6""","=""Low""","=""false"""
"=""cách đóng mã số thuế cá nhân""","=""110""","=""0""","=""7""","=""Low""","=""false"""
"=""cách đăng ký mã số thuế cá nhân trên htkk""","=""110""","=""0""","=""10""","=""Low""","=""false"""
"=""giấy chứng nhận mã số thuế""","=""110""","=""0""","=""6""","=""Low""","=""false"""
"=""huong dan dang ky ma so thue ca nhan""","=""110""","=""0""","=""9""","=""Low""","=""false"""
"=""hủy mã số thuế online""","=""110""","=""0""","=""5""","=""Low""","=""false"""
"=""kiểm tra mã số thuế cá nhân online""","=""110""","=""0""","=""8""","=""Low""","=""false"""
"=""ngày cấp mã số thuế""","=""110""","=""0""","=""5""","=""Low""","=""false"""
"=""thay đổi thông tin mã số thuế cá nhân""","=""110""","=""0""","=""9""","=""Low""","=""false"""
"=""thông báo chấm dứt hiệu lực mã số thuế""","=""110""","=""0""","=""9""","=""Low""","=""true"""
"=""thông tin mã số thuế cá nhân""","=""110""","=""0""","=""7""","=""Low""","=""false"""
"=""thủ tục đóng mã số thuế cá nhân""","=""110""","=""0""","=""8""","=""Low""","=""false"""
"=""tra cuu ma so thue nguoi phu thuoc""","=""110""","=""0""","=""8""","=""Low""","=""false"""
"=""tra cuu thong tin ma so thue ca nhan""","=""110""","=""0""","=""9""","=""Low""","=""false"""
"=""tra cứu doanh nghiệp bằng mã số thuế""","=""110""","=""0""","=""8""","=""Low""","=""false"""
"=""tra cứu mã số thuế cá""","=""110""","=""0""","=""6""","=""Low""","=""false"""
"=""tra cứu mã số thuế thu nhập cá nhân online""","=""110""","=""0""","=""10""","=""Low""","=""false"""
"=""tra cứu ngành nghề kinh doanh qua mã số thuế""","=""110""","=""0""","=""10""","=""Low""","=""true"""
"=""tra mã số thuế theo căn cước công dân""","=""110""","=""0""","=""9""","=""Low""","=""false"""
"=""tra thông tin công ty qua mã số thuế""","=""110""","=""0""","=""9""","=""Low""","=""false"""
"=""trang tra cứu mã số thuế cá nhân""","=""110""","=""0""","=""8""","=""Low""","=""false"""
"=""tờ khai đăng ký mã số thuế cá nhân""","=""110""","=""0""","=""9""","=""Low""","=""true"""
"=""đăng ký mã số thuế cho thuê nhà""","=""110""","=""0""","=""8""","=""Low""","=""false"""
"=""đăng ký mã số thuế nhà thầu""","=""110""","=""0""","=""7""","=""Low""","=""true"""
"=""đăng ký mã số thuế thu nhập cá nhân online""","=""110""","=""0""","=""10""","=""Low""","=""false"""
"=""đăng ký người phụ thuộc đã có mã số thuế""","=""110""","=""0""","=""10""","=""Low""","=""false"""
"=""tra mã số thuế cccd""","=""110""","=""0""","=""5""","=""Low""","=""false"""
"=""khôi phục mã số thuế online""","=""110""","=""0""","=""6""","=""Low""","=""false"""
"=""chấm dứt mã số thuế""","=""90""","=""0""","=""5""","=""Low""","=""true"""
"=""các tra mã số thuế cá nhân""","=""90""","=""0.01""","=""7""","=""Low""","=""false"""
"=""cách coi mã số thuế""","=""90""","=""0.01""","=""5""","=""Low""","=""false"""
"=""cách có mã số thuế cá nhân""","=""90""","=""0""","=""7""","=""Low""","=""true"""
"=""cách kiểm tra mã số thuế hộ kinh doanh""","=""90""","=""0""","=""9""","=""Low""","=""false"""
"=""cách mở mã số thuế cá nhân""","=""90""","=""0""","=""7""","=""Low""","=""false"""
"=""cách tra cứu mã số thuế doanh nghiệp""","=""90""","=""0""","=""8""","=""Low""","=""true"""
"=""cách tra cứu mã số thuế tncn""","=""90""","=""0""","=""7""","=""Low""","=""false"""
"=""cách đóng mã số thuế cá nhân online""","=""90""","=""0""","=""8""","=""Low""","=""false"""
"=""kiểm tra mã số thuế người phụ thuộc""","=""90""","=""0""","=""8""","=""Low""","=""false"""
"=""làm mã số thuế""","=""90""","=""0""","=""4""","=""Low""","=""false"""
"=""masothue com tra cuu ma so thue ca nhan""","=""90""","=""0""","=""9""","=""Low""","=""false"""
"=""ngày cấp mã số thuế cá nhân""","=""90""","=""0""","=""7""","=""Low""","=""false"""
"=""thay đổi mã số thuế cá nhân""","=""90""","=""0""","=""7""","=""Low""","=""false"""
"=""thông tin doanh nghiệp qua mã số thuế""","=""90""","=""0""","=""8""","=""Low""","=""false"""
"=""thủ tục đăng ký mã số thuế cá nhân""","=""90""","=""0""","=""9""","=""Low""","=""false"""
"=""tra cuu ma so thue ca nhân""","=""90""","=""0""","=""7""","=""Low""","=""false"""
"=""tra cứu công ty qua mã số thuế""","=""90""","=""0""","=""8""","=""Low""","=""false"""
"=""tra cứu mã số thuế ca nhan""","=""90""","=""0""","=""7""","=""Low""","=""false"""
"=""tra ngày cấp mã số thuế""","=""90""","=""0""","=""6""","=""Low""","=""false"""
"=""tra số mã số thuế cá nhân""","=""90""","=""0""","=""7""","=""Low""","=""false"""
"=""tra thông tin doanh nghiệp qua mã số thuế""","=""90""","=""0""","=""9""","=""Low""","=""false"""
"=""đóng mã số thuế doanh nghiệp""","=""90""","=""0.66""","=""6""","=""Low""","=""true"""
"=""đăng ký mã số thuế cho người nước ngoài""","=""90""","=""0""","=""9""","=""Low""","=""false"""
"=""đăng ký mã số thuế người phụ thuộc""","=""90""","=""0""","=""8""","=""Low""","=""false"""
"=""đăng nhập mã số thuế""","=""90""","=""0""","=""5""","=""Low""","=""false"""
"=""đăng nhập mã số thuế cá nhân""","=""90""","=""0""","=""7""","=""Low""","=""false"""
"=""tại sao mã số thuế không hợp lệ""","=""90""","=""0""","=""8""","=""Low""","=""false"""
"=""1 người có 2 mã số thuế""","=""70""","=""0""","=""7""","=""Low""","=""false"""
"=""cách kiểm tra mã số thuế thu nhập cá nhân""","=""70""","=""0""","=""10""","=""Low""","=""false"""
"=""cách đăng ký mã số thuế cho cá nhân""","=""70""","=""0""","=""9""","=""Low""","=""false"""
"=""cách đăng ký mã số thuế cho người phụ thuộc""","=""70""","=""0""","=""10""","=""Low""","=""false"""
"=""cách để có mã số thuế cá nhân""","=""70""","=""0""","=""8""","=""Low""","=""false"""
"=""cấp mã số thuế cá nhân online""","=""70""","=""0""","=""7""","=""Low""","=""false"""
"=""dang ky ma so thue online""","=""70""","=""0""","=""6""","=""Low""","=""false"""
"=""giấy đăng ký mã số thuế""","=""70""","=""0""","=""6""","=""Low""","=""false"""
"=""hướng dẫn đăng ký mã số thuế online""","=""70""","=""0""","=""8""","=""Low""","=""false"""
"=""kiểm tra mã số thuế hộ kinh doanh cá thể""","=""70""","=""0""","=""10""","=""Low""","=""true"""
"=""kiểm tra thông tin mã số thuế""","=""70""","=""0""","=""7""","=""Low""","=""false"""
"=""làm mã số thuế online""","=""70""","=""0""","=""5""","=""Low""","=""false"""
"=""muốn tra cứu mã số thuế cá nhân""","=""70""","=""0.01""","=""8""","=""Low""","=""false"""
"=""mở mã số thuế""","=""70""","=""0""","=""4""","=""Low""","=""false"""
"=""người phụ thuộc đã có mã số thuế tncn""","=""70""","=""0""","=""9""","=""Low""","=""false"""
"=""nhập mã số thuế""","=""70""","=""0""","=""4""","=""Low""","=""false"""
"=""thủ tục hủy mã số thuế cá nhân""","=""70""","=""0""","=""8""","=""Low""","=""false"""
"=""tim ma so thue thu nhap ca nhan""","=""70""","=""0""","=""8""","=""Low""","=""false"""
"=""tra cứu mã số thuế bằng chứng minh nhân dân""","=""70""","=""0""","=""10""","=""Low""","=""false"""
"=""tra cứu mã số thuế ca nhan theo cmnd""","=""70""","=""0""","=""9""","=""Low""","=""false"""
"=""tra cứu mã số thuế com""","=""70""","=""0""","=""6""","=""Low""","=""false"""
"=""tra cứu mã số thuế cá nhân người nước ngoài""","=""70""","=""0""","=""10""","=""Low""","=""false"""
"=""tra cứu mã số thuế theo cmnd""","=""70""","=""0""","=""7""","=""Low""","=""false"""
"=""tra cứu mã số thuế điện tử""","=""70""","=""0""","=""7""","=""Low""","=""false"""
"=""tra mã số thuế cá""","=""70""","=""0""","=""5""","=""Low""","=""false"""
"=""tra mã số thuế thu nhập cá nhân online""","=""70""","=""0""","=""9""","=""Low""","=""false"""
"=""tra ngày cấp mã số thuế cá nhân""","=""70""","=""0""","=""8""","=""Low""","=""false"""
"=""tra tên công ty theo mã số thuế""","=""70""","=""0""","=""8""","=""Low""","=""false"""
"=""văn phòng đại diện có mã số thuế không""","=""70""","=""0""","=""9""","=""Low""","=""false"""
"=""đóng mã số thuế cá nhân online""","=""70""","=""0""","=""7""","=""Low""","=""false"""
"=""đăng ký cấp mã số thuế cá nhân""","=""70""","=""0""","=""8""","=""Low""","=""false"""
"=""đăng ký mã số thuế cá nhân trực tuyến""","=""70""","=""0""","=""9""","=""Low""","=""false"""
"=""đăng ký mã số thuế nhà thầu qua mạng""","=""70""","=""0""","=""9""","=""Low""","=""false"""
"=""đồng bộ mã số thuế cá nhân""","=""70""","=""0""","=""7""","=""Low""","=""false"""
"=""tra mã số thuế dn""","=""70""","=""0""","=""5""","=""Low""","=""false"""
"=""tra mã số thuế hkd""","=""70""","=""0""","=""5""","=""Low""","=""false"""
"=""đóng mã số thuế online""","=""70""","=""0""","=""5""","=""Low""","=""false"""
"=""làm sao biết mã số thuế của mình""","=""70""","=""0.01""","=""8""","=""Low""","=""true"""
"=""cá nhân có 2 mã số thuế""","=""50""","=""0""","=""7""","=""Low""","=""false"""
"=""cá nhân có mã số thuế không""","=""50""","=""0""","=""7""","=""Low""","=""true"""
"=""cách dò mã số thuế cá nhân""","=""50""","=""0""","=""7""","=""Low""","=""false"""
"=""cách kiểm tra mã số thuế người phụ thuộc""","=""50""","=""0""","=""9""","=""Low""","=""false"""
"=""cách làm mã số thuế online""","=""50""","=""0""","=""6""","=""Low""","=""false"""
"=""cách tra cứu mã số thuế công ty""","=""50""","=""0""","=""8""","=""Low""","=""true"""
"=""cách tra cứu mã số thuế của hộ kinh doanh""","=""50""","=""0""","=""10""","=""Low""","=""false"""
"=""cách tra cứu mã số thuế của người phụ thuộc""","=""50""","=""0""","=""10""","=""Low""","=""false"""
"=""cách tra cứu ngày cấp mã số thuế cá nhân""","=""50""","=""0""","=""10""","=""Low""","=""false"""
"=""cách tra mã số thuế của người phụ thuộc""","=""50""","=""0""","=""9""","=""Low""","=""false"""
"=""cách tra ngày cấp mã số thuế cá nhân""","=""50""","=""0""","=""9""","=""Low""","=""false"""
"=""cách đăng ký mã số thuế người phụ thuộc""","=""50""","=""0""","=""9""","=""Low""","=""false"""
"=""cách đăng ký mã số thuế nhà thầu""","=""50""","=""0""","=""8""","=""Low""","=""false"""
"=""cách đăng ký mã số thuế nhà thầu online""","=""50""","=""0""","=""9""","=""Low""","=""false"""
"=""có bắt buộc phải có mã số thuế cá nhân""","=""50""","=""0""","=""10""","=""Low""","=""false"""
"=""công ty mã số thuế""","=""50""","=""0""","=""5""","=""Low""","=""false"""
"=""cấp mã số thuế""","=""50""","=""0""","=""4""","=""Low""","=""false"""
"=""cổng thông tin tra cứu mã số thuế cá nhân""","=""50""","=""0""","=""10""","=""Low""","=""false"""
"=""dang ky ma so thue ca nhan online""","=""50""","=""0""","=""8""","=""Low""","=""false"""
"=""doanh nghiệp đăng ký mã số thuế cho nhân viên""","=""50""","=""0""","=""10""","=""Low""","=""false"""
"=""dịch vụ đăng ký mã số thuế cá nhân""","=""50""","=""0""","=""9""","=""Low""","=""false"""
"=""hướng dẫn kiểm tra mã số thuế cá nhân""","=""50""","=""0.01""","=""9""","=""Low""","=""false"""
"=""khai mã số thuế cá nhân""","=""50""","=""0""","=""6""","=""Low""","=""false"""
"=""không tra cứu được mã số thuế cá nhân""","=""50""","=""0""","=""9""","=""Low""","=""false"""
"=""không tra được mã số thuế cá nhân""","=""50""","=""0""","=""8""","=""Low""","=""false"""
"=""kiểm tra thông tin doanh nghiệp qua mã số thuế""","=""50""","=""0""","=""10""","=""Low""","=""false"""
"=""kt mã số thuế""","=""50""","=""0""","=""4""","=""Low""","=""false"""
"=""muốn tra mã số thuế cá nhân""","=""50""","=""0""","=""7""","=""Low""","=""false"""
"=""thủ tục đóng mã số thuế công ty""","=""50""","=""0.38""","=""8""","=""Low""","=""true"""
"=""tra cứu mã số thuế bằng số điện thoại""","=""50""","=""0""","=""9""","=""Low""","=""false"""
"=""tra cứu mã số thuế cá nhân bằng hộ chiếu""","=""50""","=""0""","=""10""","=""Low""","=""false"""
"=""tra cứu mã số thuế từ cmnd""","=""50""","=""0""","=""7""","=""Low""","=""false"""
"=""tra cứu ngày cấp mã số thuế doanh nghiệp""","=""50""","=""0""","=""9""","=""Low""","=""false"""
"=""tra cứu tên công ty theo mã số thuế""","=""50""","=""0""","=""9""","=""Low""","=""true"""
"=""tra ma so thuê""","=""50""","=""0""","=""4""","=""Low""","=""false"""
"=""tra mã số thuế cá nhân tổng cục thuế""","=""50""","=""0""","=""9""","=""Low""","=""false"""
"=""tra mã số thuế của hộ kinh doanh""","=""50""","=""0""","=""8""","=""Low""","=""false"""
"=""tra thông tin công ty theo mã số thuế""","=""50""","=""0""","=""9""","=""Low""","=""true"""
"=""trang mã số thuế""","=""50""","=""0""","=""4""","=""Low""","=""false"""
"=""trang tra mã số thuế cá nhân""","=""50""","=""0""","=""7""","=""Low""","=""false"""
"=""tờ khai đăng ký mã số thuế""","=""50""","=""0""","=""7""","=""Low""","=""false"""
"=""đăng ký mã số thuế doanh nghiệp""","=""50""","=""2.41""","=""7""","=""Low""","=""false"""
"=""đăng ký mã số thuế kinh doanh""","=""50""","=""0.66""","=""7""","=""Low""","=""false"""
"=""cập nhật mã số thuế shopee affiliate""","=""50""","=""0""","=""7""","=""Low""","=""false"""
"=""tra cứu mã số thuế gdt gov vn""","=""50""","=""0""","=""8""","=""Low""","=""false"""
"=""dịch vụ đóng mã số thuế""","=""40""","=""1.07""","=""6""","=""Medium""","=""true"""
"=""2 mã số thuế cá nhân""","=""40""","=""0""","=""6""","=""Low""","=""false"""
"=""chấm dứt mã số thuế cá nhân""","=""40""","=""0""","=""7""","=""Low""","=""false"""
"=""coi mã số thuế""","=""40""","=""0""","=""4""","=""Low""","=""false"""
"=""cá nhân chưa có mã số thuế""","=""40""","=""0""","=""7""","=""Low""","=""false"""
"=""cách cấp mã số thuế cá nhân""","=""40""","=""0""","=""7""","=""Low""","=""false"""
"=""cách tra cứu ngày cấp mã số thuế""","=""40""","=""0""","=""8""","=""Low""","=""false"""
"=""cách tra ngày cấp mã số thuế""","=""40""","=""0""","=""7""","=""Low""","=""false"""
"=""cách đăng ký mã số thuế cho người nước ngoài""","=""40""","=""0""","=""10""","=""Low""","=""true"""
"=""cách đăng ký mã số thuế tncn""","=""40""","=""0""","=""7""","=""Low""","=""false"""
"=""có mã số thuế nhưng không tra cứu được""","=""40""","=""0""","=""9""","=""Low""","=""false"""
"=""hướng dẫn cách tra cứu mã số thuế cá nhân""","=""40""","=""0""","=""10""","=""Low""","=""false"""
"=""hướng dẫn cách tra mã số thuế cá nhân""","=""40""","=""0""","=""9""","=""Low""","=""false"""
"=""hướng dẫn cách đăng ký mã số thuế cá nhân""","=""40""","=""0""","=""10""","=""Low""","=""false"""
"=""hướng dẫn tra mã số thuế""","=""40""","=""0.01""","=""6""","=""Low""","=""false"""
"=""hồ sơ đóng mã số thuế""","=""40""","=""0""","=""6""","=""Low""","=""false"""
"=""kiểm tra mã số thuế cty""","=""40""","=""0""","=""6""","=""Low""","=""false"""
"=""kiểm tra ngày cấp mã số thuế""","=""40""","=""0""","=""7""","=""Low""","=""false"""
"=""kiểm tra thông tin mã số thuế cá nhân""","=""40""","=""0""","=""9""","=""Low""","=""false"""
"=""kê khai mã số thuế cá nhân""","=""40""","=""0""","=""7""","=""Low""","=""false"""
"=""muốn đăng ký mã số thuế cá nhân""","=""40""","=""0""","=""8""","=""Low""","=""false"""
"=""nhập mã số thuế cá nhân""","=""40""","=""0""","=""6""","=""Low""","=""false"""
"=""thay đổi thông tin mã số thuế""","=""40""","=""0""","=""7""","=""Low""","=""false"""
"=""thủ tục đăng ký mã số thuế""","=""40""","=""0""","=""7""","=""Low""","=""true"""
"=""tra cuu mã so thue ca nhan""","=""40""","=""0""","=""7""","=""Low""","=""false"""
"=""tra cứu mã số thuế cho người nước ngoài""","=""40""","=""0""","=""9""","=""Low""","=""false"""
"=""tra cứu mã số thuế cá nhân của trẻ em""","=""40""","=""0""","=""10""","=""Low""","=""false"""
"=""tra cứu mã số thuế cá nhân gov""","=""40""","=""0""","=""8""","=""Low""","=""false"""
"=""tra cứu mã số thuế cá nhân người phụ thuộc""","=""40""","=""0""","=""10""","=""Low""","=""false"""
"=""tra cứu mã số thuế doanh nghiệp gov""","=""40""","=""0""","=""8""","=""Low""","=""false"""
"=""tra ma so thue ho kinh doanh""","=""40""","=""0""","=""7""","=""Low""","=""false"""
"=""tra ma so thue thu nhap ca nhan""","=""40""","=""0""","=""8""","=""Low""","=""false"""
"=""tra mã số thuế của doanh nghiệp""","=""40""","=""0""","=""7""","=""Low""","=""false"""
"=""tra mã số thuế của người phụ thuộc""","=""40""","=""0""","=""8""","=""Low""","=""false"""
"=""tra mã số thuế từ cmnd""","=""40""","=""0""","=""6""","=""Low""","=""false"""
"=""tra số mã số thuế""","=""40""","=""0""","=""5""","=""Low""","=""false"""
"=""trang web tra cứu mã số thuế cá nhân""","=""40""","=""0""","=""9""","=""Low""","=""false"""
"=""đăng ký cấp mã số thuế cá nhân online""","=""40""","=""0""","=""9""","=""Low""","=""false"""
"=""trạng thái mã số thuế nnt đang hoạt động""","=""40""","=""0""","=""9""","=""Low""","=""true"""
"=""khi nào có mã số thuế""","=""40""","=""0""","=""6""","=""Low""","=""false"""
"=""cmnd bị người khác đăng ký mã số thuế""","=""30""","=""0""","=""9""","=""Low""","=""false"""
"=""cách dò mã số thuế""","=""30""","=""0""","=""5""","=""Low""","=""false"""
"=""cách kiểm tra mã số thuế doanh nghiệp""","=""30""","=""0""","=""8""","=""Low""","=""true"""
"=""cách tra mã số thuê cá nhân""","=""30""","=""0""","=""7""","=""Low""","=""false"""
"=""cách tra mã số thuế hộ kinh doanh cá thể""","=""30""","=""0""","=""10""","=""Low""","=""false"""
"=""công ty đăng ký mã số thuế cho nhân viên""","=""30""","=""0""","=""10""","=""Low""","=""false"""
"=""cứu mã số thuế""","=""30""","=""0""","=""4""","=""Low""","=""false"""
"=""cứu mã số thuế cá nhân""","=""30""","=""0""","=""6""","=""Low""","=""false"""
"=""hướng dẫn cấp mã số thuế cá nhân""","=""30""","=""0""","=""8""","=""Low""","=""false"""
"=""hướng dẫn làm mã số thuế cá nhân""","=""30""","=""0""","=""8""","=""Low""","=""false"""
"=""hướng dẫn đóng mã số thuế cá nhân""","=""30""","=""0""","=""8""","=""Low""","=""false"""
"=""hồ sơ đóng mã số thuế doanh nghiệp""","=""30""","=""0""","=""8""","=""Low""","=""false"""
"=""hồ sơ đăng ký mã số thuế cá nhân""","=""30""","=""0""","=""9""","=""Low""","=""false"""
"=""khai báo mã số thuế cá nhân""","=""30""","=""0""","=""7""","=""Low""","=""false"""
"=""khai mã số thuế cá nhân online""","=""30""","=""0""","=""7""","=""Low""","=""false"""
"=""kiểm tra ngày cấp mã số thuế cá nhân""","=""30""","=""0""","=""9""","=""Low""","=""false"""
"=""lam ma so thue ca nhan""","=""30""","=""0""","=""6""","=""Low""","=""false"""
"=""mỗi người có mấy mã số thuế cá nhân""","=""30""","=""0""","=""9""","=""Low""","=""false"""
"=""mở lại mã số thuế bị đóng""","=""30""","=""0""","=""7""","=""Low""","=""false"""
"=""phần mềm tra cứu mã số thuế""","=""30""","=""0""","=""7""","=""Low""","=""false"""
"=""phần mềm tra cứu mã số thuế cá nhân""","=""30""","=""0""","=""9""","=""Low""","=""false"""
"=""quy trình đóng mã số thuế""","=""30""","=""0.36""","=""6""","=""Low""","=""true"""
"=""quy định về mã số thuế cá nhân""","=""30""","=""0""","=""8""","=""Low""","=""false"""
"=""thong tin ma so thue ca nhan""","=""30""","=""0""","=""7""","=""Low""","=""false"""
"=""thủ tục cấp mã số thuế cá nhân""","=""30""","=""0""","=""8""","=""Low""","=""false"""
"=""thủ tục mở lại mã số thuế""","=""30""","=""0""","=""7""","=""Low""","=""false"""
"=""thủ tục đóng mã số thuế người phụ thuộc""","=""30""","=""0""","=""9""","=""Low""","=""false"""
"=""tra công ty qua mã số thuế""","=""30""","=""0""","=""7""","=""Low""","=""false"""
"=""tra cứu mã số thuế ca nhân bằng cmnd""","=""30""","=""0""","=""9""","=""Low""","=""false"""
"=""tra cứu mã số thuế cá nhân online nhanh nhất""","=""30""","=""0""","=""10""","=""Low""","=""false"""
"=""tra cứu mã số thuế cá nhân từ cmnd""","=""30""","=""0""","=""9""","=""Low""","=""false"""
"=""tra cứu mã số thuế của con""","=""30""","=""0""","=""7""","=""Low""","=""false"""
"=""tra cứu mã số thuế của công ty""","=""30""","=""0""","=""8""","=""Low""","=""true"""
"=""tra cứu mã số thuế hô kinh doanh""","=""30""","=""0""","=""8""","=""Low""","=""false"""
"=""tra cứu mã số thuế người phụ thuộc online""","=""30""","=""0""","=""9""","=""Low""","=""false"""
"=""tra cứu mã số thuế qua cmnd""","=""30""","=""0""","=""7""","=""Low""","=""false"""
"=""tra cứu mã số thuế tncn bằng cmnd""","=""30""","=""0""","=""8""","=""Low""","=""false"""
"=""tra cứu ngành nghề kinh doanh bằng mã số thuế""","=""30""","=""0""","=""10""","=""Low""","=""false"""
"=""tra cứu số mã số thuế cá nhân""","=""30""","=""0""","=""8""","=""Low""","=""false"""
"=""tra cứu tên công ty qua mã số thuế""","=""30""","=""0""","=""9""","=""Low""","=""false"""
"=""tra doanh nghiệp qua mã số thuế""","=""30""","=""0""","=""7""","=""Low""","=""false"""
"=""tra ma so thue ca nhân""","=""30""","=""0""","=""6""","=""Low""","=""false"""
"=""tra ma so thue online""","=""30""","=""0""","=""5""","=""Low""","=""false"""
"=""tra mã số doanh nghiệp và mã số thuế""","=""30""","=""0""","=""9""","=""Low""","=""false"""
"=""tra mã số thuế com""","=""30""","=""0""","=""5""","=""Low""","=""false"""
"=""tra mã số thuế cá nhân qua cmnd""","=""30""","=""0""","=""8""","=""Low""","=""false"""
"=""tra mã số thuế của công ty""","=""30""","=""0""","=""7""","=""Low""","=""false"""
"=""tra ngành nghề kinh doanh theo mã số thuế""","=""30""","=""0""","=""9""","=""Low""","=""false"""
"=""tra tên công ty qua mã số thuế""","=""30""","=""0""","=""8""","=""Low""","=""false"""
"=""tờ khai mã số thuế cá nhân""","=""30""","=""0""","=""7""","=""Low""","=""false"""
"=""đăng ký cấp mã số thuế""","=""30""","=""0""","=""6""","=""Low""","=""false"""
"=""đăng ký mã số thuế cho nhân viên""","=""30""","=""0""","=""8""","=""Low""","=""false"""
"=""đăng ký mã số thuế cá nhân cho thuê nhà""","=""30""","=""0""","=""10""","=""Low""","=""false"""
"=""đăng ký mã số thuế tncn online""","=""30""","=""0""","=""7""","=""Low""","=""false"""
"=""đăng ký mã số thuế điện tử""","=""30""","=""0""","=""7""","=""Low""","=""false"""
"=""trạng thái mã số thuế nnt là gì""","=""30""","=""0""","=""8""","=""Low""","=""false"""
"=""xoá mã số thuế""","=""30""","=""0""","=""4""","=""Low""","=""false"""
"=""làm sao biết mã số thuế""","=""30""","=""0.01""","=""6""","=""Low""","=""false"""
"=""cách để biết mã số thuế""","=""30""","=""0.01""","=""6""","=""Low""","=""false"""
"=""có mã số thuế không đăng ký kinh doanh""","=""30""","=""0""","=""9""","=""Low""","=""true"""
"=""có mã số thuế nhưng không có giấy phép kinh doanh""","=""30""","=""0""","=""11""","=""Low""","=""false"""
"=""cá nhân đăng ký mã số thuế""","=""20""","=""0""","=""7""","=""Low""","=""false"""
"=""các đăng ký mã số thuế cá nhân""","=""20""","=""0""","=""8""","=""Low""","=""false"""
"=""cách ghi mã số thuế""","=""20""","=""0""","=""5""","=""Low""","=""true"""
"=""cách khai mã số thuế cá nhân""","=""20""","=""0""","=""7""","=""Low""","=""false"""
"=""cách kiểm tra mã số thuế công ty""","=""20""","=""0""","=""8""","=""Low""","=""true"""
"=""cách kê khai mã số thuế cá nhân""","=""20""","=""0""","=""8""","=""Low""","=""false"""
"=""cách thay đổi mã số thuế cá nhân""","=""20""","=""0""","=""8""","=""Low""","=""false"""
"=""cách tra cứu mã số thuế cá nhân bằng cmnd""","=""20""","=""0""","=""10""","=""Low""","=""false"""
"=""cách tra cứu mã số thuế của người nước ngoài""","=""20""","=""0""","=""10""","=""Low""","=""false"""
"=""cách tra mã số thuế cá nhân online""","=""20""","=""0""","=""8""","=""Low""","=""false"""
"=""cách tra mã số thuế công ty trên mạng""","=""20""","=""0""","=""9""","=""Low""","=""false"""
"=""cách tra mã số thuế của doanh nghiệp""","=""20""","=""0""","=""8""","=""Low""","=""false"""
"=""cách tra thông tin doanh nghiệp từ mã số thuế""","=""20""","=""0""","=""10""","=""Low""","=""false"""
"=""cách điền mã số thuế""","=""20""","=""0""","=""5""","=""Low""","=""false"""
"=""cách đăng ký mã số thuế cho nhân viên""","=""20""","=""0""","=""9""","=""Low""","=""false"""
"=""có cần đăng ký mã số thuế cá nhân""","=""20""","=""0""","=""9""","=""Low""","=""false"""
"=""có nên đăng ký mã số thuế cá nhân""","=""20""","=""0""","=""9""","=""Low""","=""false"""
"=""công ty có mã số thuế""","=""20""","=""0""","=""6""","=""Low""","=""false"""
"=""cấu trúc mã số thuế cá nhân""","=""20""","=""0""","=""7""","=""Low""","=""false"""
"=""dang ky ma so thue thu nhap ca nhan""","=""20""","=""0""","=""9""","=""Low""","=""false"""
"=""do ma so thue""","=""20""","=""0""","=""4""","=""Low""","=""false"""
"=""dò mã số thuế công ty""","=""20""","=""0""","=""6""","=""Low""","=""true"""
"=""dò mã số thuế doanh nghiệp""","=""20""","=""0""","=""6""","=""Low""","=""false"""
"=""giấy chứng nhận mã số thuế doanh nghiệp""","=""20""","=""0""","=""8""","=""Low""","=""false"""
"=""hướng dẫn mở mã số thuế cá nhân""","=""20""","=""0""","=""8""","=""Low""","=""false"""
"=""hướng dẫn tra cứu mã số thuế hộ kinh doanh""","=""20""","=""0""","=""10""","=""Low""","=""false"""
"=""hướng dẫn tra cứu mã số thuế người phụ thuộc""","=""20""","=""0""","=""10""","=""Low""","=""false"""
"=""hướng dẫn đăng ký mã số thuế hộ kinh doanh""","=""20""","=""0""","=""10""","=""Low""","=""false"""
"=""hướng dẫn đăng ký mã số thuế người phụ thuộc""","=""20""","=""0""","=""10""","=""Low""","=""false"""
"=""hướng dẫn đăng ký mã số thuế nhà thầu online""","=""20""","=""0""","=""10""","=""Low""","=""false"""
"=""hướng dẫn đăng ký mã số thuế tncn""","=""20""","=""0""","=""8""","=""Low""","=""false"""
"=""hồ sơ đăng ký mã số thuế""","=""20""","=""0""","=""7""","=""Low""","=""false"""
"=""kiem tra ma so thue cong ty""","=""20""","=""0""","=""7""","=""Low""","=""false"""
"=""kiểm tra mã số thuế của công ty""","=""20""","=""0""","=""8""","=""Low""","=""false"""
"=""kiểm tra mã số thuế doanh nghiệp online""","=""20""","=""0""","=""8""","=""Low""","=""true"""
"=""kiểm tra mã số thuế thu nhập cá nhân online""","=""20""","=""0""","=""10""","=""Low""","=""false"""
"=""kiểm tra ngành nghề kinh doanh theo mã số thuế""","=""20""","=""0""","=""10""","=""Low""","=""false"""
"=""kiểm tra thông tin công ty qua mã số thuế""","=""20""","=""0""","=""10""","=""Low""","=""false"""
"=""mở lại mã số thuế""","=""20""","=""0""","=""5""","=""Low""","=""false"""
"=""phần mềm tra mã số thuế cá nhân""","=""20""","=""0""","=""8""","=""Low""","=""false"""
"=""thay đổi thông tin mã số thuế cá nhân online""","=""20""","=""0""","=""10""","=""Low""","=""false"""
"=""thủ tục mở mã số thuế""","=""20""","=""0""","=""6""","=""Low""","=""true"""
"=""thủ tục đăng ký mã số thuế doanh nghiệp""","=""20""","=""0""","=""9""","=""Low""","=""false"""
"=""tra cuu mã số thuế cá nhân theo cmnd""","=""20""","=""0""","=""9""","=""Low""","=""false"""
"=""tra cứu hồ sơ đăng ký mã số thuế""","=""20""","=""0""","=""9""","=""Low""","=""false"""
"=""tra cứu mà số thuế cá nhân""","=""20""","=""0""","=""7""","=""Low""","=""false"""
"=""tra cứu mã mã số thuế cá nhân""","=""20""","=""0""","=""8""","=""Low""","=""false"""
"=""tra cứu mã số thuế bằng chứng minh thư""","=""20""","=""0""","=""9""","=""Low""","=""false"""
"=""tra cứu mã số thuế cá nhân theo cmnd""","=""20""","=""0""","=""9""","=""Low""","=""false"""
"=""tra cứu mã số thuế doanh nghiệp toàn quốc""","=""20""","=""0""","=""9""","=""Low""","=""false"""
"=""tra cứu mã số thuế theo tên""","=""20""","=""0""","=""7""","=""Low""","=""false"""
"=""tra cứu tên doanh nghiệp bằng mã số thuế""","=""20""","=""0""","=""9""","=""Low""","=""true"""
"=""tra ma so thue nguoi phu thuoc""","=""20""","=""0""","=""7""","=""Low""","=""false"""
"=""tra mã so thue ca nhan""","=""20""","=""0""","=""6""","=""Low""","=""false"""
"=""tra mã sô thuế doanh nghiệp""","=""20""","=""0""","=""6""","=""Low""","=""false"""
"=""tra mã số thuê công ty""","=""20""","=""0""","=""6""","=""Low""","=""false"""
"=""tra mã số thuế bằng chứng minh nhân dân""","=""20""","=""0""","=""9""","=""Low""","=""false"""
"=""tra mã số thuế ca nhan""","=""20""","=""0""","=""6""","=""Low""","=""false"""
"=""tra mã số thuế ca nhân bằng cmnd""","=""20""","=""0""","=""8""","=""Low""","=""false"""
"=""tra mã số thuế cá nhân theo cmnd""","=""20""","=""0""","=""8""","=""Low""","=""false"""
"=""tra mã số thuế doanh nghiệp toàn quốc""","=""20""","=""0""","=""8""","=""Low""","=""false"""
"=""tra mã số thuế theo cmnd""","=""20""","=""0""","=""6""","=""Low""","=""false"""
"=""trang web tra cứu mã số thuế doanh nghiệp""","=""20""","=""0""","=""9""","=""Low""","=""false"""
"=""trang web tra mã số thuế cá nhân""","=""20""","=""0""","=""8""","=""Low""","=""false"""
"=""đóng mã số thuế công ty""","=""20""","=""0.6""","=""6""","=""Low""","=""true"""
"=""đăng ký lại mã số thuế cá nhân""","=""20""","=""0""","=""8""","=""Low""","=""false"""
"=""đăng ký mã số thuế doanh nghiệp online""","=""20""","=""1.68""","=""8""","=""Low""","=""false"""
"=""đăng ký mã số thuế hộ kinh doanh cá thể""","=""20""","=""0""","=""10""","=""Low""","=""false"""
"=""đăng ký mã số thuế trực tuyến""","=""20""","=""0""","=""7""","=""Low""","=""false"""
"=""đăng ký mới mã số thuế cá nhân""","=""20""","=""0""","=""8""","=""Low""","=""false"""
"=""đăng ký mở mã số thuế cá nhân""","=""20""","=""0""","=""8""","=""Low""","=""false"""
"=""đổi mã số thuế cá nhân""","=""20""","=""0""","=""6""","=""Low""","=""false"""
"=""tra mã số thuế ra cccd""","=""20""","=""0""","=""6""","=""Low""","=""false"""
"=""chi nhánh có mã số thuế riêng không""","=""20""","=""0""","=""8""","=""Low""","=""false"""
"=""sai mã số thuế xuất điều chỉnh hay thay thế""","=""20""","=""0""","=""10""","=""Low""","=""false"""
"=""tại sao mã số thuế lại là số cccd""","=""20""","=""0""","=""9""","=""Low""","=""false"""
"=""làm sao có mã số thuế""","=""20""","=""0""","=""6""","=""Low""","=""true"""
"=""cách để biết mã số thuế của mình""","=""20""","=""0""","=""8""","=""Low""","=""false"""
"=""cách để có mã số thuế""","=""20""","=""0""","=""6""","=""Low""","=""true"""
"=""tại sao tra mã số thuế không ra""","=""20""","=""0""","=""8""","=""Low""","=""false"""
"=""1 cá nhân có 2 mã số thuế""","=""10""","=""0""","=""8""","=""Low""","=""false"""
"=""1 người có 2 mã số thuế cá nhân""","=""10""","=""0""","=""9""","=""Low""","=""false"""
"=""2 mã số thuế thu nhập cá nhân""","=""10""","=""0""","=""8""","=""Low""","=""false"""
"=""bị đóng mã số thuế""","=""10""","=""0""","=""5""","=""Low""","=""false"""
"=""bị đăng ký trộm mã số thuế cá nhân""","=""10""","=""0""","=""9""","=""Low""","=""false"""
"=""chưa hoàn thành thủ tục đóng mã số thuế""","=""10""","=""0""","=""9""","=""Low""","=""false"""
"=""chứng nhận mã số thuế""","=""10""","=""0""","=""5""","=""Low""","=""false"""
"=""cá nhân không có mã số thuế""","=""10""","=""0""","=""7""","=""Low""","=""false"""
"=""các trường hợp bị đóng mã số thuế""","=""10""","=""0""","=""8""","=""Low""","=""false"""
"=""cách khai báo mã số thuế cá nhân""","=""10""","=""0""","=""8""","=""Low""","=""false"""
"=""cách kiểm tra công ty qua mã số thuế""","=""10""","=""0""","=""9""","=""Low""","=""false"""
"=""cách kiểm tra mã số thuế cá nhân trên mạng""","=""10""","=""0""","=""10""","=""Low""","=""false"""
"=""cách kiểm tra mã số thuế của công ty""","=""10""","=""0""","=""9""","=""Low""","=""true"""
"=""cách kiểm tra ngày cấp mã số thuế""","=""10""","=""0""","=""8""","=""Low""","=""false"""
"=""cách kiểm tra ngày cấp mã số thuế cá nhân""","=""10""","=""0""","=""10""","=""Low""","=""false"""
"=""cách kê khai đăng ký mã số thuế cá nhân""","=""10""","=""0""","=""10""","=""Low""","=""false"""
"=""cách làm mã số thuế thu nhập cá nhân""","=""10""","=""0""","=""9""","=""Low""","=""true"""
"=""cách mở mã số thuế thu nhập cá nhân""","=""10""","=""0""","=""9""","=""Low""","=""false"""
"=""cách thay đổi thông tin mã số thuế cá nhân""","=""10""","=""0""","=""10""","=""Low""","=""false"""
"=""cách tra cứu mã số thuế cá nhân 2020""","=""10""","=""0""","=""9""","=""Low""","=""false"""
"=""cách tra cứu mã số thuế cá nhân 2021""","=""10""","=""0""","=""9""","=""Low""","=""false"""
"=""cách tra cứu mã số thuế cá nhân theo cmnd""","=""10""","=""0""","=""10""","=""Low""","=""false"""
"=""cách tra cứu mã số thuế của con""","=""10""","=""0""","=""8""","=""Low""","=""false"""
"=""cách tra cứu mã số thuế của doanh nghiệp""","=""10""","=""0""","=""9""","=""Low""","=""false"""
"=""cách tra cứu ngày cấp mã số thuế doanh nghiệp""","=""10""","=""0""","=""10""","=""Low""","=""false"""
"=""cách tra mã số thuế bằng cmnd""","=""10""","=""0""","=""7""","=""Low""","=""false"""
"=""cách tra mã số thuế cá nhân hàng loạt""","=""10""","=""0""","=""9""","=""Low""","=""false"""
"=""cách tra mã số thuế cá nhân người phụ thuộc""","=""10""","=""0""","=""10""","=""Low""","=""false"""
"=""cách tra mã số thuế cá nhân theo cmnd""","=""10""","=""0""","=""9""","=""Low""","=""false"""
"=""cách tra mã số thuế của công ty""","=""10""","=""0""","=""8""","=""Low""","=""true"""
"=""cách tra mã số thuế người phụ thuộc 2021""","=""10""","=""0""","=""9""","=""Low""","=""false"""
"=""cách đăng ký cấp mã số thuế cá nhân""","=""10""","=""0""","=""9""","=""Low""","=""false"""
"=""cách đăng ký mã số thuế cá nhân năm 2022""","=""10""","=""0""","=""10""","=""Low""","=""false"""
"=""cách đăng ký mã số thuế cá nhân online 2021""","=""10""","=""0""","=""10""","=""Low""","=""false"""
"=""cách đăng ký mã số thuế cá nhân online 2022""","=""10""","=""0""","=""10""","=""Low""","=""false"""
"=""cách đăng ký mã số thuế cá nhân qua htkk""","=""10""","=""0""","=""10""","=""Low""","=""false"""
"=""cách đăng ký mã số thuế cá nhân qua mạng""","=""10""","=""0""","=""10""","=""Low""","=""false"""
"=""cách đăng ký mã số thuế cá nhân trên mạng""","=""10""","=""0""","=""10""","=""Low""","=""false"""
"=""cách đăng ký mã số thuế cá nhân trực tiếp""","=""10""","=""0""","=""10""","=""Low""","=""false"""
"=""cách đăng ký mã số thuế cá nhân trực tuyến""","=""10""","=""0""","=""10""","=""Low""","=""false"""
"=""cách đăng ký mã số thuế doanh nghiệp""","=""10""","=""0""","=""8""","=""Low""","=""false"""
"=""cách đăng ký mã số thuế nhà thầu qua mạng""","=""10""","=""0""","=""10""","=""Low""","=""false"""
"=""có mã số thuế tra tên công ty""","=""10""","=""0""","=""8""","=""Low""","=""false"""
"=""có nên cung cấp mã số thuế cá nhân""","=""10""","=""0""","=""9""","=""Low""","=""false"""
"=""công an có mã số thuế cá nhân không""","=""10""","=""0""","=""9""","=""Low""","=""false"""
"=""công ty bị đóng mã số thuế""","=""10""","=""0""","=""7""","=""Low""","=""false"""
"=""công ty không có mã số thuế""","=""10""","=""0""","=""7""","=""Low""","=""false"""
"=""cơ quan nào cấp mã số thuế doanh nghiệp""","=""10""","=""0""","=""9""","=""Low""","=""false"""
"=""cấp lại mã số thuế cá nhân""","=""10""","=""0""","=""7""","=""Low""","=""false"""
"=""cấp mã số thuế thu nhập cá nhân""","=""10""","=""0""","=""8""","=""Low""","=""false"""
"=""dang ky ma so thue ca nhan 2021""","=""10""","=""0""","=""8""","=""Low""","=""false"""
"=""dang ky ma so thue ca nhan qua mang""","=""10""","=""0""","=""9""","=""Low""","=""false"""
"=""dang ky ma so thue ca nhan truc tuyen""","=""10""","=""0""","=""9""","=""Low""","=""false"""
"=""danh sách mã số thuế cá nhân""","=""10""","=""0""","=""7""","=""Low""","=""false"""
"=""danh sách mã số thuế doanh nghiệp""","=""10""","=""0""","=""7""","=""Low""","=""false"""
"=""doanh nghiệp bị đóng mã số thuế""","=""10""","=""0""","=""7""","=""Low""","=""false"""
"=""dò mã số thuế thu nhập cá nhân""","=""10""","=""0""","=""8""","=""Low""","=""false"""
"=""dịch vụ làm mã số thuế cá nhân""","=""10""","=""0""","=""8""","=""Low""","=""false"""
"=""dịch vụ mở lại mã số thuế""","=""10""","=""3.17""","=""7""","=""Medium""","=""false"""
"=""dịch vụ mở mã số thuế""","=""10""","=""0""","=""6""","=""Low""","=""false"""
"=""giấy chứng nhận mã số thuế cá nhân""","=""10""","=""0""","=""8""","=""Low""","=""false"""
"=""giấy chứng nhận đăng ký mã số thuế doanh nghiệp""","=""10""","=""0""","=""10""","=""Low""","=""false"""
"=""hướng dẫn mở mã số thuế thu nhập cá nhân""","=""10""","=""0""","=""10""","=""Low""","=""false"""
"=""hướng dẫn tra cứu mã số thuế doanh nghiệp""","=""10""","=""0""","=""9""","=""Low""","=""false"""
"=""hướng dẫn tra mã số thuế thu nhập cá nhân""","=""10""","=""0""","=""10""","=""Low""","=""false"""
"=""hướng dẫn đăng ký cấp mã số thuế cá nhân""","=""10""","=""0""","=""10""","=""Low""","=""false"""
"=""hướng dẫn đăng ký mã số thuế cá nhân 2022""","=""10""","=""0""","=""10""","=""Low""","=""false"""
"=""hồ sơ cấp mã số thuế cá nhân""","=""10""","=""0""","=""8""","=""Low""","=""false"""
"=""hồ sơ làm mã số thuế cá nhân""","=""10""","=""0""","=""8""","=""Low""","=""false"""
"=""hồ sơ đóng mã số thuế cá nhân""","=""10""","=""0""","=""8""","=""Low""","=""false"""
"=""hồ sơ đăng ký mã số thuế nhà thầu""","=""10""","=""0""","=""9""","=""Low""","=""false"""
"=""hỗ trợ đăng ký mã số thuế cá nhân""","=""10""","=""0""","=""9""","=""Low""","=""false"""
"=""hộ kinh doanh cá nhân có mã số thuế không""","=""10""","=""0""","=""10""","=""Low""","=""false"""
"=""không có mã số thuế thu nhập cá nhân""","=""10""","=""0""","=""9""","=""Low""","=""false"""
"=""không đăng ký mã số thuế cá nhân""","=""10""","=""0""","=""8""","=""Low""","=""false"""
"=""kiem tra ma so thue ca nhan online""","=""10""","=""0""","=""8""","=""Low""","=""false"""
"=""kiem tra ma so thue thu nhap ca nhan""","=""10""","=""0""","=""9""","=""Low""","=""false"""
"=""kiếm mã số thuế cá nhân""","=""10""","=""0""","=""6""","=""Low""","=""false"""
"=""kiểm tra công ty qua mã số thuế""","=""10""","=""0""","=""8""","=""Low""","=""false"""
"=""kiểm tra doanh nghiệp qua mã số thuế""","=""10""","=""0""","=""8""","=""Low""","=""false"""
"=""kiểm tra mã số thuế bằng cmnd""","=""10""","=""0""","=""7""","=""Low""","=""false"""
"=""kiểm tra mã số thuế của doanh nghiệp""","=""10""","=""0""","=""8""","=""Low""","=""false"""
"=""kiểm tra đóng mã số thuế""","=""10""","=""0""","=""6""","=""Low""","=""false"""
"=""kê khai đăng ký mã số thuế cá nhân""","=""10""","=""0""","=""9""","=""Low""","=""false"""
"=""làm mã số thuế thu nhập cá nhân""","=""10""","=""0""","=""8""","=""Low""","=""false"""
"=""lệ phí đăng ký mã số thuế cá nhân""","=""10""","=""0""","=""9""","=""Low""","=""false"""
"=""muốn đăng ký mã số thuế cá nhân qua mạng""","=""10""","=""0""","=""10""","=""Low""","=""false"""
"=""một người có hai mã số thuế cá nhân""","=""10""","=""0""","=""9""","=""Low""","=""false"""
"=""một người có mấy mã số thuế cá nhân""","=""10""","=""0""","=""9""","=""Low""","=""false"""
"=""mở mã số thuế bị đóng""","=""10""","=""0""","=""6""","=""Low""","=""false"""
"=""mở mã số thuế thu nhập cá nhân""","=""10""","=""0""","=""8""","=""Low""","=""false"""
"=""ngày cấp mã số thuế doanh nghiệp""","=""10""","=""0""","=""7""","=""Low""","=""false"""
"=""ngày cấp mã số thuế thu nhập cá nhân""","=""10""","=""0""","=""9""","=""Low""","=""false"""
"=""người có 2 mã số thuế cá nhân""","=""10""","=""0""","=""8""","=""Low""","=""false"""
"=""phần mềm mã số thuế cá nhân""","=""10""","=""0""","=""7""","=""Low""","=""false"""
"=""phần mềm tra mã số thuế""","=""10""","=""0""","=""6""","=""Low""","=""false"""
"=""phần mềm đăng ký mã số thuế cá nhân""","=""10""","=""0""","=""9""","=""Low""","=""false"""
"=""quy trình cấp mã số thuế cá nhân""","=""10""","=""0""","=""8""","=""Low""","=""false"""
"=""quy trình đăng ký mã số thuế cá nhân""","=""10""","=""0""","=""9""","=""Low""","=""true"""
"=""quy trình đăng ký mã số thuế doanh nghiệp""","=""10""","=""0""","=""9""","=""Low""","=""false"""
"=""quy định cấp mã số thuế cá nhân""","=""10""","=""0""","=""8""","=""Low""","=""false"""
"=""quy định về đăng ký mã số thuế cá nhân""","=""10""","=""0""","=""10""","=""Low""","=""false"""
"=""quy định đăng ký mã số thuế cá nhân""","=""10""","=""0""","=""9""","=""Low""","=""false"""
"=""thu tuc dang ky ma so thue""","=""10""","=""0""","=""7""","=""Low""","=""false"""
"=""thu tuc dang ky ma so thue ca nhan""","=""10""","=""0""","=""9""","=""Low""","=""false"""
"=""thu tuc dong ma so thue""","=""10""","=""0.42""","=""6""","=""Low""","=""true"""
"=""thông tin mã số thuế công ty""","=""10""","=""0""","=""7""","=""Low""","=""false"""
"=""thời gian cấp mã số thuế cá nhân""","=""10""","=""0""","=""8""","=""Low""","=""false"""
"=""thời gian đăng ký mã số thuế cá nhân""","=""10""","=""0""","=""9""","=""Low""","=""false"""
"=""thời điểm đăng ký mã số thuế cá nhân""","=""10""","=""0""","=""9""","=""Low""","=""false"""
"=""thủ tục chấm dứt mã số thuế cá nhân""","=""10""","=""0""","=""9""","=""Low""","=""true"""
"=""thủ tục cấp mã số thuế""","=""10""","=""0""","=""6""","=""Low""","=""false"""
"=""thủ tục cấp mã số thuế doanh nghiệp""","=""10""","=""0""","=""8""","=""Low""","=""false"""
"=""thủ tục cấp mã số thuế thu nhập cá nhân""","=""10""","=""0""","=""10""","=""Low""","=""false"""
"=""thủ tục cập nhật mã số thuế cá nhân""","=""10""","=""0""","=""9""","=""Low""","=""false"""
"=""thủ tục hủy mã số thuế""","=""10""","=""0""","=""6""","=""Low""","=""false"""
"=""thủ tục làm mã số thuế""","=""10""","=""0""","=""6""","=""Low""","=""false"""
"=""thủ tục làm mã số thuế cá nhân""","=""10""","=""0""","=""8""","=""Low""","=""false"""
"=""thủ tục mở mã số thuế cá nhân""","=""10""","=""0""","=""8""","=""Low""","=""false"""
"=""thủ tục mở mã số thuế doanh nghiệp""","=""10""","=""0""","=""8""","=""Low""","=""false"""
"=""thủ tục thay đổi mã số thuế cá nhân""","=""10""","=""0""","=""9""","=""Low""","=""false"""
"=""thủ tục đóng mã số thuế của doanh nghiệp""","=""10""","=""0""","=""9""","=""Low""","=""false"""
"=""thủ tục đóng mã số thuế thu nhập cá nhân""","=""10""","=""0""","=""10""","=""Low""","=""false"""
"=""thủ tục đăng ký cấp mã số thuế cá nhân""","=""10""","=""0""","=""10""","=""Low""","=""false"""
"=""thủ tục đăng ký mã số thuế cho doanh nghiệp""","=""10""","=""0""","=""10""","=""Low""","=""false"""
"=""thủ tục đăng ký mã số thuế cá nhân 2021""","=""10""","=""0""","=""10""","=""Low""","=""false"""
"=""thủ tục đăng ký mã số thuế của doanh nghiệp""","=""10""","=""0""","=""10""","=""Low""","=""false"""
"=""thủ tục đăng ký mã số thuế nhà thầu""","=""10""","=""0""","=""9""","=""Low""","=""false"""
"=""tim kiem ma so thue ca nhan""","=""10""","=""0""","=""7""","=""Low""","=""false"""
"=""tim ma so thue ca nhan cua minh""","=""10""","=""0""","=""8""","=""Low""","=""false"""
"=""tra cmnd ra mã số thuế""","=""10""","=""0""","=""6""","=""Low""","=""false"""
"=""tra cmnd từ mã số thuế""","=""10""","=""0""","=""6""","=""Low""","=""false"""
"=""tra cuu cong ty ma so thue""","=""10""","=""0""","=""7""","=""Low""","=""false"""
"=""tra cuu ma so thue ca nhan qua cmnd""","=""10""","=""0""","=""9""","=""Low""","=""false"""
"=""tra cuu ma so thue ca nhan qua cmt""","=""10""","=""0""","=""9""","=""Low""","=""false"""
"=""tra cuuws mã số thuế""","=""10""","=""0""","=""5""","=""Low""","=""false"""
"=""tra cứu chứng minh nhân dân từ mã số thuế""","=""10""","=""0""","=""10""","=""Low""","=""false"""
"=""tra cứu cmnd bằng mã số thuế""","=""10""","=""0""","=""7""","=""Low""","=""false"""
"=""tra cứu cmnd từ mã số thuế""","=""10""","=""0""","=""7""","=""Low""","=""false"""
"=""tra cứu cmnd từ mã số thuế cá nhân""","=""10""","=""0""","=""9""","=""Low""","=""false"""
"=""tra cứu cty qua mã số thuế""","=""10""","=""0""","=""7""","=""Low""","=""true"""
"=""tra cứu cấp mã số thuế cá nhân""","=""10""","=""0""","=""8""","=""Low""","=""false"""
"=""tra cứu doanh nghiệp bị đóng mã số thuế""","=""10""","=""0""","=""9""","=""Low""","=""false"""
"=""tra cứu mã số doanh nghiệp và mã số thuế""","=""10""","=""0""","=""10""","=""Low""","=""false"""
"=""tra cứu mã số thuế 2021""","=""10""","=""0""","=""6""","=""Low""","=""false"""
"=""tra cứu mã số thuế cmnd""","=""10""","=""0""","=""6""","=""Low""","=""false"""
"=""tra cứu mã số thuế cá nhân 2019""","=""10""","=""0""","=""8""","=""Low""","=""true"""
"=""tra cứu mã số thuế cá nhân 2020""","=""10""","=""0""","=""8""","=""Low""","=""false"""
"=""tra cứu mã số thuế cá nhân 2021""","=""10""","=""0""","=""8""","=""Low""","=""false"""
"=""tra cứu mã số thuế cá nhân 2021 bằng cmnd""","=""10""","=""0""","=""10""","=""Low""","=""false"""
"=""tra cứu mã số thuế cá nhân 2021 online""","=""10""","=""0""","=""9""","=""Low""","=""false"""
"=""tra cứu mã số thuế cá nhân 2022""","=""10""","=""0""","=""8""","=""Low""","=""false"""
"=""tra cứu mã số thuế cá nhân bằng tên""","=""10""","=""0""","=""9""","=""Low""","=""false"""
"=""tra cứu mã số thuế cá nhân năm 2022""","=""10""","=""0""","=""9""","=""Low""","=""false"""
"=""tra cứu mã số thuế cá nhân qua cmnd""","=""10""","=""0""","=""9""","=""Low""","=""false"""
"=""tra cứu mã số thuế cá nhân tcn""","=""10""","=""0""","=""8""","=""Low""","=""false"""
"=""tra cứu mã số thuế cá nhân theo họ tên""","=""10""","=""0""","=""10""","=""Low""","=""false"""
"=""tra cứu mã số thuế cá nhân theo tên""","=""10""","=""0""","=""9""","=""Low""","=""false"""
"=""tra cứu mã số thuế cá nhân trực tuyến""","=""10""","=""0""","=""9""","=""Low""","=""false"""
"=""tra cứu mã số thuế doanh nghiệp 2021""","=""10""","=""0""","=""8""","=""Low""","=""false"""
"=""tra cứu mã số thuế doanh nghiệp trên toàn quốc""","=""10""","=""0""","=""10""","=""Low""","=""false"""
"=""tra cứu mã số thuế ho kinh doanh ca the""","=""10""","=""0""","=""10""","=""Low""","=""false"""
"=""tra cứu mã số thuế nguoi phu thuoc""","=""10""","=""0""","=""8""","=""Low""","=""false"""
"=""tra cứu mã số thuế người phụ thuộc cá nhân""","=""10""","=""0""","=""10""","=""Low""","=""false"""
"=""tra cứu mã số thuế người phụ thuộc tncnonline""","=""10""","=""0""","=""9""","=""Low""","=""false"""
"=""tra cứu mã số thuế online tổng cục thuế""","=""10""","=""0""","=""9""","=""Low""","=""false"""
"=""tra cứu mã số thuế qua chứng minh nhân dân""","=""10""","=""0""","=""10""","=""Low""","=""false"""
"=""tra cứu mã số thuế theo tên cá nhân""","=""10""","=""0""","=""9""","=""Low""","=""false"""
"=""tra cứu mã số thuế thu nhập cá nhân 2021""","=""10""","=""0""","=""10""","=""Low""","=""false"""
"=""tra cứu mã số thuế từ giấy phép kinh doanh""","=""10""","=""0""","=""10""","=""Low""","=""false"""
"=""tra cứu mã số thuế đăng ký kinh doanh""","=""10""","=""0""","=""9""","=""Low""","=""false"""
"=""tra cứu ngày cấp mã số thuế của cơ quan""","=""10""","=""0""","=""10""","=""Low""","=""false"""
"=""tra cứu ngày tháng năm sinh qua mã số thuế""","=""10""","=""0""","=""10""","=""Low""","=""false"""
"=""tra cứu số cmnd từ mã số thuế""","=""10""","=""0""","=""8""","=""Low""","=""false"""
"=""tra cứu thông báo cấp mã số thuế cá nhân""","=""10""","=""0""","=""10""","=""Low""","=""false"""
"=""tra cứu thông tin cá nhân qua mã số thuế""","=""10""","=""0""","=""10""","=""Low""","=""false"""
"=""tra cứu thông tin qua mã số thuế cá nhân""","=""10""","=""0""","=""10""","=""Low""","=""false"""
"=""tra cứu thông tin từ mã số thuế cá nhân""","=""10""","=""0""","=""10""","=""Low""","=""false"""
"=""tra cứu tên cty qua mã số thuế""","=""10""","=""0""","=""8""","=""Low""","=""false"""
"=""tra cứu tên công ty bằng mã số thuế""","=""10""","=""0""","=""9""","=""Low""","=""false"""
"=""tra cứu tên doanh nghiệp qua mã số thuế""","=""10""","=""0""","=""9""","=""Low""","=""false"""
"=""tra cứu tên doanh nghiệp theo mã số thuế""","=""10""","=""0""","=""9""","=""Low""","=""false"""
"=""tra doanh nghiệp bằng mã số thuế""","=""10""","=""0""","=""7""","=""Low""","=""false"""
"=""tra ma so thue ca nhan theo cmnd""","=""10""","=""0""","=""8""","=""Low""","=""false"""
"=""tra ma so thue ca nhan truc tuyen""","=""10""","=""0""","=""8""","=""Low""","=""false"""
"=""tra ma so thue cong ty dang hoat dong""","=""10""","=""0""","=""9""","=""Low""","=""false"""
"=""tra mã số thuê thu nhập cá nhân""","=""10""","=""0""","=""8""","=""Low""","=""false"""
"=""tra mã số thuế bằng chứng minh thư""","=""10""","=""0""","=""8""","=""Low""","=""false"""
"=""tra mã số thuế cá nhân 2021""","=""10""","=""0""","=""7""","=""Low""","=""false"""
"=""tra mã số thuế cá nhân 2022""","=""10""","=""0""","=""7""","=""Low""","=""false"""
"=""tra mã số thuế cá nhân bằng chứng minh thư""","=""10""","=""0""","=""10""","=""Low""","=""false"""
"=""tra mã số thuế cá nhân bằng tên""","=""10""","=""0""","=""8""","=""Low""","=""false"""
"=""tra mã số thuế cá nhân của người phụ thuộc""","=""10""","=""0""","=""10""","=""Low""","=""false"""
"=""tra mã số thuế cá nhân người phụ thuộc""","=""10""","=""0""","=""9""","=""Low""","=""false"""
"=""tra mã số thuế cá nhân theo chứng minh thư""","=""10""","=""0""","=""10""","=""Low""","=""false"""
"=""tra mã số thuế cá nhân theo tên""","=""10""","=""0""","=""8""","=""Low""","=""false"""
"=""tra mã số thuế cá nhân từ cmnd""","=""10""","=""0""","=""8""","=""Low""","=""false"""
"=""tra mã số thuế ho kinh doanh""","=""10""","=""0""","=""7""","=""Low""","=""false"""
"=""tra mã số thuế người phụ thuộc 2021""","=""10""","=""0""","=""8""","=""Low""","=""false"""
"=""tra mã số thuế qua chứng minh thư""","=""10""","=""0""","=""8""","=""Low""","=""false"""
"=""tra mã số thuế qua cmnd""","=""10""","=""0""","=""6""","=""Low""","=""false"""
"=""tra mã số thuế theo chứng minh thư""","=""10""","=""0""","=""8""","=""Low""","=""false"""
"=""tra mã số thuế theo tên công ty""","=""10""","=""0""","=""8""","=""Low""","=""false"""
"=""tra mã số thuế thu nhập""","=""10""","=""0""","=""6""","=""Low""","=""false"""
"=""tra mã số thuế thu nhập cá nhân bằng cmnd""","=""10""","=""0""","=""10""","=""Low""","=""false"""
"=""tra mã số thuế thu nhập cá nhân theo cmnd""","=""10""","=""0""","=""10""","=""Low""","=""false"""
"=""tra mã số thuế thu nhập cá nhân trực tuyến""","=""10""","=""0""","=""10""","=""Low""","=""false"""
"=""tra mã số thuế từ chứng minh thư""","=""10""","=""0""","=""8""","=""Low""","=""false"""
"=""tra ngành nghề kinh doanh từ mã số thuế""","=""10""","=""0""","=""9""","=""Low""","=""false"""
"=""tra ngành nghề theo mã số thuế""","=""10""","=""0""","=""7""","=""Low""","=""false"""
"=""tra số cmnd từ mã số thuế""","=""10""","=""0""","=""7""","=""Low""","=""false"""
"=""tra số điện thoại công ty qua mã số thuế""","=""10""","=""0""","=""10""","=""Low""","=""false"""
"=""tra thông tin cá nhân qua mã số thuế""","=""10""","=""0""","=""9""","=""Low""","=""false"""
"=""tra thông tin doanh nghiệp theo mã số thuế""","=""10""","=""0""","=""9""","=""Low""","=""false"""
"=""tra thông tin từ mã số thuế cá nhân""","=""10""","=""0""","=""9""","=""Low""","=""false"""
"=""tra tên cty qua mã số thuế""","=""10""","=""0""","=""7""","=""Low""","=""false"""
"=""tra tên công ty từ mã số thuế""","=""10""","=""0""","=""8""","=""Low""","=""false"""
"=""tra tên doanh nghiệp qua mã số thuế""","=""10""","=""0""","=""8""","=""Low""","=""false"""
"=""tra tên doanh nghiệp theo mã số thuế""","=""10""","=""0""","=""8""","=""Low""","=""false"""
"=""trang mã số thuế cá nhân""","=""10""","=""0""","=""6""","=""Low""","=""false"""
"=""trang đăng ký mã số thuế cá nhân""","=""10""","=""0""","=""8""","=""Low""","=""false"""
"=""trường hợp chưa có mã số thuế cá nhân""","=""10""","=""0""","=""9""","=""Low""","=""false"""
"=""trường hợp cá nhân không có mã số thuế""","=""10""","=""0""","=""9""","=""Low""","=""false"""
"=""trường hợp có 2 mã số thuế cá nhân""","=""10""","=""0""","=""9""","=""Low""","=""false"""
"=""trường hợp không có mã số thuế cá nhân""","=""10""","=""0""","=""9""","=""Low""","=""false"""
"=""trường mầm non có mã số thuế không""","=""10""","=""0""","=""8""","=""Low""","=""false"""
"=""tổng cục thuế đăng ký mã số thuế cá nhân""","=""10""","=""0""","=""10""","=""Low""","=""false"""
"=""tổng đài mã số thuế cá nhân""","=""10""","=""0""","=""7""","=""Low""","=""false"""
"=""tờ khai mã số thuế""","=""10""","=""0""","=""5""","=""Low""","=""true"""
"=""đang ký mã số thuế cá nhân qua mạng""","=""10""","=""0""","=""9""","=""Low""","=""false"""
"=""điều chỉnh mã số thuế cá nhân""","=""10""","=""0""","=""7""","=""Low""","=""false"""
"=""điều chỉnh thông tin mã số thuế cá nhân""","=""10""","=""0""","=""9""","=""Low""","=""false"""
"=""điều kiện đăng ký mã số thuế cá nhân""","=""10""","=""0""","=""9""","=""Low""","=""false"""
"=""đăng ký cấp mã số thuế thu nhập cá nhân""","=""10""","=""0""","=""10""","=""Low""","=""false"""
"=""đăng ký ma so thue tncn qua mang""","=""10""","=""0""","=""8""","=""Low""","=""false"""
"=""đăng ký mã số thuế ca nhan online""","=""10""","=""0""","=""8""","=""Low""","=""false"""
"=""đăng ký mã số thuế cho văn phòng đại diện""","=""10""","=""0""","=""10""","=""Low""","=""false"""
"=""đăng ký mã số thuế cá nhân cho sinh viên""","=""10""","=""0""","=""10""","=""Low""","=""false"""
"=""đăng ký mã số thuế cá nhân htkk""","=""10""","=""0""","=""8""","=""Low""","=""false"""
"=""đăng ký mã số thuế cá nhân online 2021""","=""10""","=""0""","=""9""","=""Low""","=""false"""
"=""đăng ký mã số thuế cá nhân online 2022""","=""10""","=""0""","=""9""","=""Low""","=""false"""
"=""đăng ký mã số thuế cá nhân qua htkk""","=""10""","=""0""","=""9""","=""Low""","=""false"""
"=""đăng ký mã số thuế cá nhân qua mạng""","=""10""","=""0""","=""9""","=""Low""","=""false"""
"=""đăng ký mã số thuế cá nhân trên htkk""","=""10""","=""0""","=""9""","=""Low""","=""false"""
"=""đăng ký mã số thuế cá nhân trên ts24""","=""10""","=""0""","=""9""","=""Low""","=""false"""
"=""đăng ký mã số thuế cá nhân trực tiếp""","=""10""","=""0""","=""9""","=""Low""","=""false"""
"=""đăng ký mã số thuế hộ kinh doanh qua mạng""","=""10""","=""0""","=""10""","=""Low""","=""false"""
"=""đăng ký mã số thuế người phụ thuộc 2022""","=""10""","=""0""","=""9""","=""Low""","=""false"""
"=""đăng ký mã số thuế qua mạng""","=""10""","=""0""","=""7""","=""Low""","=""false"""
"=""đăng ký mã số thuế trên hệ thống hải quan""","=""10""","=""0""","=""10""","=""Low""","=""false"""
"=""đăng ký mã số thuế với tổng cục hải quan""","=""10""","=""0""","=""10""","=""Low""","=""false"""
"=""đề nghị cấp mã số thuế cá nhân""","=""10""","=""0""","=""8""","=""Low""","=""false"""
"=""đối tượng phải đăng ký mã số thuế cá nhân""","=""10""","=""0""","=""10""","=""Low""","=""false"""
"=""đổi thông tin mã số thuế cá nhân""","=""10""","=""0""","=""8""","=""Low""","=""false"""
"=""ứng dụng tra cứu mã số thuế""","=""10""","=""0""","=""7""","=""Low""","=""false"""
"=""aa corporation mã số thuế""","=""10""","=""0""","=""5""","=""Low""","=""true"""
"=""đăng ký mã số thuế affiliate""","=""10""","=""0""","=""6""","=""Low""","=""false"""
"=""tra cứu mã số thuế shopee affiliate""","=""10""","=""0""","=""7""","=""Low""","=""false"""
"=""bss group mã số thuế""","=""10""","=""0""","=""5""","=""Low""","=""false"""
"=""đổi mã số thuế cmnd sang cccd""","=""10""","=""0""","=""7""","=""Low""","=""false"""
"=""tra mã số thuế cn""","=""10""","=""0""","=""5""","=""Low""","=""false"""
"=""dc media mã số thuế""","=""10""","=""0""","=""5""","=""Low""","=""false"""
"=""featurii mã số thuế""","=""10""","=""0""","=""4""","=""Low""","=""false"""
"=""gut label mã số thuế""","=""10""","=""0""","=""5""","=""Low""","=""false"""
"=""đóng mã số thuế hkd online""","=""10""","=""0""","=""6""","=""Low""","=""false"""
"=""hq group mã số thuế""","=""10""","=""0""","=""5""","=""Low""","=""false"""
"=""tra mã số thuế hộ kd""","=""10""","=""0""","=""6""","=""Low""","=""false"""
"=""kdi holdings mã số thuế""","=""10""","=""0""","=""5""","=""Low""","=""false"""
"=""lpl logistics mã số thuế""","=""10""","=""0""","=""5""","=""Low""","=""false"""
"=""tra mã số thuế npt""","=""10""","=""0""","=""5""","=""Low""","=""false"""
"=""hủy mã số thuế npt""","=""10""","=""0""","=""5""","=""Low""","=""false"""
"=""nlđ có 2 mã số thuế""","=""10""","=""0""","=""6""","=""Low""","=""false"""
"=""tra cứu mã số thuế org""","=""10""","=""0""","=""6""","=""Low""","=""false"""
"=""tra mã số thuế ra tên công ty""","=""10""","=""0""","=""8""","=""Low""","=""false"""
"=""wesaam mã số thuế""","=""10""","=""0""","=""4""","=""Low""","=""false"""
"=""xoá mã số thuế thứ 2""","=""10""","=""0""","=""6""","=""Low""","=""false"""
"=""sai mã số thuế xuất hóa đơn thay thế""","=""10""","=""0""","=""9""","=""Low""","=""false"""
"=""mã zip mã số thuế là gì""","=""10""","=""0""","=""7""","=""Low""","=""false"""
"=""zim academy mã số thuế""","=""10""","=""0""","=""5""","=""Low""","=""false"""
"=""tổng hợp mã số thuế 63 tỉnh""","=""10""","=""0""","=""7""","=""Low""","=""false"""
"=""làm thế nào để biết mã số thuế""","=""10""","=""0""","=""8""","=""Low""","=""false"""
"=""làm mã số thuế để làm gì""","=""10""","=""0""","=""7""","=""Low""","=""false"""
"=""bị khóa mã số thuế có giải thể được không""","=""10""","=""0""","=""10""","=""Low""","=""false"""
"=""bị đóng mã số thuế có giải thể được không""","=""10""","=""0""","=""10""","=""Low""","=""false"""
"=""vì sao mã số thuế không hợp lệ""","=""10""","=""0""","=""8""","=""Low""","=""false"""
"=""vì sao có 2 mã số thuế""","=""10""","=""0""","=""7""","=""Low""","=""false"""
"=""có nên đưa mã số thuế cho người khác""","=""10""","=""0""","=""9""","=""Low""","=""false"""
"=""cách tra mã số thuế người phụ thuộc 2022""","=""0""","=""0""","=""9""","=""Low""","=""false"""
"=""cách đăng ký mã số thuế cá nhân 2021""","=""0""","=""0""","=""9""","=""Low""","=""false"""
"=""cách đăng ký mã số thuế cá nhân 2021 online""","=""0""","=""0""","=""10""","=""Low""","=""false"""
"=""cách đăng ký mã số thuế cá nhân 2022""","=""0""","=""0""","=""9""","=""Low""","=""false"""
"=""cách đăng ký mã số thuế cá nhân năm 2021""","=""0""","=""0""","=""10""","=""Low""","=""false"""
"=""cách đăng ký mã số thuế cá nhân qua nhantokhai""","=""0""","=""0""","=""10""","=""Low""","=""false"""
"=""cách đăng ký mã số thuế người phụ thuộc 2022""","=""0""","=""0""","=""10""","=""Low""","=""false"""
"=""hướng dẫn đăng ký mã số thuế cá nhân 2021""","=""0""","=""0""","=""10""","=""Low""","=""false"""
"=""tra cứu mã số thuế người phụ thuộc 2021""","=""0""","=""0""","=""9""","=""Low""","=""false"""
"=""tra cứu mã số thuế người phụ thuộc 2022""","=""0""","=""0""","=""9""","=""Low""","=""false"""
"=""tra cứu ngày cấp mã số thuế cá nhân 2019""","=""0""","=""0""","=""10""","=""Low""","=""false"""
"=""tra mã số thuế cá nhân 2020""","=""0""","=""0""","=""7""","=""Low""","=""false"""
"=""tra mã số thuế người phụ thuộc 2022""","=""0""","=""0""","=""8""","=""Low""","=""false"""
"=""đăng ký mã số thuế cá nhân 2021""","=""0""","=""0""","=""8""","=""Low""","=""false"""
"=""đăng ký mã số thuế cá nhân 2022""","=""0""","=""0""","=""8""","=""Low""","=""false"""
"=""đăng ký mã số thuế nhà thầu 2022""","=""0""","=""0""","=""8""","=""Low""","=""false"""
"=""đăng ký mã số thuế nhà thầu qua mạng 2022""","=""0""","=""0""","=""10""","=""Low""","=""false"""
"=""đăng ký mã số thuế thu nhập cá nhân 2021""","=""0""","=""0""","=""10""","=""Low""","=""false"""
"=""đăng ký mã số thuế thu nhập cá nhân 2022""","=""0""","=""0""","=""10""","=""Low""","=""false"""
"=""abby mã số thuế""","=""0""","=""0""","=""4""","=""Low""","=""false"""
"=""abipha mã số thuế""","=""0""","=""0""","=""4""","=""Low""","=""false"""
"=""abivin mã số thuế""","=""0""","=""0""","=""4""","=""Low""","=""false"""
"=""aag mã số thuế""","=""0""","=""0""","=""4""","=""Low""","=""false"""
"=""axit mã số thuế""","=""0""","=""0""","=""4""","=""Low""","=""false"""
"=""adg mã số thuế""","=""0""","=""0""","=""4""","=""Low""","=""false"""
"=""đăng ký mã số thuế affiliate tiktok""","=""0""","=""0""","=""7""","=""Low""","=""false"""
"=""đăng ký mã số thuế affiliate shopee""","=""0""","=""0""","=""7""","=""Low""","=""false"""
"=""affina mã số thuế""","=""0""","=""0""","=""4""","=""Low""","=""false"""
"=""aht tech mã số thuế""","=""0""","=""0""","=""5""","=""Low""","=""false"""
"=""ahs property mã số thuế""","=""0""","=""0""","=""5""","=""Low""","=""false"""
"=""ajinomoto vietnam mã số thuế""","=""0""","=""0""","=""5""","=""Low""","=""false"""
"=""akuba mã số thuế""","=""0""","=""0""","=""4""","=""Low""","=""false"""
"=""akano mã số thuế""","=""0""","=""0""","=""4""","=""Low""","=""false"""
"=""aka real mã số thuế""","=""0""","=""0""","=""5""","=""Low""","=""false"""
"=""aerobic mã số thuế""","=""0""","=""0""","=""4""","=""Low""","=""false"""
"=""aristino mã số thuế""","=""0""","=""0""","=""4""","=""Low""","=""false"""
"=""arteco mã số thuế""","=""0""","=""0""","=""4""","=""Low""","=""false"""
"=""artelia mã số thuế""","=""0""","=""0""","=""4""","=""Low""","=""false"""
"=""aon vietnam mã số thuế""","=""0""","=""0""","=""5""","=""Low""","=""false"""
"=""awake english mã số thuế""","=""0""","=""0""","=""5""","=""Low""","=""false"""
"=""away digital mã số thuế""","=""0""","=""0""","=""5""","=""Low""","=""false"""
"=""ave global mã số thuế""","=""0""","=""0""","=""5""","=""Low""","=""false"""
"=""avat media mã số thuế""","=""0""","=""0""","=""5""","=""Low""","=""false"""
"=""atx mã số thuế""","=""0""","=""0""","=""4""","=""Low""","=""false"""
"=""aztax mã số thuế""","=""0""","=""0""","=""4""","=""Low""","=""false"""
"=""azvlaw mã số thuế""","=""0""","=""0""","=""4""","=""Low""","=""false"""
"=""az architects mã số thuế""","=""0""","=""0""","=""5""","=""Low""","=""false"""
"=""azura global mã số thuế""","=""0""","=""0""","=""5""","=""Low""","=""false"""
"=""az group mã số thuế""","=""0""","=""0""","=""5""","=""Low""","=""false"""
"=""bc agency mã số thuế""","=""0""","=""0""","=""5""","=""Low""","=""false"""
"=""bcg energy mã số thuế""","=""0""","=""0""","=""5""","=""Low""","=""false"""
"=""bcg vietnam mã số thuế""","=""0""","=""0""","=""5""","=""Low""","=""false"""
"=""bcg land mã số thuế""","=""0""","=""0""","=""5""","=""Low""","=""false"""
"=""bmb steel mã số thuế""","=""0""","=""0""","=""5""","=""Low""","=""false"""
"=""bm web mã số thuế""","=""0""","=""0""","=""5""","=""Low""","=""false"""
"=""bnk solution mã số thuế""","=""0""","=""0""","=""5""","=""Low""","=""false"""
"=""blueoc mã số thuế""","=""0""","=""0""","=""4""","=""Low""","=""false"""
"=""blockbase mã số thuế""","=""0""","=""0""","=""4""","=""Low""","=""false"""
"=""bluescope mã số thuế""","=""0""","=""0""","=""4""","=""Low""","=""false"""
"=""blue media mã số thuế""","=""0""","=""0""","=""5""","=""Low""","=""false"""
"=""blue peach mã số thuế""","=""0""","=""0""","=""5""","=""Low""","=""false"""
"=""blueseed group mã số thuế""","=""0""","=""0""","=""5""","=""Low""","=""false"""
"=""bkacad mã số thuế""","=""0""","=""0""","=""4""","=""Low""","=""false"""
"=""bsi mã số thuế""","=""0""","=""0""","=""4""","=""Low""","=""false"""
"=""bs group mã số thuế""","=""0""","=""0""","=""5""","=""Low""","=""false"""
"=""tra cứu mã số thuế btc""","=""0""","=""0""","=""6""","=""Low""","=""false"""
"=""bt group mã số thuế""","=""0""","=""0""","=""5""","=""Low""","=""false"""
"=""btp holdings mã số thuế""","=""0""","=""0""","=""5""","=""Low""","=""false"""
"=""bwid mã số thuế""","=""0""","=""0""","=""4""","=""Low""","=""false"""
"=""bw industrial mã số thuế""","=""0""","=""0""","=""5""","=""Low""","=""false"""
"=""cma cgm mã số thuế""","=""0""","=""0""","=""5""","=""Low""","=""false"""
"=""cg record mã số thuế""","=""0""","=""0""","=""5""","=""Low""","=""false"""
"=""citibank mã số thuế""","=""0""","=""0""","=""4""","=""Low""","=""false"""
"=""cleverads mã số thuế""","=""0""","=""0""","=""4""","=""Low""","=""false"""
"=""cloudaz mã số thuế""","=""0""","=""0""","=""4""","=""Low""","=""false"""
"=""cnc mã số thuế""","=""0""","=""0""","=""4""","=""Low""","=""false"""
"=""crossian mã số thuế""","=""0""","=""0""","=""4""","=""Low""","=""false"""
"=""cybersoft mã số thuế""","=""0""","=""0""","=""4""","=""Low""","=""false"""
"=""cystack mã số thuế""","=""0""","=""0""","=""4""","=""Low""","=""false"""
"=""cyhair mã số thuế""","=""0""","=""0""","=""4""","=""Low""","=""false"""
"=""cybersoft academy mã số thuế""","=""0""","=""0""","=""5""","=""Low""","=""false"""
"=""cyber eye mã số thuế""","=""0""","=""0""","=""5""","=""Low""","=""false"""
"=""apps cyclone mã số thuế""","=""0""","=""0""","=""5""","=""Low""","=""false"""
"=""cmc cyber security mã số thuế""","=""0""","=""0""","=""6""","=""Low""","=""false"""
"=""db schenker mã số thuế""","=""0""","=""0""","=""5""","=""Low""","=""false"""
"=""dbs bank mã số thuế""","=""0""","=""0""","=""5""","=""Low""","=""false"""
"=""tra cứu mã số thuế dkkd""","=""0""","=""0""","=""6""","=""Low""","=""false"""
"=""dmobin mã số thuế""","=""0""","=""0""","=""4""","=""Low""","=""false"""
"=""dmspro mã số thuế""","=""0""","=""0""","=""4""","=""Low""","=""false"""
"=""asia dmc mã số thuế""","=""0""","=""0""","=""5""","=""Low""","=""false"""
"=""lux travel dmc mã số thuế""","=""0""","=""0""","=""6""","=""Low""","=""false"""
"=""dpm mã số thuế""","=""0""","=""0""","=""4""","=""Low""","=""false"""
"=""drceutics mã số thuế""","=""0""","=""0""","=""4""","=""Low""","=""false"""
"=""dreams entertainment mã số thuế""","=""0""","=""0""","=""5""","=""Low""","=""false"""
"=""dtc mã số thuế""","=""0""","=""0""","=""4""","=""Low""","=""false"""
"=""dtg mã số thuế""","=""0""","=""0""","=""4""","=""Low""","=""false"""
"=""dtp mã số thuế""","=""0""","=""0""","=""4""","=""Low""","=""false"""
"=""dt group mã số thuế""","=""0""","=""0""","=""5""","=""Low""","=""false"""
"=""dtp education solutions mã số thuế""","=""0""","=""0""","=""6""","=""Low""","=""false"""
"=""dxtech mã số thuế""","=""0""","=""0""","=""4""","=""Low""","=""false"""
"=""dyson mã số thuế""","=""0""","=""0""","=""4""","=""Low""","=""false"""
"=""vin vindynamics mã số thuế""","=""0""","=""0""","=""5""","=""Low""","=""false"""
"=""dym medical center mã số thuế""","=""0""","=""0""","=""6""","=""Low""","=""false"""
"=""dvc mã số thuế""","=""0""","=""0""","=""4""","=""Low""","=""false"""
"=""đăng ký mã số thuế trên dvc""","=""0""","=""0""","=""7""","=""Low""","=""false"""
"=""dss group mã số thuế""","=""0""","=""0""","=""5""","=""Low""","=""false"""
"=""efis english mã số thuế""","=""0""","=""0""","=""5""","=""Low""","=""false"""
"=""daily effect mã số thuế""","=""0""","=""0""","=""5""","=""Low""","=""false"""
"=""eguru mã số thuế""","=""0""","=""0""","=""4""","=""Low""","=""false"""
"=""ecommax mã số thuế""","=""0""","=""0""","=""4""","=""Low""","=""false"""
"=""ecochic mã số thuế""","=""0""","=""0""","=""4""","=""Low""","=""false"""
"=""eherbal mã số thuế""","=""0""","=""0""","=""4""","=""Low""","=""false"""
"=""ninety eight mã số thuế""","=""0""","=""0""","=""5""","=""Low""","=""false"""
"=""eiv education mã số thuế""","=""0""","=""0""","=""5""","=""Low""","=""false"""
"=""ekotek mã số thuế""","=""0""","=""0""","=""4""","=""Low""","=""false"""
"=""eon tech mã số thuế""","=""0""","=""0""","=""5""","=""Low""","=""false"""
"=""eori có phải mã số thuế không""","=""0""","=""0""","=""7""","=""Low""","=""false"""
"=""equix technologies mã số thuế""","=""0""","=""0""","=""5""","=""Low""","=""false"""
"=""epi mã số thuế""","=""0""","=""0""","=""4""","=""Low""","=""false"""
"=""eplegal mã số thuế""","=""0""","=""0""","=""4""","=""Low""","=""false"""
"=""eras group mã số thuế""","=""0""","=""0""","=""5""","=""Low""","=""false"""
"=""era vietnam mã số thuế""","=""0""","=""0""","=""5""","=""Low""","=""false"""
"=""new era group mã số thuế""","=""0""","=""0""","=""6""","=""Low""","=""false"""
"=""ernst and young mã số thuế""","=""0""","=""0""","=""6""","=""Low""","=""false"""
"=""easy edu mã số thuế""","=""0""","=""0""","=""5""","=""Low""","=""false"""
"=""easia travel mã số thuế""","=""0""","=""0""","=""5""","=""Low""","=""false"""
"=""polytex far eastern mã số thuế""","=""0""","=""0""","=""6""","=""Low""","=""false"""
"=""eurostyle mã số thuế""","=""0""","=""0""","=""4""","=""Low""","=""false"""
"=""eurostone mã số thuế""","=""0""","=""0""","=""4""","=""Low""","=""false"""
"=""eureka mã số thuế""","=""0""","=""0""","=""4""","=""Low""","=""false"""
"=""eurocham mã số thuế""","=""0""","=""0""","=""4""","=""Low""","=""false"""
"=""hato eyewear mã số thuế""","=""0""","=""0""","=""5""","=""Low""","=""false"""
"=""ey hanoi mã số thuế""","=""0""","=""0""","=""5""","=""Low""","=""false"""
"=""fbshop mã số thuế""","=""0""","=""0""","=""4""","=""Low""","=""false"""
"=""cách nhập mã số thuế trên fb""","=""0""","=""0""","=""7""","=""Low""","=""false"""
"=""fc future mã số thuế""","=""0""","=""0""","=""5""","=""Low""","=""false"""
"=""công ty fcc mã số thuế""","=""0""","=""0""","=""6""","=""Low""","=""false"""
"=""fgl mã số thuế""","=""0""","=""0""","=""4""","=""Low""","=""false"""
"=""esec mã số thuế""","=""0""","=""0""","=""4""","=""Low""","=""false"""
"=""esoft mã số thuế""","=""0""","=""0""","=""4""","=""Low""","=""false"""
"=""estec mã số thuế""","=""0""","=""0""","=""4""","=""Low""","=""false"""
"=""esmart mã số thuế""","=""0""","=""0""","=""4""","=""Low""","=""false"""
"=""esora academy mã số thuế""","=""0""","=""0""","=""5""","=""Low""","=""false"""
"=""fed english mã số thuế""","=""0""","=""0""","=""5""","=""Low""","=""false"""
"=""eztech mã số thuế""","=""0""","=""0""","=""4""","=""Low""","=""false"""
"=""ezhouse mã số thuế""","=""0""","=""0""","=""4""","=""Low""","=""false"""
"=""ez travel mã số thuế""","=""0""","=""0""","=""5""","=""Low""","=""false"""
"=""flamingo mã số thuế""","=""0""","=""0""","=""4""","=""Low""","=""false"""
"=""flexidata mã số thuế""","=""0""","=""0""","=""4""","=""Low""","=""false"""
"=""galaxy pay mã số thuế""","=""0""","=""0""","=""5""","=""Low""","=""false"""
"=""galaxy mã số thuế""","=""0""","=""0""","=""4""","=""Low""","=""false"""
"=""fv hospital mã số thuế""","=""0""","=""0""","=""5""","=""Low""","=""false"""
"=""tra mã số thuế gdt""","=""0""","=""0""","=""5""","=""Low""","=""false"""
"=""tra cứu mã số thuế gdt gov""","=""0""","=""0""","=""7""","=""Low""","=""false"""
"=""gdata mã số thuế""","=""0""","=""0""","=""4""","=""Low""","=""false"""
"=""tập đoàn gfs mã số thuế""","=""0""","=""0""","=""6""","=""Low""","=""false"""
"=""gcool mã số thuế""","=""0""","=""0""","=""4""","=""Low""","=""false"""
"=""gmo runsystem mã số thuế""","=""0""","=""0""","=""5""","=""Low""","=""false"""
"=""tra cứu mã số thuế gpkd""","=""0""","=""0""","=""6""","=""Low""","=""false"""
"=""gpay mã số thuế""","=""0""","=""0""","=""4""","=""Low""","=""false"""
"=""gp invest mã số thuế""","=""0""","=""0""","=""5""","=""Low""","=""false"""
"=""gpt land mã số thuế""","=""0""","=""0""","=""5""","=""Low""","=""false"""
"=""gpkd không có mã số thuế""","=""0""","=""0""","=""6""","=""Low""","=""false"""
"=""gg mã số thuế""","=""0""","=""0""","=""4""","=""Low""","=""false"""
"=""gg tra mã số thuế""","=""0""","=""0""","=""5""","=""Low""","=""false"""
"=""thêm mã số thuế gst number""","=""0""","=""0""","=""6""","=""Low""","=""false"""
"=""gumac mã số thuế""","=""0""","=""0""","=""4""","=""Low""","=""false"""
"=""gumi mã số thuế""","=""0""","=""0""","=""4""","=""Low""","=""false"""
"=""guta cafe mã số thuế""","=""0""","=""0""","=""5""","=""Low""","=""false"""
"=""guardian vietnam mã số thuế""","=""0""","=""0""","=""5""","=""Low""","=""false"""
"=""học viện guru mã số thuế""","=""0""","=""0""","=""6""","=""Low""","=""false"""
"=""fts mã số thuế""","=""0""","=""0""","=""4""","=""Low""","=""false"""
"=""gymstore mã số thuế""","=""0""","=""0""","=""4""","=""Low""","=""false"""
"=""s life gym mã số thuế""","=""0""","=""0""","=""6""","=""Low""","=""false"""
"=""khơ mon gym mã số thuế""","=""0""","=""0""","=""6""","=""Low""","=""false"""
"=""hdhomes mã số thuế""","=""0""","=""0""","=""4""","=""Low""","=""false"""
"=""hg media mã số thuế""","=""0""","=""0""","=""5""","=""Low""","=""false"""
"=""hh glory mã số thuế""","=""0""","=""0""","=""5""","=""Low""","=""false"""
"=""đóng mã số thuế hkd""","=""0""","=""0""","=""5""","=""Low""","=""false"""
"=""tìm mã số thuế hkd""","=""0""","=""0""","=""5""","=""Low""","=""false"""
"=""hủy mã số thuế hkd""","=""0""","=""0""","=""5""","=""Low""","=""false"""
"=""hpk entertainment mã số thuế""","=""0""","=""0""","=""5""","=""Low""","=""false"""
"=""hpt vietnam corporation mã số thuế""","=""0""","=""0""","=""6""","=""Low""","=""false"""
"=""tra cứu mã số thuế hs code""","=""0""","=""0""","=""7""","=""Low""","=""false"""
"=""hrchannels mã số thuế""","=""0""","=""0""","=""4""","=""Low""","=""false"""
"=""hr2b mã số thuế""","=""0""","=""0""","=""4""","=""Low""","=""false"""
"=""hl shipping mã số thuế""","=""0""","=""0""","=""5""","=""Low""","=""false"""
"=""hvc group mã số thuế""","=""0""","=""0""","=""5""","=""Low""","=""false"""
"=""hvn travel mã số thuế""","=""0""","=""0""","=""5""","=""Low""","=""false"""
"=""hv group mã số thuế""","=""0""","=""0""","=""5""","=""Low""","=""false"""
"=""hmk mã số thuế""","=""0""","=""0""","=""4""","=""Low""","=""false"""
"=""mắt kính hmk mã số thuế""","=""0""","=""0""","=""6""","=""Low""","=""false"""
"=""hymetco mã số thuế""","=""0""","=""0""","=""4""","=""Low""","=""false"""
"=""iart holdings mã số thuế""","=""0""","=""0""","=""5""","=""Low""","=""false"""
"=""ibaohiem mã số thuế""","=""0""","=""0""","=""4""","=""Low""","=""false"""
"=""ibone fisio mã số thuế""","=""0""","=""0""","=""5""","=""Low""","=""false"""
"=""công ty idico mã số thuế""","=""0""","=""0""","=""6""","=""Low""","=""false"""
"=""idnes mã số thuế""","=""0""","=""0""","=""4""","=""Low""","=""false"""
"=""idocean mã số thuế""","=""0""","=""0""","=""4""","=""Low""","=""false"""
"=""ierp mã số thuế""","=""0""","=""0""","=""4""","=""Low""","=""false"""
"=""tdp ielts mã số thuế""","=""0""","=""0""","=""5""","=""Low""","=""false"""
"=""ielts 1984 mã số thuế""","=""0""","=""0""","=""5""","=""Low""","=""false"""
"=""ielts langgo mã số thuế""","=""0""","=""0""","=""5""","=""Low""","=""false"""
"=""ielts city mã số thuế""","=""0""","=""0""","=""5""","=""Low""","=""false"""
"=""igc group mã số thuế""","=""0""","=""0""","=""5""","=""Low""","=""false"""
"=""ikame mã số thuế""","=""0""","=""0""","=""4""","=""Low""","=""false"""
"=""ikea mã số thuế""","=""0""","=""0""","=""4""","=""Low""","=""false"""
"=""ikame global mã số thuế""","=""0""","=""0""","=""5""","=""Low""","=""false"""
"=""ikes ielts mã số thuế""","=""0""","=""0""","=""5""","=""Low""","=""false"""
"=""imedia mã số thuế""","=""0""","=""0""","=""4""","=""Low""","=""false"""
"=""imtc mã số thuế""","=""0""","=""0""","=""4""","=""Low""","=""false"""
"=""ipad mã số thuế""","=""0""","=""0""","=""4""","=""Low""","=""false"""
"=""ipp group mã số thuế""","=""0""","=""0""","=""5""","=""Low""","=""false"""
"=""ipp travel retail mã số thuế""","=""0""","=""0""","=""6""","=""Low""","=""false"""
"=""cách đăng ký mã số thuế trên ipad mobile""","=""0""","=""0""","=""9""","=""Low""","=""false"""
"=""công ty ipc mã số thuế""","=""0""","=""0""","=""6""","=""Low""","=""false"""
"=""irtech mã số thuế""","=""0""","=""0""","=""4""","=""Low""","=""false"""
"=""in mã số thuế""","=""0""","=""0""","=""4""","=""Low""","=""false"""
"=""ivi group mã số thuế""","=""0""","=""0""","=""5""","=""Low""","=""false"""
"=""ivy global school mã số thuế""","=""0""","=""0""","=""6""","=""Low""","=""false"""
"=""iqvia mã số thuế""","=""0""","=""0""","=""4""","=""Low""","=""false"""
"=""japanit matcha mã số thuế""","=""0""","=""0""","=""5""","=""Low""","=""false"""
"=""jcb mã số thuế""","=""0""","=""0""","=""4""","=""Low""","=""false"""
"=""jc design group mã số thuế""","=""0""","=""0""","=""6""","=""Low""","=""false"""
"=""tech jdi mã số thuế""","=""0""","=""0""","=""5""","=""Low""","=""false"""
"=""jemmia diamond mã số thuế""","=""0""","=""0""","=""5""","=""Low""","=""false"""
"=""kat jewelry mã số thuế""","=""0""","=""0""","=""5""","=""Low""","=""false"""
"=""helia fine jewelry mã số thuế""","=""0""","=""0""","=""6""","=""Low""","=""false"""
"=""cao fine jewellery mã số thuế""","=""0""","=""0""","=""6""","=""Low""","=""false"""
"=""tra mã số thuế htx""","=""0""","=""0""","=""5""","=""Low""","=""false"""
"=""jj travel mã số thuế""","=""0""","=""0""","=""5""","=""Low""","=""false"""
"=""izone mã số thuế""","=""0""","=""0""","=""4""","=""Low""","=""false"""
"=""jobtest mã số thuế""","=""0""","=""0""","=""4""","=""Low""","=""false"""
"=""joybit mã số thuế""","=""0""","=""0""","=""4""","=""Low""","=""false"""
"=""joboko mã số thuế""","=""0""","=""0""","=""4""","=""Low""","=""false"""
"=""joymall mã số thuế""","=""0""","=""0""","=""4""","=""Low""","=""false"""
"=""jprotech mã số thuế""","=""0""","=""0""","=""4""","=""Low""","=""false"""
"=""multimedia jsc mã số thuế""","=""0""","=""0""","=""5""","=""Low""","=""false"""
"=""vietnam grocery jsc mã số thuế""","=""0""","=""0""","=""6""","=""Low""","=""false"""
"=""vietnam airlines jsc mã số thuế""","=""0""","=""0""","=""6""","=""Low""","=""false"""
"=""justfit mã số thuế""","=""0""","=""0""","=""4""","=""Low""","=""false"""
"=""juki mã số thuế""","=""0""","=""0""","=""4""","=""Low""","=""false"""
"=""jupviec mã số thuế""","=""0""","=""0""","=""4""","=""Low""","=""false"""
"=""jubin studio mã số thuế""","=""0""","=""0""","=""5""","=""Low""","=""false"""
"=""ms hoa junior mã số thuế""","=""0""","=""0""","=""6""","=""Low""","=""false"""
"=""jvc mã số thuế""","=""0""","=""0""","=""4""","=""Low""","=""false"""
"=""jm dress design mã số thuế""","=""0""","=""0""","=""6""","=""Low""","=""false"""
"=""jysk mã số thuế""","=""0""","=""0""","=""4""","=""Low""","=""false"""
"=""jica mã số thuế""","=""0""","=""0""","=""4""","=""Low""","=""false"""
"=""jio health mã số thuế""","=""0""","=""0""","=""5""","=""Low""","=""false"""
"=""kb securities mã số thuế""","=""0""","=""0""","=""5""","=""Low""","=""false"""
"=""chứng khoán kb mã số thuế""","=""0""","=""0""","=""6""","=""Low""","=""false"""
"=""jt1 mã số thuế""","=""0""","=""0""","=""4""","=""Low""","=""false"""
"=""jt tube mã số thuế""","=""0""","=""0""","=""5""","=""Low""","=""false"""
"=""hộ kd có mã số thuế không""","=""0""","=""0""","=""7""","=""Low""","=""false"""
"=""jw marriott saigon mã số thuế""","=""0""","=""0""","=""6""","=""Low""","=""false"""
"=""kkv mã số thuế""","=""0""","=""0""","=""4""","=""Low""","=""false"""
"=""kmtc mã số thuế""","=""0""","=""0""","=""4""","=""Low""","=""false"""
"=""kms technology vietnam mã số thuế""","=""0""","=""0""","=""6""","=""Low""","=""false"""
"=""knauf mã số thuế""","=""0""","=""0""","=""4""","=""Low""","=""false"""
"=""kn holdings mã số thuế""","=""0""","=""0""","=""5""","=""Low""","=""false"""
"=""knight logistics mã số thuế""","=""0""","=""0""","=""5""","=""Low""","=""false"""
"=""kn group mã số thuế""","=""0""","=""0""","=""5""","=""Low""","=""false"""
"=""kn cam ranh mã số thuế""","=""0""","=""0""","=""6""","=""Low""","=""false"""
"=""klever fruit mã số thuế""","=""0""","=""0""","=""5""","=""Low""","=""false"""
"=""klc group mã số thuế""","=""0""","=""0""","=""5""","=""Low""","=""false"""
"=""kl marketing mã số thuế""","=""0""","=""0""","=""5""","=""Low""","=""false"""
"=""karik mã số thuế""","=""0""","=""0""","=""4""","=""Low""","=""false"""
"=""ksfinance mã số thuế""","=""0""","=""0""","=""4""","=""Low""","=""false"""
"=""kuka home mã số thuế""","=""0""","=""0""","=""5""","=""Low""","=""false"""
"=""kusto home mã số thuế""","=""0""","=""0""","=""5""","=""Low""","=""false"""
"=""kuehne nagel vietnam mã số thuế""","=""0""","=""0""","=""6""","=""Low""","=""false"""
"=""keyshu mã số thuế""","=""0""","=""0""","=""4""","=""Low""","=""false"""
"=""tra mã số thuế ko ra""","=""0""","=""0""","=""6""","=""Low""","=""false"""
"=""lb global mã số thuế""","=""0""","=""0""","=""5""","=""Low""","=""false"""
"=""cách kt mã số thuế""","=""0""","=""0""","=""5""","=""Low""","=""false"""
"=""ldg mã số thuế""","=""0""","=""0""","=""4""","=""Low""","=""false"""
"=""đầu tư ldg mã số thuế""","=""0""","=""0""","=""6""","=""Low""","=""false"""
"=""kpmg việt nam mã số thuế""","=""0""","=""0""","=""6""","=""Low""","=""false"""
"=""kpmg hà nội mã số thuế""","=""0""","=""0""","=""6""","=""Low""","=""false"""
"=""lf global tech mã số thuế""","=""0""","=""0""","=""6""","=""Low""","=""false"""
"=""lseoul mã số thuế""","=""0""","=""0""","=""4""","=""Low""","=""false"""
"=""ls electric mã số thuế""","=""0""","=""0""","=""5""","=""Low""","=""false"""
"=""hapag lloyd mã số thuế""","=""0""","=""0""","=""5""","=""Low""","=""false"""
"=""tra cứu mã số thuế lptb""","=""0""","=""0""","=""6""","=""Low""","=""false"""
"=""bảo hiểm lpbank mã số thuế""","=""0""","=""0""","=""6""","=""Low""","=""false"""
"=""lx pantos mã số thuế""","=""0""","=""0""","=""5""","=""Low""","=""false"""
"=""sgs vietnam ltd mã số thuế""","=""0""","=""0""","=""6""","=""Low""","=""false"""
"=""cennext co ltd mã số thuế""","=""0""","=""0""","=""6""","=""Low""","=""false"""
"=""vinfast auto ltd mã số thuế""","=""0""","=""0""","=""6""","=""Low""","=""false"""
"=""bitg co ltd mã số thuế""","=""0""","=""0""","=""6""","=""Low""","=""false"""
"=""mcbooks mã số thuế""","=""0""","=""0""","=""4""","=""Low""","=""false"""
"=""mcna mã số thuế""","=""0""","=""0""","=""4""","=""Low""","=""false"""
"=""mci mã số thuế""","=""0""","=""0""","=""4""","=""Low""","=""false"""
"=""mckinsey mã số thuế""","=""0""","=""0""","=""4""","=""Low""","=""false"""
"=""mcv group mã số thuế""","=""0""","=""0""","=""5""","=""Low""","=""false"""
"=""mdc group mã số thuế""","=""0""","=""0""","=""5""","=""Low""","=""false"""
"=""md việt nam mã số thuế""","=""0""","=""0""","=""6""","=""Low""","=""false"""
"=""mh solution mã số thuế""","=""0""","=""0""","=""5""","=""Low""","=""false"""
"=""mk mã số thuế""","=""0""","=""0""","=""4""","=""Low""","=""false"""
"=""mk smart mã số thuế""","=""0""","=""0""","=""5""","=""Low""","=""false"""
"=""quên mk mã số thuế""","=""0""","=""0""","=""5""","=""Low""","=""false"""
"=""mk group mã số thuế""","=""0""","=""0""","=""5""","=""Low""","=""false"""
"=""cách lấy mk mã số thuế""","=""0""","=""0""","=""6""","=""Low""","=""false"""
"=""lấy lại mk mã số thuế""","=""0""","=""0""","=""6""","=""Low""","=""false"""
"=""mn shipping mã số thuế""","=""0""","=""0""","=""5""","=""Low""","=""false"""
"=""mmusic mã số thuế""","=""0""","=""0""","=""4""","=""Low""","=""false"""
"=""mms mã số thuế""","=""0""","=""0""","=""4""","=""Low""","=""false"""
"=""mondelez kinh đô mã số thuế""","=""0""","=""0""","=""6""","=""Low""","=""false"""
"=""mr diy mã số thuế""","=""0""","=""0""","=""5""","=""Low""","=""false"""
"=""mr pokki mã số thuế""","=""0""","=""0""","=""5""","=""Low""","=""false"""
"=""mr ecom mã số thuế""","=""0""","=""0""","=""5""","=""Low""","=""false"""
"=""mvp fitness mã số thuế""","=""0""","=""0""","=""5""","=""Low""","=""false"""
"=""mvv snp mã số thuế""","=""0""","=""0""","=""5""","=""Low""","=""false"""
"=""mpe mã số thuế""","=""0""","=""0""","=""4""","=""Low""","=""false"""
"=""mpos mã số thuế""","=""0""","=""0""","=""4""","=""Low""","=""false"""
"=""tra cứu mã số thuế mwg""","=""0""","=""0""","=""6""","=""Low""","=""false"""
"=""mxv mã số thuế""","=""0""","=""0""","=""4""","=""Low""","=""false"""
"=""ncs group mã số thuế""","=""0""","=""0""","=""5""","=""Low""","=""false"""
"=""ncc vietnam mã số thuế""","=""0""","=""0""","=""5""","=""Low""","=""false"""
"=""công ty ncs mã số thuế""","=""0""","=""0""","=""6""","=""Low""","=""false"""
"=""nexttech mã số thuế""","=""0""","=""0""","=""4""","=""Low""","=""false"""
"=""mở mã số thuế muộn có bị phạt không""","=""0""","=""0""","=""9""","=""Low""","=""false"""
"=""nbt logistics mã số thuế""","=""0""","=""0""","=""5""","=""Low""","=""false"""
"=""nms mã số thuế""","=""0""","=""0""","=""4""","=""Low""","=""false"""
"=""tra mã số thuế nnt""","=""0""","=""0""","=""5""","=""Low""","=""false"""
"=""hủy mã số thuế npt online""","=""0""","=""0""","=""6""","=""Low""","=""false"""
"=""đóng mã số thuế npt""","=""0""","=""0""","=""5""","=""Low""","=""false"""
"=""đăng ký mã số thuế npt""","=""0""","=""0""","=""6""","=""Low""","=""false"""
"=""cách tra mã số thuế npt""","=""0""","=""0""","=""6""","=""Low""","=""false"""
"=""tra cứu mã số thuế nlđ""","=""0""","=""0""","=""6""","=""Low""","=""false"""
"=""đăng ký mã số thuế cho nlđ""","=""0""","=""0""","=""7""","=""Low""","=""false"""
"=""obayashi mã số thuế""","=""0""","=""0""","=""4""","=""Low""","=""false"""
"=""obagi mã số thuế""","=""0""","=""0""","=""4""","=""Low""","=""false"""
"=""nyna coffee mã số thuế""","=""0""","=""0""","=""5""","=""Low""","=""false"""
"=""oeg mã số thuế""","=""0""","=""0""","=""4""","=""Low""","=""false"""
"=""oes mã số thuế""","=""0""","=""0""","=""4""","=""Low""","=""false"""
"=""oem group mã số thuế""","=""0""","=""0""","=""5""","=""Low""","=""false"""
"=""ocany mã số thuế""","=""0""","=""0""","=""4""","=""Low""","=""false"""
"=""ocean network express mã số thuế""","=""0""","=""0""","=""6""","=""Low""","=""false"""
"=""ocean entertainment group mã số thuế""","=""0""","=""0""","=""6""","=""Low""","=""false"""
"=""og entertainment mã số thuế""","=""0""","=""0""","=""5""","=""Low""","=""false"""
"=""nvidia vietnam mã số thuế""","=""0""","=""0""","=""5""","=""Low""","=""false"""
"=""oatside mã số thuế""","=""0""","=""0""","=""4""","=""Low""","=""false"""
"=""oakwood residence hanoi mã số thuế""","=""0""","=""0""","=""6""","=""Low""","=""false"""
"=""okxe mã số thuế""","=""0""","=""0""","=""4""","=""Low""","=""false"""
"=""okela tour mã số thuế""","=""0""","=""0""","=""5""","=""Low""","=""false"""
"=""olaben mã số thuế""","=""0""","=""0""","=""4""","=""Low""","=""false"""
"=""olv mã số thuế""","=""0""","=""0""","=""4""","=""Low""","=""false"""
"=""tata olive mã số thuế""","=""0""","=""0""","=""5""","=""Low""","=""false"""
"=""old sailor mã số thuế""","=""0""","=""0""","=""5""","=""Low""","=""false"""
"=""oishi mã số thuế""","=""0""","=""0""","=""4""","=""Low""","=""false"""
"=""oh vacation mã số thuế""","=""0""","=""0""","=""5""","=""Low""","=""false"""
"=""oh some mã số thuế""","=""0""","=""0""","=""5""","=""Low""","=""false"""
"=""odoo mã số thuế""","=""0""","=""0""","=""4""","=""Low""","=""false"""
"=""bảo hiểm opes mã số thuế""","=""0""","=""0""","=""6""","=""Low""","=""false"""
"=""oqr mã số thuế""","=""0""","=""0""","=""4""","=""Low""","=""false"""
"=""omigroup mã số thuế""","=""0""","=""0""","=""4""","=""Low""","=""false"""
"=""omicare mã số thuế""","=""0""","=""0""","=""4""","=""Low""","=""false"""
"=""omverse mã số thuế""","=""0""","=""0""","=""4""","=""Low""","=""false"""
"=""omni center mã số thuế""","=""0""","=""0""","=""5""","=""Low""","=""false"""
"=""otsu labs mã số thuế""","=""0""","=""0""","=""5""","=""Low""","=""false"""
"=""đăng ký mã số thuế cho thuê oto""","=""0""","=""0""","=""8""","=""Low""","=""false"""
"=""osb mã số thuế""","=""0""","=""0""","=""4""","=""Low""","=""false"""
"=""overall mã số thuế""","=""0""","=""0""","=""4""","=""Low""","=""false"""
"=""owen mã số thuế""","=""0""","=""0""","=""4""","=""Low""","=""false"""
"=""golden owl mã số thuế""","=""0""","=""0""","=""5""","=""Low""","=""false"""
"=""golden owl solutions mã số thuế""","=""0""","=""0""","=""6""","=""Low""","=""false"""
"=""nha khoa oze mã số thuế""","=""0""","=""0""","=""6""","=""Low""","=""false"""
"=""anthropic pbc mã số thuế""","=""0""","=""0""","=""5""","=""Low""","=""false"""
"=""pgi mã số thuế""","=""0""","=""0""","=""4""","=""Low""","=""false"""
"=""oucru mã số thuế""","=""0""","=""0""","=""4""","=""Low""","=""false"""
"=""k outsourcing mã số thuế""","=""0""","=""0""","=""5""","=""Low""","=""false"""
"=""pcm mã số thuế""","=""0""","=""0""","=""4""","=""Low""","=""false"""
"=""pcs mã số thuế""","=""0""","=""0""","=""4""","=""Low""","=""false"""
"=""pcg gate mã số thuế""","=""0""","=""0""","=""5""","=""Low""","=""false"""
"=""hoàng hà pc mã số thuế""","=""0""","=""0""","=""6""","=""Low""","=""false"""
"=""nguyễn công pc mã số thuế""","=""0""","=""0""","=""6""","=""Low""","=""false"""
"=""pfizer mã số thuế""","=""0""","=""0""","=""4""","=""Low""","=""false"""
"=""playah mã số thuế""","=""0""","=""0""","=""4""","=""Low""","=""false"""
"=""plaschem mã số thuế""","=""0""","=""0""","=""4""","=""Low""","=""false"""
"=""pmac mã số thuế""","=""0""","=""0""","=""4""","=""Low""","=""false"""
"=""pmc entertainment mã số thuế""","=""0""","=""0""","=""5""","=""Low""","=""false"""
"=""am to pm mã số thuế""","=""0""","=""0""","=""6""","=""Low""","=""false"""
"=""công ty pmax mã số thuế""","=""0""","=""0""","=""6""","=""Low""","=""false"""
"=""pnx academy mã số thuế""","=""0""","=""0""","=""5""","=""Low""","=""false"""
"=""pnj lab mã số thuế""","=""0""","=""0""","=""5""","=""Low""","=""false"""
"=""pn legal mã số thuế""","=""0""","=""0""","=""5""","=""Low""","=""false"""
"=""psa mã số thuế""","=""0""","=""0""","=""4""","=""Low""","=""false"""
"=""psl cashew mã số thuế""","=""0""","=""0""","=""5""","=""Low""","=""false"""
"=""puma mã số thuế""","=""0""","=""0""","=""4""","=""Low""","=""false"""
"=""publicis mã số thuế""","=""0""","=""0""","=""4""","=""Low""","=""false"""
"=""ptf mã số thuế""","=""0""","=""0""","=""4""","=""Low""","=""false"""
"=""pte magic mã số thuế""","=""0""","=""0""","=""5""","=""Low""","=""false"""
"=""qcc mastery hub mã số thuế""","=""0""","=""0""","=""6""","=""Low""","=""false"""
"=""stada pymepharco mã số thuế""","=""0""","=""0""","=""5""","=""Low""","=""false"""
"=""qts australia mã số thuế""","=""0""","=""0""","=""5""","=""Low""","=""false"""
"=""qtc land mã số thuế""","=""0""","=""0""","=""5""","=""Low""","=""false"""
"=""tra mã số thuế ra công ty""","=""0""","=""0""","=""7""","=""Low""","=""false"""
"=""rbox mã số thuế""","=""0""","=""0""","=""4""","=""Low""","=""false"""
"=""rcl mã số thuế""","=""0""","=""0""","=""4""","=""Low""","=""false"""
"=""qr mã số thuế""","=""0""","=""0""","=""4""","=""Low""","=""false"""
"=""quét qr mã số thuế""","=""0""","=""0""","=""5""","=""Low""","=""false"""
"=""tạo qr code mã số thuế""","=""0""","=""0""","=""6""","=""Low""","=""false"""
"=""ppl mã số thuế""","=""0""","=""0""","=""4""","=""Low""","=""false"""
"=""rmit vietnam mã số thuế""","=""0""","=""0""","=""5""","=""Low""","=""false"""
"=""rrecruiter mã số thuế""","=""0""","=""0""","=""4""","=""Low""","=""false"""
"=""rsm vietnam mã số thuế""","=""0""","=""0""","=""5""","=""Low""","=""false"""
"=""rtc technology mã số thuế""","=""0""","=""0""","=""5""","=""Low""","=""false"""
"=""rt holdings mã số thuế""","=""0""","=""0""","=""5""","=""Low""","=""false"""
"=""tra mã số thuế bằng sdt""","=""0""","=""0""","=""6""","=""Low""","=""false"""
"=""sdt mã số thuế""","=""0""","=""0""","=""4""","=""Low""","=""false"""
"=""thay đổi sdt mã số thuế""","=""0""","=""0""","=""6""","=""Low""","=""false"""
"=""tìm sdt qua mã số thuế""","=""0""","=""0""","=""6""","=""Low""","=""false"""
"=""tra cứu sdt mã số thuế""","=""0""","=""0""","=""6""","=""Low""","=""false"""
"=""rule mã số thuế""","=""0""","=""0""","=""4""","=""Low""","=""false"""
"=""rusty lab mã số thuế""","=""0""","=""0""","=""5""","=""Low""","=""false"""
"=""rue miche mã số thuế""","=""0""","=""0""","=""5""","=""Low""","=""false"""
"=""rubicon tour mã số thuế""","=""0""","=""0""","=""5""","=""Low""","=""false"""
"=""the running bean mã số thuế""","=""0""","=""0""","=""6""","=""Low""","=""false"""
"=""tuv rheinland mã số thuế""","=""0""","=""0""","=""5""","=""Low""","=""false"""
"=""rhys man mã số thuế""","=""0""","=""0""","=""5""","=""Low""","=""false"""
"=""sblaw mã số thuế""","=""0""","=""0""","=""4""","=""Low""","=""false"""
"=""sbs house mã số thuế""","=""0""","=""0""","=""5""","=""Low""","=""false"""
"=""sgroup mã số thuế""","=""0""","=""0""","=""4""","=""Low""","=""false"""
"=""sgo group mã số thuế""","=""0""","=""0""","=""5""","=""Low""","=""false"""
"=""sgo land mã số thuế""","=""0""","=""0""","=""5""","=""Low""","=""false"""
"=""roche mã số thuế""","=""0""","=""0""","=""4""","=""Low""","=""false"""
"=""skinetiq mã số thuế""","=""0""","=""0""","=""4""","=""Low""","=""false"""
"=""skyward mã số thuế""","=""0""","=""0""","=""4""","=""Low""","=""false"""
"=""skoda mã số thuế""","=""0""","=""0""","=""4""","=""Low""","=""false"""
"=""skf mã số thuế""","=""0""","=""0""","=""4""","=""Low""","=""false"""
"=""skinlosophy mã số thuế""","=""0""","=""0""","=""4""","=""Low""","=""false"""
"=""sky mavis mã số thuế""","=""0""","=""0""","=""5""","=""Low""","=""false"""
"=""sky corporation mã số thuế""","=""0""","=""0""","=""5""","=""Low""","=""false"""
"=""synodus mã số thuế""","=""0""","=""0""","=""4""","=""Low""","=""false"""
"=""sync ecom mã số thuế""","=""0""","=""0""","=""5""","=""Low""","=""false"""
"=""synopsys vietnam mã số thuế""","=""0""","=""0""","=""5""","=""Low""","=""false"""
"=""vitus system mã số thuế""","=""0""","=""0""","=""5""","=""Low""","=""false"""
"=""bell system 24 mã số thuế""","=""0""","=""0""","=""6""","=""Low""","=""false"""
"=""tbwa mã số thuế""","=""0""","=""0""","=""4""","=""Low""","=""false"""
"=""tbs land mã số thuế""","=""0""","=""0""","=""5""","=""Low""","=""false"""
"=""tbwa group vietnam mã số thuế""","=""0""","=""0""","=""6""","=""Low""","=""false"""
"=""srt group mã số thuế""","=""0""","=""0""","=""5""","=""Low""","=""false"""
"=""tds mã số thuế""","=""0""","=""0""","=""4""","=""Low""","=""false"""
"=""tdic mã số thuế""","=""0""","=""0""","=""4""","=""Low""","=""false"""
"=""td consulting mã số thuế""","=""0""","=""0""","=""5""","=""Low""","=""false"""
"=""tdt asia mã số thuế""","=""0""","=""0""","=""5""","=""Low""","=""false"""
"=""tdg group mã số thuế""","=""0""","=""0""","=""5""","=""Low""","=""false"""
"=""tda global mã số thuế""","=""0""","=""0""","=""5""","=""Low""","=""false"""
"=""tdi group mã số thuế""","=""0""","=""0""","=""5""","=""Low""","=""false"""
"=""tra cứu mã số thuế tgdd""","=""0""","=""0""","=""6""","=""Low""","=""false"""
"=""tgl solutions mã số thuế""","=""0""","=""0""","=""5""","=""Low""","=""false"""
"=""swan clinic mã số thuế""","=""0""","=""0""","=""5""","=""Low""","=""false"""
"=""black swan label mã số thuế""","=""0""","=""0""","=""6""","=""Low""","=""false"""
"=""ssit mã số thuế""","=""0""","=""0""","=""4""","=""Low""","=""false"""
"=""ssstutter mã số thuế""","=""0""","=""0""","=""4""","=""Low""","=""false"""
"=""huỷ mã số thuế tmdt""","=""0""","=""0""","=""5""","=""Low""","=""false"""
"=""tra cứu mã số thuế tongcucthue""","=""0""","=""0""","=""6""","=""Low""","=""false"""
"=""tld vietnam mã số thuế""","=""0""","=""0""","=""5""","=""Low""","=""false"""
"=""tlc lighting mã số thuế""","=""0""","=""0""","=""5""","=""Low""","=""false"""
"=""tsl mã số thuế""","=""0""","=""0""","=""4""","=""Low""","=""false"""
"=""tsg mã số thuế""","=""0""","=""0""","=""4""","=""Low""","=""false"""
"=""tst tourist mã số thuế""","=""0""","=""0""","=""5""","=""Low""","=""false"""
"=""ts line mã số thuế""","=""0""","=""0""","=""5""","=""Low""","=""false"""
"=""đăng ký mã số thuế cho thuê ts""","=""0""","=""0""","=""8""","=""Low""","=""false"""
"=""tra cứu mã số thuế tvpl""","=""0""","=""0""","=""6""","=""Low""","=""false"""
"=""tvad mã số thuế""","=""0""","=""0""","=""4""","=""Low""","=""false"""
"=""tvt holdings mã số thuế""","=""0""","=""0""","=""5""","=""Low""","=""false"""
"=""tv tpi mã số thuế""","=""0""","=""0""","=""5""","=""Low""","=""false"""
"=""tv pharm mã số thuế""","=""0""","=""0""","=""5""","=""Low""","=""false"""
"=""twitter beans coffee mã số thuế""","=""0""","=""0""","=""6""","=""Low""","=""false"""
"=""làm mã số thuế úc""","=""0""","=""0""","=""5""","=""Low""","=""false"""
"=""tạo mã số thuế úc""","=""0""","=""0""","=""5""","=""Low""","=""false"""
"=""xin mã số thuế úc""","=""0""","=""0""","=""5""","=""Low""","=""false"""
"=""ul solutions mã số thuế""","=""0""","=""0""","=""5""","=""Low""","=""false"""
"=""uoy media mã số thuế""","=""0""","=""0""","=""5""","=""Low""","=""false"""
"=""mua mã số thuế us""","=""0""","=""0""","=""5""","=""Low""","=""false"""
"=""usas mã số thuế""","=""0""","=""0""","=""4""","=""Low""","=""false"""
"=""usth mã số thuế""","=""0""","=""0""","=""4""","=""Low""","=""false"""
"=""us pharma mã số thuế""","=""0""","=""0""","=""5""","=""Low""","=""false"""
"=""uvgreen mã số thuế""","=""0""","=""0""","=""4""","=""Low""","=""false"""
"=""urbango mã số thuế""","=""0""","=""0""","=""4""","=""Low""","=""false"""
"=""urenco mã số thuế""","=""0""","=""0""","=""4""","=""Low""","=""false"""
"=""ureka media mã số thuế""","=""0""","=""0""","=""5""","=""Low""","=""false"""
"=""vbee mã số thuế""","=""0""","=""0""","=""4""","=""Low""","=""false"""
"=""vbi academy mã số thuế""","=""0""","=""0""","=""5""","=""Low""","=""false"""
"=""vba tra cứu mã số thuế""","=""0""","=""0""","=""6""","=""Low""","=""false"""
"=""vds mã số thuế""","=""0""","=""0""","=""4""","=""Low""","=""false"""
"=""vdi mã số thuế""","=""0""","=""0""","=""4""","=""Low""","=""false"""
"=""vdv group mã số thuế""","=""0""","=""0""","=""5""","=""Low""","=""false"""
"=""ntt data vds mã số thuế""","=""0""","=""0""","=""6""","=""Low""","=""false"""
"=""vfe mã số thuế""","=""0""","=""0""","=""4""","=""Low""","=""false"""
"=""vfs global mã số thuế""","=""0""","=""0""","=""5""","=""Low""","=""false"""
"=""vf corporation mã số thuế""","=""0""","=""0""","=""5""","=""Low""","=""false"""
"=""vhomes mã số thuế""","=""0""","=""0""","=""4""","=""Low""","=""false"""
"=""vhg mã số thuế""","=""0""","=""0""","=""4""","=""Low""","=""false"""
"=""vhb group mã số thuế""","=""0""","=""0""","=""5""","=""Low""","=""false"""
"=""vhs group mã số thuế""","=""0""","=""0""","=""5""","=""Low""","=""false"""
"=""update mã số thuế""","=""0""","=""0""","=""4""","=""Low""","=""false"""
"=""upgen mã số thuế""","=""0""","=""0""","=""4""","=""Low""","=""false"""
"=""vms mã số thuế""","=""0""","=""0""","=""4""","=""Low""","=""false"""
"=""vmas mã số thuế""","=""0""","=""0""","=""4""","=""Low""","=""false"""
"=""vmed group mã số thuế""","=""0""","=""0""","=""5""","=""Low""","=""false"""
"=""vmc group mã số thuế""","=""0""","=""0""","=""5""","=""Low""","=""false"""
"=""vgsi mã số thuế""","=""0""","=""0""","=""4""","=""Low""","=""false"""
"=""vrg mã số thuế""","=""0""","=""0""","=""4""","=""Low""","=""false"""
"=""tra cứu mã số thuế vssid""","=""0""","=""0""","=""6""","=""Low""","=""false"""
"=""tra mã số thuế trên vssid""","=""0""","=""0""","=""6""","=""Low""","=""false"""
"=""vvmv mã số thuế""","=""0""","=""0""","=""4""","=""Low""","=""false"""
"=""walmart mã số thuế""","=""0""","=""0""","=""4""","=""Low""","=""false"""
"=""wanek furniture mã số thuế""","=""0""","=""0""","=""5""","=""Low""","=""false"""
"=""wala ict mã số thuế""","=""0""","=""0""","=""5""","=""Low""","=""false"""
"=""tra cứu mã số thuế web""","=""0""","=""0""","=""6""","=""Low""","=""false"""
"=""web mã số thuế https masothue com""","=""0""","=""0""","=""7""","=""Low""","=""false"""
"=""wheyshop mã số thuế""","=""0""","=""0""","=""4""","=""Low""","=""false"""
"=""whenever atelier mã số thuế""","=""0""","=""0""","=""5""","=""Low""","=""false"""
"=""whose studio mã số thuế""","=""0""","=""0""","=""5""","=""Low""","=""false"""
"=""2 mã số thuế voz""","=""0""","=""0""","=""5""","=""Low""","=""false"""
"=""tra mã số thuế voz""","=""0""","=""0""","=""5""","=""Low""","=""false"""
"=""đăng ký mã số thuế voz""","=""0""","=""0""","=""6""","=""Low""","=""false"""
"=""vortech mã số thuế""","=""0""","=""0""","=""4""","=""Low""","=""false"""
"=""wipro mã số thuế""","=""0""","=""0""","=""4""","=""Low""","=""false"""
"=""winecellar mã số thuế""","=""0""","=""0""","=""4""","=""Low""","=""false"""
"=""wpp mã số thuế""","=""0""","=""0""","=""4""","=""Low""","=""false"""
"=""hua wu lou mã số thuế""","=""0""","=""0""","=""6""","=""Low""","=""false"""
"=""wtw mã số thuế""","=""0""","=""0""","=""4""","=""Low""","=""false"""
"=""wwf mã số thuế""","=""0""","=""0""","=""4""","=""Low""","=""false"""
"=""wwf vietnam mã số thuế""","=""0""","=""0""","=""5""","=""Low""","=""false"""
"=""xgame mã số thuế""","=""0""","=""0""","=""4""","=""Low""","=""false"""
"=""xliii coffee mã số thuế""","=""0""","=""0""","=""5""","=""Low""","=""false"""
"=""đăng ký mã số thuế xong làm gì""","=""0""","=""0""","=""8""","=""Low""","=""false"""
"=""xoá mã số thuế hộ kinh doanh""","=""0""","=""0""","=""7""","=""Low""","=""false"""
"=""xoá mã số thuế cũ""","=""0""","=""0""","=""5""","=""Low""","=""false"""
"=""xoá mã số thuế người phụ thuộc""","=""0""","=""0""","=""7""","=""Low""","=""false"""
"=""sửa mã số thuế trên file xml""","=""0""","=""0""","=""7""","=""Low""","=""false"""
"=""sai mã số thuế xuất hóa đơn điều chỉnh""","=""0""","=""0""","=""9""","=""Low""","=""false"""
"=""ych protrade mã số thuế""","=""0""","=""0""","=""5""","=""Low""","=""false"""
"=""yen sushi mã số thuế""","=""0""","=""0""","=""5""","=""Low""","=""false"""
"=""yihetang mã số thuế""","=""0""","=""0""","=""4""","=""Low""","=""false"""
"=""đăng ký mã số thuế youtube""","=""0""","=""0""","=""6""","=""Low""","=""false"""
"=""yoshi yoshi mã số thuế""","=""0""","=""0""","=""5""","=""Low""","=""false"""
"=""yum network mã số thuế""","=""0""","=""0""","=""5""","=""Low""","=""false"""
"=""yun garment mã số thuế""","=""0""","=""0""","=""5""","=""Low""","=""false"""
"=""tra mã số thuế trên zalo""","=""0""","=""0""","=""6""","=""Low""","=""false"""
"=""zafago mã số thuế""","=""0""","=""0""","=""4""","=""Low""","=""false"""
"=""công ty zalo mã số thuế""","=""0""","=""0""","=""6""","=""Low""","=""false"""
"=""zen8labs mã số thuế""","=""0""","=""0""","=""4""","=""Low""","=""false"""
"=""zenlish mã số thuế""","=""0""","=""0""","=""4""","=""Low""","=""false"""
"=""zestech mã số thuế""","=""0""","=""0""","=""4""","=""Low""","=""false"""
"=""zila education mã số thuế""","=""0""","=""0""","=""5""","=""Low""","=""false"""
"=""zoetis mã số thuế""","=""0""","=""0""","=""4""","=""Low""","=""false"""
"=""zte corporation mã số thuế""","=""0""","=""0""","=""5""","=""Low""","=""false"""
"=""zungza mã số thuế""","=""0""","=""0""","=""4""","=""Low""","=""false"""
"=""zumwhere mã số thuế""","=""0""","=""0""","=""4""","=""Low""","=""false"""
"=""zshop mã số thuế""","=""0""","=""0""","=""4""","=""Low""","=""false"""
"=""nha khoa 68 mã số thuế""","=""0""","=""0""","=""6""","=""Low""","=""false"""
"=""thế nào là mã số thuế""","=""0""","=""0""","=""6""","=""Low""","=""false"""
"=""tại sao mã số thuế không trùng với cccd""","=""0""","=""0""","=""9""","=""Low""","=""false"""
"=""tại sao mã số thuế bị đóng""","=""0""","=""0""","=""7""","=""Low""","=""false"""
"=""tại sao mã số thuế hộ kinh doanh bị đóng""","=""0""","=""0""","=""10""","=""Low""","=""false"""
"=""tại sao mã số thuế có đuôi 001""","=""0""","=""0""","=""8""","=""Low""","=""false"""
"=""tại sao mã số thuế k hợp lệ""","=""0""","=""0""","=""8""","=""Low""","=""false"""
"=""tại sao mã số thuế bị trùng""","=""0""","=""0""","=""7""","=""Low""","=""false"""
"=""tại sao mã số thuế bị khoá""","=""0""","=""0""","=""7""","=""Low""","=""false"""
"=""làm thế nào biết mã số thuế của mình""","=""0""","=""0""","=""9""","=""Low""","=""false"""
"=""làm thế nào có mã số thuế""","=""0""","=""0""","=""7""","=""Low""","=""false"""
"=""làm gì để có mã số thuế""","=""0""","=""0""","=""7""","=""Low""","=""false"""
"=""tra mã số thuế để làm gì""","=""0""","=""0""","=""7""","=""Low""","=""false"""
"=""lấy mã số thuế để làm gì""","=""0""","=""0""","=""7""","=""Low""","=""false"""
"=""làm gì để có mã số thuế đầu tiên""","=""0""","=""0""","=""9""","=""Low""","=""false"""
"=""khi nào mã số thuế bị đóng""","=""0""","=""0""","=""7""","=""Low""","=""false"""
"=""khi nào cần mã số thuế""","=""0""","=""0""","=""6""","=""Low""","=""false"""
"=""khi nào đóng mã số thuế""","=""0""","=""0""","=""6""","=""Low""","=""false"""
"=""tra mã số thuế thế nào""","=""0""","=""0""","=""6""","=""Low""","=""false"""
"=""đăng ký mã số thuế thế nào""","=""0""","=""0""","=""7""","=""Low""","=""false"""
"=""làm mã số thuế bao nhiêu tiền""","=""0""","=""0""","=""7""","=""Low""","=""false"""
"=""có thể đóng mã số thuế online không""","=""0""","=""0""","=""8""","=""Low""","=""false"""
"=""có thể đăng ký mã số thuế online không""","=""0""","=""0""","=""9""","=""Low""","=""false"""
"=""vì sao mã số thuế bị đóng""","=""0""","=""0""","=""7""","=""Low""","=""false"""
"=""vì sao nhập mã số thuế không được""","=""0""","=""0""","=""8""","=""Low""","=""false"""
"=""vì sao tra cứu mã số thuế không được""","=""0""","=""0""","=""9""","=""Low""","=""false"""
"=""đăng ký mã số thuế cho người dưới 18 tuổi""","=""0""","=""0""","=""10""","=""Low""","=""false"""
"=""dưới 18t có mã số thuế không""","=""0""","=""0""","=""7""","=""Low""","=""false"""
"=""đăng ký mã số thuế cho trẻ dưới 14 tuổi""","=""0""","=""0""","=""10""","=""Low""","=""false"""
"=""trùng mã số thuế với người khác""","=""0""","=""0""","=""7""","=""Low""","=""false"""
"=""tra cứu nhiều mã số thuế cùng lúc""","=""0""","=""0""","=""8""","=""Low""","=""false"""
"=""mở mã số thuế để làm gì""","=""0""","=""0""","=""7""","=""Low""","=""false"""
"=""sai mã số thuế nên điều chỉnh hay thay thế""","=""0""","=""0""","=""10""","=""Low""","=""false"""
"=""nên hủy mã số thuế nào""","=""0""","=""0""","=""6""","=""Low""","=""false"""
"=""có nên đăng ký mã số thuế không""","=""0""","=""0""","=""8""","=""Low""","=""false"""
"=""tra mã số thuế không có""","=""0""","=""0""","=""6""","=""Low""","=""false"""
"=""tra cứu mã số thuế không có""","=""0""","=""0""","=""7""","=""Low""","=""false"""
"=""tra cuu mst""","=""201000""","=""0.05""","=""3""","=""Low""","=""false"""
"=""tracuunnt""","=""49500""","=""0""","=""1""","=""Low""","=""false"""
"=""tracuumasothue""","=""40500""","=""0""","=""1""","=""Low""","=""false"""
"=""masothue""","=""33100""","=""0""","=""1""","=""Low""","=""false"""
"=""tra cứu thuế""","=""27100""","=""0""","=""3""","=""Low""","=""false"""
"=""tra mst ca nhan""","=""8100""","=""0.01""","=""4""","=""Low""","=""false"""
"=""tra cuu thuế thu nhập cá nhân""","=""6600""","=""0.01""","=""7""","=""Low""","=""false"""
"=""tra cứu thuế cá nhân""","=""5400""","=""0.01""","=""5""","=""Low""","=""false"""
"=""canhan gdt""","=""3600""","=""0""","=""2""","=""Low""","=""false"""
"=""tra cứu thông tin thuế""","=""2900""","=""0""","=""5""","=""Low""","=""true"""
"=""tra cuứ mst""","=""2400""","=""0""","=""3""","=""Low""","=""false"""
"=""tra cứu mst hộ kinh doanh""","=""2400""","=""0.01""","=""6""","=""Low""","=""true"""
"=""canhan gdt gov""","=""1600""","=""0""","=""3""","=""Low""","=""false"""
"=""dang ky mst ca nhan""","=""1600""","=""0.01""","=""5""","=""Low""","=""false"""
"=""tra cứu người phụ thuộc""","=""1600""","=""0""","=""5""","=""Low""","=""false"""
"=""kiem tra mst""","=""1300""","=""0""","=""3""","=""Low""","=""false"""
"=""tra mst doanh nghiệp""","=""1300""","=""0.04""","=""4""","=""Low""","=""true"""
"=""mst cá nhân tra cứu""","=""1000""","=""0""","=""5""","=""Low""","=""false"""
"=""tra cuu thue tncn""","=""1000""","=""0""","=""4""","=""Low""","=""false"""
"=""tra mst công ty""","=""1000""","=""0""","=""4""","=""Low""","=""true"""
"=""tra cứu mst thu nhập cá nhân""","=""880""","=""0""","=""7""","=""Low""","=""false"""
"=""tra cứu thuế thu nhập cá nhân bằng cmnd""","=""880""","=""0""","=""9""","=""Low""","=""false"""
"=""đăng ký thuế cá nhân""","=""880""","=""0""","=""5""","=""Low""","=""true"""
"=""đăng ký thuế cá nhân online""","=""880""","=""0""","=""6""","=""Low""","=""false"""
"=""cách tra cứu mst cá nhân""","=""720""","=""0.01""","=""6""","=""Low""","=""false"""
"=""masothue ca nhan""","=""720""","=""0""","=""3""","=""Low""","=""false"""
"=""mã thuế cá nhân""","=""720""","=""0.01""","=""4""","=""Low""","=""false"""
"=""tra cuu mst online""","=""720""","=""0""","=""4""","=""Low""","=""false"""
"=""tra cứu mã số hộ kinh doanh""","=""720""","=""0""","=""7""","=""Low""","=""false"""
"=""đăng ký mst""","=""720""","=""0""","=""3""","=""Low""","=""false"""
"=""mst ca nhan""","=""590""","=""0""","=""3""","=""Low""","=""false"""
"=""mst hộ kinh doanh""","=""590""","=""0.38""","=""4""","=""Low""","=""false"""
"=""tcnnt""","=""590""","=""0""","=""1""","=""Low""","=""false"""
"=""tra cứu mst người phụ thuộc""","=""590""","=""0""","=""6""","=""Low""","=""false"""
"=""tra cứu thuế thu nhập cá nhân online""","=""590""","=""0""","=""8""","=""Low""","=""false"""
"=""tra cứu thông tin người phụ thuộc""","=""590""","=""0""","=""7""","=""Low""","=""false"""
"=""tra cứu thông tin thuế cá nhân""","=""590""","=""0""","=""7""","=""Low""","=""true"""
"=""tra mã số doanh nghiệp""","=""590""","=""0.01""","=""5""","=""Low""","=""false"""
"=""cách tra cứu thuế thu nhập cá nhân""","=""480""","=""0.01""","=""8""","=""Low""","=""false"""
"=""dang ky mst ca nhan online""","=""480""","=""0""","=""6""","=""Low""","=""false"""
"=""mã số hộ kinh doanh""","=""480""","=""0.42""","=""5""","=""Low""","=""false"""
"=""tra cuu mst cn""","=""480""","=""0""","=""4""","=""Low""","=""false"""
"=""tra mã số hộ kinh doanh""","=""480""","=""0.33""","=""6""","=""Low""","=""false"""
"=""tra mã thuế cá nhân""","=""480""","=""0.01""","=""5""","=""Low""","=""false"""
"=""đăng ký mst cá nhân online""","=""480""","=""0""","=""6""","=""Low""","=""false"""
"=""mstcn""","=""390""","=""0""","=""1""","=""Low""","=""false"""
"=""tra cứu mst thuế cá nhân""","=""390""","=""0""","=""6""","=""Low""","=""false"""
"=""tra cứu mã thuế""","=""390""","=""0.03""","=""4""","=""Low""","=""false"""
"=""tra cứu mã thuế cá nhân""","=""390""","=""0""","=""6""","=""Low""","=""false"""
"=""tra mst hộ kinh doanh""","=""390""","=""0""","=""5""","=""Low""","=""false"""
"=""tra mã thuế""","=""390""","=""0""","=""3""","=""Low""","=""false"""
"=""cách tra cứu người phụ thuộc""","=""320""","=""0""","=""6""","=""Low""","=""false"""
"=""cách tra mst""","=""320""","=""0.01""","=""3""","=""Low""","=""false"""
"=""mst thuế cá nhân""","=""320""","=""0""","=""4""","=""Low""","=""false"""
"=""mã thuế""","=""320""","=""0""","=""2""","=""Low""","=""false"""
"=""tra mã số cá nhân""","=""320""","=""0""","=""5""","=""Low""","=""false"""
"=""tra số thuế""","=""320""","=""0""","=""3""","=""Low""","=""false"""
"=""cách tra cứu mst""","=""260""","=""0.01""","=""4""","=""Low""","=""false"""
"=""cách đăng ký mst cá nhân online""","=""260""","=""0""","=""7""","=""Low""","=""true"""
"=""mã số cá nhân""","=""260""","=""0""","=""4""","=""Low""","=""false"""
"=""mã thuế thu nhập cá nhân""","=""260""","=""0.02""","=""6""","=""Low""","=""false"""
"=""thông tin thuế cá nhân""","=""260""","=""0""","=""5""","=""Low""","=""false"""
"=""tra cứu mst cá nhân bằng cmnd""","=""260""","=""0""","=""7""","=""Low""","=""false"""
"=""tra số thuế cá nhân""","=""260""","=""0""","=""5""","=""Low""","=""false"""
"=""cách kiểm tra mst cá nhân""","=""210""","=""0.02""","=""6""","=""Low""","=""false"""
"=""cách tra cứu thuế cá nhân""","=""210""","=""0.01""","=""6""","=""Low""","=""false"""
"=""masothue con""","=""210""","=""0""","=""2""","=""Low""","=""false"""
"=""mã cơ quan thuế""","=""210""","=""0""","=""4""","=""Low""","=""false"""
"=""mã giao dịch điện tử trên tờ khai bổ sung""","=""210""","=""0""","=""10""","=""Low""","=""true"""
"=""số thuế""","=""210""","=""0""","=""2""","=""Low""","=""false"""
"=""số thuế cá nhân""","=""210""","=""0.01""","=""4""","=""Low""","=""false"""
"=""tra cuu thue ca nhan""","=""210""","=""0""","=""5""","=""Low""","=""false"""
"=""tra cuu thue online""","=""210""","=""0""","=""4""","=""Low""","=""false"""
"=""tra cứu mã hộ kinh doanh""","=""210""","=""0""","=""6""","=""Low""","=""false"""
"=""tra cứu mã số cá nhân""","=""210""","=""0""","=""6""","=""Low""","=""false"""
"=""cách tra cứu người phụ thuộc của cá nhân""","=""170""","=""0""","=""9""","=""Low""","=""false"""
"=""ma so the""","=""170""","=""0""","=""3""","=""Low""","=""false"""
"=""ma so thu""","=""170""","=""0""","=""3""","=""Low""","=""false"""
"=""tra cứu mst bằng cmnd""","=""170""","=""0""","=""5""","=""Low""","=""false"""
"=""tra cứu ngành nghề kinh doanh theo mst""","=""170""","=""0""","=""8""","=""Low""","=""false"""
"=""tra cứu số thuế""","=""170""","=""0""","=""4""","=""Low""","=""false"""
"=""tra cứu thông tin thuế thu nhập cá nhân""","=""170""","=""0""","=""9""","=""Low""","=""false"""
"=""tra mst thu nhập cá nhân""","=""170""","=""0""","=""6""","=""Low""","=""false"""
"=""đăng nhập thuế cá nhân""","=""170""","=""0""","=""5""","=""Low""","=""true"""
"=""hướng dẫn đăng ký mst""","=""140""","=""0""","=""5""","=""Low""","=""false"""
"=""kiểm tra mst hộ kinh doanh""","=""140""","=""0""","=""6""","=""Low""","=""false"""
"=""mst thu nhập cá nhân""","=""140""","=""0""","=""5""","=""Low""","=""false"""
"=""tra cứu mst hộ kinh doanh cá thể""","=""140""","=""0""","=""8""","=""Low""","=""false"""
"=""tra cứu số thuế cá nhân""","=""140""","=""0""","=""6""","=""Low""","=""false"""
"=""tra cứu tiền thuế""","=""140""","=""0""","=""4""","=""Low""","=""false"""
"=""đăng ký mst online""","=""140""","=""0""","=""4""","=""Low""","=""false"""
"=""cách tra cứu mst người phụ thuộc""","=""110""","=""0""","=""7""","=""Low""","=""false"""
"=""cách đăng ký mst""","=""110""","=""0""","=""4""","=""Low""","=""false"""
"=""huong dan dang ky mst ca nhan""","=""110""","=""0""","=""7""","=""Low""","=""false"""
"=""mst cá nhân online""","=""110""","=""0""","=""4""","=""Low""","=""false"""
"=""mã số công ty""","=""110""","=""0""","=""4""","=""Low""","=""false"""
"=""tra cuu thue thu nhap ca nhan""","=""110""","=""0""","=""7""","=""Low""","=""false"""
"=""tra cứu mst cá nhân tổng cục thuế""","=""110""","=""0""","=""8""","=""Low""","=""false"""
"=""tra cứu mã hồ sơ thuế""","=""110""","=""0""","=""6""","=""Low""","=""true"""
"=""tra cứu thu nhập cá nhân""","=""110""","=""0""","=""6""","=""Low""","=""false"""
"=""tra mst cá nhân online""","=""110""","=""0""","=""5""","=""Low""","=""false"""
"=""tra mst online""","=""110""","=""0""","=""3""","=""Low""","=""false"""
"=""tra mã hộ kinh doanh""","=""110""","=""0""","=""5""","=""Low""","=""false"""
"=""tra mã thuế thu nhập cá nhân""","=""110""","=""0""","=""7""","=""Low""","=""false"""
"=""kiểm tra mst công ty""","=""90""","=""0""","=""5""","=""Low""","=""true"""
"=""ma so doanh nghiep""","=""90""","=""0""","=""4""","=""Low""","=""false"""
"=""ma số doanh nghiệp""","=""90""","=""0""","=""4""","=""Low""","=""false"""
"=""mã số thu nhập cá nhân""","=""90""","=""0""","=""6""","=""Low""","=""false"""
"=""tra cuu mst ca nhân""","=""90""","=""0""","=""5""","=""Low""","=""false"""
"=""tra cứu mã thuế thu nhập cá nhân""","=""90""","=""0""","=""8""","=""Low""","=""false"""
"=""tra mstcn""","=""90""","=""0""","=""2""","=""Low""","=""false"""
"=""tra mã số kinh doanh""","=""90""","=""0""","=""5""","=""Low""","=""false"""
"=""cách làm mst cá nhân""","=""70""","=""0""","=""5""","=""Low""","=""false"""
"=""cách tra mã thuế cá nhân""","=""70""","=""0.02""","=""6""","=""Low""","=""false"""
"=""mst ca nhân""","=""70""","=""0""","=""3""","=""Low""","=""false"""
"=""mst cn""","=""70""","=""0""","=""2""","=""Low""","=""false"""
"=""mst người phụ thuộc""","=""70""","=""0""","=""4""","=""Low""","=""false"""
"=""thuế thu nhập cá nhân tra cứu""","=""70""","=""0""","=""7""","=""Low""","=""false"""
"=""tra cứu mst theo cmnd""","=""70""","=""0""","=""5""","=""Low""","=""false"""
"=""tra cứu mã số người phụ thuộc""","=""70""","=""0""","=""7""","=""Low""","=""false"""
"=""tra cứu mã thuế doanh nghiệp""","=""70""","=""0""","=""6""","=""Low""","=""false"""
"=""tra cứu ngày cấp mst cá nhân""","=""70""","=""0""","=""7""","=""Low""","=""false"""
"=""tra mst người phụ thuộc""","=""70""","=""0""","=""5""","=""Low""","=""false"""
"=""đăng ký mst cho người nước ngoài""","=""70""","=""0""","=""7""","=""Low""","=""false"""
"=""2000414766""","=""50""","=""0""","=""1""","=""Low""","=""false"""
"=""cách tra mã thuế thu nhập cá nhân""","=""50""","=""0""","=""8""","=""Low""","=""false"""
"=""dò mst cá nhân""","=""50""","=""0""","=""4""","=""Low""","=""false"""
"=""kiểm tra số thuế cá nhân""","=""50""","=""0""","=""6""","=""Low""","=""false"""
"=""masothue canhan""","=""50""","=""0""","=""2""","=""Low""","=""false"""
"=""ms thuế""","=""50""","=""0""","=""2""","=""Low""","=""false"""
"=""mã số thu""","=""50""","=""0""","=""3""","=""Low""","=""false"""
"=""thủ tục đóng mst""","=""50""","=""0.84""","=""4""","=""Low""","=""true"""
"=""thủ tục đóng mst doanh nghiệp""","=""50""","=""0.67""","=""6""","=""Low""","=""true"""
"=""tra ma thue""","=""50""","=""0""","=""3""","=""Low""","=""false"""
"=""tra mst cá nhân bằng cmnd""","=""50""","=""0""","=""6""","=""Low""","=""false"""
"=""đóng mst cá nhân""","=""50""","=""0""","=""4""","=""Low""","=""false"""
"=""đăng ký mst người phụ thuộc""","=""50""","=""0""","=""6""","=""Low""","=""false"""
"=""đăng ký mst nhà thầu""","=""50""","=""0""","=""5""","=""Low""","=""false"""
"=""đăng ký mst tncn""","=""50""","=""0""","=""4""","=""Low""","=""false"""
"=""cách tra cứu mã số hộ kinh doanh""","=""40""","=""0""","=""8""","=""Low""","=""true"""
"=""cách tra mst người phụ thuộc""","=""40""","=""0""","=""6""","=""Low""","=""false"""
"=""cách tra số thuế cá nhân""","=""40""","=""0""","=""6""","=""Low""","=""false"""
"=""kiểm tra mst người phụ thuộc""","=""40""","=""0""","=""6""","=""Low""","=""false"""
"=""thuế cá nhân tra cứu""","=""40""","=""0""","=""5""","=""Low""","=""false"""
"=""tra cứu mã số hộ kinh doanh cá thể""","=""40""","=""0""","=""9""","=""Low""","=""false"""
"=""tra cứu mã số thu nhập cá nhân""","=""40""","=""0""","=""8""","=""Low""","=""false"""
"=""tra mã hồ sơ thuế""","=""40""","=""0""","=""5""","=""Low""","=""true"""
"=""tra mã thuế doanh nghiệp""","=""40""","=""0""","=""5""","=""Low""","=""false"""
"=""đăng ký mst cho nhân viên""","=""40""","=""0""","=""6""","=""Low""","=""true"""
"=""đăng ký mã thuế cá nhân""","=""40""","=""0""","=""6""","=""Low""","=""false"""
"=""cách tra mã số cá nhân""","=""30""","=""0""","=""6""","=""Low""","=""false"""
"=""cách đăng ký mst cho người phụ thuộc""","=""30""","=""0""","=""8""","=""Low""","=""false"""
"=""cách đăng ký mst người phụ thuộc""","=""30""","=""0""","=""7""","=""Low""","=""false"""
"=""cấp mst cá nhân""","=""30""","=""0""","=""4""","=""Low""","=""false"""
"=""hướng dẫn tra cứu thuế thu nhập cá nhân""","=""30""","=""0""","=""9""","=""Low""","=""false"""
"=""kiểm tra mã thuế cá nhân""","=""30""","=""0""","=""6""","=""Low""","=""false"""
"=""ms thuế cá nhân""","=""30""","=""0""","=""4""","=""Low""","=""false"""
"=""mở mst cá nhân""","=""30""","=""0""","=""4""","=""Low""","=""false"""
"=""thông tin mst cá nhân""","=""30""","=""0""","=""5""","=""Low""","=""false"""
"=""thủ tục đóng mst cá nhân""","=""30""","=""0""","=""6""","=""Low""","=""false"""
"=""tra cứu số thuế thu nhập cá nhân""","=""30""","=""0""","=""8""","=""Low""","=""false"""
"=""tra ma thue ca nhan""","=""30""","=""0""","=""5""","=""Low""","=""false"""
"=""tra mstcn online""","=""30""","=""0""","=""3""","=""Low""","=""false"""
"=""tra mã số hộ kinh doanh cá thể""","=""30""","=""0""","=""8""","=""Low""","=""false"""
"=""tra mã số người phụ thuộc""","=""30""","=""0""","=""6""","=""Low""","=""false"""
"=""tra mã số thu nhập cá nhân""","=""30""","=""0""","=""7""","=""Low""","=""false"""
"=""tra mã thuế công ty""","=""30""","=""0""","=""5""","=""Low""","=""false"""
"=""tra ngày cấp mst cá nhân""","=""30""","=""0""","=""6""","=""Low""","=""false"""
"=""tờ khai đăng ký mst cá nhân""","=""30""","=""0""","=""7""","=""Low""","=""false"""
"=""đăng ký mst cá nhân cho người nước ngoài""","=""30""","=""0""","=""9""","=""Low""","=""true"""
"=""đăng ký mst cá nhân cho nhân viên""","=""30""","=""0""","=""8""","=""Low""","=""false"""
"=""đăng ký số thuế cá nhân""","=""30""","=""0""","=""6""","=""Low""","=""false"""
"=""cách kiểm tra mst người phụ thuộc""","=""20""","=""0""","=""7""","=""Low""","=""false"""
"=""cách mở mst cá nhân""","=""20""","=""0""","=""5""","=""Low""","=""false"""
"=""cách tra cứu mã thuế thu nhập cá nhân""","=""20""","=""0""","=""9""","=""Low""","=""false"""
"=""cách tra cứu ngày cấp mst cá nhân""","=""20""","=""0""","=""8""","=""Low""","=""false"""
"=""cách tra mst thu nhập cá nhân""","=""20""","=""0""","=""7""","=""Low""","=""false"""
"=""có 2 mst cá nhân""","=""20""","=""0""","=""5""","=""Low""","=""false"""
"=""kiểm tra mst cá nhân online""","=""20""","=""0""","=""6""","=""Low""","=""false"""
"=""kiểm tra mã thuế thu nhập cá nhân""","=""20""","=""0""","=""8""","=""Low""","=""false"""
"=""mã số người phụ thuộc""","=""20""","=""0""","=""5""","=""Low""","=""false"""
"=""mã thu nhập cá nhân""","=""20""","=""0""","=""5""","=""Low""","=""false"""
"=""mã thuế công ty""","=""20""","=""0""","=""4""","=""Low""","=""false"""
"=""ngày cấp mst cá nhân""","=""20""","=""0""","=""5""","=""Low""","=""false"""
"=""thủ tục đăng ký mst cá nhân""","=""20""","=""0""","=""7""","=""Low""","=""false"""
"=""tim mst ca nhan""","=""20""","=""0""","=""4""","=""Low""","=""false"""
"=""tra cứu mst cá nhân theo cmnd""","=""20""","=""0""","=""7""","=""Low""","=""false"""
"=""tra cứu mst thu nhập cá nhân online""","=""20""","=""0""","=""8""","=""Low""","=""false"""
"=""tra mst ca nhan qua cmnd""","=""20""","=""0""","=""6""","=""Low""","=""false"""
"=""tra mst ca nhân""","=""20""","=""0""","=""4""","=""Low""","=""false"""
"=""tra mst cá nhân tổng cục thuế""","=""20""","=""0""","=""7""","=""Low""","=""false"""
"=""đăng ký cấp mst cá nhân""","=""20""","=""0""","=""6""","=""Low""","=""false"""
"=""đăng ký mã thuế cá nhân online""","=""20""","=""0""","=""7""","=""Low""","=""false"""
"=""chưa hoàn thành thủ tục đóng mst""","=""10""","=""0""","=""7""","=""Low""","=""false"""
"=""cách tra mã số người phụ thuộc""","=""10""","=""0""","=""7""","=""Low""","=""false"""
"=""cách đăng ký mst nhà thầu online""","=""10""","=""0""","=""7""","=""Low""","=""false"""
"=""cách đăng ký mst thu nhập cá nhân""","=""10""","=""0""","=""8""","=""Low""","=""false"""
"=""cách đăng ký thuế tncn online""","=""10""","=""0""","=""6""","=""Low""","=""true"""
"=""hướng dẫn đăng ký mst cá nhân 2021""","=""10""","=""0""","=""8""","=""Low""","=""false"""
"=""hướng dẫn đăng ký mst cá nhân trên htkk""","=""10""","=""0""","=""9""","=""Low""","=""false"""
"=""hồ sơ đăng ký mst cá nhân""","=""10""","=""0""","=""7""","=""Low""","=""false"""
"=""không có mst cá nhân""","=""10""","=""0""","=""5""","=""Low""","=""false"""
"=""ma so ca nhan""","=""10""","=""0""","=""4""","=""Low""","=""false"""
"=""ma thue ca nhan""","=""10""","=""0""","=""4""","=""Low""","=""false"""
"=""mã số cty""","=""10""","=""0""","=""3""","=""Low""","=""false"""
"=""mã số hộ kinh doanh cá thể""","=""10""","=""0""","=""7""","=""Low""","=""false"""
"=""mã số kinh doanh cá nhân""","=""10""","=""0""","=""6""","=""Low""","=""false"""
"=""mã số đăng ký thuế quốc gia""","=""10""","=""0""","=""7""","=""Low""","=""false"""
"=""mã thuế doanh nghiệp""","=""10""","=""0""","=""4""","=""Low""","=""false"""
"=""mã thuế môn bài""","=""10""","=""0""","=""4""","=""Low""","=""false"""
"=""mã thuế thu nhập cá nhân online""","=""10""","=""0""","=""7""","=""Low""","=""false"""
"=""thuế thu nhập cá nhân mã số""","=""10""","=""0""","=""7""","=""Low""","=""false"""
"=""thủ tục cấp mst cá nhân""","=""10""","=""0""","=""6""","=""Low""","=""false"""
"=""tncnonline người phụ thuộc""","=""10""","=""0""","=""4""","=""Low""","=""false"""
"=""tra cuu cmnd qua mst""","=""10""","=""0""","=""5""","=""Low""","=""false"""
"=""tra cuu ma thue ca nhan""","=""10""","=""0""","=""6""","=""Low""","=""false"""
"=""tra cuu mst thue ca nhan""","=""10""","=""0""","=""6""","=""Low""","=""false"""
"=""tra cứu mst cá nhân qua cmnd""","=""10""","=""0""","=""7""","=""Low""","=""false"""
"=""tra cứu mst người phụ thuộc 2021""","=""10""","=""0""","=""7""","=""Low""","=""false"""
"=""tra cứu mã số kinh doanh hộ cá thể""","=""10""","=""0""","=""9""","=""Low""","=""false"""
"=""tra cứu người phụ thuộc thuế thu nhập cá nhân""","=""10""","=""0""","=""10""","=""Low""","=""false"""
"=""tra cứu thuế thu nhập ca nhân""","=""10""","=""0""","=""7""","=""Low""","=""false"""
"=""tra ma so thu nhap ca nhan""","=""10""","=""0""","=""7""","=""Low""","=""false"""
"=""tra ms thuế cá nhân""","=""10""","=""0""","=""5""","=""Low""","=""false"""
"=""tra mã thu nhập cá nhân""","=""10""","=""0""","=""6""","=""Low""","=""false"""
"=""đăng ký mst nhà thầu online""","=""10""","=""0""","=""6""","=""Low""","=""false"""
"=""đăng ký mã số cá nhân""","=""10""","=""0""","=""6""","=""Low""","=""false"""
"=""đăng ký mã thuế thu nhập cá nhân""","=""10""","=""0""","=""8""","=""Low""","=""false"""
"=""cách đăng ký mst cá nhân 2022""","=""0""","=""0""","=""7""","=""Low""","=""false"""
"=""hướng dẫn đăng ký mst cá nhân 2022""","=""0""","=""0""","=""8""","=""Low""","=""false"""
"=""mst 3700149845""","=""0""","=""0""","=""2""","=""Low""","=""false"""
"=""mã số doanh nghiệp 234475957""","=""0""","=""0""","=""5""","=""Low""","=""false"""
"=""đăng ký mst cá nhân 2022""","=""0""","=""0""","=""6""","=""Low""","=""false"""
