Keyword,Volume,CPC,Word count,PPC Competition,Trending
"=""du lịch việt nam""","=""5400""","=""0.25""","=""4""","=""Low""","=""false"""
"=""du lich việt nam""","=""5400""","=""0.25""","=""4""","=""Low""","=""false"""
"=""du lich viet nam""","=""880""","=""0.19""","=""4""","=""Low""","=""false"""
"=""du lịch viet nam""","=""880""","=""0.19""","=""4""","=""Low""","=""false"""
"=""du lịch việt nam hiện nay""","=""50""","=""0.2""","=""6""","=""Low""","=""false"""
"=""du lịch việt nam tourist""","=""20""","=""0.23""","=""5""","=""Medium""","=""false"""
"=""du lich viet nam 2022""","=""10""","=""0""","=""5""","=""Low""","=""false"""
"=""du lich viet nam tour""","=""10""","=""0""","=""5""","=""Low""","=""false"""
"=""du lịch việt nam 2019""","=""10""","=""0""","=""5""","=""Low""","=""false"""
"=""du lịch việt nam 2021""","=""10""","=""0""","=""5""","=""Low""","=""false"""
"=""du lịch việt nam 2022""","=""10""","=""0""","=""5""","=""Low""","=""false"""
"=""du lịch việt nam 2023""","=""10""","=""0""","=""5""","=""Low""","=""false"""
"=""du lịch việt nam an toàn""","=""10""","=""0""","=""6""","=""Medium""","=""false"""
"=""du lịch việt nam năm 2022""","=""10""","=""0""","=""6""","=""Low""","=""false"""
"=""du lịch việt nam tháng 10""","=""10""","=""0""","=""6""","=""Medium""","=""false"""
"=""du lịch việt nam tháng 11""","=""10""","=""0""","=""6""","=""Low""","=""false"""
"=""du lịch việt nam tháng 12""","=""10""","=""0""","=""6""","=""Low""","=""false"""
"=""du lịch việt nam tháng 7""","=""10""","=""0""","=""6""","=""Medium""","=""false"""
"=""du lịch việt nam tháng 9""","=""10""","=""0""","=""6""","=""Medium""","=""true"""
"=""du lịch việt nam ẩm thực và cảnh điểm""","=""10""","=""0""","=""9""","=""Medium""","=""false"""
"=""du lich viet nam bao moi""","=""0""","=""0""","=""6""","=""Low""","=""false"""
"=""bản đồ du lịch việt nam""","=""1900""","=""0.42""","=""6""","=""Low""","=""false"""
"=""địa điểm du lịch việt nam""","=""720""","=""0.13""","=""6""","=""Low""","=""false"""
"=""hiệp hội du lịch việt nam""","=""260""","=""0""","=""6""","=""Low""","=""false"""
"=""ngày du lịch việt nam""","=""260""","=""0""","=""5""","=""Low""","=""true"""
"=""tour du lịch việt nam""","=""210""","=""0.16""","=""5""","=""Medium""","=""false"""
"=""các địa điểm du lịch việt nam""","=""210""","=""0.11""","=""7""","=""Low""","=""false"""
"=""tạp chí du lịch việt nam""","=""210""","=""0""","=""6""","=""Low""","=""false"""
"=""khu du lịch việt nam""","=""170""","=""0""","=""5""","=""Low""","=""false"""
"=""địa lý du lịch việt nam""","=""170""","=""0""","=""6""","=""Low""","=""false"""
"=""các điểm du lịch việt nam""","=""140""","=""0.01""","=""6""","=""Low""","=""false"""
"=""lữ hành việt du lịch việt nam""","=""140""","=""0.19""","=""7""","=""Low""","=""false"""
"=""công ty du lịch việt nam""","=""110""","=""0.36""","=""6""","=""Low""","=""true"""
"=""cẩm nang du lịch việt nam""","=""110""","=""0""","=""6""","=""Medium""","=""false"""
"=""thành phố du lịch việt nam""","=""110""","=""0""","=""6""","=""Low""","=""false"""
"=""điểm du lịch việt nam""","=""110""","=""0""","=""5""","=""Low""","=""false"""
"=""web du lịch việt nam""","=""90""","=""0.25""","=""5""","=""Medium""","=""false"""
"=""biểu tượng du lịch việt nam""","=""70""","=""0""","=""6""","=""Low""","=""false"""
"=""bản đồ đánh dấu du lịch việt nam""","=""70""","=""0""","=""8""","=""Low""","=""false"""
"=""hội hướng dẫn viên du lịch việt nam""","=""70""","=""0""","=""8""","=""Low""","=""false"""
"=""khách du lịch việt nam""","=""70""","=""0""","=""5""","=""Low""","=""false"""
"=""tàu du lịch việt nam""","=""70""","=""0""","=""5""","=""Low""","=""true"""
"=""ban do du lich viet nam""","=""50""","=""0""","=""6""","=""Low""","=""false"""
"=""công ty lữ hành việt du lịch việt nam""","=""50""","=""0.31""","=""9""","=""Medium""","=""false"""
"=""giới thiệu du lịch việt nam""","=""50""","=""0""","=""6""","=""Low""","=""false"""
"=""giới thiệu về du lịch việt nam""","=""50""","=""0""","=""7""","=""Low""","=""false"""
"=""hướng dẫn viên du lịch việt nam""","=""50""","=""0""","=""7""","=""Low""","=""false"""
"=""khách nước ngoài du lịch việt nam""","=""50""","=""0""","=""7""","=""Low""","=""false"""
"=""kinh nghiệm du lịch việt nam""","=""50""","=""0""","=""6""","=""Low""","=""false"""
"=""đi du lịch việt nam""","=""50""","=""0.29""","=""5""","=""Low""","=""true"""
"=""cảnh đẹp du lịch việt nam""","=""40""","=""0""","=""6""","=""Low""","=""false"""
"=""những địa điểm du lịch việt nam""","=""40""","=""0""","=""7""","=""Low""","=""false"""
"=""trang web du lịch việt nam""","=""40""","=""0.23""","=""6""","=""Medium""","=""false"""
"=""các khu du lịch việt nam""","=""30""","=""0""","=""6""","=""Low""","=""false"""
"=""công ty du lịch việt nam tourist""","=""30""","=""0.26""","=""7""","=""Medium""","=""false"""
"=""khám phá du lịch việt nam""","=""30""","=""0.33""","=""6""","=""Medium""","=""false"""
"=""những điểm du lịch việt nam""","=""30""","=""0""","=""6""","=""Low""","=""false"""
"=""thị trường du lịch việt nam""","=""30""","=""0""","=""6""","=""Low""","=""false"""
"=""đảo du lịch việt nam""","=""30""","=""0""","=""5""","=""Low""","=""false"""
"=""biểu đồ du lịch việt nam""","=""20""","=""0""","=""6""","=""Low""","=""false"""
"=""cty du lịch việt nam""","=""20""","=""0.7""","=""5""","=""Medium""","=""false"""
"=""các công ty du lịch việt nam""","=""20""","=""0.32""","=""7""","=""Low""","=""false"""
"=""các tour du lịch việt nam""","=""20""","=""0.16""","=""6""","=""Medium""","=""false"""
"=""các tỉnh du lịch việt nam""","=""20""","=""0""","=""6""","=""Low""","=""false"""
"=""công ty du lịch việt nam hà nội""","=""20""","=""0""","=""8""","=""Low""","=""false"""
"=""công ty du lịch việt nam travel""","=""20""","=""0.27""","=""7""","=""Medium""","=""false"""
"=""trang du lịch việt nam""","=""20""","=""0.4""","=""5""","=""Medium""","=""false"""
"=""ứng dụng du lịch việt nam""","=""20""","=""0.8""","=""6""","=""Medium""","=""false"""
"=""biểu tượng của du lịch việt nam""","=""10""","=""0""","=""7""","=""Low""","=""false"""
"=""bản đồ du lịch việt nam 2022""","=""10""","=""0""","=""7""","=""Low""","=""false"""
"=""các địa điểm du lịch việt nam bằng tiếng trung""","=""10""","=""0""","=""10""","=""Low""","=""false"""
"=""các ứng dụng du lịch việt nam""","=""10""","=""0""","=""7""","=""Medium""","=""false"""
"=""công ty du lịch việt nam vacation""","=""10""","=""0""","=""7""","=""Low""","=""false"""
"=""di du lich viet nam""","=""10""","=""0""","=""5""","=""High""","=""false"""
"=""diễn đàn du lịch việt nam""","=""10""","=""0""","=""6""","=""Low""","=""false"""
"=""hội du lịch việt nam""","=""10""","=""0""","=""5""","=""Low""","=""false"""
"=""hợp tác du lịch việt nam hàn quốc""","=""10""","=""0""","=""8""","=""Low""","=""false"""
"=""kinh tế du lịch việt nam""","=""10""","=""0""","=""6""","=""Low""","=""false"""
"=""lịch sử du lịch việt nam""","=""10""","=""0""","=""6""","=""Low""","=""false"""
"=""ngày du lịch việt nam 9 7""","=""10""","=""0""","=""7""","=""Low""","=""true"""
"=""sơ đồ du lịch việt nam""","=""10""","=""0""","=""6""","=""Low""","=""false"""
"=""thị trường du lịch việt nam hiện nay""","=""10""","=""0""","=""8""","=""Low""","=""false"""
"=""tong cuc du lich viet nam""","=""10""","=""0""","=""6""","=""Low""","=""false"""
"=""tổng công ty du lịch việt nam""","=""10""","=""0""","=""7""","=""Low""","=""false"""
"=""đặc điểm du lịch việt nam""","=""10""","=""0""","=""6""","=""Low""","=""false"""
"=""địa điểm du lịch việt nam bằng tiếng trung""","=""10""","=""0""","=""9""","=""Low""","=""false"""
"=""ứng dụng du lịch việt nam an toàn""","=""10""","=""0""","=""8""","=""Low""","=""false"""
"=""các điểm du lịch việt nam 2022""","=""0""","=""0""","=""7""","=""Low""","=""false"""
"=""địa điểm du lịch việt nam 2020""","=""0""","=""0""","=""7""","=""Low""","=""false"""
"=""việt travel""","=""5400""","=""0.26""","=""2""","=""Medium""","=""false"""
"=""đất việt tour""","=""5400""","=""0.17""","=""3""","=""Low""","=""false"""
"=""ngũ hành sơn đà nẵng""","=""5400""","=""0.16""","=""5""","=""Low""","=""false"""
"=""sa pa lao cai vietnam""","=""3600""","=""1.21""","=""5""","=""Low""","=""false"""
"=""du lịch việt""","=""2900""","=""0.28""","=""3""","=""Medium""","=""false"""
"=""du lịch viet""","=""2900""","=""0.28""","=""3""","=""Medium""","=""false"""
"=""du lịch viêt""","=""2900""","=""0.28""","=""3""","=""Medium""","=""false"""
"=""du lịch viẹt""","=""2900""","=""0.28""","=""3""","=""Medium""","=""false"""
"=""khách sạn royal 19 hàng cháo hà nội""","=""2900""","=""0""","=""8""","=""Low""","=""false"""
"=""di tích lịch sử việt nam""","=""1900""","=""0""","=""6""","=""Low""","=""false"""
"=""dulich vietnam""","=""1900""","=""0.36""","=""2""","=""Low""","=""false"""
"=""hòn trống mái hạ long""","=""1900""","=""0.15""","=""5""","=""Low""","=""false"""
"=""thiền viện trúc lâm trà vinh""","=""1900""","=""0""","=""6""","=""Low""","=""false"""
"=""tour hàn quốc từ đà nẵng""","=""1600""","=""0.09""","=""6""","=""Low""","=""false"""
"=""các di tích lịch sử ở việt nam""","=""880""","=""0""","=""8""","=""Low""","=""false"""
"=""các địa điểm du lịch ở việt nam""","=""880""","=""0.11""","=""8""","=""Low""","=""false"""
"=""du lich vn""","=""880""","=""0.19""","=""3""","=""Low""","=""false"""
"=""khu du lịch một thoáng việt nam""","=""880""","=""0""","=""7""","=""Low""","=""false"""
"=""mũi né ở tỉnh nào""","=""880""","=""0.09""","=""5""","=""Low""","=""false"""
"=""hoàng việt travel""","=""720""","=""0.21""","=""3""","=""Low""","=""false"""
"=""du lich phú thọ""","=""720""","=""0.1""","=""4""","=""Low""","=""false"""
"=""khách sạn kim hưng 2 bạc liêu""","=""720""","=""0.43""","=""7""","=""Low""","=""true"""
"=""lửa việt tour""","=""720""","=""0.36""","=""3""","=""Low""","=""false"""
"=""bana hill đà nẵng""","=""590""","=""0.24""","=""4""","=""High""","=""true"""
"=""đà lạt ở tỉnh nào""","=""590""","=""0""","=""5""","=""Low""","=""false"""
"=""du lich viet""","=""480""","=""0.35""","=""3""","=""Medium""","=""false"""
"=""huế đà nẵng""","=""480""","=""0.23""","=""3""","=""Low""","=""false"""
"=""amazing bay đồng nai""","=""480""","=""0.09""","=""4""","=""High""","=""false"""
"=""di tích việt nam""","=""480""","=""0""","=""4""","=""Low""","=""true"""
"=""nui việt nam""","=""480""","=""0""","=""3""","=""Low""","=""false"""
"=""rừng tràm trà sư an giang""","=""480""","=""0.12""","=""6""","=""Low""","=""true"""
"=""đảo nào lớn nhất việt nam""","=""480""","=""0""","=""6""","=""Low""","=""false"""
"=""công ty du lịch việt nhật""","=""390""","=""0""","=""6""","=""Low""","=""true"""
"=""du lịch biển việt nam""","=""390""","=""0.01""","=""5""","=""Low""","=""false"""
"=""khu du lich tre viet""","=""390""","=""0""","=""5""","=""Low""","=""false"""
"=""phú yên ở tỉnh nào""","=""390""","=""0""","=""5""","=""Low""","=""false"""
"=""sài gòn tourist đà nẵng""","=""390""","=""0.15""","=""5""","=""Low""","=""true"""
"=""tuần châu hạ long quảng ninh""","=""390""","=""0""","=""6""","=""Low""","=""false"""
"=""công ty du lịch việt""","=""320""","=""0.27""","=""5""","=""Medium""","=""false"""
"=""cong ty du lich viet""","=""320""","=""0.27""","=""5""","=""Medium""","=""false"""
"=""cảnh đẹp vn""","=""320""","=""0""","=""3""","=""Low""","=""false"""
"=""cảnh đẹp đất nước việt nam""","=""320""","=""0""","=""6""","=""Medium""","=""false"""
"=""di tích lịch sử ở việt nam""","=""320""","=""0""","=""7""","=""Low""","=""false"""
"=""du lịch vietravel đà nẵng""","=""320""","=""0.14""","=""5""","=""Low""","=""false"""
"=""farm đà nẵng""","=""320""","=""0.83""","=""3""","=""Low""","=""true"""
"=""khách sạn melia hải phòng""","=""320""","=""0.15""","=""5""","=""Medium""","=""false"""
"=""lịch việt nam trung quốc""","=""320""","=""0""","=""5""","=""Low""","=""false"""
"=""lữ hành việt nam""","=""320""","=""0.17""","=""4""","=""Low""","=""false"""
"=""quảng ninh thanh hóa""","=""320""","=""0.05""","=""4""","=""Low""","=""false"""
"=""vườn quốc gia tràm chim đồng tháp""","=""320""","=""0""","=""7""","=""Low""","=""false"""
"=""du lịch đất việt""","=""260""","=""0.62""","=""4""","=""Medium""","=""false"""
"=""bản đồ du lịch hà nội""","=""260""","=""0""","=""6""","=""Low""","=""false"""
"=""cảnh đẹp phú thọ""","=""260""","=""0""","=""4""","=""Low""","=""false"""
"=""du lịch trung quốc từ hà nội""","=""260""","=""0.27""","=""7""","=""Medium""","=""false"""
"=""hà giang có những điểm du lịch nào""","=""260""","=""0.03""","=""8""","=""Low""","=""false"""
"=""khách quốc tế đến việt nam""","=""260""","=""0""","=""6""","=""Low""","=""false"""
"=""khách sạn la festa phú quốc""","=""260""","=""0.26""","=""6""","=""High""","=""false"""
"=""sinh tour việt nam""","=""260""","=""0.16""","=""4""","=""Low""","=""false"""
"=""tour xuyên việt""","=""260""","=""0.23""","=""3""","=""Low""","=""false"""
"=""bản đồ du lịch vn""","=""210""","=""0""","=""5""","=""Low""","=""false"""
"=""bến thành tourist đà nẵng""","=""210""","=""0.2""","=""5""","=""Low""","=""false"""
"=""các cảnh đẹp ở việt nam""","=""210""","=""0""","=""6""","=""Low""","=""false"""
"=""cảnh đẹp thái nguyên""","=""210""","=""0""","=""4""","=""Low""","=""false"""
"=""du lịch việt mỹ""","=""210""","=""0.42""","=""4""","=""Low""","=""false"""
"=""hà giang tây bắc""","=""210""","=""0.3""","=""4""","=""Low""","=""false"""
"=""lửa việt travel""","=""210""","=""0.36""","=""3""","=""Low""","=""true"""
"=""mũi né tỉnh nào""","=""210""","=""0""","=""4""","=""Low""","=""false"""
"=""tour đi trung quốc từ hà nội""","=""210""","=""0.19""","=""7""","=""Medium""","=""false"""
"=""tàu du lịch huế đà nẵng""","=""210""","=""0.06""","=""6""","=""Low""","=""true"""
"=""tàu lửa đà lạt""","=""210""","=""0.04""","=""4""","=""Low""","=""false"""
"=""đảo phú quốc bản đồ""","=""210""","=""0""","=""5""","=""Low""","=""false"""
"=""địa điểm du lịch ở việt nam""","=""210""","=""0""","=""7""","=""Low""","=""false"""
"=""tour phan thiết 1 ngày""","=""170""","=""0.26""","=""5""","=""Low""","=""false"""
"=""du lịch lửa việt""","=""170""","=""0.33""","=""4""","=""Medium""","=""false"""
"=""hòa bình travel""","=""170""","=""0.25""","=""3""","=""Low""","=""false"""
"=""khu du lịch phú thọ""","=""170""","=""0.13""","=""5""","=""Low""","=""false"""
"=""những địa điểm du lịch ở việt nam""","=""170""","=""0""","=""8""","=""Low""","=""false"""
"=""thiền viện trúc lâm ở đà lạt""","=""170""","=""0.01""","=""7""","=""Low""","=""false"""
"=""tín việt travel""","=""170""","=""0.24""","=""3""","=""Low""","=""true"""
"=""vietravel tây ninh""","=""170""","=""0.29""","=""3""","=""Low""","=""false"""
"=""việt nam tour""","=""170""","=""0.26""","=""3""","=""Medium""","=""false"""
"=""vườn quốc gia xuân sơn phú thọ""","=""170""","=""0""","=""7""","=""Low""","=""false"""
"=""cty du lịch việt""","=""140""","=""0.3""","=""4""","=""Medium""","=""false"""
"=""saigontourist vietnam""","=""140""","=""0.2""","=""2""","=""Low""","=""false"""
"=""tour du lịch trung quốc từ hà nội""","=""140""","=""0.18""","=""8""","=""Medium""","=""false"""
"=""công ty du lịch lửa việt""","=""140""","=""0.14""","=""6""","=""Low""","=""false"""
"=""13 địa điểm du lịch hà giang""","=""140""","=""0.21""","=""7""","=""Low""","=""false"""
"=""biển đẹp ở việt nam""","=""140""","=""0.1""","=""5""","=""Low""","=""false"""
"=""cty du lich viet""","=""140""","=""0.3""","=""4""","=""Medium""","=""false"""
"=""công ty du lịch việt trung""","=""140""","=""0.38""","=""6""","=""Low""","=""false"""
"=""cảnh đẹp ở an giang""","=""140""","=""0""","=""5""","=""Low""","=""false"""
"=""giới thiệu cảnh đẹp việt nam""","=""140""","=""0""","=""6""","=""Low""","=""false"""
"=""huế đà nẵng hội an""","=""140""","=""0.18""","=""5""","=""Low""","=""false"""
"=""hành trình việt tourist""","=""140""","=""0""","=""4""","=""Low""","=""false"""
"=""khu du lịch dũng tân thái nguyên""","=""140""","=""0""","=""7""","=""Low""","=""false"""
"=""khu du lịch thái hải thái nguyên""","=""140""","=""0""","=""7""","=""Low""","=""false"""
"=""khách du lịch quốc tế đến việt nam""","=""140""","=""0""","=""8""","=""Low""","=""false"""
"=""khách sạn shilla monogram đà nẵng""","=""140""","=""0.18""","=""6""","=""High""","=""false"""
"=""những di tích lịch sử việt nam""","=""140""","=""0""","=""7""","=""Low""","=""false"""
"=""những di tích lịch sử ở việt nam""","=""140""","=""0""","=""8""","=""Low""","=""false"""
"=""tour đất việt""","=""140""","=""0.18""","=""3""","=""Medium""","=""false"""
"=""tịnh xá ngọc hòa quy nhơn""","=""140""","=""0""","=""6""","=""Low""","=""true"""
"=""vietravel an giang""","=""140""","=""0.2""","=""3""","=""Low""","=""false"""
"=""việt nam du lịch""","=""140""","=""0""","=""4""","=""Low""","=""false"""
"=""điểm du lịch phú thọ""","=""140""","=""0""","=""5""","=""Low""","=""false"""
"=""tranh thêu xq đà lạt""","=""110""","=""0.12""","=""5""","=""High""","=""false"""
"=""du lịch việt travel""","=""110""","=""0.22""","=""4""","=""Medium""","=""false"""
"=""tour nha trang vietravel""","=""110""","=""0.22""","=""4""","=""Medium""","=""false"""
"=""biển lăng cô ở huế""","=""110""","=""0.17""","=""5""","=""Medium""","=""false"""
"=""biển trà cổ quảng ninh""","=""110""","=""0.05""","=""5""","=""Low""","=""false"""
"=""bản đồ miền tây việt nam""","=""110""","=""0""","=""6""","=""Medium""","=""false"""
"=""cao bằng bắc kạn""","=""110""","=""0""","=""4""","=""Low""","=""false"""
"=""con lịch cà mau""","=""110""","=""0""","=""4""","=""Low""","=""false"""
"=""các di tích lịch sử việt nam""","=""110""","=""0""","=""7""","=""Low""","=""false"""
"=""các điểm du lịch thái nguyên""","=""110""","=""0""","=""6""","=""Low""","=""false"""
"=""các điểm du lịch ở việt nam""","=""110""","=""0.08""","=""7""","=""Low""","=""false"""
"=""công ty du lịch vietnam travel""","=""110""","=""0.17""","=""6""","=""Low""","=""false"""
"=""công ty du lịch việt tourist""","=""110""","=""0.25""","=""6""","=""Medium""","=""false"""
"=""cảnh đẹp thiên nhiên ở việt nam""","=""110""","=""0""","=""7""","=""Medium""","=""false"""
"=""di sản thiên nhiên ở việt nam""","=""110""","=""0""","=""7""","=""Low""","=""false"""
"=""khách sạn thái bình hưng yên""","=""110""","=""0.16""","=""6""","=""Low""","=""true"""
"=""lua viet tour""","=""110""","=""0.44""","=""3""","=""Low""","=""false"""
"=""lụa hội an""","=""110""","=""0""","=""3""","=""High""","=""true"""
"=""mộc việt travel""","=""110""","=""0""","=""3""","=""Low""","=""true"""
"=""phú quốc là miền nào""","=""110""","=""0""","=""5""","=""Low""","=""true"""
"=""taxi viet""","=""110""","=""0""","=""2""","=""Low""","=""false"""
"=""vé hòn sơn""","=""110""","=""0.06""","=""3""","=""Medium""","=""false"""
"=""đà lạt nằm trên cao nguyên nào""","=""110""","=""0""","=""7""","=""Low""","=""false"""
"=""đất việt tourist""","=""110""","=""0.19""","=""3""","=""Medium""","=""false"""
"=""địa điểm du lịch quảng trị""","=""110""","=""0""","=""6""","=""Low""","=""true"""
"=""việt tourist""","=""90""","=""0.13""","=""2""","=""Medium""","=""false"""
"=""tàu cao tốc vũng tàu côn đảo mới nhất""","=""90""","=""0.13""","=""9""","=""Medium""","=""false"""
"=""41 điểm du lịch quốc gia việt nam""","=""90""","=""0""","=""8""","=""Low""","=""false"""
"=""bien vinh hy""","=""90""","=""0.03""","=""3""","=""Low""","=""false"""
"=""các di tích lịch sử của việt nam""","=""90""","=""0""","=""8""","=""Low""","=""false"""
"=""các khu du lịch ở việt nam""","=""90""","=""0""","=""7""","=""Low""","=""false"""
"=""các đảo đẹp ở việt nam""","=""90""","=""0""","=""6""","=""Low""","=""false"""
"=""công viên lớn nhất việt nam""","=""90""","=""0""","=""6""","=""Low""","=""false"""
"=""công viên nước đồng nai amazing bay""","=""90""","=""0.08""","=""7""","=""High""","=""false"""
"=""công viên nước ở ninh bình""","=""90""","=""0""","=""6""","=""Low""","=""false"""
"=""cảnh đẹp ở hạ long""","=""90""","=""0""","=""5""","=""Low""","=""false"""
"=""di tích lịch sử của việt nam""","=""90""","=""0""","=""7""","=""Low""","=""false"""
"=""du lich tre viet""","=""90""","=""0""","=""4""","=""Low""","=""false"""
"=""du lịch kien giang""","=""90""","=""0""","=""4""","=""Medium""","=""false"""
"=""du lịch phú thọ 1 ngày""","=""90""","=""0""","=""6""","=""Low""","=""false"""
"=""du lịch ở việt nam""","=""90""","=""0""","=""5""","=""Low""","=""false"""
"=""hướng dẫn viên du lịch hà nội""","=""90""","=""0.17""","=""7""","=""Low""","=""false"""
"=""khu di tích lịch sử việt nam""","=""90""","=""0""","=""7""","=""Low""","=""false"""
"=""khu sinh thái dũng tân thái nguyên""","=""90""","=""0""","=""7""","=""Low""","=""true"""
"=""lịch bay hà nội quy nhơn""","=""90""","=""0.04""","=""6""","=""Low""","=""false"""
"=""miền tây bản đồ""","=""90""","=""0""","=""4""","=""Low""","=""false"""
"=""những cảnh đẹp của việt nam""","=""90""","=""0""","=""6""","=""Medium""","=""false"""
"=""những cảnh đẹp thiên nhiên ở việt nam""","=""90""","=""0""","=""8""","=""Low""","=""false"""
"=""non nước ninh bình""","=""90""","=""0""","=""4""","=""Low""","=""false"""
"=""phú thọ có những điểm du lịch nào""","=""90""","=""0""","=""8""","=""Low""","=""false"""
"=""tour du lịch trùng khánh từ hà nội""","=""90""","=""0.1""","=""8""","=""Medium""","=""false"""
"=""tour việt nam""","=""90""","=""0.18""","=""3""","=""Medium""","=""false"""
"=""tour vũng tàu 1 ngày vietravel""","=""90""","=""0.13""","=""6""","=""Low""","=""false"""
"=""tu viện đà lạt""","=""90""","=""0""","=""4""","=""Low""","=""true"""
"=""vườn quốc gia ninh bình""","=""90""","=""0""","=""5""","=""Low""","=""false"""
"=""điểm du lịch quảng trị""","=""90""","=""0.01""","=""5""","=""Low""","=""false"""
"=""đà lạt là tỉnh nào""","=""90""","=""0""","=""5""","=""Low""","=""false"""
"=""đà nẵng hội an huế""","=""90""","=""0.24""","=""5""","=""Low""","=""false"""
"=""đảo đẹp nhất việt nam""","=""90""","=""0""","=""5""","=""Low""","=""false"""
"=""địa điểm du lịch ở đồng nai""","=""90""","=""0""","=""7""","=""Low""","=""false"""
"=""vietravel vietnam""","=""70""","=""0.29""","=""2""","=""Medium""","=""false"""
"=""tour phú quốc vinpearl""","=""70""","=""0.22""","=""4""","=""Medium""","=""false"""
"=""klook phú quốc""","=""70""","=""0.67""","=""3""","=""Medium""","=""false"""
"=""khách sạn đăng khoa 1 châu đốc""","=""70""","=""0.27""","=""7""","=""Medium""","=""false"""
"=""biểu tượng ninh bình""","=""70""","=""0""","=""4""","=""Low""","=""false"""
"=""bình ba cam bình cam ranh khánh hòa""","=""70""","=""0.05""","=""8""","=""Low""","=""false"""
"=""bản đồ du lịch biển việt nam""","=""70""","=""0""","=""7""","=""Low""","=""false"""
"=""các điểm du lịch quảng trị""","=""70""","=""0""","=""6""","=""Low""","=""false"""
"=""công ty du lịch hoàng việt""","=""70""","=""0.19""","=""6""","=""Low""","=""false"""
"=""công ty lữ hành việt""","=""70""","=""0.35""","=""5""","=""Medium""","=""false"""
"=""công ty lữ hành việt nam""","=""70""","=""0.28""","=""6""","=""Medium""","=""false"""
"=""công ty đất việt tour""","=""70""","=""0.21""","=""5""","=""Low""","=""false"""
"=""du khách nước ngoài đến việt nam""","=""70""","=""0""","=""7""","=""Low""","=""false"""
"=""du lich bien viet nam""","=""70""","=""0""","=""5""","=""Low""","=""false"""
"=""du lich dat viet""","=""70""","=""0.54""","=""4""","=""Medium""","=""false"""
"=""du lịch biển hải phòng""","=""70""","=""0""","=""5""","=""Low""","=""false"""
"=""du lịch sinh thái ở việt nam""","=""70""","=""0""","=""7""","=""Low""","=""false"""
"=""du lịch thái bình 1 ngày""","=""70""","=""0""","=""6""","=""Low""","=""false"""
"=""du lịch việt nhật""","=""70""","=""0.51""","=""4""","=""Medium""","=""false"""
"=""du lịch đất việt tour""","=""70""","=""0.25""","=""5""","=""Medium""","=""false"""
"=""hồ ở ninh bình""","=""70""","=""0""","=""4""","=""Low""","=""false"""
"=""khu du lịch đẹp nhất việt nam""","=""70""","=""0""","=""7""","=""Low""","=""false"""
"=""khu du lịch ở việt nam""","=""70""","=""0""","=""6""","=""Low""","=""false"""
"=""khu sinh thái cà mau""","=""70""","=""0""","=""5""","=""Low""","=""false"""
"=""khu sinh thái thái hải thái nguyên""","=""70""","=""0""","=""7""","=""Low""","=""false"""
"=""khách du lịch đến việt nam""","=""70""","=""0""","=""6""","=""Low""","=""false"""
"=""khách sạn tina cần thơ""","=""70""","=""0.43""","=""5""","=""Medium""","=""false"""
"=""lịch bay huế đi sài gòn hôm nay""","=""70""","=""0.07""","=""8""","=""Low""","=""false"""
"=""ngũ hành sơn đà nẵng vietnam""","=""70""","=""0""","=""6""","=""Low""","=""false"""
"=""những cảnh đẹp ở đồng nai""","=""70""","=""0""","=""6""","=""Low""","=""false"""
"=""những khu du lịch ở việt nam""","=""70""","=""0""","=""7""","=""Low""","=""false"""
"=""phú quốc đảo""","=""70""","=""0.09""","=""3""","=""Low""","=""false"""
"=""phú thọ có điểm du lịch nào""","=""70""","=""0""","=""7""","=""Low""","=""false"""
"=""rừng phong lá đỏ hải dương""","=""70""","=""0""","=""6""","=""Low""","=""false"""
"=""santorini việt nam""","=""70""","=""0""","=""3""","=""Low""","=""false"""
"=""thac ban gioc vietnam""","=""70""","=""0.18""","=""4""","=""Low""","=""false"""
"=""the amazing bay đồng nai""","=""70""","=""0.18""","=""5""","=""Medium""","=""false"""
"=""thành phố đà lạt nằm trên cao nguyên nào""","=""70""","=""0""","=""9""","=""Low""","=""false"""
"=""tour du lịch nha trang từ hà nội""","=""70""","=""0.19""","=""8""","=""Medium""","=""false"""
"=""tour du lịch thổ nhĩ kỳ từ hà nội""","=""70""","=""0.57""","=""9""","=""Medium""","=""false"""
"=""tour du lịch trong nước từ hà nội""","=""70""","=""0.21""","=""8""","=""Medium""","=""false"""
"=""tour long hải 1 ngày""","=""70""","=""0.18""","=""5""","=""Low""","=""false"""
"=""tour mông cổ từ hà nội""","=""70""","=""0""","=""6""","=""Low""","=""false"""
"=""tour xuyên việt vietravel""","=""70""","=""0.16""","=""4""","=""Low""","=""false"""
"=""tour đi tây ninh 1 ngày""","=""70""","=""0.32""","=""6""","=""Medium""","=""true"""
"=""toàn việt travel""","=""70""","=""0""","=""3""","=""Low""","=""true"""
"=""tre việt đồng nai""","=""70""","=""0""","=""4""","=""Low""","=""true"""
"=""tàu du lịch lớn nhất việt nam""","=""70""","=""0""","=""7""","=""Low""","=""false"""
"=""vitour đà nẵng""","=""70""","=""0.29""","=""3""","=""Low""","=""false"""
"=""việt mỹ tourist""","=""70""","=""0.34""","=""3""","=""Medium""","=""false"""
"=""vườn quốc gia u minh thượng kiên giang""","=""70""","=""0""","=""8""","=""Low""","=""false"""
"=""điểm đến thành phố hồ chí minh""","=""70""","=""0""","=""7""","=""Low""","=""true"""
"=""đảo vĩnh hy ninh thuận""","=""70""","=""0""","=""5""","=""Low""","=""false"""
"=""địa điểm du lịch vn""","=""70""","=""0""","=""5""","=""Low""","=""false"""
"=""địa điểm việt nam""","=""70""","=""0""","=""4""","=""Low""","=""false"""
"=""địa điểm đẹp ở việt nam""","=""70""","=""0""","=""6""","=""Low""","=""false"""
"=""du lịch phú quốc vietravel""","=""50""","=""0.15""","=""5""","=""Medium""","=""false"""
"=""tour hà giang từ tphcm vietravel""","=""50""","=""0.15""","=""6""","=""Medium""","=""false"""
"=""5 tỉnh miền tây""","=""50""","=""0""","=""4""","=""Low""","=""false"""
"=""a pa chải điện biên""","=""50""","=""0""","=""5""","=""Low""","=""false"""
"=""bản đồ việt nam du lịch""","=""50""","=""0""","=""6""","=""Low""","=""false"""
"=""bản đồ việt nam đảo phú quốc""","=""50""","=""0""","=""7""","=""Medium""","=""false"""
"=""cty du lịch đất việt""","=""50""","=""0.25""","=""5""","=""Medium""","=""false"""
"=""các chuyến bay đến phú quốc hôm nay""","=""50""","=""0""","=""8""","=""Low""","=""false"""
"=""các công ty du lịch uy tín ở việt nam""","=""50""","=""0.33""","=""10""","=""Medium""","=""false"""
"=""các khu du lịch sinh thái ở việt nam""","=""50""","=""0""","=""9""","=""Low""","=""false"""
"=""các phong cảnh đẹp ở việt nam""","=""50""","=""0""","=""7""","=""Low""","=""false"""
"=""các tỉnh miền tây việt nam""","=""50""","=""0""","=""6""","=""Low""","=""false"""
"=""các điểm du lịch phú thọ""","=""50""","=""0""","=""6""","=""Low""","=""false"""
"=""các điểm du lịch ở thái nguyên""","=""50""","=""0""","=""7""","=""Low""","=""false"""
"=""các điểm du lịch ở đồng nai""","=""50""","=""0""","=""7""","=""Low""","=""false"""
"=""các đảo du lịch ở việt nam""","=""50""","=""0""","=""7""","=""Low""","=""false"""
"=""các địa điểm du lịch biển ở việt nam""","=""50""","=""0.02""","=""9""","=""Low""","=""false"""
"=""các địa điểm du lịch ở phú thọ""","=""50""","=""0""","=""8""","=""Low""","=""false"""
"=""cáp treo châu đốc""","=""50""","=""0""","=""4""","=""Low""","=""false"""
"=""công ty du lịch nụ cười việt""","=""50""","=""0""","=""7""","=""Low""","=""false"""
"=""công ty du lịch tre việt""","=""50""","=""0""","=""6""","=""Low""","=""false"""
"=""công ty du lịch việt mỹ""","=""50""","=""0.31""","=""6""","=""Low""","=""false"""
"=""công ty việt travel""","=""50""","=""0.26""","=""4""","=""Low""","=""false"""
"=""du lịch biển đảo việt nam""","=""50""","=""0""","=""6""","=""Low""","=""false"""
"=""du lịch di sản việt""","=""50""","=""0""","=""5""","=""Low""","=""false"""
"=""du lịch lữ hành việt nam""","=""50""","=""0.26""","=""6""","=""Medium""","=""false"""
"=""du lịch miền nam việt nam""","=""50""","=""0.1""","=""6""","=""Medium""","=""false"""
"=""du lịch sinh thái việt nam""","=""50""","=""0""","=""6""","=""Low""","=""false"""
"=""fantasy park đà nẵng""","=""50""","=""0.13""","=""4""","=""Low""","=""true"""
"=""giá vé amazing bay đồng nai""","=""50""","=""0.07""","=""6""","=""Medium""","=""false"""
"=""giới thiệu các địa điểm du lịch ở việt nam""","=""50""","=""0""","=""10""","=""Low""","=""false"""
"=""giới thiệu về du lịch đắk lắk""","=""50""","=""0""","=""7""","=""Low""","=""false"""
"=""giới thiệu về thành phố đà lạt""","=""50""","=""0""","=""7""","=""Low""","=""false"""
"=""hiệp hội du lịch hà nội""","=""50""","=""0""","=""6""","=""Low""","=""false"""
"=""hiệp hội khách sạn việt nam""","=""50""","=""0""","=""6""","=""Low""","=""false"""
"=""hà giang có những địa điểm du lịch nào""","=""50""","=""0.13""","=""9""","=""Low""","=""true"""
"=""hướng dẫn viên vn""","=""50""","=""0""","=""4""","=""Low""","=""false"""
"=""hải đăng tiên sa đà nẵng""","=""50""","=""0""","=""6""","=""Low""","=""true"""
"=""khu du lịch sinh thái thái hải thái nguyên""","=""50""","=""0""","=""9""","=""Low""","=""false"""
"=""khu du lịch sinh thái ở an giang""","=""50""","=""0""","=""8""","=""Low""","=""false"""
"=""khu du lịch việt nhật""","=""50""","=""0""","=""5""","=""Medium""","=""false"""
"=""khu du lịch ở phú thọ""","=""50""","=""0""","=""6""","=""Low""","=""false"""
"=""khu sinh thái bình dương""","=""50""","=""0""","=""5""","=""Low""","=""false"""
"=""khách sạn hiệp phong phú quốc""","=""50""","=""0.27""","=""6""","=""Medium""","=""false"""
"=""khách sạn hải âu hội an""","=""50""","=""0.26""","=""6""","=""Medium""","=""false"""
"=""nam du vietnam""","=""50""","=""0.98""","=""3""","=""Low""","=""false"""
"=""những di tích lịch sử của việt nam""","=""50""","=""0""","=""8""","=""Low""","=""false"""
"=""những phong cảnh đẹp ở việt nam""","=""50""","=""0""","=""7""","=""Low""","=""false"""
"=""những địa điểm đẹp ở hạ long""","=""50""","=""0.06""","=""7""","=""Low""","=""false"""
"=""những địa điểm đẹp ở việt nam""","=""50""","=""0""","=""7""","=""Low""","=""false"""
"=""nui ba den tay ninh viet nam""","=""50""","=""0.28""","=""7""","=""Medium""","=""false"""
"=""phú thọ có địa điểm du lịch nào""","=""50""","=""0""","=""8""","=""Low""","=""true"""
"=""sài gòn tourist phú quốc""","=""50""","=""0.2""","=""5""","=""Medium""","=""false"""
"=""sơn đoòng quảng bình""","=""50""","=""0""","=""4""","=""Low""","=""true"""
"=""thái bình thanh hoá""","=""50""","=""0""","=""4""","=""Low""","=""false"""
"=""tong cuc du lich vietnam""","=""50""","=""0""","=""5""","=""Low""","=""false"""
"=""tour du lịch xuyên việt""","=""50""","=""0.12""","=""5""","=""Low""","=""false"""
"=""tour hà nội trung quốc""","=""50""","=""0.15""","=""5""","=""Medium""","=""false"""
"=""tour lửa việt""","=""50""","=""0.27""","=""3""","=""Medium""","=""false"""
"=""tour tây nguyên từ hà nội""","=""50""","=""0.12""","=""6""","=""Low""","=""false"""
"=""tour xuyên việt từ hà nội""","=""50""","=""0.16""","=""6""","=""Low""","=""false"""
"=""triêm tây hội an""","=""50""","=""0.26""","=""4""","=""Low""","=""true"""
"=""trà sư an giang""","=""50""","=""0""","=""4""","=""Low""","=""false"""
"=""trúc lâm yên tử đà lạt""","=""50""","=""0""","=""6""","=""Low""","=""true"""
"=""vietravel hồ chí minh""","=""50""","=""0.28""","=""4""","=""Low""","=""false"""
"=""vietsun tourist cần thơ""","=""50""","=""0.23""","=""4""","=""Low""","=""false"""
"=""điểm du lịch vĩnh phúc""","=""50""","=""0""","=""5""","=""Low""","=""true"""
"=""điểm du lịch ở việt nam""","=""50""","=""0""","=""6""","=""Low""","=""false"""
"=""đà lạt nằm ở tỉnh nào""","=""50""","=""0""","=""6""","=""Low""","=""false"""
"=""đảo đẹp ở việt nam""","=""50""","=""0""","=""5""","=""Low""","=""false"""
"=""địa điểm du lịch đẹp nhất việt nam""","=""50""","=""0""","=""8""","=""Low""","=""false"""
"=""địa điểm du lịch ở hạ long""","=""50""","=""0.04""","=""7""","=""Medium""","=""false"""
"=""địa điểm du lịch ở thái nguyên""","=""50""","=""0""","=""7""","=""Low""","=""false"""
"=""tour ninh bình 1 ngày vietravel""","=""40""","=""0.21""","=""6""","=""Medium""","=""false"""
"=""bamozo hà nội""","=""40""","=""1.34""","=""3""","=""High""","=""false"""
"=""biển gần hồ chí minh""","=""40""","=""0.05""","=""5""","=""Medium""","=""false"""
"=""bản đồ du lịch miền trung""","=""40""","=""0""","=""6""","=""Low""","=""false"""
"=""bản đồ du lịch tây nguyên""","=""40""","=""0""","=""6""","=""Low""","=""false"""
"=""bản đồ việt nam miền tây""","=""40""","=""0""","=""6""","=""Medium""","=""false"""
"=""bến thành tourist cần thơ""","=""40""","=""0""","=""5""","=""Low""","=""false"""
"=""các cảnh đẹp của việt nam""","=""40""","=""0""","=""6""","=""Medium""","=""false"""
"=""các địa điểm du lịch ở lâm đồng""","=""40""","=""0""","=""8""","=""Low""","=""false"""
"=""các địa điểm đẹp ở việt nam""","=""40""","=""0""","=""7""","=""Low""","=""false"""
"=""công ty du lịch lớn nhất việt nam""","=""40""","=""0.49""","=""8""","=""Low""","=""false"""
"=""công ty du lịch lữ hành việt""","=""40""","=""0.19""","=""7""","=""Medium""","=""false"""
"=""công ty du lịch vietnamtourism""","=""40""","=""0.16""","=""5""","=""Low""","=""false"""
"=""công viên nước amazing bay đồng nai""","=""40""","=""0.04""","=""7""","=""High""","=""false"""
"=""cảnh đẹp viet nam""","=""40""","=""0""","=""4""","=""Medium""","=""false"""
"=""di tích tràng an ninh bình""","=""40""","=""0""","=""6""","=""Low""","=""false"""
"=""dong thien duong quang binh viet nam""","=""40""","=""0.02""","=""7""","=""Low""","=""false"""
"=""du lịch 1 ngày gần sài gòn""","=""40""","=""0.09""","=""7""","=""High""","=""false"""
"=""du lịch lửa việt tour trong nước""","=""40""","=""0.2""","=""7""","=""Medium""","=""false"""
"=""du lịch miền bắc việt nam""","=""40""","=""0.07""","=""6""","=""Low""","=""false"""
"=""du lịch vietravel khởi hành từ cần thơ""","=""40""","=""0.1""","=""8""","=""Low""","=""false"""
"=""du lịch việt trung""","=""40""","=""0""","=""4""","=""Low""","=""false"""
"=""du lịch việt trì""","=""40""","=""0""","=""4""","=""Low""","=""false"""
"=""giá vé máy bay hải phòng đà lạt khứ hồi""","=""40""","=""0.02""","=""10""","=""Medium""","=""true"""
"=""hướng dẫn viên du lịch đà nẵng""","=""40""","=""0.28""","=""7""","=""Low""","=""false"""
"=""khu du lịch lớn nhất việt nam""","=""40""","=""0""","=""7""","=""Low""","=""false"""
"=""khu du lịch sinh thái dũng tân thái nguyên""","=""40""","=""0""","=""9""","=""Low""","=""false"""
"=""khu sinh thái thái nguyên""","=""40""","=""0""","=""5""","=""Low""","=""true"""
"=""khách nước ngoài đến việt nam""","=""40""","=""0""","=""6""","=""Low""","=""false"""
"=""khách sạn mai vy tp tây ninh""","=""40""","=""0.21""","=""7""","=""Low""","=""false"""
"=""khách sạn ngân hà hải phòng""","=""40""","=""0.22""","=""6""","=""Low""","=""true"""
"=""khách sạn phạm gia phan thiết""","=""40""","=""0.19""","=""6""","=""Medium""","=""false"""
"=""khách sạn thanh phúc quảng bình""","=""40""","=""0.14""","=""6""","=""Low""","=""false"""
"=""khách trung quốc đến việt nam""","=""40""","=""0""","=""6""","=""Low""","=""false"""
"=""lich viet nam trung quoc""","=""40""","=""0""","=""5""","=""Low""","=""false"""
"=""lịch biểu diễn safari phú quốc""","=""40""","=""0.49""","=""6""","=""Low""","=""false"""
"=""lịch vn malaysia""","=""40""","=""0""","=""3""","=""Low""","=""false"""
"=""lửa việt tourist""","=""40""","=""0.31""","=""3""","=""Medium""","=""false"""
"=""mũi né nằm ở tỉnh nào""","=""40""","=""0""","=""6""","=""Low""","=""false"""
"=""những điểm du lịch ở việt nam""","=""40""","=""0""","=""7""","=""Low""","=""false"""
"=""những địa điểm du lịch ở hạ long""","=""40""","=""0.11""","=""8""","=""Medium""","=""false"""
"=""phú thọ có khu du lịch nào""","=""40""","=""0""","=""7""","=""Low""","=""true"""
"=""quảng trị có địa điểm du lịch nào""","=""40""","=""0""","=""8""","=""Low""","=""true"""
"=""rừng trà sư an giang""","=""40""","=""0""","=""5""","=""Low""","=""true"""
"=""rừng tràm sư an giang""","=""40""","=""0""","=""5""","=""Medium""","=""false"""
"=""tour du lịch xuyên việt từ hà nội""","=""40""","=""0.12""","=""8""","=""Low""","=""false"""
"=""tour du lịch đảo jeju từ hà nội""","=""40""","=""0.15""","=""8""","=""Low""","=""false"""
"=""tour quảng bình quảng trị""","=""40""","=""0.13""","=""5""","=""Medium""","=""false"""
"=""tour đi maldives từ hà nội""","=""40""","=""0""","=""6""","=""Low""","=""false"""
"=""tổng đài expedia việt nam""","=""40""","=""0""","=""5""","=""Low""","=""false"""
"=""vietravel phan thiết""","=""40""","=""0.31""","=""3""","=""Low""","=""true"""
"=""vé tàu đi bình định""","=""40""","=""0.02""","=""5""","=""Medium""","=""false"""
"=""yên tử ninh bình""","=""40""","=""0""","=""4""","=""Low""","=""false"""
"=""điểm du lịch ở thái nguyên""","=""40""","=""0""","=""6""","=""Low""","=""false"""
"=""đà lạt nằm ở phía nào của việt nam""","=""40""","=""0""","=""9""","=""Low""","=""false"""
"=""đảo nào đẹp nhất việt nam""","=""40""","=""0""","=""6""","=""Low""","=""false"""
"=""địa điểm du lịch ở phú thọ""","=""40""","=""0""","=""7""","=""Low""","=""false"""
"=""địa điểm đẹp nhất việt nam""","=""40""","=""0""","=""6""","=""Medium""","=""false"""
"=""tour tây nguyên vietravel""","=""30""","=""0.13""","=""4""","=""Low""","=""false"""
"=""tour đà nẵng phú quốc vietravel""","=""30""","=""0.11""","=""6""","=""Medium""","=""false"""
"=""công ty du lịch vietravel cần thơ""","=""30""","=""0.2""","=""7""","=""Medium""","=""false"""
"=""khách sạn mường thanh quận 1 hồ chí minh""","=""30""","=""0.42""","=""9""","=""High""","=""false"""
"=""an giang rừng tràm trà sư""","=""30""","=""0""","=""6""","=""Medium""","=""false"""
"=""bali việt nam""","=""30""","=""0""","=""3""","=""Low""","=""false"""
"=""biểu đồ khách du lịch đến việt nam""","=""30""","=""0""","=""8""","=""Low""","=""false"""
"=""bà nà cảnh đẹp việt nam""","=""30""","=""0""","=""6""","=""Low""","=""false"""
"=""bản đồ du lịch miền bắc việt nam""","=""30""","=""0""","=""8""","=""Low""","=""false"""
"=""con voi phú quốc""","=""30""","=""0""","=""4""","=""Low""","=""false"""
"=""các công ty du lịch lớn tại việt nam""","=""30""","=""0.41""","=""9""","=""Low""","=""false"""
"=""các khu du lịch sinh thái ở đồng nai""","=""30""","=""0""","=""9""","=""Low""","=""false"""
"=""các địa điểm du lịch tại việt nam""","=""30""","=""0""","=""8""","=""Low""","=""false"""
"=""các địa điểm du lịch đồng nai""","=""30""","=""0""","=""7""","=""Medium""","=""false"""
"=""công ty du lịch việt du""","=""30""","=""0""","=""6""","=""Low""","=""false"""
"=""công ty lữ hành việt travel""","=""30""","=""0.26""","=""6""","=""Medium""","=""false"""
"=""công ty vietnam tourist""","=""30""","=""0.22""","=""4""","=""Medium""","=""false"""
"=""công viên đẹp nhất việt nam""","=""30""","=""0""","=""6""","=""Low""","=""false"""
"=""cảnh đẹp nhất ở việt nam""","=""30""","=""0""","=""6""","=""Low""","=""false"""
"=""cẩm nang du lịch quảng bình""","=""30""","=""0.03""","=""6""","=""Low""","=""false"""
"=""di tích phố cổ hội an""","=""30""","=""0""","=""6""","=""Low""","=""false"""
"=""du lich đồng nai""","=""30""","=""0""","=""4""","=""Medium""","=""false"""
"=""du lịch biển ở việt nam""","=""30""","=""0""","=""6""","=""Low""","=""false"""
"=""du lịch hàn quốc từ hà nội""","=""30""","=""0.25""","=""7""","=""Medium""","=""false"""
"=""du lịch lữ hành việt""","=""30""","=""0.18""","=""5""","=""Low""","=""false"""
"=""du lịch mice ở việt nam""","=""30""","=""0""","=""6""","=""Low""","=""false"""
"=""du lịch thanh sơn phú thọ""","=""30""","=""0""","=""6""","=""Low""","=""false"""
"=""du lịch thông minh ở việt nam""","=""30""","=""0""","=""7""","=""Low""","=""false"""
"=""du lịch vietravel hà nội""","=""30""","=""0.1""","=""5""","=""Medium""","=""false"""
"=""du lịch việt tour""","=""30""","=""0.23""","=""4""","=""Medium""","=""false"""
"=""du lịch xuyên việt bằng ô tô""","=""30""","=""0""","=""7""","=""Low""","=""false"""
"=""du lịch xuyên việt của saigontourist""","=""30""","=""0.23""","=""6""","=""Medium""","=""false"""
"=""du lịch đẹp nhất việt nam""","=""30""","=""0""","=""6""","=""Low""","=""false"""
"=""exotissimo việt nam""","=""30""","=""0""","=""3""","=""Low""","=""false"""
"=""fiditour đà nẵng""","=""30""","=""0""","=""3""","=""Low""","=""true"""
"=""giới thiệu về du lịch cà mau""","=""30""","=""0""","=""7""","=""Low""","=""false"""
"=""ht travel cần thơ""","=""30""","=""0""","=""4""","=""Low""","=""false"""
"=""hướng dẫn viên việt nam""","=""30""","=""0""","=""5""","=""Low""","=""false"""
"=""khu du lịch sinh thái cao nguyên đà lạt""","=""30""","=""0""","=""9""","=""Medium""","=""false"""
"=""khách du lịch hàn quốc đến việt nam""","=""30""","=""0""","=""8""","=""Low""","=""false"""
"=""khách du lịch trung quốc đến việt nam""","=""30""","=""0""","=""8""","=""Low""","=""false"""
"=""khách sạn viễn đông cát bà""","=""30""","=""0.06""","=""6""","=""Low""","=""false"""
"=""khách sạn whynot quảng bình""","=""30""","=""0.12""","=""5""","=""Low""","=""false"""
"=""kinh nghiệm du lịch quảng trị""","=""30""","=""0""","=""6""","=""Low""","=""false"""
"=""lai châu có những điểm du lịch nào""","=""30""","=""0""","=""8""","=""Low""","=""false"""
"=""lai châu có điểm du lịch nào""","=""30""","=""0""","=""7""","=""Low""","=""true"""
"=""long xuyên đà lạt""","=""30""","=""0.11""","=""4""","=""Low""","=""false"""
"=""lịch bay đà nẵng nha trang""","=""30""","=""0.02""","=""6""","=""Medium""","=""false"""
"=""lịch biểu diễn vinwonder phú quốc""","=""30""","=""0.44""","=""6""","=""Low""","=""false"""
"=""lịch diễn show ký ức hội an""","=""30""","=""0.15""","=""7""","=""Medium""","=""false"""
"=""mũi né ở miền nào""","=""30""","=""0""","=""5""","=""Low""","=""false"""
"=""một thoáng việt nam củ chi""","=""30""","=""0""","=""6""","=""Low""","=""false"""
"=""nghệ an có khu du lịch nào""","=""30""","=""0""","=""7""","=""Low""","=""false"""
"=""những hòn đảo đẹp nhất việt nam""","=""30""","=""0""","=""7""","=""Low""","=""false"""
"=""những điểm du lịch ở hà giang""","=""30""","=""0.14""","=""7""","=""Medium""","=""false"""
"=""những điểm du lịch ở thành phố hồ chí minh""","=""30""","=""0.01""","=""10""","=""Low""","=""true"""
"=""non nước việt travel""","=""30""","=""0""","=""4""","=""Low""","=""true"""
"=""nội dung show ký ức hội an""","=""30""","=""0.05""","=""7""","=""Medium""","=""false"""
"=""phú quốc vietravel""","=""30""","=""0.16""","=""3""","=""Medium""","=""false"""
"=""phú yên tourist""","=""30""","=""0.19""","=""3""","=""Medium""","=""false"""
"=""quy nhơn khánh hòa""","=""30""","=""0""","=""4""","=""Low""","=""false"""
"=""sapa trên bản đồ việt nam""","=""30""","=""0""","=""6""","=""Low""","=""false"""
"=""sóc phú quốc""","=""30""","=""0""","=""3""","=""Low""","=""false"""
"=""sơ đồ miền tây""","=""30""","=""0""","=""4""","=""Low""","=""false"""
"=""taxi cẩm khê phú thọ""","=""30""","=""0.12""","=""5""","=""Medium""","=""false"""
"=""tháng 10 hà nội""","=""30""","=""0""","=""4""","=""Low""","=""false"""
"=""thắng cảnh biển việt nam""","=""30""","=""0""","=""5""","=""Low""","=""false"""
"=""tour cần thơ hà giang""","=""30""","=""0.16""","=""5""","=""Low""","=""false"""
"=""tour cần thơ hà nội""","=""30""","=""0.37""","=""5""","=""Low""","=""false"""
"=""tour du lịch mông cổ từ hà nội""","=""30""","=""0""","=""8""","=""Low""","=""false"""
"=""tour du lịch việt""","=""30""","=""0.24""","=""4""","=""Medium""","=""false"""
"=""tour hà nội vietravel""","=""30""","=""0.09""","=""4""","=""Low""","=""false"""
"=""tour hồ chí minh vũng tàu""","=""30""","=""0.16""","=""6""","=""High""","=""false"""
"=""tour lai châu""","=""30""","=""0""","=""3""","=""Low""","=""false"""
"=""tour phú quốc từ cần thơ""","=""30""","=""0.12""","=""6""","=""Medium""","=""false"""
"=""tour sapa từ đà nẵng""","=""30""","=""0.25""","=""5""","=""Medium""","=""false"""
"=""tour tây ninh vietravel""","=""30""","=""0.13""","=""4""","=""Medium""","=""false"""
"=""tour vietravel đà nẵng""","=""30""","=""0.1""","=""4""","=""Medium""","=""false"""
"=""tour vũng tàu 2 ngày""","=""30""","=""0.06""","=""5""","=""Medium""","=""false"""
"=""tour xuyên việt 30 ngày""","=""30""","=""0.31""","=""5""","=""Low""","=""false"""
"=""tour xuyên việt 7 ngày""","=""30""","=""0""","=""5""","=""Low""","=""false"""
"=""tour xuyên việt saigontourist""","=""30""","=""0""","=""4""","=""Low""","=""false"""
"=""tây bắc hà giang""","=""30""","=""0""","=""4""","=""Low""","=""true"""
"=""tìm hiểu về đảo phú quốc""","=""30""","=""0.08""","=""6""","=""Low""","=""false"""
"=""tổng cục du lịch hàn quốc tại việt nam""","=""30""","=""0""","=""9""","=""Low""","=""false"""
"=""viet du travel""","=""30""","=""0.24""","=""3""","=""Low""","=""true"""
"=""vietravel chi nhánh đà nẵng""","=""30""","=""0""","=""5""","=""Low""","=""false"""
"=""vietravel kiên giang""","=""30""","=""0.05""","=""3""","=""Low""","=""false"""
"=""vietravel quận 3""","=""30""","=""0.22""","=""3""","=""Low""","=""false"""
"=""việt nam có những cảnh đẹp nào""","=""30""","=""0""","=""7""","=""Low""","=""false"""
"=""việt nam tôi travel""","=""30""","=""0.28""","=""4""","=""Medium""","=""true"""
"=""việt travel hà nội""","=""30""","=""0.33""","=""4""","=""Medium""","=""false"""
"=""vé máy bay đồng hới đà lạt""","=""30""","=""0.03""","=""7""","=""Medium""","=""false"""
"=""vé tàu lửa đà lạt""","=""30""","=""0.07""","=""5""","=""Low""","=""false"""
"=""vườn quốc gia tây ninh""","=""30""","=""0""","=""5""","=""Low""","=""false"""
"=""điểm du lịch đẹp nhất việt nam""","=""30""","=""0""","=""7""","=""Low""","=""true"""
"=""điểm đến phan thiết""","=""30""","=""0.05""","=""4""","=""Low""","=""true"""
"=""đảo đẹp việt nam""","=""30""","=""0""","=""4""","=""Low""","=""true"""
"=""địa điểm du lịch bắc kạn""","=""30""","=""0""","=""6""","=""Low""","=""false"""
"=""địa điểm du lịch tại việt nam""","=""30""","=""0""","=""7""","=""Low""","=""false"""
"=""địa điểm du lịch đẹp ở việt nam""","=""30""","=""0""","=""8""","=""Low""","=""false"""
"=""địa điểm đẹp ở hạ long""","=""30""","=""0""","=""6""","=""Low""","=""false"""
"=""cong ty du lich vietnam""","=""20""","=""0.42""","=""5""","=""Medium""","=""false"""
"=""tour viet nam""","=""20""","=""0.23""","=""3""","=""Medium""","=""false"""
"=""10 điểm du lịch đẹp nhất việt nam""","=""20""","=""0""","=""8""","=""Low""","=""false"""
"=""20 địa điểm du lịch đẹp nhất việt nam""","=""20""","=""0""","=""9""","=""Low""","=""false"""
"=""ba hồ khánh hòa""","=""20""","=""0.19""","=""4""","=""Low""","=""true"""
"=""binh lieu vietnam""","=""20""","=""0""","=""3""","=""Low""","=""false"""
"=""biển gần thành phố hồ chí minh""","=""20""","=""0""","=""7""","=""Low""","=""false"""
"=""biển tuần châu quảng ninh""","=""20""","=""0""","=""5""","=""Low""","=""false"""
"=""biển xanh việt tourist""","=""20""","=""0""","=""4""","=""Low""","=""false"""
"=""bãi biển đà lạt""","=""20""","=""0""","=""4""","=""Low""","=""false"""
"=""bình châu bình dương""","=""20""","=""0""","=""4""","=""Low""","=""false"""
"=""bản đồ các tỉnh miền tây việt nam""","=""20""","=""0""","=""8""","=""High""","=""false"""
"=""bản đồ hành chính miền tây""","=""20""","=""0""","=""6""","=""Medium""","=""false"""
"=""cong ty du lich dat viet""","=""20""","=""0.24""","=""6""","=""Medium""","=""false"""
"=""cty lữ hành việt""","=""20""","=""0.27""","=""4""","=""Medium""","=""false"""
"=""các công ty du lịch lớn nhất việt nam""","=""20""","=""0""","=""9""","=""Low""","=""false"""
"=""các công ty du lịch ở việt nam""","=""20""","=""0""","=""8""","=""Low""","=""false"""
"=""các hòn đảo đẹp ở việt nam""","=""20""","=""0""","=""7""","=""Low""","=""false"""
"=""các hòn đảo ở kiên giang""","=""20""","=""0""","=""6""","=""Low""","=""false"""
"=""các khu du lịch ở phú thọ""","=""20""","=""0""","=""7""","=""Low""","=""false"""
"=""các thành phố du lịch ở việt nam""","=""20""","=""0""","=""8""","=""Low""","=""true"""
"=""các thắng cảnh ở việt nam""","=""20""","=""0""","=""6""","=""Low""","=""false"""
"=""các điểm du lịch bắc kạn""","=""20""","=""0""","=""6""","=""Low""","=""false"""
"=""các điểm du lịch cộng đồng ở việt nam""","=""20""","=""0""","=""9""","=""Low""","=""false"""
"=""các điểm du lịch tại hạ long""","=""20""","=""0.11""","=""7""","=""Medium""","=""false"""
"=""các điểm du lịch tại phan thiết""","=""20""","=""0.05""","=""7""","=""Medium""","=""false"""
"=""các điểm du lịch tại thái nguyên""","=""20""","=""0""","=""7""","=""Low""","=""false"""
"=""các điểm du lịch tại việt nam""","=""20""","=""0""","=""7""","=""Low""","=""false"""
"=""các điểm du lịch đẹp ở việt nam""","=""20""","=""0""","=""8""","=""Low""","=""false"""
"=""các điểm du lịch ở tây nguyên""","=""20""","=""0""","=""7""","=""Low""","=""false"""
"=""các điểm đến ở hà nội""","=""20""","=""0""","=""6""","=""Low""","=""false"""
"=""các địa điểm du lịch quảng trị""","=""20""","=""0""","=""7""","=""Low""","=""false"""
"=""các địa điểm du lịch sinh thái ở việt nam""","=""20""","=""0""","=""10""","=""Low""","=""false"""
"=""các địa điểm du lịch đẹp ở việt nam""","=""20""","=""0""","=""9""","=""Low""","=""false"""
"=""cát việt travel""","=""20""","=""0""","=""3""","=""Low""","=""false"""
"=""công ty du lịch chuyến đi việt""","=""20""","=""0""","=""7""","=""Low""","=""false"""
"=""công ty du lịch di sản việt""","=""20""","=""0""","=""7""","=""Low""","=""false"""
"=""công ty du lịch lữ hành việt nam""","=""20""","=""0.32""","=""8""","=""Low""","=""false"""
"=""công ty du lịch thiên nhiên việt""","=""20""","=""0""","=""7""","=""Low""","=""false"""
"=""công ty du lịch tín việt""","=""20""","=""0""","=""6""","=""Low""","=""false"""
"=""công ty du lịch vietnam""","=""20""","=""0.42""","=""5""","=""Medium""","=""false"""
"=""công ty du lịch vietnam tourist""","=""20""","=""0.2""","=""6""","=""Low""","=""false"""
"=""công ty du lịch đất nước việt""","=""20""","=""0""","=""7""","=""Low""","=""false"""
"=""công ty du lịch ở việt nam""","=""20""","=""0.63""","=""7""","=""Low""","=""true"""
"=""công ty vietnam travel""","=""20""","=""0.16""","=""4""","=""Low""","=""false"""
"=""công ty việt tourist""","=""20""","=""0.27""","=""4""","=""Medium""","=""false"""
"=""cảnh đẹp tam kỳ""","=""20""","=""0""","=""4""","=""Low""","=""true"""
"=""cảnh đẹp vietnam""","=""20""","=""0""","=""3""","=""Low""","=""false"""
"=""cảnh đẹp viêt nam""","=""20""","=""0""","=""4""","=""Low""","=""false"""
"=""cẩm nang du lịch an giang""","=""20""","=""0""","=""6""","=""Low""","=""false"""
"=""di tích vn""","=""20""","=""0""","=""3""","=""Low""","=""false"""
"=""du khách quốc tế đến việt nam""","=""20""","=""0""","=""7""","=""Low""","=""false"""
"=""du khách trung quốc đến việt nam""","=""20""","=""0""","=""7""","=""Low""","=""false"""
"=""du khách đến việt nam""","=""20""","=""0""","=""5""","=""Low""","=""false"""
"=""du lich lao voi vietravel""","=""20""","=""0.08""","=""5""","=""Low""","=""true"""
"=""du lich lua viet""","=""20""","=""0.49""","=""4""","=""Low""","=""false"""
"=""du lich phong cach viet""","=""20""","=""0""","=""5""","=""Low""","=""false"""
"=""du lich viet nhat""","=""20""","=""0.34""","=""4""","=""Low""","=""false"""
"=""du lịch cộng đồng ở việt nam""","=""20""","=""0""","=""7""","=""Low""","=""false"""
"=""du lịch dũng tân thái nguyên""","=""20""","=""0""","=""6""","=""Low""","=""false"""
"=""du lịch hà nội tháng 12""","=""20""","=""0""","=""6""","=""Low""","=""false"""
"=""du lịch hương việt""","=""20""","=""0""","=""4""","=""Low""","=""false"""
"=""du lịch khắp việt nam""","=""20""","=""0""","=""5""","=""Low""","=""false"""
"=""du lịch long việt""","=""20""","=""0""","=""4""","=""Low""","=""false"""
"=""du lịch lào campuchia""","=""20""","=""0""","=""4""","=""Low""","=""true"""
"=""du lịch miền trung việt nam""","=""20""","=""0""","=""6""","=""Low""","=""false"""
"=""du lịch miền tây tháng 12""","=""20""","=""0""","=""6""","=""High""","=""false"""
"=""du lịch nội địa việt nam""","=""20""","=""0.11""","=""6""","=""Medium""","=""false"""
"=""du lịch nụ cười việt""","=""20""","=""0""","=""5""","=""Low""","=""false"""
"=""du lịch phía bắc việt nam""","=""20""","=""0.06""","=""6""","=""Low""","=""false"""
"=""du lịch phú quốc saigontourist""","=""20""","=""0.14""","=""5""","=""Medium""","=""false"""
"=""du lịch quanh hồ chí minh""","=""20""","=""0.04""","=""6""","=""Medium""","=""true"""
"=""du lịch quảng trị 1 ngày""","=""20""","=""0""","=""6""","=""Low""","=""false"""
"=""du lịch sinh thái thái nguyên""","=""20""","=""0""","=""6""","=""Low""","=""false"""
"=""du lịch sinh thái tây nguyên""","=""20""","=""0""","=""6""","=""Low""","=""false"""
"=""du lịch thiên nhiên việt nam""","=""20""","=""0""","=""6""","=""Low""","=""false"""
"=""du lịch tháng 12 ở việt nam""","=""20""","=""0""","=""7""","=""Low""","=""false"""
"=""du lịch tàu biển ở việt nam""","=""20""","=""0""","=""7""","=""Low""","=""false"""
"=""du lịch tại việt nam""","=""20""","=""0""","=""5""","=""Medium""","=""false"""
"=""du lịch việt du""","=""20""","=""0""","=""4""","=""Low""","=""false"""
"=""du lịch việt tourist""","=""20""","=""0.13""","=""4""","=""Medium""","=""false"""
"=""du lịch xanh ở việt nam""","=""20""","=""0""","=""6""","=""Low""","=""false"""
"=""du lịch y tế tại việt nam""","=""20""","=""0""","=""7""","=""Low""","=""true"""
"=""du lịch đà nẵng vietravel""","=""20""","=""0.1""","=""5""","=""Medium""","=""true"""
"=""du lịch đà nẵng voz""","=""20""","=""0""","=""5""","=""Low""","=""false"""
"=""du lịch đảo việt nam""","=""20""","=""0""","=""5""","=""Medium""","=""false"""
"=""giá vé máy bay đà lạt sài gòn vietjet""","=""20""","=""0.09""","=""9""","=""Medium""","=""false"""
"=""giới thiệu tràng an ninh bình""","=""20""","=""0""","=""6""","=""Low""","=""false"""
"=""giới thiệu về công ty du lịch đất việt""","=""20""","=""0.25""","=""9""","=""Low""","=""false"""
"=""giới thiệu về du lịch cần thơ""","=""20""","=""0""","=""7""","=""Low""","=""false"""
"=""giới thiệu về du lịch khánh hòa""","=""20""","=""0""","=""7""","=""Low""","=""false"""
"=""giới thiệu về du lịch nghệ an""","=""20""","=""0""","=""7""","=""Low""","=""false"""
"=""giới thiệu về du lịch ninh bình""","=""20""","=""0""","=""7""","=""Low""","=""false"""
"=""grand viet tour""","=""20""","=""0""","=""3""","=""Low""","=""false"""
"=""hoàng vũ guesthouse đà lạt""","=""20""","=""0.4""","=""5""","=""Medium""","=""false"""
"=""huế có những địa điểm du lịch nào""","=""20""","=""0.07""","=""8""","=""Low""","=""true"""
"=""hòn trống mái ở hạ long""","=""20""","=""0""","=""6""","=""Low""","=""false"""
"=""hòn đảo đẹp nhất việt nam""","=""20""","=""0""","=""6""","=""Low""","=""false"""
"=""hồ ba bể tây ninh""","=""20""","=""0""","=""5""","=""Low""","=""false"""
"=""hồ ở tây nguyên""","=""20""","=""0""","=""4""","=""Low""","=""false"""
"=""hội hồ ba bể""","=""20""","=""0""","=""4""","=""Low""","=""false"""
"=""intertour vietnam""","=""20""","=""0.42""","=""2""","=""Low""","=""true"""
"=""khu di tích hà nội""","=""20""","=""0""","=""5""","=""Low""","=""false"""
"=""khu di tích ở hà nội""","=""20""","=""0""","=""6""","=""Low""","=""false"""
"=""khu du lịch 1 thoáng việt nam""","=""20""","=""0""","=""7""","=""Low""","=""false"""
"=""khu du lịch amanoi ninh thuận""","=""20""","=""0.03""","=""6""","=""Medium""","=""true"""
"=""khu du lịch nào đẹp nhất việt nam""","=""20""","=""0""","=""8""","=""Low""","=""false"""
"=""khu du lịch quốc gia ở việt nam""","=""20""","=""0""","=""8""","=""Low""","=""false"""
"=""khu du lịch sinh thái việt nam""","=""20""","=""0""","=""7""","=""Low""","=""false"""
"=""khu du lịch sinh thái đông giang""","=""20""","=""0.06""","=""7""","=""Medium""","=""false"""
"=""khu du lịch sinh thái ở việt nam""","=""20""","=""0""","=""8""","=""Low""","=""false"""
"=""khu du lịch tràm chim tam nông đồng tháp""","=""20""","=""0""","=""9""","=""Low""","=""true"""
"=""khu du lịch tân sơn phú thọ""","=""20""","=""0""","=""7""","=""Low""","=""false"""
"=""khu du lịch vedana huế""","=""20""","=""0.02""","=""5""","=""Medium""","=""false"""
"=""khu du lịch đắt nhất việt nam""","=""20""","=""0""","=""7""","=""Low""","=""false"""
"=""khu sinh thái tây ninh""","=""20""","=""0""","=""5""","=""Low""","=""false"""
"=""khách du lịch nhật bản đến việt nam""","=""20""","=""0""","=""8""","=""Low""","=""false"""
"=""khách hàn quốc đến việt nam""","=""20""","=""0""","=""6""","=""Low""","=""true"""
"=""khách sạn hà kiều anh ở vũng tàu""","=""20""","=""0.1""","=""8""","=""High""","=""false"""
"=""khách sạn kỳ hoà hồ chí minh""","=""20""","=""0.19""","=""7""","=""Low""","=""true"""
"=""khách sạn victory kiến an hải phòng""","=""20""","=""0""","=""7""","=""Low""","=""false"""
"=""khách sạn vip nhất hà nội""","=""20""","=""0.12""","=""6""","=""Medium""","=""false"""
"=""khách sạn việt lào quảng bình""","=""20""","=""0.25""","=""6""","=""Low""","=""false"""
"=""khám phá thành phố hồ chí minh""","=""20""","=""0.03""","=""7""","=""Medium""","=""false"""
"=""ks anh đức đà lạt""","=""20""","=""0.19""","=""5""","=""Low""","=""false"""
"=""long tour phú quốc""","=""20""","=""0.31""","=""4""","=""Low""","=""false"""
"=""lịch biểu diễn grand world phú quốc""","=""20""","=""0""","=""7""","=""Low""","=""false"""
"=""lịch safari phú quốc""","=""20""","=""0.48""","=""4""","=""Medium""","=""false"""
"=""lịch trình xuyên việt""","=""20""","=""0""","=""4""","=""Low""","=""false"""
"=""lịch tàu hà nội ninh bình""","=""20""","=""0.02""","=""6""","=""Low""","=""false"""
"=""lịch tàu đà nẵng quy nhơn""","=""20""","=""0.02""","=""6""","=""Low""","=""true"""
"=""lịch việt nam gặp trung quốc""","=""20""","=""0""","=""6""","=""Low""","=""false"""
"=""lữ hành việt đà nẵng""","=""20""","=""0""","=""5""","=""Low""","=""false"""
"=""mũi né tỉnh""","=""20""","=""0""","=""3""","=""Low""","=""false"""
"=""những điểm du lịch phú thọ""","=""20""","=""0""","=""6""","=""Low""","=""false"""
"=""những điểm du lịch tại huế""","=""20""","=""0.11""","=""6""","=""Medium""","=""false"""
"=""những điểm du lịch ở hạ long""","=""20""","=""0.1""","=""7""","=""Medium""","=""false"""
"=""những địa điểm du lịch đẹp ở việt nam""","=""20""","=""0""","=""9""","=""Low""","=""false"""
"=""những địa điểm đẹp nhất việt nam""","=""20""","=""0""","=""7""","=""Low""","=""false"""
"=""những địa điểm đẹp ở đồng nai""","=""20""","=""0""","=""7""","=""Low""","=""false"""
"=""phong cảnh đẹp của việt nam""","=""20""","=""0""","=""6""","=""Low""","=""false"""
"=""phú quốc có địa điểm du lịch nào""","=""20""","=""0.1""","=""8""","=""Medium""","=""false"""
"=""phượng hoàng cổ trấn việt nam""","=""20""","=""0""","=""6""","=""Low""","=""false"""
"=""puolo trip phú quốc""","=""20""","=""0.28""","=""4""","=""Medium""","=""false"""
"=""quảng trị có khu du lịch nào""","=""20""","=""0""","=""7""","=""Low""","=""false"""
"=""quảng trị có điểm du lịch nào""","=""20""","=""0""","=""7""","=""Low""","=""false"""
"=""thành phố đà lạt ở tỉnh nào""","=""20""","=""0""","=""7""","=""Low""","=""false"""
"=""thêu xq đà lạt""","=""20""","=""0""","=""4""","=""Medium""","=""false"""
"=""thắng cảnh đẹp ở việt nam""","=""20""","=""0""","=""6""","=""Low""","=""false"""
"=""thắng cảnh ở việt nam""","=""20""","=""0""","=""5""","=""Low""","=""false"""
"=""tour cần thơ hà nội vietravel""","=""20""","=""0.14""","=""6""","=""Low""","=""false"""
"=""tour cần thơ phú quốc vietravel""","=""20""","=""0.14""","=""6""","=""Medium""","=""false"""
"=""tour cần thơ đà nẵng vietravel""","=""20""","=""0.05""","=""6""","=""Low""","=""false"""
"=""tour du lịch brunei từ hà nội""","=""20""","=""0""","=""7""","=""Low""","=""false"""
"=""tour du lịch hàn quốc từ tp hcm""","=""20""","=""0.21""","=""8""","=""Medium""","=""true"""
"=""tour du lịch khởi hành từ vũng tàu""","=""20""","=""0.09""","=""8""","=""Medium""","=""false"""
"=""tour du lịch myanmar từ hà nội""","=""20""","=""0""","=""7""","=""Low""","=""false"""
"=""tour du lịch nga từ tp hcm""","=""20""","=""0.5""","=""7""","=""Low""","=""false"""
"=""tour du lịch phú thọ""","=""20""","=""0""","=""5""","=""Low""","=""false"""
"=""tour du lịch phú yên vietravel""","=""20""","=""0.13""","=""6""","=""Medium""","=""false"""
"=""tour du lịch xuất phát từ tây ninh""","=""20""","=""0.36""","=""8""","=""Low""","=""true"""
"=""tour hawaii từ hà nội""","=""20""","=""0.46""","=""5""","=""Low""","=""true"""
"=""tour huế vietravel""","=""20""","=""0.12""","=""3""","=""Low""","=""false"""
"=""tour hà nội hồ chí minh""","=""20""","=""0""","=""6""","=""Low""","=""true"""
"=""tour hành hương công giáo xuyên việt""","=""20""","=""0""","=""7""","=""Low""","=""false"""
"=""tour lagi bình thuận vietravel""","=""20""","=""0.1""","=""5""","=""Medium""","=""false"""
"=""tour lan vương bến tre 1 ngày""","=""20""","=""0.12""","=""7""","=""Medium""","=""false"""
"=""tour nhật bản từ hồ chí minh""","=""20""","=""0.5""","=""7""","=""High""","=""false"""
"=""tour ninh bình vietravel""","=""20""","=""0.13""","=""4""","=""Low""","=""false"""
"=""tour phú thọ""","=""20""","=""0""","=""3""","=""Low""","=""false"""
"=""tour sapa khởi hành từ hà nội""","=""20""","=""0.49""","=""7""","=""High""","=""false"""
"=""tour vũng tàu vietravel""","=""20""","=""0.12""","=""4""","=""Low""","=""false"""
"=""tour xuyen viet""","=""20""","=""0.18""","=""3""","=""Low""","=""false"""
"=""tour xuyen viet tu tphcm""","=""20""","=""0""","=""5""","=""Low""","=""false"""
"=""tour xuyên việt của vietravel""","=""20""","=""0""","=""5""","=""Low""","=""false"""
"=""tổng cục du lịch hà nội""","=""20""","=""0""","=""6""","=""Low""","=""false"""
"=""từ đà nẵng đi đà lạt""","=""20""","=""0""","=""6""","=""Low""","=""false"""
"=""viet tran tour""","=""20""","=""0.29""","=""3""","=""Low""","=""false"""
"=""vietravel tour hà nội""","=""20""","=""0.13""","=""4""","=""Low""","=""false"""
"=""vinh đồng hới""","=""20""","=""0.01""","=""3""","=""Low""","=""false"""
"=""việt đà travel""","=""20""","=""0""","=""3""","=""Low""","=""false"""
"=""vé may bay hà nội đà lạt""","=""20""","=""0.06""","=""7""","=""Medium""","=""false"""
"=""vé máy bay vietnam airline đi đà lạt""","=""20""","=""0""","=""8""","=""High""","=""false"""
"=""vé máy bay việt nam dubai""","=""20""","=""0.12""","=""6""","=""Medium""","=""false"""
"=""vé máy bay đa nẵng đà lạt""","=""20""","=""0.02""","=""7""","=""Medium""","=""false"""
"=""vé máy bay đà lạt đà nẵng bamboo""","=""20""","=""0""","=""8""","=""Low""","=""false"""
"=""vườn quốc gia ninh thuận""","=""20""","=""0""","=""5""","=""Low""","=""true"""
"=""vườn thú vinpearl safari phú quốc""","=""20""","=""0""","=""6""","=""Low""","=""false"""
"=""điểm du lịch bà rịa vũng tàu""","=""20""","=""0.06""","=""7""","=""Low""","=""false"""
"=""đà lạt nằm ở cao nguyên nào""","=""20""","=""0""","=""7""","=""Low""","=""false"""
"=""đà lạt thành phố hồ chí minh""","=""20""","=""0""","=""7""","=""Low""","=""false"""
"=""đà nẵng có những cảnh đẹp nào""","=""20""","=""0""","=""7""","=""Low""","=""false"""
"=""đảo ngọc xanh phú quốc""","=""20""","=""0""","=""5""","=""Low""","=""false"""
"=""địa điểm du lịch sinh thái ở việt nam""","=""20""","=""0""","=""9""","=""Low""","=""false"""
"=""địa điểm đẹp việt nam""","=""20""","=""0""","=""5""","=""Low""","=""false"""
"=""đồng nai có điểm du lịch nào""","=""20""","=""0""","=""7""","=""Low""","=""false"""
"=""ở đà nẵng có những điểm du lịch nào""","=""20""","=""0.02""","=""9""","=""Medium""","=""false"""
"=""tour du lịch nhật bản từ hà nội 2023""","=""10""","=""0""","=""9""","=""Low""","=""false"""
"=""tour du lịch hàn quốc 2022 từ hà nội""","=""10""","=""0""","=""9""","=""Low""","=""false"""
"=""khách sạn vũng tàu mytour""","=""10""","=""0.31""","=""5""","=""Medium""","=""false"""
"=""công ty du lịch hàn quốc tại việt nam""","=""10""","=""0.38""","=""9""","=""Medium""","=""false"""
"=""dich vu du lich vietnam""","=""10""","=""0.52""","=""5""","=""High""","=""false"""
"=""tìm tour du lịch đà nẵng""","=""10""","=""0.28""","=""6""","=""High""","=""false"""
"=""chuyến bay thẳng từ việt nam đến bali""","=""10""","=""0""","=""8""","=""Low""","=""false"""
"=""10 địa điểm du lịch ở việt nam""","=""10""","=""0""","=""8""","=""Low""","=""false"""
"=""adavigo phú quốc""","=""10""","=""0""","=""3""","=""Low""","=""false"""
"=""amanoi ninh thuận giá bao nhiều""","=""10""","=""0""","=""6""","=""Low""","=""false"""
"=""amanoi đà lạt""","=""10""","=""0""","=""3""","=""Low""","=""false"""
"=""ban do mien tay viet nam""","=""10""","=""0""","=""6""","=""Low""","=""false"""
"=""bao du lich vietnam""","=""10""","=""0""","=""4""","=""Low""","=""false"""
"=""bản đồ du lịch phú quốc 2021""","=""10""","=""0""","=""7""","=""Low""","=""false"""
"=""bản đồ việt nam các tỉnh miền tây""","=""10""","=""0""","=""8""","=""Medium""","=""false"""
"=""bắc kạn có những điểm du lịch nào""","=""10""","=""0""","=""8""","=""Medium""","=""false"""
"=""chương trình vinwonder phú quốc""","=""10""","=""0.12""","=""5""","=""Medium""","=""false"""
"=""cong ty du lich lua viet""","=""10""","=""0.2""","=""6""","=""Low""","=""true"""
"=""cty du lịch lữ hành việt""","=""10""","=""0.25""","=""6""","=""Medium""","=""false"""
"=""cty du lịch xuyên việt""","=""10""","=""0""","=""5""","=""Low""","=""false"""
"=""các công ty du lịch hàn quốc tại việt nam""","=""10""","=""0""","=""10""","=""Low""","=""false"""
"=""các công ty du lịch lớn ở việt nam""","=""10""","=""0""","=""9""","=""Low""","=""false"""
"=""các công ty du lịch nước ngoài tại việt nam""","=""10""","=""0.37""","=""10""","=""Medium""","=""false"""
"=""các công ty du lịch tại việt nam""","=""10""","=""0""","=""8""","=""Medium""","=""false"""
"=""các công ty lữ hành lớn tại việt nam""","=""10""","=""0""","=""9""","=""Medium""","=""false"""
"=""các công ty lữ hành ở việt nam""","=""10""","=""0""","=""8""","=""Low""","=""false"""
"=""các dịch vụ du lịch ở việt nam""","=""10""","=""0""","=""8""","=""Low""","=""false"""
"=""các hiệp hội du lịch ở việt nam""","=""10""","=""0""","=""8""","=""Low""","=""false"""
"=""các khu du lịch biển ở việt nam""","=""10""","=""0""","=""8""","=""Low""","=""false"""
"=""các khu du lịch quốc gia ở việt nam""","=""10""","=""0""","=""9""","=""Low""","=""false"""
"=""các khách sạn ở bến tre""","=""10""","=""0.44""","=""6""","=""High""","=""false"""
"=""các tạp chí du lịch ở việt nam""","=""10""","=""0""","=""8""","=""Low""","=""false"""
"=""các tỉnh miền trung từ bắc vào nam""","=""10""","=""0""","=""8""","=""Low""","=""true"""
"=""các điểm du lịch biển ở việt nam""","=""10""","=""0""","=""8""","=""Low""","=""false"""
"=""các điểm du lịch nên đi ở việt nam""","=""10""","=""0""","=""9""","=""Low""","=""false"""
"=""các điểm du lịch sinh thái ở việt nam""","=""10""","=""0""","=""9""","=""Low""","=""false"""
"=""các điểm du lịch thành phố đà lạt""","=""10""","=""0""","=""8""","=""Medium""","=""true"""
"=""các điểm du lịch tại bình thuận""","=""10""","=""0""","=""7""","=""Medium""","=""false"""
"=""các điểm du lịch tại hội an""","=""10""","=""0.04""","=""7""","=""Medium""","=""false"""
"=""các điểm du lịch tại mũi né""","=""10""","=""0.02""","=""7""","=""Medium""","=""true"""
"=""các điểm du lịch tại phú thọ""","=""10""","=""0""","=""7""","=""Low""","=""false"""
"=""các điểm du lịch tại đồng nai""","=""10""","=""0""","=""7""","=""Medium""","=""false"""
"=""các điểm du lịch tự nhiên ở việt nam""","=""10""","=""0""","=""9""","=""Low""","=""false"""
"=""các điểm du lịch xuyên việt""","=""10""","=""0""","=""6""","=""Low""","=""false"""
"=""các điểm du lịch ở bắc kạn""","=""10""","=""0""","=""7""","=""Low""","=""false"""
"=""các điểm du lịch ở thành phố đà nẵng""","=""10""","=""0.04""","=""9""","=""Low""","=""true"""
"=""các điểm đến du lịch ở việt nam""","=""10""","=""0""","=""8""","=""Low""","=""false"""
"=""các đô thị du lịch ở việt nam""","=""10""","=""0""","=""8""","=""Low""","=""false"""
"=""các địa điểm du lịch của việt nam""","=""10""","=""0""","=""8""","=""Low""","=""false"""
"=""các địa điểm du lịch nên đi ở việt nam""","=""10""","=""0""","=""10""","=""Low""","=""false"""
"=""các địa điểm du lịch rẻ ở việt nam""","=""10""","=""0""","=""9""","=""Low""","=""false"""
"=""các địa điểm du lịch tại hạ long""","=""10""","=""0""","=""8""","=""Medium""","=""false"""
"=""các địa điểm du lịch tại hội an""","=""10""","=""0""","=""8""","=""High""","=""false"""
"=""công ty du lịch an việt""","=""10""","=""0""","=""6""","=""Low""","=""true"""
"=""công ty du lịch cảm xúc việt""","=""10""","=""0""","=""7""","=""Low""","=""false"""
"=""công ty du lịch non nước việt""","=""10""","=""0""","=""7""","=""Low""","=""false"""
"=""công ty du lịch nước ngoài tại việt nam""","=""10""","=""0.39""","=""9""","=""Medium""","=""false"""
"=""công ty du lịch quốc tế tre việt""","=""10""","=""0""","=""8""","=""Low""","=""false"""
"=""công ty du lịch thuận việt""","=""10""","=""0""","=""6""","=""Low""","=""false"""
"=""công ty du lịch thế giới việt""","=""10""","=""0""","=""7""","=""Low""","=""false"""
"=""công ty du lịch toàn việt""","=""10""","=""0""","=""6""","=""Low""","=""false"""
"=""công ty du lịch tuổi trẻ việt""","=""10""","=""0""","=""7""","=""Low""","=""true"""
"=""công ty du lịch tại việt nam""","=""10""","=""0""","=""7""","=""Medium""","=""false"""
"=""công ty du lịch tốt nhất việt nam""","=""10""","=""0.4""","=""8""","=""Medium""","=""false"""
"=""công ty du lịch uy tín tại việt nam""","=""10""","=""0.5""","=""9""","=""High""","=""false"""
"=""công ty du lịch đất việt tour trong nước""","=""10""","=""0.3""","=""9""","=""Medium""","=""false"""
"=""công ty vietnam travelmart""","=""10""","=""0""","=""4""","=""Low""","=""false"""
"=""công ty vietnamtourism""","=""10""","=""0""","=""3""","=""Low""","=""false"""
"=""công ty vn travel""","=""10""","=""0""","=""4""","=""Low""","=""false"""
"=""công viên nước đồng nai sơn tiên""","=""10""","=""0""","=""7""","=""Low""","=""false"""
"=""cảnh đẹp đà nẵng 2022""","=""10""","=""0""","=""5""","=""Low""","=""false"""
"=""cẩm nang du lịch ninh thuận""","=""10""","=""0""","=""6""","=""Low""","=""false"""
"=""cẩm nang du lịch tây ninh""","=""10""","=""0.2""","=""6""","=""Medium""","=""false"""
"=""dinogo vn""","=""10""","=""0""","=""2""","=""Low""","=""false"""
"=""du lich an tuong viet""","=""10""","=""0""","=""5""","=""Low""","=""false"""
"=""du lich dat viet go vap""","=""10""","=""0""","=""6""","=""Low""","=""false"""
"=""du lich mien tay viet nam""","=""10""","=""0""","=""6""","=""Low""","=""false"""
"=""du lich sapa vietnam""","=""10""","=""0.3""","=""4""","=""High""","=""false"""
"=""du lich tran viet""","=""10""","=""0""","=""4""","=""Medium""","=""false"""
"=""du lich vietnam travel""","=""10""","=""0""","=""4""","=""Medium""","=""false"""
"=""du lich vinh ha long viet nam""","=""10""","=""0""","=""7""","=""High""","=""false"""
"=""du lịch 1 ngày tại hà nội""","=""10""","=""0""","=""7""","=""Low""","=""false"""
"=""du lịch 3 miền việt nam""","=""10""","=""0""","=""6""","=""Low""","=""false"""
"=""du lịch amanoi ninh thuận""","=""10""","=""0.03""","=""5""","=""Medium""","=""false"""
"=""du lịch ba xuyên sóc trăng""","=""10""","=""0""","=""6""","=""Low""","=""false"""
"=""du lịch biển cà mau""","=""10""","=""0.06""","=""5""","=""Low""","=""true"""
"=""du lịch biển đẹp nhất việt nam""","=""10""","=""0""","=""7""","=""Medium""","=""false"""
"=""du lịch bắc quang hà giang""","=""10""","=""0.11""","=""6""","=""Low""","=""false"""
"=""du lịch bằng du thuyền ở việt nam""","=""10""","=""0""","=""8""","=""Low""","=""false"""
"=""du lịch campuchia lào myanmar""","=""10""","=""0""","=""5""","=""Low""","=""false"""
"=""du lịch cẩm khê phú thọ""","=""10""","=""0""","=""6""","=""Low""","=""false"""
"=""du lịch cộng đồng tại việt nam""","=""10""","=""0""","=""7""","=""Low""","=""false"""
"=""du lịch của việt nam""","=""10""","=""0""","=""5""","=""High""","=""false"""
"=""du lịch di sản ở việt nam""","=""10""","=""0""","=""7""","=""Low""","=""false"""
"=""du lịch du thuyền ở việt nam""","=""10""","=""0""","=""7""","=""Medium""","=""false"""
"=""du lịch dạ hương thái nguyên""","=""10""","=""0""","=""6""","=""Low""","=""false"""
"=""du lịch huế đà nẵng hội an vietravel""","=""10""","=""0.12""","=""8""","=""Medium""","=""false"""
"=""du lịch hà nội 2022""","=""10""","=""0""","=""5""","=""Low""","=""false"""
"=""du lịch hà nội phan thiết""","=""10""","=""0.07""","=""6""","=""Medium""","=""false"""
"=""du lịch hà nội vietravel""","=""10""","=""0""","=""5""","=""Low""","=""false"""
"=""du lịch hạ hòa phú thọ""","=""10""","=""0""","=""6""","=""Low""","=""false"""
"=""du lịch hồ chí minh 3 ngày""","=""10""","=""0""","=""7""","=""High""","=""false"""
"=""du lịch miền tây việt nam""","=""10""","=""0.2""","=""6""","=""Medium""","=""false"""
"=""du lịch myanmar từ hà nội""","=""10""","=""0""","=""6""","=""Low""","=""false"""
"=""du lịch ngoại ô hà nội""","=""10""","=""0""","=""6""","=""Low""","=""false"""
"=""du lịch ngọc hồi kon tum""","=""10""","=""0""","=""6""","=""Low""","=""false"""
"=""du lịch phú quốc của vietravel""","=""10""","=""0.1""","=""6""","=""High""","=""false"""
"=""du lịch phú quốc sài gòn tourist""","=""10""","=""0.16""","=""7""","=""Medium""","=""false"""
"=""du lịch phú quốc vietravel 2022""","=""10""","=""0""","=""6""","=""Low""","=""false"""
"=""du lịch phú quốc voz""","=""10""","=""0""","=""5""","=""Low""","=""true"""
"=""du lịch phú yên vietravel""","=""10""","=""0""","=""5""","=""Medium""","=""false"""
"=""du lịch quanh hà nội trong ngày""","=""10""","=""0""","=""7""","=""Low""","=""false"""
"=""du lịch quanh thành phố hồ chí minh""","=""10""","=""0""","=""8""","=""Medium""","=""false"""
"=""du lịch quảng trị 2 ngày""","=""10""","=""0""","=""6""","=""Low""","=""false"""
"=""du lịch quốc tế việt nam""","=""10""","=""0""","=""6""","=""Low""","=""false"""
"=""du lịch safari phú quốc""","=""10""","=""0.13""","=""5""","=""High""","=""false"""
"=""du lịch sinh thái kiên giang""","=""10""","=""0""","=""6""","=""Low""","=""false"""
"=""du lịch sinh thái ở an giang""","=""10""","=""0""","=""7""","=""Low""","=""false"""
"=""du lịch thanh ba phú thọ""","=""10""","=""0""","=""6""","=""Low""","=""false"""
"=""du lịch thiện nhân đi phú quốc""","=""10""","=""0.08""","=""7""","=""Medium""","=""false"""
"=""du lịch thành phố hà nội""","=""10""","=""0""","=""6""","=""Low""","=""false"""
"=""du lịch thái loan biên hòa""","=""10""","=""0.2""","=""6""","=""Low""","=""false"""
"=""du lịch tháng 2 ở việt nam""","=""10""","=""0""","=""7""","=""Low""","=""false"""
"=""du lịch tháng 6 ở việt nam""","=""10""","=""0""","=""7""","=""Low""","=""false"""
"=""du lịch tháng 9 ở việt nam""","=""10""","=""0""","=""7""","=""Low""","=""false"""
"=""du lịch trong hà nội""","=""10""","=""0""","=""5""","=""Medium""","=""false"""
"=""du lịch trong nước việt nam""","=""10""","=""0""","=""6""","=""Medium""","=""false"""
"=""du lịch tràm chim tam nông đồng tháp""","=""10""","=""0""","=""8""","=""Low""","=""true"""
"=""du lịch trải nghiệm ở việt nam""","=""10""","=""0""","=""7""","=""Low""","=""false"""
"=""du lịch tây nghệ an""","=""10""","=""0""","=""5""","=""Low""","=""false"""
"=""du lịch tây nguyên vietravel""","=""10""","=""0""","=""5""","=""Low""","=""false"""
"=""du lịch tự nhiên ở việt nam""","=""10""","=""0""","=""7""","=""Low""","=""false"""
"=""du lịch vietnam 2022""","=""10""","=""0""","=""4""","=""Low""","=""false"""
"=""du lịch vietravel phú quốc""","=""10""","=""0""","=""5""","=""High""","=""false"""
"=""du lịch vinh phú quốc""","=""10""","=""0.1""","=""5""","=""Medium""","=""false"""
"=""du lịch vòng quanh việt nam""","=""10""","=""0""","=""6""","=""Low""","=""false"""
"=""du lịch xuyên việt từ hà nội""","=""10""","=""0""","=""7""","=""Low""","=""false"""
"=""du lịch điện biên phủ bằng máy bay""","=""10""","=""0""","=""8""","=""High""","=""false"""
"=""du lịch đà lạt phú quốc""","=""10""","=""0""","=""6""","=""Low""","=""false"""
"=""du lịch đà nẵng năm 2022""","=""10""","=""0""","=""6""","=""Low""","=""false"""
"=""du lịch đà nẵng saigontourist""","=""10""","=""0.14""","=""5""","=""Medium""","=""false"""
"=""du lịch đảo kiên giang""","=""10""","=""0""","=""5""","=""Medium""","=""true"""
"=""du lịch đất nước việt""","=""10""","=""0""","=""5""","=""Low""","=""false"""
"=""du lịch đồng nai 2022""","=""10""","=""0""","=""5""","=""Low""","=""false"""
"=""du lịch đồng nai mới nhất""","=""10""","=""0""","=""6""","=""Low""","=""false"""
"=""du lịch ấn tượng việt""","=""10""","=""0""","=""5""","=""Low""","=""false"""
"=""du lịch ẩm thực hải phòng""","=""10""","=""0""","=""6""","=""Low""","=""false"""
"=""du lịch ở bắc ninh""","=""10""","=""0""","=""5""","=""Low""","=""false"""
"=""du lịch ở hồ chí minh""","=""10""","=""0""","=""6""","=""High""","=""false"""
"=""du lịch ở phú thọ""","=""10""","=""0""","=""5""","=""Low""","=""false"""
"=""dulich3mien vn""","=""10""","=""0""","=""2""","=""Low""","=""false"""
"=""giá con lịch cà mau""","=""10""","=""0""","=""5""","=""Low""","=""false"""
"=""giá lotus home phú quốc""","=""10""","=""0""","=""5""","=""Low""","=""false"""
"=""giá tour du lịch hà nội phú quốc""","=""10""","=""0.06""","=""8""","=""Medium""","=""false"""
"=""giá vé máy bay quy nhơn đà lạt""","=""10""","=""0""","=""8""","=""Medium""","=""false"""
"=""giá vé máy bay vào đà lạt""","=""10""","=""0.02""","=""7""","=""Medium""","=""false"""
"=""giá vé máy bay đi đà lạt vietjet air""","=""10""","=""0""","=""9""","=""Low""","=""false"""
"=""giá vé máy bay đà lạt quy nhơn""","=""10""","=""0""","=""8""","=""Low""","=""false"""
"=""giá vé máy bay đà lạt đi phú quốc""","=""10""","=""0""","=""9""","=""Low""","=""false"""
"=""giá vé thanh tân huế 2021""","=""10""","=""0""","=""6""","=""Low""","=""false"""
"=""giới thiệu công ty đất việt tour""","=""10""","=""0""","=""7""","=""Low""","=""false"""
"=""giới thiệu du lịch hội an""","=""10""","=""0""","=""6""","=""Low""","=""false"""
"=""giới thiệu thiền viện trúc lâm đà lạt""","=""10""","=""0""","=""8""","=""Low""","=""false"""
"=""giới thiệu về công ty du lịch lửa việt""","=""10""","=""0""","=""9""","=""Low""","=""false"""
"=""giới thiệu về công ty vietnamtourism""","=""10""","=""0""","=""6""","=""Low""","=""false"""
"=""giới thiệu về du lịch an giang""","=""10""","=""0""","=""7""","=""Low""","=""false"""
"=""giới thiệu về du lịch hà nội""","=""10""","=""0""","=""7""","=""Low""","=""false"""
"=""giới thiệu về du lịch hải phòng""","=""10""","=""0""","=""7""","=""Low""","=""false"""
"=""giới thiệu về du lịch kiên giang""","=""10""","=""0""","=""7""","=""Low""","=""false"""
"=""giới thiệu về du lịch lạng sơn""","=""10""","=""0""","=""7""","=""Low""","=""false"""
"=""giới thiệu về du lịch quảng ninh""","=""10""","=""0""","=""7""","=""Low""","=""false"""
"=""giới thiệu về du lịch thành phố hồ chí minh""","=""10""","=""0""","=""10""","=""Low""","=""false"""
"=""giới thiệu về du lịch điện biên""","=""10""","=""0""","=""7""","=""Low""","=""false"""
"=""giới thiệu về khách sạn hilton đà nẵng""","=""10""","=""0""","=""8""","=""High""","=""false"""
"=""giới thiệu về khách sạn metropole hà nội""","=""10""","=""0""","=""8""","=""Low""","=""false"""
"=""giới thiệu về thiền viện trúc lâm đà lạt""","=""10""","=""0""","=""9""","=""Low""","=""false"""
"=""hoàng trà travel phú quốc""","=""10""","=""0""","=""5""","=""Low""","=""true"""
"=""hà giang cao bằng bắc kạn""","=""10""","=""0""","=""6""","=""Low""","=""false"""
"=""hội an 24h""","=""10""","=""0""","=""3""","=""Low""","=""false"""
"=""khu du lich cong troi dong giang""","=""10""","=""0.17""","=""7""","=""Medium""","=""false"""
"=""khu du lich lang tre viet""","=""10""","=""0""","=""6""","=""Low""","=""false"""
"=""khu du lịch amazing bay đồng nai""","=""10""","=""0""","=""7""","=""Low""","=""false"""
"=""khu du lịch cát lái""","=""10""","=""0""","=""5""","=""Low""","=""false"""
"=""khu du lịch dubai m drak""","=""10""","=""0""","=""6""","=""Low""","=""false"""
"=""khu du lịch hậu giang mới khai trương""","=""10""","=""0""","=""8""","=""Low""","=""false"""
"=""khu du lịch láng me ninh thuận""","=""10""","=""0""","=""7""","=""Low""","=""false"""
"=""khu du lịch new đồng châu thái bình""","=""10""","=""0""","=""8""","=""Low""","=""false"""
"=""khu du lịch nhật bản đà nẵng""","=""10""","=""0""","=""7""","=""Low""","=""false"""
"=""khu du lịch nước đồng nai""","=""10""","=""0""","=""6""","=""Low""","=""false"""
"=""khu du lịch safari phú quốc""","=""10""","=""0""","=""6""","=""Medium""","=""false"""
"=""khu du lịch tiên sơn gia lai""","=""10""","=""0""","=""7""","=""Low""","=""false"""
"=""khu du lịch trong thành phố hồ chí minh""","=""10""","=""0""","=""9""","=""Medium""","=""false"""
"=""khu du lịch tại huế""","=""10""","=""0""","=""5""","=""Low""","=""true"""
"=""khu du lịch đồi tím phú yên""","=""10""","=""0""","=""7""","=""Low""","=""false"""
"=""khu du lịch đồng nai mới khai trương""","=""10""","=""0""","=""8""","=""Low""","=""false"""
"=""khu du lịch ở hạ long""","=""10""","=""0""","=""6""","=""Low""","=""false"""
"=""khu du lịch ở hội an""","=""10""","=""0""","=""6""","=""Low""","=""false"""
"=""khu sinh thái hương tràm cà mau""","=""10""","=""0""","=""7""","=""Low""","=""false"""
"=""khu sinh thái ở nghệ an""","=""10""","=""0""","=""6""","=""Low""","=""false"""
"=""khuyến mãi du lịch đà lạt""","=""10""","=""0""","=""6""","=""Low""","=""false"""
"=""khách du lịch châu âu đến việt nam""","=""10""","=""0""","=""8""","=""Low""","=""false"""
"=""khách du lịch mỹ đến việt nam""","=""10""","=""0""","=""7""","=""Low""","=""false"""
"=""khách du lịch singapore đến việt nam""","=""10""","=""0""","=""7""","=""Low""","=""false"""
"=""khách du lịch vào việt nam""","=""10""","=""0""","=""6""","=""Low""","=""false"""
"=""khách nhật bản đến việt nam""","=""10""","=""0""","=""6""","=""Low""","=""false"""
"=""khách quốc tế vào việt nam""","=""10""","=""0""","=""6""","=""Low""","=""false"""
"=""khách sạn 120 võ nguyên giáp đà nẵng""","=""10""","=""0.36""","=""8""","=""High""","=""false"""
"=""khách sạn an hưng hà nội""","=""10""","=""0""","=""6""","=""Medium""","=""false"""
"=""khách sạn continental vũng tàu""","=""10""","=""0.09""","=""5""","=""Medium""","=""false"""
"=""khách sạn gỗ đông dương hải phòng""","=""10""","=""0.09""","=""7""","=""Low""","=""false"""
"=""khách sạn hoàng đức an giang""","=""10""","=""0""","=""6""","=""Low""","=""false"""
"=""khách sạn hy thành biên hòa""","=""10""","=""0""","=""6""","=""Low""","=""false"""
"=""khách sạn hà thanh bình dương""","=""10""","=""0""","=""6""","=""Low""","=""false"""
"=""khách sạn hàn quốc tại việt nam""","=""10""","=""0""","=""7""","=""Medium""","=""false"""
"=""khách sạn hồ chí minh thành phố hồ chí minh""","=""10""","=""0""","=""10""","=""Low""","=""false"""
"=""khách sạn khánh an phan thiết""","=""10""","=""0""","=""6""","=""Medium""","=""false"""
"=""khách sạn la siesta ở hà nội""","=""10""","=""0""","=""7""","=""Low""","=""false"""
"=""khách sạn maldives phú quốc""","=""10""","=""0""","=""5""","=""Low""","=""false"""
"=""khách sạn ngọc hồi 2 buôn ma thuột""","=""10""","=""0""","=""8""","=""Low""","=""false"""
"=""khách sạn phượng trân cần thơ""","=""10""","=""0""","=""6""","=""Low""","=""false"""
"=""khách sạn sofitel đà nẵng""","=""10""","=""0.2""","=""5""","=""Medium""","=""false"""
"=""khách sạn sơn lâm bạc liêu""","=""10""","=""0.62""","=""6""","=""Low""","=""true"""
"=""khách sạn tây nguyên nha trang""","=""10""","=""0""","=""6""","=""Medium""","=""false"""
"=""khách thái lan đến việt nam""","=""10""","=""0""","=""6""","=""Low""","=""false"""
"=""khách việt nam đi du lịch nước ngoài""","=""10""","=""0""","=""8""","=""Low""","=""false"""
"=""khám phá safari phú quốc""","=""10""","=""0""","=""5""","=""Medium""","=""false"""
"=""khánh uyên 2 hotel đà lạt""","=""10""","=""0""","=""6""","=""High""","=""false"""
"=""kinh nghiệm du lịch bắc kạn""","=""10""","=""0""","=""6""","=""Low""","=""false"""
"=""kinh nghiệm đi amanoi ninh thuận""","=""10""","=""0""","=""6""","=""Low""","=""false"""
"=""kkday phú quốc""","=""10""","=""0""","=""3""","=""High""","=""false"""
"=""lich viet nam han quoc""","=""10""","=""0""","=""5""","=""Low""","=""false"""
"=""lightning house 2 đà lạt""","=""10""","=""0.18""","=""5""","=""Medium""","=""true"""
"=""lua viet travel""","=""10""","=""0""","=""3""","=""Low""","=""false"""
"=""lịch bay hải phòng điện biên""","=""10""","=""0""","=""6""","=""Low""","=""false"""
"=""lịch bay nhật bản việt nam""","=""10""","=""0""","=""6""","=""Medium""","=""false"""
"=""lịch bay quy nhơn cần thơ""","=""10""","=""0""","=""6""","=""High""","=""false"""
"=""lịch bay việt nam nhật bản""","=""10""","=""0""","=""6""","=""Low""","=""false"""
"=""lịch biểu diễn grand world phú quốc 2022""","=""10""","=""0""","=""8""","=""Low""","=""false"""
"=""lịch thái lan việt nam""","=""10""","=""0""","=""5""","=""Low""","=""false"""
"=""lịch trình các chuyến bay quốc tế đến việt nam""","=""10""","=""0""","=""10""","=""Low""","=""false"""
"=""lịch trình grand world phú quốc""","=""10""","=""0""","=""6""","=""Low""","=""true"""
"=""lịch tàu chạy đà nẵng huế""","=""10""","=""0.02""","=""6""","=""Medium""","=""true"""
"=""lịch việt nam nhật bản""","=""10""","=""0""","=""5""","=""Low""","=""false"""
"=""lịch vn nhật bản""","=""10""","=""0""","=""4""","=""Low""","=""false"""
"=""lửa việt tour phú quốc""","=""10""","=""0""","=""5""","=""Medium""","=""false"""
"=""maldives quy nhơn""","=""10""","=""0""","=""3""","=""Low""","=""true"""
"=""máy bay đà lạt quy nhơn""","=""10""","=""0""","=""6""","=""Low""","=""false"""
"=""một thoáng việt nam ở củ chi""","=""10""","=""0""","=""7""","=""Low""","=""false"""
"=""mỹ tho đà lạt""","=""10""","=""0.07""","=""4""","=""Low""","=""false"""
"=""những công ty du lịch lớn nhất việt nam""","=""10""","=""0""","=""9""","=""Low""","=""false"""
"=""những khu du lịch sinh thái ở việt nam""","=""10""","=""0""","=""9""","=""Low""","=""false"""
"=""những khu du lịch đẹp nhất việt nam""","=""10""","=""0""","=""8""","=""Low""","=""false"""
"=""những thành phố du lịch ở việt nam""","=""10""","=""0""","=""8""","=""Low""","=""false"""
"=""những thắng cảnh ở việt nam""","=""10""","=""0""","=""6""","=""Low""","=""false"""
"=""những tour du lịch mới lạ ở việt nam""","=""10""","=""0""","=""9""","=""High""","=""false"""
"=""những điểm du lịch hot nhất việt nam""","=""10""","=""0""","=""8""","=""Low""","=""false"""
"=""những điểm du lịch mới lạ ở việt nam""","=""10""","=""0""","=""9""","=""Low""","=""false"""
"=""những điểm du lịch nên đi ở việt nam""","=""10""","=""0""","=""9""","=""Low""","=""true"""
"=""những điểm du lịch quảng trị""","=""10""","=""0""","=""6""","=""Low""","=""true"""
"=""những điểm du lịch tại hà giang""","=""10""","=""0""","=""7""","=""Low""","=""false"""
"=""những điểm du lịch tại hạ long""","=""10""","=""0.07""","=""7""","=""Medium""","=""false"""
"=""những điểm du lịch đẹp nhất việt nam""","=""10""","=""0""","=""8""","=""Low""","=""false"""
"=""những điểm du lịch đẹp ở việt nam""","=""10""","=""0""","=""8""","=""Low""","=""false"""
"=""những điểm du lịch ở bắc giang""","=""10""","=""0""","=""7""","=""Low""","=""false"""
"=""những điểm du lịch ở hồ chí minh""","=""10""","=""0.07""","=""8""","=""Low""","=""false"""
"=""những điểm du lịch ở phú thọ""","=""10""","=""0""","=""7""","=""Low""","=""false"""
"=""những điểm đến phú quốc""","=""10""","=""0.14""","=""5""","=""Medium""","=""false"""
"=""những điểm đến ở hội an""","=""10""","=""0""","=""6""","=""Low""","=""false"""
"=""những đảo đẹp ở việt nam""","=""10""","=""0""","=""6""","=""Low""","=""false"""
"=""những địa điểm du lịch biển đẹp ở việt nam""","=""10""","=""0""","=""10""","=""Low""","=""false"""
"=""những địa điểm du lịch hoang sơ ở việt nam""","=""10""","=""0""","=""10""","=""Low""","=""false"""
"=""những địa điểm du lịch hot nhất việt nam""","=""10""","=""0""","=""9""","=""Low""","=""false"""
"=""những địa điểm du lịch nên đi ở việt nam""","=""10""","=""0""","=""10""","=""Low""","=""false"""
"=""những địa điểm du lịch thiên nhiên ở việt nam""","=""10""","=""0""","=""10""","=""Low""","=""false"""
"=""những địa điểm du lịch tại việt nam""","=""10""","=""0""","=""8""","=""Low""","=""false"""
"=""những địa điểm du lịch đẹp nhất việt nam""","=""10""","=""0""","=""9""","=""Medium""","=""false"""
"=""những địa điểm du lịch đồng nai""","=""10""","=""0""","=""7""","=""Low""","=""false"""
"=""những địa điểm nên đi du lịch ở việt nam""","=""10""","=""0""","=""10""","=""Medium""","=""false"""
"=""những địa điểm nên đi ở việt nam""","=""10""","=""0""","=""8""","=""Low""","=""false"""
"=""những địa điểm đi du lịch ở việt nam""","=""10""","=""0""","=""9""","=""Low""","=""false"""
"=""phú quốc saigontourist""","=""10""","=""0""","=""3""","=""Low""","=""false"""
"=""phú thọ xanh tourist""","=""10""","=""0""","=""4""","=""Low""","=""false"""
"=""phú thọ điểm đến""","=""10""","=""0""","=""4""","=""Low""","=""false"""
"=""phượng hoàng cổ trấn ở việt nam""","=""10""","=""0""","=""7""","=""Low""","=""false"""
"=""powerpoint về du lịch đà nẵng""","=""10""","=""0""","=""6""","=""Low""","=""false"""
"=""quảng trị điểm đến""","=""10""","=""0""","=""4""","=""Low""","=""false"""
"=""red river phú quốc""","=""10""","=""0""","=""4""","=""Low""","=""false"""
"=""saigon viet travel""","=""10""","=""0""","=""3""","=""Low""","=""false"""
"=""saigontourist mỹ tho""","=""10""","=""0""","=""3""","=""Low""","=""false"""
"=""sapa và đà lạt""","=""10""","=""0""","=""4""","=""Low""","=""false"""
"=""sơn trang đà lạt""","=""10""","=""0""","=""4""","=""Low""","=""false"""
"=""thac ban gioc cua viet nam""","=""10""","=""0""","=""6""","=""Low""","=""false"""
"=""the amazing bay đồng nai giá vé""","=""10""","=""0""","=""7""","=""Low""","=""false"""
"=""thiên nhiên kỳ thú đà lạt""","=""10""","=""0""","=""6""","=""Low""","=""false"""
"=""thiết kế tour du lịch ở huế""","=""10""","=""0""","=""7""","=""High""","=""false"""
"=""thiền viện truc lâm đà lạt""","=""10""","=""0""","=""6""","=""Low""","=""true"""
"=""thuận việt travel""","=""10""","=""0""","=""3""","=""Low""","=""false"""
"=""thành phố du lịch ở việt nam""","=""10""","=""0""","=""7""","=""Low""","=""false"""
"=""thành phố đà lạt nằm trên cao nguyên""","=""10""","=""0""","=""8""","=""Low""","=""false"""
"=""thành phố đà lạt nằm ở cao nguyên nào""","=""10""","=""0""","=""9""","=""Low""","=""false"""
"=""thành phố đà lạt nằm ở trên cao nguyên nào""","=""10""","=""0""","=""10""","=""Low""","=""false"""
"=""thắng cảnh của việt nam""","=""10""","=""0""","=""5""","=""Low""","=""false"""
"=""tour ban me thuot vietravel""","=""10""","=""0.16""","=""5""","=""Medium""","=""false"""
"=""tour cần giờ vietravel""","=""10""","=""0.27""","=""4""","=""Medium""","=""false"""
"=""tour cần thơ hòn sơn""","=""10""","=""0.12""","=""5""","=""Medium""","=""false"""
"=""tour cần thơ nha trang đà lạt""","=""10""","=""0""","=""7""","=""Medium""","=""false"""
"=""tour cần thơ quy nhơn""","=""10""","=""0""","=""5""","=""Low""","=""false"""
"=""tour cần thơ sapa vietravel""","=""10""","=""0""","=""5""","=""Low""","=""false"""
"=""tour du lich viet""","=""10""","=""0.53""","=""4""","=""Medium""","=""false"""
"=""tour du lich xuyen viet tu ha noi""","=""10""","=""0""","=""8""","=""Low""","=""false"""
"=""tour du lịch 1 ngày tại phú quốc""","=""10""","=""0""","=""8""","=""High""","=""false"""
"=""tour du lịch bà rịa vũng tàu""","=""10""","=""0.1""","=""7""","=""Medium""","=""false"""
"=""tour du lịch bình thuận từ hà nội""","=""10""","=""0""","=""8""","=""Low""","=""false"""
"=""tour du lịch cà mau đà lạt""","=""10""","=""0.12""","=""7""","=""Low""","=""false"""
"=""tour du lịch grand world phú quốc""","=""10""","=""0""","=""7""","=""High""","=""false"""
"=""tour du lịch huế phú quốc""","=""10""","=""0""","=""6""","=""Medium""","=""false"""
"=""tour du lịch hà giang vietravel""","=""10""","=""0""","=""6""","=""Medium""","=""false"""
"=""tour du lịch hà nội hàn quốc""","=""10""","=""0.17""","=""7""","=""Medium""","=""false"""
"=""tour du lịch hà nội phú quốc vietravel""","=""10""","=""0""","=""8""","=""High""","=""false"""
"=""tour du lịch hà nội sapa từ tphcm""","=""10""","=""0""","=""8""","=""High""","=""false"""
"=""tour du lịch hà nội sài gòn côn đảo""","=""10""","=""0""","=""9""","=""Low""","=""false"""
"=""tour du lịch hà nội điện biên""","=""10""","=""0.05""","=""7""","=""Medium""","=""false"""
"=""tour du lịch hà nội đà lạt nha trang""","=""10""","=""0.07""","=""9""","=""High""","=""false"""
"=""tour du lịch hậu giang""","=""10""","=""0""","=""5""","=""Low""","=""false"""
"=""tour du lịch khởi hành từ bình dương""","=""10""","=""0.15""","=""8""","=""Medium""","=""false"""
"=""tour du lịch khởi hành từ huế""","=""10""","=""0""","=""7""","=""Low""","=""false"""
"=""tour du lịch kiên giang phú quốc""","=""10""","=""0""","=""7""","=""Low""","=""false"""
"=""tour du lịch lửa việt""","=""10""","=""0.37""","=""5""","=""Medium""","=""true"""
"=""tour du lịch lữ hành việt nam""","=""10""","=""0""","=""7""","=""High""","=""false"""
"=""tour du lịch mice đà nẵng""","=""10""","=""0""","=""6""","=""Low""","=""false"""
"=""tour du lịch nghệ an quảng bình""","=""10""","=""0""","=""7""","=""Low""","=""false"""
"=""tour du lịch nha trang phú quốc""","=""10""","=""0""","=""7""","=""Medium""","=""false"""
"=""tour du lịch nha trang đà lạt từ hà nội""","=""10""","=""0.1""","=""10""","=""Medium""","=""false"""
"=""tour du lịch nội thành hà nội""","=""10""","=""0.26""","=""7""","=""Medium""","=""false"""
"=""tour du lịch phú quốc của vietravel""","=""10""","=""0.1""","=""7""","=""Medium""","=""false"""
"=""tour du lịch phú quốc intertour""","=""10""","=""0""","=""6""","=""Low""","=""false"""
"=""tour du lịch phú quốc saigontourist""","=""10""","=""0""","=""6""","=""Medium""","=""false"""
"=""tour du lịch phú quốc từ đà nẵng""","=""10""","=""0.1""","=""8""","=""Medium""","=""false"""
"=""tour du lịch quy nhơn vietravel""","=""10""","=""0.22""","=""6""","=""High""","=""false"""
"=""tour du lịch rạch giá phú quốc""","=""10""","=""0""","=""7""","=""High""","=""false"""
"=""tour du lịch sài gòn côn đảo""","=""10""","=""0.11""","=""7""","=""Medium""","=""false"""
"=""tour du lịch sài gòn hà nội sapa""","=""10""","=""0""","=""8""","=""Low""","=""false"""
"=""tour du lịch thanh hóa phú quốc""","=""10""","=""0""","=""7""","=""Low""","=""false"""
"=""tour du lịch thành phố hồ chí minh phú quốc""","=""10""","=""0.17""","=""10""","=""Medium""","=""false"""
"=""tour du lịch uy tín tại hà nội""","=""10""","=""0.5""","=""8""","=""Medium""","=""false"""
"=""tour du lịch vinh phú quốc""","=""10""","=""0""","=""6""","=""Low""","=""false"""
"=""tour du lịch việt travel""","=""10""","=""0.13""","=""5""","=""Medium""","=""false"""
"=""tour du lịch vũng tàu côn đảo""","=""10""","=""0.16""","=""7""","=""Medium""","=""false"""
"=""tour du lịch vũng tàu đà lạt""","=""10""","=""0.12""","=""7""","=""Medium""","=""false"""
"=""tour du lịch xuyên việt 10 ngày""","=""10""","=""0""","=""7""","=""Low""","=""false"""
"=""tour du lịch đà lạt phú quốc""","=""10""","=""0""","=""7""","=""Low""","=""false"""
"=""tour du lịch đà nẵng sapa""","=""10""","=""0.31""","=""6""","=""Medium""","=""false"""
"=""tour du lịch đà nẵng vietravel""","=""10""","=""0.12""","=""6""","=""Medium""","=""false"""
"=""tour du lịch đồng nai 1 ngày""","=""10""","=""0""","=""7""","=""Low""","=""false"""
"=""tour ghép phú yên 1 ngày""","=""10""","=""0.17""","=""6""","=""Medium""","=""false"""
"=""tour huế 1 ngày sinhcafe""","=""10""","=""0.18""","=""5""","=""Medium""","=""false"""
"=""tour huế phú quốc vietravel""","=""10""","=""0""","=""5""","=""Low""","=""false"""
"=""tour huế quảng trị quảng bình""","=""10""","=""0.18""","=""6""","=""Medium""","=""false"""
"=""tour hà giang tư tphcm vietravel""","=""10""","=""0""","=""6""","=""Low""","=""false"""
"=""tour hà nội côn đảo vietravel""","=""10""","=""0""","=""6""","=""Low""","=""false"""
"=""tour hành hương đà lạt""","=""10""","=""0.14""","=""5""","=""Medium""","=""false"""
"=""tour khánh hòa""","=""10""","=""0.15""","=""3""","=""Low""","=""false"""
"=""tour lữ hành việt""","=""10""","=""0.46""","=""4""","=""Medium""","=""false"""
"=""tour nghệ an hà tĩnh quảng bình""","=""10""","=""0.18""","=""7""","=""Low""","=""true"""
"=""tour nha trang đà lạt từ hà nội""","=""10""","=""0""","=""8""","=""Medium""","=""false"""
"=""tour nha trang đà nẵng huế""","=""10""","=""0.23""","=""6""","=""Medium""","=""false"""
"=""tour nha trang đà nẵng vietravel""","=""10""","=""0.15""","=""6""","=""Medium""","=""false"""
"=""tour nội địa phú quốc""","=""10""","=""0.18""","=""5""","=""High""","=""false"""
"=""tour phú quốc của saigontourist""","=""10""","=""0.24""","=""5""","=""Medium""","=""false"""
"=""tour phú quốc của vietravel""","=""10""","=""0.15""","=""5""","=""Medium""","=""false"""
"=""tour phú quốc du lịch việt""","=""10""","=""0.13""","=""6""","=""Medium""","=""false"""
"=""tour phú quốc fiditour""","=""10""","=""0""","=""4""","=""Low""","=""false"""
"=""tour phú quốc khởi hành từ cần thơ""","=""10""","=""0""","=""8""","=""Low""","=""false"""
"=""tour phú quốc khởi hành từ đà nẵng""","=""10""","=""0""","=""8""","=""Low""","=""false"""
"=""tour phú quốc lửa việt""","=""10""","=""0""","=""5""","=""Low""","=""false"""
"=""tour phú quốc saigontourist 2020""","=""10""","=""0""","=""5""","=""Low""","=""false"""
"=""tour phú quốc sài gòn tourist""","=""10""","=""0""","=""6""","=""Medium""","=""false"""
"=""tour phú quốc vietravel 2021""","=""10""","=""0""","=""5""","=""Low""","=""false"""
"=""tour phú quốc viettourist""","=""10""","=""0""","=""4""","=""Medium""","=""false"""
"=""tour phú quốc đất việt""","=""10""","=""0.14""","=""5""","=""High""","=""false"""
"=""tour quảng bình vietravel""","=""10""","=""0.28""","=""4""","=""Low""","=""false"""
"=""tour thanh hoá phú quốc""","=""10""","=""0""","=""5""","=""Low""","=""false"""
"=""tour thanh hóa đà nẵng""","=""10""","=""0""","=""5""","=""Low""","=""false"""
"=""tour thành phố hồ chí minh 1 ngày""","=""10""","=""0.17""","=""8""","=""High""","=""false"""
"=""tour từ cần thơ""","=""10""","=""0.21""","=""4""","=""Low""","=""false"""
"=""tour vinh phú quốc""","=""10""","=""0""","=""4""","=""High""","=""false"""
"=""tour vũng tàu phan thiết""","=""10""","=""0""","=""5""","=""Low""","=""false"""
"=""tour vũng tàu phú quốc""","=""10""","=""0.12""","=""5""","=""Medium""","=""false"""
"=""tour xuyên việt từ sài gòn""","=""10""","=""0""","=""6""","=""Medium""","=""false"""
"=""tour đi phú quốc vietravel""","=""10""","=""0.15""","=""5""","=""Medium""","=""false"""
"=""tour đi phú yên 1 ngày từ quy nhơn""","=""10""","=""0.25""","=""9""","=""Medium""","=""false"""
"=""tour điện biên lai châu vietravel""","=""10""","=""0""","=""6""","=""Low""","=""false"""
"=""tour đà lạt buôn mê thuột""","=""10""","=""0""","=""6""","=""Low""","=""false"""
"=""tour đà lạt khởi hành từ cần thơ""","=""10""","=""0""","=""8""","=""Low""","=""false"""
"=""tour đà lạt vietnam tourist""","=""10""","=""0.13""","=""5""","=""Low""","=""true"""
"=""tour đà nẵng huế quảng bình saigontourist""","=""10""","=""0""","=""7""","=""Low""","=""false"""
"=""tour đà nẵng hà nội sapa""","=""10""","=""0""","=""6""","=""Low""","=""false"""
"=""tour đà nẵng phú quốc 2022""","=""10""","=""0""","=""6""","=""Low""","=""false"""
"=""tour đà nẵng phú quốc saigontourist""","=""10""","=""0""","=""6""","=""Low""","=""false"""
"=""tour đà nẵng đi cần thơ""","=""10""","=""0""","=""6""","=""Low""","=""false"""
"=""tour đảo ngọc phú quốc""","=""10""","=""0.09""","=""5""","=""Low""","=""false"""
"=""tour đồng nai 1 ngày""","=""10""","=""0""","=""5""","=""Low""","=""true"""
"=""transviet com vn""","=""10""","=""0""","=""3""","=""Low""","=""false"""
"=""transviet tour phú quốc""","=""10""","=""0""","=""4""","=""Low""","=""false"""
"=""transviet tour đà lạt""","=""10""","=""0""","=""4""","=""Low""","=""false"""
"=""tàu du lịch đà nẵng quy nhơn""","=""10""","=""0""","=""7""","=""Low""","=""false"""
"=""tàu du lịch ở việt nam""","=""10""","=""0""","=""6""","=""Low""","=""false"""
"=""tàu lửa đà nẵng đà lạt""","=""10""","=""0.01""","=""6""","=""Medium""","=""false"""
"=""tàu quy nhơn phú yên""","=""10""","=""0.04""","=""5""","=""Medium""","=""true"""
"=""tàu vietage đà nẵng quy nhơn""","=""10""","=""0""","=""6""","=""Low""","=""false"""
"=""tây ninh việt travel""","=""10""","=""0""","=""4""","=""Low""","=""false"""
"=""tây đảo phú quốc""","=""10""","=""0""","=""4""","=""Low""","=""false"""
"=""tìm hiểu về du lịch phú quốc""","=""10""","=""0""","=""7""","=""High""","=""false"""
"=""tạp chí vietnam traveller""","=""10""","=""0""","=""4""","=""Low""","=""false"""
"=""tổng cục du lịch tphcm""","=""10""","=""0""","=""5""","=""Low""","=""false"""
"=""tổng cục du lịch vn""","=""10""","=""0""","=""5""","=""Low""","=""false"""
"=""united center phu quoc""","=""10""","=""0""","=""4""","=""Medium""","=""false"""
"=""viet traveloka""","=""10""","=""0.74""","=""2""","=""Medium""","=""true"""
"=""vietnam airline đà lạt""","=""10""","=""0.17""","=""4""","=""Low""","=""false"""
"=""vietnam airlines đà lạt""","=""10""","=""0.17""","=""4""","=""Low""","=""false"""
"=""vietnam tourist đà lạt""","=""10""","=""0""","=""4""","=""Low""","=""false"""
"=""vietravel chi nhánh cà mau""","=""10""","=""0""","=""5""","=""Medium""","=""false"""
"=""vietravel chi nhánh cần thơ""","=""10""","=""0""","=""5""","=""Low""","=""false"""
"=""vietravel chi nhánh huế""","=""10""","=""0""","=""4""","=""Low""","=""false"""
"=""vietravel cà mau tour phú quốc""","=""10""","=""0""","=""6""","=""Low""","=""false"""
"=""vietravel cần thơ phú quốc""","=""10""","=""0.16""","=""5""","=""Medium""","=""false"""
"=""vietravel cần thơ đà nẵng""","=""10""","=""0""","=""5""","=""Low""","=""false"""
"=""vietravel du lịch phú quốc""","=""10""","=""0.15""","=""5""","=""Medium""","=""false"""
"=""vietravel tour cà mau""","=""10""","=""0.29""","=""4""","=""Low""","=""false"""
"=""vietravel tour cần thơ""","=""10""","=""0.29""","=""4""","=""Medium""","=""false"""
"=""vietravel tour trong nước 2022 khởi hành từ hà nội""","=""10""","=""0""","=""10""","=""Low""","=""false"""
"=""vietravel tour vũng tàu""","=""10""","=""0.24""","=""4""","=""Low""","=""false"""
"=""vietsun travel cần thơ""","=""10""","=""0""","=""4""","=""Low""","=""false"""
"=""viettourist phú quốc""","=""10""","=""0.16""","=""3""","=""Medium""","=""false"""
"=""vinatourist hà nội""","=""10""","=""0""","=""3""","=""Low""","=""false"""
"=""vinh ha long viet nam""","=""10""","=""0""","=""5""","=""Low""","=""false"""
"=""vinh phú quốc vietnam airlines""","=""10""","=""0.02""","=""5""","=""Medium""","=""false"""
"=""vitm da nang""","=""10""","=""0""","=""3""","=""Low""","=""false"""
"=""vitm hanoi 2022""","=""10""","=""0""","=""3""","=""Low""","=""false"""
"=""vitm hà nội 2022""","=""10""","=""0""","=""4""","=""Low""","=""false"""
"=""vitm đà nẵng""","=""10""","=""0""","=""3""","=""Low""","=""false"""
"=""vitm đà nẵng 2022""","=""10""","=""0""","=""4""","=""Low""","=""false"""
"=""việt nam travelmart""","=""10""","=""0""","=""3""","=""Low""","=""false"""
"=""việt nam điểm đến""","=""10""","=""0""","=""4""","=""Low""","=""false"""
"=""việt thành condotel đà lạt""","=""10""","=""0""","=""5""","=""Low""","=""false"""
"=""vé máy bay hà nội đi đà lạt khứ hồi""","=""10""","=""0.02""","=""10""","=""Medium""","=""false"""
"=""vé máy bay hải phòng bangkok""","=""10""","=""0.12""","=""6""","=""High""","=""false"""
"=""vé máy bay sihanouk về việt nam""","=""10""","=""0""","=""7""","=""High""","=""false"""
"=""vé máy bay đi từ hà nội đến đà lạt""","=""10""","=""0""","=""10""","=""Medium""","=""false"""
"=""vé máy bay đi từ đà lạt đến hà nội""","=""10""","=""0.02""","=""10""","=""Medium""","=""false"""
"=""vé máy bay đi từ đà nẵng đến đà lạt""","=""10""","=""0.1""","=""10""","=""Medium""","=""false"""
"=""vé máy bay đi đà lạt khứ hồi vietnam airline""","=""10""","=""0""","=""10""","=""Low""","=""false"""
"=""vé máy bay đà lạt cam ranh""","=""10""","=""0.03""","=""7""","=""High""","=""false"""
"=""vé tam đảo""","=""10""","=""0""","=""3""","=""Low""","=""false"""
"=""vé tàu đi hà giang""","=""10""","=""0""","=""5""","=""Low""","=""false"""
"=""vé vào khu du lịch dũng tân thái nguyên""","=""10""","=""0""","=""9""","=""Low""","=""false"""
"=""vườn bonsai đà lạt""","=""10""","=""0""","=""4""","=""Low""","=""false"""
"=""xưởng thêu xq đà lạt""","=""10""","=""0""","=""5""","=""Medium""","=""false"""
"=""đi du lịch ở việt nam""","=""10""","=""0""","=""6""","=""Low""","=""false"""
"=""đi trà cổ quảng ninh""","=""10""","=""0""","=""5""","=""Low""","=""false"""
"=""đi tàu lửa đến đà lạt""","=""10""","=""0""","=""6""","=""Low""","=""false"""
"=""điểm du lịch hấp dẫn nhất việt nam""","=""10""","=""0""","=""8""","=""Low""","=""false"""
"=""điểm du lịch tại thái nguyên""","=""10""","=""0""","=""6""","=""Low""","=""false"""
"=""điểm du lịch tại việt nam""","=""10""","=""0""","=""6""","=""Medium""","=""false"""
"=""điểm du lịch tại đồng nai""","=""10""","=""0""","=""6""","=""Low""","=""false"""
"=""điểm du lịch đà nẵng 2022""","=""10""","=""0""","=""6""","=""Low""","=""false"""
"=""điểm du lịch đáng đi nhất việt nam""","=""10""","=""0""","=""8""","=""Low""","=""false"""
"=""điểm du lịch ở bắc kạn""","=""10""","=""0""","=""6""","=""Low""","=""false"""
"=""điểm du lịch ở tây nguyên""","=""10""","=""0""","=""6""","=""Low""","=""false"""
"=""điểm đến du lịch ở việt nam""","=""10""","=""0""","=""7""","=""Low""","=""false"""
"=""đà lạt nằm ở trên cao nguyên nào""","=""10""","=""0""","=""8""","=""Low""","=""false"""
"=""đà nẵng thanh travel""","=""10""","=""0""","=""4""","=""Low""","=""false"""
"=""đất việt tour đà lạt""","=""10""","=""0.18""","=""5""","=""Medium""","=""false"""
"=""đặt tour du lịch phú quốc vietravel""","=""10""","=""0""","=""7""","=""Medium""","=""false"""
"=""đặt tour du lịch vũng tàu""","=""10""","=""0.16""","=""6""","=""High""","=""false"""
"=""đặt vé bamboo đi đà lạt""","=""10""","=""0""","=""6""","=""Low""","=""false"""
"=""địa điểm biển đẹp ở việt nam""","=""10""","=""0""","=""7""","=""Low""","=""false"""
"=""địa điểm du lịch biển việt nam""","=""10""","=""0""","=""7""","=""Low""","=""false"""
"=""địa điểm du lịch biển ở việt nam""","=""10""","=""0""","=""8""","=""Low""","=""false"""
"=""địa điểm du lịch của việt nam""","=""10""","=""0""","=""7""","=""Low""","=""false"""
"=""địa điểm du lịch hot nhất việt nam""","=""10""","=""0""","=""8""","=""Low""","=""false"""
"=""địa điểm du lịch tại hạ long""","=""10""","=""0""","=""7""","=""Low""","=""false"""
"=""địa điểm du lịch tại hội an""","=""10""","=""0.1""","=""7""","=""Medium""","=""true"""
"=""địa điểm du lịch tại đồng nai""","=""10""","=""0""","=""7""","=""Low""","=""true"""
"=""địa điểm du lịch đáng đi nhất việt nam""","=""10""","=""0""","=""9""","=""Low""","=""false"""
"=""địa điểm du lịch ở tây nguyên""","=""10""","=""0""","=""7""","=""Low""","=""false"""
"=""địa điểm đẹp đồng nai""","=""10""","=""0""","=""5""","=""Low""","=""false"""
"=""đồng nai điểm đến""","=""10""","=""0""","=""4""","=""Low""","=""false"""
"=""tour cano 4 đảo phú quốc rooty trip""","=""0""","=""0""","=""8""","=""Low""","=""false"""
"=""tour châu âu 2022 từ hà nội""","=""0""","=""0""","=""7""","=""Low""","=""false"""
"=""du lịch hà tĩnh 2022""","=""0""","=""0""","=""5""","=""Low""","=""false"""
"=""giới thiệu khách sạn nikko hải phòng""","=""0""","=""0""","=""7""","=""Low""","=""false"""
"=""hd hotel 2 đà lạt""","=""0""","=""0""","=""5""","=""Low""","=""false"""
"=""lana home 2 đà lạt""","=""0""","=""0""","=""5""","=""Low""","=""false"""
"=""tour du lịch đảo jeju 2022 từ hà nội""","=""0""","=""0""","=""9""","=""Low""","=""false"""
"=""tour hàn quốc 2022 từ hà nội""","=""0""","=""0""","=""7""","=""Low""","=""false"""
"=""tour hàn quốc từ đà nẵng 2022""","=""0""","=""0""","=""7""","=""Low""","=""false"""
"=""tour nhật bản từ hà nội 2022""","=""0""","=""0""","=""7""","=""Low""","=""false"""
"=""tour phú quốc saigontourist 2022""","=""0""","=""0""","=""5""","=""Low""","=""false"""
"=""tua du lịch vinh phú quốc""","=""0""","=""0""","=""6""","=""Low""","=""false"""
"=""vitm danang 2022""","=""0""","=""0""","=""3""","=""Low""","=""false"""
"=""địa điểm du lịch đà nẵng 2022""","=""0""","=""0""","=""7""","=""Low""","=""false"""
